WINFUT;28/12/2023;18:20:00;176157,13;176254,37;176131,19;176144,16;995717369,20;28259
WINFUT;28/12/2023;18:15:00;176150,64;176196,02;176118,23;176157,13;1063907793,00;30199
WINFUT;28/12/2023;18:10:00;176157,13;176183,06;176072,85;176144,16;1191086533,00;33814
WINFUT;28/12/2023;18:05:00;176027,47;176163,61;175982,08;176163,61;1919847138,00;54519
WINFUT;28/12/2023;18:00:00;176072,85;176098,78;176001,53;176033,95;1453402939,00;41279
WINFUT;28/12/2023;17:55:00;176105,26;176131,19;176046,91;176072,85;1730913696,00;49149
WINFUT;28/12/2023;17:50:00;176176,58;176189,54;176105,26;176111,75;1897708204,00;53870
WINFUT;28/12/2023;17:45:00;176150,64;176221,96;176137,68;176183,06;2011719750,00;57093
WINFUT;28/12/2023;17:40:00;176053,40;176170,09;176040,43;176144,16;2963003058,00;84116
WINFUT;28/12/2023;17:35:00;176020,98;176072,85;176008,02;176046,91;1330873058,00;37798
WINFUT;28/12/2023;17:30:00;175982,08;176053,40;175962,64;176027,47;1553741840,00;44134
WINFUT;28/12/2023;17:25:00;176046,91;176072,85;175962,64;175982,08;1649326622,00;46853
WINFUT;28/12/2023;17:20:00;176020,98;176072,85;176008,02;176046,91;1300825402,00;36946
WINFUT;28/12/2023;17:15:00;175917,25;176059,88;175871,87;176020,98;3211517789,00;91247
WINFUT;28/12/2023;17:10:00;175995,05;176020,98;175852,42;175917,25;3765142443,00;107013
WINFUT;28/12/2023;17:05:00;175988,57;176020,98;175956,15;175995,05;1396860898,00;39686
WINFUT;28/12/2023;17:00:00;176066,36;176085,81;175962,64;175988,57;2494473399,00;70858
WINFUT;28/12/2023;16:55:00;176118,23;176124,71;176059,88;176072,85;1344166788,00;38166
WINFUT;28/12/2023;16:50:00;176066,36;176124,71;176027,47;176118,23;2038980871,00;57898
WINFUT;28/12/2023;16:45:00;176053,40;176092,30;175982,08;176059,88;2793475693,00;79348
WINFUT;28/12/2023;16:40:00;176085,81;176118,23;176033,95;176053,40;1759696820,00;49970
WINFUT;28/12/2023;16:35:00;176144,16;176157,13;176046,91;176085,81;2496125770,00;70876
WINFUT;28/12/2023;16:30:00;176118,23;176189,54;176092,30;176150,64;2337080046,00;66341
WINFUT;28/12/2023;16:25:00;176111,75;176170,09;176085,81;176111,75;1689526789,00;47963
WINFUT;28/12/2023;16:20:00;176124,71;176144,16;176085,81;176105,26;1288827774,00;36591
WINFUT;28/12/2023;16:15:00;176144,16;176170,09;176085,81;176124,71;2908644257,00;82573
WINFUT;28/12/2023;16:10:00;176183,06;176241,41;176131,19;176150,64;2919024594,00;82845
WINFUT;28/12/2023;16:05:00;176247,89;176254,37;176163,61;176183,06;1698281133,00;48190
WINFUT;28/12/2023;16:00:00;176202,51;176286,79;176150,64;176241,41;3079008441,00;87364
WINFUT;28/12/2023;15:55:00;176273,82;176312,72;176196,02;176208,99;2452672142,00;69574
WINFUT;28/12/2023;15:50:00;176241,41;176319,20;176228,44;176273,82;3032274101,00;86008
WINFUT;28/12/2023;15:45:00;176228,44;176267,34;176176,58;176234,92;2154057745,00;61115
WINFUT;28/12/2023;15:40:00;176280,30;176280,30;176176,58;176228,44;4109310005,00;116595
WINFUT;28/12/2023;15:35:00;176293,27;176345,13;176260,86;176273,82;2615550856,00;74178
WINFUT;28/12/2023;15:30:00;176267,34;176319,20;176254,37;176286,79;2395072406,00;67929
WINFUT;28/12/2023;15:25:00;176254,37;176286,79;176228,44;176267,34;1959194673,00;55578
WINFUT;28/12/2023;15:20:00;176163,61;176293,27;176157,13;176254,37;3423569357,00;97132
WINFUT;28/12/2023;15:15:00;176150,64;176202,51;176131,19;176163,61;2417107258,00;68603
WINFUT;28/12/2023;15:10:00;176020,98;176157,13;176001,53;176144,16;4685147869,00;133044
WINFUT;28/12/2023;15:05:00;175969,12;176033,95;175878,36;176020,98;3187729929,00;90585
WINFUT;28/12/2023;15:00:00;176150,64;176215,47;175878,36;175975,60;7272075264,00;206563
WINFUT;28/12/2023;14:55:00;176072,85;176150,64;176046,91;176150,64;2501677292,00;71030
WINFUT;28/12/2023;14:50:00;176020,98;176085,81;175975,60;176072,85;3389880567,00;96289
WINFUT;28/12/2023;14:45:00;176150,64;176170,09;176020,98;176027,47;2729807227,00;77514
WINFUT;28/12/2023;14:40:00;176144,16;176189,54;176105,26;176144,16;1980545304,00;56219
WINFUT;28/12/2023;14:35:00;176144,16;176183,06;176118,23;176144,16;1854302726,00;52633
WINFUT;28/12/2023;14:30:00;176020,98;176163,61;176001,53;176144,16;3424810108,00;97245
WINFUT;28/12/2023;14:25:00;176059,88;176072,85;176014,50;176027,47;1653901009,00;46975
WINFUT;28/12/2023;14:20:00;176202,51;176208,99;176020,98;176066,36;5082975627,00;144316
WINFUT;28/12/2023;14:15:00;176144,16;176267,34;176137,68;176208,99;3164138097,00;89776
WINFUT;28/12/2023;14:10:00;176137,68;176196,02;176124,71;176144,16;1679758565,00;47676
WINFUT;28/12/2023;14:05:00;176092,30;176196,02;176092,30;176137,68;2295574142,00;65160
WINFUT;28/12/2023;14:00:00;176072,85;176202,51;176066,36;176092,30;3805882201,00;108037
WINFUT;28/12/2023;13:55:00;176111,75;176124,71;176046,91;176079,33;2374402765,00;67423
WINFUT;28/12/2023;13:50:00;176176,58;176202,51;176059,88;176105,26;3169018853,00;89968
WINFUT;28/12/2023;13:45:00;176137,68;176189,54;176124,71;176183,06;1461282487,00;41477
WINFUT;28/12/2023;13:40:00;176183,06;176196,02;176124,71;176144,16;1660129889,00;47122
WINFUT;28/12/2023;13:35:00;176157,13;176208,99;176137,68;176183,06;2038757599,00;57865
WINFUT;28/12/2023;13:30:00;176208,99;176247,89;176150,64;176163,61;2077249577,00;58944
WINFUT;28/12/2023;13:25:00;176196,02;176247,89;176137,68;176215,47;3277202317,00;93002
WINFUT;28/12/2023;13:20:00;176267,34;176332,17;176170,09;176196,02;3360765808,00;95338
WINFUT;28/12/2023;13:15:00;176293,27;176312,72;176221,96;176273,82;3369871214,00;95593
WINFUT;28/12/2023;13:10:00;176338,65;176384,03;176280,30;176286,79;2178344297,00;61770
WINFUT;28/12/2023;13:05:00;176403,48;176442,38;176319,20;176345,13;2433090245,00;68976
WINFUT;28/12/2023;13:00:00;176409,96;176448,86;176338,65;176397,00;3599309384,00;102028
WINFUT;28/12/2023;12:55:00;176273,82;176448,86;176273,82;176416,45;4439753964,00;125858
WINFUT;28/12/2023;12:50:00;176371,07;176390,52;176241,41;176280,30;2880572009,00;81698
WINFUT;28/12/2023;12:45:00;176228,44;176384,03;176176,58;176371,07;5163758358,00;146445
WINFUT;28/12/2023;12:40:00;176176,58;176267,34;176131,19;176234,92;2539080433,00;72050
WINFUT;28/12/2023;12:35:00;176137,68;176234,92;176118,23;176176,58;2338929518,00;66378
WINFUT;28/12/2023;12:30:00;176234,92;176241,41;176105,26;176144,16;3719588341,00;105570
WINFUT;28/12/2023;12:25:00;176105,26;176254,37;176092,30;176228,44;3493673209,00;99143
WINFUT;28/12/2023;12:20:00;176105,26;176189,54;176053,40;176098,78;3079315403,00;87421
WINFUT;28/12/2023;12:15:00;176124,71;176183,06;176085,81;176111,75;3698322777,00;104987
WINFUT;28/12/2023;12:10:00;175975,60;176150,64;175969,12;176118,23;5576129337,00;158351
WINFUT;28/12/2023;12:05:00;175878,36;175975,60;175852,42;175975,60;2770497390,00;78748
WINFUT;28/12/2023;12:00:00;175936,70;175969,12;175839,46;175878,36;2701530980,00;76790
WINFUT;28/12/2023;11:55:00;175962,64;175975,60;175826,49;175943,19;3655179368,00;103901
WINFUT;28/12/2023;11:50:00;175852,42;176008,02;175826,49;175962,64;3766322826,00;107034
WINFUT;28/12/2023;11:45:00;175794,08;175969,12;175755,18;175858,91;4851564125,00;137927
WINFUT;28/12/2023;11:40:00;175962,64;176040,43;175755,18;175794,08;7430903084,00;211239
WINFUT;28/12/2023;11:35:00;175794,08;175982,08;175632,00;175969,12;8460470104,00;240636
WINFUT;28/12/2023;11:30:00;175910,77;176046,91;175755,18;175794,08;7380319453,00;209795
WINFUT;28/12/2023;11:25:00;176008,02;176008,02;175858,91;175910,77;3994308071,00;113521
WINFUT;28/12/2023;11:20:00;176008,02;176118,23;175988,57;176014,50;4030974552,00;114486
WINFUT;28/12/2023;11:15:00;175904,29;176046,91;175871,87;176008,02;3337891852,00;94849
WINFUT;28/12/2023;11:10:00;175949,67;175962,64;175865,39;175910,77;3807130917,00;108209
WINFUT;28/12/2023;11:05:00;175943,19;176059,88;175930,22;175956,15;4270640946,00;121328
WINFUT;28/12/2023;11:00:00;175845,94;175975,60;175845,94;175949,67;4331591427,00;123114
WINFUT;28/12/2023;10:55:00;175761,66;175897,80;175742,21;175839,46;3403841575,00;96789
WINFUT;28/12/2023;10:50:00;175884,84;175891,32;175735,73;175761,66;3763107938,00;107027
WINFUT;28/12/2023;10:45:00;175729,25;175904,29;175677,38;175878,36;5594101255,00;159104
WINFUT;28/12/2023;10:40:00;175904,29;175949,67;175729,25;175729,25;5503106427,00;156507
WINFUT;28/12/2023;10:35:00;175884,84;175923,74;175768,14;175904,29;5477250221,00;155734
WINFUT;28/12/2023;10:30:00;175949,67;176020,98;175845,94;175884,84;5969694336,00;169667
WINFUT;28/12/2023;10:25:00;176170,09;176176,58;175949,67;175949,67;4344018815,00;123374
WINFUT;28/12/2023;10:20:00;176014,50;176202,51;176014,50;176170,09;4512657857,00;128101
WINFUT;28/12/2023;10:15:00;176001,53;176124,71;175936,70;176014,50;6864271597,00;194965
WINFUT;28/12/2023;10:10:00;175813,53;176014,50;175787,59;176001,53;6807094571,00;193486
WINFUT;28/12/2023;10:05:00;175800,56;175820,01;175722,76;175807,04;2553899028,00;72647
WINFUT;28/12/2023;10:00:00;175761,66;175832,97;175722,76;175807,04;2754002651,00;78340
WINFUT;28/12/2023;09:55:00;175761,66;175807,04;175742,21;175761,66;1629711871,00;46358
WINFUT;28/12/2023;09:50:00;175768,14;175800,56;175742,21;175761,66;1550104322,00;44095
WINFUT;28/12/2023;09:45:00;175677,38;175774,63;175657,93;175761,66;2289823165,00;65152
WINFUT;28/12/2023;09:40:00;175670,90;175722,76;175651,45;175683,86;1437044062,00;40898
WINFUT;28/12/2023;09:35:00;175716,28;175722,76;175625,52;175670,90;2306947021,00;65662
WINFUT;28/12/2023;09:30:00;175638,48;175735,73;175599,59;175716,28;3824722147,00;108865
WINFUT;28/12/2023;09:25:00;175897,80;175917,25;175593,10;175638,48;6536156806,00;185953
WINFUT;28/12/2023;09:20:00;175969,12;176014,50;175871,87;175897,80;2630081878,00;74745
WINFUT;28/12/2023;09:15:00;175923,74;176053,40;175910,77;175975,60;3097752231,00;88006
WINFUT;28/12/2023;09:10:00;176001,53;176014,50;175871,87;175930,22;3924094884,00;111518
WINFUT;28/12/2023;09:05:00;176014,50;176118,23;175943,19;175995,05;3188590118,00;90573
WINFUT;28/12/2023;09:00:00;176053,40;176286,79;175930,22;176014,50;7265782631,00;206326
WINFUT;27/12/2023;18:20:00;176371,07;176468,31;176319,20;176429,41;1298625081,00;36811
WINFUT;27/12/2023;18:15:00;176312,72;176442,38;176306,24;176377,55;2117918115,00;60041
WINFUT;27/12/2023;18:10:00;176299,75;176332,17;176286,79;176306,24;1247650767,00;35382
WINFUT;27/12/2023;18:05:00;176280,30;176306,24;176260,86;176299,75;1092779366,00;30995
WINFUT;27/12/2023;18:00:00;176254,37;176299,75;176228,44;176286,79;1442352266,00;40915
WINFUT;27/12/2023;17:55:00;176176,58;176280,30;176170,09;176247,89;2772847676,00;78669
WINFUT;27/12/2023;17:50:00;176092,30;176170,09;176066,36;176170,09;2228675069,00;63272
WINFUT;27/12/2023;17:45:00;176105,26;176118,23;176079,33;176092,30;1378419836,00;39138
WINFUT;27/12/2023;17:40:00;176150,64;176150,64;176079,33;176098,78;2019735903,00;57344
WINFUT;27/12/2023;17:35:00;176157,13;176189,54;176137,68;176144,16;1942410105,00;55131
WINFUT;27/12/2023;17:30:00;176105,26;176176,58;176098,78;176163,61;1855686214,00;52675
WINFUT;27/12/2023;17:25:00;176079,33;176144,16;176040,43;176105,26;2622786200,00;74467
WINFUT;27/12/2023;17:20:00;176105,26;176131,19;176059,88;176079,33;1732105476,00;49181
WINFUT;27/12/2023;17:15:00;176059,88;176124,71;176059,88;176105,26;1869691840,00;53088
WINFUT;27/12/2023;17:10:00;176027,47;176105,26;176008,02;176066,36;2856453886,00;81122
WINFUT;27/12/2023;17:05:00;175904,29;176046,91;175871,87;176027,47;3271424461,00;92951
WINFUT;27/12/2023;17:00:00;175923,74;175930,22;175884,84;175904,29;1256543926,00;35716
WINFUT;27/12/2023;16:55:00;175852,42;175943,19;175839,46;175923,74;2565676110,00;72931
WINFUT;27/12/2023;16:50:00;176014,50;176020,98;175832,97;175852,42;4582893744,00;130255
WINFUT;27/12/2023;16:45:00;176020,98;176053,40;175988,57;176014,50;1611376007,00;45771
WINFUT;27/12/2023;16:40:00;176001,53;176072,85;175982,08;176027,47;2074642889,00;58928
WINFUT;27/12/2023;16:35:00;176014,50;176040,43;175982,08;176001,53;1335016823,00;37924
WINFUT;27/12/2023;16:30:00;176040,43;176046,91;175982,08;176020,98;2719242125,00;77247
WINFUT;27/12/2023;16:25:00;175969,12;176072,85;175930,22;176040,43;4126407434,00;117211
WINFUT;27/12/2023;16:20:00;176001,53;176008,02;175930,22;175969,12;2728542960,00;77533
WINFUT;27/12/2023;16:15:00;175878,36;176008,02;175839,46;176001,53;3892946894,00;110630
WINFUT;27/12/2023;16:10:00;175852,42;175917,25;175820,01;175878,36;4105406420,00;116713
WINFUT;27/12/2023;16:05:00;175774,63;175884,84;175729,25;175858,91;4066784863,00;115660
WINFUT;27/12/2023;16:00:00;175858,91;175865,39;175748,69;175781,11;7219078162,00;205326
WINFUT;27/12/2023;15:55:00;175936,70;175962,64;175845,94;175858,91;2868107882,00;81523
WINFUT;27/12/2023;15:50:00;175930,22;175988,57;175923,74;175936,70;2466467345,00;70085
WINFUT;27/12/2023;15:45:00;175930,22;175988,57;175884,84;175930,22;3241292403,00;92113
WINFUT;27/12/2023;15:40:00;175904,29;175936,70;175891,32;175923,74;1531292685,00;43523
WINFUT;27/12/2023;15:35:00;175917,25;175936,70;175865,39;175904,29;2240039395,00;63675
WINFUT;27/12/2023;15:30:00;175910,77;175943,19;175865,39;175917,25;3527146966,00;100258
WINFUT;27/12/2023;15:25:00;175962,64;175969,12;175897,80;175910,77;4180871098,00;118818
WINFUT;27/12/2023;15:20:00;176105,26;176118,23;175956,15;175969,12;4774932889,00;135637
WINFUT;27/12/2023;15:15:00;176183,06;176196,02;176085,81;176105,26;3358302068,00;95332
WINFUT;27/12/2023;15:10:00;176150,64;176208,99;176111,75;176183,06;4112907752,00;116733
WINFUT;27/12/2023;15:05:00;176150,64;176176,58;176118,23;176150,64;3276460375,00;93003
WINFUT;27/12/2023;15:00:00;176027,47;176196,02;176020,98;176150,64;4227265602,00;120005
WINFUT;27/12/2023;14:55:00;176046,91;176085,81;176008,02;176027,47;1913325625,00;54340
WINFUT;27/12/2023;14:50:00;176066,36;176066,36;176020,98;176046,91;1415792621,00;40211
WINFUT;27/12/2023;14:45:00;176020,98;176072,85;176001,53;176059,88;1882565712,00;53472
WINFUT;27/12/2023;14:40:00;176079,33;176085,81;175982,08;176027,47;3160272418,00;89766
WINFUT;27/12/2023;14:35:00;176059,88;176079,33;176020,98;176072,85;1562992082,00;44390
WINFUT;27/12/2023;14:30:00;176053,40;176092,30;176040,43;176059,88;1474596878,00;41874
WINFUT;27/12/2023;14:25:00;176053,40;176072,85;176040,43;176059,88;832214784,20;23635
WINFUT;27/12/2023;14:20:00;176085,81;176098,78;176027,47;176053,40;2058288732,00;58452
WINFUT;27/12/2023;14:15:00;176066,36;176092,30;176008,02;176085,81;2778993311,00;78928
WINFUT;27/12/2023;14:10:00;176118,23;176124,71;176040,43;176066,36;2090040955,00;59353
WINFUT;27/12/2023;14:05:00;176124,71;176163,61;176092,30;176118,23;1687822785,00;47914
WINFUT;27/12/2023;14:00:00;176105,26;176150,64;176085,81;176124,71;2050656251,00;58220
WINFUT;27/12/2023;13:55:00;176072,85;176118,23;176020,98;176105,26;2617099063,00;74317
WINFUT;27/12/2023;13:50:00;176189,54;176196,02;176046,91;176066,36;4430285000,00;125780
WINFUT;27/12/2023;13:45:00;176215,47;176254,37;176176,58;176196,02;1810952507,00;51386
WINFUT;27/12/2023;13:40:00;176170,09;176260,86;176150,64;176215,47;2958206931,00;83938
WINFUT;27/12/2023;13:35:00;176137,68;176183,06;176137,68;176163,61;1632246857,00;46328
WINFUT;27/12/2023;13:30:00;176079,33;176215,47;176066,36;176144,16;3784206251,00;107411
WINFUT;27/12/2023;13:25:00;176079,33;176105,26;176053,40;176079,33;1626483210,00;46186
WINFUT;27/12/2023;13:20:00;176085,81;176131,19;176072,85;176079,33;1726254165,00;49010
WINFUT;27/12/2023;13:15:00;176046,91;176111,75;176040,43;176085,81;2020452860,00;57373
WINFUT;27/12/2023;13:10:00;176046,91;176072,85;176020,98;176046,91;1305382435,00;37075
WINFUT;27/12/2023;13:05:00;176072,85;176098,78;176033,95;176046,91;1906396667,00;54141
WINFUT;27/12/2023;13:00:00;176111,75;176124,71;176046,91;176072,85;2574743145,00;73114
WINFUT;27/12/2023;12:55:00;176111,75;176144,16;176085,81;176111,75;1918865163,00;54477
WINFUT;27/12/2023;12:50:00;176020,98;176144,16;176014,50;176111,75;3902402625,00;110802
WINFUT;27/12/2023;12:45:00;176040,43;176066,36;176008,02;176020,98;1861137602,00;52862
WINFUT;27/12/2023;12:40:00;175995,05;176079,33;175949,67;176040,43;4204303665,00;119435
WINFUT;27/12/2023;12:35:00;176033,95;176053,40;175982,08;175995,05;2394941837,00;68033
WINFUT;27/12/2023;12:30:00;176008,02;176059,88;175969,12;176027,47;2911417826,00;82702
WINFUT;27/12/2023;12:25:00;175962,64;176040,43;175962,64;176008,02;3436953790,00;97637
WINFUT;27/12/2023;12:20:00;175794,08;176001,53;175774,63;175969,12;7306717699,00;207675
WINFUT;27/12/2023;12:15:00;175755,18;175826,49;175729,25;175800,56;3404528068,00;96839
WINFUT;27/12/2023;12:10:00;175800,56;175852,42;175690,35;175755,18;5076657399,00;144405
WINFUT;27/12/2023;12:05:00;175690,35;175826,49;175683,86;175800,56;5104748864,00;145202
WINFUT;27/12/2023;12:00:00;175593,10;175709,80;175580,14;175683,86;4027896982,00;114655
WINFUT;27/12/2023;11:55:00;175696,83;175755,18;175593,10;175599,59;5428735392,00;154501
WINFUT;27/12/2023;11:50:00;175612,55;175735,73;175606,07;175690,35;5337122400,00;151905
WINFUT;27/12/2023;11:45:00;175450,48;175612,55;175424,54;175612,55;5045753390,00;143722
WINFUT;27/12/2023;11:40:00;175366,20;175554,20;175327,30;175450,48;5558354218,00;158390
WINFUT;27/12/2023;11:35:00;175443,99;175463,44;175307,85;175372,68;5413993784,00;154355
WINFUT;27/12/2023;11:30:00;175392,13;175521,79;175340,26;175443,99;7024040850,00;200200
WINFUT;27/12/2023;11:25:00;175534,75;175567,17;175385,64;175398,61;4708708873,00;134176
WINFUT;27/12/2023;11:20:00;175580,14;175638,48;175495,86;175534,75;4157961218,00;118417
WINFUT;27/12/2023;11:15:00;175644,97;175716,28;175489,37;175586,62;7615172221,00;216819
WINFUT;27/12/2023;11:10:00;175482,89;175683,86;175456,96;175638,48;7698876054,00;219236
WINFUT;27/12/2023;11:05:00;175431,03;175489,37;175385,64;175482,89;4320331001,00;123125
WINFUT;27/12/2023;11:00:00;175424,54;175443,99;175281,92;175437,51;7109075372,00;202698
WINFUT;27/12/2023;10:55:00;175476,41;175502,34;175418,06;175424,54;2697184097,00;76862
WINFUT;27/12/2023;10:50:00;175469,92;175508,82;175411,58;175482,89;4588793804,00;130763
WINFUT;27/12/2023;10:45:00;175385,64;175489,37;175340,26;175463,44;4861357815,00;138572
WINFUT;27/12/2023;10:40:00;175268,95;175405,09;175249,50;175392,13;4178512309,00;119147
WINFUT;27/12/2023;10:35:00;175346,75;175353,23;175249,50;175268,95;2864011807,00;81689
WINFUT;27/12/2023;10:30:00;175268,95;175372,68;175210,60;175346,75;4239535471,00;120921
WINFUT;27/12/2023;10:25:00;175288,40;175301,37;175191,15;175268,95;3801848508,00;108473
WINFUT;27/12/2023;10:20:00;175281,92;175346,75;175262,47;175288,40;2635797422,00;75176
WINFUT;27/12/2023;10:15:00;175294,88;175346,75;175255,98;175275,43;2966956789,00;84626
WINFUT;27/12/2023;10:10:00;175197,64;175333,78;175158,74;175294,88;8257022286,00;235567
WINFUT;27/12/2023;10:05:00;175178,19;175223,57;175132,81;175197,64;3859247775,00;110155
WINFUT;27/12/2023;10:00:00;175230,05;175243,02;175145,77;175178,19;4363427715,00;124532
WINFUT;27/12/2023;09:55:00;175223,57;175255,98;175197,64;175230,05;2291829522,00;65396
WINFUT;27/12/2023;09:50:00;175281,92;175294,88;175204,12;175223,57;2730299961,00;77902
WINFUT;27/12/2023;09:45:00;175353,23;175359,71;175243,02;175281,92;4146707450,00;118273
WINFUT;27/12/2023;09:40:00;175443,99;175450,48;175346,75;175353,23;2386904458,00;68046
WINFUT;27/12/2023;09:35:00;175431,03;175463,44;175398,61;175443,99;1953067785,00;55665
WINFUT;27/12/2023;09:30:00;175489,37;175502,34;175411,58;175437,51;2527375436,00;72025
WINFUT;27/12/2023;09:25:00;175469,92;175495,86;175437,51;175489,37;2101951246,00;59896
WINFUT;27/12/2023;09:20:00;175521,79;175547,72;175450,48;175469,92;2546247659,00;72542
WINFUT;27/12/2023;09:15:00;175515,31;175580,14;175489,37;175521,79;2861832031,00;81518
WINFUT;27/12/2023;09:10:00;175573,65;175625,52;175508,82;175515,31;3625548630,00;103253
WINFUT;27/12/2023;09:05:00;175781,11;175839,46;175567,17;175567,17;4598521688,00;130874
WINFUT;27/12/2023;09:00:00;175560,69;175891,32;175554,20;175781,11;6459000061,00;183727
WINFUT;26/12/2023;18:20:00;175703,31;175709,80;175632,00;175664,42;1239878301,00;35291
WINFUT;26/12/2023;18:15:00;175580,14;175755,18;175567,17;175703,31;2667134340,00;75910
WINFUT;26/12/2023;18:10:00;175528,27;175606,07;175515,31;175580,14;1231999498,00;35087
WINFUT;26/12/2023;18:05:00;175528,27;175554,20;175502,34;175521,79;1086680780,00;30955
WINFUT;26/12/2023;18:00:00;175554,20;175573,65;175508,82;175528,27;891924359,80;25405
WINFUT;26/12/2023;17:55:00;175495,86;175580,14;175495,86;175547,72;1636477757,00;46611
WINFUT;26/12/2023;17:50:00;175521,79;175541,24;175469,92;175495,86;1818265832,00;51800
WINFUT;26/12/2023;17:45:00;175547,72;175573,65;175515,31;175528,27;1573572515,00;44819
WINFUT;26/12/2023;17:40:00;175528,27;175554,20;175482,89;175554,20;1644692738,00;46853
WINFUT;26/12/2023;17:35:00;175560,69;175599,59;175495,86;175521,79;2464435898,00;70195
WINFUT;26/12/2023;17:30:00;175580,14;175606,07;175547,72;175560,69;1719813274,00;48978
WINFUT;26/12/2023;17:25:00;175508,82;175599,59;175508,82;175573,65;2695465451,00;76765
WINFUT;26/12/2023;17:20:00;175456,96;175528,27;175443,99;175515,31;1971796306,00;56178
WINFUT;26/12/2023;17:15:00;175508,82;175508,82;175431,03;175456,96;2078671028,00;59234
WINFUT;26/12/2023;17:10:00;175495,86;175534,75;175463,44;175515,31;1811547645,00;51611
WINFUT;26/12/2023;17:05:00;175379,16;175515,31;175366,20;175495,86;3494607540,00;99582
WINFUT;26/12/2023;17:00:00;175424,54;175424,54;175307,85;175372,68;3484656554,00;99362
WINFUT;26/12/2023;16:55:00;175431,03;175463,44;175392,13;175424,54;1870822974,00;53321
WINFUT;26/12/2023;16:50:00;175372,68;175437,51;175327,30;175424,54;2867652978,00;81752
WINFUT;26/12/2023;16:45:00;175314,33;175385,64;175281,92;175372,68;2658547949,00;75812
WINFUT;26/12/2023;16:40:00;175301,37;175320,81;175262,47;175314,33;2138832899,00;61009
WINFUT;26/12/2023;16:35:00;175236,53;175327,30;175210,60;175301,37;2533760471,00;72284
WINFUT;26/12/2023;16:30:00;175210,60;175288,40;175197,64;175236,53;2968482054,00;84692
WINFUT;26/12/2023;16:25:00;175294,88;175307,85;175210,60;175217,09;3398589157,00;96960
WINFUT;26/12/2023;16:20:00;175411,58;175418,06;175281,92;175294,88;3802328241,00;108432
WINFUT;26/12/2023;16:15:00;175424,54;175456,96;175398,61;175418,06;1536765587,00;43801
WINFUT;26/12/2023;16:10:00;175450,48;175482,89;175418,06;175424,54;2235935621,00;63716
WINFUT;26/12/2023;16:05:00;175431,03;175450,48;175392,13;175450,48;1321222181,00;37659
WINFUT;26/12/2023;16:00:00;175346,75;175450,48;175320,81;175431,03;2990782961,00;85260
WINFUT;26/12/2023;15:55:00;175405,09;175418,06;175314,33;175353,23;2774028487,00;79096
WINFUT;26/12/2023;15:50:00;175450,48;175476,41;175392,13;175411,58;1720304045,00;49031
WINFUT;26/12/2023;15:45:00;175456,96;175489,37;175437,51;175450,48;909392311,10;25914
WINFUT;26/12/2023;15:40:00;175463,44;175502,34;175437,51;175463,44;1872104975,00;53346
WINFUT;26/12/2023;15:35:00;175437,51;175476,41;175398,61;175463,44;1755224068,00;50025
WINFUT;26/12/2023;15:30:00;175424,54;175482,89;175424,54;175437,51;1578688514,00;44988
WINFUT;26/12/2023;15:25:00;175450,48;175456,96;175392,13;175424,54;1851708751,00;52779
WINFUT;26/12/2023;15:20:00;175340,26;175476,41;175327,30;175450,48;3115863947,00;88815
WINFUT;26/12/2023;15:15:00;175437,51;175443,99;175327,30;175346,75;3500850994,00;99814
WINFUT;26/12/2023;15:10:00;175495,86;175508,82;175431,03;175431,03;2505712957,00;71401
WINFUT;26/12/2023;15:05:00;175476,41;175534,75;175476,41;175489,37;2189093687,00;62366
WINFUT;26/12/2023;15:00:00;175379,16;175495,86;175379,16;175482,89;2830538790,00;80664
WINFUT;26/12/2023;14:55:00;175482,89;175489,37;175359,71;175379,16;3698356686,00;105416
WINFUT;26/12/2023;14:50:00;175541,24;175547,72;175463,44;175482,89;2084676086,00;59395
WINFUT;26/12/2023;14:45:00;175554,20;175567,17;175515,31;175541,24;1065797369,00;30358
WINFUT;26/12/2023;14:40:00;175534,75;175573,65;175508,82;175554,20;1554303970,00;44270
WINFUT;26/12/2023;14:35:00;175541,24;175554,20;175482,89;175528,27;2377434078,00;67728
WINFUT;26/12/2023;14:30:00;175560,69;175586,62;175528,27;175541,24;1368010392,00;38963
WINFUT;26/12/2023;14:25:00;175586,62;175599,59;175521,79;175554,20;2080634939,00;59257
WINFUT;26/12/2023;14:20:00;175638,48;175644,97;175586,62;175586,62;1689371694,00;48100
WINFUT;26/12/2023;14:15:00;175632,00;175690,35;175580,14;175632,00;3232005578,00;92004
WINFUT;26/12/2023;14:10:00;175521,79;175664,42;175521,79;175632,00;4223421477,00;120259
WINFUT;26/12/2023;14:05:00;175515,31;175528,27;175482,89;175521,79;979546334,30;27906
WINFUT;26/12/2023;14:00:00;175528,27;175541,24;175495,86;175515,31;1204517358,00;34313
WINFUT;26/12/2023;13:55:00;175495,86;175534,75;175469,92;175534,75;1197512978,00;34116
WINFUT;26/12/2023;13:50:00;175469,92;175508,82;175469,92;175489,37;791799591,20;22560
WINFUT;26/12/2023;13:45:00;175476,41;175502,34;175463,44;175476,41;718848209,40;20482
WINFUT;26/12/2023;13:40:00;175482,89;175502,34;175463,44;175482,89;1021562870,00;29107
WINFUT;26/12/2023;13:35:00;175431,03;175521,79;175431,03;175482,89;1893075522,00;53937
WINFUT;26/12/2023;13:30:00;175482,89;175489,37;175398,61;175437,51;1916427057,00;54619
WINFUT;26/12/2023;13:25:00;175463,44;175495,86;175437,51;175482,89;1270464568,00;36203
WINFUT;26/12/2023;13:20:00;175476,41;175502,34;175443,99;175456,96;1429383068,00;40730
WINFUT;26/12/2023;13:15:00;175541,24;175547,72;175469,92;175476,41;1459216990,00;41573
WINFUT;26/12/2023;13:10:00;175508,82;175560,69;175489,37;175547,72;1316336877,00;37496
WINFUT;26/12/2023;13:05:00;175482,89;175521,79;175469,92;175508,82;973506381,50;27736
WINFUT;26/12/2023;13:00:00;175489,37;175502,34;175456,96;175476,41;1071954384,00;30544
WINFUT;26/12/2023;12:55:00;175489,37;175528,27;175476,41;175495,86;1346568311,00;38363
WINFUT;26/12/2023;12:50:00;175508,82;175508,82;175450,48;175489,37;1240190882,00;35338
WINFUT;26/12/2023;12:45:00;175534,75;175547,72;175456,96;175502,34;1657147285,00;47214
WINFUT;26/12/2023;12:40:00;175534,75;175586,62;175489,37;175534,75;1759177622,00;50110
WINFUT;26/12/2023;12:35:00;175469,92;175586,62;175463,44;175534,75;2767036281,00;78818
WINFUT;26/12/2023;12:30:00;175463,44;175521,79;175456,96;175469,92;1605274084,00;45737
WINFUT;26/12/2023;12:25:00;175476,41;175515,31;175424,54;175469,92;1978516969,00;56379
WINFUT;26/12/2023;12:20:00;175482,89;175502,34;175437,51;175469,92;2390558515,00;68119
WINFUT;26/12/2023;12:15:00;175528,27;175638,48;175482,89;175482,89;4550285872,00;129588
WINFUT;26/12/2023;12:10:00;175482,89;175528,27;175456,96;175521,79;2011787411,00;57319
WINFUT;26/12/2023;12:05:00;175502,34;175554,20;175476,41;175482,89;3665224062,00;104416
WINFUT;26/12/2023;12:00:00;175353,23;175547,72;175307,85;175495,86;5449644602,00;155320
WINFUT;26/12/2023;11:55:00;175158,74;175385,64;175145,77;175359,71;5584674030,00;159283
WINFUT;26/12/2023;11:50:00;175035,56;175158,74;174996,66;175158,74;3813680443,00;108909
WINFUT;26/12/2023;11:45:00;175178,19;175191,15;175009,63;175035,56;5032632385,00;143708
WINFUT;26/12/2023;11:40:00;175230,05;175314,33;175178,19;175178,19;4629679796,00;132086
WINFUT;26/12/2023;11:35:00;175132,81;175249,50;175067,98;175223,57;4666745733,00;133220
WINFUT;26/12/2023;11:30:00;175119,84;175171,70;174977,21;175126,32;7542182494,00;215400
WINFUT;26/12/2023;11:25:00;175132,81;175171,70;175087,43;175113,36;2356597032,00;67285
WINFUT;26/12/2023;11:20:00;175145,77;175255,98;175132,81;175139,29;3456249963,00;98643
WINFUT;26/12/2023;11:15:00;175145,77;175165,22;175080,94;175145,77;2713627120,00;77479
WINFUT;26/12/2023;11:10:00;175119,84;175210,60;175106,87;175145,77;2236805517,00;63846
WINFUT;26/12/2023;11:05:00;175171,70;175191,15;175106,87;175126,32;2200240680,00;62811
WINFUT;26/12/2023;11:00:00;175353,23;175372,68;175100,39;175165,22;5357784489,00;152883
WINFUT;26/12/2023;10:55:00;175333,78;175456,96;175307,85;175346,75;4670985824,00;133162
WINFUT;26/12/2023;10:50:00;175152,26;175359,71;175132,81;175340,26;4444782615,00;126809
WINFUT;26/12/2023;10:45:00;175087,43;175191,15;175087,43;175152,26;3187938592,00;91010
WINFUT;26/12/2023;10:40:00;175067,98;175113,36;175042,04;175093,91;2312866375,00;66051
WINFUT;26/12/2023;10:35:00;175249,50;175288,40;175042,04;175061,49;4692618055,00;133968
WINFUT;26/12/2023;10:30:00;175288,40;175353,23;175210,60;175243,02;3039853914,00;86712
WINFUT;26/12/2023;10:25:00;175353,23;175366,20;175262,47;175288,40;4295821173,00;122519
WINFUT;26/12/2023;10:20:00;175139,29;175359,71;175106,87;175359,71;6175706678,00;176259
WINFUT;26/12/2023;10:15:00;175061,49;175145,77;174983,70;175139,29;4778055281,00;136474
WINFUT;26/12/2023;10:10:00;174867,00;175126,32;174867,00;175067,98;6753018978,00;192916
WINFUT;26/12/2023;10:05:00;174892,93;174918,87;174841,07;174867,00;2230684269,00;63778
WINFUT;26/12/2023;10:00:00;174931,83;174977,21;174879,97;174892,93;2804280249,00;80160
WINFUT;26/12/2023;09:55:00;174854,04;174964,25;174847,55;174931,83;2740424399,00;78331
WINFUT;26/12/2023;09:50:00;174828,10;174886,45;174821,62;174847,55;1934353206,00;55312
WINFUT;26/12/2023;09:45:00;174808,65;174860,52;174789,21;174834,59;2655205840,00;75939
WINFUT;26/12/2023;09:40:00;174743,82;174828,10;174691,96;174808,65;2570930477,00;73557
WINFUT;26/12/2023;09:35:00;174717,89;174828,10;174711,41;174737,34;3399087808,00;97246
WINFUT;26/12/2023;09:30:00;174698,44;174717,89;174659,54;174717,89;1510403199,00;43231
WINFUT;26/12/2023;09:25:00;174614,16;174724,37;174568,78;174691,96;2643179240,00;75667
WINFUT;26/12/2023;09:20:00;174575,26;174698,44;174562,30;174614,16;2477033582,00;70916
WINFUT;26/12/2023;09:15:00;174562,30;174640,10;174555,82;174575,26;1446908607,00;41433
WINFUT;26/12/2023;09:10:00;174594,71;174640,10;174549,33;174568,78;1233941619,00;35339
WINFUT;26/12/2023;09:05:00;174711,41;174743,82;174523,40;174594,71;3335575611,00;95511
WINFUT;26/12/2023;09:00:00;174730,86;174756,79;174419,67;174717,89;4807218666,00;137652
WINFUT;22/12/2023;18:20:00;174640,10;174653,06;174387,26;174387,26;1011577551,00;28981
WINFUT;22/12/2023;18:15:00;174588,23;174685,48;174562,30;174646,58;1411311209,00;40413
WINFUT;22/12/2023;18:10:00;174536,37;174614,16;174490,99;174575,26;1485717912,00;42559
WINFUT;22/12/2023;18:05:00;174445,60;174575,26;174445,60;174529,88;2012956280,00;57670
WINFUT;22/12/2023;18:00:00;174406,71;174478,02;174400,22;174445,60;1309639289,00;37537
WINFUT;22/12/2023;17:55:00;174341,88;174445,60;174335,39;174400,22;2067095653,00;59261
WINFUT;22/12/2023;17:50:00;174238,15;174361,32;174212,21;174341,88;2246478367,00;64438
WINFUT;22/12/2023;17:45:00;174322,43;174341,88;174218,70;174238,15;1962190782,00;56294
WINFUT;22/12/2023;17:40:00;174251,11;174328,91;174212,21;174322,43;1929216148,00;55353
WINFUT;22/12/2023;17:35:00;174257,60;174348,36;174225,18;174251,11;2552721528,00;73237
WINFUT;22/12/2023;17:30:00;174380,77;174380,77;174257,60;174264,08;2412264839,00;69191
WINFUT;22/12/2023;17:25:00;174426,16;174439,12;174341,88;174380,77;2103372231,00;60306
WINFUT;22/12/2023;17:20:00;174413,19;174503,95;174393,74;174432,64;3115070235,00;89282
WINFUT;22/12/2023;17:15:00;174497,47;174497,47;174400,22;174419,67;2251368435,00;64529
WINFUT;22/12/2023;17:10:00;174458,57;174523,40;174445,60;174497,47;1786277677,00;51185
WINFUT;22/12/2023;17:05:00;174562,30;174601,20;174458,57;174465,05;2160172127,00;61891
WINFUT;22/12/2023;17:00:00;174568,78;174620,65;174516,92;174562,30;2595683984,00;74345
WINFUT;22/12/2023;16:55:00;174568,78;174588,23;174536,37;174562,30;1569329315,00;44952
WINFUT;22/12/2023;16:50:00;174536,37;174627,13;174465,05;174562,30;3643433766,00;104362
WINFUT;22/12/2023;16:45:00;174490,99;174542,85;174458,57;174529,88;2798442860,00;80183
WINFUT;22/12/2023;16:40:00;174367,81;174510,43;174354,84;174497,47;3933601159,00;112740
WINFUT;22/12/2023;16:35:00;174218,70;174400,22;174186,28;174374,29;3684720242,00;105690
WINFUT;22/12/2023;16:30:00;174205,73;174302,98;174108,49;174212,21;5232316721,00;150177
WINFUT;22/12/2023;16:25:00;174231,66;174264,08;174147,38;174205,73;3906765077,00;112134
WINFUT;22/12/2023;16:20:00;174393,74;174458,57;174166,83;174231,66;5557599954,00;159423
WINFUT;22/12/2023;16:15:00;174419,67;174432,64;174270,56;174393,74;4607107729,00;132116
WINFUT;22/12/2023;16:10:00;174419,67;174458,57;174361,32;174419,67;2851260885,00;81743
WINFUT;22/12/2023;16:05:00;174510,43;174529,88;174328,91;174419,67;6346307205,00;181927
WINFUT;22/12/2023;16:00:00;174542,85;174555,82;174458,57;174503,95;3390234318,00;97139
WINFUT;22/12/2023;15:55:00;174523,40;174588,23;174490,99;174549,33;2335593155,00;66901
WINFUT;22/12/2023;15:50:00;174516,92;174542,85;174471,54;174529,88;1463951879,00;41945
WINFUT;22/12/2023;15:45:00;174503,95;174555,82;174465,05;174516,92;2213732205,00;63426
WINFUT;22/12/2023;15:40:00;174555,82;174568,78;174452,09;174510,43;3818884266,00;109419
WINFUT;22/12/2023;15:35:00;174594,71;174620,65;174536,37;174562,30;1695442746,00;48558
WINFUT;22/12/2023;15:30:00;174568,78;174633,61;174542,85;174594,71;1993888566,00;57102
WINFUT;22/12/2023;15:25:00;174555,82;174633,61;174542,85;174562,30;2236254557,00;64042
WINFUT;22/12/2023;15:20:00;174588,23;174620,65;174536,37;174562,30;2186780169,00;62628
WINFUT;22/12/2023;15:15:00;174646,58;174646,58;174555,82;174588,23;3163079173,00;90580
WINFUT;22/12/2023;15:10:00;174691,96;174711,41;174627,13;174640,10;2423453028,00;69375
WINFUT;22/12/2023;15:05:00;174717,89;174756,79;174678,99;174691,96;2522700314,00;72196
WINFUT;22/12/2023;15:00:00;174899,42;174899,42;174711,41;174717,89;4085141662,00;116865
WINFUT;22/12/2023;14:55:00;174905,90;174925,35;174841,07;174905,90;2359284290,00;67453
WINFUT;22/12/2023;14:50:00;174860,52;174905,90;174808,65;174899,42;2564006162,00;73319
WINFUT;22/12/2023;14:45:00;174879,97;174938,32;174834,59;174860,52;3419007667,00;97752
WINFUT;22/12/2023;14:40:00;174802,17;174886,45;174789,21;174879,97;2276625647,00;65106
WINFUT;22/12/2023;14:35:00;174756,79;174828,10;174737,34;174802,17;1926595483,00;55113
WINFUT;22/12/2023;14:30:00;174834,59;174879,97;174717,89;174756,79;3496721026,00;100029
WINFUT;22/12/2023;14:25:00;174854,04;174860,52;174782,72;174834,59;1885439620,00;53924
WINFUT;22/12/2023;14:20:00;174756,79;174892,93;174743,82;174847,55;5015889151,00;143447
WINFUT;22/12/2023;14:15:00;174711,41;174789,21;174691,96;174750,31;3532913489,00;101087
WINFUT;22/12/2023;14:10:00;174607,68;174717,89;174542,85;174704,93;3429233480,00;98191
WINFUT;22/12/2023;14:05:00;174666,03;174737,34;174588,23;174614,16;3281911723,00;93951
WINFUT;22/12/2023;14:00:00;174588,23;174724,37;174575,26;174666,03;4067236275,00;116433
WINFUT;22/12/2023;13:55:00;174529,88;174607,68;174523,40;174588,23;2850199152,00;81635
WINFUT;22/12/2023;13:50:00;174445,60;174542,85;174439,12;174523,40;2568375007,00;73592
WINFUT;22/12/2023;13:45:00;174542,85;174562,30;174419,67;174452,09;3693213699,00;105830
WINFUT;22/12/2023;13:40:00;174575,26;174588,23;174516,92;174542,85;1903777000,00;54535
WINFUT;22/12/2023;13:35:00;174640,10;174640,10;174536,37;174581,75;3279428235,00;93923
WINFUT;22/12/2023;13:30:00;174633,61;174756,79;174633,61;174633,61;4068726711,00;116455
WINFUT;22/12/2023;13:25:00;174523,40;174666,03;174503,95;174633,61;3956696900,00;113296
WINFUT;22/12/2023;13:20:00;174549,33;174607,68;174484,50;174523,40;2774724208,00;79488
WINFUT;22/12/2023;13:15:00;174490,99;174601,20;174465,05;174555,82;4684183821,00;134186
WINFUT;22/12/2023;13:10:00;174244,63;174503,95;174244,63;174490,99;6038934997,00;173136
WINFUT;22/12/2023;13:05:00;174205,73;174296,49;174179,80;174251,11;2585188176,00;74188
WINFUT;22/12/2023;13:00:00;174199,25;174283,53;174121,45;174205,73;3512281619,00;100803
WINFUT;22/12/2023;12:55:00;174238,15;174257,60;174108,49;174192,77;3817255480,00;109576
WINFUT;22/12/2023;12:50:00;174270,56;174309,46;174218,70;174238,15;1887492875,00;54158
WINFUT;22/12/2023;12:45:00;174309,46;174348,36;174212,21;174264,08;2905370054,00;83356
WINFUT;22/12/2023;12:40:00;174296,49;174367,81;174231,66;174315,94;3913464899,00;112255
WINFUT;22/12/2023;12:35:00;174238,15;174309,46;174173,32;174296,49;3482152803,00;99917
WINFUT;22/12/2023;12:30:00;174179,80;174309,46;174140,90;174238,15;3730727607,00;107066
WINFUT;22/12/2023;12:25:00;174134,42;174257,60;174095,52;174173,32;3516802110,00;100952
WINFUT;22/12/2023;12:20:00;174127,94;174290,01;174063,10;174134,42;5624924630,00;161472
WINFUT;22/12/2023;12:15:00;174218,70;174277,05;174069,59;174134,42;5998209042,00;172178
WINFUT;22/12/2023;12:10:00;174024,21;174238,15;173946,41;174225,18;7093755678,00;203720
WINFUT;22/12/2023;12:05:00;173888,06;174127,94;173849,16;174024,21;6784729324,00;194965
WINFUT;22/12/2023;12:00:00;173719,50;173946,41;173628,74;173901,03;7358701283,00;211717
WINFUT;22/12/2023;11:55:00;173745,44;173823,23;173667,64;173719,50;5526712744,00;159053
WINFUT;22/12/2023;11:50:00;173881,58;173933,44;173745,44;173751,92;6322753597,00;181845
WINFUT;22/12/2023;11:45:00;174114,97;174121,45;173881,58;173881,58;6141140284,00;176490
WINFUT;22/12/2023;11:40:00;174108,49;174212,21;174069,59;174121,45;4898023976,00;140636
WINFUT;22/12/2023;11:35:00;173991,79;174186,28;173959,38;174102,00;8691647910,00;249634
WINFUT;22/12/2023;11:30:00;173803,78;174017,72;173784,33;173991,79;6807724813,00;195720
WINFUT;22/12/2023;11:25:00;173836,20;173939,93;173771,37;173810,27;3926852025,00;112937
WINFUT;22/12/2023;11:20:00;173946,41;173972,34;173810,27;173836,20;3812152625,00;109616
WINFUT;22/12/2023;11:15:00;173926,96;174050,14;173901,03;173946,41;3489517278,00;100294
WINFUT;22/12/2023;11:10:00;174050,14;174089,04;173914,00;173920,48;4530579291,00;130180
WINFUT;22/12/2023;11:05:00;174024,21;174056,62;173933,44;174050,14;4011011376,00;115264
WINFUT;22/12/2023;11:00:00;174102,00;174153,87;173985,31;174030,69;5142508611,00;147720
WINFUT;22/12/2023;10:55:00;174089,04;174179,80;174017,72;174108,49;5158225787,00;148134
WINFUT;22/12/2023;10:50:00;173849,16;174166,83;173797,30;174082,55;8390453076,00;241082
WINFUT;22/12/2023;10:45:00;173952,89;173952,89;173816,75;173849,16;5770760595,00;165943
WINFUT;22/12/2023;10:40:00;174114,97;174114,97;173926,96;173952,89;5430830265,00;156037
WINFUT;22/12/2023;10:35:00;174186,28;174367,81;174043,66;174108,49;8929778947,00;256280
WINFUT;22/12/2023;10:30:00;174173,32;174309,46;173978,83;174186,28;1,045383917E10;300137
WINFUT;22/12/2023;10:25:00;174076,07;174315,94;174069,59;174166,83;4593978236,00;131844
WINFUT;22/12/2023;10:20:00;174108,49;174387,26;174011,24;174076,07;1,138818766E10;326875
WINFUT;22/12/2023;10:15:00;174153,87;174160,35;174011,24;174102,00;6741610230,00;193648
WINFUT;22/12/2023;10:10:00;174160,35;174264,08;174127,94;174153,87;4832145560,00;138696
WINFUT;22/12/2023;10:05:00;174251,11;174264,08;174095,52;174166,83;5032914867,00;144473
WINFUT;22/12/2023;10:00:00;174192,77;174290,01;174173,32;174251,11;4820648216,00;138338
WINFUT;22/12/2023;09:55:00;174186,28;174212,21;174160,35;174186,28;1446507479,00;41521
WINFUT;22/12/2023;09:50:00;174121,45;174212,21;174114,97;174186,28;3490932576,00;100212
WINFUT;22/12/2023;09:45:00;174089,04;174140,90;174030,69;174114,97;2520441049,00;72391
WINFUT;22/12/2023;09:40:00;174102,00;174127,94;174089,04;174095,52;1002561936,00;28792
WINFUT;22/12/2023;09:35:00;174082,55;174140,90;174076,07;174095,52;1614288311,00;46357
WINFUT;22/12/2023;09:30:00;174069,59;174147,38;174050,14;174089,04;2709901251,00;77824
WINFUT;22/12/2023;09:25:00;174076,07;174108,49;174043,66;174063,10;1294177391,00;37173
WINFUT;22/12/2023;09:20:00;174037,17;174114,97;174017,72;174076,07;3332140977,00;95712
WINFUT;22/12/2023;09:15:00;173907,51;174089,04;173907,51;174037,17;3754284142,00;107868
WINFUT;22/12/2023;09:10:00;173907,51;173998,27;173894,55;173914,00;2514430499,00;72278
WINFUT;22/12/2023;09:05:00;173881,58;173991,79;173823,23;173907,51;3663919232,00;105345
WINFUT;22/12/2023;09:00:00;173875,10;173991,79;173777,85;173881,58;5761022418,00;165663
WINFUT;21/12/2023;18:20:00;173952,89;174056,62;173920,48;174056,62;1183365667,00;34007
WINFUT;21/12/2023;18:15:00;173914,00;173998,27;173881,58;173952,89;1640432199,00;47157
WINFUT;21/12/2023;18:10:00;173907,51;173920,48;173849,16;173914,00;1184384775,00;34057
WINFUT;21/12/2023;18:05:00;173842,68;173920,48;173836,20;173901,03;1477478612,00;42485
WINFUT;21/12/2023;18:00:00;173790,82;173881,58;173784,33;173842,68;1310456565,00;37692
WINFUT;21/12/2023;17:55:00;173667,64;173849,16;173661,16;173790,82;2526232995,00;72687
WINFUT;21/12/2023;17:50:00;173719,50;173777,85;173635,22;173661,16;2361317611,00;67967
WINFUT;21/12/2023;17:45:00;173687,09;173816,75;173667,64;173713,02;2727827895,00;78501
WINFUT;21/12/2023;17:40:00;173648,19;173758,40;173635,22;173687,09;2682381709,00;77210
WINFUT;21/12/2023;17:35:00;173628,74;173700,05;173602,81;173641,71;1476235760,00;42504
WINFUT;21/12/2023;17:30:00;173641,71;173719,50;173576,88;173628,74;3304138875,00;95142
WINFUT;21/12/2023;17:25:00;173525,01;173654,67;173460,18;173641,71;3627944668,00;104511
WINFUT;21/12/2023;17:20:00;173537,98;173570,39;173486,11;173525,01;2096270380,00;60402
WINFUT;21/12/2023;17:15:00;173440,73;173557,43;173382,39;173537,98;2805959211,00;80876
WINFUT;21/12/2023;17:10:00;173362,94;173466,67;173343,49;173440,73;2676479125,00;77171
WINFUT;21/12/2023;17:05:00;173259,21;173395,35;173220,31;173356,45;2384023616,00;68779
WINFUT;21/12/2023;17:00:00;173324,04;173388,87;173220,31;173259,21;3628036313,00;104675
WINFUT;21/12/2023;16:55:00;173194,38;173337,00;173103,62;173330,52;3677073664,00;106148
WINFUT;21/12/2023;16:50:00;173252,73;173259,21;173149,00;173194,38;2663584858,00;76892
WINFUT;21/12/2023;16:45:00;173337,00;173356,45;173194,38;173252,73;3103676149,00;89559
WINFUT;21/12/2023;16:40:00;173395,35;173421,28;173324,04;173343,49;1959129459,00;56500
WINFUT;21/12/2023;16:35:00;173473,15;173505,56;173330,52;173395,35;3183002978,00;91782
WINFUT;21/12/2023;16:30:00;173349,97;173570,39;173343,49;173479,63;5609160222,00;161671
WINFUT;21/12/2023;16:25:00;173304,59;173401,83;173278,66;173349,97;2093012313,00;60371
WINFUT;21/12/2023;16:20:00;173356,45;173362,94;173226,79;173298,11;2447623478,00;70621
WINFUT;21/12/2023;16:15:00;173220,31;173408,32;173174,93;173356,45;4085002076,00;117864
WINFUT;21/12/2023;16:10:00;173272,17;173382,39;173194,38;173220,31;3437089650,00;99171
WINFUT;21/12/2023;16:05:00;173337,00;173395,35;173246,24;173272,17;2738453191,00;79003
WINFUT;21/12/2023;16:00:00;173324,04;173427,77;173278,66;173343,49;3749656592,00;108158
WINFUT;21/12/2023;15:55:00;173200,86;173349,97;173187,89;173324,04;2660090770,00;76763
WINFUT;21/12/2023;15:50:00;173220,31;173317,56;173103,62;173207,34;4346386461,00;125461
WINFUT;21/12/2023;15:45:00;173200,86;173298,11;173187,89;173220,31;2197000813,00;63408
WINFUT;21/12/2023;15:40:00;173252,73;173298,11;173174,93;173194,38;3209072404,00;92623
WINFUT;21/12/2023;15:35:00;173304,59;173375,90;173246,24;173246,24;2495087538,00;71987
WINFUT;21/12/2023;15:30:00;173278,66;173375,90;173246,24;173304,59;3435742892,00;99117
WINFUT;21/12/2023;15:25:00;173291,62;173304,59;173155,48;173285,14;3710736494,00;107102
WINFUT;21/12/2023;15:20:00;172896,16;173349,97;172876,71;173285,14;8578441141,00;247716
WINFUT;21/12/2023;15:15:00;173123,06;173174,93;172863,74;172896,16;6858947870,00;198204
WINFUT;21/12/2023;15:10:00;173259,21;173317,56;173103,62;173123,06;3596787015,00;103826
WINFUT;21/12/2023;15:05:00;173304,59;173388,87;173149,00;173259,21;4224748977,00;121914
WINFUT;21/12/2023;15:00:00;173200,86;173356,45;173194,38;173311,07;4080652502,00;117745
WINFUT;21/12/2023;14:55:00;173187,89;173239,76;173084,17;173207,34;3618455465,00;104486
WINFUT;21/12/2023;14:50:00;173278,66;173324,04;173116,58;173194,38;4654302904,00;134360
WINFUT;21/12/2023;14:45:00;173259,21;173427,77;173252,73;173278,66;3717728704,00;107231
WINFUT;21/12/2023;14:40:00;173291,62;173421,28;173226,79;173252,73;3955530507,00;114116
WINFUT;21/12/2023;14:35:00;173220,31;173408,32;173200,86;173291,62;5621433998,00;162193
WINFUT;21/12/2023;14:30:00;173375,90;173518,53;173187,89;173220,31;6148356587,00;177316
WINFUT;21/12/2023;14:25:00;173388,87;173401,83;173246,24;173375,90;3514122531,00;101373
WINFUT;21/12/2023;14:20:00;173434,25;173486,11;173304,59;173388,87;4723908652,00;136230
WINFUT;21/12/2023;14:15:00;173473,15;173583,36;173434,25;173440,73;2853006718,00;82211
WINFUT;21/12/2023;14:10:00;173492,60;173583,36;173421,28;173473,15;4149630196,00;119579
WINFUT;21/12/2023;14:05:00;173369,42;173525,01;173369,42;173492,60;3419931697,00;98582
WINFUT;21/12/2023;14:00:00;173434,25;173589,84;173330,52;173369,42;7575174425,00;218375
WINFUT;21/12/2023;13:55:00;173492,60;173531,50;173414,80;173440,73;3483936356,00;100418
WINFUT;21/12/2023;13:50:00;173706,54;173719,50;173460,18;173486,11;4387240895,00;126378
WINFUT;21/12/2023;13:45:00;173680,61;173745,44;173654,67;173713,02;1825069310,00;52536
WINFUT;21/12/2023;13:40:00;173719,50;173764,89;173615,78;173680,61;3084353508,00;88791
WINFUT;21/12/2023;13:35:00;173654,67;173803,78;173596,33;173719,50;4348096081,00;125161
WINFUT;21/12/2023;13:30:00;173758,40;173797,30;173648,19;173661,16;2791481808,00;80349
WINFUT;21/12/2023;13:25:00;173700,05;173816,75;173674,12;173764,89;3048049465,00;87718
WINFUT;21/12/2023;13:20:00;173751,92;173875,10;173687,09;173700,05;4981795369,00;143336
WINFUT;21/12/2023;13:15:00;173771,37;173790,82;173609,29;173751,92;4799804517,00;138160
WINFUT;21/12/2023;13:10:00;173447,22;173777,85;173440,73;173771,37;6795097332,00;195678
WINFUT;21/12/2023;13:05:00;173531,50;173576,88;173362,94;173447,22;4102675651,00;118267
WINFUT;21/12/2023;13:00:00;173492,60;173615,78;173427,77;173525,01;4565317553,00;131548
WINFUT;21/12/2023;12:55:00;173356,45;173550,94;173311,07;173499,08;4232469203,00;122012
WINFUT;21/12/2023;12:50:00;173317,56;173388,87;173233,28;173356,45;3013855609,00;86950
WINFUT;21/12/2023;12:45:00;173375,90;173408,32;173265,69;173311,07;3183842676,00;91838
WINFUT;21/12/2023;12:40:00;173304,59;173414,80;173239,76;173375,90;3653353537,00;105385
WINFUT;21/12/2023;12:35:00;173421,28;173466,67;173272,17;173298,11;4098196491,00;118195
WINFUT;21/12/2023;12:30:00;173272,17;173460,18;173272,17;173421,28;4548454333,00;131160
WINFUT;21/12/2023;12:25:00;173414,80;173434,25;173239,76;173272,17;5531382845,00;159571
WINFUT;21/12/2023;12:20:00;173311,07;173563,91;173298,11;173421,28;6572117997,00;189458
WINFUT;21/12/2023;12:15:00;173324,04;173382,39;173226,79;173304,59;4250635464,00;122631
WINFUT;21/12/2023;12:10:00;173038,78;173401,83;173038,78;173330,52;7201766679,00;207850
WINFUT;21/12/2023;12:05:00;173168,45;173168,45;172986,92;173038,78;6770145965,00;195585
WINFUT;21/12/2023;12:00:00;173298,11;173349,97;173084,17;173168,45;6551609679,00;189125
WINFUT;21/12/2023;11:55:00;173408,32;173460,18;173226,79;173291,62;6026058910,00;173830
WINFUT;21/12/2023;11:50:00;173602,81;173615,78;173395,35;173408,32;5097899627,00;146921
WINFUT;21/12/2023;11:45:00;173777,85;173810,27;173492,60;173596,33;7765569078,00;223637
WINFUT;21/12/2023;11:40:00;173842,68;173868,61;173687,09;173777,85;6820235012,00;196249
WINFUT;21/12/2023;11:35:00;173745,44;173985,31;173738,95;173842,68;9880266430,00;284116
WINFUT;21/12/2023;11:30:00;173447,22;173764,89;173447,22;173738,95;1,140688521E10;328494
WINFUT;21/12/2023;11:25:00;173285,14;173453,70;173207,34;173447,22;5646730527,00;162895
WINFUT;21/12/2023;11:20:00;173194,38;173337,00;173155,48;173278,66;5530159110,00;159595
WINFUT;21/12/2023;11:15:00;173090,65;173272,17;173077,68;173187,89;4614131078,00;133214
WINFUT;21/12/2023;11:10:00;173239,76;173259,21;173071,20;173090,65;4100069339,00;118395
WINFUT;21/12/2023;11:05:00;173220,31;173272,17;173058,23;173239,76;7428295812,00;214482
WINFUT;21/12/2023;11:00:00;173388,87;173466,67;173200,86;173213,83;5515706407,00;159100
WINFUT;21/12/2023;10:55:00;173265,69;173434,25;173265,69;173395,35;4230802762,00;122031
WINFUT;21/12/2023;10:50:00;173265,69;173324,04;173168,45;173259,21;3989852504,00;115152
WINFUT;21/12/2023;10:45:00;173304,59;173343,49;173136,03;173265,69;7542759651,00;217684
WINFUT;21/12/2023;10:40:00;173537,98;173648,19;173213,83;173298,11;1,042791123E10;300618
WINFUT;21/12/2023;10:35:00;173537,98;173674,12;173473,15;173537,98;7810918411,00;224995
WINFUT;21/12/2023;10:30:00;173207,34;173596,33;173038,78;173544,46;1,519447452E10;438063
WINFUT;21/12/2023;10:25:00;173226,79;173343,49;173136,03;173207,34;4054120609,00;117011
WINFUT;21/12/2023;10:20:00;173265,69;173349,97;173168,45;173233,28;4207155536,00;121416
WINFUT;21/12/2023;10:15:00;173207,34;173369,42;173155,48;173272,17;7071120872,00;204055
WINFUT;21/12/2023;10:10:00;173226,79;173265,69;173110,10;173213,83;6031793209,00;174148
WINFUT;21/12/2023;10:05:00;173304,59;173382,39;173174,93;173226,79;4998917743,00;144236
WINFUT;21/12/2023;10:00:00;173330,52;173395,35;173233,28;173298,11;6568767840,00;189497
WINFUT;21/12/2023;09:55:00;173298,11;173330,52;173259,21;173324,04;1779351995,00;51340
WINFUT;21/12/2023;09:50:00;173304,59;173324,04;173265,69;173291,62;1481441256,00;42743
WINFUT;21/12/2023;09:45:00;173324,04;173349,97;173278,66;173304,59;1436779709,00;41451
WINFUT;21/12/2023;09:40:00;173317,56;173349,97;173265,69;173330,52;2403279238,00;69337
WINFUT;21/12/2023;09:35:00;173330,52;173343,49;173298,11;173317,56;1046917326,00;30202
WINFUT;21/12/2023;09:30:00;173304,59;173356,45;173291,62;173330,52;2166012495,00;62486
WINFUT;21/12/2023;09:25:00;173213,83;173343,49;173174,93;173298,11;4042700542,00;116659
WINFUT;21/12/2023;09:20:00;173220,31;173239,76;173168,45;173207,34;2101779490,00;60675
WINFUT;21/12/2023;09:15:00;173149,00;173259,21;173149,00;173220,31;3173282681,00;91607
WINFUT;21/12/2023;09:10:00;173058,23;173181,41;173051,75;173155,48;3882916970,00;112135
WINFUT;21/12/2023;09:05:00;173032,30;173097,13;173006,37;173058,23;2269566078,00;65573
WINFUT;21/12/2023;09:00:00;172935,06;173077,68;172798,91;173032,30;6641815635,00;191998
WINFUT;20/12/2023;18:20:00;171982,05;172098,74;171943,15;172098,74;1454257589,00;42270
WINFUT;20/12/2023;18:15:00;171975,57;172020,95;171897,77;171982,05;2003014392,00;58242
WINFUT;20/12/2023;18:10:00;171975,57;172027,43;171917,22;171975,57;1645716998,00;47848
WINFUT;20/12/2023;18:05:00;172040,40;172059,85;171897,77;171982,05;3377301543,00;98192
WINFUT;20/12/2023;18:00:00;172066,33;172150,61;172014,46;172033,91;2997349874,00;87094
WINFUT;20/12/2023;17:55:00;172358,07;172364,55;172027,43;172066,33;4572317849,00;132792
WINFUT;20/12/2023;17:50:00;172312,68;172416,41;172299,72;172358,07;3762569952,00;109146
WINFUT;20/12/2023;17:45:00;172247,85;172332,13;172195,99;172306,20;2653046537,00;77004
WINFUT;20/12/2023;17:40:00;172384,00;172442,35;172157,09;172254,34;4314510555,00;125203
WINFUT;20/12/2023;17:35:00;172332,13;172487,73;172286,75;172377,51;4056088015,00;117650
WINFUT;20/12/2023;17:30:00;172118,19;172358,07;172105,23;172338,62;5252001659,00;152446
WINFUT;20/12/2023;17:25:00;172228,40;172306,20;172027,43;172105,23;6797772463,00;197421
WINFUT;20/12/2023;17:20:00;172429,38;172435,86;172221,92;172228,40;4462315079,00;129462
WINFUT;20/12/2023;17:15:00;172105,23;172539,59;172098,74;172429,38;9214477703,00;267318
WINFUT;20/12/2023;17:10:00;172001,50;172150,61;171995,02;172105,23;5709126087,00;165898
WINFUT;20/12/2023;17:05:00;172014,46;172027,43;171839,42;172007,98;8402374934,00;244363
WINFUT;20/12/2023;17:00:00;172377,51;172429,38;171995,02;172014,46;8045986519,00;233592
WINFUT;20/12/2023;16:55:00;172371,03;172422,90;172254,34;172371,03;6347758957,00;184149
WINFUT;20/12/2023;16:50:00;172487,73;172513,66;172085,78;172364,55;1,204551403E10;349561
WINFUT;20/12/2023;16:45:00;172760,01;172811,88;172384,00;172487,73;9544155988,00;276500
WINFUT;20/12/2023;16:40:00;172909,12;172948,02;172740,57;172760,01;7640623664,00;221038
WINFUT;20/12/2023;16:35:00;173123,06;173168,45;172844,29;172909,12;6596493679,00;190622
WINFUT;20/12/2023;16:30:00;173259,21;173272,17;173032,30;173123,06;4643778547,00;134102
WINFUT;20/12/2023;16:25:00;173265,69;173291,62;173187,89;173259,21;3323709714,00;95928
WINFUT;20/12/2023;16:20:00;173369,42;173382,39;173246,24;173265,69;3882450324,00;112016
WINFUT;20/12/2023;16:15:00;173311,07;173414,80;173298,11;173375,90;3622314893,00;104473
WINFUT;20/12/2023;16:10:00;173226,79;173337,00;173213,83;173317,56;2452583156,00;70768
WINFUT;20/12/2023;16:05:00;173213,83;173304,59;173207,34;173226,79;2737118842,00;78991
WINFUT;20/12/2023;16:00:00;173272,17;173317,56;173181,41;173213,83;4633399053,00;133723
WINFUT;20/12/2023;15:55:00;173401,83;173408,32;173239,76;173272,17;4190092912,00;120893
WINFUT;20/12/2023;15:50:00;173375,90;173447,22;173356,45;173401,83;2261586811,00;65213
WINFUT;20/12/2023;15:45:00;173427,77;173434,25;173330,52;173369,42;2341627948,00;67532
WINFUT;20/12/2023;15:40:00;173466,67;173518,53;173369,42;173427,77;2987909102,00;86137
WINFUT;20/12/2023;15:35:00;173473,15;173531,50;173395,35;173460,18;2819246026,00;81269
WINFUT;20/12/2023;15:30:00;173492,60;173563,91;173440,73;173479,63;3155507607,00;90936
WINFUT;20/12/2023;15:25:00;173382,39;173492,60;173375,90;173492,60;2829794791,00;81577
WINFUT;20/12/2023;15:20:00;173512,05;173531,50;173356,45;173388,87;3646974691,00;105144
WINFUT;20/12/2023;15:15:00;173525,01;173570,39;173466,67;173505,56;2054216209,00;59195
WINFUT;20/12/2023;15:10:00;173492,60;173576,88;173486,11;173518,53;1702718030,00;49061
WINFUT;20/12/2023;15:05:00;173525,01;173563,91;173447,22;173486,11;2556988166,00;73686
WINFUT;20/12/2023;15:00:00;173622,26;173680,61;173453,70;173531,50;4865353232,00;140185
WINFUT;20/12/2023;14:55:00;173505,56;173667,64;173505,56;173615,78;3649444695,00;105105
WINFUT;20/12/2023;14:50:00;173440,73;173635,22;173395,35;173505,56;6604202838,00;190288
WINFUT;20/12/2023;14:45:00;173298,11;173466,67;173298,11;173440,73;3773576364,00;108815
WINFUT;20/12/2023;14:40:00;173187,89;173349,97;173168,45;173304,59;3941171235,00;113735
WINFUT;20/12/2023;14:35:00;173149,00;173233,28;173103,62;173187,89;3949216293,00;114028
WINFUT;20/12/2023;14:30:00;173324,04;173427,77;173149,00;173149,00;5292375000,00;152712
WINFUT;20/12/2023;14:25:00;173382,39;173440,73;173285,14;173324,04;3172524717,00;91496
WINFUT;20/12/2023;14:20:00;173304,59;173401,83;173259,21;173382,39;3653051310,00;105382
WINFUT;20/12/2023;14:15:00;173382,39;173434,25;173265,69;173304,59;3459619147,00;99790
WINFUT;20/12/2023;14:10:00;173460,18;173466,67;173362,94;173382,39;2089052935,00;60232
WINFUT;20/12/2023;14:05:00;173408,32;173460,18;173382,39;173453,70;2233774113,00;64402
WINFUT;20/12/2023;14:00:00;173349,97;173427,77;173272,17;173401,83;4013413346,00;115754
WINFUT;20/12/2023;13:55:00;173421,28;173434,25;173311,07;173349,97;2658182528,00;76663
WINFUT;20/12/2023;13:50:00;173213,83;173473,15;173174,93;173414,80;6485767488,00;187092
WINFUT;20/12/2023;13:45:00;173317,56;173362,94;173207,34;173220,31;3609754056,00;104160
WINFUT;20/12/2023;13:40:00;173434,25;173479,63;173278,66;173317,56;4699455413,00;135521
WINFUT;20/12/2023;13:35:00;173382,39;173447,22;173349,97;173434,25;2225460809,00;64165
WINFUT;20/12/2023;13:30:00;173330,52;173408,32;173246,24;173388,87;3513028212,00;101336
WINFUT;20/12/2023;13:25:00;173291,62;173369,42;173272,17;173330,52;2174920712,00;62742
WINFUT;20/12/2023;13:20:00;173265,69;173337,00;173239,76;173291,62;2453109804,00;70782
WINFUT;20/12/2023;13:15:00;173362,94;173395,35;173265,69;173265,69;3414010880,00;98487
WINFUT;20/12/2023;13:10:00;173362,94;173557,43;173330,52;173362,94;7440704443,00;214511
WINFUT;20/12/2023;13:05:00;173155,48;173382,39;173129,55;173362,94;6966144997,00;201048
WINFUT;20/12/2023;13:00:00;173097,13;173155,48;173012,85;173149,00;3364753279,00;97202
WINFUT;20/12/2023;12:55:00;173103,62;173136,03;173064,72;173097,13;2078273962,00;60032
WINFUT;20/12/2023;12:50:00;173142,51;173187,89;173077,68;173110,10;3150428791,00;90983
WINFUT;20/12/2023;12:45:00;173064,72;173155,48;173025,82;173149,00;2558810912,00;73918
WINFUT;20/12/2023;12:40:00;173077,68;173142,51;172993,40;173064,72;3235629052,00;93476
WINFUT;20/12/2023;12:35:00;173045,27;173123,06;173012,85;173071,20;2320022993,00;67026
WINFUT;20/12/2023;12:30:00;172999,89;173129,55;172973,95;173045,27;5170980642,00;149398
WINFUT;20/12/2023;12:25:00;172973,95;173012,85;172909,12;172999,89;2753135980,00;79587
WINFUT;20/12/2023;12:20:00;172999,89;173045,27;172948,02;172973,95;3495371073,00;101027
WINFUT;20/12/2023;12:15:00;173038,78;173097,13;172915,61;172999,89;5395858029,00;155950
WINFUT;20/12/2023;12:10:00;173161,96;173168,45;172980,44;173045,27;5019835392,00;145038
WINFUT;20/12/2023;12:05:00;173071,20;173246,24;173058,23;173161,96;5072433758,00;146454
WINFUT;20/12/2023;12:00:00;173155,48;173200,86;173012,85;173071,20;5934087251,00;171401
WINFUT;20/12/2023;11:55:00;173129,55;173181,41;172973,95;173161,96;6616883416,00;191159
WINFUT;20/12/2023;11:50:00;173252,73;173324,04;173084,17;173123,06;6401991236,00;184806
WINFUT;20/12/2023;11:45:00;173414,80;173421,28;173239,76;173259,21;4397335133,00;126852
WINFUT;20/12/2023;11:40:00;173434,25;173466,67;173272,17;173421,28;6482436802,00;186956
WINFUT;20/12/2023;11:35:00;173479,63;173550,94;173382,39;173427,77;6440200767,00;185637
WINFUT;20/12/2023;11:30:00;173356,45;173492,60;173246,24;173473,15;8477096275,00;244471
WINFUT;20/12/2023;11:25:00;173479,63;173492,60;173291,62;173362,94;6306201795,00;181857
WINFUT;20/12/2023;11:20:00;173576,88;173615,78;173460,18;173479,63;4472785547,00;128873
WINFUT;20/12/2023;11:15:00;173654,67;173706,54;173525,01;173576,88;5398727833,00;155486
WINFUT;20/12/2023;11:10:00;173829,72;173875,10;173544,46;173661,16;8060719996,00;232037
WINFUT;20/12/2023;11:05:00;173875,10;173939,93;173797,30;173823,23;5309761195,00;152701
WINFUT;20/12/2023;11:00:00;174108,49;174127,94;173836,20;173875,10;7176588340,00;206264
WINFUT;20/12/2023;10:55:00;174024,21;174166,83;173998,27;174102,00;5219532156,00;149900
WINFUT;20/12/2023;10:50:00;174037,17;174095,52;173965,86;174024,21;4206586320,00;120866
WINFUT;20/12/2023;10:45:00;173881,58;174102,00;173803,78;174037,17;9004830249,00;258813
WINFUT;20/12/2023;10:40:00;173907,51;173991,79;173862,13;173888,06;6047094783,00;173830
WINFUT;20/12/2023;10:35:00;173862,13;173933,44;173790,82;173907,51;6761766725,00;194450
WINFUT;20/12/2023;10:30:00;173706,54;173888,06;173674,12;173862,13;8872244277,00;255256
WINFUT;20/12/2023;10:25:00;173531,50;173790,82;173427,77;173706,54;1,099327063E10;316589
WINFUT;20/12/2023;10:20:00;173291,62;173557,43;173278,66;173531,50;7694699146,00;221799
WINFUT;20/12/2023;10:15:00;173239,76;173447,22;173200,86;173298,11;7195429544,00;207558
WINFUT;20/12/2023;10:10:00;173291,62;173362,94;173187,89;173246,24;4730744570,00;136519
WINFUT;20/12/2023;10:05:00;173252,73;173427,77;173220,31;173285,14;6448106811,00;186011
WINFUT;20/12/2023;10:00:00;173317,56;173356,45;173233,28;173252,73;4162836217,00;120108
WINFUT;20/12/2023;09:55:00;173362,94;173408,32;173311,07;173311,07;2490835406,00;71840
WINFUT;20/12/2023;09:50:00;173434,25;173492,60;173343,49;173356,45;3077534224,00;88727
WINFUT;20/12/2023;09:45:00;173460,18;173460,18;173375,90;173434,25;1995798132,00;57544
WINFUT;20/12/2023;09:40:00;173466,67;173479,63;173369,42;173453,70;3355675521,00;96748
WINFUT;20/12/2023;09:35:00;173440,73;173479,63;173401,83;173466,67;1794139638,00;51722
WINFUT;20/12/2023;09:30:00;173401,83;173440,73;173330,52;173440,73;3677767705,00;106057
WINFUT;20/12/2023;09:25:00;173505,56;173537,98;173382,39;173408,32;3906728085,00;112611
WINFUT;20/12/2023;09:20:00;173473,15;173518,53;173460,18;173499,08;2470353465,00;71195
WINFUT;20/12/2023;09:15:00;173317,56;173473,15;173311,07;173473,15;3985118735,00;114910
WINFUT;20/12/2023;09:10:00;173291,62;173343,49;173272,17;173317,56;1769104181,00;51039
WINFUT;20/12/2023;09:05:00;173486,11;173499,08;173272,17;173291,62;4960426801,00;143053
WINFUT;20/12/2023;09:00:00;173239,76;173622,26;173149,00;173479,63;8151669976,00;235008
WINFUT;19/12/2023;18:20:00;173738,95;173758,40;173661,16;173732,47;1198884253,00;34506
WINFUT;19/12/2023;18:15:00;173680,61;173771,37;173680,61;173738,95;1935427530,00;55703
WINFUT;19/12/2023;18:10:00;173661,16;173700,05;173596,33;173680,61;1509305629,00;43457
WINFUT;19/12/2023;18:05:00;173706,54;173706,54;173635,22;173661,16;1402418076,00;40377
WINFUT;19/12/2023;18:00:00;173654,67;173719,50;173550,94;173706,54;2955976283,00;85114
WINFUT;19/12/2023;17:55:00;173576,88;173680,61;173570,39;173661,16;3181052043,00;91600
WINFUT;19/12/2023;17:50:00;173492,60;173576,88;173486,11;173570,39;1610024584,00;46391
WINFUT;19/12/2023;17:45:00;173537,98;173550,94;173473,15;173499,08;2097260654,00;60435
WINFUT;19/12/2023;17:40:00;173453,70;173583,36;173447,22;173537,98;2704643513,00;77930
WINFUT;19/12/2023;17:35:00;173473,15;173479,63;173434,25;173447,22;1078920483,00;31101
WINFUT;19/12/2023;17:30:00;173492,60;173537,98;173447,22;173473,15;2199645051,00;63392
WINFUT;19/12/2023;17:25:00;173440,73;173499,08;173401,83;173486,11;2028884252,00;58486
WINFUT;19/12/2023;17:20:00;173447,22;173518,53;173408,32;173434,25;2775111694,00;79992
WINFUT;19/12/2023;17:15:00;173434,25;173453,70;173388,87;173440,73;1319245699,00;38035
WINFUT;19/12/2023;17:10:00;173395,35;173492,60;173369,42;173440,73;2449240894,00;70607
WINFUT;19/12/2023;17:05:00;173518,53;173544,46;173362,94;173395,35;3282811048,00;94636
WINFUT;19/12/2023;17:00:00;173466,67;173544,46;173466,67;173518,53;2508421684,00;72286
WINFUT;19/12/2023;16:55:00;173447,22;173544,46;173440,73;173460,18;2982961561,00;85970
WINFUT;19/12/2023;16:50:00;173473,15;173505,56;173414,80;173447,22;2976803022,00;85810
WINFUT;19/12/2023;16:45:00;173518,53;173596,33;173466,67;173479,63;3176970596,00;91536
WINFUT;19/12/2023;16:40:00;173661,16;173680,61;173505,56;173518,53;4042440044,00;116447
WINFUT;19/12/2023;16:35:00;173738,95;173764,89;173648,19;173661,16;3313848243,00;95393
WINFUT;19/12/2023;16:30:00;173596,33;173738,95;173589,84;173732,47;3841576914,00;110592
WINFUT;19/12/2023;16:25:00;173557,43;173628,74;173531,50;173589,84;2425497517,00;69864
WINFUT;19/12/2023;16:20:00;173589,84;173641,71;173492,60;173557,43;4688011062,00;135046
WINFUT;19/12/2023;16:15:00;173518,53;173589,84;173473,15;173589,84;3685204476,00;106180
WINFUT;19/12/2023;16:10:00;173375,90;173563,91;173369,42;173518,53;4869674805,00;140344
WINFUT;19/12/2023;16:05:00;173434,25;173460,18;173304,59;173375,90;3362244136,00;96969
WINFUT;19/12/2023;16:00:00;173401,83;173486,11;173369,42;173440,73;3367259519,00;97075
WINFUT;19/12/2023;15:55:00;173382,39;173421,28;173311,07;173395,35;2990560048,00;86246
WINFUT;19/12/2023;15:50:00;173343,49;173401,83;173272,17;173375,90;3035657564,00;87566
WINFUT;19/12/2023;15:45:00;173369,42;173401,83;173233,28;173343,49;4946160013,00;142686
WINFUT;19/12/2023;15:40:00;173499,08;173505,56;173330,52;173369,42;4097173749,00;118122
WINFUT;19/12/2023;15:35:00;173330,52;173628,74;173259,21;173492,60;9633584719,00;277730
WINFUT;19/12/2023;15:30:00;172857,26;173771,37;172824,84;173330,52;2,21169367E10;637890
WINFUT;19/12/2023;15:25:00;172798,91;172889,67;172792,43;172857,26;3060881216,00;88540
WINFUT;19/12/2023;15:20:00;172779,46;172831,33;172747,05;172805,40;2692439407,00;77911
WINFUT;19/12/2023;15:15:00;172798,91;172857,26;172740,57;172772,98;4033718176,00;116724
WINFUT;19/12/2023;15:10:00;172831,33;172850,78;172734,08;172792,43;5003515380,00;144789
WINFUT;19/12/2023;15:05:00;172928,57;172967,47;172811,88;172831,33;4495295537,00;130008
WINFUT;19/12/2023;15:00:00;173058,23;173071,20;172850,78;172922,09;5160712216,00;149206
WINFUT;19/12/2023;14:55:00;173006,37;173071,20;172986,92;173064,72;2232921813,00;64526
WINFUT;19/12/2023;14:50:00;172980,44;173058,23;172980,44;172999,89;2591989733,00;74904
WINFUT;19/12/2023;14:45:00;173064,72;173077,68;172935,06;172980,44;3990322383,00;115335
WINFUT;19/12/2023;14:40:00;173071,20;173110,10;173032,30;173064,72;1886550281,00;54503
WINFUT;19/12/2023;14:35:00;173045,27;173110,10;173019,34;173071,20;3183079362,00;91961
WINFUT;19/12/2023;14:30:00;172941,54;173110,10;172922,09;173051,75;4757731557,00;137482
WINFUT;19/12/2023;14:25:00;172935,06;172967,47;172909,12;172941,54;1640939767,00;47442
WINFUT;19/12/2023;14:20:00;172954,51;172993,40;172896,16;172935,06;2267474973,00;65559
WINFUT;19/12/2023;14:15:00;172922,09;173019,34;172896,16;172960,99;5060287199,00;146283
WINFUT;19/12/2023;14:10:00;172948,02;172954,51;172863,74;172922,09;3640854003,00;105285
WINFUT;19/12/2023;14:05:00;172993,40;173012,85;172915,61;172941,54;2558384230,00;73956
WINFUT;19/12/2023;14:00:00;172980,44;173012,85;172922,09;172999,89;3317472082,00;95897
WINFUT;19/12/2023;13:55:00;172980,44;173045,27;172954,51;172986,92;3407228665,00;98471
WINFUT;19/12/2023;13:50:00;173006,37;173051,75;172889,67;172973,95;6910120897,00;199757
WINFUT;19/12/2023;13:45:00;173200,86;173207,34;172993,40;173006,37;5752068902,00;166145
WINFUT;19/12/2023;13:40:00;173226,79;173252,73;173168,45;173207,34;2448484224,00;70683
WINFUT;19/12/2023;13:35:00;173311,07;173356,45;173174,93;173233,28;4925341702,00;142123
WINFUT;19/12/2023;13:30:00;173213,83;173311,07;173149,00;173304,59;5043335631,00;145577
WINFUT;19/12/2023;13:25:00;173213,83;173278,66;173187,89;173220,31;3209269782,00;92628
WINFUT;19/12/2023;13:20:00;173304,59;173337,00;173181,41;173213,83;4716253249,00;136109
WINFUT;19/12/2023;13:15:00;173382,39;173395,35;173291,62;173304,59;3341456541,00;96384
WINFUT;19/12/2023;13:10:00;173414,80;173499,08;173369,42;173382,39;4119313236,00;118760
WINFUT;19/12/2023;13:05:00;173382,39;173427,77;173330,52;173408,32;3685178760,00;106279
WINFUT;19/12/2023;13:00:00;173518,53;173518,53;173382,39;173382,39;4203042294,00;121179
WINFUT;19/12/2023;12:55:00;173557,43;173589,84;173466,67;173512,05;3478373840,00;100221
WINFUT;19/12/2023;12:50:00;173499,08;173589,84;173440,73;173557,43;4426363067,00;127547
WINFUT;19/12/2023;12:45:00;173414,80;173505,56;173382,39;173492,60;3252381992,00;93755
WINFUT;19/12/2023;12:40:00;173369,42;173466,67;173343,49;173408,32;4355707737,00;125588
WINFUT;19/12/2023;12:35:00;173311,07;173414,80;173252,73;173369,42;4777662305,00;137815
WINFUT;19/12/2023;12:30:00;173388,87;173401,83;173278,66;173311,07;5315490910,00;153335
WINFUT;19/12/2023;12:25:00;173460,18;173505,56;173375,90;173388,87;4484799002,00;129286
WINFUT;19/12/2023;12:20:00;173369,42;173505,56;173324,04;173460,18;4814232782,00;138805
WINFUT;19/12/2023;12:15:00;173382,39;173440,73;173311,07;173369,42;4835643773,00;139458
WINFUT;19/12/2023;12:10:00;173434,25;173473,15;173311,07;173382,39;7250106021,00;209082
WINFUT;19/12/2023;12:05:00;173622,26;173628,74;173408,32;173434,25;6278491509,00;180921
WINFUT;19/12/2023;12:00:00;173648,19;173687,09;173563,91;173622,26;4635286355,00;133484
WINFUT;19/12/2023;11:55:00;173758,40;173784,33;173622,26;173654,67;5143632847,00;148055
WINFUT;19/12/2023;11:50:00;173648,19;173803,78;173628,74;173758,40;6558803644,00;188757
WINFUT;19/12/2023;11:45:00;173563,91;173693,57;173531,50;173648,19;4871200177,00;140275
WINFUT;19/12/2023;11:40:00;173544,46;173693,57;173486,11;173557,43;7122276249,00;205141
WINFUT;19/12/2023;11:35:00;173550,94;173596,33;173499,08;173544,46;4114902292,00;118551
WINFUT;19/12/2023;11:30:00;173460,18;173596,33;173414,80;173550,94;6688850230,00;192758
WINFUT;19/12/2023;11:25:00;173550,94;173557,43;173434,25;173466,67;3352646051,00;96632
WINFUT;19/12/2023;11:20:00;173505,56;173596,33;173486,11;173550,94;2512207964,00;72380
WINFUT;19/12/2023;11:15:00;173505,56;173570,39;173479,63;173505,56;2208254784,00;63629
WINFUT;19/12/2023;11:10:00;173492,60;173583,36;173447,22;173499,08;3213773810,00;92606
WINFUT;19/12/2023;11:05:00;173525,01;173531,50;173447,22;173492,60;3098325952,00;89295
WINFUT;19/12/2023;11:00:00;173596,33;173609,29;173512,05;173525,01;2902795617,00;83626
WINFUT;19/12/2023;10:55:00;173518,53;173602,81;173499,08;173596,33;3136338436,00;90356
WINFUT;19/12/2023;10:50:00;173473,15;173563,91;173473,15;173518,53;1801898635,00;51923
WINFUT;19/12/2023;10:45:00;173453,70;173525,01;173427,77;173479,63;2252969446,00;64934
WINFUT;19/12/2023;10:40:00;173537,98;173550,94;173427,77;173460,18;2900686002,00;83603
WINFUT;19/12/2023;10:35:00;173453,70;173563,91;173408,32;173537,98;4384426781,00;126359
WINFUT;19/12/2023;10:30:00;173531,50;173648,19;173434,25;173453,70;5635790059,00;162375
WINFUT;19/12/2023;10:25:00;173486,11;173570,39;173447,22;173525,01;2831343071,00;81588
WINFUT;19/12/2023;10:20:00;173505,56;173550,94;173395,35;173486,11;5492832927,00;158327
WINFUT;19/12/2023;10:15:00;173492,60;173596,33;173460,18;173505,56;5599095026,00;161335
WINFUT;19/12/2023;10:10:00;173343,49;173713,02;173278,66;173499,08;1,270154814E10;365997
WINFUT;19/12/2023;10:05:00;173278,66;173356,45;173220,31;173343,49;5826005768,00;168093
WINFUT;19/12/2023;10:00:00;173116,58;173311,07;173103,62;173285,14;8180968034,00;236163
WINFUT;19/12/2023;09:55:00;173084,17;173174,93;173064,72;173116,58;3813225307,00;110129
WINFUT;19/12/2023;09:50:00;173051,75;173110,10;173019,34;173084,17;3135785488,00;90598
WINFUT;19/12/2023;09:45:00;172993,40;173071,20;172960,99;173051,75;4502298100,00;130102
WINFUT;19/12/2023;09:40:00;172824,84;173006,37;172779,46;172993,40;5492243168,00;158824
WINFUT;19/12/2023;09:35:00;172747,05;172831,33;172740,57;172824,84;1883233542,00;54494
WINFUT;19/12/2023;09:30:00;172792,43;172837,81;172734,08;172753,53;2466376432,00;71372
WINFUT;19/12/2023;09:25:00;172772,98;172850,78;172740,57;172792,43;3778408280,00;109331
WINFUT;19/12/2023;09:20:00;172708,15;172805,40;172649,80;172779,46;4389855621,00;127072
WINFUT;19/12/2023;09:15:00;172500,69;172727,60;172461,79;172701,67;5125683841,00;148478
WINFUT;19/12/2023;09:10:00;172597,94;172630,35;172474,76;172500,69;2640007679,00;76499
WINFUT;19/12/2023;09:05:00;172507,18;172805,40;172500,69;172597,94;6436572045,00;186399
WINFUT;19/12/2023;09:00:00;172643,32;172688,70;172487,73;172507,18;3562576129,00;103212
WINFUT;18/12/2023;18:20:00;172708,15;172740,57;172597,94;172597,94;1167266322,00;33804
WINFUT;18/12/2023;18:15:00;172636,84;172798,91;172630,35;172701,67;1948748427,00;56411
WINFUT;18/12/2023;18:10:00;172688,70;172734,08;172617,39;172643,32;1604662188,00;46465
WINFUT;18/12/2023;18:05:00;172708,15;172740,57;172649,80;172688,70;1762882331,00;51041
WINFUT;18/12/2023;18:00:00;172818,36;172824,84;172688,70;172701,67;1655925108,00;47925
WINFUT;18/12/2023;17:55:00;172805,40;172863,74;172747,05;172818,36;2182557315,00;63148
WINFUT;18/12/2023;17:50:00;172766,50;172824,84;172714,63;172805,40;1948111757,00;56379
WINFUT;18/12/2023;17:45:00;172675,73;172766,50;172662,77;172766,50;2618752897,00;75808
WINFUT;18/12/2023;17:40:00;172688,70;172701,67;172636,84;172675,73;2226792531,00;64482
WINFUT;18/12/2023;17:35:00;172740,57;172760,01;172656,29;172682,22;2412545694,00;69846
WINFUT;18/12/2023;17:30:00;172805,40;172805,40;172695,18;172747,05;2655971580,00;76879
WINFUT;18/12/2023;17:25:00;172811,88;172837,81;172779,46;172805,40;1407032249,00;40711
WINFUT;18/12/2023;17:20:00;172747,05;172857,26;172740,57;172811,88;2644848896,00;76533
WINFUT;18/12/2023;17:15:00;172824,84;172876,71;172740,57;172747,05;3053368403,00;88344
WINFUT;18/12/2023;17:10:00;172785,95;172844,29;172747,05;172818,36;2129381558,00;61618
WINFUT;18/12/2023;17:05:00;172844,29;172863,74;172772,98;172779,46;1617042960,00;46784
WINFUT;18/12/2023;17:00:00;172870,23;172870,23;172760,01;172844,29;2828608649,00;81842
WINFUT;18/12/2023;16:55:00;172922,09;172935,06;172811,88;172870,23;2976367368,00;86085
WINFUT;18/12/2023;16:50:00;172850,78;172973,95;172779,46;172922,09;4478234981,00;129508
WINFUT;18/12/2023;16:45:00;172883,19;172889,67;172766,50;172844,29;3925485537,00;113571
WINFUT;18/12/2023;16:40:00;172973,95;172973,95;172863,74;172883,19;3035288261,00;87775
WINFUT;18/12/2023;16:35:00;172960,99;173006,37;172954,51;172973,95;944556619,90;27303
WINFUT;18/12/2023;16:30:00;172948,02;172999,89;172909,12;172954,51;2590982887,00;74903
WINFUT;18/12/2023;16:25:00;173038,78;173045,27;172941,54;172948,02;2539635441,00;73405
WINFUT;18/12/2023;16:20:00;172922,09;173090,65;172915,61;173038,78;3463343383,00;100086
WINFUT;18/12/2023;16:15:00;172915,61;172973,95;172909,12;172928,57;1167058191,00;33741
WINFUT;18/12/2023;16:10:00;172915,61;172954,51;172896,16;172909,12;1365937331,00;39493
WINFUT;18/12/2023;16:05:00;172986,92;173025,82;172876,71;172909,12;2764444518,00;79923
WINFUT;18/12/2023;16:00:00;172986,92;173006,37;172909,12;172986,92;1978671181,00;57203
WINFUT;18/12/2023;15:55:00;172928,57;173006,37;172922,09;172986,92;2018431471,00;58346
WINFUT;18/12/2023;15:50:00;172922,09;172948,02;172889,67;172922,09;1073191838,00;31031
WINFUT;18/12/2023;15:45:00;172928,57;172980,44;172883,19;172915,61;2068355532,00;59800
WINFUT;18/12/2023;15:40:00;172902,64;172973,95;172876,71;172935,06;2584352801,00;74724
WINFUT;18/12/2023;15:35:00;172915,61;172935,06;172870,23;172902,64;2383017910,00;68913
WINFUT;18/12/2023;15:30:00;172986,92;173012,85;172883,19;172922,09;3895083483,00;112613
WINFUT;18/12/2023;15:25:00;172993,40;173064,72;172980,44;172980,44;3312941078,00;95736
WINFUT;18/12/2023;15:20:00;172876,71;173025,82;172876,71;172993,40;3326752898,00;96176
WINFUT;18/12/2023;15:15:00;172876,71;172909,12;172850,78;172883,19;1610140676,00;46570
WINFUT;18/12/2023;15:10:00;172902,64;172941,54;172863,74;172876,71;2040791270,00;59017
WINFUT;18/12/2023;15:05:00;172870,23;172928,57;172863,74;172902,64;2027667978,00;58637
WINFUT;18/12/2023;15:00:00;172980,44;172986,92;172850,78;172876,71;3306633534,00;95622
WINFUT;18/12/2023;14:55:00;173012,85;173051,75;172935,06;172986,92;3306479891,00;95569
WINFUT;18/12/2023;14:50:00;173058,23;173084,17;172980,44;173012,85;3003105929,00;86787
WINFUT;18/12/2023;14:45:00;173025,82;173084,17;172993,40;173058,23;2687257815,00;77643
WINFUT;18/12/2023;14:40:00;172980,44;173071,20;172948,02;173025,82;4201887540,00;121433
WINFUT;18/12/2023;14:35:00;172883,19;172999,89;172831,33;172980,44;5406215909,00;156304
WINFUT;18/12/2023;14:30:00;172837,81;172954,51;172792,43;172889,67;4277176975,00;123701
WINFUT;18/12/2023;14:25:00;172831,33;172883,19;172805,40;172844,29;2441884463,00;70639
WINFUT;18/12/2023;14:20:00;172824,84;172857,26;172760,01;172824,84;2710567802,00;78426
WINFUT;18/12/2023;14:15:00;172760,01;172857,26;172753,53;172831,33;2771093438,00;80179
WINFUT;18/12/2023;14:10:00;172753,53;172805,40;172708,15;172766,50;2325240528,00;67299
WINFUT;18/12/2023;14:05:00;172682,22;172805,40;172649,80;172747,05;4218537926,00;122111
WINFUT;18/12/2023;14:00:00;172565,52;172747,05;172565,52;172682,22;6185955280,00;179127
WINFUT;18/12/2023;13:55:00;172552,56;172578,49;172500,69;172565,52;1511578858,00;43804
WINFUT;18/12/2023;13:50:00;172539,59;172591,46;172494,21;172552,56;2354875835,00;68240
WINFUT;18/12/2023;13:45:00;172539,59;172578,49;172481,24;172546,07;3027490178,00;87735
WINFUT;18/12/2023;13:40:00;172461,79;172539,59;172384,00;172539,59;3077218541,00;89221
WINFUT;18/12/2023;13:35:00;172455,31;172539,59;172422,90;172455,31;2759666657,00;79999
WINFUT;18/12/2023;13:30:00;172474,76;172494,21;172403,45;172448,83;2003518263,00;58093
WINFUT;18/12/2023;13:25:00;172455,31;172500,69;172422,90;172474,76;1830389696,00;53064
WINFUT;18/12/2023;13:20:00;172416,41;172474,76;172390,48;172455,31;1689529159,00;48992
WINFUT;18/12/2023;13:15:00;172448,83;172448,83;172364,55;172409,93;2098174299,00;60851
WINFUT;18/12/2023;13:10:00;172487,73;172500,69;172403,45;172442,35;1698409039,00;49245
WINFUT;18/12/2023;13:05:00;172358,07;172500,69;172332,13;172481,24;3879264417,00;112478
WINFUT;18/12/2023;13:00:00;172306,20;172396,96;172280,27;172358,07;2624966100,00;76160
WINFUT;18/12/2023;12:55:00;172293,24;172461,79;172280,27;172306,20;4208901955,00;122091
WINFUT;18/12/2023;12:50:00;172377,51;172390,48;172228,40;172286,75;2847394595,00;82638
WINFUT;18/12/2023;12:45:00;172338,62;172390,48;172247,85;172377,51;3728604095,00;108193
WINFUT;18/12/2023;12:40:00;172358,07;172403,45;172286,75;172345,10;3218334516,00;93369
WINFUT;18/12/2023;12:35:00;172584,97;172623,87;172280,27;172351,58;6896312079,00;199964
WINFUT;18/12/2023;12:30:00;172345,10;172617,39;172312,68;172591,46;7062708423,00;204769
WINFUT;18/12/2023;12:25:00;172215,44;172364,55;172176,54;172345,10;3523255090,00;102266
WINFUT;18/12/2023;12:20:00;172228,40;172241,37;172105,23;172221,92;3834583944,00;111367
WINFUT;18/12/2023;12:15:00;172228,40;172299,72;172189,51;172234,89;2488644106,00;72241
WINFUT;18/12/2023;12:10:00;172267,30;172390,48;172202,47;172228,40;4920344662,00;142788
WINFUT;18/12/2023;12:05:00;172183,02;172345,10;172170,06;172267,30;4147905351,00;120391
WINFUT;18/12/2023;12:00:00;172202,47;172306,20;172144,13;172176,54;4890630190,00;141981
WINFUT;18/12/2023;11:55:00;172066,33;172273,79;172001,50;172202,47;6351944253,00;184490
WINFUT;18/12/2023;11:50:00;172150,61;172195,99;172014,46;172066,33;6329612347,00;183895
WINFUT;18/12/2023;11:45:00;172299,72;172332,13;172131,16;172150,61;5309956660,00;154151
WINFUT;18/12/2023;11:40:00;172396,96;172429,38;172150,61;172299,72;8126582180,00;235827
WINFUT;18/12/2023;11:35:00;172118,19;172409,93;172079,30;172403,45;1,208281927E10;350704
WINFUT;18/12/2023;11:30:00;172221,92;172260,82;171988,53;172118,19;8285638337,00;240731
WINFUT;18/12/2023;11:25:00;172137,64;172286,75;172105,23;172234,89;5363227966,00;155731
WINFUT;18/12/2023;11:20:00;172027,43;172163,57;171995,02;172137,64;4819096297,00;140023
WINFUT;18/12/2023;11:15:00;171871,84;172046,88;171858,87;172033,91;4458231281,00;129617
WINFUT;18/12/2023;11:10:00;171962,60;171988,53;171839,42;171865,35;4945316062,00;143838
WINFUT;18/12/2023;11:05:00;172014,46;172066,33;171904,25;171962,60;5815383419,00;169070
WINFUT;18/12/2023;11:00:00;172195,99;172228,40;171988,53;172014,46;5569085419,00;161788
WINFUT;18/12/2023;10:55:00;172260,82;172332,13;172150,61;172195,99;3959996984,00;114953
WINFUT;18/12/2023;10:50:00;172254,34;172351,58;172176,54;172267,30;4736122419,00;137474
WINFUT;18/12/2023;10:45:00;172163,57;172312,68;172144,13;172254,34;4916068132,00;142722
WINFUT;18/12/2023;10:40:00;172247,85;172247,85;172066,33;172163,57;5947800672,00;172768
WINFUT;18/12/2023;10:35:00;172293,24;172351,58;172189,51;172241,37;5051960933,00;146641
WINFUT;18/12/2023;10:30:00;172221,92;172403,45;172215,44;172293,24;5933699836,00;172182
WINFUT;18/12/2023;10:25:00;172422,90;172455,31;172202,47;172221,92;5929613529,00;172070
WINFUT;18/12/2023;10:20:00;172358,07;172448,83;172267,30;172429,38;6070051648,00;176092
WINFUT;18/12/2023;10:15:00;172273,79;172500,69;172254,34;172364,55;1,029798287E10;298681
WINFUT;18/12/2023;10:10:00;172157,09;172280,27;172098,74;172267,30;5163884538,00;149947
WINFUT;18/12/2023;10:05:00;172260,82;172306,20;172079,30;172150,61;7001437959,00;203293
WINFUT;18/12/2023;10:00:00;172319,17;172396,96;172260,82;172260,82;5060840866,00;146829
WINFUT;18/12/2023;09:55:00;172241,37;172338,62;172228,40;172312,68;2407447902,00;69865
WINFUT;18/12/2023;09:50:00;172234,89;172286,75;172221,92;172241,37;1518461578,00;44077
WINFUT;18/12/2023;09:45:00;172228,40;172273,79;172215,44;172234,89;1775653594,00;51546
WINFUT;18/12/2023;09:40:00;172176,54;172254,34;172137,64;172228,40;3117651298,00;90521
WINFUT;18/12/2023;09:35:00;172176,54;172208,96;172150,61;172183,02;2028795058,00;58913
WINFUT;18/12/2023;09:30:00;172124,68;172215,44;172098,74;172176,54;2496497698,00;72505
WINFUT;18/12/2023;09:25:00;172131,16;172157,09;172079,30;172124,68;1664863210,00;48363
WINFUT;18/12/2023;09:20:00;172144,13;172189,51;172098,74;172137,64;1818737724,00;52827
WINFUT;18/12/2023;09:15:00;172092,26;172189,51;172092,26;172144,13;2843211461,00;82583
WINFUT;18/12/2023;09:10:00;172059,85;172118,19;172020,95;172098,74;2156221724,00;62656
WINFUT;18/12/2023;09:05:00;171962,60;172118,19;171943,15;172053,36;5030823697,00;146210
WINFUT;18/12/2023;09:00:00;171735,69;172007,98;171729,21;171956,12;4248968515,00;123592
WINFUT;15/12/2023;18:20:00;171495,82;171670,86;171469,89;171567,14;1169419223,00;34077
WINFUT;15/12/2023;18:15:00;171612,52;171651,41;171482,86;171495,82;1425908909,00;41554
WINFUT;15/12/2023;18:10:00;171599,55;171638,45;171554,17;171625,48;1385780669,00;40377
WINFUT;15/12/2023;18:05:00;171560,65;171625,48;171463,41;171599,55;1686099626,00;49144
WINFUT;15/12/2023;18:00:00;171437,47;171573,62;171430,99;171560,65;1673101993,00;48777
WINFUT;15/12/2023;17:55:00;171560,65;171586,58;171398,58;171430,99;2516869414,00;73381
WINFUT;15/12/2023;17:50:00;171392,09;171638,45;171359,68;171560,65;3859082550,00;112497
WINFUT;15/12/2023;17:45:00;171469,89;171489,34;171379,13;171392,09;2200544858,00;64186
WINFUT;15/12/2023;17:40:00;171534,72;171547,69;171456,92;171469,89;1906694702,00;55591
WINFUT;15/12/2023;17:35:00;171521,75;171573,62;171476,37;171528,24;2115089529,00;61656
WINFUT;15/12/2023;17:30:00;171567,14;171683,83;171482,86;171521,75;3259647170,00;94988
WINFUT;15/12/2023;17:25:00;171638,45;171716,24;171560,65;171573,62;2480687427,00;72265
WINFUT;15/12/2023;17:20:00;171761,63;171768,11;171631,97;171644,93;2807699123,00;81772
WINFUT;15/12/2023;17:15:00;171729,21;171781,08;171683,83;171761,63;2251895978,00;65562
WINFUT;15/12/2023;17:10:00;171755,14;171852,39;171722,73;171729,21;3363535151,00;97904
WINFUT;15/12/2023;17:05:00;171683,83;171787,56;171631,97;171761,63;3531491841,00;102829
WINFUT;15/12/2023;17:00:00;171580,10;171768,11;171515,27;171683,83;4909423031,00;143007
WINFUT;15/12/2023;16:55:00;171353,19;171599,55;171353,19;171580,10;4930651430,00;143774
WINFUT;15/12/2023;16:50:00;171210,57;171372,64;171210,57;171353,19;3276738072,00;95637
WINFUT;15/12/2023;16:45:00;171093,87;171255,95;171080,91;171204,08;3907600714,00;114141
WINFUT;15/12/2023;16:40:00;171210,57;171242,98;171061,46;171093,87;3309860525,00;96697
WINFUT;15/12/2023;16:35:00;171236,50;171249,47;171132,77;171204,08;2925522547,00;85451
WINFUT;15/12/2023;16:30:00;171191,12;171262,43;171178,15;171242,98;2208503788,00;64489
WINFUT;15/12/2023;16:25:00;171346,71;171366,16;171178,15;171184,64;3187508108,00;93062
WINFUT;15/12/2023;16:20:00;171482,86;171489,34;171294,85;171346,71;3703140816,00;108055
WINFUT;15/12/2023;16:15:00;171476,37;171521,75;171398,58;171482,86;2941518946,00;85778
WINFUT;15/12/2023;16:10:00;171366,16;171502,30;171320,78;171476,37;3311713695,00;96587
WINFUT;15/12/2023;16:05:00;171314,30;171398,58;171262,43;171359,68;2474378361,00;72205
WINFUT;15/12/2023;16:00:00;171320,78;171366,16;171223,53;171314,30;4141058306,00;120880
WINFUT;15/12/2023;15:55:00;171379,13;171418,03;171197,60;171320,78;5866693430,00;171236
WINFUT;15/12/2023;15:50:00;171469,89;171554,17;171346,71;171372,64;4848410867,00;141385
WINFUT;15/12/2023;15:45:00;171508,79;171521,75;171372,64;171463,41;4656967005,00;135822
WINFUT;15/12/2023;15:40:00;171593,07;171612,52;171495,82;171508,79;3441454220,00;100303
WINFUT;15/12/2023;15:35:00;171606,03;171690,31;171528,24;171586,58;3678074652,00;107163
WINFUT;15/12/2023;15:30:00;171768,11;171800,52;171560,65;171606,03;4387420859,00;127793
WINFUT;15/12/2023;15:25:00;171787,56;171826,46;171735,69;171774,59;1896451177,00;55202
WINFUT;15/12/2023;15:20:00;171787,56;171845,91;171748,66;171794,04;2117980607,00;61638
WINFUT;15/12/2023;15:15:00;171755,14;171819,97;171709,76;171781,08;3063672488,00;89181
WINFUT;15/12/2023;15:10:00;171696,80;171787,56;171625,48;171755,14;3417076392,00;99505
WINFUT;15/12/2023;15:05:00;171664,38;171716,24;171606,03;171696,80;2447006183,00;71271
WINFUT;15/12/2023;15:00:00;171573,62;171683,83;171476,37;171664,38;5327014343,00;155240
WINFUT;15/12/2023;14:55:00;171683,83;171709,76;171567,14;171580,10;2534718946,00;73838
WINFUT;15/12/2023;14:50:00;171742,18;171800,52;171664,38;171683,83;2938724161,00;85562
WINFUT;15/12/2023;14:45:00;171722,73;171755,14;171580,10;171742,18;4034989395,00;117525
WINFUT;15/12/2023;14:40:00;171774,59;171787,56;171657,90;171722,73;2302099313,00;67033
WINFUT;15/12/2023;14:35:00;171871,84;171878,32;171703,28;171781,08;3763968277,00;109566
WINFUT;15/12/2023;14:30:00;171904,25;171904,25;171813,49;171878,32;1946629240,00;56637
WINFUT;15/12/2023;14:25:00;171845,91;171910,74;171839,42;171904,25;1420081347,00;41311
WINFUT;15/12/2023;14:20:00;171884,80;172014,46;171826,46;171845,91;4596074534,00;133671
WINFUT;15/12/2023;14:15:00;171729,21;171904,25;171722,73;171884,80;3052058148,00;88817
WINFUT;15/12/2023;14:10:00;171774,59;171832,94;171716,24;171735,69;2432171751,00;70796
WINFUT;15/12/2023;14:05:00;171683,83;171819,97;171651,41;171774,59;2724562846,00;79322
WINFUT;15/12/2023;14:00:00;171709,76;171742,18;171644,93;171677,35;2126837943,00;61937
WINFUT;15/12/2023;13:55:00;171703,28;171755,14;171651,41;171709,76;2036461306,00;59300
WINFUT;15/12/2023;13:50:00;171677,35;171748,66;171638,45;171696,80;2736622064,00;79695
WINFUT;15/12/2023;13:45:00;171852,39;171865,35;171657,90;171683,83;3614950635,00;105242
WINFUT;15/12/2023;13:40:00;171904,25;171910,74;171832,94;171852,39;1268791060,00;36911
WINFUT;15/12/2023;13:35:00;171832,94;171930,19;171826,46;171904,25;2585498732,00;75212
WINFUT;15/12/2023;13:30:00;171897,77;171949,63;171819,97;171839,42;3366279627,00;97924
WINFUT;15/12/2023;13:25:00;171748,66;171910,74;171729,21;171897,77;3700620558,00;107683
WINFUT;15/12/2023;13:20:00;171664,38;171774,59;171631,97;171748,66;2700043259,00;78629
WINFUT;15/12/2023;13:15:00;171832,94;171865,35;171657,90;171664,38;3631575154,00;105724
WINFUT;15/12/2023;13:10:00;171664,38;171871,84;171625,48;171832,94;3891730137,00;113294
WINFUT;15/12/2023;13:05:00;171742,18;171755,14;171567,14;171664,38;4235776130,00;123372
WINFUT;15/12/2023;13:00:00;171832,94;171865,35;171709,76;171742,18;3156699712,00;91884
WINFUT;15/12/2023;12:55:00;171813,49;171865,35;171742,18;171832,94;3419637413,00;99522
WINFUT;15/12/2023;12:50:00;171612,52;171884,80;171612,52;171819,97;6721134414,00;195629
WINFUT;15/12/2023;12:45:00;171398,58;171651,41;171385,61;171619,00;4903685165,00;142947
WINFUT;15/12/2023;12:40:00;171625,48;171657,90;171366,16;171398,58;5765998026,00;168117
WINFUT;15/12/2023;12:35:00;171638,45;171716,24;171612,52;171619,00;2330580948,00;67880
WINFUT;15/12/2023;12:30:00;171619,00;171670,86;171593,07;171644,93;1886583659,00;54960
WINFUT;15/12/2023;12:25:00;171586,58;171677,35;171554,17;171619,00;3072368130,00;89511
WINFUT;15/12/2023;12:20:00;171631,97;171742,18;171560,65;171593,07;3786777840,00;110309
WINFUT;15/12/2023;12:15:00;171742,18;171748,66;171586,58;171625,48;3500167241,00;101956
WINFUT;15/12/2023;12:10:00;171677,35;171768,11;171560,65;171742,18;4109145548,00;119679
WINFUT;15/12/2023;12:05:00;171703,28;171722,73;171554,17;171670,86;4820982721,00;140446
WINFUT;15/12/2023;12:00:00;171651,41;171781,08;171599,55;171703,28;5444838629,00;158566
WINFUT;15/12/2023;11:55:00;171638,45;171781,08;171528,24;171651,41;6852161885,00;199579
WINFUT;15/12/2023;11:50:00;171962,60;171975,57;171586,58;171644,93;8917905861,00;259638
WINFUT;15/12/2023;11:45:00;171949,63;172092,26;171819,97;171956,12;8165583926,00;237436
WINFUT;15/12/2023;11:40:00;172072,81;172234,89;171936,67;171949,63;6745553000,00;195997
WINFUT;15/12/2023;11:35:00;172312,68;172332,13;171982,05;172072,81;8904643321,00;258694
WINFUT;15/12/2023;11:30:00;172364,55;172371,03;172124,68;172312,68;1,052815764E10;305613
WINFUT;15/12/2023;11:25:00;172617,39;172623,87;172345,10;172364,55;5994440576,00;173743
WINFUT;15/12/2023;11:20:00;172721,12;172792,43;172597,94;172617,39;3964703944,00;114798
WINFUT;15/12/2023;11:15:00;172630,35;172811,88;172610,90;172721,12;4923752284,00;142534
WINFUT;15/12/2023;11:10:00;172695,18;172747,05;172565,52;172636,84;3525847840,00;102114
WINFUT;15/12/2023;11:05:00;172662,77;172734,08;172591,46;172688,70;4570627770,00;132358
WINFUT;15/12/2023;11:00:00;172779,46;172805,40;172656,29;172662,77;4876246425,00;141155
WINFUT;15/12/2023;10:55:00;172857,26;172909,12;172766,50;172785,95;4420916860,00;127894
WINFUT;15/12/2023;10:50:00;172714,63;172922,09;172643,32;172857,26;6281893643,00;181759
WINFUT;15/12/2023;10:45:00;172565,52;172792,43;172481,24;172721,12;8186574354,00;237082
WINFUT;15/12/2023;10:40:00;172688,70;172747,05;172325,65;172572,01;1,371425198E10;397443
WINFUT;15/12/2023;10:35:00;172805,40;172935,06;172617,39;172688,70;1,082180086E10;313150
WINFUT;15/12/2023;10:30:00;173129,55;173434,25;172747,05;172805,40;1,847787614E10;533648
WINFUT;15/12/2023;10:25:00;172753,53;173324,04;172734,08;173129,55;1,209424704E10;349376
WINFUT;15/12/2023;10:20:00;172837,81;172883,19;172682,22;172753,53;4994762035,00;144553
WINFUT;15/12/2023;10:15:00;172766,50;172896,16;172727,60;172837,81;4548318822,00;131591
WINFUT;15/12/2023;10:10:00;172811,88;172870,23;172701,67;172766,50;4829695775,00;139761
WINFUT;15/12/2023;10:05:00;172734,08;172824,84;172701,67;172805,40;3737728778,00;108167
WINFUT;15/12/2023;10:00:00;172902,64;172915,61;172714,63;172734,08;6126125092,00;177263
WINFUT;15/12/2023;09:55:00;172837,81;172935,06;172818,36;172896,16;2494724958,00;72152
WINFUT;15/12/2023;09:50:00;172922,09;172922,09;172798,91;172844,29;3061680999,00;88559
WINFUT;15/12/2023;09:45:00;172922,09;172960,99;172896,16;172915,61;1959077783,00;56643
WINFUT;15/12/2023;09:40:00;172876,71;172967,47;172876,71;172922,09;2066073942,00;59740
WINFUT;15/12/2023;09:35:00;172896,16;172928,57;172870,23;172876,71;2015581908,00;58287
WINFUT;15/12/2023;09:30:00;172850,78;172902,64;172811,88;172889,67;2453647073,00;70975
WINFUT;15/12/2023;09:25:00;172850,78;172935,06;172844,29;172850,78;2801348205,00;81016
WINFUT;15/12/2023;09:20:00;172747,05;172909,12;172740,57;172857,26;3233673630,00;93556
WINFUT;15/12/2023;09:15:00;172727,60;172824,84;172721,12;172753,53;3007945733,00;87050
WINFUT;15/12/2023;09:10:00;172734,08;172766,50;172675,73;172727,60;2155174247,00;62389
WINFUT;15/12/2023;09:05:00;172779,46;172818,36;172701,67;172740,57;3002110424,00;86886
WINFUT;15/12/2023;09:00:00;172578,49;172863,74;172539,59;172772,98;6543726087,00;189413
WINFUT;14/12/2023;18:20:00;172293,24;172338,62;172267,30;172332,13;879855581,90;25531
WINFUT;14/12/2023;18:15:00;172364,55;172435,86;172254,34;172293,24;1677776295,00;48674
WINFUT;14/12/2023;18:10:00;172325,65;172403,45;172319,17;172371,03;1095231265,00;31771
WINFUT;14/12/2023;18:05:00;172390,48;172461,79;172306,20;172332,13;1416403193,00;41084
WINFUT;14/12/2023;18:00:00;172422,90;172487,73;172338,62;172390,48;1848856000,00;53622
WINFUT;14/12/2023;17:55:00;172358,07;172422,90;172280,27;172422,90;2593232391,00;75238
WINFUT;14/12/2023;17:50:00;172358,07;172513,66;172312,68;172358,07;5229800426,00;151664
WINFUT;14/12/2023;17:45:00;172183,02;172364,55;172150,61;172358,07;3816572705,00;110771
WINFUT;14/12/2023;17:40:00;172202,47;172234,89;172111,71;172183,02;2361275159,00;68571
WINFUT;14/12/2023;17:35:00;172157,09;172254,34;172124,68;172202,47;2044891681,00;59375
WINFUT;14/12/2023;17:30:00;172118,19;172215,44;172085,78;172157,09;2455563830,00;71314
WINFUT;14/12/2023;17:25:00;172170,06;172299,72;172098,74;172111,71;4797884233,00;139306
WINFUT;14/12/2023;17:20:00;172092,26;172183,02;172066,33;172170,06;2523240118,00;73302
WINFUT;14/12/2023;17:15:00;171988,53;172105,23;171936,67;172098,74;3261228554,00;94787
WINFUT;14/12/2023;17:10:00;171884,80;172014,46;171832,94;171988,53;3431152249,00;99785
WINFUT;14/12/2023;17:05:00;171930,19;172001,50;171865,35;171884,80;3313434685,00;96363
WINFUT;14/12/2023;17:00:00;172001,50;172059,85;171910,74;171930,19;3452243583,00;100363
WINFUT;14/12/2023;16:55:00;171949,63;172020,95;171858,87;172001,50;4586280010,00;133378
WINFUT;14/12/2023;16:50:00;172033,91;172079,30;171936,67;171949,63;3846525446,00;111811
WINFUT;14/12/2023;16:45:00;172085,78;172118,19;172014,46;172040,40;2306059910,00;67010
WINFUT;14/12/2023;16:40:00;172092,26;172150,61;172014,46;172079,30;3535455929,00;102715
WINFUT;14/12/2023;16:35:00;172092,26;172131,16;171982,05;172085,78;3471613752,00;100888
WINFUT;14/12/2023;16:30:00;172118,19;172183,02;172020,95;172098,74;4706576027,00;136748
WINFUT;14/12/2023;16:25:00;172098,74;172183,02;172085,78;172118,19;2423924588,00;70409
WINFUT;14/12/2023;16:20:00;172150,61;172176,54;172072,81;172105,23;2469056416,00;71722
WINFUT;14/12/2023;16:15:00;172085,78;172202,47;172033,91;172150,61;3751075574,00;108977
WINFUT;14/12/2023;16:10:00;171923,70;172176,54;171917,22;172085,78;5005364295,00;145429
WINFUT;14/12/2023;16:05:00;171988,53;172059,85;171910,74;171923,70;3181487190,00;92494
WINFUT;14/12/2023;16:00:00;171897,77;172098,74;171878,32;171988,53;5871731850,00;170674
WINFUT;14/12/2023;15:55:00;171787,56;171949,63;171761,63;171891,29;3794009030,00;110365
WINFUT;14/12/2023;15:50:00;171930,19;171962,60;171742,18;171787,56;7174875836,00;208780
WINFUT;14/12/2023;15:45:00;172046,88;172059,85;171819,97;171930,19;7340471379,00;213468
WINFUT;14/12/2023;15:40:00;172157,09;172189,51;172033,91;172040,40;3548767886,00;103102
WINFUT;14/12/2023;15:35:00;172228,40;172241,37;172118,19;172157,09;3074950727,00;89294
WINFUT;14/12/2023;15:30:00;172098,74;172234,89;172066,33;172228,40;4087526771,00;118711
WINFUT;14/12/2023;15:25:00;172105,23;172163,57;172079,30;172098,74;2259978034,00;65651
WINFUT;14/12/2023;15:20:00;172118,19;172170,06;172072,81;172111,71;2586216223,00;75130
WINFUT;14/12/2023;15:15:00;172157,09;172170,06;172085,78;172124,68;2399494532,00;69702
WINFUT;14/12/2023;15:10:00;172144,13;172208,96;172111,71;172150,61;3058741573,00;88834
WINFUT;14/12/2023;15:05:00;172202,47;172273,79;172137,64;172137,64;3771504934,00;109503
WINFUT;14/12/2023;15:00:00;172474,76;172500,69;172176,54;172202,47;5343454806,00;155031
WINFUT;14/12/2023;14:55:00;172332,13;172474,76;172260,82;172468,28;3688250912,00;106985
WINFUT;14/12/2023;14:50:00;172332,13;172384,00;172228,40;172338,62;4118697713,00;119519
WINFUT;14/12/2023;14:45:00;172435,86;172494,21;172332,13;172338,62;2818888870,00;81750
WINFUT;14/12/2023;14:40:00;172312,68;172520,14;172306,20;172442,35;3826858820,00;110972
WINFUT;14/12/2023;14:35:00;172299,72;172371,03;172221,92;172306,20;3181116105,00;92316
WINFUT;14/12/2023;14:30:00;172351,58;172377,51;172280,27;172293,24;2364490459,00;68605
WINFUT;14/12/2023;14:25:00;172390,48;172481,24;172332,13;172351,58;3222302237,00;93451
WINFUT;14/12/2023;14:20:00;172332,13;172474,76;172325,65;172390,48;3791494177,00;109959
WINFUT;14/12/2023;14:15:00;172286,75;172338,62;172241,37;172338,62;2214140668,00;64257
WINFUT;14/12/2023;14:10:00;172371,03;172416,41;172286,75;172286,75;3035423640,00;88055
WINFUT;14/12/2023;14:05:00;172332,13;172371,03;172241,37;172371,03;2854787884,00;82843
WINFUT;14/12/2023;14:00:00;172364,55;172403,45;172286,75;172338,62;2992926237,00;86829
WINFUT;14/12/2023;13:55:00;172390,48;172435,86;172325,65;172364,55;2480610006,00;71952
WINFUT;14/12/2023;13:50:00;172280,27;172409,93;172260,82;172390,48;2818087569,00;81756
WINFUT;14/12/2023;13:45:00;172312,68;172345,10;172215,44;172273,79;2742908194,00;79603
WINFUT;14/12/2023;13:40:00;172176,54;172325,65;172163,57;172306,20;3346019610,00;97116
WINFUT;14/12/2023;13:35:00;172189,51;172267,30;172118,19;172176,54;3442717098,00;99966
WINFUT;14/12/2023;13:30:00;172157,09;172241,37;172092,26;172183,02;4272545921,00;124084
WINFUT;14/12/2023;13:25:00;172118,19;172163,57;171995,02;172157,09;4367273765,00;126899
WINFUT;14/12/2023;13:20:00;172221,92;172228,40;172066,33;172111,71;3832484010,00;111326
WINFUT;14/12/2023;13:15:00;172189,51;172273,79;172157,09;172221,92;3557257246,00;103285
WINFUT;14/12/2023;13:10:00;172384,00;172461,79;172163,57;172183,02;5596085804,00;162374
WINFUT;14/12/2023;13:05:00;172267,30;172409,93;172260,82;172384,00;3269199372,00;94857
WINFUT;14/12/2023;13:00:00;172247,85;172332,13;172176,54;172273,79;3027475065,00;87878
WINFUT;14/12/2023;12:55:00;172306,20;172345,10;172189,51;172241,37;3227108818,00;93670
WINFUT;14/12/2023;12:50:00;172338,62;172416,41;172267,30;172306,20;2626317151,00;76193
WINFUT;14/12/2023;12:45:00;172390,48;172429,38;172280,27;172338,62;3867779690,00;112202
WINFUT;14/12/2023;12:40:00;172202,47;172396,96;172183,02;172396,96;4710710360,00;136700
WINFUT;14/12/2023;12:35:00;172312,68;172319,17;172144,13;172208,96;5907277477,00;171506
WINFUT;14/12/2023;12:30:00;172371,03;172507,18;172286,75;172306,20;6322746290,00;183374
WINFUT;14/12/2023;12:25:00;172306,20;172396,96;172241,37;172371,03;3523258606,00;102225
WINFUT;14/12/2023;12:20:00;172351,58;172396,96;172228,40;172312,68;4257439556,00;123538
WINFUT;14/12/2023;12:15:00;172377,51;172422,90;172241,37;172351,58;6195321409,00;179749
WINFUT;14/12/2023;12:10:00;172494,21;172565,52;172364,55;172377,51;5038716829,00;146074
WINFUT;14/12/2023;12:05:00;172435,86;172533,11;172306,20;172494,21;5388580547,00;156276
WINFUT;14/12/2023;12:00:00;172384,00;172578,49;172358,07;172435,86;7317427214,00;212154
WINFUT;14/12/2023;11:55:00;172390,48;172487,73;172293,24;172390,48;7226213045,00;209595
WINFUT;14/12/2023;11:50:00;172623,87;172669,25;172377,51;172390,48;8051193971,00;233291
WINFUT;14/12/2023;11:45:00;172740,57;172863,74;172617,39;172623,87;9042273386,00;261698
WINFUT;14/12/2023;11:40:00;172565,52;172753,53;172520,14;172747,05;7520935298,00;217779
WINFUT;14/12/2023;11:35:00;172487,73;172597,94;172358,07;172565,52;8851839795,00;256622
WINFUT;14/12/2023;11:30:00;172131,16;172494,21;172118,19;172487,73;9797642942,00;284264
WINFUT;14/12/2023;11:25:00;172215,44;172228,40;172033,91;172137,64;5149138635,00;149572
WINFUT;14/12/2023;11:20:00;172247,85;172273,79;172137,64;172215,44;3833078639,00;111298
WINFUT;14/12/2023;11:15:00;172247,85;172273,79;172131,16;172254,34;5472550668,00;158903
WINFUT;14/12/2023;11:10:00;172286,75;172416,41;172221,92;172241,37;4646504066,00;134822
WINFUT;14/12/2023;11:05:00;172247,85;172396,96;172221,92;172280,27;5207003698,00;151096
WINFUT;14/12/2023;11:00:00;172429,38;172500,69;172189,51;172254,34;6939982767,00;201356
WINFUT;14/12/2023;10:55:00;172403,45;172513,66;172351,58;172422,90;5152484878,00;149409
WINFUT;14/12/2023;10:50:00;172422,90;172448,83;172228,40;172403,45;7928585544,00;230027
WINFUT;14/12/2023;10:45:00;172338,62;172597,94;172332,13;172422,90;8092912003,00;234611
WINFUT;14/12/2023;10:40:00;172273,79;172403,45;172202,47;172332,13;6266241102,00;181825
WINFUT;14/12/2023;10:35:00;172118,19;172338,62;172066,33;172267,30;7970576435,00;231417
WINFUT;14/12/2023;10:30:00;172494,21;172507,18;172105,23;172118,19;1,151963311E10;334331
WINFUT;14/12/2023;10:25:00;172371,03;172597,94;172338,62;172494,21;5204733680,00;150894
WINFUT;14/12/2023;10:20:00;172403,45;172597,94;172351,58;172371,03;7873952906,00;228277
WINFUT;14/12/2023;10:15:00;172649,80;172902,64;172396,96;172396,96;1,260396954E10;364948
WINFUT;14/12/2023;10:10:00;172267,30;172740,57;172234,89;172649,80;1,000860719E10;290100
WINFUT;14/12/2023;10:05:00;172422,90;172435,86;172247,85;172260,82;6230917289,00;180777
WINFUT;14/12/2023;10:00:00;172345,10;172546,07;172338,62;172422,90;6427262303,00;186336
WINFUT;14/12/2023;09:55:00;172390,48;172416,41;172332,13;172351,58;2296020244,00;66602
WINFUT;14/12/2023;09:50:00;172435,86;172461,79;172358,07;172390,48;2998103815,00;86945
WINFUT;14/12/2023;09:45:00;172384,00;172442,35;172338,62;172442,35;3425270581,00;99343
WINFUT;14/12/2023;09:40:00;172377,51;172384,00;172293,24;172384,00;2488990390,00;72212
WINFUT;14/12/2023;09:35:00;172338,62;172390,48;172306,20;172377,51;2324693878,00;67442
WINFUT;14/12/2023;09:30:00;172299,72;172403,45;172247,85;172345,10;3580796395,00;103892
WINFUT;14/12/2023;09:25:00;172228,40;172358,07;172215,44;172299,72;3957647505,00;114852
WINFUT;14/12/2023;09:20:00;172092,26;172299,72;172092,26;172234,89;5468161976,00;158759
WINFUT;14/12/2023;09:15:00;172014,46;172144,13;171962,60;172098,74;4426389573,00;128638
WINFUT;14/12/2023;09:10:00;171807,01;172092,26;171800,52;172007,98;5367178682,00;156042
WINFUT;14/12/2023;09:05:00;172020,95;172144,13;171729,21;171807,01;8540709470,00;248427
WINFUT;14/12/2023;09:00:00;171962,60;172085,78;171677,35;172020,95;5237027938,00;152301
WINFUT;13/12/2023;18:20:00;171379,13;171573,62;171275,40;171424,51;1762374680,00;51407
WINFUT;13/12/2023;18:15:00;171314,30;171560,65;171301,33;171392,09;3338575275,00;97382
WINFUT;13/12/2023;18:10:00;170983,66;171320,78;170977,18;171314,30;3068893969,00;89637
WINFUT;13/12/2023;18:05:00;170977,18;171003,11;170828,07;170990,14;2201386066,00;64395
WINFUT;13/12/2023;18:00:00;171035,53;171067,94;170899,38;170970,70;2252658308,00;65876
WINFUT;13/12/2023;17:55:00;170737,31;171132,77;170704,89;171035,53;4647752233,00;135951
WINFUT;13/12/2023;17:50:00;170691,92;170743,79;170549,30;170730,82;3153331214,00;92390
WINFUT;13/12/2023;17:45:00;170717,86;170776,20;170555,78;170691,92;3879253304,00;113645
WINFUT;13/12/2023;17:40:00;171067,94;171067,94;170698,41;170711,37;4448927671,00;130190
WINFUT;13/12/2023;17:35:00;170594,68;171093,87;170588,20;171054,97;6492435937,00;189939
WINFUT;13/12/2023;17:30:00;170815,10;170815,10;170503,92;170601,16;5042959397,00;147768
WINFUT;13/12/2023;17:25:00;170400,19;170854,00;170160,32;170808,62;7366109980,00;216067
WINFUT;13/12/2023;17:20:00;170400,19;170458,54;170270,53;170400,19;4065247189,00;119319
WINFUT;13/12/2023;17:15:00;170439,09;170562,26;170361,29;170400,19;4435308560,00;130100
WINFUT;13/12/2023;17:10:00;170653,03;170685,44;170257,56;170439,09;8725372312,00;255961
WINFUT;13/12/2023;17:05:00;169965,82;171126,29;169842,65;170646,54;1,6943122E10;497276
WINFUT;13/12/2023;17:00:00;169648,16;169959,34;169570,36;169959,34;8933312534,00;263100
WINFUT;13/12/2023;16:55:00;169304,55;169719,47;169142,48;169648,16;1,170754075E10;345429
WINFUT;13/12/2023;16:50:00;169576,84;169576,84;169298,07;169311,04;8941307543,00;263894
WINFUT;13/12/2023;16:45:00;169414,77;169764,85;169349,94;169576,84;1,20922183E10;356557
WINFUT;13/12/2023;16:40:00;169025,78;169492,56;168947,99;169408,28;1,61321671E10;476713
WINFUT;13/12/2023;16:35:00;168617,35;169071,17;168617,35;169019,30;9867710004,00;292254
WINFUT;13/12/2023;16:30:00;168643,28;168688,67;168435,83;168617,35;6913779750,00;205058
WINFUT;13/12/2023;16:25:00;168513,62;168675,70;168409,90;168643,28;6366105171,00;188879
WINFUT;13/12/2023;16:20:00;168539,56;168682,18;168474,73;168520,11;7842156385,00;232584
WINFUT;13/12/2023;16:15:00;168396,93;168578,45;168319,13;168539,56;6916291113,00;205283
WINFUT;13/12/2023;16:10:00;168364,51;168455,28;168208,92;168396,93;6465444499,00;192061
WINFUT;13/12/2023;16:05:00;168085,74;168371,00;167982,01;168358,03;9730287381,00;289216
WINFUT;13/12/2023;16:00:00;167314,26;168098,71;167307,78;168085,74;1,570583981E10;467971
WINFUT;13/12/2023;15:55:00;167424,47;167430,96;167268,88;167307,78;3422059271,00;102240
WINFUT;13/12/2023;15:50:00;167126,25;167437,44;167113,29;167430,96;6355265617,00;189953
WINFUT;13/12/2023;15:45:00;167054,94;167119,77;167048,46;167119,77;2176455508,00;65130
WINFUT;13/12/2023;15:40:00;166990,11;167067,91;166970,66;167048,46;2616718068,00;78334
WINFUT;13/12/2023;15:35:00;166918,80;167003,08;166847,48;166990,11;2222831997,00;66580
WINFUT;13/12/2023;15:30:00;166873,42;166983,63;166841,00;166918,80;2723053212,00;81567
WINFUT;13/12/2023;15:25:00;166951,21;166990,11;166795,62;166873,42;3013751644,00;90297
WINFUT;13/12/2023;15:20:00;166977,14;167009,56;166873,42;166951,21;2859516565,00;85644
WINFUT;13/12/2023;15:15:00;167041,97;167067,91;166944,73;166983,63;2517451217,00;75368
WINFUT;13/12/2023;15:10:00;166905,83;167041,97;166879,90;167035,49;3118189467,00;93372
WINFUT;13/12/2023;15:05:00;166912,31;166925,28;166795,62;166905,83;2948071817,00;88341
WINFUT;13/12/2023;15:00:00;166912,31;167009,56;166841,00;166905,83;4498914522,00;134763
WINFUT;13/12/2023;14:55:00;166964,18;167126,25;166899,35;166918,80;5731015158,00;171568
WINFUT;13/12/2023;14:50:00;166879,90;166964,18;166866,93;166964,18;2160907577,00;64730
WINFUT;13/12/2023;14:45:00;166841,00;166912,31;166821,55;166879,90;2025078152,00;60680
WINFUT;13/12/2023;14:40:00;166990,11;166990,11;166808,58;166841,00;3414493185,00;102303
WINFUT;13/12/2023;14:35:00;166834,52;167048,46;166763,20;166983,63;4756743216,00;142486
WINFUT;13/12/2023;14:30:00;166918,80;166944,73;166782,65;166841,00;3385589702,00;101458
WINFUT;13/12/2023;14:25:00;166886,38;167009,56;166886,38;166918,80;2283099064,00;68376
WINFUT;13/12/2023;14:20:00;166957,69;166996,59;166879,90;166886,38;2263932291,00;67806
WINFUT;13/12/2023;14:15:00;166970,66;167041,97;166931,76;166957,69;3335247865,00;99864
WINFUT;13/12/2023;14:10:00;166951,21;166977,14;166873,42;166977,14;2098487379,00;62855
WINFUT;13/12/2023;14:05:00;166873,42;166983,63;166847,48;166957,69;2623741284,00;78595
WINFUT;13/12/2023;14:00:00;166860,45;166957,69;166828,03;166873,42;3127651634,00;93693
WINFUT;13/12/2023;13:55:00;166951,21;166957,69;166789,14;166860,45;3986827970,00;119459
WINFUT;13/12/2023;13:50:00;166879,90;166970,66;166860,45;166951,21;2486191521,00;74471
WINFUT;13/12/2023;13:45:00;166808,58;166931,76;166724,31;166879,90;3999874752,00;119883
WINFUT;13/12/2023;13:40:00;166691,89;166828,03;166620,58;166808,58;3822924471,00;114638
WINFUT;13/12/2023;13:35:00;166665,96;166750,24;166633,54;166685,41;2951165945,00;88526
WINFUT;13/12/2023;13:30:00;166730,79;166808,58;166652,99;166672,44;2655228846,00;79620
WINFUT;13/12/2023;13:25:00;166730,79;166802,10;166633,54;166737,27;4313208084,00;129359
WINFUT;13/12/2023;13:20:00;166892,86;166892,86;166724,31;166737,27;2980286979,00;89345
WINFUT;13/12/2023;13:15:00;166879,90;166918,80;166834,52;166892,86;2089753809,00;62614
WINFUT;13/12/2023;13:10:00;166795,62;166905,83;166769,69;166879,90;2974309461,00;89138
WINFUT;13/12/2023;13:05:00;166899,35;166905,83;166717,82;166802,10;4159310983,00;124673
WINFUT;13/12/2023;13:00:00;166996,59;167029,01;166886,38;166899,35;2817531271,00;84374
WINFUT;13/12/2023;12:55:00;166957,69;167054,94;166918,80;167003,08;2420798457,00;72481
WINFUT;13/12/2023;12:50:00;166873,42;166983,63;166815,07;166964,18;2887104188,00;86494
WINFUT;13/12/2023;12:45:00;166990,11;166990,11;166815,07;166866,93;4549612390,00;136316
WINFUT;13/12/2023;12:40:00;166789,14;167080,87;166782,65;166983,63;5856358949,00;175387
WINFUT;13/12/2023;12:35:00;166860,45;166866,93;166704,86;166789,14;4603658194,00;138018
WINFUT;13/12/2023;12:30:00;166853,97;166957,69;166834,52;166860,45;3479725873,00;104250
WINFUT;13/12/2023;12:25:00;166996,59;167087,36;166795,62;166847,48;6312428943,00;189053
WINFUT;13/12/2023;12:20:00;167022,52;167041,97;166892,86;166996,59;3125946574,00;93612
WINFUT;13/12/2023;12:15:00;166990,11;167054,94;166938,25;167016,04;2954658550,00;88461
WINFUT;13/12/2023;12:10:00;167035,49;167100,32;166951,21;166990,11;3378100126,00;101130
WINFUT;13/12/2023;12:05:00;167113,29;167139,22;166951,21;167035,49;5162028063,00;154535
WINFUT;13/12/2023;12:00:00;167132,74;167217,02;167054,94;167119,77;3992974850,00;119453
WINFUT;13/12/2023;11:55:00;167184,60;167197,57;167029,01;167139,22;4348529248,00;130116
WINFUT;13/12/2023;11:50:00;167229,98;167255,91;167087,36;167184,60;4127270723,00;123446
WINFUT;13/12/2023;11:45:00;167210,53;167353,16;167165,15;167223,50;6912812971,00;206646
WINFUT;13/12/2023;11:40:00;167184,60;167223,50;167106,80;167210,53;4585621315,00;137164
WINFUT;13/12/2023;11:35:00;167249,43;167333,71;167158,67;167178,12;5384035820,00;160960
WINFUT;13/12/2023;11:30:00;167392,06;167411,51;167165,15;167242,95;8402149915,00;251172
WINFUT;13/12/2023;11:25:00;167482,82;167528,20;167385,58;167398,54;4003117300,00;119533
WINFUT;13/12/2023;11:20:00;167495,79;167521,72;167424,47;167482,82;2631935912,00;78576
WINFUT;13/12/2023;11:15:00;167599,52;167664,35;167437,44;167495,79;5373573726,00;160354
WINFUT;13/12/2023;11:10:00;167567,10;167618,96;167482,82;167606,00;4112139548,00;122713
WINFUT;13/12/2023;11:05:00;167456,89;167631,93;167443,92;167573,58;5813394814,00;173467
WINFUT;13/12/2023;11:00:00;167495,79;167547,65;167340,19;167450,41;6315146283,00;188598
WINFUT;13/12/2023;10:55:00;167489,30;167560,62;167437,44;167502,27;4581360241,00;136756
WINFUT;13/12/2023;10:50:00;167392,06;167508,75;167353,16;167495,79;5153904905,00;153905
WINFUT;13/12/2023;10:45:00;167074,39;167430,96;167029,01;167392,06;8603192433,00;257199
WINFUT;13/12/2023;10:40:00;167236,47;167268,88;167061,42;167074,39;5914654130,00;176917
WINFUT;13/12/2023;10:35:00;167178,12;167340,19;167119,77;167236,47;6335461525,00;189408
WINFUT;13/12/2023;10:30:00;167126,25;167314,26;167113,29;167178,12;8497381664,00;254076
WINFUT;13/12/2023;10:25:00;166938,25;167171,63;166938,25;167119,77;6594343213,00;197358
WINFUT;13/12/2023;10:20:00;166886,38;166990,11;166730,79;166944,73;8424990163,00;252410
WINFUT;13/12/2023;10:15:00;166588,16;166905,83;166542,78;166886,38;8838507296,00;264998
WINFUT;13/12/2023;10:10:00;166523,33;166627,06;166471,47;166581,68;5605807184,00;168298
WINFUT;13/12/2023;10:05:00;166555,75;166620,58;166497,40;166516,85;4764174474,00;143021
WINFUT;13/12/2023;10:00:00;166607,61;166769,69;166523,33;166555,75;7213841451,00;216440
WINFUT;13/12/2023;09:55:00;166575,20;166633,54;166523,33;166614,09;2647720553,00;79473
WINFUT;13/12/2023;09:50:00;166581,68;166627,06;166536,30;166568,71;2434003835,00;73060
WINFUT;13/12/2023;09:45:00;166704,86;166711,34;166562,23;166581,68;3376370809,00;101317
WINFUT;13/12/2023;09:40:00;166769,69;166789,14;166659,47;166704,86;3072863635,00;92159
WINFUT;13/12/2023;09:35:00;166750,24;166821,55;166724,31;166776,17;2622606288,00;78628
WINFUT;13/12/2023;09:30:00;166743,75;166789,14;166704,86;166750,24;2565710645,00;76934
WINFUT;13/12/2023;09:25:00;166659,47;166750,24;166640,03;166737,27;2803370958,00;84085
WINFUT;13/12/2023;09:20:00;166503,88;166678,92;166484,43;166659,47;2969608042,00;89132
WINFUT;13/12/2023;09:15:00;166523,33;166581,68;166497,40;166503,88;1902803892,00;57128
WINFUT;13/12/2023;09:10:00;166652,99;166685,41;166497,40;166523,33;3118629594,00;93602
WINFUT;13/12/2023;09:05:00;166523,33;166711,34;166464,98;166646,51;3561226977,00;106874
WINFUT;13/12/2023;09:00:00;166860,45;166938,25;166374,22;166523,33;5806247779,00;174296
WINFUT;12/12/2023;18:20:00;166834,07;166979,14;166814,29;166860,45;1273191901,00;38146
WINFUT;12/12/2023;18:15:00;166827,48;166880,23;166787,92;166840,67;1239997421,00;37163
WINFUT;12/12/2023;18:10:00;166867,04;166913,20;166801,10;166827,48;1334379115,00;39987
WINFUT;12/12/2023;18:05:00;166820,89;166886,82;166735,16;166860,45;1827237807,00;54768
WINFUT;12/12/2023;18:00:00;166867,04;166913,20;166820,89;166827,48;1186889444,00;35565
WINFUT;12/12/2023;17:55:00;166807,70;166913,20;166801,10;166867,04;1859123660,00;55705
WINFUT;12/12/2023;17:50:00;166708,79;166873,64;166695,60;166807,70;3176098150,00;95204
WINFUT;12/12/2023;17:45:00;166708,79;166741,76;166669,22;166715,38;1554782005,00;46632
WINFUT;12/12/2023;17:40:00;166682,41;166768,13;166662,63;166708,79;2651995254,00;79534
WINFUT;12/12/2023;17:35:00;166715,38;166754,95;166616,47;166675,82;2793684402,00;83802
WINFUT;12/12/2023;17:30:00;166748,35;166787,92;166695,60;166715,38;2205240379,00;66124
WINFUT;12/12/2023;17:25:00;166820,89;166853,85;166741,76;166754,95;1950534925,00;58470
WINFUT;12/12/2023;17:20:00;166867,04;166880,23;166807,70;166827,48;1487310944,00;44571
WINFUT;12/12/2023;17:15:00;166860,45;166873,64;166741,76;166873,64;3788973773,00;113578
WINFUT;12/12/2023;17:10:00;166787,92;166880,23;166781,32;166853,85;1893575889,00;56752
WINFUT;12/12/2023;17:05:00;166787,92;166867,04;166768,13;166787,92;2456151663,00;73615
WINFUT;12/12/2023;17:00:00;166886,82;166913,20;166735,16;166787,92;3448088209,00;103356
WINFUT;12/12/2023;16:55:00;166880,23;166932,98;166847,26;166893,42;1644929927,00;49282
WINFUT;12/12/2023;16:50:00;166860,45;166926,39;166853,85;166880,23;1440636052,00;43160
WINFUT;12/12/2023;16:45:00;166814,29;166913,20;166794,51;166860,45;2366569372,00;70914
WINFUT;12/12/2023;16:40:00;166900,01;166913,20;166787,92;166814,29;2513302009,00;75325
WINFUT;12/12/2023;16:35:00;166926,39;166959,36;166847,26;166900,01;2319348206,00;69480
WINFUT;12/12/2023;16:30:00;166873,64;166946,17;166867,04;166919,79;3465490698,00;103815
WINFUT;12/12/2023;16:25:00;166807,70;166880,23;166781,32;166873,64;2759377059,00;82700
WINFUT;12/12/2023;16:20:00;166715,38;166827,48;166695,60;166807,70;2774935830,00;83197
WINFUT;12/12/2023;16:15:00;166708,79;166807,70;166649,44;166715,38;4775037267,00;143203
WINFUT;12/12/2023;16:10:00;166662,63;166748,35;166656,04;166702,19;2860287991,00;85790
WINFUT;12/12/2023;16:05:00;166576,91;166695,60;166543,94;166656,04;2641912615,00;79277
WINFUT;12/12/2023;16:00:00;166636,25;166649,44;166517,56;166570,31;2655655713,00;79717
WINFUT;12/12/2023;15:55:00;166616,47;166649,44;166557,13;166642,85;2172707739,00;65205
WINFUT;12/12/2023;15:50:00;166609,88;166636,25;166543,94;166616,47;2278039557,00;68374
WINFUT;12/12/2023;15:45:00;166609,88;166636,25;166570,31;166603,28;1667822610,00;50054
WINFUT;12/12/2023;15:40:00;166497,78;166642,85;166497,78;166603,28;3063556399,00;91955
WINFUT;12/12/2023;15:35:00;166491,19;166537,34;166464,81;166504,37;2196576296,00;65963
WINFUT;12/12/2023;15:30:00;166550,53;166557,13;166425,25;166484,59;2708964097,00;81359
WINFUT;12/12/2023;15:25:00;166484,59;166583,50;166438,43;166550,53;3795257542,00;113957
WINFUT;12/12/2023;15:20:00;166504,37;166550,53;166425,25;166491,19;2759274625,00;82869
WINFUT;12/12/2023;15:15:00;166425,25;166524,16;166425,25;166504,37;2280624520,00;68495
WINFUT;12/12/2023;15:10:00;166471,40;166497,78;166418,65;166431,84;1941376468,00;58316
WINFUT;12/12/2023;15:05:00;166484,59;166550,53;166418,65;166471,40;4151026090,00;124668
WINFUT;12/12/2023;15:00:00;166293,37;166517,56;166260,40;166491,19;5671565517,00;170410
WINFUT;12/12/2023;14:55:00;166214,24;166326,34;166207,65;166286,77;2352702897,00;70745
WINFUT;12/12/2023;14:50:00;166273,59;166293,37;166201,05;166220,83;2225552014,00;66934
WINFUT;12/12/2023;14:45:00;166227,43;166286,77;166187,86;166266,99;3446864787,00;103671
WINFUT;12/12/2023;14:40:00;166273,59;166379,09;166214,24;166220,83;3545750150,00;106602
WINFUT;12/12/2023;14:35:00;166379,09;166471,40;166220,83;166266,99;5591381382,00;168089
WINFUT;12/12/2023;14:30:00;166365,90;166438,43;166319,74;166379,09;3005056698,00;90307
WINFUT;12/12/2023;14:25:00;166431,84;166445,03;166352,71;166359,31;2107459908,00;63327
WINFUT;12/12/2023;14:20:00;166471,40;166497,78;166372,50;166431,84;3533394082,00;106152
WINFUT;12/12/2023;14:15:00;166438,43;166517,56;166405,46;166464,81;3061541909,00;91951
WINFUT;12/12/2023;14:10:00;166299,96;166445,03;166273,59;166431,84;4052616617,00;121798
WINFUT;12/12/2023;14:05:00;166517,56;166524,16;166181,27;166299,96;8615533762,00;258996
WINFUT;12/12/2023;14:00:00;166649,44;166675,82;166484,59;166517,56;5159864535,00;154888
WINFUT;12/12/2023;13:55:00;166721,98;166741,76;166629,66;166656,04;2810994252,00;84320
WINFUT;12/12/2023;13:50:00;166695,60;166768,13;166682,41;166728,57;2453918703,00;73593
WINFUT;12/12/2023;13:45:00;166642,85;166702,19;166590,10;166689,01;3482458095,00;104482
WINFUT;12/12/2023;13:40:00;166768,13;166807,70;166609,88;166642,85;4231251587,00;126921
WINFUT;12/12/2023;13:35:00;166768,13;166814,29;166748,35;166761,54;1925477928,00;57724
WINFUT;12/12/2023;13:30:00;166801,10;166840,67;166741,76;166774,73;2774184060,00;83168
WINFUT;12/12/2023;13:25:00;166880,23;166880,23;166761,54;166794,51;4199182078,00;125868
WINFUT;12/12/2023;13:20:00;166880,23;166913,20;166853,85;166880,23;1808085764,00;54173
WINFUT;12/12/2023;13:15:00;166932,98;166952,76;166847,26;166880,23;3045824922,00;91249
WINFUT;12/12/2023;13:10:00;166972,55;167005,52;166886,82;166932,98;2643035263,00;79164
WINFUT;12/12/2023;13:05:00;166965,95;167018,70;166900,01;166979,14;3244996203,00;97176
WINFUT;12/12/2023;13:00:00;166946,17;166992,33;166867,04;166965,95;3533187920,00;105826
WINFUT;12/12/2023;12:55:00;166840,67;166998,92;166794,51;166946,17;4741470449,00;142049
WINFUT;12/12/2023;12:50:00;166853,85;166873,64;166794,51;166840,67;2541311908,00;76159
WINFUT;12/12/2023;12:45:00;166768,13;166853,85;166754,95;166847,26;3284265023,00;98439
WINFUT;12/12/2023;12:40:00;166715,38;166787,92;166702,19;166768,13;3034512894,00;90988
WINFUT;12/12/2023;12:35:00;166616,47;166721,98;166543,94;166721,98;4058908694,00;121790
WINFUT;12/12/2023;12:30:00;166642,85;166695,60;166576,91;166623,07;2792485176,00;83788
WINFUT;12/12/2023;12:25:00;166656,04;166695,60;166603,28;166636,25;2980236565,00;89414
WINFUT;12/12/2023;12:20:00;166543,94;166669,22;166497,78;166662,63;3409952400,00;102344
WINFUT;12/12/2023;12:15:00;166537,34;166583,50;166445,03;166543,94;3814423974,00;114535
WINFUT;12/12/2023;12:10:00;166675,82;166695,60;166510,97;166543,94;3759232483,00;112834
WINFUT;12/12/2023;12:05:00;166656,04;166748,35;166623,07;166675,82;5182815160,00;155469
WINFUT;12/12/2023;12:00:00;166543,94;166662,63;166372,50;166662,63;7133535819,00;214208
WINFUT;12/12/2023;11:55:00;166524,16;166603,28;166497,78;166543,94;3115011627,00;93511
WINFUT;12/12/2023;11:50:00;166504,37;166656,04;166464,81;166524,16;5618886420,00;168666
WINFUT;12/12/2023;11:45:00;166497,78;166609,88;166392,28;166504,37;9338977539,00;280468
WINFUT;12/12/2023;11:40:00;166570,31;166715,38;166491,19;166504,37;6792881270,00;203870
WINFUT;12/12/2023;11:35:00;166576,91;166689,01;166464,81;166570,31;9678888316,00;290496
WINFUT;12/12/2023;11:30:00;167308,84;167348,40;166491,19;166576,91;1,869367414E10;559920
WINFUT;12/12/2023;11:25:00;167348,40;167493,47;167302,25;167308,84;4996993941,00;149245
WINFUT;12/12/2023;11:20:00;167335,21;167420,94;167256,09;167348,40;3778318631,00;112896
WINFUT;12/12/2023;11:15:00;167401,15;167447,31;167275,87;167328,62;5125133461,00;153120
WINFUT;12/12/2023;11:10:00;167328,62;167401,15;167242,90;167394,56;4595937001,00;137327
WINFUT;12/12/2023;11:05:00;167209,93;167348,40;167117,61;167328,62;4997670028,00;149404
WINFUT;12/12/2023;11:00:00;167196,74;167216,52;167064,86;167209,93;4728409958,00;141443
WINFUT;12/12/2023;10:55:00;167170,37;167256,09;167104,43;167196,74;5722483099,00;171134
WINFUT;12/12/2023;10:50:00;167295,65;167394,56;167157,18;167170,37;6504002274,00;194398
WINFUT;12/12/2023;10:45:00;167275,87;167341,81;167150,58;167302,25;7170105343,00;214372
WINFUT;12/12/2023;10:40:00;167546,22;167566,00;167209,93;167269,28;9424896825,00;281590
WINFUT;12/12/2023;10:35:00;167513,25;167625,35;167328,62;167546,22;8374073097,00;250005
WINFUT;12/12/2023;10:30:00;167777,01;168073,74;167315,43;167513,25;1,555128034E10;463580
WINFUT;12/12/2023;10:25:00;167671,51;167882,51;167631,94;167770,42;5911616628,00;176218
WINFUT;12/12/2023;10:20:00;167678,10;167704,48;167559,41;167671,51;4896798305,00;146053
WINFUT;12/12/2023;10:15:00;167790,20;167816,57;167631,94;167671,51;5210698033,00;155329
WINFUT;12/12/2023;10:10:00;167783,60;167809,98;167664,91;167796,79;5927641608,00;176693
WINFUT;12/12/2023;10:05:00;167856,14;167895,70;167763,82;167790,20;3782551095,00;112700
WINFUT;12/12/2023;10:00:00;167809,98;167895,70;167744,04;167856,14;4612844548,00;137430
WINFUT;12/12/2023;09:55:00;167803,39;167842,95;167750,64;167816,57;3210573050,00;95672
WINFUT;12/12/2023;09:50:00;167902,30;167928,67;167777,01;167796,79;3458580866,00;103027
WINFUT;12/12/2023;09:45:00;167955,05;167981,42;167895,70;167908,89;1643795773,00;48941
WINFUT;12/12/2023;09:40:00;167961,64;167981,42;167882,51;167961,64;2541101850,00;75662
WINFUT;12/12/2023;09:35:00;167955,05;167988,02;167928,67;167968,24;1662413891,00;49490
WINFUT;12/12/2023;09:30:00;167981,42;167994,61;167915,48;167955,05;1763531188,00;52500
WINFUT;12/12/2023;09:25:00;167968,24;168040,77;167935,27;167981,42;2680534329,00;79782
WINFUT;12/12/2023;09:20:00;167988,02;168014,39;167915,48;167968,24;2745449525,00;81727
WINFUT;12/12/2023;09:15:00;168192,43;168212,21;167902,30;167988,02;5221754063,00;155396
WINFUT;12/12/2023;09:10:00;167988,02;168232,00;167948,45;168199,03;4519339317,00;134460
WINFUT;12/12/2023;09:05:00;168218,81;168264,96;167902,30;167988,02;6543063552,00;194603
WINFUT;12/12/2023;09:00:00;168027,58;168238,59;167908,89;168218,81;4027243182,00;119812
WINFUT;11/12/2023;18:20:00;167631,94;167730,85;167618,76;167704,48;1103542864,00;32905
WINFUT;11/12/2023;18:15:00;167618,76;167664,91;167566,00;167638,54;1116393954,00;33302
WINFUT;11/12/2023;18:10:00;167585,79;167625,35;167539,63;167618,76;1035068176,00;30882
WINFUT;11/12/2023;18:05:00;167585,79;167598,97;167533,03;167579,19;799808285,90;23865
WINFUT;11/12/2023;18:00:00;167579,19;167631,94;167546,22;167585,79;1180746593,00;35228
WINFUT;11/12/2023;17:55:00;167546,22;167658,32;167539,63;167579,19;1947394695,00;58096
WINFUT;11/12/2023;17:50:00;167539,63;167566,00;167500,06;167546,22;1748486676,00;52184
WINFUT;11/12/2023;17:45:00;167605,57;167631,94;167533,03;167533,03;1687188802,00;50339
WINFUT;11/12/2023;17:40:00;167539,63;167618,76;167506,66;167598,97;2150213545,00;64156
WINFUT;11/12/2023;17:35:00;167526,44;167572,60;167513,25;167533,03;1264760186,00;37745
WINFUT;11/12/2023;17:30:00;167467,09;167572,60;167460,50;167526,44;1907249030,00;56923
WINFUT;11/12/2023;17:25:00;167585,79;167618,76;167453,91;167467,09;2804465006,00;83701
WINFUT;11/12/2023;17:20:00;167612,16;167638,54;167486,88;167585,79;3309980338,00;98774
WINFUT;11/12/2023;17:15:00;167612,16;167678,10;167592,38;167605,57;2387447277,00;71210
WINFUT;11/12/2023;17:10:00;167546,22;167625,35;167513,25;167612,16;2284141444,00;68154
WINFUT;11/12/2023;17:05:00;167579,19;167605,57;167513,25;167552,82;1854698815,00;55344
WINFUT;11/12/2023;17:00:00;167559,41;167638,54;167546,22;167579,19;3420291467,00;102041
WINFUT;11/12/2023;16:55:00;167453,91;167579,19;167453,91;167559,41;2818042550,00;84100
WINFUT;11/12/2023;16:50:00;167467,09;167533,03;167447,31;167453,91;3256024010,00;97196
WINFUT;11/12/2023;16:45:00;167394,56;167473,69;167374,78;167467,09;2486245384,00;74254
WINFUT;11/12/2023;16:40:00;167328,62;167467,09;167322,03;167401,15;4333066979,00;129414
WINFUT;11/12/2023;16:35:00;167282,46;167348,40;167242,90;167328,62;2955696660,00;88338
WINFUT;11/12/2023;16:30:00;167348,40;167401,15;167269,28;167289,06;2725714411,00;81443
WINFUT;11/12/2023;16:25:00;167348,40;167401,15;167315,43;167348,40;2531424622,00;75630
WINFUT;11/12/2023;16:20:00;167269,28;167427,53;167262,68;167348,40;4208223775,00;125732
WINFUT;11/12/2023;16:15:00;167295,65;167335,21;167223,12;167269,28;3511079812,00;104944
WINFUT;11/12/2023;16:10:00;167308,84;167355,00;167242,90;167289,06;3255149568,00;97285
WINFUT;11/12/2023;16:05:00;167295,65;167341,81;167196,74;167315,43;4836297426,00;144563
WINFUT;11/12/2023;16:00:00;167374,78;167401,15;167282,46;167295,65;2587048791,00;77301
WINFUT;11/12/2023;15:55:00;167335,21;167401,15;167295,65;167374,78;2592730707,00;77465
WINFUT;11/12/2023;15:50:00;167322,03;167434,12;167308,84;167341,81;4011447949,00;119845
WINFUT;11/12/2023;15:45:00;167308,84;167341,81;167269,28;167328,62;2680820562,00;80118
WINFUT;11/12/2023;15:40:00;167322,03;167374,78;167275,87;167308,84;2663649269,00;79598
WINFUT;11/12/2023;15:35:00;167368,18;167440,72;167308,84;167322,03;3615537377,00;108012
WINFUT;11/12/2023;15:30:00;167355,00;167407,75;167236,31;167368,18;6611820468,00;197575
WINFUT;11/12/2023;15:25:00;167506,66;167506,66;167308,84;167348,40;4171415756,00;124596
WINFUT;11/12/2023;15:20:00;167493,47;167572,60;167460,50;167500,06;4269834762,00;127446
WINFUT;11/12/2023;15:15:00;167361,59;167513,25;167302,25;167493,47;4879342213,00;145709
WINFUT;11/12/2023;15:10:00;167440,72;167453,91;167282,46;167368,18;4521889575,00;135103
WINFUT;11/12/2023;15:05:00;167374,78;167453,91;167335,21;167440,72;4651967775,00;138953
WINFUT;11/12/2023;15:00:00;167190,15;167407,75;167117,61;167374,78;9372141405,00;280155
WINFUT;11/12/2023;14:55:00;167157,18;167282,46;167137,40;167190,15;3011845606,00;90054
WINFUT;11/12/2023;14:50:00;167223,12;167236,31;167117,61;167157,18;4092070959,00;122387
WINFUT;11/12/2023;14:45:00;167289,06;167315,43;167209,93;167229,71;3020413671,00;90284
WINFUT;11/12/2023;14:40:00;167223,12;167289,06;167163,77;167289,06;3782679089,00;113094
WINFUT;11/12/2023;14:35:00;167150,58;167236,31;167064,86;167223,12;4735261084,00;141661
WINFUT;11/12/2023;14:30:00;167262,68;167315,43;167091,24;167150,58;6989414667,00;209016
WINFUT;11/12/2023;14:25:00;167183,55;167269,28;167137,40;167269,28;3398946429,00;101630
WINFUT;11/12/2023;14:20:00;167064,86;167216,52;167038,49;167183,55;4246838033,00;127044
WINFUT;11/12/2023;14:15:00;167190,15;167190,15;167045,08;167064,86;5595877495,00;167431
WINFUT;11/12/2023;14:10:00;167242,90;167282,46;167170,37;167190,15;3769128849,00;112694
WINFUT;11/12/2023;14:05:00;167341,81;167341,81;167209,93;167249,49;4300761884,00;128558
WINFUT;11/12/2023;14:00:00;167407,75;167440,72;167295,65;167341,81;3786788048,00;113136
WINFUT;11/12/2023;13:55:00;167526,44;167533,03;167335,21;167407,75;4657649499,00;139110
WINFUT;11/12/2023;13:50:00;167440,72;167566,00;167427,53;167526,44;2999116889,00;89522
WINFUT;11/12/2023;13:45:00;167486,88;167539,63;167401,15;167440,72;3041578242,00;90810
WINFUT;11/12/2023;13:40:00;167552,82;167592,38;167460,50;167486,88;2865780730,00;85535
WINFUT;11/12/2023;13:35:00;167486,88;167579,19;167453,91;167546,22;2974341873,00;88776
WINFUT;11/12/2023;13:30:00;167612,16;167645,13;167420,94;167486,88;5361575383,00;160052
WINFUT;11/12/2023;13:25:00;167612,16;167671,51;167579,19;167612,16;2250922246,00;67143
WINFUT;11/12/2023;13:20:00;167598,97;167645,13;167539,63;167605,57;2400836289,00;71629
WINFUT;11/12/2023;13:15:00;167631,94;167691,29;167552,82;167598,97;4375873446,00;130539
WINFUT;11/12/2023;13:10:00;167645,13;167777,01;167618,76;167625,35;5293319719,00;157830
WINFUT;11/12/2023;13:05:00;167651,73;167684,70;167533,03;167651,73;4467122579,00;133261
WINFUT;11/12/2023;13:00:00;167645,13;167730,85;167612,16;167651,73;2519967437,00;75147
WINFUT;11/12/2023;12:55:00;167631,94;167737,45;167592,38;167645,13;3772994675,00;112511
WINFUT;11/12/2023;12:50:00;167585,79;167704,48;167559,41;167631,94;3934472774,00;117346
WINFUT;11/12/2023;12:45:00;167585,79;167638,54;167506,66;167579,19;3675496789,00;109667
WINFUT;11/12/2023;12:40:00;167467,09;167612,16;167407,75;167579,19;4355988648,00;130022
WINFUT;11/12/2023;12:35:00;167480,28;167500,06;167368,18;167467,09;4230113164,00;126319
WINFUT;11/12/2023;12:30:00;167196,74;167519,85;167183,55;167473,69;7198656136,00;215060
WINFUT;11/12/2023;12:25:00;167355,00;167361,59;167137,40;167196,74;5259444679,00;157226
WINFUT;11/12/2023;12:20:00;167493,47;167526,44;167308,84;167361,59;4817079749,00;143888
WINFUT;11/12/2023;12:15:00;167664,91;167678,10;167420,94;167500,06;4916312772,00;146739
WINFUT;11/12/2023;12:10:00;167605,57;167711,07;167506,66;167671,51;5091303144,00;151894
WINFUT;11/12/2023;12:05:00;167407,75;167658,32;167394,56;167605,57;5993726838,00;178897
WINFUT;11/12/2023;12:00:00;167480,28;167506,66;167328,62;167414,34;5611278773,00;167593
WINFUT;11/12/2023;11:55:00;167526,44;167539,63;167407,75;167473,69;5089494014,00;151949
WINFUT;11/12/2023;11:50:00;167697,88;167737,45;167473,69;167526,44;7609270781,00;227002
WINFUT;11/12/2023;11:45:00;167453,91;167770,42;167453,91;167697,88;6850745152,00;204312
WINFUT;11/12/2023;11:40:00;167500,06;167605,57;167368,18;167453,91;8768745032,00;261785
WINFUT;11/12/2023;11:35:00;167328,62;167724,26;167308,84;167500,06;1,13837414E10;339710
WINFUT;11/12/2023;11:30:00;167539,63;167539,63;167295,65;167322,03;1,043099122E10;311569
WINFUT;11/12/2023;11:25:00;167684,70;167691,29;167440,72;167539,63;8130427816,00;242622
WINFUT;11/12/2023;11:20:00;167717,67;167796,79;167658,32;167678,10;5186095550,00;154591
WINFUT;11/12/2023;11:15:00;167612,16;167744,04;167566,00;167724,26;4209397382,00;125538
WINFUT;11/12/2023;11:10:00;167585,79;167770,42;167566,00;167612,16;5909205883,00;176224
WINFUT;11/12/2023;11:05:00;167631,94;167658,32;167546,22;167579,19;4059750826,00;121119
WINFUT;11/12/2023;11:00:00;167651,73;167750,64;167539,63;167631,94;7493953019,00;223499
WINFUT;11/12/2023;10:55:00;167506,66;167671,51;167473,69;167651,73;6797213584,00;202810
WINFUT;11/12/2023;10:50:00;167453,91;167552,82;167381,37;167506,66;7669323818,00;228988
WINFUT;11/12/2023;10:45:00;167045,08;167493,47;167045,08;167447,31;9374153186,00;280199
WINFUT;11/12/2023;10:40:00;167130,80;167223,12;167025,30;167051,67;6985287501,00;208995
WINFUT;11/12/2023;10:35:00;167289,06;167295,65;167058,27;167124,21;6685799494,00;199954
WINFUT;11/12/2023;10:30:00;167124,21;167414,34;166979,14;167289,06;1,247522863E10;373068
WINFUT;11/12/2023;10:25:00;167229,71;167249,49;167064,86;167124,21;5179874904,00;154945
WINFUT;11/12/2023;10:20:00;167242,90;167262,68;167078,05;167236,31;5472328350,00;163669
WINFUT;11/12/2023;10:15:00;167012,11;167249,49;167005,52;167236,31;1,002554879E10;299927
WINFUT;11/12/2023;10:10:00;167018,70;167104,43;166926,39;167005,52;5952124113,00;178194
WINFUT;11/12/2023;10:05:00;167071,46;167176,96;166913,20;167012,11;8120984060,00;243079
WINFUT;11/12/2023;10:00:00;167117,61;167137,40;166985,73;167071,46;5495303879,00;164461
WINFUT;11/12/2023;09:55:00;167031,89;167130,80;167012,11;167117,61;2852363322,00;85358
WINFUT;11/12/2023;09:50:00;167071,46;167071,46;166972,55;167031,89;3389108278,00;101460
WINFUT;11/12/2023;09:45:00;167104,43;167130,80;167038,49;167064,86;2622650220,00;78482
WINFUT;11/12/2023;09:40:00;167031,89;167117,61;167025,30;167104,43;2188317041,00;65488
WINFUT;11/12/2023;09:35:00;167097,83;167097,83;167025,30;167031,89;2348544851,00;70291
WINFUT;11/12/2023;09:30:00;167078,05;167143,99;167018,70;167091,24;3980374107,00;119119
WINFUT;11/12/2023;09:25:00;167130,80;167190,15;167071,46;167078,05;3204295698,00;95865
WINFUT;11/12/2023;09:20:00;167236,31;167242,90;167097,83;167124,21;3467386798,00;103724
WINFUT;11/12/2023;09:15:00;167236,31;167269,28;167176,96;167236,31;3154173252,00;94313
WINFUT;11/12/2023;09:10:00;167256,09;167282,46;167223,12;167242,90;1478397507,00;44196
WINFUT;11/12/2023;09:05:00;167361,59;167368,18;167203,34;167262,68;3920731933,00;117204
WINFUT;11/12/2023;09:00:00;167651,73;167882,51;167289,06;167361,59;7511745626,00;224200
WINFUT;08/12/2023;18:20:00;167757,23;167803,39;167625,35;167803,39;1603971212,00;47820
WINFUT;08/12/2023;18:15:00;167777,01;167842,95;167744,04;167750,64;1568944526,00;46751
WINFUT;08/12/2023;18:10:00;167856,14;167882,51;167737,45;167777,01;1723389507,00;51351
WINFUT;08/12/2023;18:05:00;167889,11;167928,67;167816,57;167856,14;1659693522,00;49432
WINFUT;08/12/2023;18:00:00;167961,64;167981,42;167869,33;167889,11;1453672298,00;43288
WINFUT;08/12/2023;17:55:00;167948,45;168027,58;167928,67;167961,64;2018764366,00;60089
WINFUT;08/12/2023;17:50:00;167955,05;167961,64;167869,33;167941,86;1708209522,00;50866
WINFUT;08/12/2023;17:45:00;167941,86;167968,24;167862,73;167955,05;2284224717,00;68022
WINFUT;08/12/2023;17:40:00;168027,58;168034,18;167908,89;167941,86;2329067400,00;69336
WINFUT;08/12/2023;17:35:00;167961,64;168113,30;167948,45;168027,58;2405737203,00;71588
WINFUT;08/12/2023;17:30:00;168060,55;168067,15;167941,86;167968,24;2429722735,00;72319
WINFUT;08/12/2023;17:25:00;168027,58;168139,68;168020,99;168067,15;2613551513,00;77744
WINFUT;08/12/2023;17:20:00;167961,64;168080,33;167935,27;168020,99;3106981791,00;92460
WINFUT;08/12/2023;17:15:00;167955,05;168027,58;167928,67;167968,24;2259993068,00;67269
WINFUT;08/12/2023;17:10:00;167889,11;167968,24;167889,11;167948,45;1985608693,00;59121
WINFUT;08/12/2023;17:05:00;167922,08;167928,67;167823,17;167895,70;2892481317,00;86149
WINFUT;08/12/2023;17:00:00;167988,02;168020,99;167869,33;167922,08;3554803667,00;105840
WINFUT;08/12/2023;16:55:00;167974,83;168060,55;167849,54;167981,42;5692207140,00;169469
WINFUT;08/12/2023;16:50:00;167658,32;167988,02;167598,97;167968,24;9988494208,00;297635
WINFUT;08/12/2023;16:45:00;167427,53;167658,32;167289,06;167651,73;6839676132,00;204213
WINFUT;08/12/2023;16:40:00;167104,43;167460,50;167104,43;167434,12;6078502224,00;181701
WINFUT;08/12/2023;16:35:00;167031,89;167111,02;166998,92;167104,43;2722954118,00;81500
WINFUT;08/12/2023;16:30:00;167157,18;167183,55;167031,89;167031,89;2669943676,00;79890
WINFUT;08/12/2023;16:25:00;167104,43;167196,74;167078,05;167157,18;2217344905,00;66332
WINFUT;08/12/2023;16:20:00;167170,37;167170,37;167038,49;167111,02;3008453651,00;90025
WINFUT;08/12/2023;16:15:00;167170,37;167209,93;167078,05;167163,77;2884518889,00;86289
WINFUT;08/12/2023;16:10:00;167242,90;167341,81;167137,40;167176,96;5005098750,00;149650
WINFUT;08/12/2023;16:05:00;167058,27;167269,28;167045,08;167249,49;4080560663,00;122063
WINFUT;08/12/2023;16:00:00;167012,11;167064,86;166946,17;167058,27;3075221499,00;92073
WINFUT;08/12/2023;15:55:00;167058,27;167124,21;167012,11;167012,11;1819409616,00;54454
WINFUT;08/12/2023;15:50:00;167097,83;167130,80;166998,92;167051,67;2897235450,00;86705
WINFUT;08/12/2023;15:45:00;167005,52;167111,02;166972,55;167097,83;3065258824,00;91745
WINFUT;08/12/2023;15:40:00;167196,74;167196,74;166972,55;166998,92;3934426133,00;117739
WINFUT;08/12/2023;15:35:00;167176,96;167236,31;167130,80;167190,15;2463591013,00;73675
WINFUT;08/12/2023;15:30:00;167190,15;167216,52;167071,46;167176,96;3220653641,00;96346
WINFUT;08/12/2023;15:25:00;167045,08;167256,09;167005,52;167190,15;4714956544,00;141051
WINFUT;08/12/2023;15:20:00;167012,11;167064,86;166959,36;167051,67;1826897644,00;54694
WINFUT;08/12/2023;15:15:00;166992,33;167038,49;166919,79;167012,11;2261140548,00;67704
WINFUT;08/12/2023;15:10:00;166946,17;167018,70;166906,61;166992,33;2254343730,00;67508
WINFUT;08/12/2023;15:05:00;167038,49;167084,64;166919,79;166946,17;3314731146,00;99245
WINFUT;08/12/2023;15:00:00;166972,55;167045,08;166900,01;167038,49;3036322814,00;90917
WINFUT;08/12/2023;14:55:00;167018,70;167058,27;166893,42;166979,14;3978751056,00;119138
WINFUT;08/12/2023;14:50:00;166867,04;167031,89;166827,48;167018,70;4684072949,00;140301
WINFUT;08/12/2023;14:45:00;166820,89;166946,17;166807,70;166867,04;3357875536,00;100606
WINFUT;08/12/2023;14:40:00;166787,92;166880,23;166735,16;166820,89;3332058132,00;99879
WINFUT;08/12/2023;14:35:00;166741,76;166847,26;166715,38;166781,32;2742543928,00;82216
WINFUT;08/12/2023;14:30:00;166794,51;166820,89;166689,01;166741,76;3266444110,00;97943
WINFUT;08/12/2023;14:25:00;166682,41;166807,70;166656,04;166787,92;3540328706,00;106164
WINFUT;08/12/2023;14:20:00;166372,50;166715,38;166365,90;166682,41;6629180936,00;199008
WINFUT;08/12/2023;14:15:00;166319,74;166398,87;166095,55;166372,50;9341385112,00;280924
WINFUT;08/12/2023;14:10:00;166919,79;166919,79;166240,62;166313,15;1,176164837E10;352940
WINFUT;08/12/2023;14:05:00;167025,30;167064,86;166906,61;166919,79;2742069739,00;82109
WINFUT;08/12/2023;14:00:00;167045,08;167117,61;166939,58;167025,30;3818958766,00;114321
WINFUT;08/12/2023;13:55:00;167163,77;167190,15;167031,89;167045,08;2625937412,00;78573
WINFUT;08/12/2023;13:50:00;167229,71;167256,09;167064,86;167170,37;3559255850,00;106471
WINFUT;08/12/2023;13:45:00;167097,83;167262,68;167058,27;167223,12;3905103850,00;116805
WINFUT;08/12/2023;13:40:00;167097,83;167111,02;166946,17;167091,24;4868912103,00;145746
WINFUT;08/12/2023;13:35:00;167170,37;167289,06;167031,89;167097,83;6248572233,00;186898
WINFUT;08/12/2023;13:30:00;167084,64;167209,93;167078,05;167170,37;3683157590,00;110177
WINFUT;08/12/2023;13:25:00;166913,20;167091,24;166847,26;167084,64;5006030970,00;149895
WINFUT;08/12/2023;13:20:00;167025,30;167051,67;166853,85;166919,79;4681598291,00;140230
WINFUT;08/12/2023;13:15:00;167170,37;167203,34;166913,20;167038,49;6675908835,00;199816
WINFUT;08/12/2023;13:10:00;167401,15;167401,15;167117,61;167176,96;5479523213,00;163829
WINFUT;08/12/2023;13:05:00;167447,31;167467,09;167302,25;167401,15;4320471206,00;129064
WINFUT;08/12/2023;13:00:00;167579,19;167618,76;167427,53;167453,91;3989088320,00;119066
WINFUT;08/12/2023;12:55:00;167638,54;167645,13;167546,22;167585,79;2038440882,00;60818
WINFUT;08/12/2023;12:50:00;167493,47;167651,73;167473,69;167631,94;3600850438,00;107440
WINFUT;08/12/2023;12:45:00;167592,38;167605,57;167473,69;167500,06;3344566166,00;99820
WINFUT;08/12/2023;12:40:00;167638,54;167730,85;167566,00;167598,97;3151426352,00;93998
WINFUT;08/12/2023;12:35:00;167697,88;167744,04;167539,63;167638,54;5021090814,00;149757
WINFUT;08/12/2023;12:30:00;167816,57;167836,36;167664,91;167697,88;3189678339,00;95078
WINFUT;08/12/2023;12:25:00;167809,98;167862,73;167724,26;167809,98;2724722657,00;81190
WINFUT;08/12/2023;12:20:00;167856,14;167875,92;167724,26;167809,98;3992621799,00;118983
WINFUT;08/12/2023;12:15:00;167961,64;168014,39;167829,76;167856,14;4928487053,00;146749
WINFUT;08/12/2023;12:10:00;167730,85;168014,39;167704,48;167955,05;7734511911,00;230398
WINFUT;08/12/2023;12:05:00;167651,73;167783,60;167533,03;167724,26;7949444580,00;237069
WINFUT;08/12/2023;12:00:00;167256,09;167948,45;167249,49;167651,73;1,611140335E10;480354
WINFUT;08/12/2023;11:55:00;167256,09;167322,03;167183,55;167249,49;4360358547,00;130355
WINFUT;08/12/2023;11:50:00;167460,50;167486,88;167249,49;167256,09;7201455046,00;215146
WINFUT;08/12/2023;11:45:00;167183,55;167473,69;167157,18;167460,50;1,169151047E10;349317
WINFUT;08/12/2023;11:40:00;166754,95;167256,09;166702,19;167183,55;1,19981007E10;359188
WINFUT;08/12/2023;11:35:00;166583,50;166807,70;166464,81;166748,35;1,040436897E10;312172
WINFUT;08/12/2023;11:30:00;166266,99;166636,25;166161,49;166583,50;1,391202558E10;418077
WINFUT;08/12/2023;11:25:00;165937,29;166286,77;165917,51;166266,99;7986252207,00;240412
WINFUT;08/12/2023;11:20:00;165831,79;165950,48;165818,60;165930,70;4773393157,00;143867
WINFUT;08/12/2023;11:15:00;165792,23;165950,48;165759,26;165831,79;7811912556,00;235523
WINFUT;08/12/2023;11:10:00;166075,77;166108,74;165732,88;165798,82;1,090877343E10;328691
WINFUT;08/12/2023;11:05:00;166273,59;166293,37;166016,42;166075,77;8910538204,00;268169
WINFUT;08/12/2023;11:00:00;166227,43;166365,90;166102,14;166273,59;1,080648645E10;325029
WINFUT;08/12/2023;10:55:00;166636,25;166741,76;166194,46;166234,02;1,071034189E10;321679
WINFUT;08/12/2023;10:50:00;166979,14;167051,67;166636,25;166642,85;7796975429,00;233637
WINFUT;08/12/2023;10:45:00;166965,95;167091,24;166768,13;166979,14;1,04065833E10;311691
WINFUT;08/12/2023;10:40:00;166649,44;167045,08;166563,72;166965,95;1,098902393E10;329344
WINFUT;08/12/2023;10:35:00;166293,37;166669,22;166273,59;166642,85;1,218200423E10;365793
WINFUT;08/12/2023;10:30:00;166517,56;166702,19;165976,86;166299,96;1,931750475E10;581020
WINFUT;08/12/2023;10:25:00;166913,20;166932,98;166313,15;166557,13;9253690548,00;277522
WINFUT;08/12/2023;10:20:00;166715,38;166946,17;166669,22;166913,20;5286279002,00;158449
WINFUT;08/12/2023;10:15:00;166787,92;166847,26;166629,66;166708,79;6304118887,00;189037
WINFUT;08/12/2023;10:10:00;166741,76;166932,98;166708,79;166787,92;7207011158,00;215989
WINFUT;08/12/2023;10:05:00;166893,42;166939,58;166721,98;166741,76;5690461362,00;170563
WINFUT;08/12/2023;10:00:00;166781,32;166946,17;166774,73;166900,01;5941234616,00;178017
WINFUT;08/12/2023;09:55:00;166774,73;166814,29;166715,38;166781,32;2652893953,00;79539
WINFUT;08/12/2023;09:50:00;166689,01;166827,48;166675,82;166768,13;3997339351,00;119851
WINFUT;08/12/2023;09:45:00;166801,10;166827,48;166669,22;166689,01;3846116785,00;115333
WINFUT;08/12/2023;09:40:00;166847,26;166900,01;166774,73;166807,70;3196067411,00;95786
WINFUT;08/12/2023;09:35:00;166834,07;166873,64;166787,92;166847,26;2379923664,00;71328
WINFUT;08/12/2023;09:30:00;166768,13;166880,23;166761,54;166840,67;4133389633,00;123879
WINFUT;08/12/2023;09:25:00;166543,94;166801,10;166537,34;166768,13;5404349874,00;162130
WINFUT;08/12/2023;09:20:00;166543,94;166636,25;166524,16;166543,94;2897627041,00;86978
WINFUT;08/12/2023;09:15:00;166609,88;166616,47;166445,03;166537,34;3743317726,00;112404
WINFUT;08/12/2023;09:10:00;166517,56;166636,25;166491,19;166616,47;3630621302,00;108984
WINFUT;08/12/2023;09:05:00;166464,81;166537,34;166306,56;166510,97;5012322200,00;150602
WINFUT;08/12/2023;09:00:00;166715,38;166735,16;166352,71;166464,81;6274551666,00;188447
WINFUT;07/12/2023;18:20:00;166524,16;166557,13;166365,90;166557,13;1184006998,00;35562
WINFUT;07/12/2023;18:15:00;166524,16;166570,31;166451,62;166517,56;1454142507,00;43665
WINFUT;07/12/2023;18:10:00;166484,59;166530,75;166438,43;166524,16;1488953619,00;44716
WINFUT;07/12/2023;18:05:00;166405,46;166510,97;166365,90;166484,59;1759644070,00;52861
WINFUT;07/12/2023;18:00:00;166319,74;166431,84;166299,96;166412,06;1997087780,00;60015
WINFUT;07/12/2023;17:55:00;166299,96;166352,71;166227,43;166313,15;2553579475,00;76779
WINFUT;07/12/2023;17:50:00;166141,71;166319,74;166135,11;166299,96;2504664277,00;75337
WINFUT;07/12/2023;17:45:00;166174,68;166214,24;166108,74;166148,30;2587214120,00;77853
WINFUT;07/12/2023;17:40:00;166181,27;166266,99;166168,08;166174,68;2760838380,00;83048
WINFUT;07/12/2023;17:35:00;166095,55;166234,02;166088,95;166181,27;3679139273,00;110708
WINFUT;07/12/2023;17:30:00;166313,15;166326,34;166088,95;166102,14;4207467886,00;126567
WINFUT;07/12/2023;17:25:00;166385,68;166425,25;166286,77;166313,15;2874889173,00;86411
WINFUT;07/12/2023;17:20:00;166458,22;166491,19;166326,34;166385,68;2884786978,00;86683
WINFUT;07/12/2023;17:15:00;166464,81;166537,34;166425,25;166458,22;3037540226,00;91225
WINFUT;07/12/2023;17:10:00;166412,06;166491,19;166379,09;166464,81;2451989462,00;73660
WINFUT;07/12/2023;17:05:00;166372,50;166445,03;166359,31;166412,06;2634603950,00;79165
WINFUT;07/12/2023;17:00:00;166260,40;166392,28;166253,80;166372,50;2549814822,00;76645
WINFUT;07/12/2023;16:55:00;166273,59;166332,93;166234,02;166260,40;2255790135,00;67831
WINFUT;07/12/2023;16:50:00;166379,09;166379,09;166240,62;166273,59;3001069438,00;90231
WINFUT;07/12/2023;16:45:00;166405,46;166405,46;166306,56;166379,09;2191538179,00;65867
WINFUT;07/12/2023;16:40:00;166570,31;166590,10;166280,18;166405,46;5691543934,00;171000
WINFUT;07/12/2023;16:35:00;166530,75;166629,66;166484,59;166576,91;3626889940,00;108870
WINFUT;07/12/2023;16:30:00;166510,97;166609,88;166471,40;166537,34;4001575861,00;120134
WINFUT;07/12/2023;16:25:00;166405,46;166543,94;166319,74;166517,56;4083578144,00;122676
WINFUT;07/12/2023;16:20:00;166504,37;166576,91;166385,68;166405,46;4790332703,00;143865
WINFUT;07/12/2023;16:15:00;166332,93;166524,16;166326,34;166504,37;3706557421,00;111340
WINFUT;07/12/2023;16:10:00;166464,81;166504,37;166313,15;166339,53;4459541671,00;134001
WINFUT;07/12/2023;16:05:00;166332,93;166471,40;166247,21;166464,81;3924510973,00;117941
WINFUT;07/12/2023;16:00:00;166260,40;166365,90;166240,62;166326,34;2510296255,00;75464
WINFUT;07/12/2023;15:55:00;166326,34;166359,31;166247,21;166266,99;3041978864,00;91458
WINFUT;07/12/2023;15:50:00;166247,21;166431,84;166214,24;166326,34;5798517496,00;174295
WINFUT;07/12/2023;15:45:00;166352,71;166372,50;166214,24;166240,62;5080245725,00;152756
WINFUT;07/12/2023;15:40:00;166438,43;166451,62;166346,12;166359,31;2671935977,00;80284
WINFUT;07/12/2023;15:35:00;166418,65;166491,19;166379,09;166431,84;3242590918,00;97412
WINFUT;07/12/2023;15:30:00;166576,91;166590,10;166379,09;166418,65;4897645222,00;147089
WINFUT;07/12/2023;15:25:00;166642,85;166741,76;166530,75;166576,91;6358145037,00;190780
WINFUT;07/12/2023;15:20:00;166425,25;166675,82;166385,68;166642,85;6891361995,00;206903
WINFUT;07/12/2023;15:15:00;166398,87;166445,03;166299,96;166425,25;3700546976,00;111220
WINFUT;07/12/2023;15:10:00;166405,46;166425,25;166306,56;166405,46;3490698158,00;104907
WINFUT;07/12/2023;15:05:00;166431,84;166478,00;166339,53;166398,87;3540990703,00;106394
WINFUT;07/12/2023;15:00:00;166524,16;166530,75;166319,74;166431,84;5176736269,00;155549
WINFUT;07/12/2023;14:55:00;166431,84;166590,10;166398,87;166517,56;4870923662,00;146250
WINFUT;07/12/2023;14:50:00;166392,28;166451,62;166326,34;166431,84;3111335368,00;93499
WINFUT;07/12/2023;14:45:00;166405,46;166510,97;166346,12;166398,87;6081324144,00;182702
WINFUT;07/12/2023;14:40:00;166339,53;166478,00;166319,74;166412,06;4071090505,00;122327
WINFUT;07/12/2023;14:35:00;166398,87;166412,06;166266,99;166332,93;4138894156,00;124421
WINFUT;07/12/2023;14:30:00;166418,65;166451,62;166365,90;166398,87;2224699357,00;66845
WINFUT;07/12/2023;14:25:00;166458,22;166524,16;166385,68;166412,06;2649578425,00;79587
WINFUT;07/12/2023;14:20:00;166504,37;166504,37;166372,50;166451,62;3663242386,00;110050
WINFUT;07/12/2023;14:15:00;166346,12;166557,13;166326,34;166497,78;4595546668,00;138043
WINFUT;07/12/2023;14:10:00;166478,00;166530,75;166332,93;166339,53;3544644909,00;106492
WINFUT;07/12/2023;14:05:00;166484,59;166537,34;166405,46;166484,59;3484540369,00;104660
WINFUT;07/12/2023;14:00:00;166510,97;166590,10;166425,25;166484,59;4426768846,00;132933
WINFUT;07/12/2023;13:55:00;166530,75;166550,53;166445,03;166517,56;3036738546,00;91196
WINFUT;07/12/2023;13:50:00;166464,81;166550,53;166379,09;166530,75;4497712288,00;135095
WINFUT;07/12/2023;13:45:00;166438,43;166524,16;166405,46;166458,22;4485663036,00;134731
WINFUT;07/12/2023;13:40:00;166253,80;166471,40;166253,80;166438,43;5465859781,00;164288
WINFUT;07/12/2023;13:35:00;166227,43;166273,59;166108,74;166253,80;5263919870,00;158364
WINFUT;07/12/2023;13:30:00;166128,52;166286,77;166108,74;166227,43;4947615836,00;148836
WINFUT;07/12/2023;13:25:00;166036,20;166148,30;165983,45;166135,11;4400356397,00;132474
WINFUT;07/12/2023;13:20:00;165963,67;166121,92;165930,70;166036,20;5264531183,00;158539
WINFUT;07/12/2023;13:15:00;166055,98;166062,58;165844,98;165957,07;6831959420,00;205871
WINFUT;07/12/2023;13:10:00;166240,62;166253,80;166003,23;166055,98;6772373152,00;203843
WINFUT;07/12/2023;13:05:00;166379,09;166438,43;166207,65;166240,62;4290990384,00;128998
WINFUT;07/12/2023;13:00:00;166346,12;166385,68;166214,24;166372,50;4196129285,00;126155
WINFUT;07/12/2023;12:55:00;166299,96;166398,87;166260,40;166339,53;3555125104,00;106866
WINFUT;07/12/2023;12:50:00;166379,09;166478,00;166299,96;166306,56;3894089555,00;117016
WINFUT;07/12/2023;12:45:00;166339,53;166431,84;166273,59;166379,09;3529550829,00;106084
WINFUT;07/12/2023;12:40:00;166352,71;166398,87;166207,65;166332,93;5734779709,00;172419
WINFUT;07/12/2023;12:35:00;166398,87;166445,03;166339,53;166352,71;3223097456,00;96853
WINFUT;07/12/2023;12:30:00;166570,31;166583,50;166372,50;166392,28;5342623546,00;160490
WINFUT;07/12/2023;12:25:00;166504,37;166570,31;166438,43;166570,31;4337462889,00;130252
WINFUT;07/12/2023;12:20:00;166721,98;166754,95;166491,19;166497,78;5279774483,00;158452
WINFUT;07/12/2023;12:15:00;166530,75;166735,16;166478,00;166728,57;5779242461,00;173425
WINFUT;07/12/2023;12:10:00;166491,19;166629,66;166412,06;166537,34;7122059991,00;213836
WINFUT;07/12/2023;12:05:00;166873,64;166873,64;166438,43;166497,78;8466910872,00;254020
WINFUT;07/12/2023;12:00:00;166596,69;166886,82;166576,91;166867,04;7155399780,00;214534
WINFUT;07/12/2023;11:55:00;166867,04;166873,64;166543,94;166603,28;8210715165,00;246313
WINFUT;07/12/2023;11:50:00;166787,92;166946,17;166741,76;166867,04;9208043362,00;275953
WINFUT;07/12/2023;11:45:00;166735,16;166900,01;166662,63;166787,92;9679659280,00;290194
WINFUT;07/12/2023;11:40:00;166807,70;166820,89;166689,01;166728,57;7635274935,00;228943
WINFUT;07/12/2023;11:35:00;166985,73;167012,11;166781,32;166807,70;9375679500,00;280903
WINFUT;07/12/2023;11:30:00;167117,61;167269,28;166965,95;166985,73;1,245340014E10;372584
WINFUT;07/12/2023;11:25:00;166998,92;167137,40;166932,98;167111,02;5246261131,00;157034
WINFUT;07/12/2023;11:20:00;167064,86;167071,46;166972,55;166992,33;2849829116,00;85318
WINFUT;07/12/2023;11:15:00;167130,80;167163,77;166985,73;167071,46;4689249889,00;140348
WINFUT;07/12/2023;11:10:00;167051,67;167143,99;167018,70;167137,40;3364110094,00;100671
WINFUT;07/12/2023;11:05:00;167104,43;167137,40;167005,52;167051,67;4873356495,00;145858
WINFUT;07/12/2023;11:00:00;167117,61;167170,37;167038,49;167097,83;5253930185,00;157207
WINFUT;07/12/2023;10:55:00;167111,02;167183,55;167071,46;167124,21;3622969594,00;108383
WINFUT;07/12/2023;10:50:00;167084,64;167183,55;167051,67;167111,02;5668797748,00;169607
WINFUT;07/12/2023;10:45:00;166972,55;167137,40;166939,58;167084,64;6023372569,00;180269
WINFUT;07/12/2023;10:40:00;167051,67;167058,27;166932,98;166979,14;5630092106,00;168569
WINFUT;07/12/2023;10:35:00;166814,29;167058,27;166787,92;167051,67;8237768094,00;246721
WINFUT;07/12/2023;10:30:00;166721,98;166906,61;166504,37;166814,29;1,292438121E10;387569
WINFUT;07/12/2023;10:25:00;166682,41;166754,95;166636,25;166721,98;3180921029,00;95408
WINFUT;07/12/2023;10:20:00;166682,41;166761,54;166609,88;166682,41;6594782258,00;197807
WINFUT;07/12/2023;10:15:00;166478,00;166735,16;166458,22;166682,41;1,056162684E10;316913
WINFUT;07/12/2023;10:10:00;166649,44;166669,22;166431,84;166478,00;7472679733,00;224379
WINFUT;07/12/2023;10:05:00;166510,97;166682,41;166471,40;166656,04;6157387813,00;184828
WINFUT;07/12/2023;10:00:00;166603,28;166649,44;166510,97;166510,97;4482829232,00;134554
WINFUT;07/12/2023;09:55:00;166570,31;166609,88;166563,72;166596,69;1719765731,00;51617
WINFUT;07/12/2023;09:50:00;166510,97;166609,88;166510,97;166576,91;2282082991,00;68506
WINFUT;07/12/2023;09:45:00;166517,56;166603,28;166484,59;166517,56;3461981060,00;103931
WINFUT;07/12/2023;09:40:00;166510,97;166543,94;166484,59;166510,97;1551332214,00;46582
WINFUT;07/12/2023;09:35:00;166517,56;166543,94;166478,00;166517,56;2015166713,00;60510
WINFUT;07/12/2023;09:30:00;166458,22;166570,31;166458,22;166510,97;4385535747,00;131683
WINFUT;07/12/2023;09:25:00;166398,87;166478,00;166379,09;166458,22;1955838021,00;58756
WINFUT;07/12/2023;09:20:00;166418,65;166491,19;166352,71;166398,87;4359575951,00;130972
WINFUT;07/12/2023;09:15:00;166418,65;166451,62;166352,71;166412,06;2603317228,00;78220
WINFUT;07/12/2023;09:10:00;166372,50;166445,03;166326,34;166412,06;2517063704,00;75636
WINFUT;07/12/2023;09:05:00;166346,12;166445,03;166286,77;166372,50;4088442062,00;122860
WINFUT;07/12/2023;09:00:00;166082,36;166478,00;165943,89;166339,53;9726837554,00;292607
WINFUT;06/12/2023;18:20:00;165897,73;165996,64;165818,60;165818,60;1807778745,00;54479
WINFUT;06/12/2023;18:15:00;165970,26;165970,26;165831,79;165897,73;2972439642,00;89587
WINFUT;06/12/2023;18:10:00;166069,17;166075,77;165943,89;165963,67;2863343276,00;86248
WINFUT;06/12/2023;18:05:00;166095,55;166102,14;166049,39;166069,17;1505800891,00;45334
WINFUT;06/12/2023;18:00:00;166154,89;166181,27;166069,17;166095,55;2210491716,00;66535
WINFUT;06/12/2023;17:55:00;166174,68;166201,05;166121,92;166154,89;2454812583,00;73867
WINFUT;06/12/2023;17:50:00;166194,46;166234,02;166121,92;166168,08;3316557456,00;99791
WINFUT;06/12/2023;17:45:00;166187,86;166214,24;166102,14;166194,46;3201005308,00;96320
WINFUT;06/12/2023;17:40:00;166154,89;166260,40;166148,30;166187,86;3783833303,00;113829
WINFUT;06/12/2023;17:35:00;166135,11;166154,89;166036,20;166154,89;3213894675,00;96751
WINFUT;06/12/2023;17:30:00;166075,77;166168,08;166062,58;166135,11;2521299891,00;75882
WINFUT;06/12/2023;17:25:00;166115,33;166168,08;166036,20;166069,17;4112471243,00;123793
WINFUT;06/12/2023;17:20:00;166332,93;166339,53;166023,01;166121,92;6939905872,00;208812
WINFUT;06/12/2023;17:15:00;166326,34;166352,71;166273,59;166332,93;2134497022,00;64169
WINFUT;06/12/2023;17:10:00;166293,37;166359,31;166253,80;166319,74;2765927832,00;83155
WINFUT;06/12/2023;17:05:00;166372,50;166372,50;166253,80;166299,96;2708437548,00;81427
WINFUT;06/12/2023;17:00:00;166379,09;166438,43;166313,15;166372,50;4037941352,00;121348
WINFUT;06/12/2023;16:55:00;166504,37;166576,91;166359,31;166379,09;5155574593,00;154850
WINFUT;06/12/2023;16:50:00;166517,56;166596,69;166478,00;166497,78;4226916198,00;126899
WINFUT;06/12/2023;16:45:00;166392,28;166530,75;166392,28;166517,56;3932373603,00;118108
WINFUT;06/12/2023;16:40:00;166365,90;166431,84;166352,71;166398,87;3256706724,00;97860
WINFUT;06/12/2023;16:35:00;166339,53;166385,68;166299,96;166359,31;2714963758,00;81607
WINFUT;06/12/2023;16:30:00;166253,80;166431,84;166253,80;166332,93;6695567121,00;201256
WINFUT;06/12/2023;16:25:00;166234,02;166273,59;166174,68;166253,80;5017238306,00;150917
WINFUT;06/12/2023;16:20:00;166299,96;166346,12;166214,24;166240,62;6152371721,00;185008
WINFUT;06/12/2023;16:15:00;166418,65;166478,00;166286,77;166293,37;4947981003,00;148695
WINFUT;06/12/2023;16:10:00;166642,85;166642,85;166379,09;166425,25;7952166933,00;238820
WINFUT;06/12/2023;16:05:00;166689,01;166715,38;166616,47;166649,44;2637642387,00;79133
WINFUT;06/12/2023;16:00:00;166596,69;166689,01;166590,10;166689,01;3282390118,00;98483
WINFUT;06/12/2023;15:55:00;166616,47;166656,04;166576,91;166596,69;2059283784,00;61795
WINFUT;06/12/2023;15:50:00;166603,28;166636,25;166563,72;166616,47;2100126322,00;63028
WINFUT;06/12/2023;15:45:00;166616,47;166662,63;166576,91;166596,69;2609305744,00;78300
WINFUT;06/12/2023;15:40:00;166609,88;166656,04;166524,16;166616,47;3807405238,00;114275
WINFUT;06/12/2023;15:35:00;166570,31;166662,63;166557,13;166616,47;3541388962,00;106278
WINFUT;06/12/2023;15:30:00;166583,50;166642,85;166484,59;166570,31;4807893271,00;144325
WINFUT;06/12/2023;15:25:00;166418,65;166623,07;166392,28;166576,91;5622402997,00;168824
WINFUT;06/12/2023;15:20:00;166346,12;166431,84;166339,53;166418,65;2962776161,00;89032
WINFUT;06/12/2023;15:15:00;166359,31;166359,31;166273,59;166346,12;2812769748,00;84562
WINFUT;06/12/2023;15:10:00;166339,53;166405,46;166286,77;166359,31;3405144753,00;102349
WINFUT;06/12/2023;15:05:00;166445,03;166445,03;166332,93;166339,53;3609322666,00;108468
WINFUT;06/12/2023;15:00:00;166365,90;166484,59;166319,74;166438,43;4436051952,00;133272
WINFUT;06/12/2023;14:55:00;166385,68;166392,28;166260,40;166365,90;4381134197,00;131705
WINFUT;06/12/2023;14:50:00;166392,28;166451,62;166306,56;166379,09;5105338727,00;153435
WINFUT;06/12/2023;14:45:00;166491,19;166504,37;166379,09;166392,28;2913420943,00;87530
WINFUT;06/12/2023;14:40:00;166471,40;166524,16;166412,06;166491,19;3279026079,00;98486
WINFUT;06/12/2023;14:35:00;166425,25;166504,37;166405,46;166471,40;3477839009,00;104463
WINFUT;06/12/2023;14:30:00;166431,84;166471,40;166365,90;166425,25;3983860804,00;119705
WINFUT;06/12/2023;14:25:00;166458,22;166537,34;166412,06;166425,25;2955129163,00;88759
WINFUT;06/12/2023;14:20:00;166576,91;166590,10;166438,43;166464,81;4380581080,00;131542
WINFUT;06/12/2023;14:15:00;166550,53;166662,63;166497,78;166576,91;4314696334,00;129500
WINFUT;06/12/2023;14:10:00;166517,56;166596,69;166491,19;166550,53;2950663740,00;88581
WINFUT;06/12/2023;14:05:00;166425,25;166576,91;166412,06;166517,56;4264061304,00;128047
WINFUT;06/12/2023;14:00:00;166636,25;166636,25;166412,06;166425,25;6766552110,00;203191
WINFUT;06/12/2023;13:55:00;166669,22;166675,82;166557,13;166629,66;2820559705,00;84645
WINFUT;06/12/2023;13:50:00;166563,72;166689,01;166537,34;166662,63;4332368107,00;130003
WINFUT;06/12/2023;13:45:00;166543,94;166623,07;166543,94;166570,31;3017988426,00;90584
WINFUT;06/12/2023;13:40:00;166596,69;166649,44;166517,56;166550,53;5130903738,00;154009
WINFUT;06/12/2023;13:35:00;166590,10;166721,98;166576,91;166596,69;5201955773,00;156082
WINFUT;06/12/2023;13:30:00;166867,04;166906,61;166570,31;166590,10;9485906051,00;284477
WINFUT;06/12/2023;13:25:00;166867,04;167005,52;166834,07;166867,04;4249121800,00;127280
WINFUT;06/12/2023;13:20:00;166992,33;167031,89;166794,51;166867,04;5946242126,00;178140
WINFUT;06/12/2023;13:15:00;166952,76;167018,70;166900,01;166992,33;3660395301,00;109614
WINFUT;06/12/2023;13:10:00;166860,45;166965,95;166814,29;166959,36;4299254706,00;128800
WINFUT;06/12/2023;13:05:00;166946,17;166992,33;166807,70;166860,45;5909449999,00;177044
WINFUT;06/12/2023;13:00:00;167064,86;167104,43;166913,20;166939,58;5917409227,00;177176
WINFUT;06/12/2023;12:55:00;167078,05;167150,58;167031,89;167058,27;3698242898,00;110663
WINFUT;06/12/2023;12:50:00;167295,65;167308,84;167031,89;167071,46;6638396895,00;198572
WINFUT;06/12/2023;12:45:00;167256,09;167394,56;167242,90;167295,65;3403761936,00;101708
WINFUT;06/12/2023;12:40:00;167420,94;167473,69;167236,31;167256,09;4766198778,00;142395
WINFUT;06/12/2023;12:35:00;167355,00;167506,66;167269,28;167420,94;5402983698,00;161388
WINFUT;06/12/2023;12:30:00;167275,87;167427,53;167256,09;167361,59;4763396865,00;142317
WINFUT;06/12/2023;12:25:00;167223,12;167308,84;167111,02;167282,46;7733058029,00;231243
WINFUT;06/12/2023;12:20:00;167394,56;167467,09;167209,93;167223,12;5536395593,00;165420
WINFUT;06/12/2023;12:15:00;167434,12;167513,25;167335,21;167401,15;4444665718,00;132729
WINFUT;06/12/2023;12:10:00;167473,69;167519,85;167348,40;167434,12;4565220075,00;136329
WINFUT;06/12/2023;12:05:00;167355,00;167519,85;167315,43;167473,69;5119351262,00;152889
WINFUT;06/12/2023;12:00:00;167414,34;167453,91;167295,65;167348,40;5125703109,00;153129
WINFUT;06/12/2023;11:55:00;167361,59;167480,28;167335,21;167407,75;4780240567,00;142784
WINFUT;06/12/2023;11:50:00;167420,94;167566,00;167355,00;167361,59;6700237153,00;200053
WINFUT;06/12/2023;11:45:00;167467,09;167493,47;167355,00;167420,94;4211771950,00;125787
WINFUT;06/12/2023;11:40:00;167434,12;167506,66;167328,62;167467,09;7028967414,00;209929
WINFUT;06/12/2023;11:35:00;167612,16;167671,51;167374,78;167440,72;1,12327498E10;335318
WINFUT;06/12/2023;11:30:00;167862,73;167869,33;167526,44;167612,16;1,348506537E10;402080
WINFUT;06/12/2023;11:25:00;168007,80;168014,39;167849,54;167862,73;4683198173,00;139438
WINFUT;06/12/2023;11:20:00;167902,30;168034,18;167889,11;168007,80;5037720093,00;149952
WINFUT;06/12/2023;11:15:00;167836,36;167955,05;167790,20;167908,89;5234262146,00;155889
WINFUT;06/12/2023;11:10:00;167922,08;167955,05;167724,26;167836,36;5938829036,00;176930
WINFUT;06/12/2023;11:05:00;167783,60;167948,45;167724,26;167922,08;6758213033,00;201313
WINFUT;06/12/2023;11:00:00;167697,88;167829,76;167572,60;167783,60;8877973731,00;264710
WINFUT;06/12/2023;10:55:00;167737,45;167777,01;167638,54;167697,88;6278240975,00;187184
WINFUT;06/12/2023;10:50:00;167697,88;167842,95;167678,10;167744,04;4596383190,00;136982
WINFUT;06/12/2023;10:45:00;167763,82;167816,57;167658,32;167691,29;6121714034,00;182493
WINFUT;06/12/2023;10:40:00;167842,95;167915,48;167744,04;167763,82;5905291710,00;175942
WINFUT;06/12/2023;10:35:00;167902,30;167941,86;167724,26;167849,54;8622791617,00;256925
WINFUT;06/12/2023;10:30:00;168251,78;168344,09;167823,17;167908,89;1,336307055E10;397633
WINFUT;06/12/2023;10:25:00;168304,53;168304,53;168047,36;168258,37;7419938106,00;220623
WINFUT;06/12/2023;10:20:00;168199,03;168324,31;168139,68;168291,34;6388193196,00;189856
WINFUT;06/12/2023;10:15:00;168443,00;168647,42;168067,15;168199,03;1,685769907E10;500627
WINFUT;06/12/2023;10:10:00;168304,53;168462,78;168251,78;168429,81;6817008374,00;202435
WINFUT;06/12/2023;10:05:00;168344,09;168363,87;168205,62;168311,12;6786687426,00;201655
WINFUT;06/12/2023;10:00:00;168443,00;168449,60;168311,12;168344,09;7047720996,00;209279
WINFUT;06/12/2023;09:55:00;168475,97;168561,69;168443,00;168443,00;3685221215,00;109349
WINFUT;06/12/2023;09:50:00;168449,60;168495,75;168403,44;168475,97;3281261317,00;97396
WINFUT;06/12/2023;09:45:00;168443,00;168508,94;168423,22;168449,60;2090643476,00;62048
WINFUT;06/12/2023;09:40:00;168482,57;168495,75;168423,22;168443,00;3116494285,00;92504
WINFUT;06/12/2023;09:35:00;168515,54;168568,29;168469,38;168475,97;2659209868,00;78901
WINFUT;06/12/2023;09:30:00;168502,35;168574,88;168449,60;168508,94;4415218228,00;131004
WINFUT;06/12/2023;09:25:00;168469,38;168541,91;168462,78;168502,35;4243651399,00;125921
WINFUT;06/12/2023;09:20:00;168449,60;168508,94;168416,63;168475,97;2803283760,00;83201
WINFUT;06/12/2023;09:15:00;168429,81;168482,57;168357,28;168443,00;3210927230,00;95319
WINFUT;06/12/2023;09:10:00;168350,69;168462,78;168317,72;168429,81;2796067636,00;83016
WINFUT;06/12/2023;09:05:00;168337,50;168403,44;168284,75;168344,09;2427787594,00;72109
WINFUT;06/12/2023;09:00:00;168139,68;168449,60;168119,90;168337,50;6544642998,00;194415
WINFUT;05/12/2023;18:20:00;167704,48;167704,48;167579,19;167618,76;1303559671,00;38880
WINFUT;05/12/2023;18:15:00;167684,70;167750,64;167671,51;167711,07;3193240416,00;95199
WINFUT;05/12/2023;18:10:00;167658,32;167724,26;167645,13;167678,10;3568980822,00;106421
WINFUT;05/12/2023;18:05:00;167737,45;167790,20;167631,94;167651,73;1651994199,00;49257
WINFUT;05/12/2023;18:00:00;167704,48;167796,79;167697,88;167737,45;1188090692,00;35413
WINFUT;05/12/2023;17:55:00;167869,33;167882,51;167684,70;167704,48;3273543519,00;97566
WINFUT;05/12/2023;17:50:00;167895,70;167908,89;167842,95;167875,92;1724161902,00;51354
WINFUT;05/12/2023;17:45:00;167829,76;167941,86;167763,82;167895,70;3380983491,00;100711
WINFUT;05/12/2023;17:40:00;167875,92;167902,30;167790,20;167836,36;2450513636,00;73005
WINFUT;05/12/2023;17:35:00;168047,36;168080,33;167862,73;167882,51;2704659754,00;80515
WINFUT;05/12/2023;17:30:00;168001,21;168133,09;167974,83;168053,96;2731052746,00;81246
WINFUT;05/12/2023;17:25:00;168034,18;168080,33;167994,61;168001,21;1688212631,00;50234
WINFUT;05/12/2023;17:20:00;168086,93;168106,71;167961,64;168040,77;3373074336,00;100374
WINFUT;05/12/2023;17:15:00;168232,00;168258,37;168073,74;168086,93;2518860208,00;74900
WINFUT;05/12/2023;17:10:00;168264,96;168297,93;168179,24;168232,00;2444986457,00;72665
WINFUT;05/12/2023;17:05:00;168238,59;168324,31;168225,40;168271,56;1739581528,00;51687
WINFUT;05/12/2023;17:00:00;168205,62;168311,12;168159,46;168245,18;2681631953,00;79700
WINFUT;05/12/2023;16:55:00;168159,46;168258,37;168126,49;168199,03;2360117150,00;70159
WINFUT;05/12/2023;16:50:00;168106,71;168199,03;168053,96;168159,46;3343986701,00;99446
WINFUT;05/12/2023;16:45:00;168185,84;168212,21;168086,93;168113,30;2596195647,00;77204
WINFUT;05/12/2023;16:40:00;168225,40;168264,96;168172,65;168185,84;2115849484,00;62891
WINFUT;05/12/2023;16:35:00;168251,78;168297,93;168205,62;168225,40;1732535915,00;51488
WINFUT;05/12/2023;16:30:00;168291,34;168344,09;168225,40;168251,78;3085841708,00;91686
WINFUT;05/12/2023;16:25:00;168192,43;168304,53;168139,68;168291,34;3033333043,00;90161
WINFUT;05/12/2023;16:20:00;168271,56;168271,56;168100,12;168192,43;3045486704,00;90542
WINFUT;05/12/2023;16:15:00;168350,69;168350,69;168218,81;168264,96;3029357540,00;90007
WINFUT;05/12/2023;16:10:00;168264,96;168541,91;168258,37;168350,69;6968969327,00;206905
WINFUT;05/12/2023;16:05:00;168185,84;168304,53;168073,74;168271,56;4722099508,00;140386
WINFUT;05/12/2023;16:00:00;168126,49;168225,40;168106,71;168192,43;2841319888,00;84476
WINFUT;05/12/2023;15:55:00;168238,59;168271,56;168106,71;168126,49;3148648714,00;93611
WINFUT;05/12/2023;15:50:00;168311,12;168317,72;168199,03;168245,18;2385917261,00;70897
WINFUT;05/12/2023;15:45:00;168311,12;168370,47;168251,78;168317,72;2967389210,00;88153
WINFUT;05/12/2023;15:40:00;168218,81;168344,09;168166,06;168304,53;3443604886,00;102329
WINFUT;05/12/2023;15:35:00;168291,34;168317,72;168166,06;168218,81;2759865881,00;82026
WINFUT;05/12/2023;15:30:00;168251,78;168311,12;168146,27;168297,93;4379145728,00;130152
WINFUT;05/12/2023;15:25:00;168350,69;168443,00;168205,62;168251,78;5281421998,00;156874
WINFUT;05/12/2023;15:20:00;168264,96;168396,84;168192,43;168357,28;4934794957,00;146615
WINFUT;05/12/2023;15:15:00;168034,18;168278,15;168020,99;168264,96;7389867536,00;219725
WINFUT;05/12/2023;15:10:00;167849,54;168067,15;167803,39;168034,18;4475428802,00;133242
WINFUT;05/12/2023;15:05:00;167895,70;168007,80;167770,42;167856,14;5840008408,00;173921
WINFUT;05/12/2023;15:00:00;167968,24;168053,96;167829,76;167895,70;6551574710,00;195068
WINFUT;05/12/2023;14:55:00;167803,39;168027,58;167763,82;167968,24;5737064014,00;170817
WINFUT;05/12/2023;14:50:00;167757,23;167829,76;167704,48;167803,39;3781611666,00;112705
WINFUT;05/12/2023;14:45:00;167447,31;167777,01;167434,12;167757,23;6369081960,00;189972
WINFUT;05/12/2023;14:40:00;167763,82;167770,42;167381,37;167447,31;7127537412,00;212658
WINFUT;05/12/2023;14:35:00;167777,01;167882,51;167730,85;167757,23;3752733158,00;111809
WINFUT;05/12/2023;14:30:00;167968,24;168014,39;167730,85;167777,01;4604325349,00;137141
WINFUT;05/12/2023;14:25:00;167750,64;167988,02;167724,26;167974,83;4732076867,00;140943
WINFUT;05/12/2023;14:20:00;167856,14;167882,51;167744,04;167757,23;3221385603,00;95978
WINFUT;05/12/2023;14:15:00;167783,60;167928,67;167777,01;167856,14;3404567474,00;101412
WINFUT;05/12/2023;14:10:00;167988,02;168073,74;167763,82;167777,01;5071622866,00;151011
WINFUT;05/12/2023;14:05:00;167823,17;168100,12;167796,79;167988,02;6559234166,00;195253
WINFUT;05/12/2023;14:00:00;167658,32;167908,89;167638,54;167829,76;4920499607,00;146609
WINFUT;05/12/2023;13:55:00;167526,44;167697,88;167500,06;167658,32;4254589673,00;126934
WINFUT;05/12/2023;13:50:00;167770,42;167941,86;167506,66;167533,03;8728255642,00;260184
WINFUT;05/12/2023;13:45:00;167605,57;167790,20;167566,00;167763,82;3688190889,00;109966
WINFUT;05/12/2023;13:40:00;167480,28;167651,73;167473,69;167612,16;4130212178,00;123232
WINFUT;05/12/2023;13:35:00;167368,18;167500,06;167315,43;167473,69;3467339180,00;103567
WINFUT;05/12/2023;13:30:00;167447,31;167552,82;167335,21;167368,18;4557122551,00;136080
WINFUT;05/12/2023;13:25:00;167407,75;167480,28;167355,00;167447,31;2764642256,00;82564
WINFUT;05/12/2023;13:20:00;167355,00;167473,69;167275,87;167407,75;5125327635,00;153104
WINFUT;05/12/2023;13:15:00;167566,00;167651,73;167341,81;167355,00;6943916790,00;207265
WINFUT;05/12/2023;13:10:00;167750,64;167777,01;167539,63;167566,00;5597458587,00;166929
WINFUT;05/12/2023;13:05:00;167803,39;167849,54;167730,85;167750,64;3504344802,00;104425
WINFUT;05/12/2023;13:00:00;167750,64;167823,17;167671,51;167803,39;4363233694,00;130043
WINFUT;05/12/2023;12:55:00;167486,88;167783,60;167453,91;167744,04;6277186316,00;187221
WINFUT;05/12/2023;12:50:00;167394,56;167493,47;167302,25;167480,28;3471351786,00;103682
WINFUT;05/12/2023;12:45:00;167341,81;167434,12;167308,84;167394,56;4496100784,00;134313
WINFUT;05/12/2023;12:40:00;167236,31;167361,59;167196,74;167341,81;6537260838,00;195401
WINFUT;05/12/2023;12:35:00;167414,34;167533,03;167229,71;167242,90;7727837570,00;230858
WINFUT;05/12/2023;12:30:00;167935,27;167974,83;167407,75;167407,75;1,019110516E10;303878
WINFUT;05/12/2023;12:25:00;167836,36;167948,45;167704,48;167935,27;5366980100,00;159895
WINFUT;05/12/2023;12:20:00;167724,26;167935,27;167724,26;167836,36;6582773067,00;196111
WINFUT;05/12/2023;12:15:00;167684,70;167823,17;167625,35;167730,85;7394751498,00;220454
WINFUT;05/12/2023;12:10:00;167915,48;168093,52;167671,51;167684,70;1,043074428E10;310612
WINFUT;05/12/2023;12:05:00;168212,21;168245,18;167842,95;167915,48;8866686818,00;263818
WINFUT;05/12/2023;12:00:00;167809,98;168528,72;167777,01;168205,62;1,760293269E10;523164
WINFUT;05/12/2023;11:55:00;167691,29;167869,33;167664,91;167809,98;6111598409,00;182115
WINFUT;05/12/2023;11:50:00;167493,47;167704,48;167401,15;167691,29;8229669452,00;245601
WINFUT;05/12/2023;11:45:00;167361,59;167592,38;167256,09;167486,88;1,002272355E10;299328
WINFUT;05/12/2023;11:40:00;167730,85;167763,82;167275,87;167361,59;1,144482705E10;341709
WINFUT;05/12/2023;11:35:00;167935,27;167988,02;167678,10;167724,26;9310808571,00;277404
WINFUT;05/12/2023;11:30:00;167638,54;167955,05;167566,00;167928,67;1,044331599E10;311353
WINFUT;05/12/2023;11:25:00;167783,60;167783,60;167612,16;167638,54;7022524114,00;209392
WINFUT;05/12/2023;11:20:00;167994,61;168027,58;167711,07;167783,60;7823884226,00;233045
WINFUT;05/12/2023;11:15:00;168126,49;168172,65;167955,05;168001,21;6076999459,00;180801
WINFUT;05/12/2023;11:10:00;168093,52;168212,21;168040,77;168126,49;6910985972,00;205533
WINFUT;05/12/2023;11:05:00;168337,50;168350,69;168067,15;168100,12;7515333453,00;223403
WINFUT;05/12/2023;11:00:00;168350,69;168416,63;168278,15;168330,90;4628002100,00;137453
WINFUT;05/12/2023;10:55:00;168443,00;168522,13;168317,72;168350,69;4671307646,00;138697
WINFUT;05/12/2023;10:50:00;168410,03;168528,72;168403,44;168449,60;3923501774,00;116442
WINFUT;05/12/2023;10:45:00;168449,60;168515,54;168350,69;168410,03;3899853056,00;115768
WINFUT;05/12/2023;10:40:00;168495,75;168548,51;168304,53;168449,60;9021767384,00;267823
WINFUT;05/12/2023;10:35:00;168535,32;168621,04;168456,19;168502,35;5847976297,00;173497
WINFUT;05/12/2023;10:30:00;168423,22;168594,66;168396,84;168535,32;8008320986,00;237618
WINFUT;05/12/2023;10:25:00;168330,90;168469,38;168297,93;168429,81;7393808738,00;219552
WINFUT;05/12/2023;10:20:00;168152,87;168370,47;167994,61;168337,50;1,083599764E10;322168
WINFUT;05/12/2023;10:15:00;167849,54;168370,47;167829,76;168159,46;1,650678542E10;490801
WINFUT;05/12/2023;10:10:00;167678,10;167915,48;167618,76;167849,54;1,050415982E10;313046
WINFUT;05/12/2023;10:05:00;167849,54;167889,11;167519,85;167678,10;1,160758141E10;346109
WINFUT;05/12/2023;10:00:00;167862,73;168040,77;167823,17;167856,14;8148102174,00;242609
WINFUT;05/12/2023;09:55:00;167790,20;167875,92;167790,20;167869,33;2336982827,00;69619
WINFUT;05/12/2023;09:50:00;167763,82;167849,54;167750,64;167790,20;3903944535,00;116332
WINFUT;05/12/2023;09:45:00;167579,19;167777,01;167559,41;167763,82;4087810947,00;121899
WINFUT;05/12/2023;09:40:00;167618,76;167664,91;167552,82;167579,19;3399109218,00;101405
WINFUT;05/12/2023;09:35:00;167631,94;167737,45;167592,38;167612,16;4222497773,00;125917
WINFUT;05/12/2023;09:30:00;167519,85;167671,51;167513,25;167631,94;4200526859,00;125302
WINFUT;05/12/2023;09:25:00;167447,31;167552,82;167427,53;167519,85;4044760873,00;120744
WINFUT;05/12/2023;09:20:00;167737,45;167783,60;167434,12;167447,31;5870300482,00;175129
WINFUT;05/12/2023;09:15:00;167684,70;167816,57;167671,51;167737,45;2688662202,00;80138
WINFUT;05/12/2023;09:10:00;167757,23;167770,42;167671,51;167691,29;2694447362,00;80327
WINFUT;05/12/2023;09:05:00;167711,07;167856,14;167697,88;167763,82;3594966756,00;107135
WINFUT;05/12/2023;09:00:00;167618,76;167849,54;167256,09;167711,07;9378162228,00;279843
WINFUT;04/12/2023;18:20:00;167783,60;167895,70;167770,42;167895,70;1352921885,00;40300
WINFUT;04/12/2023;18:15:00;167750,64;167823,17;167717,67;167777,01;1489481931,00;44393
WINFUT;04/12/2023;18:10:00;167730,85;167823,17;167704,48;167750,64;1365458975,00;40696
WINFUT;04/12/2023;18:05:00;167757,23;167783,60;167704,48;167724,26;1150050590,00;34280
WINFUT;04/12/2023;18:00:00;167796,79;167823,17;167730,85;167757,23;1447655889,00;43145
WINFUT;04/12/2023;17:55:00;167895,70;167915,48;167770,42;167796,79;2686760424,00;80044
WINFUT;04/12/2023;17:50:00;167823,17;167922,08;167823,17;167889,11;2249271880,00;66988
WINFUT;04/12/2023;17:45:00;167829,76;167895,70;167803,39;167829,76;2839890707,00;84594
WINFUT;04/12/2023;17:40:00;167757,23;167842,95;167744,04;167823,17;2369868624,00;70612
WINFUT;04/12/2023;17:35:00;167763,82;167783,60;167697,88;167757,23;2116371103,00;63081
WINFUT;04/12/2023;17:30:00;167691,29;167803,39;167691,29;167763,82;3472203392,00;103488
WINFUT;04/12/2023;17:25:00;167618,76;167711,07;167605,57;167691,29;2337225176,00;69698
WINFUT;04/12/2023;17:20:00;167671,51;167678,10;167592,38;167618,76;2191642307,00;65373
WINFUT;04/12/2023;17:15:00;167618,76;167678,10;167598,97;167671,51;2185181982,00;65176
WINFUT;04/12/2023;17:10:00;167730,85;167730,85;167592,38;167612,16;2731397584,00;81451
WINFUT;04/12/2023;17:05:00;167829,76;167836,36;167717,67;167724,26;2774365811,00;82689
WINFUT;04/12/2023;17:00:00;167816,57;167889,11;167803,39;167823,17;2798422049,00;83362
WINFUT;04/12/2023;16:55:00;167737,45;167849,54;167737,45;167816,57;2781753537,00;82890
WINFUT;04/12/2023;16:50:00;167777,01;167869,33;167717,67;167737,45;3987307605,00;118808
WINFUT;04/12/2023;16:45:00;167612,16;167816,57;167605,57;167770,42;5062175609,00;150916
WINFUT;04/12/2023;16:40:00;167579,19;167618,76;167539,63;167612,16;1825112263,00;54454
WINFUT;04/12/2023;16:35:00;167579,19;167618,76;167552,82;167585,79;2242353951,00;66902
WINFUT;04/12/2023;16:30:00;167625,35;167678,10;167579,19;167579,19;2128399445,00;63487
WINFUT;04/12/2023;16:25:00;167598,97;167651,73;167585,79;167625,35;1993870179,00;59475
WINFUT;04/12/2023;16:20:00;167671,51;167691,29;167579,19;167605,57;2784660858,00;83061
WINFUT;04/12/2023;16:15:00;167737,45;167750,64;167625,35;167678,10;3081416366,00;91879
WINFUT;04/12/2023;16:10:00;167533,03;167744,04;167506,66;167737,45;5362387577,00;159947
WINFUT;04/12/2023;16:05:00;167645,13;167711,07;167500,06;167526,44;5395182112,00;160972
WINFUT;04/12/2023;16:00:00;167651,73;167750,64;167625,35;167651,73;3697240738,00;110243
WINFUT;04/12/2023;15:55:00;167684,70;167717,67;167605,57;167651,73;3927830312,00;117140
WINFUT;04/12/2023;15:50:00;167730,85;167816,57;167658,32;167678,10;4700478014,00;140124
WINFUT;04/12/2023;15:45:00;167790,20;167836,36;167717,67;167724,26;2597528260,00;77410
WINFUT;04/12/2023;15:40:00;167803,39;167836,36;167730,85;167796,79;2821328520,00;84078
WINFUT;04/12/2023;15:35:00;167823,17;167908,89;167770,42;167803,39;3607318932,00;107465
WINFUT;04/12/2023;15:30:00;167724,26;167882,51;167671,51;167829,76;4906299791,00;146199
WINFUT;04/12/2023;15:25:00;167744,04;167790,20;167671,51;167717,67;4094664075,00;122062
WINFUT;04/12/2023;15:20:00;167744,04;167816,57;167704,48;167744,04;2878841138,00;85805
WINFUT;04/12/2023;15:15:00;167757,23;167908,89;167730,85;167750,64;5862008557,00;174650
WINFUT;04/12/2023;15:10:00;167777,01;167809,98;167697,88;167757,23;4098079362,00;122145
WINFUT;04/12/2023;15:05:00;167981,42;167994,61;167750,64;167770,42;5598643754,00;166758
WINFUT;04/12/2023;15:00:00;168133,09;168146,27;167955,05;167981,42;3906760232,00;116250
WINFUT;04/12/2023;14:55:00;167935,27;168139,68;167935,27;168139,68;3976926897,00;118321
WINFUT;04/12/2023;14:50:00;167935,27;167994,61;167895,70;167935,27;2841920049,00;84607
WINFUT;04/12/2023;14:45:00;167849,54;167955,05;167790,20;167935,27;3642034579,00;108475
WINFUT;04/12/2023;14:40:00;167790,20;167875,92;167730,85;167849,54;4880695418,00;145418
WINFUT;04/12/2023;14:35:00;168040,77;168073,74;167770,42;167796,79;6474897660,00;192844
WINFUT;04/12/2023;14:30:00;168040,77;168080,33;167882,51;168034,18;6649922367,00;197938
WINFUT;04/12/2023;14:25:00;168106,71;168146,27;168027,58;168040,77;2631485720,00;78275
WINFUT;04/12/2023;14:20:00;168251,78;168258,37;168067,15;168106,71;4971878366,00;147847
WINFUT;04/12/2023;14:15:00;168205,62;168271,56;168172,65;168251,78;3251693997,00;96647
WINFUT;04/12/2023;14:10:00;168179,24;168212,21;168133,09;168205,62;2250705981,00;66914
WINFUT;04/12/2023;14:05:00;168001,21;168218,81;168001,21;168185,84;4389364143,00;130529
WINFUT;04/12/2023;14:00:00;168225,40;168245,18;167994,61;168001,21;5029744300,00;149610
WINFUT;04/12/2023;13:55:00;168113,30;168245,18;168086,93;168232,00;4045796134,00;120285
WINFUT;04/12/2023;13:50:00;168014,39;168159,46;168014,39;168113,30;4001963421,00;119033
WINFUT;04/12/2023;13:45:00;167928,67;168034,18;167928,67;168007,80;2607260479,00;77601
WINFUT;04/12/2023;13:40:00;167948,45;168001,21;167902,30;167928,67;3019131133,00;89875
WINFUT;04/12/2023;13:35:00;168113,30;168119,90;167895,70;167948,45;5485735715,00;163266
WINFUT;04/12/2023;13:30:00;168192,43;168212,21;168106,71;168113,30;2654382172,00;78925
WINFUT;04/12/2023;13:25:00;168080,33;168205,62;168027,58;168192,43;4283518444,00;127395
WINFUT;04/12/2023;13:20:00;168113,30;168179,24;168047,36;168073,74;3932814931,00;116971
WINFUT;04/12/2023;13:15:00;168119,90;168192,43;168073,74;168113,30;3477625503,00;103422
WINFUT;04/12/2023;13:10:00;168034,18;168126,49;167994,61;168119,90;4242950350,00;126239
WINFUT;04/12/2023;13:05:00;167941,86;168047,36;167908,89;168040,77;3349743713,00;99707
WINFUT;04/12/2023;13:00:00;167922,08;167988,02;167862,73;167941,86;2962222978,00;88200
WINFUT;04/12/2023;12:55:00;167961,64;168020,99;167889,11;167928,67;3848788145,00;114576
WINFUT;04/12/2023;12:50:00;167902,30;167968,24;167842,95;167955,05;3295990096,00;98149
WINFUT;04/12/2023;12:45:00;167961,64;167981,42;167862,73;167902,30;3377903071,00;100583
WINFUT;04/12/2023;12:40:00;167988,02;168034,18;167803,39;167968,24;6484062586,00;193096
WINFUT;04/12/2023;12:35:00;168100,12;168119,90;167895,70;167981,42;8676188296,00;258226
WINFUT;04/12/2023;12:30:00;168232,00;168317,72;168093,52;168100,12;6501657915,00;193258
WINFUT;04/12/2023;12:25:00;168350,69;168436,41;168205,62;168238,59;6853308365,00;203606
WINFUT;04/12/2023;12:20:00;168370,47;168456,19;168278,15;168344,09;5644348399,00;167633
WINFUT;04/12/2023;12:15:00;168429,81;168548,51;168337,50;168370,47;6492452055,00;192738
WINFUT;04/12/2023;12:10:00;168528,72;168581,48;168363,87;168436,41;5363411632,00;159194
WINFUT;04/12/2023;12:05:00;168508,94;168588,07;168363,87;168528,72;8084731155,00;239942
WINFUT;04/12/2023;12:00:00;168528,72;168693,57;168475,97;168508,94;7241179512,00;214763
WINFUT;04/12/2023;11:55:00;168634,23;168654,01;168456,19;168528,72;6779888249,00;201131
WINFUT;04/12/2023;11:50:00;168911,17;168911,17;168541,91;168634,23;1,066124002E10;315954
WINFUT;04/12/2023;11:45:00;168970,52;169062,84;168891,39;168904,58;5347788614,00;158247
WINFUT;04/12/2023;11:40:00;168832,05;169036,46;168818,86;168963,93;7193469873,00;212895
WINFUT;04/12/2023;11:35:00;168693,57;168904,58;168640,82;168825,45;7559227505,00;223953
WINFUT;04/12/2023;11:30:00;168700,17;168944,14;168667,20;168700,17;1,190766718E10;352705
WINFUT;04/12/2023;11:25:00;168568,29;168739,73;168561,69;168700,17;4608616927,00;136618
WINFUT;04/12/2023;11:20:00;168555,10;168627,63;168482,57;168568,29;3856913785,00;114406
WINFUT;04/12/2023;11:15:00;168515,54;168574,88;168429,81;168555,10;4904057381,00;145507
WINFUT;04/12/2023;11:10:00;168693,57;168693,57;168475,97;168522,13;5434905009,00;161228
WINFUT;04/12/2023;11:05:00;168713,35;168752,92;168614,45;168693,57;4283795640,00;126985
WINFUT;04/12/2023;11:00:00;168640,82;168739,73;168588,07;168713,35;5665441615,00;167956
WINFUT;04/12/2023;10:55:00;168647,42;168759,51;168640,82;168647,42;4772656146,00;141459
WINFUT;04/12/2023;10:50:00;168502,35;168713,35;168475,97;168647,42;4885781819,00;144894
WINFUT;04/12/2023;10:45:00;168588,07;168614,45;168489,16;168502,35;2922537208,00;86696
WINFUT;04/12/2023;10:40:00;168574,88;168614,45;168482,57;168581,48;3667451438,00;108790
WINFUT;04/12/2023;10:35:00;168482,57;168581,48;168370,47;168574,88;5131611078,00;152297
WINFUT;04/12/2023;10:30:00;168449,60;168528,72;168357,28;168482,57;6503363134,00;193056
WINFUT;04/12/2023;10:25:00;168482,57;168627,63;168410,03;168449,60;6306576472,00;187111
WINFUT;04/12/2023;10:20:00;168614,45;168634,23;168370,47;168482,57;7002612410,00;207804
WINFUT;04/12/2023;10:15:00;168357,28;168713,35;168291,34;168614,45;1,001339414E10;296997
WINFUT;04/12/2023;10:10:00;168581,48;168614,45;168271,56;168357,28;9292943430,00;275877
WINFUT;04/12/2023;10:05:00;168548,51;168654,01;168403,44;168574,88;7655254553,00;227135
WINFUT;04/12/2023;10:00:00;168482,57;168627,63;168475,97;168555,10;7310416854,00;216852
WINFUT;04/12/2023;09:55:00;168436,41;168508,94;168403,44;168489,16;1812027074,00;53784
WINFUT;04/12/2023;09:50:00;168482,57;168495,75;168377,06;168429,81;2518591825,00;74768
WINFUT;04/12/2023;09:45:00;168462,78;168495,75;168436,41;168475,97;1279082028,00;37962
WINFUT;04/12/2023;09:40:00;168495,75;168502,35;168410,03;168469,38;2498795671,00;74170
WINFUT;04/12/2023;09:35:00;168495,75;168515,54;168475,97;168495,75;1139398281,00;33811
WINFUT;04/12/2023;09:30:00;168456,19;168508,94;168423,22;168502,35;1756825663,00;52140
WINFUT;04/12/2023;09:25:00;168456,19;168495,75;168436,41;168456,19;1157674194,00;34359
WINFUT;04/12/2023;09:20:00;168469,38;168495,75;168423,22;168456,19;1324114477,00;39300
WINFUT;04/12/2023;09:15:00;168475,97;168489,16;168423,22;168469,38;1778776608,00;52797
WINFUT;04/12/2023;09:10:00;168449,60;168502,35;168350,69;168469,38;4972824246,00;147622
WINFUT;04/12/2023;09:05:00;168614,45;168680,39;168436,41;168449,60;3984738299,00;118189
WINFUT;04/12/2023;09:00:00;168719,95;168818,86;168403,44;168614,45;7298118214,00;216360
WINFUT;01/12/2023;18:20:00;169570,57;169656,29;169418,91;169418,91;1293499852,00;38150
WINFUT;01/12/2023;18:15:00;169524,41;169623,32;169504,63;169577,17;1847930424,00;54488
WINFUT;01/12/2023;18:10:00;169537,60;169550,79;169458,47;169524,41;1611776004,00;47544
WINFUT;01/12/2023;18:05:00;169550,79;169583,76;169517,82;169537,60;919635217,10;27120
WINFUT;01/12/2023;18:00:00;169471,66;169583,76;169451,88;169557,38;2018083310,00;59522
WINFUT;01/12/2023;17:55:00;169445,29;169511,23;169432,10;169465,07;1560973657,00;46056
WINFUT;01/12/2023;17:50:00;169451,88;169484,85;169412,32;169445,29;1543648562,00;45549
WINFUT;01/12/2023;17:45:00;169392,53;169511,23;169352,97;169451,88;3122272971,00;92128
WINFUT;01/12/2023;17:40:00;169412,32;169418,91;169313,41;169385,94;2744773111,00;81029
WINFUT;01/12/2023;17:35:00;169524,41;169537,60;169399,13;169412,32;2324446973,00;68577
WINFUT;01/12/2023;17:30:00;169590,35;169596,95;169484,85;169517,82;2880486992,00;84949
WINFUT;01/12/2023;17:25:00;169531,01;169662,89;169498,04;169590,35;4293989518,00;126586
WINFUT;01/12/2023;17:20:00;169484,85;169563,98;169451,88;169531,01;2191492097,00;64642
WINFUT;01/12/2023;17:15:00;169498,04;169537,60;169445,29;169484,85;1841374818,00;54321
WINFUT;01/12/2023;17:10:00;169372,75;169524,41;169346,38;169498,04;3475009939,00;102534
WINFUT;01/12/2023;17:05:00;169293,62;169392,53;169267,25;169366,16;2446272425,00;72231
WINFUT;01/12/2023;17:00:00;169352,97;169352,97;169240,87;169300,22;2788380870,00;82354
WINFUT;01/12/2023;16:55:00;169372,75;169385,94;169306,81;169352,97;2083113598,00;61506
WINFUT;01/12/2023;16:50:00;169418,91;169425,50;169313,41;169379,35;2988591739,00;88231
WINFUT;01/12/2023;16:45:00;169451,88;169465,07;169372,75;169425,50;1900262737,00;56080
WINFUT;01/12/2023;16:40:00;169425,50;169471,66;169379,35;169445,29;2670030748,00;78794
WINFUT;01/12/2023;16:35:00;169405,72;169438,69;169366,16;169418,91;2387869123,00;70479
WINFUT;01/12/2023;16:30:00;169451,88;169484,85;169405,72;169412,32;2629465006,00;77590
WINFUT;01/12/2023;16:25:00;169563,98;169563,98;169451,88;169458,47;2928014762,00;86372
WINFUT;01/12/2023;16:20:00;169458,47;169616,73;169425,50;169557,38;4423870597,00;130468
WINFUT;01/12/2023;16:15:00;169451,88;169511,23;169405,72;169458,47;3327020343,00;98163
WINFUT;01/12/2023;16:10:00;169227,68;169471,66;169221,09;169451,88;5043829969,00;148897
WINFUT;01/12/2023;16:05:00;169306,81;169313,41;169201,31;169227,68;2496693316,00;73758
WINFUT;01/12/2023;16:00:00;169247,47;169339,78;169221,09;169313,41;2821534430,00;83334
WINFUT;01/12/2023;15:55:00;169359,56;169392,53;169201,31;169247,47;3358559384,00;99191
WINFUT;01/12/2023;15:50:00;169320,00;169392,53;169293,62;169359,56;2560247553,00;75595
WINFUT;01/12/2023;15:45:00;169260,65;169366,16;169234,28;169320,00;3242512152,00;95756
WINFUT;01/12/2023;15:40:00;169247,47;169273,84;169168,34;169260,65;2677527849,00;79119
WINFUT;01/12/2023;15:35:00;169227,68;169306,81;169214,50;169254,06;3010800631,00;88938
WINFUT;01/12/2023;15:30:00;169194,71;169247,47;169161,75;169227,68;2275362344,00;67236
WINFUT;01/12/2023;15:25:00;169260,65;169280,44;169155,15;169194,71;2395152498,00;70779
WINFUT;01/12/2023;15:20:00;169293,62;169306,81;169174,93;169260,65;3253395801,00;96128
WINFUT;01/12/2023;15:15:00;169240,87;169306,81;169214,50;169293,62;2676824497,00;79071
WINFUT;01/12/2023;15:10:00;169372,75;169392,53;169174,93;169234,28;4612798832,00;136252
WINFUT;01/12/2023;15:05:00;169504,63;169511,23;169339,78;169366,16;3826148280,00;112927
WINFUT;01/12/2023;15:00:00;169491,44;169583,76;169412,32;169498,04;3722005500,00;109794
WINFUT;01/12/2023;14:55:00;169458,47;169544,20;169432,10;169498,04;3176032643,00;93693
WINFUT;01/12/2023;14:50:00;169445,29;169498,04;169405,72;169458,47;2766389307,00;81627
WINFUT;01/12/2023;14:45:00;169399,13;169478,26;169379,35;169451,88;3299520115,00;97368
WINFUT;01/12/2023;14:40:00;169412,32;169432,10;169293,62;169392,53;3468482106,00;102406
WINFUT;01/12/2023;14:35:00;169359,56;169458,47;169300,22;169418,91;3476712605,00;102623
WINFUT;01/12/2023;14:30:00;169372,75;169465,07;169313,41;169366,16;4596151914,00;135673
WINFUT;01/12/2023;14:25:00;169267,25;169432,10;169240,87;169379,35;3802577166,00;112270
WINFUT;01/12/2023;14:20:00;169207,90;169293,62;169155,15;169273,84;3669136156,00;108407
WINFUT;01/12/2023;14:15:00;169346,38;169366,16;169161,75;169214,50;4719629083,00;139431
WINFUT;01/12/2023;14:10:00;169300,22;169412,32;169287,03;169346,38;2986184719,00;88168
WINFUT;01/12/2023;14:05:00;169287,03;169425,50;169260,65;169300,22;4268577401,00;126023
WINFUT;01/12/2023;14:00:00;169141,96;169352,97;169089,21;169280,44;6692767765,00;197719
WINFUT;01/12/2023;13:55:00;169069,43;169168,34;169043,05;169148,56;2866363091,00;84753
WINFUT;01/12/2023;13:50:00;169056,24;169174,93;168996,90;169062,84;4879907923,00;144296
WINFUT;01/12/2023;13:45:00;169010,08;169102,40;168884,80;169062,84;4196440808,00;124158
WINFUT;01/12/2023;13:40:00;168878,20;169062,84;168838,64;169010,08;6086705896,00;180142
WINFUT;01/12/2023;13:35:00;168897,99;168904,58;168667,20;168878,20;7332328591,00;217213
WINFUT;01/12/2023;13:30:00;169148,56;169181,53;168818,86;168904,58;7471144854,00;221084
WINFUT;01/12/2023;13:25:00;169082,62;169214,50;169056,24;169148,56;5474238942,00;161824
WINFUT;01/12/2023;13:20:00;168937,55;169095,81;168825,45;169076,02;6032048271,00;178513
WINFUT;01/12/2023;13:15:00;168845,23;169115,59;168799,08;168937,55;8967997374,00;265400
WINFUT;01/12/2023;13:10:00;168508,94;168911,17;168429,81;168845,23;9562718510,00;283408
WINFUT;01/12/2023;13:05:00;168337,50;168621,04;168159,46;168515,54;9967855786,00;295944
WINFUT;01/12/2023;13:00:00;168311,12;168475,97;168067,15;168344,09;1,32857803E10;394771
WINFUT;01/12/2023;12:55:00;168482,57;168489,16;168291,34;168311,12;3945159435,00;117150
WINFUT;01/12/2023;12:50:00;168416,63;168627,63;168383,66;168482,57;6706494356,00;198992
WINFUT;01/12/2023;12:45:00;168344,09;168449,60;168291,34;168410,03;5287606901,00;157024
WINFUT;01/12/2023;12:40:00;168139,68;168403,44;168086,93;168344,09;6133281413,00;182264
WINFUT;01/12/2023;12:35:00;168106,71;168225,40;168067,15;168146,27;3683887999,00;109550
WINFUT;01/12/2023;12:30:00;168053,96;168232,00;167988,02;168106,71;5669150847,00;168589
WINFUT;01/12/2023;12:25:00;168172,65;168192,43;167941,86;168053,96;5248256885,00;156151
WINFUT;01/12/2023;12:20:00;168119,90;168179,24;168001,21;168172,65;5075804524,00;150971
WINFUT;01/12/2023;12:15:00;168053,96;168146,27;167849,54;168119,90;7766644605,00;231165
WINFUT;01/12/2023;12:10:00;168034,18;168166,06;167928,67;168053,96;5987825085,00;178150
WINFUT;01/12/2023;12:05:00;168139,68;168166,06;167882,51;168040,77;1,025772208E10;305241
WINFUT;01/12/2023;12:00:00;167988,02;168357,28;167988,02;168139,68;1,293498842E10;384514
WINFUT;01/12/2023;11:55:00;167915,48;168007,80;167836,36;167981,42;3475933265,00;103487
WINFUT;01/12/2023;11:50:00;168020,99;168047,36;167790,20;167915,48;6927990835,00;206326
WINFUT;01/12/2023;11:45:00;167974,83;168113,30;167922,08;168020,99;8180944415,00;243448
WINFUT;01/12/2023;11:40:00;167750,64;167988,02;167730,85;167974,83;6416009835,00;191080
WINFUT;01/12/2023;11:35:00;167691,29;167875,92;167645,13;167750,64;6605793075,00;196850
WINFUT;01/12/2023;11:30:00;167737,45;167763,82;167579,19;167691,29;1,02633355E10;306061
WINFUT;01/12/2023;11:25:00;167862,73;167955,05;167737,45;167744,04;6539974752,00;194804
WINFUT;01/12/2023;11:20:00;167803,39;167875,92;167697,88;167862,73;5270701377,00;157067
WINFUT;01/12/2023;11:15:00;167777,01;167862,73;167717,67;167803,39;5636654977,00;167970
WINFUT;01/12/2023;11:10:00;167948,45;168020,99;167757,23;167777,01;7198395414,00;214388
WINFUT;01/12/2023;11:05:00;168020,99;168047,36;167895,70;167941,86;5323657055,00;158484
WINFUT;01/12/2023;11:00:00;167988,02;168100,12;167961,64;168020,99;5552393946,00;165226
WINFUT;01/12/2023;10:55:00;168139,68;168218,81;167961,64;167981,42;6810013183,00;202584
WINFUT;01/12/2023;10:50:00;168205,62;168278,15;168086,93;168139,68;7129129964,00;211971
WINFUT;01/12/2023;10:45:00;168344,09;168390,25;168205,62;168205,62;5256031012,00;156147
WINFUT;01/12/2023;10:40:00;168410,03;168416,63;168179,24;168344,09;9077159738,00;269699
WINFUT;01/12/2023;10:35:00;168528,72;168614,45;168357,28;168416,63;6402152064,00;190000
WINFUT;01/12/2023;10:30:00;168647,42;168654,01;168357,28;168528,72;8239528571,00;244529
WINFUT;01/12/2023;10:25:00;168621,04;168680,39;168508,94;168654,01;4267667559,00;126562
WINFUT;01/12/2023;10:20:00;168719,95;168752,92;168482,57;168614,45;8348759438,00;247576
WINFUT;01/12/2023;10:15:00;168462,78;168746,32;168436,41;168719,95;8649851089,00;256492
WINFUT;01/12/2023;10:10:00;168581,48;168614,45;168416,63;168456,19;6617805534,00;196363
WINFUT;01/12/2023;10:05:00;168522,13;168601,26;168462,78;168581,48;5456611551,00;161893
WINFUT;01/12/2023;10:00:00;168548,51;168700,17;168495,75;168522,13;7259560818,00;215302
WINFUT;01/12/2023;09:55:00;168647,42;168673,79;168548,51;168548,51;3405985045,00;101008
WINFUT;01/12/2023;09:50:00;168673,79;168673,79;168588,07;168647,42;3657429465,00;108441
WINFUT;01/12/2023;09:45:00;168733,14;168772,70;168660,60;168667,20;3267837862,00;96845
WINFUT;01/12/2023;09:40:00;168700,17;168746,32;168660,60;168726,54;2275277190,00;67433
WINFUT;01/12/2023;09:35:00;168713,35;168746,32;168673,79;168700,17;2757480193,00;81721
WINFUT;01/12/2023;09:30:00;168851,83;168878,20;168706,76;168706,76;5063576039,00;149994
WINFUT;01/12/2023;09:25:00;168911,17;168950,74;168851,83;168851,83;1983317278,00;58717
WINFUT;01/12/2023;09:20:00;168924,36;168970,52;168858,42;168904,58;3020219315,00;89404
WINFUT;01/12/2023;09:15:00;168897,99;169036,46;168884,80;168924,36;3689952393,00;109189
WINFUT;01/12/2023;09:10:00;168891,39;168983,71;168818,86;168897,99;4235378656,00;125380
WINFUT;01/12/2023;09:05:00;168983,71;169122,18;168865,02;168891,39;5697421980,00;168563
WINFUT;01/12/2023;09:00:00;168924,36;169135,37;168884,80;168977,11;7398972813,00;218909
WINFUT;30/11/2023;18:20:00;168733,14;168733,14;168561,69;168561,69;1515878049,00;44947
WINFUT;30/11/2023;18:15:00;168581,48;168759,51;168561,69;168726,54;3102488600,00;91963
WINFUT;30/11/2023;18:10:00;168548,51;168627,63;168541,91;168574,88;1738892391,00;51574
WINFUT;30/11/2023;18:05:00;168541,91;168594,66;168522,13;168548,51;1803346170,00;53495
WINFUT;30/11/2023;18:00:00;168634,23;168647,42;168522,13;168541,91;2166197091,00;64245
WINFUT;30/11/2023;17:55:00;168561,69;168667,20;168541,91;168634,23;2550564679,00;75638
WINFUT;30/11/2023;17:50:00;168555,10;168640,82;168548,51;168568,29;2556328455,00;75814
WINFUT;30/11/2023;17:45:00;168528,72;168614,45;168469,38;168555,10;3892618553,00;115471
WINFUT;30/11/2023;17:40:00;168423,22;168541,91;168403,44;168535,32;3210055220,00;95261
WINFUT;30/11/2023;17:35:00;168344,09;168443,00;168324,31;168429,81;1960858493,00;58225
WINFUT;30/11/2023;17:30:00;168357,28;168370,47;168278,15;168337,50;2186966214,00;64963
WINFUT;30/11/2023;17:25:00;168317,72;168383,66;168271,56;168350,69;2234924743,00;66386
WINFUT;30/11/2023;17:20:00;168324,31;168403,44;168271,56;168311,12;3252895480,00;96615
WINFUT;30/11/2023;17:15:00;168324,31;168350,69;168258,37;168317,72;2734769690,00;81243
WINFUT;30/11/2023;17:10:00;168423,22;168443,00;168304,53;168317,72;2642796885,00;78486
WINFUT;30/11/2023;17:05:00;168377,06;168423,22;168324,31;168423,22;2443513256,00;72562
WINFUT;30/11/2023;17:00:00;168423,22;168462,78;168337,50;168383,66;3182391978,00;94488
WINFUT;30/11/2023;16:55:00;168475,97;168495,75;168396,84;168423,22;2509871044,00;74502
WINFUT;30/11/2023;16:50:00;168522,13;168522,13;168429,81;168475,97;3309875119,00;98234
WINFUT;30/11/2023;16:45:00;168561,69;168581,48;168482,57;168522,13;2220923994,00;65894
WINFUT;30/11/2023;16:40:00;168588,07;168621,04;168528,72;168568,29;2804707680,00;83192
WINFUT;30/11/2023;16:35:00;168621,04;168660,60;168588,07;168588,07;2159019749,00;64020
WINFUT;30/11/2023;16:30:00;168528,72;168667,20;168495,75;168621,04;3341771020,00;99105
WINFUT;30/11/2023;16:25:00;168594,66;168601,26;168502,35;168528,72;2807387726,00;83286
WINFUT;30/11/2023;16:20:00;168627,63;168654,01;168568,29;168601,26;2889238178,00;85682
WINFUT;30/11/2023;16:15:00;168581,48;168693,57;168581,48;168627,63;4082217699,00;121031
WINFUT;30/11/2023;16:10:00;168443,00;168660,60;168443,00;168581,48;4282456606,00;127025
WINFUT;30/11/2023;16:05:00;168436,41;168588,07;168403,44;168449,60;6816610176,00;202281
WINFUT;30/11/2023;16:00:00;168245,18;168456,19;168166,06;168436,41;6428161370,00;190981
WINFUT;30/11/2023;15:55:00;168093,52;168258,37;168080,33;168245,18;3750945401,00;111523
WINFUT;30/11/2023;15:50:00;168073,74;168119,90;168027,58;168093,52;3170936399,00;94337
WINFUT;30/11/2023;15:45:00;168179,24;168205,62;168060,55;168080,33;3472342505,00;103271
WINFUT;30/11/2023;15:40:00;168159,46;168245,18;168133,09;168179,24;2891750080,00;85965
WINFUT;30/11/2023;15:35:00;168172,65;168185,84;168113,30;168166,06;2485474211,00;73905
WINFUT;30/11/2023;15:30:00;168199,03;168251,78;168146,27;168172,65;3149455265,00;93628
WINFUT;30/11/2023;15:25:00;168311,12;168330,90;168192,43;168205,62;4036430786,00;119950
WINFUT;30/11/2023;15:20:00;168139,68;168317,72;168126,49;168304,53;4032860285,00;119858
WINFUT;30/11/2023;15:15:00;168080,33;168185,84;168060,55;168139,68;3654984053,00;108696
WINFUT;30/11/2023;15:10:00;168199,03;168225,40;168053,96;168086,93;4145785456,00;123294
WINFUT;30/11/2023;15:05:00;168166,06;168370,47;168166,06;168192,43;5075984216,00;150835
WINFUT;30/11/2023;15:00:00;168192,43;168297,93;168139,68;168172,65;5037880672,00;149743
WINFUT;30/11/2023;14:55:00;168146,27;168232,00;168060,55;168199,03;5260841371,00;156439
WINFUT;30/11/2023;14:50:00;168014,39;168172,65;167994,61;168146,27;5705670601,00;169723
WINFUT;30/11/2023;14:45:00;168027,58;168047,36;167955,05;168007,80;2488927401,00;74077
WINFUT;30/11/2023;14:40:00;167836,36;168060,55;167836,36;168040,77;5815213201,00;173111
WINFUT;30/11/2023;14:35:00;167717,67;167869,33;167684,70;167836,36;2493764548,00;74314
WINFUT;30/11/2023;14:30:00;167704,48;167790,20;167671,51;167717,67;2442995534,00;72823
WINFUT;30/11/2023;14:25:00;167730,85;167783,60;167664,91;167704,48;2474533123,00;73769
WINFUT;30/11/2023;14:20:00;167730,85;167796,79;167651,73;167730,85;3367933615,00;100404
WINFUT;30/11/2023;14:15:00;167836,36;167862,73;167717,67;167737,45;2850476491,00;84941
WINFUT;30/11/2023;14:10:00;167823,17;167856,14;167724,26;167829,76;3477508602,00;103629
WINFUT;30/11/2023;14:05:00;167737,45;167842,95;167711,07;167823,17;3048173479,00;90839
WINFUT;30/11/2023;14:00:00;167638,54;167763,82;167533,03;167737,45;3833428571,00;114329
WINFUT;30/11/2023;13:55:00;167658,32;167763,82;167566,00;167638,54;3660768513,00;109183
WINFUT;30/11/2023;13:50:00;167671,51;167777,01;167618,76;167658,32;3306252916,00;98574
WINFUT;30/11/2023;13:45:00;167664,91;167711,07;167598,97;167671,51;2686027177,00;80104
WINFUT;30/11/2023;13:40:00;167612,16;167744,04;167579,19;167671,51;2827523493,00;84315
WINFUT;30/11/2023;13:35:00;167631,94;167724,26;167579,19;167618,76;2731811420,00;81471
WINFUT;30/11/2023;13:30:00;167645,13;167697,88;167480,28;167631,94;4976290608,00;148456
WINFUT;30/11/2023;13:25:00;167579,19;167664,91;167572,60;167645,13;2907769370,00;86737
WINFUT;30/11/2023;13:20:00;167625,35;167625,35;167500,06;167579,19;4765099893,00;142189
WINFUT;30/11/2023;13:15:00;167763,82;167809,98;167618,76;167625,35;3379411254,00;100747
WINFUT;30/11/2023;13:10:00;167684,70;167809,98;167625,35;167763,82;4460422454,00;132965
WINFUT;30/11/2023;13:05:00;167618,76;167777,01;167572,60;167678,10;5375686746,00;160292
WINFUT;30/11/2023;13:00:00;167638,54;167645,13;167526,44;167618,76;3099616880,00;92476
WINFUT;30/11/2023;12:55:00;167539,63;167664,91;167513,25;167631,94;6037976237,00;180149
WINFUT;30/11/2023;12:50:00;167289,06;167546,22;167275,87;167539,63;4969152202,00;148401
WINFUT;30/11/2023;12:45:00;167302,25;167348,40;167183,55;167289,06;3518066291,00;105169
WINFUT;30/11/2023;12:40:00;167209,93;167341,81;167150,58;167302,25;4673639921,00;139714
WINFUT;30/11/2023;12:35:00;167361,59;167414,34;167097,83;167203,34;5839078198,00;174543
WINFUT;30/11/2023;12:30:00;167117,61;167368,18;167097,83;167355,00;5377600959,00;160776
WINFUT;30/11/2023;12:25:00;167058,27;167137,40;166992,33;167117,61;5431402921,00;162558
WINFUT;30/11/2023;12:20:00;167157,18;167249,49;167045,08;167051,67;6739816189,00;201607
WINFUT;30/11/2023;12:15:00;167381,37;167434,12;167117,61;167163,77;5139278707,00;153607
WINFUT;30/11/2023;12:10:00;167209,93;167460,50;167190,15;167387,97;4944544518,00;147729
WINFUT;30/11/2023;12:05:00;167361,59;167407,75;167176,96;167203,34;5469268622,00;163487
WINFUT;30/11/2023;12:00:00;167480,28;167486,88;167190,15;167361,59;8393693539,00;250847
WINFUT;30/11/2023;11:55:00;167473,69;167539,63;167387,97;167480,28;5003745989,00;149394
WINFUT;30/11/2023;11:50:00;167302,25;167500,06;167196,74;167473,69;7256797973,00;216818
WINFUT;30/11/2023;11:45:00;167368,18;167368,18;167157,18;167302,25;7427336953,00;222059
WINFUT;30/11/2023;11:40:00;167533,03;167625,35;167262,68;167361,59;8893735465,00;265619
WINFUT;30/11/2023;11:35:00;167394,56;167737,45;167335,21;167526,44;1,213821153E10;362241
WINFUT;30/11/2023;11:30:00;167941,86;167948,45;167368,18;167394,56;1,437842704E10;428877
WINFUT;30/11/2023;11:25:00;167981,42;168001,21;167869,33;167948,45;3375796473,00;100512
WINFUT;30/11/2023;11:20:00;167922,08;167994,61;167882,51;167974,83;2880780798,00;85765
WINFUT;30/11/2023;11:15:00;167955,05;168007,80;167849,54;167928,67;3720041917,00;110762
WINFUT;30/11/2023;11:10:00;167856,14;168007,80;167809,98;167955,05;4079503511,00;121463
WINFUT;30/11/2023;11:05:00;167968,24;168060,55;167836,36;167849,54;5834313667,00;173707
WINFUT;30/11/2023;11:00:00;168185,84;168199,03;167777,01;167968,24;1,092991614E10;325412
WINFUT;30/11/2023;10:55:00;168113,30;168205,62;168053,96;168179,24;4183778900,00;124415
WINFUT;30/11/2023;10:50:00;168159,46;168232,00;168034,18;168113,30;5639236979,00;167702
WINFUT;30/11/2023;10:45:00;168040,77;168232,00;167988,02;168159,46;6826218866,00;202994
WINFUT;30/11/2023;10:40:00;168086,93;168192,43;167915,48;168040,77;7288593837,00;216852
WINFUT;30/11/2023;10:35:00;168126,49;168172,65;167915,48;168086,93;7993491360,00;237864
WINFUT;30/11/2023;10:30:00;168278,15;168482,57;168047,36;168126,49;1,428922009E10;424579
WINFUT;30/11/2023;10:25:00;168278,15;168337,50;168139,68;168284,75;5710178442,00;169704
WINFUT;30/11/2023;10:20:00;168199,03;168344,09;168133,09;168284,75;6285804593,00;186792
WINFUT;30/11/2023;10:15:00;168001,21;168212,21;167994,61;168192,43;8797559120,00;261628
WINFUT;30/11/2023;10:10:00;167717,67;168047,36;167671,51;167994,61;8614706810,00;256532
WINFUT;30/11/2023;10:05:00;167836,36;167902,30;167691,29;167724,26;6059139651,00;180566
WINFUT;30/11/2023;10:00:00;167902,30;167928,67;167763,82;167842,95;6711887762,00;199965
WINFUT;30/11/2023;09:55:00;167849,54;167928,67;167836,36;167895,70;3801403205,00;113212
WINFUT;30/11/2023;09:50:00;167711,07;167875,92;167691,29;167849,54;4961443651,00;147844
WINFUT;30/11/2023;09:45:00;167697,88;167744,04;167658,32;167711,07;2899606588,00;86449
WINFUT;30/11/2023;09:40:00;167678,10;167711,07;167645,13;167697,88;2068239204,00;61675
WINFUT;30/11/2023;09:35:00;167559,41;167684,70;167559,41;167671,51;3530564524,00;105298
WINFUT;30/11/2023;09:30:00;167519,85;167612,16;167473,69;167559,41;3479825612,00;103844
WINFUT;30/11/2023;09:25:00;167519,85;167605,57;167493,47;167519,85;4261491313,00;127169
WINFUT;30/11/2023;09:20:00;167453,91;167539,63;167387,97;167519,85;3413388921,00;101913
WINFUT;30/11/2023;09:15:00;167401,15;167519,85;167387,97;167453,91;4172201407,00;124570
WINFUT;30/11/2023;09:10:00;167414,34;167453,91;167315,43;167401,15;4000605081,00;119506
WINFUT;30/11/2023;09:05:00;167500,06;167579,19;167341,81;167414,34;5704580704,00;170331
WINFUT;30/11/2023;09:00:00;167486,88;167566,00;167256,09;167500,06;6587910984,00;196730
WINFUT;29/11/2023;18:20:00;166873,64;167084,64;166853,85;167084,64;1610772706,00;48229
WINFUT;29/11/2023;18:15:00;166926,39;166965,95;166834,07;166867,04;1483256635,00;44435
WINFUT;29/11/2023;18:10:00;167018,70;167051,67;166913,20;166919,79;1283555000,00;38434
WINFUT;29/11/2023;18:05:00;166959,36;167078,05;166913,20;167018,70;1862898404,00;55775
WINFUT;29/11/2023;18:00:00;166847,26;166972,55;166814,29;166965,95;1562056520,00;46795
WINFUT;29/11/2023;17:55:00;166814,29;166880,23;166781,32;166847,26;2651840399,00;79479
WINFUT;29/11/2023;17:50:00;167097,83;167104,43;166801,10;166820,89;3870332880,00;115916
WINFUT;29/11/2023;17:45:00;167078,05;167117,61;167031,89;167097,83;1907939848,00;57099
WINFUT;29/11/2023;17:40:00;166939,58;167091,24;166939,58;167071,46;2763599068,00;82727
WINFUT;29/11/2023;17:35:00;167038,49;167051,67;166926,39;166946,17;2134130660,00;63898
WINFUT;29/11/2023;17:30:00;166900,01;167051,67;166893,42;167038,49;3023664337,00;90533
WINFUT;29/11/2023;17:25:00;166979,14;166998,92;166867,04;166900,01;3476413480,00;104129
WINFUT;29/11/2023;17:20:00;167012,11;167064,86;166906,61;166979,14;3925953694,00;117550
WINFUT;29/11/2023;17:15:00;167249,49;167275,87;166979,14;167018,70;6464078322,00;193399
WINFUT;29/11/2023;17:10:00;167341,81;167361,59;167242,90;167249,49;2290711737,00;68467
WINFUT;29/11/2023;17:05:00;167368,18;167401,15;167262,68;167335,21;3159682022,00;94419
WINFUT;29/11/2023;17:00:00;167427,53;167440,72;167341,81;167374,78;2017192511,00;60255
WINFUT;29/11/2023;16:55:00;167387,97;167453,91;167348,40;167427,53;1949769119,00;58241
WINFUT;29/11/2023;16:50:00;167295,65;167434,12;167282,46;167381,37;3033105780,00;90609
WINFUT;29/11/2023;16:45:00;167328,62;167368,18;167262,68;167295,65;3379264716,00;100990
WINFUT;29/11/2023;16:40:00;167328,62;167394,56;167295,65;167328,62;2826235428,00;84442
WINFUT;29/11/2023;16:35:00;167473,69;167506,66;167315,43;167328,62;3690449110,00;110237
WINFUT;29/11/2023;16:30:00;167612,16;167625,35;167348,40;167480,28;5928909200,00;176991
WINFUT;29/11/2023;16:25:00;167638,54;167717,67;167572,60;167612,16;3649304128,00;108843
WINFUT;29/11/2023;16:20:00;167763,82;167803,39;167618,76;167645,13;3768160145,00;112345
WINFUT;29/11/2023;16:15:00;167770,42;167856,14;167757,23;167763,82;2127639202,00;63396
WINFUT;29/11/2023;16:10:00;167790,20;167915,48;167724,26;167770,42;5074356403,00;151177
WINFUT;29/11/2023;16:05:00;167671,51;167823,17;167658,32;167790,20;3825919031,00;114033
WINFUT;29/11/2023;16:00:00;167777,01;167796,79;167645,13;167664,91;4030980883,00;120171
WINFUT;29/11/2023;15:55:00;167823,17;167849,54;167737,45;167783,60;3223952515,00;96070
WINFUT;29/11/2023;15:50:00;167744,04;167875,92;167730,85;167816,57;3263597804,00;97234
WINFUT;29/11/2023;15:45:00;167783,60;167842,95;167717,67;167737,45;3891902188,00;115979
WINFUT;29/11/2023;15:40:00;167737,45;167796,79;167678,10;167783,60;3686696770,00;109891
WINFUT;29/11/2023;15:35:00;167605,57;167744,04;167572,60;167730,85;4093059733,00;122069
WINFUT;29/11/2023;15:30:00;167770,42;167823,17;167585,79;167612,16;5146125152,00;153433
WINFUT;29/11/2023;15:25:00;167645,13;167790,20;167625,35;167770,42;3712525495,00;110680
WINFUT;29/11/2023;15:20:00;167579,19;167684,70;167546,22;167638,54;3343758299,00;99740
WINFUT;29/11/2023;15:15:00;167579,19;167605,57;167480,28;167579,19;3952636851,00;117961
WINFUT;29/11/2023;15:10:00;167572,60;167664,91;167519,85;167579,19;3145251825,00;93834
WINFUT;29/11/2023;15:05:00;167777,01;167796,79;167519,85;167572,60;5681722209,00;169469
WINFUT;29/11/2023;15:00:00;167796,79;167829,76;167671,51;167783,60;4771188513,00;142199
WINFUT;29/11/2023;14:55:00;167856,14;167862,73;167757,23;167790,20;2257522354,00;67267
WINFUT;29/11/2023;14:50:00;167842,95;167895,70;167790,20;167856,14;2668606754,00;79496
WINFUT;29/11/2023;14:45:00;167737,45;167922,08;167724,26;167842,95;5655702161,00;168482
WINFUT;29/11/2023;14:40:00;167717,67;167770,42;167612,16;167730,85;5320508387,00;158632
WINFUT;29/11/2023;14:35:00;167552,82;167737,45;167546,22;167717,67;5466759545,00;163025
WINFUT;29/11/2023;14:30:00;167618,76;167618,76;167513,25;167546,22;2929390022,00;87416
WINFUT;29/11/2023;14:25:00;167625,35;167651,73;167546,22;167618,76;2490182733,00;74289
WINFUT;29/11/2023;14:20:00;167552,82;167651,73;167539,63;167631,94;2869850698,00;85609
WINFUT;29/11/2023;14:15:00;167486,88;167618,76;167453,91;167552,82;3622902266,00;108115
WINFUT;29/11/2023;14:10:00;167585,79;167605,57;167480,28;167486,88;3462672962,00;103347
WINFUT;29/11/2023;14:05:00;167546,22;167638,54;167519,85;167579,19;2594916607,00;77424
WINFUT;29/11/2023;14:00:00;167618,76;167711,07;167533,03;167552,82;3927377467,00;117150
WINFUT;29/11/2023;13:55:00;167684,70;167691,29;167552,82;167618,76;3501434786,00;104446
WINFUT;29/11/2023;13:50:00;167592,38;167704,48;167493,47;167684,70;4855925465,00;144870
WINFUT;29/11/2023;13:45:00;167401,15;167638,54;167394,56;167598,97;5825214452,00;173873
WINFUT;29/11/2023;13:40:00;167242,90;167427,53;167223,12;167401,15;4261898398,00;127340
WINFUT;29/11/2023;13:35:00;167209,93;167308,84;167176,96;167249,49;4649077486,00;138999
WINFUT;29/11/2023;13:30:00;167249,49;167328,62;167071,46;167203,34;8203490783,00;245332
WINFUT;29/11/2023;13:25:00;167420,94;167453,91;167229,71;167242,90;4814345225,00;143864
WINFUT;29/11/2023;13:20:00;167447,31;167467,09;167348,40;167420,94;3372553581,00;100733
WINFUT;29/11/2023;13:15:00;167552,82;167592,38;167335,21;167453,91;6643460213,00;198378
WINFUT;29/11/2023;13:10:00;167585,79;167612,16;167493,47;167552,82;5525418268,00;164885
WINFUT;29/11/2023;13:05:00;167895,70;167928,67;167559,41;167579,19;7517772845,00;224097
WINFUT;29/11/2023;13:00:00;167968,24;167981,42;167869,33;167902,30;3761986343,00;112017
WINFUT;29/11/2023;12:55:00;167955,05;167994,61;167856,14;167974,83;4552126495,00;135532
WINFUT;29/11/2023;12:50:00;167605,57;167981,42;167598,97;167955,05;9001891652,00;268189
WINFUT;29/11/2023;12:45:00;167605,57;167645,13;167552,82;167598,97;2675629826,00;79819
WINFUT;29/11/2023;12:40:00;167572,60;167612,16;167500,06;167598,97;3522528108,00;105113
WINFUT;29/11/2023;12:35:00;167407,75;167579,19;167348,40;167572,60;4228114020,00;126244
WINFUT;29/11/2023;12:30:00;167500,06;167559,41;167361,59;167407,75;4949739502,00;147765
WINFUT;29/11/2023;12:25:00;167295,65;167519,85;167229,71;167493,47;7937735075,00;237125
WINFUT;29/11/2023;12:20:00;167486,88;167598,97;167242,90;167302,25;7606904646,00;227177
WINFUT;29/11/2023;12:15:00;167453,91;167684,70;167447,31;167486,88;6978198105,00;208216
WINFUT;29/11/2023;12:10:00;167434,12;167500,06;167289,06;167453,91;6925858325,00;206870
WINFUT;29/11/2023;12:05:00;167664,91;167684,70;167407,75;167427,53;7572599473,00;226001
WINFUT;29/11/2023;12:00:00;167645,13;167777,01;167625,35;167658,32;6625941416,00;197550
WINFUT;29/11/2023;11:55:00;167361,59;167691,29;167361,59;167651,73;7518820206,00;224369
WINFUT;29/11/2023;11:50:00;167381,37;167427,53;167282,46;167368,18;6317068218,00;188734
WINFUT;29/11/2023;11:45:00;167414,34;167493,47;167335,21;167374,78;8662071168,00;258715
WINFUT;29/11/2023;11:40:00;167559,41;167664,91;167387,97;167414,34;7766315078,00;231782
WINFUT;29/11/2023;11:35:00;167790,20;167796,79;167480,28;167559,41;9625564058,00;287135
WINFUT;29/11/2023;11:30:00;167605,57;167809,98;167592,38;167790,20;8159250824,00;243252
WINFUT;29/11/2023;11:25:00;167783,60;167816,57;167566,00;167605,57;4125481531,00;123003
WINFUT;29/11/2023;11:20:00;167671,51;167829,76;167618,76;167777,01;4719793948,00;140689
WINFUT;29/11/2023;11:15:00;167711,07;167763,82;167625,35;167664,91;3638813543,00;108497
WINFUT;29/11/2023;11:10:00;167724,26;167777,01;167638,54;167704,48;5222091229,00;155689
WINFUT;29/11/2023;11:05:00;167612,16;167809,98;167546,22;167724,26;7394910204,00;220479
WINFUT;29/11/2023;11:00:00;167486,88;167625,35;167414,34;167618,76;6453304530,00;192632
WINFUT;29/11/2023;10:55:00;167513,25;167579,19;167453,91;167480,28;4927960698,00;147088
WINFUT;29/11/2023;10:50:00;167618,76;167651,73;167500,06;167513,25;6566168505,00;195925
WINFUT;29/11/2023;10:45:00;167671,51;167737,45;167572,60;167625,35;5427725385,00;161873
WINFUT;29/11/2023;10:40:00;167618,76;167730,85;167552,82;167664,91;6586895744,00;196438
WINFUT;29/11/2023;10:35:00;167796,79;167869,33;167539,63;167612,16;9742102305,00;290471
WINFUT;29/11/2023;10:30:00;168179,24;168258,37;167684,70;167796,79;1,614302659E10;480492
WINFUT;29/11/2023;10:25:00;168370,47;168383,66;168152,87;168166,06;5653865562,00;168048
WINFUT;29/11/2023;10:20:00;168251,78;168383,66;168238,59;168363,87;4302217729,00;127798
WINFUT;29/11/2023;10:15:00;168561,69;168561,69;168205,62;168245,18;1,048543149E10;311437
WINFUT;29/11/2023;10:10:00;168574,88;168640,82;168456,19;168555,10;6650352577,00;197277
WINFUT;29/11/2023;10:05:00;168443,00;168654,01;168410,03;168581,48;8157571077,00;242025
WINFUT;29/11/2023;10:00:00;168304,53;168528,72;168278,15;168436,41;9518675333,00;282600
WINFUT;29/11/2023;09:55:00;168350,69;168357,28;168291,34;168297,93;1679356202,00;49886
WINFUT;29/11/2023;09:50:00;168278,15;168357,28;168258,37;168350,69;2348956404,00;69780
WINFUT;29/11/2023;09:45:00;168330,90;168344,09;168238,59;168278,15;2648301000,00;78689
WINFUT;29/11/2023;09:40:00;168344,09;168370,47;168284,75;168337,50;2084219963,00;61911
WINFUT;29/11/2023;09:35:00;168370,47;168396,84;168304,53;168337,50;2869185186,00;85214
WINFUT;29/11/2023;09:30:00;168238,59;168410,03;168218,81;168377,06;4405878219,00;130881
WINFUT;29/11/2023;09:25:00;168264,96;168383,66;168225,40;168238,59;5487750341,00;163025
WINFUT;29/11/2023;09:20:00;168278,15;168297,93;168238,59;168271,56;1776464849,00;52787
WINFUT;29/11/2023;09:15:00;168218,81;168297,93;168166,06;168278,15;4060587425,00;120678
WINFUT;29/11/2023;09:10:00;168080,33;168238,59;168060,55;168218,81;4012164909,00;119298
WINFUT;29/11/2023;09:05:00;168126,49;168212,21;168027,58;168086,93;3685962075,00;109636
WINFUT;29/11/2023;09:00:00;168014,39;168317,72;167770,42;168126,49;9587775418,00;285149
WINFUT;28/11/2023;18:20:00;167757,23;167757,23;167618,76;167750,64;1390431202,00;41457
WINFUT;28/11/2023;18:15:00;167744,04;167816,57;167717,67;167763,82;1691852759,00;50420
WINFUT;28/11/2023;18:10:00;167691,29;167744,04;167664,91;167737,45;877487927,50;26161
WINFUT;28/11/2023;18:05:00;167711,07;167770,42;167638,54;167697,88;1496694590,00;44621
WINFUT;28/11/2023;18:00:00;167598,97;167770,42;167566,00;167717,67;2621931142,00;78182
WINFUT;28/11/2023;17:55:00;167612,16;167664,91;167572,60;167598,97;1488355980,00;44395
WINFUT;28/11/2023;17:50:00;167664,91;167704,48;167598,97;167612,16;2457625560,00;73297
WINFUT;28/11/2023;17:45:00;167658,32;167724,26;167638,54;167664,91;1812333116,00;54039
WINFUT;28/11/2023;17:40:00;167717,67;167724,26;167638,54;167658,32;2054191920,00;61257
WINFUT;28/11/2023;17:35:00;167750,64;167783,60;167658,32;167724,26;2460739164,00;73362
WINFUT;28/11/2023;17:30:00;167744,04;167809,98;167724,26;167744,04;1832125784,00;54604
WINFUT;28/11/2023;17:25:00;167750,64;167790,20;167717,67;167750,64;1429816950,00;42617
WINFUT;28/11/2023;17:20:00;167783,60;167796,79;167664,91;167750,64;3462307600,00;103208
WINFUT;28/11/2023;17:15:00;167757,23;167790,20;167724,26;167783,60;1646908410,00;49087
WINFUT;28/11/2023;17:10:00;167823,17;167862,73;167737,45;167757,23;2394812950,00;71358
WINFUT;28/11/2023;17:05:00;167783,60;167882,51;167770,42;167823,17;4013054212,00;119558
WINFUT;28/11/2023;17:00:00;167763,82;167829,76;167750,64;167790,20;1856529889,00;55322
WINFUT;28/11/2023;16:55:00;167757,23;167809,98;167730,85;167763,82;1923924342,00;57339
WINFUT;28/11/2023;16:50:00;167803,39;167803,39;167704,48;167770,42;2744970324,00;81816
WINFUT;28/11/2023;16:45:00;167783,60;167829,76;167717,67;167809,98;3269942714,00;97448
WINFUT;28/11/2023;16:40:00;167651,73;167809,98;167651,73;167783,60;4298148959,00;128113
WINFUT;28/11/2023;16:35:00;167618,76;167724,26;167585,79;167651,73;4511792163,00;134552
WINFUT;28/11/2023;16:30:00;167467,09;167638,54;167447,31;167618,76;5271480270,00;157315
WINFUT;28/11/2023;16:25:00;167401,15;167473,69;167315,43;167467,09;4621695358,00;138048
WINFUT;28/11/2023;16:20:00;167473,69;167539,63;167341,81;167401,15;5350416395,00;159788
WINFUT;28/11/2023;16:15:00;167631,94;167671,51;167447,31;167467,09;4679242432,00;139642
WINFUT;28/11/2023;16:10:00;167592,38;167691,29;167585,79;167631,94;2676814425,00;79833
WINFUT;28/11/2023;16:05:00;167585,79;167645,13;167572,60;167592,38;1819021040,00;54264
WINFUT;28/11/2023;16:00:00;167612,16;167631,94;167572,60;167592,38;2085318608,00;62212
WINFUT;28/11/2023;15:55:00;167651,73;167671,51;167572,60;167612,16;2832646491,00;84497
WINFUT;28/11/2023;15:50:00;167658,32;167717,67;167645,13;167658,32;1968221809,00;58691
WINFUT;28/11/2023;15:45:00;167566,00;167724,26;167566,00;167658,32;4199059285,00;125231
WINFUT;28/11/2023;15:40:00;167684,70;167691,29;167559,41;167572,60;4562110458,00;136084
WINFUT;28/11/2023;15:35:00;167757,23;167783,60;167658,32;167678,10;4100788054,00;122250
WINFUT;28/11/2023;15:30:00;167816,57;167856,14;167757,23;167757,23;2402188126,00;71579
WINFUT;28/11/2023;15:25:00;167875,92;167955,05;167790,20;167816,57;4368453140,00;130118
WINFUT;28/11/2023;15:20:00;167842,95;167882,51;167796,79;167875,92;2078515509,00;61918
WINFUT;28/11/2023;15:15:00;167928,67;167955,05;167790,20;167849,54;3421577837,00;101920
WINFUT;28/11/2023;15:10:00;167941,86;167988,02;167902,30;167922,08;2622360649,00;78075
WINFUT;28/11/2023;15:05:00;167809,98;167968,24;167790,20;167941,86;3729829575,00;111074
WINFUT;28/11/2023;15:00:00;167988,02;168007,80;167717,67;167809,98;9136127922,00;272168
WINFUT;28/11/2023;14:55:00;167968,24;168007,80;167922,08;167988,02;3334746070,00;99262
WINFUT;28/11/2023;14:50:00;167869,33;167981,42;167816,57;167974,83;4128398106,00;122956
WINFUT;28/11/2023;14:45:00;167948,45;167948,45;167842,95;167869,33;2811346939,00;83730
WINFUT;28/11/2023;14:40:00;167935,27;167981,42;167889,11;167941,86;1958156735,00;58302
WINFUT;28/11/2023;14:35:00;167902,30;168014,39;167895,70;167941,86;2990219161,00;89021
WINFUT;28/11/2023;14:30:00;168001,21;168001,21;167895,70;167902,30;2833162129,00;84349
WINFUT;28/11/2023;14:25:00;167948,45;168027,58;167915,48;168001,21;3170595584,00;94381
WINFUT;28/11/2023;14:20:00;168001,21;168014,39;167935,27;167955,05;3603302691,00;107257
WINFUT;28/11/2023;14:15:00;168034,18;168179,24;167988,02;168001,21;5393280592,00;160427
WINFUT;28/11/2023;14:10:00;168053,96;168080,33;167994,61;168034,18;3563594302,00;106035
WINFUT;28/11/2023;14:05:00;168172,65;168179,24;168047,36;168053,96;3596526883,00;106965
WINFUT;28/11/2023;14:00:00;168086,93;168179,24;168067,15;168166,06;3676952272,00;109348
WINFUT;28/11/2023;13:55:00;168086,93;168139,68;168047,36;168086,93;4398934177,00;130848
WINFUT;28/11/2023;13:50:00;167882,51;168093,52;167842,95;168086,93;5939293170,00;176780
WINFUT;28/11/2023;13:45:00;167922,08;167955,05;167862,73;167875,92;2730529903,00;81313
WINFUT;28/11/2023;13:40:00;167948,45;167988,02;167902,30;167922,08;2781125703,00;82796
WINFUT;28/11/2023;13:35:00;167915,48;167981,42;167836,36;167955,05;3806388303,00;113347
WINFUT;28/11/2023;13:30:00;167757,23;167922,08;167750,64;167908,89;3542349405,00;105520
WINFUT;28/11/2023;13:25:00;167869,33;167895,70;167744,04;167750,64;3265856036,00;97305
WINFUT;28/11/2023;13:20:00;167829,76;167889,11;167796,79;167869,33;2131689188,00;63500
WINFUT;28/11/2023;13:15:00;167875,92;167895,70;167816,57;167836,36;2136664782,00;63649
WINFUT;28/11/2023;13:10:00;167908,89;167928,67;167809,98;167875,92;3680643980,00;109628
WINFUT;28/11/2023;13:05:00;167902,30;167988,02;167869,33;167908,89;3706435183,00;110350
WINFUT;28/11/2023;13:00:00;167922,08;167941,86;167829,76;167895,70;3635468476,00;108278
WINFUT;28/11/2023;12:55:00;167783,60;167961,64;167730,85;167922,08;5745743344,00;171137
WINFUT;28/11/2023;12:50:00;167803,39;167862,73;167770,42;167777,01;2733659138,00;81445
WINFUT;28/11/2023;12:45:00;167796,79;167882,51;167730,85;167809,98;4876990277,00;145317
WINFUT;28/11/2023;12:40:00;167691,29;167842,95;167684,70;167790,20;8215341419,00;244845
WINFUT;28/11/2023;12:35:00;167605,57;167717,67;167519,85;167691,29;5999107121,00;178954
WINFUT;28/11/2023;12:30:00;167559,41;167664,91;167539,63;167598,97;4829888040,00;144082
WINFUT;28/11/2023;12:25:00;167460,50;167572,60;167414,34;167559,41;2952845686,00;88144
WINFUT;28/11/2023;12:20:00;167480,28;167506,66;167401,15;167460,50;2791376379,00;83351
WINFUT;28/11/2023;12:15:00;167453,91;167605,57;167453,91;167480,28;4428574239,00;132172
WINFUT;28/11/2023;12:10:00;167447,31;167533,03;167381,37;167460,50;4429381484,00;132250
WINFUT;28/11/2023;12:05:00;167427,53;167618,76;167394,56;167447,31;8530352961,00;254618
WINFUT;28/11/2023;12:00:00;167328,62;167467,09;167269,28;167434,12;8266327392,00;246935
WINFUT;28/11/2023;11:55:00;167229,71;167427,53;167216,52;167335,21;5790544851,00;173016
WINFUT;28/11/2023;11:50:00;167117,61;167322,03;167111,02;167229,71;6997748621,00;209255
WINFUT;28/11/2023;11:45:00;166827,48;167256,09;166820,89;167117,61;1,258978877E10;376674
WINFUT;28/11/2023;11:40:00;166827,48;166913,20;166708,79;166827,48;8934516355,00;267791
WINFUT;28/11/2023;11:35:00;166590,10;166840,67;166517,56;166820,89;8647681789,00;259471
WINFUT;28/11/2023;11:30:00;166445,03;166616,47;166273,59;166590,10;1,135100465E10;340998
WINFUT;28/11/2023;11:25:00;166220,83;166451,62;166194,46;166445,03;5733455509,00;172362
WINFUT;28/11/2023;11:20:00;166293,37;166359,31;166115,33;166220,83;7948661681,00;239098
WINFUT;28/11/2023;11:15:00;166253,80;166326,34;166201,05;166293,37;5103660020,00;153487
WINFUT;28/11/2023;11:10:00;166464,81;166510,97;166227,43;166260,40;5399966773,00;162296
WINFUT;28/11/2023;11:05:00;166478,00;166504,37;166253,80;166471,40;8401464803,00;252477
WINFUT;28/11/2023;11:00:00;166510,97;166576,91;166240,62;166471,40;1,146564514E10;344507
WINFUT;28/11/2023;10:55:00;166827,48;166827,48;166484,59;166504,37;8922522960,00;267766
WINFUT;28/11/2023;10:50:00;166754,95;166886,82;166669,22;166827,48;7187888868,00;215470
WINFUT;28/11/2023;10:45:00;166609,88;166787,92;166550,53;166761,54;9280718521,00;278410
WINFUT;28/11/2023;10:40:00;166741,76;166820,89;166530,75;166616,47;1,038621649E10;311561
WINFUT;28/11/2023;10:35:00;166979,14;166998,92;166721,98;166741,76;5946585151,00;178163
WINFUT;28/11/2023;10:30:00;166926,39;167117,61;166919,79;166979,14;9389652700,00;281092
WINFUT;28/11/2023;10:25:00;166886,82;166979,14;166853,85;166926,39;5916735352,00;177237
WINFUT;28/11/2023;10:20:00;166834,07;166926,39;166761,54;166886,82;8034131461,00;240765
WINFUT;28/11/2023;10:15:00;166543,94;166860,45;166537,34;166840,67;1,235802952E10;370597
WINFUT;28/11/2023;10:10:00;166471,40;166543,94;166293,37;166537,34;9142156282,00;274701
WINFUT;28/11/2023;10:05:00;166293,37;166583,50;166253,80;166471,40;8386205107,00;251924
WINFUT;28/11/2023;10:00:00;166293,37;166339,53;166181,27;166293,37;6634126742,00;199500
WINFUT;28/11/2023;09:55:00;166240,62;166326,34;166220,83;166293,37;3576655766,00;107550
WINFUT;28/11/2023;09:50:00;166352,71;166372,50;166227,43;166234,02;4228943038,00;127160
WINFUT;28/11/2023;09:45:00;166385,68;166445,03;166346,12;166359,31;2588127067,00;77772
WINFUT;28/11/2023;09:40:00;166458,22;166458,22;166319,74;166385,68;4972384076,00;149419
WINFUT;28/11/2023;09:35:00;166623,07;166721,98;166418,65;166451,62;6178484654,00;185447
WINFUT;28/11/2023;09:30:00;166504,37;166715,38;166484,59;166623,07;5972675247,00;179232
WINFUT;28/11/2023;09:25:00;166484,59;166537,34;166405,46;166504,37;3064510629,00;92047
WINFUT;28/11/2023;09:20:00;166563,72;166583,50;166385,68;166484,59;3817064007,00;114646
WINFUT;28/11/2023;09:15:00;166609,88;166616,47;166497,78;166557,13;2332287520,00;70014
WINFUT;28/11/2023;09:10:00;166530,75;166649,44;166504,37;166609,88;3074678358,00;92295
WINFUT;28/11/2023;09:05:00;166596,69;166728,57;166379,09;166537,34;5769245186,00;173194
WINFUT;28/11/2023;09:00:00;166319,74;166741,76;166161,49;166603,28;1,061247105E10;318874
WINFUT;27/11/2023;18:20:00;166721,98;166801,10;166682,41;166801,10;1155754603,00;34658
WINFUT;27/11/2023;18:15:00;166728,57;166754,95;166669,22;166721,98;1732498026,00;51964
WINFUT;27/11/2023;18:10:00;166708,79;166728,57;166662,63;166728,57;1091953740,00;32753
WINFUT;27/11/2023;18:05:00;166702,19;166741,76;166669,22;166708,79;1465154521,00;43944
WINFUT;27/11/2023;18:00:00;166675,82;166708,79;166636,25;166695,60;1854951509,00;55645
WINFUT;27/11/2023;17:55:00;166590,10;166702,19;166550,53;166675,82;2329460568,00;69898
WINFUT;27/11/2023;17:50:00;166524,16;166642,85;166517,56;166590,10;2261519432,00;67878
WINFUT;27/11/2023;17:45:00;166524,16;166543,94;166478,00;166517,56;1342136137,00;40303
WINFUT;27/11/2023;17:40:00;166557,13;166570,31;166445,03;166530,75;2661067238,00;79910
WINFUT;27/11/2023;17:35:00;166517,56;166596,69;166504,37;166557,13;1808629880,00;54294
WINFUT;27/11/2023;17:30:00;166583,50;166642,85;166497,78;166510,97;3131277239,00;93996
WINFUT;27/11/2023;17:25:00;166576,91;166669,22;166543,94;166576,91;3463079511,00;103929
WINFUT;27/11/2023;17:20:00;166550,53;166609,88;166510,97;166570,31;2436948767,00;73155
WINFUT;27/11/2023;17:15:00;166425,25;166563,72;166398,87;166557,13;3231472907,00;97042
WINFUT;27/11/2023;17:10:00;166372,50;166451,62;166352,71;166425,25;1756516780,00;52779
WINFUT;27/11/2023;17:05:00;166412,06;166431,84;166352,71;166379,09;1633842839,00;49097
WINFUT;27/11/2023;17:00:00;166517,56;166524,16;166332,93;166418,65;4357012942,00;130912
WINFUT;27/11/2023;16:55:00;166412,06;166524,16;166372,50;166510,97;2994962957,00;89970
WINFUT;27/11/2023;16:50:00;166418,65;166438,43;166365,90;166418,65;2711959015,00;81491
WINFUT;27/11/2023;16:45:00;166550,53;166583,50;166392,28;166425,25;4217255084,00;126667
WINFUT;27/11/2023;16:40:00;166570,31;166689,01;166510,97;166543,94;4551932554,00;136624
WINFUT;27/11/2023;16:35:00;166629,66;166695,60;166570,31;166570,31;2043298756,00;61311
WINFUT;27/11/2023;16:30:00;166629,66;166702,19;166583,50;166629,66;2490946128,00;74738
WINFUT;27/11/2023;16:25:00;166715,38;166735,16;166570,31;166623,07;3038262606,00;91163
WINFUT;27/11/2023;16:20:00;166689,01;166728,57;166616,47;166721,98;2530229629,00;75906
WINFUT;27/11/2023;16:15:00;166669,22;166754,95;166656,04;166689,01;2887138740,00;86596
WINFUT;27/11/2023;16:10:00;166563,72;166708,79;166557,13;166669,22;3699923106,00;111012
WINFUT;27/11/2023;16:05:00;166471,40;166603,28;166458,22;166563,72;3387866142,00;101708
WINFUT;27/11/2023;16:00:00;166563,72;166576,91;166458,22;166464,81;3347482915,00;100516
WINFUT;27/11/2023;15:55:00;166669,22;166675,82;166537,34;166563,72;2900632732,00;87056
WINFUT;27/11/2023;15:50:00;166623,07;166702,19;166583,50;166669,22;3276998287,00;98329
WINFUT;27/11/2023;15:45:00;166642,85;166708,79;166609,88;166629,66;2294785416,00;68848
WINFUT;27/11/2023;15:40:00;166702,19;166754,95;166629,66;166649,44;3112045078,00;93353
WINFUT;27/11/2023;15:35:00;166642,85;166787,92;166642,85;166702,19;5423881421,00;162656
WINFUT;27/11/2023;15:30:00;166590,10;166682,41;166583,50;166642,85;3586540690,00;107618
WINFUT;27/11/2023;15:25:00;166537,34;166596,69;166491,19;166590,10;3140862967,00;94295
WINFUT;27/11/2023;15:20:00;166603,28;166695,60;166530,75;166537,34;3999118472,00;120017
WINFUT;27/11/2023;15:15:00;166550,53;166669,22;166517,56;166603,28;3862190119,00;115914
WINFUT;27/11/2023;15:10:00;166517,56;166609,88;166510,97;166550,53;2956229093,00;88741
WINFUT;27/11/2023;15:05:00;166412,06;166609,88;166385,68;166510,97;5582874882,00;167642
WINFUT;27/11/2023;15:00:00;166187,86;166510,97;166095,55;166412,06;8873107404,00;266754
WINFUT;27/11/2023;14:55:00;166135,11;166273,59;166121,92;166187,86;5348411392,00;160889
WINFUT;27/11/2023;14:50:00;165937,29;166168,08;165930,70;166135,11;4345663870,00;130860
WINFUT;27/11/2023;14:45:00;165983,45;166003,23;165904,32;165943,89;1900035645,00;57247
WINFUT;27/11/2023;14:40:00;165937,29;166016,42;165864,76;165976,86;2852750221,00;85954
WINFUT;27/11/2023;14:35:00;165831,79;166049,39;165825,20;165937,29;6594693835,00;198687
WINFUT;27/11/2023;14:30:00;165858,17;165858,17;165746,07;165838,38;2069049866,00;62395
WINFUT;27/11/2023;14:25:00;165851,57;165871,35;165792,23;165851,57;1625724433,00;49016
WINFUT;27/11/2023;14:20:00;165858,17;165871,35;165785,63;165851,57;2074108966,00;62538
WINFUT;27/11/2023;14:15:00;165798,82;165884,54;165752,66;165851,57;3134516674,00;94514
WINFUT;27/11/2023;14:10:00;165884,54;165930,70;165732,88;165798,82;4137143252,00;124743
WINFUT;27/11/2023;14:05:00;165851,57;165924,11;165805,41;165884,54;2045837793,00;61669
WINFUT;27/11/2023;14:00:00;165838,38;165884,54;165779,04;165851,57;2367082719,00;71371
WINFUT;27/11/2023;13:55:00;165831,79;165937,29;165805,41;165844,98;3237547244,00;97592
WINFUT;27/11/2023;13:50:00;165844,98;165877,95;165765,85;165825,20;2676188805,00;80694
WINFUT;27/11/2023;13:45:00;165739,47;165877,95;165706,50;165844,98;3528376568,00;106410
WINFUT;27/11/2023;13:40:00;165607,59;165759,26;165594,41;165732,88;2507662863,00;75677
WINFUT;27/11/2023;13:35:00;165587,81;165680,13;165561,44;165601,00;2502009092,00;75531
WINFUT;27/11/2023;13:30:00;165699,91;165719,69;165561,44;165587,81;2862475014,00;86417
WINFUT;27/11/2023;13:25:00;165620,78;165739,47;165594,41;165699,91;2211182120,00;66731
WINFUT;27/11/2023;13:20:00;165594,41;165693,32;165554,84;165627,38;2999013311,00;90532
WINFUT;27/11/2023;13:15:00;165574,62;165607,59;165488,90;165594,41;4055316501,00;122479
WINFUT;27/11/2023;13:10:00;165686,72;165686,72;165554,84;165581,22;2670484483,00;80620
WINFUT;27/11/2023;13:05:00;165627,38;165713,10;165554,84;165686,72;4743922448,00;143207
WINFUT;27/11/2023;13:00:00;165785,63;165792,23;165601,00;165633,97;4959691313,00;149664
WINFUT;27/11/2023;12:55:00;165825,20;165844,98;165765,85;165785,63;1814998907,00;54732
WINFUT;27/11/2023;12:50:00;165877,95;165884,54;165719,69;165818,60;3730450396,00;112506
WINFUT;27/11/2023;12:45:00;165891,14;165917,51;165798,82;165871,35;2514406342,00;75795
WINFUT;27/11/2023;12:40:00;165726,29;165924,11;165719,69;165891,14;4221227838,00;127259
WINFUT;27/11/2023;12:35:00;165680,13;165785,63;165680,13;165732,88;2591344039,00;78177
WINFUT;27/11/2023;12:30:00;165752,66;165798,82;165647,16;165686,72;3947490513,00;119094
WINFUT;27/11/2023;12:25:00;165739,47;165805,41;165680,13;165752,66;3845929878,00;116018
WINFUT;27/11/2023;12:20:00;165864,76;165950,48;165673,53;165732,88;7169467788,00;216173
WINFUT;27/11/2023;12:15:00;166023,01;166115,33;165851,57;165858,17;7450458832,00;224452
WINFUT;27/11/2023;12:10:00;166352,71;166418,65;165897,73;166023,01;9566020090,00;287886
WINFUT;27/11/2023;12:05:00;166234,02;166365,90;166154,89;166352,71;6539152726,00;196670
WINFUT;27/11/2023;12:00:00;166385,68;166478,00;166220,83;166240,62;6957174368,00;209080
WINFUT;27/11/2023;11:55:00;166280,18;166425,25;166260,40;166385,68;3734668123,00;112248
WINFUT;27/11/2023;11:50:00;166234,02;166478,00;166141,71;166286,77;1,012544643E10;304424
WINFUT;27/11/2023;11:45:00;166121,92;166365,90;166121,92;166234,02;8605154083,00;258819
WINFUT;27/11/2023;11:40:00;166332,93;166431,84;166121,92;166128,52;8404656292,00;252695
WINFUT;27/11/2023;11:35:00;166313,15;166464,81;166273,59;166332,93;8957996174,00;269239
WINFUT;27/11/2023;11:30:00;166319,74;166464,81;166135,11;166313,15;1,126489946E10;338728
WINFUT;27/11/2023;11:25:00;166359,31;166445,03;166306,56;166319,74;8082929447,00;242903
WINFUT;27/11/2023;11:20:00;166135,11;166365,90;166108,74;166352,71;4892241803,00;147149
WINFUT;27/11/2023;11:15:00;166055,98;166220,83;166029,61;166135,11;4859368214,00;146254
WINFUT;27/11/2023;11:10:00;166095,55;166214,24;166029,61;166055,98;6948714319,00;209153
WINFUT;27/11/2023;11:05:00;166326,34;166352,71;166075,77;166088,95;8322769138,00;250338
WINFUT;27/11/2023;11:00:00;166332,93;166491,19;166306,56;166332,93;5665527033,00;170246
WINFUT;27/11/2023;10:55:00;166458,22;166504,37;166280,18;166339,53;7196003579,00;216248
WINFUT;27/11/2023;10:50:00;166590,10;166609,88;166438,43;166458,22;5208343158,00;156378
WINFUT;27/11/2023;10:45:00;166596,69;166741,76;166524,16;166596,69;7159330423,00;214842
WINFUT;27/11/2023;10:40:00;166412,06;166728,57;166319,74;166590,10;1,074487346E10;322552
WINFUT;27/11/2023;10:35:00;166609,88;166642,85;166247,21;166412,06;1,078294157E10;323962
WINFUT;27/11/2023;10:30:00;166405,46;166629,66;166240,62;166609,88;1,151929211E10;346142
WINFUT;27/11/2023;10:25:00;166629,66;166682,41;166372,50;166398,87;9035942032,00;271346
WINFUT;27/11/2023;10:20:00;166596,69;166847,26;166543,94;166636,25;1,008475244E10;302471
WINFUT;27/11/2023;10:15:00;166583,50;166695,60;166484,59;166590,10;8176190259,00;245377
WINFUT;27/11/2023;10:10:00;166623,07;166807,70;166524,16;166590,10;1,162936486E10;348889
WINFUT;27/11/2023;10:05:00;166939,58;167018,70;166616,47;166629,66;9407372373,00;281950
WINFUT;27/11/2023;10:00:00;166853,85;166985,73;166768,13;166932,98;6067831235,00;181806
WINFUT;27/11/2023;09:55:00;166900,01;166965,95;166847,26;166847,26;3423898182,00;102569
WINFUT;27/11/2023;09:50:00;166820,89;166919,79;166787,92;166906,61;4132410262,00;123820
WINFUT;27/11/2023;09:45:00;166814,29;166827,48;166748,35;166814,29;3482813281,00;104407
WINFUT;27/11/2023;09:40:00;166827,48;166886,82;166801,10;166814,29;3057980874,00;91644
WINFUT;27/11/2023;09:35:00;166768,13;166847,26;166741,76;166820,89;2856614924,00;85626
WINFUT;27/11/2023;09:30:00;166702,19;166801,10;166695,60;166768,13;3759362903,00;112723
WINFUT;27/11/2023;09:25:00;166721,98;166840,67;166636,25;166702,19;5554609385,00;166580
WINFUT;27/11/2023;09:20:00;166794,51;166847,26;166715,38;166721,98;3304698893,00;99084
WINFUT;27/11/2023;09:15:00;166735,16;166853,85;166728,57;166801,10;4329329829,00;129773
WINFUT;27/11/2023;09:10:00;166715,38;166787,92;166695,60;166741,76;3150520478,00;94473
WINFUT;27/11/2023;09:05:00;166656,04;166754,95;166616,47;166715,38;4308369885,00;129236
WINFUT;27/11/2023;09:00:00;166293,37;166689,01;166247,21;166649,44;6363827950,00;191094
WINFUT;24/11/2023;18:20:00;166418,65;166616,47;166392,28;166616,47;1452382056,00;43605
WINFUT;24/11/2023;18:15:00;166445,03;166451,62;166339,53;166438,43;1297372929,00;38985
WINFUT;24/11/2023;18:10:00;166478,00;166504,37;166431,84;166445,03;960769715,00;28857
WINFUT;24/11/2023;18:05:00;166431,84;166478,00;166346,12;166478,00;1812104077,00;54447
WINFUT;24/11/2023;18:00:00;166471,40;166471,40;166398,87;166431,84;828598746,20;24894
WINFUT;24/11/2023;17:55:00;166385,68;166491,19;166372,50;166471,40;1842150052,00;55338
WINFUT;24/11/2023;17:50:00;166359,31;166418,65;166359,31;166372,50;1230448345,00;36975
WINFUT;24/11/2023;17:45:00;166332,93;166379,09;166326,34;166352,71;818205613,10;24592
WINFUT;24/11/2023;17:40:00;166431,84;166438,43;166313,15;166339,53;1813172514,00;54494
WINFUT;24/11/2023;17:35:00;166418,65;166451,62;166405,46;166431,84;1050033097,00;31546
WINFUT;24/11/2023;17:30:00;166497,78;166524,16;166379,09;166412,06;2066377620,00;62075
WINFUT;24/11/2023;17:25:00;166451,62;166530,75;166445,03;166491,19;1355945283,00;40723
WINFUT;24/11/2023;17:20:00;166543,94;166563,72;166438,43;166451,62;2308111944,00;69321
WINFUT;24/11/2023;17:15:00;166596,69;166609,88;166530,75;166550,53;1076431468,00;32312
WINFUT;24/11/2023;17:10:00;166530,75;166616,47;166517,56;166596,69;1553339238,00;46630
WINFUT;24/11/2023;17:05:00;166497,78;166649,44;166491,19;166537,34;3000299856,00;90052
WINFUT;24/11/2023;17:00:00;166563,72;166576,91;166471,40;166497,78;1662478077,00;49922
WINFUT;24/11/2023;16:55:00;166445,03;166563,72;166425,25;166563,72;2135998401,00;64145
WINFUT;24/11/2023;16:50:00;166418,65;166484,59;166398,87;166445,03;1907599514,00;57306
WINFUT;24/11/2023;16:45:00;166359,31;166438,43;166339,53;166418,65;2125424423,00;63868
WINFUT;24/11/2023;16:40:00;166326,34;166392,28;166326,34;166359,31;1207625176,00;36295
WINFUT;24/11/2023;16:35:00;166339,53;166379,09;166306,56;166326,34;1005825459,00;30234
WINFUT;24/11/2023;16:30:00;166451,62;166471,40;166299,96;166339,53;3569278423,00;107276
WINFUT;24/11/2023;16:25:00;166458,22;166510,97;166418,65;166458,22;1838677957,00;55226
WINFUT;24/11/2023;16:20:00;166365,90;166484,59;166326,34;166458,22;3413734419,00;102561
WINFUT;24/11/2023;16:15:00;166359,31;166372,50;166299,96;166359,31;1414231665,00;42511
WINFUT;24/11/2023;16:10:00;166293,37;166379,09;166286,77;166359,31;2762416808,00;83037
WINFUT;24/11/2023;16:05:00;166352,71;166365,90;166220,83;166293,37;3944006803,00;118591
WINFUT;24/11/2023;16:00:00;166346,12;166398,87;166339,53;166352,71;1407731128,00;42308
WINFUT;24/11/2023;15:55:00;166418,65;166431,84;166339,53;166352,71;1863761118,00;56011
WINFUT;24/11/2023;15:50:00;166458,22;166464,81;166372,50;166418,65;1812402639,00;54456
WINFUT;24/11/2023;15:45:00;166478,00;166497,78;166405,46;166464,81;2234215938,00;67117
WINFUT;24/11/2023;15:40:00;166445,03;166524,16;166379,09;166478,00;2829347060,00;84978
WINFUT;24/11/2023;15:35:00;166464,81;166471,40;166352,71;166451,62;3304400762,00;99280
WINFUT;24/11/2023;15:30:00;166530,75;166583,50;166445,03;166464,81;2746738879,00;82484
WINFUT;24/11/2023;15:25:00;166682,41;166702,19;166510,97;166530,75;3234519618,00;97082
WINFUT;24/11/2023;15:20:00;166695,60;166721,98;166609,88;166682,41;2860474180,00;85813
WINFUT;24/11/2023;15:15:00;166689,01;166715,38;166656,04;166695,60;1494040437,00;44815
WINFUT;24/11/2023;15:10:00;166576,91;166708,79;166576,91;166689,01;2299146047,00;68981
WINFUT;24/11/2023;15:05:00;166642,85;166669,22;166570,31;166576,91;2428032165,00;72859
WINFUT;24/11/2023;15:00:00;166596,69;166649,44;166543,94;166642,85;2696345600,00;80926
WINFUT;24/11/2023;14:55:00;166458,22;166603,28;166431,84;166596,69;3098771944,00;93042
WINFUT;24/11/2023;14:50:00;166365,90;166478,00;166352,71;166458,22;3741495988,00;112410
WINFUT;24/11/2023;14:45:00;166445,03;166451,62;166299,96;166365,90;4311875615,00;129595
WINFUT;24/11/2023;14:40:00;166524,16;166543,94;166438,43;166445,03;2349271443,00;70554
WINFUT;24/11/2023;14:35:00;166576,91;166609,88;166451,62;166517,56;3832574116,00;115077
WINFUT;24/11/2023;14:30:00;166603,28;166603,28;166497,78;166576,91;3694109017,00;110904
WINFUT;24/11/2023;14:25:00;166649,44;166695,60;166570,31;166603,28;2863294945,00;85918
WINFUT;24/11/2023;14:20:00;166695,60;166735,16;166583,50;166642,85;4237545150,00;127133
WINFUT;24/11/2023;14:15:00;166596,69;166708,79;166563,72;166695,60;3835009317,00;115070
WINFUT;24/11/2023;14:10:00;166471,40;166603,28;166451,62;166590,10;3684033283,00;110603
WINFUT;24/11/2023;14:05:00;166385,68;166517,56;166280,18;166471,40;6203609521,00;186421
WINFUT;24/11/2023;14:00:00;166504,37;166623,07;166359,31;166385,68;6403939327,00;192302
WINFUT;24/11/2023;13:55:00;166675,82;166721,98;166464,81;166504,37;6079678298,00;182471
WINFUT;24/11/2023;13:50:00;166873,64;166886,82;166649,44;166675,82;4918987749,00;147465
WINFUT;24/11/2023;13:45:00;166952,76;166972,55;166847,26;166880,23;3344540132,00;100185
WINFUT;24/11/2023;13:40:00;166998,92;167045,08;166952,76;166959,36;1965166855,00;58838
WINFUT;24/11/2023;13:35:00;167025,30;167078,05;166972,55;166992,33;2522948478,00;75524
WINFUT;24/11/2023;13:30:00;167018,70;167071,46;166998,92;167018,70;1912609925,00;57250
WINFUT;24/11/2023;13:25:00;167031,89;167058,27;166946,17;167025,30;3179739631,00;95193
WINFUT;24/11/2023;13:20:00;166972,55;167045,08;166946,17;167031,89;2916006290,00;87313
WINFUT;24/11/2023;13:15:00;166827,48;166985,73;166807,70;166972,55;3563375093,00;106759
WINFUT;24/11/2023;13:10:00;166886,82;166972,55;166794,51;166820,89;4378188370,00;131184
WINFUT;24/11/2023;13:05:00;167012,11;167025,30;166880,23;166886,82;4775760756,00;143036
WINFUT;24/11/2023;13:00:00;167143,99;167157,18;166979,14;167018,70;3575798096,00;107025
WINFUT;24/11/2023;12:55:00;167078,05;167203,34;167064,86;167143,99;3381702486,00;101163
WINFUT;24/11/2023;12:50:00;167124,21;167163,77;167031,89;167084,64;3707997902,00;110965
WINFUT;24/11/2023;12:45:00;167124,21;167183,55;167064,86;167130,80;3131793126,00;93698
WINFUT;24/11/2023;12:40:00;167249,49;167275,87;167078,05;167130,80;4184083303,00;125147
WINFUT;24/11/2023;12:35:00;167308,84;167374,78;167223,12;167249,49;3758528561,00;112331
WINFUT;24/11/2023;12:30:00;167275,87;167355,00;167229,71;167308,84;4497953966,00;134429
WINFUT;24/11/2023;12:25:00;167196,74;167302,25;167176,96;167269,28;3851829405,00;115153
WINFUT;24/11/2023;12:20:00;167025,30;167236,31;167018,70;167203,34;4618291180,00;138161
WINFUT;24/11/2023;12:15:00;167104,43;167190,15;167018,70;167031,89;4375010469,00;130913
WINFUT;24/11/2023;12:10:00;167223,12;167262,68;167078,05;167104,43;4660516746,00;139395
WINFUT;24/11/2023;12:05:00;167269,28;167322,03;167163,77;167223,12;5531239277,00;165359
WINFUT;24/11/2023;12:00:00;167117,61;167289,06;167038,49;167262,68;7479267525,00;223678
WINFUT;24/11/2023;11:55:00;166965,95;167150,58;166946,17;167124,21;4670252151,00;139766
WINFUT;24/11/2023;11:50:00;167045,08;167150,58;166926,39;166965,95;5752934845,00;172200
WINFUT;24/11/2023;11:45:00;167104,43;167183,55;166972,55;167038,49;7059988860,00;211291
WINFUT;24/11/2023;11:40:00;166939,58;167157,18;166926,39;167111,02;7618429881,00;228007
WINFUT;24/11/2023;11:35:00;166827,48;166979,14;166695,60;166939,58;7115573768,00;213252
WINFUT;24/11/2023;11:30:00;166675,82;166893,42;166629,66;166820,89;7570199157,00;226957
WINFUT;24/11/2023;11:25:00;166708,79;166814,29;166649,44;166669,22;4469994312,00;134045
WINFUT;24/11/2023;11:20:00;166827,48;166834,07;166642,85;166708,79;5425892299,00;162729
WINFUT;24/11/2023;11:15:00;166754,95;166886,82;166754,95;166827,48;4029976123,00;120781
WINFUT;24/11/2023;11:10:00;166590,10;166853,85;166583,50;166761,54;7661543081,00;229732
WINFUT;24/11/2023;11:05:00;166675,82;166708,79;166524,16;166590,10;6166027074,00;185051
WINFUT;24/11/2023;11:00:00;166662,63;166761,54;166636,25;166669,22;4319427525,00;129550
WINFUT;24/11/2023;10:55:00;166649,44;166682,41;166583,50;166656,04;3288180981,00;98669
WINFUT;24/11/2023;10:50:00;166689,01;166728,57;166590,10;166649,44;4674137797,00;140225
WINFUT;24/11/2023;10:45:00;166853,85;166880,23;166583,50;166689,01;8303643803,00;249048
WINFUT;24/11/2023;10:40:00;166814,29;166893,42;166801,10;166847,26;4064547778,00;121802
WINFUT;24/11/2023;10:35:00;166761,54;166820,89;166708,79;166820,89;3941535786,00;118166
WINFUT;24/11/2023;10:30:00;166768,13;166794,51;166689,01;166761,54;3518633311,00;105511
WINFUT;24/11/2023;10:25:00;166807,70;166880,23;166669,22;166774,73;6095052523,00;182743
WINFUT;24/11/2023;10:20:00;166913,20;166913,20;166721,98;166807,70;5829072560,00;174740
WINFUT;24/11/2023;10:15:00;166893,42;166932,98;166768,13;166913,20;6749313631,00;202245
WINFUT;24/11/2023;10:10:00;167058,27;167084,64;166886,82;166893,42;8153399954,00;244132
WINFUT;24/11/2023;10:05:00;167209,93;167249,49;167018,70;167064,86;9650201637,00;288730
WINFUT;24/11/2023;10:00:00;167295,65;167407,75;167163,77;167216,52;8321924906,00;248708
WINFUT;24/11/2023;09:55:00;167269,28;167308,84;167229,71;167295,65;2093311110,00;62572
WINFUT;24/11/2023;09:50:00;167262,68;167295,65;167223,12;167269,28;2011736603,00;60136
WINFUT;24/11/2023;09:45:00;167236,31;167328,62;167209,93;167262,68;2820392159,00;84305
WINFUT;24/11/2023;09:40:00;167335,21;167368,18;167203,34;167242,90;4962455635,00;148324
WINFUT;24/11/2023;09:35:00;167407,75;167414,34;167322,03;167328,62;2162698973,00;64611
WINFUT;24/11/2023;09:30:00;167348,40;167440,72;167289,06;167401,15;2983462321,00;89125
WINFUT;24/11/2023;09:25:00;167420,94;167447,31;167328,62;167348,40;2240234820,00;66922
WINFUT;24/11/2023;09:20:00;167315,43;167460,50;167295,65;167427,53;3265544428,00;97539
WINFUT;24/11/2023;09:15:00;167401,15;167407,75;167256,09;167308,84;4885475293,00;145997
WINFUT;24/11/2023;09:10:00;167467,09;167506,66;167387,97;167401,15;2741703122,00;81869
WINFUT;24/11/2023;09:05:00;167420,94;167526,44;167381,37;167467,09;3245844415,00;96916
WINFUT;24/11/2023;09:00:00;167948,45;167961,64;167394,56;167420,94;1,015893036E10;303105
WINFUT;23/11/2023;18:20:00;168060,55;168139,68;168020,99;168139,68;1196772866,00;35599
WINFUT;23/11/2023;18:15:00;167988,02;168086,93;167981,42;168060,55;1195744760,00;35581
WINFUT;23/11/2023;18:10:00;167968,24;168020,99;167922,08;167988,02;1001168680,00;29802
WINFUT;23/11/2023;18:05:00;167955,05;167981,42;167935,27;167974,83;720511880,30;21449
WINFUT;23/11/2023;18:00:00;167988,02;168020,99;167935,27;167955,05;875549090,10;26062
WINFUT;23/11/2023;17:55:00;167948,45;168040,77;167922,08;167981,42;1511489000,00;44989
WINFUT;23/11/2023;17:50:00;167875,92;167974,83;167869,33;167948,45;1204673742,00;35868
WINFUT;23/11/2023;17:45:00;167895,70;167915,48;167849,54;167882,51;898000013,80;26745
WINFUT;23/11/2023;17:40:00;167869,33;167948,45;167823,17;167895,70;1627097390,00;48461
WINFUT;23/11/2023;17:35:00;167922,08;167928,67;167842,95;167875,92;1227896573,00;36571
WINFUT;23/11/2023;17:30:00;167889,11;167948,45;167829,76;167928,67;1992073334,00;59326
WINFUT;23/11/2023;17:25:00;167882,51;167895,70;167856,14;167889,11;911542004,50;27149
WINFUT;23/11/2023;17:20:00;167809,98;167902,30;167770,42;167882,51;2262085766,00;67382
WINFUT;23/11/2023;17:15:00;167803,39;167836,36;167803,39;167803,39;600323070,60;17886
WINFUT;23/11/2023;17:10:00;167790,20;167849,54;167783,60;167803,39;1884576149,00;56149
WINFUT;23/11/2023;17:05:00;167737,45;167796,79;167717,67;167796,79;1646773169,00;49082
WINFUT;23/11/2023;17:00:00;167796,79;167809,98;167697,88;167730,85;2598448746,00;77449
WINFUT;23/11/2023;16:55:00;167922,08;167928,67;167770,42;167796,79;2783264389,00;82917
WINFUT;23/11/2023;16:50:00;167981,42;167981,42;167889,11;167928,67;2116515670,00;63020
WINFUT;23/11/2023;16:45:00;167988,02;168001,21;167948,45;167981,42;1387681780,00;41307
WINFUT;23/11/2023;16:40:00;167948,45;168060,55;167941,86;167988,02;3166970794,00;94250
WINFUT;23/11/2023;16:35:00;167935,27;167948,45;167908,89;167948,45;785509390,30;23388
WINFUT;23/11/2023;16:30:00;167948,45;167948,45;167922,08;167928,67;744083544,50;22154
WINFUT;23/11/2023;16:25:00;167922,08;167948,45;167902,30;167941,86;1193034443,00;35522
WINFUT;23/11/2023;16:20:00;167875,92;167935,27;167862,73;167928,67;1364357392,00;40628
WINFUT;23/11/2023;16:15:00;167862,73;167902,30;167823,17;167875,92;1369542980,00;40794
WINFUT;23/11/2023;16:10:00;167889,11;167889,11;167836,36;167856,14;1171670390,00;34900
WINFUT;23/11/2023;16:05:00;167889,11;167928,67;167869,33;167882,51;1198537822,00;35692
WINFUT;23/11/2023;16:00:00;167823,17;167948,45;167803,39;167882,51;2745977832,00;81781
WINFUT;23/11/2023;15:55:00;167816,57;167842,95;167770,42;167823,17;1598043577,00;47616
WINFUT;23/11/2023;15:50:00;167856,14;167862,73;167803,39;167816,57;1078843543,00;32141
WINFUT;23/11/2023;15:45:00;167816,57;167875,92;167763,82;167862,73;2188678576,00;65209
WINFUT;23/11/2023;15:40:00;167770,42;167842,95;167730,85;167823,17;2308486121,00;68787
WINFUT;23/11/2023;15:35:00;167678,10;167796,79;167671,51;167770,42;2855124973,00;85100
WINFUT;23/11/2023;15:30:00;167711,07;167737,45;167645,13;167671,51;2274469931,00;67817
WINFUT;23/11/2023;15:25:00;167790,20;167809,98;167691,29;167717,67;2312980013,00;68944
WINFUT;23/11/2023;15:20:00;167829,76;167869,33;167770,42;167790,20;2455507587,00;73163
WINFUT;23/11/2023;15:15:00;167955,05;167968,24;167816,57;167836,36;2838062477,00;84523
WINFUT;23/11/2023;15:10:00;167968,24;167988,02;167948,45;167955,05;770082482,60;22924
WINFUT;23/11/2023;15:05:00;167981,42;168007,80;167948,45;167968,24;1757128944,00;52303
WINFUT;23/11/2023;15:00:00;167895,70;167994,61;167889,11;167988,02;1949885275,00;58053
WINFUT;23/11/2023;14:55:00;167875,92;167922,08;167856,14;167895,70;1101744659,00;32811
WINFUT;23/11/2023;14:50:00;167882,51;167928,67;167849,54;167869,33;1520961600,00;45298
WINFUT;23/11/2023;14:45:00;167902,30;167941,86;167862,73;167889,11;1643125866,00;48933
WINFUT;23/11/2023;14:40:00;167908,89;167941,86;167875,92;167902,30;2175194926,00;64771
WINFUT;23/11/2023;14:35:00;167783,60;167928,67;167750,64;167915,48;3082587641,00;91822
WINFUT;23/11/2023;14:30:00;167823,17;167829,76;167750,64;167783,60;1383541209,00;41227
WINFUT;23/11/2023;14:25:00;167757,23;167823,17;167737,45;167816,57;1845307072,00;54990
WINFUT;23/11/2023;14:20:00;167790,20;167790,20;167717,67;167757,23;1717689056,00;51197
WINFUT;23/11/2023;14:15:00;167829,76;167842,95;167757,23;167790,20;2579798191,00;76877
WINFUT;23/11/2023;14:10:00;167842,95;167895,70;167823,17;167836,36;1104239527,00;32892
WINFUT;23/11/2023;14:05:00;167869,33;167908,89;167842,95;167842,95;1117088279,00;33271
WINFUT;23/11/2023;14:00:00;167889,11;167935,27;167809,98;167862,73;2683945244,00;79945
WINFUT;23/11/2023;13:55:00;167955,05;168014,39;167875,92;167882,51;3282572624,00;97728
WINFUT;23/11/2023;13:50:00;167882,51;167974,83;167869,33;167961,64;2016543023,00;60042
WINFUT;23/11/2023;13:45:00;167862,73;167908,89;167842,95;167875,92;966849918,60;28796
WINFUT;23/11/2023;13:40:00;167889,11;167922,08;167836,36;167869,33;1212007574,00;36098
WINFUT;23/11/2023;13:35:00;167889,11;167922,08;167862,73;167889,11;1352102706,00;40267
WINFUT;23/11/2023;13:30:00;167862,73;167889,11;167790,20;167889,11;2598903699,00;77427
WINFUT;23/11/2023;13:25:00;167935,27;167948,45;167836,36;167856,14;1638186431,00;48790
WINFUT;23/11/2023;13:20:00;167842,95;167948,45;167829,76;167935,27;2787967868,00;83020
WINFUT;23/11/2023;13:15:00;167823,17;167862,73;167816,57;167842,95;993146986,00;29586
WINFUT;23/11/2023;13:10:00;167816,57;167862,73;167790,20;167816,57;1840095307,00;54822
WINFUT;23/11/2023;13:05:00;167908,89;167908,89;167790,20;167816,57;2824820852,00;84150
WINFUT;23/11/2023;13:00:00;167961,64;167968,24;167869,33;167908,89;2189223994,00;65188
WINFUT;23/11/2023;12:55:00;168001,21;168034,18;167928,67;167968,24;1706995335,00;50811
WINFUT;23/11/2023;12:50:00;167988,02;168014,39;167955,05;167994,61;1028684359,00;30618
WINFUT;23/11/2023;12:45:00;168047,36;168086,93;167941,86;167988,02;2695764073,00;80233
WINFUT;23/11/2023;12:40:00;168040,77;168073,74;168001,21;168053,96;1379054916,00;41034
WINFUT;23/11/2023;12:35:00;168073,74;168093,52;167981,42;168040,77;2781820205,00;82776
WINFUT;23/11/2023;12:30:00;168126,49;168152,87;168047,36;168067,15;1899667661,00;56505
WINFUT;23/11/2023;12:25:00;168146,27;168179,24;168093,52;168126,49;1901758053,00;56554
WINFUT;23/11/2023;12:20:00;168146,27;168205,62;168113,30;168139,68;2037283436,00;60579
WINFUT;23/11/2023;12:15:00;168060,55;168192,43;168053,96;168152,87;4012663038,00;119321
WINFUT;23/11/2023;12:10:00;168113,30;168119,90;167994,61;168067,15;2434090600,00;72420
WINFUT;23/11/2023;12:05:00;168113,30;168133,09;168034,18;168119,90;2762114906,00;82167
WINFUT;23/11/2023;12:00:00;168060,55;168133,09;168053,96;168119,90;2508871067,00;74624
WINFUT;23/11/2023;11:55:00;168040,77;168119,90;168007,80;168053,96;2920399934,00;86879
WINFUT;23/11/2023;11:50:00;168034,18;168067,15;168001,21;168034,18;1667159989,00;49607
WINFUT;23/11/2023;11:45:00;168053,96;168080,33;167988,02;168034,18;2471447266,00;73543
WINFUT;23/11/2023;11:40:00;168034,18;168093,52;167961,64;168053,96;4565134214,00;135838
WINFUT;23/11/2023;11:35:00;167915,48;168040,77;167908,89;168027,58;4398086529,00;130912
WINFUT;23/11/2023;11:30:00;167968,24;168007,80;167902,30;167908,89;5521281872,00;164374
WINFUT;23/11/2023;11:25:00;167658,32;167974,83;167645,13;167961,64;6710248127,00;199929
WINFUT;23/11/2023;11:20:00;167790,20;167816,57;167631,94;167658,32;4352961110,00;129782
WINFUT;23/11/2023;11:15:00;167717,67;167816,57;167658,32;167790,20;4681912507,00;139560
WINFUT;23/11/2023;11:10:00;167434,12;167777,01;167368,18;167717,67;9261657231,00;276344
WINFUT;23/11/2023;11:05:00;167598,97;167645,13;167401,15;167440,72;5633029920,00;168107
WINFUT;23/11/2023;11:00:00;167440,72;167625,35;167440,72;167605,57;6030873554,00;179966
WINFUT;23/11/2023;10:55:00;167249,49;167486,88;167236,31;167440,72;5255834501,00;157002
WINFUT;23/11/2023;10:50:00;167381,37;167414,34;167190,15;167249,49;5388559207,00;161073
WINFUT;23/11/2023;10:45:00;167427,53;167552,82;167315,43;167381,37;5302235146,00;158326
WINFUT;23/11/2023;10:40:00;167480,28;167552,82;167374,78;167427,53;4054412879,00;121047
WINFUT;23/11/2023;10:35:00;167335,21;167539,63;167315,43;167480,28;4845333417,00;144665
WINFUT;23/11/2023;10:30:00;167566,00;167605,57;167302,25;167328,62;8468591019,00;252881
WINFUT;23/11/2023;10:25:00;167262,68;167572,60;167216,52;167559,41;8656494718,00;258513
WINFUT;23/11/2023;10:20:00;167335,21;167401,15;167190,15;167269,28;6829538324,00;204114
WINFUT;23/11/2023;10:15:00;166959,36;167414,34;166946,17;167341,81;1,013448021E10;303008
WINFUT;23/11/2023;10:10:00;167031,89;167111,02;166787,92;166965,95;1,068225636E10;319915
WINFUT;23/11/2023;10:05:00;167176,96;167302,25;166992,33;167031,89;9413714049,00;281589
WINFUT;23/11/2023;10:00:00;167163,77;167256,09;167097,83;167176,96;4462864201,00;133465
WINFUT;23/11/2023;09:55:00;167117,61;167190,15;167071,46;167157,18;2159116521,00;64594
WINFUT;23/11/2023;09:50:00;167045,08;167143,99;167045,08;167111,02;2586284343,00;77388
WINFUT;23/11/2023;09:45:00;167163,77;167203,34;167038,49;167045,08;3482908113,00;104203
WINFUT;23/11/2023;09:40:00;167196,74;167216,52;167137,40;167170,37;1842634150,00;55114
WINFUT;23/11/2023;09:35:00;167249,49;167262,68;167163,77;167196,74;2021292409,00;60441
WINFUT;23/11/2023;09:30:00;167176,96;167282,46;167137,40;167242,90;2829643617,00;84607
WINFUT;23/11/2023;09:25:00;167196,74;167236,31;167157,18;167183,55;1999835413,00;59806
WINFUT;23/11/2023;09:20:00;167025,30;167242,90;166998,92;167196,74;3744668814,00;112016
WINFUT;23/11/2023;09:15:00;167137,40;167196,74;166998,92;167031,89;3742514060,00;111985
WINFUT;23/11/2023;09:10:00;166979,14;167176,96;166946,17;167137,40;4083397822,00;122226
WINFUT;23/11/2023;09:05:00;166913,20;167203,34;166807,70;166979,14;7670753723,00;229637
WINFUT;23/11/2023;09:00:00;166959,36;167012,11;166682,41;166913,20;4954252094,00;148469
WINFUT;22/11/2023;18:20:00;167289,06;167335,21;167236,31;167295,65;1387086936,00;41457
WINFUT;22/11/2023;18:15:00;167190,15;167295,65;167170,37;167275,87;1605258780,00;47996
WINFUT;22/11/2023;18:10:00;167183,55;167196,74;167157,18;167183,55;897314619,30;26837
WINFUT;22/11/2023;18:05:00;167183,55;167209,93;167104,43;167183,55;1655071709,00;49507
WINFUT;22/11/2023;18:00:00;167196,74;167209,93;167143,99;167183,55;1398049578,00;41816
WINFUT;22/11/2023;17:55:00;167157,18;167223,12;167130,80;167190,15;2633192522,00;78756
WINFUT;22/11/2023;17:50:00;166906,61;167183,55;166906,61;167157,18;4027095525,00;120534
WINFUT;22/11/2023;17:45:00;166893,42;166952,76;166880,23;166913,20;1322280828,00;39609
WINFUT;22/11/2023;17:40:00;167018,70;167031,89;166867,04;166886,82;2847907332,00;85303
WINFUT;22/11/2023;17:35:00;166998,92;167045,08;166979,14;167018,70;1221456330,00;36567
WINFUT;22/11/2023;17:30:00;166965,95;167051,67;166946,17;166998,92;1669392361,00;49979
WINFUT;22/11/2023;17:25:00;166946,17;167038,49;166919,79;166965,95;2321729893,00;69522
WINFUT;22/11/2023;17:20:00;167025,30;167051,67;166906,61;166952,76;2893014545,00;86634
WINFUT;22/11/2023;17:15:00;167031,89;167117,61;166992,33;167025,30;3230066775,00;96672
WINFUT;22/11/2023;17:10:00;166965,95;167045,08;166913,20;167031,89;2345782316,00;70243
WINFUT;22/11/2023;17:05:00;167031,89;167038,49;166926,39;166972,55;2530897766,00;75788
WINFUT;22/11/2023;17:00:00;166886,82;167051,67;166873,64;167038,49;3784865829,00;113329
WINFUT;22/11/2023;16:55:00;166728,57;166939,58;166715,38;166880,23;5171242553,00;154958
WINFUT;22/11/2023;16:50:00;166590,10;166787,92;166517,56;166728,57;4744190926,00;142319
WINFUT;22/11/2023;16:45:00;166682,41;166702,19;166491,19;166590,10;4743177896,00;142359
WINFUT;22/11/2023;16:40:00;166715,38;166814,29;166616,47;166682,41;5734664773,00;171999
WINFUT;22/11/2023;16:35:00;166893,42;166979,14;166689,01;166708,79;5604279569,00;167980
WINFUT;22/11/2023;16:30:00;167117,61;167137,40;166893,42;166893,42;4272152984,00;127909
WINFUT;22/11/2023;16:25:00;166932,98;167157,18;166919,79;167117,61;3731994484,00;111700
WINFUT;22/11/2023;16:20:00;167084,64;167091,24;166919,79;166939,58;4728318758,00;141559
WINFUT;22/11/2023;16:15:00;167091,24;167183,55;167038,49;167071,46;3835051102,00;114747
WINFUT;22/11/2023;16:10:00;167328,62;167381,37;167084,64;167091,24;5083646937,00;152023
WINFUT;22/11/2023;16:05:00;167269,28;167381,37;167249,49;167328,62;3121027486,00;93258
WINFUT;22/11/2023;16:00:00;167414,34;167434,12;167190,15;167269,28;5690960095,00;170092
WINFUT;22/11/2023;15:55:00;167420,94;167506,66;167381,37;167414,34;2021756815,00;60368
WINFUT;22/11/2023;15:50:00;167440,72;167546,22;167420,94;167420,94;2833146131,00;84578
WINFUT;22/11/2023;15:45:00;167447,31;167480,28;167387,97;167440,72;2102331751,00;62779
WINFUT;22/11/2023;15:40:00;167480,28;167618,76;167368,18;167447,31;5754183132,00;171798
WINFUT;22/11/2023;15:35:00;167500,06;167598,97;167467,09;167480,28;3887086386,00;116011
WINFUT;22/11/2023;15:30:00;167500,06;167546,22;167447,31;167500,06;2510800576,00;74952
WINFUT;22/11/2023;15:25:00;167453,91;167533,03;167434,12;167500,06;2411712878,00;71998
WINFUT;22/11/2023;15:20:00;167394,56;167513,25;167322,03;167453,91;3907576601,00;116688
WINFUT;22/11/2023;15:15:00;167552,82;167572,60;167308,84;167387,97;5805296858,00;173365
WINFUT;22/11/2023;15:10:00;167341,81;167579,19;167328,62;167552,82;6317001546,00;188594
WINFUT;22/11/2023;15:05:00;167170,37;167374,78;167163,77;167341,81;4524684516,00;135241
WINFUT;22/11/2023;15:00:00;167064,86;167308,84;167038,49;167170,37;7168584608,00;214392
WINFUT;22/11/2023;14:55:00;166834,07;167176,96;166820,89;167058,27;6489069365,00;194268
WINFUT;22/11/2023;14:50:00;166735,16;167018,70;166735,16;166834,07;7981695246,00;239118
WINFUT;22/11/2023;14:45:00;166972,55;167262,68;166735,16;166735,16;1,481205339E10;443476
WINFUT;22/11/2023;14:40:00;167467,09;167480,28;166959,36;166965,95;1,41344961E10;422708
WINFUT;22/11/2023;14:35:00;167717,67;167770,42;167460,50;167467,09;6644387428,00;198215
WINFUT;22/11/2023;14:30:00;167836,36;167902,30;167645,13;167717,67;7616323156,00;226998
WINFUT;22/11/2023;14:25:00;168014,39;168053,96;167829,76;167842,95;4278038830,00;127377
WINFUT;22/11/2023;14:20:00;167935,27;168073,74;167928,67;168014,39;4044056378,00;120351
WINFUT;22/11/2023;14:15:00;167895,70;167994,61;167862,73;167941,86;3708419730,00;110414
WINFUT;22/11/2023;14:10:00;168027,58;168034,18;167842,95;167902,30;3575822882,00;106462
WINFUT;22/11/2023;14:05:00;167922,08;168053,96;167922,08;168020,99;2473271629,00;73615
WINFUT;22/11/2023;14:00:00;167994,61;168020,99;167882,51;167922,08;3026995711,00;90119
WINFUT;22/11/2023;13:55:00;167922,08;168014,39;167895,70;167994,61;2353798771,00;70072
WINFUT;22/11/2023;13:50:00;167902,30;167981,42;167902,30;167915,48;2279027158,00;67852
WINFUT;22/11/2023;13:45:00;167935,27;167994,61;167895,70;167902,30;3729859000,00;111041
WINFUT;22/11/2023;13:40:00;167783,60;167948,45;167757,23;167941,86;4013435524,00;119550
WINFUT;22/11/2023;13:35:00;167875,92;167889,11;167777,01;167783,60;2782186465,00;82890
WINFUT;22/11/2023;13:30:00;167809,98;167915,48;167796,79;167869,33;3893587502,00;115973
WINFUT;22/11/2023;13:25:00;167737,45;167862,73;167730,85;167809,98;4205225438,00;125300
WINFUT;22/11/2023;13:20:00;167625,35;167777,01;167585,79;167744,04;4538831196,00;135326
WINFUT;22/11/2023;13:15:00;167579,19;167651,73;167533,03;167631,94;2953888097,00;88126
WINFUT;22/11/2023;13:10:00;167638,54;167671,51;167533,03;167585,79;4119050964,00;122878
WINFUT;22/11/2023;13:05:00;167539,63;167645,13;167407,75;167645,13;6495471632,00;193905
WINFUT;22/11/2023;13:00:00;167539,63;167651,73;167480,28;167539,63;4862444454,00;145100
WINFUT;22/11/2023;12:55:00;167625,35;167704,48;167526,44;167539,63;3851217448,00;114895
WINFUT;22/11/2023;12:50:00;167671,51;167724,26;167526,44;167625,35;5942919934,00;177274
WINFUT;22/11/2023;12:45:00;167763,82;167809,98;167664,91;167671,51;3110005387,00;92707
WINFUT;22/11/2023;12:40:00;167638,54;167783,60;167618,76;167770,42;3594101899,00;107150
WINFUT;22/11/2023;12:35:00;167763,82;167796,79;167598,97;167631,94;3722167232,00;110982
WINFUT;22/11/2023;12:30:00;167750,64;167869,33;167711,07;167770,42;5682366876,00;169326
WINFUT;22/11/2023;12:25:00;167750,64;167796,79;167612,16;167757,23;4554948893,00;135798
WINFUT;22/11/2023;12:20:00;167691,29;167783,60;167625,35;167757,23;5628311610,00;167804
WINFUT;22/11/2023;12:15:00;167711,07;167730,85;167559,41;167691,29;6254725300,00;186552
WINFUT;22/11/2023;12:10:00;167724,26;167823,17;167638,54;167711,07;6824527760,00;203460
WINFUT;22/11/2023;12:05:00;167777,01;167908,89;167697,88;167724,26;7212037499,00;214914
WINFUT;22/11/2023;12:00:00;167981,42;167981,42;167717,67;167777,01;7576831799,00;225766
WINFUT;22/11/2023;11:55:00;167809,98;168040,77;167790,20;167974,83;7261962977,00;216243
WINFUT;22/11/2023;11:50:00;167915,48;167974,83;167744,04;167803,39;7868977174,00;234408
WINFUT;22/11/2023;11:45:00;168113,30;168152,87;167823,17;167922,08;1,105316635E10;328999
WINFUT;22/11/2023;11:40:00;168377,06;168403,44;168106,71;168113,30;6702767139,00;199186
WINFUT;22/11/2023;11:35:00;168067,15;168423,22;168047,36;168370,47;1,028942928E10;305735
WINFUT;22/11/2023;11:30:00;168396,84;168449,60;168040,77;168073,74;1,184475471E10;352060
WINFUT;22/11/2023;11:25:00;168350,69;168396,84;168271,56;168390,25;3744015677,00;111216
WINFUT;22/11/2023;11:20:00;168291,34;168403,44;168264,96;168357,28;7084877229,00;210432
WINFUT;22/11/2023;11:15:00;168166,06;168317,72;168133,09;168291,34;4174264808,00;124058
WINFUT;22/11/2023;11:10:00;168232,00;168317,72;168133,09;168159,46;6019171145,00;178888
WINFUT;22/11/2023;11:05:00;168218,81;168271,56;168119,90;168238,59;5312338462,00;157925
WINFUT;22/11/2023;11:00:00;168205,62;168324,31;168185,84;168218,81;6675416774,00;198375
WINFUT;22/11/2023;10:55:00;168106,71;168264,96;168100,12;168205,62;5538692787,00;164649
WINFUT;22/11/2023;10:50:00;168086,93;168199,03;168034,18;168100,12;5849891109,00;173990
WINFUT;22/11/2023;10:45:00;168093,52;168218,81;168067,15;168080,33;5399867097,00;160571
WINFUT;22/11/2023;10:40:00;168106,71;168238,59;167941,86;168100,12;9196040642,00;273511
WINFUT;22/11/2023;10:35:00;168053,96;168139,68;167974,83;168113,30;6363401812,00;189316
WINFUT;22/11/2023;10:30:00;168001,21;168133,09;167823,17;168053,96;1,077303608E10;320606
WINFUT;22/11/2023;10:25:00;167928,67;168034,18;167783,60;168001,21;7999596435,00;238206
WINFUT;22/11/2023;10:20:00;167691,29;167961,64;167618,76;167935,27;1,356917323E10;404318
WINFUT;22/11/2023;10:15:00;167256,09;167790,20;167242,90;167691,29;1,383055554E10;412665
WINFUT;22/11/2023;10:10:00;167427,53;167480,28;167203,34;167256,09;9530139045,00;284792
WINFUT;22/11/2023;10:05:00;167368,18;167539,63;167315,43;167427,53;1,02072898E10;304846
WINFUT;22/11/2023;10:00:00;167638,54;167678,10;167355,00;167361,59;9052409972,00;270149
WINFUT;22/11/2023;09:55:00;167572,60;167744,04;167546,22;167638,54;4538314660,00;135367
WINFUT;22/11/2023;09:50:00;167598,97;167645,13;167552,82;167579,19;2867915976,00;85558
WINFUT;22/11/2023;09:45:00;167546,22;167631,94;167533,03;167598,97;2436602129,00;72695
WINFUT;22/11/2023;09:40:00;167546,22;167625,35;167526,44;167539,63;5542856027,00;165383
WINFUT;22/11/2023;09:35:00;167414,34;167566,00;167407,75;167546,22;3385302102,00;101062
WINFUT;22/11/2023;09:30:00;167335,21;167500,06;167275,87;167414,34;6347917756,00;189602
WINFUT;22/11/2023;09:25:00;167519,85;167533,03;167328,62;167335,21;4016722658,00;119949
WINFUT;22/11/2023;09:20:00;167513,25;167559,41;167460,50;167519,85;2545540779,00;75984
WINFUT;22/11/2023;09:15:00;167473,69;167585,79;167434,12;167506,66;4368229255,00;130381
WINFUT;22/11/2023;09:10:00;167355,00;167500,06;167328,62;167473,69;4087190956,00;122053
WINFUT;22/11/2023;09:05:00;167381,37;167434,12;167302,25;167348,40;3994283695,00;119330
WINFUT;22/11/2023;09:00:00;166985,73;167434,12;166985,73;167374,78;6363101300,00;190210
WINFUT;21/11/2023;18:20:00;166801,10;166919,79;166781,32;166860,45;1537888485,00;46085
WINFUT;21/11/2023;18:15:00;166840,67;166900,01;166781,32;166801,10;1495652973,00;44823
WINFUT;21/11/2023;18:10:00;166807,70;166847,26;166768,13;166840,67;914794875,40;27421
WINFUT;21/11/2023;18:05:00;166814,29;166847,26;166761,54;166807,70;1317647298,00;39497
WINFUT;21/11/2023;18:00:00;166952,76;166959,36;166768,13;166814,29;3054629156,00;91546
WINFUT;21/11/2023;17:55:00;166932,98;166979,14;166913,20;166946,17;1324529122,00;39671
WINFUT;21/11/2023;17:50:00;166992,33;167012,11;166906,61;166932,98;2104797858,00;63037
WINFUT;21/11/2023;17:45:00;166952,76;167018,70;166913,20;166985,73;2992181232,00;89601
WINFUT;21/11/2023;17:40:00;166768,13;166959,36;166754,95;166946,17;4509014963,00;135102
WINFUT;21/11/2023;17:35:00;166768,13;166794,51;166708,79;166774,73;1574055757,00;47198
WINFUT;21/11/2023;17:30:00;166794,51;166820,89;166741,76;166768,13;1898363156,00;56912
WINFUT;21/11/2023;17:25:00;166689,01;166820,89;166675,82;166794,51;2877965695,00;86299
WINFUT;21/11/2023;17:20:00;166636,25;166748,35;166623,07;166689,01;3686227042,00;110575
WINFUT;21/11/2023;17:15:00;166590,10;166656,04;166576,91;166629,66;1961708688,00;58872
WINFUT;21/11/2023;17:10:00;166603,28;166636,25;166576,91;166590,10;1413631722,00;42424
WINFUT;21/11/2023;17:05:00;166623,07;166669,22;166570,31;166603,28;1939108974,00;58188
WINFUT;21/11/2023;17:00:00;166609,88;166656,04;166557,13;166623,07;2486010830,00;74608
WINFUT;21/11/2023;16:55:00;166504,37;166636,25;166484,59;166616,47;2623024469,00;78738
WINFUT;21/11/2023;16:50:00;166616,47;166649,44;166464,81;166504,37;3718477053,00;111635
WINFUT;21/11/2023;16:45:00;166596,69;166675,82;166563,72;166616,47;3084562337,00;92554
WINFUT;21/11/2023;16:40:00;166557,13;166603,28;166524,16;166590,10;2149597974,00;64529
WINFUT;21/11/2023;16:35:00;166510,97;166563,72;166458,22;166550,53;2199857818,00;66058
WINFUT;21/11/2023;16:30:00;166563,72;166576,91;166458,22;166517,56;2293892532,00;68877
WINFUT;21/11/2023;16:25:00;166537,34;166590,10;166478,00;166563,72;2499731151,00;75051
WINFUT;21/11/2023;16:20:00;166491,19;166557,13;166438,43;166537,34;2645857682,00;79455
WINFUT;21/11/2023;16:15:00;166524,16;166583,50;166412,06;166497,78;4331709856,00;130088
WINFUT;21/11/2023;16:10:00;166260,40;166543,94;166247,21;166517,56;4822197029,00;144894
WINFUT;21/11/2023;16:05:00;166339,53;166392,28;166174,68;166260,40;3557043005,00;106961
WINFUT;21/11/2023;16:00:00;166266,99;166451,62;166069,17;166332,93;6591731354,00;198169
WINFUT;21/11/2023;15:55:00;166365,90;166372,50;166220,83;166266,99;2463944013,00;74086
WINFUT;21/11/2023;15:50:00;166313,15;166379,09;166253,80;166365,90;3480368810,00;104638
WINFUT;21/11/2023;15:45:00;166326,34;166346,12;166266,99;166306,56;2590270943,00;77877
WINFUT;21/11/2023;15:40:00;166187,86;166438,43;166115,33;166326,34;6329484456,00;190290
WINFUT;21/11/2023;15:35:00;166088,95;166201,05;166023,01;166187,86;5287662506,00;159150
WINFUT;21/11/2023;15:30:00;166319,74;166346,12;165996,64;166088,95;7987149487,00;240369
WINFUT;21/11/2023;15:25:00;166306,56;166405,46;166247,21;166319,74;4592234671,00;138052
WINFUT;21/11/2023;15:20:00;166524,16;166537,34;166266,99;166306,56;6506923676,00;195538
WINFUT;21/11/2023;15:15:00;166504,37;166557,13;166464,81;166530,75;2904645975,00;87221
WINFUT;21/11/2023;15:10:00;166636,25;166682,41;166458,22;166504,37;5646024371,00;169503
WINFUT;21/11/2023;15:05:00;166682,41;166689,01;166537,34;166629,66;4646028469,00;139434
WINFUT;21/11/2023;15:00:00;166939,58;166965,95;166636,25;166682,41;6540378578,00;196068
WINFUT;21/11/2023;14:55:00;166932,98;166952,76;166860,45;166932,98;2221242208,00;66542
WINFUT;21/11/2023;14:50:00;167058,27;167091,24;166840,67;166932,98;5123570460,00;153449
WINFUT;21/11/2023;14:45:00;166952,76;167058,27;166919,79;167058,27;3742322975,00;112058
WINFUT;21/11/2023;14:40:00;166761,54;166965,95;166721,98;166946,17;4131016400,00;123801
WINFUT;21/11/2023;14:35:00;166867,04;166906,61;166702,19;166761,54;4967147153,00;148888
WINFUT;21/11/2023;14:30:00;166913,20;167117,61;166867,04;166873,64;7534599166,00;225599
WINFUT;21/11/2023;14:25:00;166768,13;166932,98;166702,19;166919,79;5316072988,00;159336
WINFUT;21/11/2023;14:20:00;166656,04;166827,48;166649,44;166761,54;4675603199,00;140192
WINFUT;21/11/2023;14:15:00;166603,28;166689,01;166570,31;166656,04;2479580236,00;74398
WINFUT;21/11/2023;14:10:00;166642,85;166721,98;166576,91;166603,28;3630295688,00;108932
WINFUT;21/11/2023;14:05:00;166629,66;166761,54;166590,10;166642,85;4170518474,00;125116
WINFUT;21/11/2023;14:00:00;166616,47;166636,25;166570,31;166629,66;1442525643,00;43292
WINFUT;21/11/2023;13:55:00;166576,91;166636,25;166537,34;166609,88;2248740211,00;67492
WINFUT;21/11/2023;13:50:00;166609,88;166623,07;166510,97;166576,91;2384134634,00;71564
WINFUT;21/11/2023;13:45:00;166590,10;166609,88;166478,00;166609,88;3181615366,00;95518
WINFUT;21/11/2023;13:40:00;166537,34;166616,47;166392,28;166590,10;6701650791,00;201250
WINFUT;21/11/2023;13:35:00;166623,07;166649,44;166530,75;166543,94;2460179526,00;73847
WINFUT;21/11/2023;13:30:00;166576,91;166649,44;166557,13;166629,66;1605345740,00;48176
WINFUT;21/11/2023;13:25:00;166603,28;166656,04;166537,34;166570,31;2478253011,00;74377
WINFUT;21/11/2023;13:20:00;166557,13;166642,85;166543,94;166596,69;2126090382,00;63812
WINFUT;21/11/2023;13:15:00;166563,72;166675,82;166530,75;166557,13;3129500805,00;93918
WINFUT;21/11/2023;13:10:00;166642,85;166689,01;166543,94;166563,72;3187612954,00;95660
WINFUT;21/11/2023;13:05:00;166570,31;166669,22;166510,97;166642,85;4100123157,00;123041
WINFUT;21/11/2023;13:00:00;166596,69;166616,47;166491,19;166576,91;3318373705,00;99615
WINFUT;21/11/2023;12:55:00;166524,16;166623,07;166484,59;166596,69;4627415517,00;138915
WINFUT;21/11/2023;12:50:00;166451,62;166537,34;166346,12;166524,16;5006594242,00;150409
WINFUT;21/11/2023;12:45:00;166398,87;166478,00;166319,74;166451,62;4283933862,00;128721
WINFUT;21/11/2023;12:40:00;166240,62;166412,06;166201,05;166392,28;5572713640,00;167538
WINFUT;21/11/2023;12:35:00;166161,49;166306,56;166141,71;166234,02;5235785870,00;157497
WINFUT;21/11/2023;12:30:00;166253,80;166266,99;166148,30;166154,89;5082451978,00;152899
WINFUT;21/11/2023;12:25:00;166365,90;166478,00;166194,46;166253,80;7635685449,00;229558
WINFUT;21/11/2023;12:20:00;166563,72;166570,31;166365,90;166365,90;5204434033,00;156319
WINFUT;21/11/2023;12:15:00;166418,65;166570,31;166313,15;166563,72;7327575338,00;220127
WINFUT;21/11/2023;12:10:00;166754,95;166768,13;166385,68;166418,65;7373651253,00;221369
WINFUT;21/11/2023;12:05:00;166787,92;166814,29;166517,56;166754,95;9128227466,00;273884
WINFUT;21/11/2023;12:00:00;166827,48;166919,79;166735,16;166787,92;5798135797,00;173772
WINFUT;21/11/2023;11:55:00;167051,67;167058,27;166754,95;166820,89;6197780272,00;185718
WINFUT;21/11/2023;11:50:00;166926,39;167091,24;166900,01;167058,27;4990691054,00;149415
WINFUT;21/11/2023;11:45:00;166919,79;167018,70;166853,85;166932,98;7317832415,00;219191
WINFUT;21/11/2023;11:40:00;167031,89;167209,93;166913,20;166913,20;8432248380,00;252337
WINFUT;21/11/2023;11:35:00;167071,46;167078,05;166867,04;167038,49;8125603857,00;243329
WINFUT;21/11/2023;11:30:00;166939,58;167236,31;166880,23;167078,05;1,07844524E10;322766
WINFUT;21/11/2023;11:25:00;166965,95;167163,77;166939,58;166939,58;6200895725,00;185591
WINFUT;21/11/2023;11:20:00;167150,58;167203,34;166919,79;166965,95;6885877567,00;206103
WINFUT;21/11/2023;11:15:00;167137,40;167170,37;166946,17;167157,18;7407918970,00;221701
WINFUT;21/11/2023;11:10:00;167018,70;167183,55;166867,04;167143,99;1,049181713E10;314061
WINFUT;21/11/2023;11:05:00;166748,35;167031,89;166669,22;167025,30;9447659333,00;283132
WINFUT;21/11/2023;11:00:00;166814,29;166853,85;166695,60;166748,35;5349390363,00;160388
WINFUT;21/11/2023;10:55:00;166946,17;166946,17;166774,73;166814,29;5252644725,00;157401
WINFUT;21/11/2023;10:50:00;166787,92;166959,36;166682,41;166946,17;6967140669,00;208830
WINFUT;21/11/2023;10:45:00;166807,70;166900,01;166748,35;166794,51;5040929784,00;151091
WINFUT;21/11/2023;10:40:00;166979,14;166979,14;166735,16;166814,29;5911368384,00;177150
WINFUT;21/11/2023;10:35:00;166913,20;167018,70;166781,32;166979,14;8153635079,00;244260
WINFUT;21/11/2023;10:30:00;166801,10;167117,61;166735,16;166919,79;1,191330155E10;356758
WINFUT;21/11/2023;10:25:00;166873,64;166946,17;166721,98;166801,10;7232570624,00;216738
WINFUT;21/11/2023;10:20:00;166728,57;166893,42;166675,82;166873,64;9579222321,00;287161
WINFUT;21/11/2023;10:15:00;166431,84;166741,76;166412,06;166728,57;7985082491,00;239647
WINFUT;21/11/2023;10:10:00;166458,22;166550,53;166379,09;166431,84;8713058181,00;261712
WINFUT;21/11/2023;10:05:00;166748,35;166754,95;166405,46;166451,62;1,079382613E10;323957
WINFUT;21/11/2023;10:00:00;166847,26;166853,85;166695,60;166754,95;5541455535,00;166149
WINFUT;21/11/2023;09:55:00;166787,92;166847,26;166774,73;166840,67;1469632390,00;44050
WINFUT;21/11/2023;09:50:00;166781,32;166834,07;166748,35;166787,92;2201379291,00;65992
WINFUT;21/11/2023;09:45:00;166807,70;166814,29;166754,95;166781,32;2200464136,00;65968
WINFUT;21/11/2023;09:40:00;166820,89;166847,26;166781,32;166807,70;2130108520,00;63844
WINFUT;21/11/2023;09:35:00;166860,45;166886,82;166708,79;166820,89;6256560968,00;187551
WINFUT;21/11/2023;09:30:00;167031,89;167064,86;166847,26;166853,85;5767506819,00;172751
WINFUT;21/11/2023;09:25:00;167012,11;167111,02;166965,95;167031,89;3884651575,00;116280
WINFUT;21/11/2023;09:20:00;167045,08;167084,64;166985,73;167005,52;2885942668,00;86384
WINFUT;21/11/2023;09:15:00;167111,02;167143,99;167045,08;167051,67;2478357644,00;74159
WINFUT;21/11/2023;09:10:00;167104,43;167157,18;167038,49;167104,43;3432387165,00;102705
WINFUT;21/11/2023;09:05:00;167308,84;167328,62;167012,11;167104,43;6161617560,00;184323
WINFUT;21/11/2023;09:00:00;167209,93;167473,69;167196,74;167315,43;5535629876,00;165389
WINFUT;20/11/2023;18:20:00;167572,60;167638,54;167519,85;167618,76;1363866824,00;40691
WINFUT;20/11/2023;18:15:00;167407,75;167612,16;167401,15;167572,60;2239289790,00;66832
WINFUT;20/11/2023;18:10:00;167361,59;167434,12;167341,81;167414,34;1490113934,00;44511
WINFUT;20/11/2023;18:05:00;167374,78;167387,97;167308,84;167368,18;1325919987,00;39615
WINFUT;20/11/2023;18:00:00;167420,94;167434,12;167335,21;167374,78;1581727173,00;47250
WINFUT;20/11/2023;17:55:00;167328,62;167434,12;167295,65;167420,94;2424803490,00;72445
WINFUT;20/11/2023;17:50:00;167361,59;167401,15;167289,06;167328,62;2462742821,00;73588
WINFUT;20/11/2023;17:45:00;167394,56;167434,12;167348,40;167368,18;1896824685,00;56660
WINFUT;20/11/2023;17:40:00;167467,09;167473,69;167368,18;167394,56;1789913423,00;53460
WINFUT;20/11/2023;17:35:00;167440,72;167493,47;167374,78;167473,69;1821240314,00;54384
WINFUT;20/11/2023;17:30:00;167506,66;167506,66;167381,37;167447,31;2473256465,00;73855
WINFUT;20/11/2023;17:25:00;167493,47;167579,19;167473,69;167506,66;2746807462,00;81981
WINFUT;20/11/2023;17:20:00;167460,50;167519,85;167434,12;167493,47;1705973482,00;50929
WINFUT;20/11/2023;17:15:00;167460,50;167513,25;167427,53;167460,50;2068920051,00;61770
WINFUT;20/11/2023;17:10:00;167361,59;167480,28;167335,21;167467,09;2893363527,00;86421
WINFUT;20/11/2023;17:05:00;167348,40;167401,15;167262,68;167361,59;2623453748,00;78391
WINFUT;20/11/2023;17:00:00;167328,62;167394,56;167249,49;167341,81;3235727891,00;96693
WINFUT;20/11/2023;16:55:00;167427,53;167460,50;167315,43;167322,03;2634894451,00;78710
WINFUT;20/11/2023;16:50:00;167460,50;167513,25;167401,15;167420,94;2836838342,00;84705
WINFUT;20/11/2023;16:45:00;167513,25;167526,44;167407,75;167460,50;3198890952,00;95506
WINFUT;20/11/2023;16:40:00;167262,68;167579,19;167262,68;167513,25;8042382234,00;240167
WINFUT;20/11/2023;16:35:00;167091,24;167302,25;166985,73;167262,68;9754208353,00;291808
WINFUT;20/11/2023;16:30:00;167335,21;167374,78;167038,49;167084,64;7668305449,00;229327
WINFUT;20/11/2023;16:25:00;167460,50;167506,66;167302,25;167335,21;5020285836,00;149962
WINFUT;20/11/2023;16:20:00;167440,72;167486,88;167427,53;167453,91;2228649316,00;66544
WINFUT;20/11/2023;16:15:00;167355,00;167473,69;167335,21;167440,72;4216655709,00;125939
WINFUT;20/11/2023;16:10:00;167341,81;167361,59;167249,49;167348,40;3478933365,00;103972
WINFUT;20/11/2023;16:05:00;167335,21;167394,56;167295,65;167341,81;3237105387,00;96723
WINFUT;20/11/2023;16:00:00;167519,85;167539,63;167328,62;167328,62;4461368199,00;133242
WINFUT;20/11/2023;15:55:00;167519,85;167579,19;167493,47;167519,85;2831822674,00;84514
WINFUT;20/11/2023;15:50:00;167519,85;167539,63;167420,94;167519,85;3044679497,00;90902
WINFUT;20/11/2023;15:45:00;167473,69;167559,41;167460,50;167513,25;2665982480,00;79574
WINFUT;20/11/2023;15:40:00;167500,06;167546,22;167467,09;167473,69;1940383892,00;57920
WINFUT;20/11/2023;15:35:00;167598,97;167618,76;167486,88;167506,66;2982815042,00;89018
WINFUT;20/11/2023;15:30:00;167559,41;167625,35;167513,25;167592,38;2701355006,00;80602
WINFUT;20/11/2023;15:25:00;167552,82;167598,97;167500,06;167552,82;2714001164,00;80993
WINFUT;20/11/2023;15:20:00;167467,09;167592,38;167453,91;167546,22;5092634038,00;151996
WINFUT;20/11/2023;15:15:00;167434,12;167486,88;167361,59;167460,50;4356358446,00;130091
WINFUT;20/11/2023;15:10:00;167295,65;167453,91;167289,06;167434,12;3752757306,00;112097
WINFUT;20/11/2023;15:05:00;167355,00;167368,18;167223,12;167302,25;5465607182,00;163347
WINFUT;20/11/2023;15:00:00;167104,43;167486,88;167097,83;167355,00;1,034831039E10;309201
WINFUT;20/11/2023;14:55:00;167071,46;167170,37;167038,49;167104,43;4379060560,00;131028
WINFUT;20/11/2023;14:50:00;166952,76;167084,64;166919,79;167071,46;2834938912,00;84880
WINFUT;20/11/2023;14:45:00;166932,98;166998,92;166906,61;166959,36;2170019052,00;64988
WINFUT;20/11/2023;14:40:00;167051,67;167084,64;166913,20;166932,98;3618196459,00;108349
WINFUT;20/11/2023;14:35:00;167104,43;167111,02;167031,89;167058,27;1689754269,00;50573
WINFUT;20/11/2023;14:30:00;167012,11;167130,80;166965,95;167104,43;4394526330,00;131529
WINFUT;20/11/2023;14:25:00;167045,08;167051,67;166965,95;167012,11;2331255236,00;69793
WINFUT;20/11/2023;14:20:00;166952,76;167051,67;166932,98;167051,67;3975585256,00;119037
WINFUT;20/11/2023;14:15:00;166893,42;166959,36;166853,85;166952,76;2274301283,00;68131
WINFUT;20/11/2023;14:10:00;166794,51;166939,58;166781,32;166886,82;2818573159,00;84453
WINFUT;20/11/2023;14:05:00;166794,51;166873,64;166781,32;166794,51;2591918939,00;77684
WINFUT;20/11/2023;14:00:00;166715,38;166801,10;166689,01;166794,51;2490337246,00;74676
WINFUT;20/11/2023;13:55:00;166906,61;166919,79;166708,79;166715,38;3634855521,00;108964
WINFUT;20/11/2023;13:50:00;166840,67;166946,17;166834,07;166906,61;2329021496,00;69776
WINFUT;20/11/2023;13:45:00;166860,45;166873,64;166761,54;166840,67;2011427505,00;60288
WINFUT;20/11/2023;13:40:00;166768,13;166886,82;166761,54;166860,45;2452798628,00;73509
WINFUT;20/11/2023;13:35:00;166900,01;166919,79;166735,16;166761,54;3272059887,00;98071
WINFUT;20/11/2023;13:30:00;166834,07;166926,39;166787,92;166893,42;2601287391,00;77949
WINFUT;20/11/2023;13:25:00;166840,67;166853,85;166761,54;166827,48;1671187681,00;50093
WINFUT;20/11/2023;13:20:00;166814,29;166867,04;166761,54;166840,67;2789605763,00;83611
WINFUT;20/11/2023;13:15:00;166761,54;166847,26;166748,35;166820,89;2855283384,00;85587
WINFUT;20/11/2023;13:10:00;166669,22;166774,73;166623,07;166768,13;3399934283,00;101979
WINFUT;20/11/2023;13:05:00;166853,85;166853,85;166649,44;166662,63;3452830784,00;103555
WINFUT;20/11/2023;13:00:00;166807,70;166867,04;166702,19;166853,85;3097510945,00;92860
WINFUT;20/11/2023;12:55:00;166794,51;166820,89;166728,57;166801,10;1883704148,00;56475
WINFUT;20/11/2023;12:50:00;166814,29;166860,45;166768,13;166794,51;2198445278,00;65897
WINFUT;20/11/2023;12:45:00;166748,35;166840,67;166695,60;166814,29;3563102303,00;106826
WINFUT;20/11/2023;12:40:00;166761,54;166860,45;166741,76;166754,95;3015069730,00;90379
WINFUT;20/11/2023;12:35:00;166867,04;166919,79;166721,98;166768,13;3366840874,00;100931
WINFUT;20/11/2023;12:30:00;166972,55;166979,14;166801,10;166860,45;4164998705,00;124791
WINFUT;20/11/2023;12:25:00;166972,55;167031,89;166886,82;166965,95;3873898580,00;116010
WINFUT;20/11/2023;12:20:00;167051,67;167130,80;166959,36;166965,95;4979731910,00;149046
WINFUT;20/11/2023;12:15:00;166992,33;167064,86;166926,39;167051,67;3981095379,00;119185
WINFUT;20/11/2023;12:10:00;166860,45;167025,30;166847,26;166992,33;4290975277,00;128503
WINFUT;20/11/2023;12:05:00;166932,98;167005,52;166794,51;166860,45;5314475575,00;159213
WINFUT;20/11/2023;12:00:00;166847,26;166985,73;166695,60;166932,98;6755081203,00;202439
WINFUT;20/11/2023;11:55:00;166629,66;166893,42;166590,10;166847,26;5724885319,00;171671
WINFUT;20/11/2023;11:50:00;166735,16;166814,29;166517,56;166629,66;8234038170,00;247042
WINFUT;20/11/2023;11:45:00;166741,76;166959,36;166695,60;166735,16;1,069294018E10;320492
WINFUT;20/11/2023;11:40:00;166445,03;166847,26;166392,28;166748,35;1,136183222E10;340853
WINFUT;20/11/2023;11:35:00;166319,74;166510,97;166214,24;166451,62;7336216233,00;220471
WINFUT;20/11/2023;11:30:00;166260,40;166445,03;166181,27;166319,74;9552367685,00;287174
WINFUT;20/11/2023;11:25:00;166352,71;166365,90;166247,21;166266,99;3530355287,00;106141
WINFUT;20/11/2023;11:20:00;166365,90;166405,46;166253,80;166352,71;4345534804,00;130622
WINFUT;20/11/2023;11:15:00;166491,19;166530,75;166346,12;166359,31;3984108141,00;119689
WINFUT;20/11/2023;11:10:00;166418,65;166504,37;166293,37;166484,59;5159858980,00;155024
WINFUT;20/11/2023;11:05:00;166379,09;166451,62;166293,37;166418,65;4431008006,00;133169
WINFUT;20/11/2023;11:00:00;166425,25;166669,22;166346,12;166385,68;9049955833,00;271771
WINFUT;20/11/2023;10:55:00;166365,90;166458,22;166326,34;166425,25;3670258098,00;110290
WINFUT;20/11/2023;10:50:00;166431,84;166471,40;166253,80;166365,90;4980353074,00;149701
WINFUT;20/11/2023;10:45:00;166365,90;166451,62;166313,15;166425,25;4787469209,00;143872
WINFUT;20/11/2023;10:40:00;166148,30;166438,43;166148,30;166365,90;6715281292,00;201906
WINFUT;20/11/2023;10:35:00;166049,39;166247,21;165963,67;166148,30;7398182208,00;222695
WINFUT;20/11/2023;10:30:00;166286,77;166293,37;166036,20;166055,98;8392714981,00;252557
WINFUT;20/11/2023;10:25:00;166557,13;166636,25;166253,80;166286,77;7982865293,00;239806
WINFUT;20/11/2023;10:20:00;166563,72;166623,07;166484,59;166557,13;3916582518,00;117573
WINFUT;20/11/2023;10:15:00;166636,25;166649,44;166445,03;166570,31;6238118064,00;187268
WINFUT;20/11/2023;10:10:00;166583,50;166689,01;166517,56;166629,66;5175251955,00;155299
WINFUT;20/11/2023;10:05:00;166550,53;166669,22;166510,97;166590,10;6527925641,00;195922
WINFUT;20/11/2023;10:00:00;166517,56;166596,69;166438,43;166550,53;5544686970,00;166491
WINFUT;20/11/2023;09:55:00;166471,40;166583,50;166471,40;166517,56;4102177589,00;123161
WINFUT;20/11/2023;09:50:00;166332,93;166497,78;166286,77;166478,00;6432066146,00;193267
WINFUT;20/11/2023;09:45:00;166141,71;166332,93;166102,14;166332,93;3405750288,00;102447
WINFUT;20/11/2023;09:40:00;166128,52;166207,65;166102,14;166141,71;2194810917,00;66049
WINFUT;20/11/2023;09:35:00;166154,89;166220,83;166108,74;166128,52;2508238055,00;75474
WINFUT;20/11/2023;09:30:00;166346,12;166352,71;166088,95;166148,30;6043255894,00;181798
WINFUT;20/11/2023;09:25:00;166299,96;166372,50;166247,21;166346,12;2771197283,00;83310
WINFUT;20/11/2023;09:20:00;166359,31;166431,84;166280,18;166299,96;3867527062,00;116242
WINFUT;20/11/2023;09:15:00;166306,56;166385,68;166286,77;166359,31;2133196948,00;64119
WINFUT;20/11/2023;09:10:00;166102,14;166372,50;166055,98;166313,15;4233808393,00;127350
WINFUT;20/11/2023;09:05:00;166174,68;166214,24;166062,58;166108,74;2824012366,00;84991
WINFUT;20/11/2023;09:00:00;166385,68;166418,65;166029,61;166181,27;4579969238,00;137789
WINFUT;17/11/2023;18:20:00;165976,86;166095,55;165937,29;166029,61;1350632592,00;40680
WINFUT;17/11/2023;18:15:00;165891,14;165990,04;165871,35;165976,86;1093518395,00;32952
WINFUT;17/11/2023;18:10:00;165937,29;165937,29;165812,01;165891,14;1273853577,00;38398
WINFUT;17/11/2023;18:05:00;165858,17;165937,29;165825,20;165930,70;1154008696,00;34788
WINFUT;17/11/2023;18:00:00;165864,76;165891,14;165812,01;165858,17;1026820729,00;30955
WINFUT;17/11/2023;17:55:00;165943,89;166016,42;165818,60;165871,35;2890642267,00;87116
WINFUT;17/11/2023;17:50:00;165831,79;165976,86;165792,23;165937,29;2925351930,00;88169
WINFUT;17/11/2023;17:45:00;165937,29;165943,89;165785,63;165838,38;3556930228,00;107229
WINFUT;17/11/2023;17:40:00;165990,04;166016,42;165897,73;165943,89;2619559306,00;78925
WINFUT;17/11/2023;17:35:00;166029,61;166055,98;165930,70;165990,04;3848293365,00;115916
WINFUT;17/11/2023;17:30:00;166240,62;166293,37;165996,64;166036,20;5273763425,00;158718
WINFUT;17/11/2023;17:25:00;166240,62;166326,34;166214,24;166240,62;3227112901,00;97040
WINFUT;17/11/2023;17:20:00;166174,68;166253,80;166161,49;166240,62;1594028277,00;47953
WINFUT;17/11/2023;17:15:00;166174,68;166214,24;166154,89;166181,27;1385112157,00;41674
WINFUT;17/11/2023;17:10:00;166253,80;166273,59;166154,89;166168,08;2469415815,00;74289
WINFUT;17/11/2023;17:05:00;166161,49;166266,99;166141,71;166260,40;2831006817,00;85171
WINFUT;17/11/2023;17:00:00;166108,74;166194,46;166009,83;166154,89;4196018326,00;126295
WINFUT;17/11/2023;16:55:00;166042,80;166187,86;166042,80;166115,33;3435731978,00;103412
WINFUT;17/11/2023;16:50:00;166016,42;166055,98;165976,86;166042,80;2172698063,00;65435
WINFUT;17/11/2023;16:45:00;166102,14;166174,68;165990,04;166023,01;4997776629,00;150463
WINFUT;17/11/2023;16:40:00;165976,86;166108,74;165924,11;166102,14;3824752008,00;115198
WINFUT;17/11/2023;16:35:00;166108,74;166115,33;165937,29;165970,26;4356829128,00;131213
WINFUT;17/11/2023;16:30:00;166326,34;166339,53;166029,61;166108,74;6649291409,00;200090
WINFUT;17/11/2023;16:25:00;166346,12;166398,87;166299,96;166332,93;2257018539,00;67838
WINFUT;17/11/2023;16:20:00;166405,46;166405,46;166260,40;166346,12;3720976977,00;111868
WINFUT;17/11/2023;16:15:00;166412,06;166438,43;166359,31;166405,46;2550842600,00;76649
WINFUT;17/11/2023;16:10:00;166451,62;166491,19;166405,46;166418,65;2587112746,00;77718
WINFUT;17/11/2023;16:05:00;166385,68;166458,22;166319,74;166451,62;3158140423,00;94901
WINFUT;17/11/2023;16:00:00;166339,53;166412,06;166293,37;166385,68;3303294271,00;99281
WINFUT;17/11/2023;15:55:00;166359,31;166372,50;166313,15;166339,53;1987700006,00;59746
WINFUT;17/11/2023;15:50:00;166458,22;166458,22;166313,15;166359,31;3829786243,00;115096
WINFUT;17/11/2023;15:45:00;166550,53;166563,72;166418,65;166451,62;3332534202,00;100089
WINFUT;17/11/2023;15:40:00;166537,34;166629,66;166517,56;166557,13;4148157850,00;124510
WINFUT;17/11/2023;15:35:00;166510,97;166543,94;166471,40;166537,34;2061277072,00;61896
WINFUT;17/11/2023;15:30:00;166524,16;166563,72;166438,43;166510,97;3164414249,00;95031
WINFUT;17/11/2023;15:25:00;166510,97;166576,91;166491,19;166530,75;3061238057,00;91912
WINFUT;17/11/2023;15:20:00;166662,63;166715,38;166504,37;166510,97;4369462184,00;131140
WINFUT;17/11/2023;15:15:00;166642,85;166748,35;166636,25;166662,63;3462318559,00;103859
WINFUT;17/11/2023;15:10:00;166603,28;166675,82;166570,31;166642,85;2759128004,00;82794
WINFUT;17/11/2023;15:05:00;166649,44;166682,41;166596,69;166596,69;2491341971,00;74752
WINFUT;17/11/2023;15:00:00;166537,34;166689,01;166530,75;166649,44;4505037490,00;135185
WINFUT;17/11/2023;14:55:00;166530,75;166563,72;166491,19;166537,34;1987613829,00;59678
WINFUT;17/11/2023;14:50:00;166570,31;166603,28;166510,97;166537,34;1886667132,00;56638
WINFUT;17/11/2023;14:45:00;166550,53;166596,69;166464,81;166563,72;3314794979,00;99525
WINFUT;17/11/2023;14:40:00;166557,13;166603,28;166524,16;166557,13;1747298246,00;52452
WINFUT;17/11/2023;14:35:00;166563,72;166603,28;166510,97;166563,72;2846445706,00;85449
WINFUT;17/11/2023;14:30:00;166464,81;166629,66;166464,81;166563,72;4861046273,00;145931
WINFUT;17/11/2023;14:25:00;166458,22;166484,59;166405,46;166464,81;2931877017,00;88077
WINFUT;17/11/2023;14:20:00;166537,34;166557,13;166431,84;166458,22;4226365495,00;126925
WINFUT;17/11/2023;14:15:00;166392,28;166649,44;166372,50;166530,75;8272794202,00;248395
WINFUT;17/11/2023;14:10:00;166234,02;166412,06;166234,02;166385,68;4062412381,00;122120
WINFUT;17/11/2023;14:05:00;166187,86;166293,37;166161,49;166234,02;3160834176,00;95081
WINFUT;17/11/2023;14:00:00;166121,92;166266,99;166115,33;166194,46;3888842316,00;116994
WINFUT;17/11/2023;13:55:00;166088,95;166161,49;166055,98;166121,92;2227209872,00;67041
WINFUT;17/11/2023;13:50:00;166036,20;166161,49;165996,64;166095,55;4239744459,00;127638
WINFUT;17/11/2023;13:45:00;165957,07;166042,80;165871,35;166042,80;3469713768,00;104538
WINFUT;17/11/2023;13:40:00;165970,26;165990,04;165858,17;165957,07;2956083594,00;89081
WINFUT;17/11/2023;13:35:00;165970,26;166016,42;165924,11;165970,26;2372211825,00;71465
WINFUT;17/11/2023;13:30:00;166069,17;166075,77;165858,17;165963,67;3935975530,00;118588
WINFUT;17/11/2023;13:25:00;166108,74;166115,33;166003,23;166075,77;2363625411,00;71172
WINFUT;17/11/2023;13:20:00;166049,39;166148,30;166036,20;166108,74;2639240307,00;79449
WINFUT;17/11/2023;13:15:00;166055,98;166095,55;165976,86;166049,39;2660607633,00;80122
WINFUT;17/11/2023;13:10:00;166036,20;166141,71;165996,64;166055,98;4333859365,00;130488
WINFUT;17/11/2023;13:05:00;166023,01;166049,39;165871,35;166036,20;5063514272,00;152566
WINFUT;17/11/2023;13:00:00;166102,14;166154,89;165957,07;166023,01;4583227266,00;138013
WINFUT;17/11/2023;12:55:00;166201,05;166220,83;166055,98;166102,14;3138344760,00;94456
WINFUT;17/11/2023;12:50:00;166121,92;166220,83;166108,74;166201,05;2311187011,00;69548
WINFUT;17/11/2023;12:45:00;166161,49;166194,46;166075,77;166121,92;2625198380,00;79008
WINFUT;17/11/2023;12:40:00;166115,33;166207,65;166042,80;166161,49;3540023849,00;106556
WINFUT;17/11/2023;12:35:00;166082,36;166181,27;166069,17;166115,33;3480346816,00;104753
WINFUT;17/11/2023;12:30:00;166234,02;166280,18;166042,80;166088,95;5722128268,00;172176
WINFUT;17/11/2023;12:25:00;166418,65;166425,25;166181,27;166234,02;5628714253,00;169252
WINFUT;17/11/2023;12:20:00;166280,18;166484,59;166247,21;166425,25;6908839508,00;207628
WINFUT;17/11/2023;12:15:00;166161,49;166359,31;166128,52;166286,77;6942009316,00;208774
WINFUT;17/11/2023;12:10:00;166108,74;166174,68;166029,61;166161,49;4795687288,00;144366
WINFUT;17/11/2023;12:05:00;166023,01;166194,46;166003,23;166115,33;5351620844,00;161079
WINFUT;17/11/2023;12:00:00;165996,64;166141,71;165937,29;166016,42;7967682299,00;239914
WINFUT;17/11/2023;11:55:00;165884,54;166023,01;165779,04;165990,04;5863892938,00;176726
WINFUT;17/11/2023;11:50:00;166009,83;166036,20;165864,76;165884,54;5259625988,00;158483
WINFUT;17/11/2023;11:45:00;165996,64;166115,33;165891,14;166003,23;8730955128,00;262993
WINFUT;17/11/2023;11:40:00;165924,11;165996,64;165792,23;165996,64;7878427207,00;237433
WINFUT;17/11/2023;11:35:00;165844,98;165943,89;165699,91;165924,11;7514384612,00;226586
WINFUT;17/11/2023;11:30:00;165581,22;165917,51;165554,84;165844,98;1,031207956E10;311142
WINFUT;17/11/2023;11:25:00;165838,38;165838,38;165548,25;165581,22;6261537348,00;188950
WINFUT;17/11/2023;11:20:00;165877,95;165957,07;165772,44;165831,79;3930578337,00;118484
WINFUT;17/11/2023;11:15:00;165877,95;165910,92;165765,85;165877,95;4064886222,00;122556
WINFUT;17/11/2023;11:10:00;165851,57;165943,89;165818,60;165877,95;3590869330,00;108232
WINFUT;17/11/2023;11:05:00;165844,98;165897,73;165732,88;165844,98;5209350902,00;157092
WINFUT;17/11/2023;11:00:00;165818,60;165996,64;165765,85;165844,98;8965069521,00;270218
WINFUT;17/11/2023;10:55:00;165706,50;165838,38;165660,35;165818,60;5324910995,00;160614
WINFUT;17/11/2023;10:50:00;165772,44;165798,82;165620,78;165706,50;5762083378,00;173868
WINFUT;17/11/2023;10:45:00;165904,32;165937,29;165739,47;165779,04;5048356950,00;152194
WINFUT;17/11/2023;10:40:00;165798,82;165917,51;165666,94;165910,92;7265240417,00;219128
WINFUT;17/11/2023;10:35:00;166042,80;166069,17;165759,26;165792,23;8379068281,00;252517
WINFUT;17/11/2023;10:30:00;165759,26;166049,39;165627,38;166042,80;1,143795251E10;344877
WINFUT;17/11/2023;10:25:00;165877,95;165950,48;165620,78;165752,66;8805033170,00;265541
WINFUT;17/11/2023;10:20:00;166049,39;166069,17;165871,35;165877,95;7065140335,00;212846
WINFUT;17/11/2023;10:15:00;166201,05;166207,65;165963,67;166049,39;7576893009,00;228140
WINFUT;17/11/2023;10:10:00;166187,86;166299,96;166135,11;166201,05;5593740644,00;168268
WINFUT;17/11/2023;10:05:00;166253,80;166365,90;166154,89;166181,27;7668205813,00;230607
WINFUT;17/11/2023;10:00:00;166108,74;166260,40;166102,14;166247,21;6789974562,00;204281
WINFUT;17/11/2023;09:55:00;166069,17;166135,11;166036,20;166115,33;4572336925,00;137649
WINFUT;17/11/2023;09:50:00;165983,45;166095,55;165983,45;166075,77;4943292112,00;148863
WINFUT;17/11/2023;09:45:00;165957,07;166009,83;165891,14;165983,45;4291444714,00;129295
WINFUT;17/11/2023;09:40:00;165884,54;166009,83;165851,57;165963,67;6634150585,00;199901
WINFUT;17/11/2023;09:35:00;165779,04;165897,73;165739,47;165884,54;4337361821,00;130785
WINFUT;17/11/2023;09:30:00;165713,10;165831,79;165601,00;165785,63;6840846799,00;206389
WINFUT;17/11/2023;09:25:00;165568,03;165746,07;165561,44;165713,10;4864277240,00;146811
WINFUT;17/11/2023;09:20:00;165508,68;165587,81;165462,53;165561,44;3548001948,00;107171
WINFUT;17/11/2023;09:15:00;165548,25;165660,35;165469,12;165508,68;4986584164,00;150599
WINFUT;17/11/2023;09:10:00;165627,38;165647,16;165515,28;165541,65;4396363691,00;132759
WINFUT;17/11/2023;09:05:00;165792,23;165851,57;165601,00;165627,38;5446956349,00;164365
WINFUT;17/11/2023;09:00:00;165950,48;166042,80;165719,69;165785,63;6608697731,00;199227
WINFUT;16/11/2023;18:20:00;165844,98;165943,89;165759,26;165943,89;1648556876,00;49698
WINFUT;16/11/2023;18:15:00;165792,23;165904,32;165772,44;165844,98;2540480350,00;76590
WINFUT;16/11/2023;18:10:00;165699,91;165805,41;165693,32;165785,63;2098674708,00;63303
WINFUT;16/11/2023;18:05:00;165772,44;165779,04;165673,53;165699,91;1825434959,00;55075
WINFUT;16/11/2023;18:00:00;165864,76;165871,35;165765,85;165765,85;1284818901,00;38743
WINFUT;16/11/2023;17:55:00;165746,07;165877,95;165732,88;165858,17;2582991284,00;77881
WINFUT;16/11/2023;17:50:00;165772,44;165844,98;165719,69;165752,66;2669630069,00;80516
WINFUT;16/11/2023;17:45:00;165825,20;165877,95;165752,66;165772,44;3663331323,00;110466
WINFUT;16/11/2023;17:40:00;165673,53;165858,17;165660,35;165831,79;4107100534,00;123868
WINFUT;16/11/2023;17:35:00;165627,38;165752,66;165581,22;165680,13;3405029171,00;102766
WINFUT;16/11/2023;17:30:00;165653,75;165686,72;165581,22;165627,38;3331861244,00;100580
WINFUT;16/11/2023;17:25:00;165693,32;165739,47;165647,16;165653,75;2210233198,00;66695
WINFUT;16/11/2023;17:20:00;165713,10;165746,07;165653,75;165699,91;2209061393,00;66663
WINFUT;16/11/2023;17:15:00;165726,29;165746,07;165693,32;165713,10;1803705300,00;54421
WINFUT;16/11/2023;17:10:00;165706,50;165759,26;165693,32;165719,69;2209865372,00;66670
WINFUT;16/11/2023;17:05:00;165719,69;165752,66;165666,94;165713,10;1900025134,00;57332
WINFUT;16/11/2023;17:00:00;165752,66;165759,26;165627,38;165713,10;3082749105,00;93022
WINFUT;16/11/2023;16:55:00;165614,19;165765,85;165601,00;165746,07;3556421992,00;107316
WINFUT;16/11/2023;16:50:00;165772,44;165772,44;165594,41;165620,78;4486173555,00;135403
WINFUT;16/11/2023;16:45:00;165864,76;165864,76;165739,47;165779,04;3479144989,00;104926
WINFUT;16/11/2023;16:40:00;165772,44;165877,95;165759,26;165864,76;3211969327,00;96850
WINFUT;16/11/2023;16:35:00;165706,50;165825,20;165680,13;165765,85;3656446992,00;110294
WINFUT;16/11/2023;16:30:00;165607,59;165752,66;165581,22;165699,91;4030323498,00;121632
WINFUT;16/11/2023;16:25:00;165673,53;165673,53;165535,06;165607,59;3274056540,00;98862
WINFUT;16/11/2023;16:20:00;165693,32;165719,69;165620,78;165680,13;3051611387,00;92100
WINFUT;16/11/2023;16:15:00;165607,59;165713,10;165568,03;165693,32;3596525454,00;108566
WINFUT;16/11/2023;16:10:00;165601,00;165666,94;165554,84;165614,19;3945233802,00;119110
WINFUT;16/11/2023;16:05:00;165515,28;165647,16;165482,31;165601,00;4769102883,00;144012
WINFUT;16/11/2023;16:00:00;165442,75;165554,84;165409,78;165515,28;4444783866,00;134293
WINFUT;16/11/2023;15:55:00;165396,59;165502,09;165389,99;165449,34;3873727492,00;117067
WINFUT;16/11/2023;15:50:00;165225,14;165416,37;165218,55;165396,59;4169209976,00;126071
WINFUT;16/11/2023;15:45:00;165350,43;165370,21;165185,58;165231,74;4955233742,00;149907
WINFUT;16/11/2023;15:40:00;165436,15;165502,09;165337,24;165357,02;4528101805,00;136870
WINFUT;16/11/2023;15:35:00;165475,71;165581,22;165436,15;165436,15;4973066538,00;150232
WINFUT;16/11/2023;15:30:00;165429,56;165528,47;165383,40;165469,12;5190412693,00;156848
WINFUT;16/11/2023;15:25:00;165317,46;165488,90;165317,46;165422,96;5746728690,00;173708
WINFUT;16/11/2023;15:20:00;165251,52;165337,24;165165,80;165324,05;3918427545,00;118564
WINFUT;16/11/2023;15:15:00;165258,11;165357,02;165244,93;165264,71;5778693132,00;174790
WINFUT;16/11/2023;15:10:00;165099,86;165271,30;165014,14;165258,11;5691176030,00;172337
WINFUT;16/11/2023;15:05:00;165218,55;165304,27;165086,67;165099,86;5056120333,00;153028
WINFUT;16/11/2023;15:00:00;165113,05;165271,30;165060,29;165225,14;5113439522,00;154779
WINFUT;16/11/2023;14:55:00;165113,05;165139,42;164981,17;165106,45;5062859575,00;153357
WINFUT;16/11/2023;14:50:00;165165,80;165238,33;165099,86;165113,05;3674432646,00;111234
WINFUT;16/11/2023;14:45:00;165205,36;165258,11;165126,23;165165,80;3758310523,00;113763
WINFUT;16/11/2023;14:40:00;165053,70;165304,27;165020,73;165211,96;7838802963,00;237259
WINFUT;16/11/2023;14:35:00;164994,36;165073,48;164902,04;165053,70;4601174545,00;139434
WINFUT;16/11/2023;14:30:00;165033,92;165093,26;164961,39;165000,95;4021367929,00;121847
WINFUT;16/11/2023;14:25:00;165027,32;165139,42;165007,54;165033,92;4420925546,00;133897
WINFUT;16/11/2023;14:20:00;165047,11;165066,89;164948,20;165027,32;3610431037,00;109401
WINFUT;16/11/2023;14:15:00;164961,39;165093,26;164908,63;165047,11;4972576551,00;150689
WINFUT;16/11/2023;14:10:00;164756,97;165020,73;164717,41;164967,98;7193625161,00;218126
WINFUT;16/11/2023;14:05:00;164671,25;164776,75;164658,06;164763,57;4325139779,00;131290
WINFUT;16/11/2023;14:00:00;164526,18;164677,84;164499,81;164677,84;5459283687,00;165854
WINFUT;16/11/2023;13:55:00;164354,74;164532,78;164321,77;164519,59;3602821765,00;109547
WINFUT;16/11/2023;13:50:00;164394,30;164453,65;164308,58;164354,74;3729711545,00;113447
WINFUT;16/11/2023;13:45:00;164295,39;164499,81;164288,80;164400,90;4732643563,00;143930
WINFUT;16/11/2023;13:40:00;164407,49;164460,24;164222,86;164295,39;4836307913,00;147154
WINFUT;16/11/2023;13:35:00;164539,37;164539,37;164381,12;164414,09;4807016741,00;146150
WINFUT;16/11/2023;13:30:00;164387,71;164592,12;164203,08;164532,78;9564066169,00;290907
WINFUT;16/11/2023;13:25:00;164460,24;164493,21;164341,55;164387,71;5984313239,00;181984
WINFUT;16/11/2023;13:20:00;164743,78;164743,78;164414,09;164466,84;5721837380,00;173848
WINFUT;16/11/2023;13:15:00;164915,23;164921,82;164684,44;164743,78;4400390767,00;133529
WINFUT;16/11/2023;13:10:00;164875,66;164941,60;164776,75;164915,23;4148476786,00;125817
WINFUT;16/11/2023;13:05:00;164902,04;164994,36;164829,51;164875,66;4175991453,00;126607
WINFUT;16/11/2023;13:00:00;164935,01;164941,60;164756,97;164902,04;4373647879,00;132663
WINFUT;16/11/2023;12:55:00;164677,84;164941,60;164644,87;164935,01;4897341288,00;148595
WINFUT;16/11/2023;12:50:00;164737,19;164803,13;164677,84;164684,44;3300759393,00;100180
WINFUT;16/11/2023;12:45:00;164717,41;164789,94;164625,09;164737,19;5058705544,00;153576
WINFUT;16/11/2023;12:40:00;164941,60;164974,57;164697,63;164710,81;5293611945,00;160581
WINFUT;16/11/2023;12:35:00;164710,81;164967,98;164710,81;164948,20;5783950278,00;175412
WINFUT;16/11/2023;12:30:00;164730,60;164862,48;164631,69;164710,81;6785971597,00;205929
WINFUT;16/11/2023;12:25:00;164664,66;164756,97;164598,72;164730,60;4309412459,00;130843
WINFUT;16/11/2023;12:20:00;164486,62;164704,22;164473,43;164671,25;4997654123,00;151847
WINFUT;16/11/2023;12:15:00;164565,75;164651,47;164414,09;164480,03;6214449061,00;188854
WINFUT;16/11/2023;12:10:00;164677,84;164730,60;164539,37;164565,75;5378515809,00;163360
WINFUT;16/11/2023;12:05:00;164585,53;164862,48;164565,75;164677,84;7339037876,00;222738
WINFUT;16/11/2023;12:00:00;164552,56;164677,84;164466,84;164578,93;7509684637,00;228152
WINFUT;16/11/2023;11:55:00;164750,38;164770,16;164519,59;164559,15;6818740347,00;207093
WINFUT;16/11/2023;11:50:00;164915,23;164935,01;164717,41;164750,38;6886469949,00;208900
WINFUT;16/11/2023;11:45:00;165020,73;165159,20;164895,45;164921,82;8861297025,00;268453
WINFUT;16/11/2023;11:40:00;164981,17;165106,45;164862,48;165020,73;7059881664,00;213940
WINFUT;16/11/2023;11:35:00;164822,91;165020,73;164644,87;164981,17;9556402837,00;289869
WINFUT;16/11/2023;11:30:00;164598,72;164842,69;164585,53;164822,91;9498267343,00;288304
WINFUT;16/11/2023;11:25:00;164737,19;164763,57;164519,59;164592,12;7364118234,00;223659
WINFUT;16/11/2023;11:20:00;164625,09;164803,13;164618,50;164730,60;5334860890,00;161938
WINFUT;16/11/2023;11:15:00;164816,32;164974,57;164572,34;164618,50;9541707112,00;289534
WINFUT;16/11/2023;11:10:00;164862,48;165086,67;164783,35;164816,32;6981386180,00;211612
WINFUT;16/11/2023;11:05:00;164803,13;165027,32;164789,94;164862,48;7168032995,00;217344
WINFUT;16/11/2023;11:00:00;165007,54;165066,89;164803,13;164803,13;8851904312,00;268325
WINFUT;16/11/2023;10:55:00;164743,78;165040,51;164730,60;165007,54;8490080249,00;257386
WINFUT;16/11/2023;10:50:00;164855,88;164935,01;164730,60;164743,78;6293911889,00;190911
WINFUT;16/11/2023;10:45:00;164691,03;164921,82;164684,44;164855,88;8199147537,00;248765
WINFUT;16/11/2023;10:40:00;164539,37;164789,94;164513,00;164691,03;7974211010,00;242140
WINFUT;16/11/2023;10:35:00;164585,53;164697,63;164466,84;164539,37;8526168812,00;259041
WINFUT;16/11/2023;10:30:00;164565,75;164948,20;164565,75;164592,12;1,178247249E10;357584
WINFUT;16/11/2023;10:25:00;164288,80;164697,63;164203,08;164572,34;1,046685248E10;318206
WINFUT;16/11/2023;10:20:00;164090,98;164367,93;164064,61;164295,39;1,15539442E10;351777
WINFUT;16/11/2023;10:15:00;163998,67;164110,76;163847,00;164090,98;8633386125,00;263271
WINFUT;16/11/2023;10:10:00;164031,64;164150,33;163926,13;163992,07;5522916684,00;168348
WINFUT;16/11/2023;10:05:00;163800,85;164209,67;163794,25;164025,04;9413865403,00;286968
WINFUT;16/11/2023;10:00:00;163748,09;163919,54;163734,91;163807,44;5508326629,00;168099
WINFUT;16/11/2023;09:55:00;163847,00;163893,16;163741,50;163748,09;3379315074,00;103138
WINFUT;16/11/2023;09:50:00;163939,32;163965,70;163820,63;163840,41;3126561745,00;95380
WINFUT;16/11/2023;09:45:00;163860,19;163978,88;163820,63;163939,32;3698312112,00;112812
WINFUT;16/11/2023;09:40:00;163787,66;163886,57;163708,53;163853,60;3977661974,00;121421
WINFUT;16/11/2023;09:35:00;163814,03;163840,41;163761,28;163781,06;1602616672,00;48919
WINFUT;16/11/2023;09:30:00;163748,09;163847,00;163741,50;163820,63;2347337062,00;71651
WINFUT;16/11/2023;09:25:00;163827,22;163853,60;163734,91;163754,69;2498245549,00;76264
WINFUT;16/11/2023;09:20:00;163814,03;163847,00;163695,34;163833,82;3887885884,00;118696
WINFUT;16/11/2023;09:15:00;163827,22;163945,91;163787,66;163814,03;3570890016,00;108952
WINFUT;16/11/2023;09:10:00;164137,14;164143,73;163781,06;163833,82;8178173061,00;249442
WINFUT;16/11/2023;09:05:00;164288,80;164480,03;164117,36;164143,73;7263389112,00;221098
WINFUT;16/11/2023;09:00:00;164156,92;164480,03;164150,33;164288,80;6567457184,00;199847
WINFUT;14/11/2023;18:20:00;164216,27;164453,65;164189,89;164341,55;1756664639,00;53464
WINFUT;14/11/2023;18:15:00;164011,85;164295,39;163992,07;164216,27;3497012932,00;106515
WINFUT;14/11/2023;18:10:00;164005,26;164058,01;163992,07;164011,85;1433287671,00;43691
WINFUT;14/11/2023;18:05:00;164058,01;164077,79;163959,10;164005,26;1787993700,00;54508
WINFUT;14/11/2023;18:00:00;164090,98;164123,95;164058,01;164064,61;1294555611,00;39447
WINFUT;14/11/2023;17:55:00;164025,04;164117,36;163992,07;164084,39;3094395502,00;94306
WINFUT;14/11/2023;17:50:00;164071,20;164071,20;163972,29;164025,04;3293958590,00;100421
WINFUT;14/11/2023;17:45:00;164051,42;164104,17;164025,04;164077,79;1841896775,00;56133
WINFUT;14/11/2023;17:40:00;164097,57;164110,76;164051,42;164058,01;1840725304,00;56093
WINFUT;14/11/2023;17:35:00;164071,20;164137,14;164025,04;164097,57;2989142300,00;91085
WINFUT;14/11/2023;17:30:00;164011,85;164090,98;163998,67;164071,20;2838377193,00;86504
WINFUT;14/11/2023;17:25:00;163978,88;164025,04;163939,32;164005,26;2055697054,00;62680
WINFUT;14/11/2023;17:20:00;164058,01;164084,39;163952,51;163978,88;2360900581,00;71975
WINFUT;14/11/2023;17:15:00;164064,61;164077,79;163998,67;164058,01;2369977644,00;72238
WINFUT;14/11/2023;17:10:00;163998,67;164143,73;163972,29;164058,01;4557232864,00;138888
WINFUT;14/11/2023;17:05:00;163906,35;164038,23;163893,16;163998,67;2985792447,00;91045
WINFUT;14/11/2023;17:00:00;163919,54;163978,88;163879,97;163906,35;2398366269,00;73153
WINFUT;14/11/2023;16:55:00;163873,38;163939,32;163866,79;163919,54;1491117322,00;45486
WINFUT;14/11/2023;16:50:00;163906,35;163952,51;163853,60;163879,97;2313962859,00;70592
WINFUT;14/11/2023;16:45:00;163893,16;163926,13;163866,79;163906,35;1429482773,00;43609
WINFUT;14/11/2023;16:40:00;163847,00;163932,73;163820,63;163893,16;2485918157,00;75844
WINFUT;14/11/2023;16:35:00;163972,29;163985,48;163820,63;163847,00;3137640386,00;95725
WINFUT;14/11/2023;16:30:00;163912,94;163985,48;163899,76;163972,29;2332248363,00;71127
WINFUT;14/11/2023;16:25:00;163886,57;163959,10;163827,22;163912,94;2950581642,00;90006
WINFUT;14/11/2023;16:20:00;163860,19;163899,76;163827,22;163886,57;1553804544,00;47412
WINFUT;14/11/2023;16:15:00;163886,57;163932,73;163807,44;163866,79;3090560455,00;94298
WINFUT;14/11/2023;16:10:00;163754,69;163893,16;163728,31;163886,57;4023436557,00;122800
WINFUT;14/11/2023;16:05:00;163860,19;163893,16;163675,56;163748,09;5033543793,00;153686
WINFUT;14/11/2023;16:00:00;163926,13;163932,73;163807,44;163853,60;3221330675,00;98297
WINFUT;14/11/2023;15:55:00;163952,51;164005,26;163893,16;163926,13;2977403049,00;90800
WINFUT;14/11/2023;15:50:00;163912,94;164011,85;163879,97;163952,51;4590830201,00;140009
WINFUT;14/11/2023;15:45:00;163853,60;163939,32;163807,44;163912,94;2671794871,00;81518
WINFUT;14/11/2023;15:40:00;163833,82;163893,16;163800,85;163860,19;2544807176,00;77658
WINFUT;14/11/2023;15:35:00;163886,57;163886,57;163781,06;163833,82;2602063223,00;79413
WINFUT;14/11/2023;15:30:00;163853,60;163939,32;163820,63;163886,57;2803999078,00;85548
WINFUT;14/11/2023;15:25:00;163879,97;163939,32;163833,82;163860,19;3464677842,00;105702
WINFUT;14/11/2023;15:20:00;163807,44;163893,16;163781,06;163873,38;2421116367,00;73889
WINFUT;14/11/2023;15:15:00;163787,66;163873,38;163761,28;163814,03;3052417767,00;93159
WINFUT;14/11/2023;15:10:00;163840,41;163860,19;163767,88;163781,06;3655419455,00;111574
WINFUT;14/11/2023;15:05:00;163866,79;163978,88;163833,82;163847,00;4531974134,00;138259
WINFUT;14/11/2023;15:00:00;163701,94;163893,16;163701,94;163866,79;5079119141,00;155018
WINFUT;14/11/2023;14:55:00;163662,37;163754,69;163589,84;163708,53;3974326808,00;121406
WINFUT;14/11/2023;14:50:00;163550,28;163675,56;163537,09;163662,37;4929719336,00;150656
WINFUT;14/11/2023;14:45:00;163451,37;163556,87;163405,21;163550,28;2879153034,00;88059
WINFUT;14/11/2023;14:40:00;163484,34;163543,68;163424,99;163444,77;3080805069,00;94225
WINFUT;14/11/2023;14:35:00;163530,49;163609,62;163457,96;163484,34;4244101946,00;129765
WINFUT;14/11/2023;14:30:00;163411,80;163537,09;163405,21;163530,49;2643866989,00;80869
WINFUT;14/11/2023;14:25:00;163457,96;163563,46;163398,61;163405,21;3490614797,00;106750
WINFUT;14/11/2023;14:20:00;163490,93;163563,46;163418,40;163451,37;2986964329,00;91347
WINFUT;14/11/2023;14:15:00;163504,12;163537,09;163405,21;163490,93;3836863917,00;117359
WINFUT;14/11/2023;14:10:00;163583,25;163629,40;163438,18;163510,71;4402925234,00;134625
WINFUT;14/11/2023;14:05:00;163649,18;163668,97;163563,46;163583,25;3200162113,00;97799
WINFUT;14/11/2023;14:00:00;163629,40;163721,72;163583,25;163642,59;3601214565,00;110029
WINFUT;14/11/2023;13:55:00;163767,88;163787,66;163603,03;163622,81;3390009158,00;103545
WINFUT;14/11/2023;13:50:00;163794,25;163840,41;163701,94;163767,88;3631051614,00;110853
WINFUT;14/11/2023;13:45:00;163820,63;163899,76;163767,88;163800,85;4328029012,00;132084
WINFUT;14/11/2023;13:40:00;163787,66;163873,38;163774,47;163827,22;3253295368,00;99286
WINFUT;14/11/2023;13:35:00;163847,00;163978,88;163774,47;163781,06;4092533423,00;124874
WINFUT;14/11/2023;13:30:00;164031,64;164044,82;163833,82;163847,00;4189241967,00;127792
WINFUT;14/11/2023;13:25:00;164025,04;164044,82;163965,70;164031,64;1890394198,00;57633
WINFUT;14/11/2023;13:20:00;163978,88;164031,64;163919,54;164018,45;2464881225,00;75159
WINFUT;14/11/2023;13:15:00;163939,32;164018,45;163893,16;163978,88;4684997362,00;142869
WINFUT;14/11/2023;13:10:00;163847,00;163965,70;163761,28;163945,91;4455059698,00;135932
WINFUT;14/11/2023;13:05:00;163728,31;163866,79;163701,94;163853,60;3063987137,00;93542
WINFUT;14/11/2023;13:00:00;163682,15;163807,44;163629,40;163734,91;4210579491,00;128584
WINFUT;14/11/2023;12:55:00;163649,18;163728,31;163596,43;163675,56;3056594623,00;93377
WINFUT;14/11/2023;12:50:00;163576,65;163649,18;163530,49;163649,18;2500559776,00;76431
WINFUT;14/11/2023;12:45:00;163616,21;163688,75;163530,49;163576,65;3283318445,00;100329
WINFUT;14/11/2023;12:40:00;163537,09;163636,00;163431,58;163616,21;4089128823,00;125020
WINFUT;14/11/2023;12:35:00;163629,40;163754,69;163490,93;163537,09;5684935324,00;173752
WINFUT;14/11/2023;12:30:00;163860,19;163873,38;163616,21;163629,40;4746294480,00;144944
WINFUT;14/11/2023;12:25:00;163728,31;163912,94;163695,34;163853,60;4546840111,00;138784
WINFUT;14/11/2023;12:20:00;163589,84;163774,47;163556,87;163734,91;4370831551,00;133530
WINFUT;14/11/2023;12:15:00;163781,06;163794,25;163523,90;163596,43;5424025693,00;165742
WINFUT;14/11/2023;12:10:00;163517,31;163787,66;163484,34;163774,47;6710802283,00;205003
WINFUT;14/11/2023;12:05:00;163596,43;163636,00;163378,83;163510,71;6834108802,00;209003
WINFUT;14/11/2023;12:00:00;163847,00;163919,54;163556,87;163596,43;6702074821,00;204676
WINFUT;14/11/2023;11:55:00;163899,76;163959,10;163688,75;163853,60;5636975378,00;172045
WINFUT;14/11/2023;11:50:00;163800,85;163972,29;163682,15;163899,76;8320830615,00;253978
WINFUT;14/11/2023;11:45:00;163800,85;164077,79;163754,69;163800,85;1,0763789E10;328301
WINFUT;14/11/2023;11:40:00;163609,62;163899,76;163457,96;163807,44;8988039452,00;274537
WINFUT;14/11/2023;11:35:00;163504,12;163636,00;163424,99;163603,03;7239553766,00;221347
WINFUT;14/11/2023;11:30:00;163306,30;163543,68;163213,98;163497,52;9850582119,00;301421
WINFUT;14/11/2023;11:25:00;163306,30;163339,27;163141,45;163306,30;5357785610,00;164124
WINFUT;14/11/2023;11:20:00;162956,82;163359,05;162950,22;163312,89;6961689137,00;213359
WINFUT;14/11/2023;11:15:00;162824,94;163002,98;162765,59;162956,82;4929903107,00;151312
WINFUT;14/11/2023;11:10:00;162976,60;162989,79;162673,28;162824,94;6480029997,00;198995
WINFUT;14/11/2023;11:05:00;162838,13;162989,79;162759,00;162976,60;4909155008,00;150685
WINFUT;14/11/2023;11:00:00;162824,94;162983,19;162706,25;162838,13;6061647689,00;186139
WINFUT;14/11/2023;10:55:00;162844,72;163009,57;162732,62;162831,53;5415438328,00;166239
WINFUT;14/11/2023;10:50:00;162871,10;163082,10;162660,09;162844,72;8220852849,00;252373
WINFUT;14/11/2023;10:45:00;163009,57;163200,79;162541,40;162877,69;1,137585058E10;349298
WINFUT;14/11/2023;10:40:00;163398,61;163550,28;162785,37;163009,57;9322299624,00;285679
WINFUT;14/11/2023;10:35:00;163939,32;163952,51;162910,66;163398,61;1,22918563E10;376345
WINFUT;14/11/2023;10:30:00;161090,72;164572,34;160958,84;164572,34;2,398442628E10;738582
WINFUT;14/11/2023;10:25:00;161097,32;161268,76;160958,84;161090,72;6452729328,00;200300
WINFUT;14/11/2023;10:20:00;160945,66;161176,45;160919,28;161097,32;6612830984,00;205287
WINFUT;14/11/2023;10:15:00;160972,03;161024,78;160846,75;160945,66;7104632834,00;220730
WINFUT;14/11/2023;10:10:00;160945,66;161097,32;160932,47;160972,03;7893346559,00;245100
WINFUT;14/11/2023;10:05:00;160774,21;160978,63;160761,03;160945,66;7064884363,00;219569
WINFUT;14/11/2023;10:00:00;160794,00;160945,66;160747,84;160774,21;8201489947,00;254932
WINFUT;14/11/2023;09:55:00;160556,61;160820,37;160543,42;160800,59;5646701238,00;175705
WINFUT;14/11/2023;09:50:00;160517,05;160602,77;160517,05;160563,21;2398357364,00;74682
WINFUT;14/11/2023;09:45:00;160556,61;160589,58;160503,86;160517,05;2141821970,00;66703
WINFUT;14/11/2023;09:40:00;160563,21;160569,80;160510,45;160556,61;1781206803,00;55478
WINFUT;14/11/2023;09:35:00;160477,48;160582,99;160470,89;160563,21;4984354222,00;155250
WINFUT;14/11/2023;09:30:00;160352,20;160490,67;160345,61;160477,48;2692920205,00;83936
WINFUT;14/11/2023;09:25:00;160398,36;160444,51;160339,01;160352,20;2264623326,00;70597
WINFUT;14/11/2023;09:20:00;160451,11;160457,70;160352,20;160398,36;1935017561,00;60319
WINFUT;14/11/2023;09:15:00;160490,67;160497,27;160391,76;160444,51;2431600509,00;75779
WINFUT;14/11/2023;09:10:00;160398,36;160510,45;160358,79;160484,08;3525951523,00;109895
WINFUT;14/11/2023;09:05:00;160681,90;160807,18;160312,64;160398,36;8615792508,00;268317
WINFUT;14/11/2023;09:00:00;160332,42;160708,27;160299,45;160681,90;7288391864,00;227024
WINFUT;13/11/2023;18:20:00;160259,88;160444,51;160253,29;160385,17;1053746942,00;32860
WINFUT;13/11/2023;18:15:00;160246,70;160312,64;160213,73;160259,88;1161696845,00;36244
WINFUT;13/11/2023;18:10:00;160246,70;160292,85;160213,73;160246,70;846502724,40;26413
WINFUT;13/11/2023;18:05:00;160200,54;160371,98;160187,35;160253,29;2105287291,00;65676
WINFUT;13/11/2023;18:00:00;160259,88;160286,26;160180,76;160207,13;1012562234,00;31597
WINFUT;13/11/2023;17:55:00;160273,07;160306,04;160246,70;160259,88;956686276,80;29845
WINFUT;13/11/2023;17:50:00;160253,29;160325,82;160233,51;160273,07;1756059219,00;54783
WINFUT;13/11/2023;17:45:00;160306,04;160385,17;160233,51;160253,29;2767550935,00;86321
WINFUT;13/11/2023;17:40:00;160213,73;160345,61;160207,13;160299,45;2615564049,00;81589
WINFUT;13/11/2023;17:35:00;160233,51;160273,07;160200,54;160207,13;1257382469,00;39234
WINFUT;13/11/2023;17:30:00;160193,94;160273,07;160187,35;160240,10;2031262637,00;63385
WINFUT;13/11/2023;17:25:00;160226,91;160266,48;160154,38;160200,54;1607235148,00;50160
WINFUT;13/11/2023;17:20:00;160220,32;160253,29;160180,76;160226,91;1354799023,00;42280
WINFUT;13/11/2023;17:15:00;160259,88;160273,07;160193,94;160226,91;1347473116,00;42047
WINFUT;13/11/2023;17:10:00;160246,70;160279,67;160180,76;160266,48;1586536971,00;49508
WINFUT;13/11/2023;17:05:00;160279,67;160292,85;160200,54;160246,70;1596700533,00;49821
WINFUT;13/11/2023;17:00:00;160220,32;160299,45;160141,19;160286,26;2991581731,00;93359
WINFUT;13/11/2023;16:55:00;160193,94;160319,23;160167,57;160220,32;2951926033,00;92106
WINFUT;13/11/2023;16:50:00;160226,91;160266,48;160141,19;160193,94;2212314819,00;69050
WINFUT;13/11/2023;16:45:00;160174,16;160266,48;160128,00;160226,91;2913014736,00;90920
WINFUT;13/11/2023;16:40:00;160286,26;160345,61;160167,57;160174,16;3559931502,00;111068
WINFUT;13/11/2023;16:35:00;160141,19;160319,23;160134,60;160292,85;3127484025,00;97577
WINFUT;13/11/2023;16:30:00;160088,44;160306,04;160088,44;160141,19;4927661673,00;153778
WINFUT;13/11/2023;16:25:00;160075,25;160167,57;160042,28;160088,44;2967609021,00;92671
WINFUT;13/11/2023;16:20:00;160035,69;160081,85;159910,40;160075,25;3705730960,00;115809
WINFUT;13/11/2023;16:15:00;160128,00;160167,57;159982,94;160035,69;3634360300,00;113527
WINFUT;13/11/2023;16:10:00;160075,25;160147,79;160048,88;160128,00;2120990735,00;66237
WINFUT;13/11/2023;16:05:00;160141,19;160147,79;159982,94;160075,25;3872630276,00;120985
WINFUT;13/11/2023;16:00:00;160055,47;160180,76;160048,88;160134,60;3005766320,00;93857
WINFUT;13/11/2023;15:55:00;160167,57;160200,54;160029,09;160048,88;2855673803,00;89180
WINFUT;13/11/2023;15:50:00;160279,67;160312,64;160154,38;160167,57;3025364883,00;94416
WINFUT;13/11/2023;15:45:00;160332,42;160352,20;160233,51;160279,67;3115064994,00;97174
WINFUT;13/11/2023;15:40:00;160240,10;160385,17;160147,79;160325,82;5392525605,00;168211
WINFUT;13/11/2023;15:35:00;160015,91;160266,48;159963,15;160240,10;3798293317,00;118626
WINFUT;13/11/2023;15:30:00;159956,56;160062,06;159870,84;160009,31;4159227943,00;130002
WINFUT;13/11/2023;15:25:00;160114,82;160114,82;159949,97;159963,15;3201907027,00;100054
WINFUT;13/11/2023;15:20:00;160048,88;160147,79;160015,91;160114,82;3042838124,00;95048
WINFUT;13/11/2023;15:15:00;160081,85;160128,00;160035,69;160048,88;2681982749,00;83775
WINFUT;13/11/2023;15:10:00;159857,65;160114,82;159785,12;160075,25;4924806804,00;153927
WINFUT;13/11/2023;15:05:00;160002,72;160015,91;159725,77;159851,06;5971052304,00;186772
WINFUT;13/11/2023;15:00:00;159917,00;160042,28;159897,22;160002,72;2573674106,00;80434
WINFUT;13/11/2023;14:55:00;159884,03;160042,28;159864,25;159917,00;4912198270,00;153540
WINFUT;13/11/2023;14:50:00;159785,12;159923,59;159785,12;159877,43;3034514740,00;94913
WINFUT;13/11/2023;14:45:00;159910,40;159956,56;159765,34;159785,12;4446095858,00;139069
WINFUT;13/11/2023;14:40:00;160022,50;160022,50;159824,68;159917,00;4274408134,00;133648
WINFUT;13/11/2023;14:35:00;160015,91;160035,69;159943,37;160015,91;2884210502,00;90138
WINFUT;13/11/2023;14:30:00;160068,66;160075,25;159910,40;160015,91;5081330655,00;158797
WINFUT;13/11/2023;14:25:00;160141,19;160167,57;160042,28;160062,06;3527220702,00;110158
WINFUT;13/11/2023;14:20:00;159936,78;160160,97;159930,18;160141,19;4646521310,00;145153
WINFUT;13/11/2023;14:15:00;159949,97;160048,88;159923,59;159936,78;4488489021,00;140276
WINFUT;13/11/2023;14:10:00;159989,53;160009,31;159725,77;159949,97;8423697868,00;263460
WINFUT;13/11/2023;14:05:00;160075,25;160108,22;159976,34;159989,53;3155599263,00;98587
WINFUT;13/11/2023;14:00:00;160147,79;160187,35;160029,09;160075,25;3712662461,00;115952
WINFUT;13/11/2023;13:55:00;160207,13;160279,67;160108,22;160147,79;4093086983,00;127750
WINFUT;13/11/2023;13:50:00;160273,07;160299,45;160154,38;160207,13;3328030601,00;103863
WINFUT;13/11/2023;13:45:00;160233,51;160325,82;160207,13;160266,48;3888015071,00;121294
WINFUT;13/11/2023;13:40:00;160121,41;160259,88;160088,44;160233,51;4333422160,00;135261
WINFUT;13/11/2023;13:35:00;160035,69;160128,00;159949,97;160121,41;4252051306,00;132838
WINFUT;13/11/2023;13:30:00;160147,79;160154,38;159969,75;160035,69;4192787656,00;130986
WINFUT;13/11/2023;13:25:00;160141,19;160174,16;160055,47;160147,79;3586550618,00;112003
WINFUT;13/11/2023;13:20:00;160312,64;160319,23;160108,22;160134,60;4325255061,00;135011
WINFUT;13/11/2023;13:15:00;160339,01;160352,20;160200,54;160312,64;4372666568,00;136407
WINFUT;13/11/2023;13:10:00;160253,29;160398,36;160246,70;160345,61;5376173278,00;167665
WINFUT;13/11/2023;13:05:00;160075,25;160306,04;160022,50;160259,88;6162335606,00;192362
WINFUT;13/11/2023;13:00:00;160154,38;160207,13;160055,47;160075,25;3142627456,00;98127
WINFUT;13/11/2023;12:55:00;160108,22;160246,70;160101,63;160160,97;4843074539,00;151186
WINFUT;13/11/2023;12:50:00;160055,47;160180,76;160035,69;160108,22;3994398102,00;124732
WINFUT;13/11/2023;12:45:00;160009,31;160121,41;159943,37;160048,88;4753599007,00;148511
WINFUT;13/11/2023;12:40:00;159752,15;160075,25;159719,18;160015,91;5765093609,00;180255
WINFUT;13/11/2023;12:35:00;159811,49;159897,22;159732,37;159752,15;3863543145,00;120875
WINFUT;13/11/2023;12:30:00;159897,22;159936,78;159785,12;159811,49;4410623583,00;137956
WINFUT;13/11/2023;12:25:00;159765,34;159989,53;159752,15;159897,22;5277154463,00;165032
WINFUT;13/11/2023;12:20:00;159851,06;159910,40;159765,34;159765,34;4156712264,00;130024
WINFUT;13/11/2023;12:15:00;159745,55;159884,03;159699,40;159857,65;5487719030,00;171724
WINFUT;13/11/2023;12:10:00;159719,18;159778,52;159653,24;159752,15;4398735814,00;137709
WINFUT;13/11/2023;12:05:00;159646,64;159725,77;159567,52;159719,18;4433556117,00;138859
WINFUT;13/11/2023;12:00:00;159494,98;159686,21;159396,07;159653,24;8247042578,00;258472
WINFUT;13/11/2023;11:55:00;159455,42;159580,70;159448,82;159488,39;5368372349,00;168268
WINFUT;13/11/2023;11:50:00;159705,99;159824,68;159442,23;159462,01;9479742186,00;296916
WINFUT;13/11/2023;11:45:00;159864,25;159890,62;159679,61;159705,99;5867146478,00;183596
WINFUT;13/11/2023;11:40:00;159811,49;159956,56;159752,15;159857,65;7218332694,00;225765
WINFUT;13/11/2023;11:35:00;159574,11;159837,87;159508,17;159811,49;8831684065,00;276541
WINFUT;13/11/2023;11:30:00;159936,78;159982,94;159521,36;159580,70;1,265681626E10;396198
WINFUT;13/11/2023;11:25:00;160029,09;160062,06;159923,59;159936,78;3931868194,00;122878
WINFUT;13/11/2023;11:20:00;159897,22;160048,88;159798,31;160029,09;8265912750,00;258474
WINFUT;13/11/2023;11:15:00;160134,60;160154,38;159884,03;159890,62;5375102465,00;167947
WINFUT;13/11/2023;11:10:00;160029,09;160147,79;159949,97;160141,19;5242831960,00;163786
WINFUT;13/11/2023;11:05:00;159976,34;160088,44;159963,15;160029,09;4151562517,00;129710
WINFUT;13/11/2023;11:00:00;159989,53;160048,88;159884,03;159976,34;6052671680,00;189178
WINFUT;13/11/2023;10:55:00;159890,62;160002,72;159811,49;159996,12;5089196390,00;159124
WINFUT;13/11/2023;10:50:00;159943,37;159989,53;159791,71;159890,62;7157616648,00;223821
WINFUT;13/11/2023;10:45:00;159705,99;159963,15;159692,80;159943,37;5982763915,00;187132
WINFUT;13/11/2023;10:40:00;159785,12;159851,06;159653,24;159705,99;7251272573,00;226968
WINFUT;13/11/2023;10:35:00;160213,73;160240,10;159758,74;159791,71;1,197510589E10;374375
WINFUT;13/11/2023;10:30:00;159884,03;160220,32;159837,87;160213,73;9449711956,00;295221
WINFUT;13/11/2023;10:25:00;160042,28;160121,41;159837,87;159884,03;7682213162,00;240128
WINFUT;13/11/2023;10:20:00;160035,69;160220,32;159996,12;160048,88;7575750997,00;236585
WINFUT;13/11/2023;10:15:00;160095,03;160114,82;159870,84;160042,28;1,03324816E10;322908
WINFUT;13/11/2023;10:10:00;160128,00;160259,88;160068,66;160095,03;7831447120,00;244479
WINFUT;13/11/2023;10:05:00;160147,79;160187,35;159930,18;160128,00;8766997524,00;273855
WINFUT;13/11/2023;10:00:00;160055,47;160174,16;159982,94;160147,79;5817786418,00;181698
WINFUT;13/11/2023;09:55:00;159976,34;160095,03;159930,18;160055,47;3560563176,00;111259
WINFUT;13/11/2023;09:50:00;160009,31;160081,85;159917,00;159969,75;5739453218,00;179349
WINFUT;13/11/2023;09:45:00;160029,09;160055,47;159982,94;160009,31;1895816499,00;59238
WINFUT;13/11/2023;09:40:00;160022,50;160042,28;159989,53;160035,69;1338053934,00;41810
WINFUT;13/11/2023;09:35:00;160022,50;160068,66;159982,94;160022,50;2529597074,00;79035
WINFUT;13/11/2023;09:30:00;160022,50;160068,66;160002,72;160022,50;2142168455,00;66929
WINFUT;13/11/2023;09:25:00;160075,25;160095,03;160002,72;160022,50;2566938383,00;80195
WINFUT;13/11/2023;09:20:00;160180,76;160187,35;160015,91;160068,66;5122005657,00;159990
WINFUT;13/11/2023;09:15:00;160187,35;160226,91;160088,44;160180,76;3329884963,00;103956
WINFUT;13/11/2023;09:10:00;160167,57;160213,73;160088,44;160187,35;3535581582,00;110379
WINFUT;13/11/2023;09:05:00;160253,29;160266,48;160134,60;160167,57;3499088201,00;109216
WINFUT;13/11/2023;09:00:00;160306,04;160391,76;160193,94;160259,88;5243239812,00;163544
WINFUT;10/11/2023;18:20:00;160655,52;160774,21;160582,99;160695,09;1420975160,00;44221
WINFUT;10/11/2023;18:15:00;160602,77;160721,46;160596,18;160662,12;1508963699,00;46962
WINFUT;10/11/2023;18:10:00;160582,99;160642,33;160576,39;160602,77;1064544784,00;33140
WINFUT;10/11/2023;18:05:00;160609,36;160642,33;160517,05;160589,58;1349443824,00;42022
WINFUT;10/11/2023;18:00:00;160642,33;160688,49;160589,58;160609,36;1329052717,00;41367
WINFUT;10/11/2023;17:55:00;160543,42;160655,52;160536,83;160635,74;1915835767,00;59643
WINFUT;10/11/2023;17:50:00;160602,77;160629,15;160536,83;160536,83;1604350449,00;49955
WINFUT;10/11/2023;17:45:00;160602,77;160648,93;160556,61;160602,77;2142356103,00;66700
WINFUT;10/11/2023;17:40:00;160668,71;160701,68;160596,18;160609,36;2271028220,00;70683
WINFUT;10/11/2023;17:35:00;160596,18;160734,65;160563,21;160675,30;3295365197,00;102554
WINFUT;10/11/2023;17:30:00;160563,21;160675,30;160530,24;160596,18;3517752516,00;109518
WINFUT;10/11/2023;17:25:00;160477,48;160589,58;160431,33;160569,80;2402813642,00;74852
WINFUT;10/11/2023;17:20:00;160470,89;160517,05;160451,11;160477,48;3021153445,00;94126
WINFUT;10/11/2023;17:15:00;160352,20;160484,08;160306,04;160470,89;2767686435,00;86279
WINFUT;10/11/2023;17:10:00;160358,79;160385,17;160286,26;160352,20;1718902759,00;53603
WINFUT;10/11/2023;17:05:00;160365,39;160371,98;160266,48;160358,79;2275312874,00;70960
WINFUT;10/11/2023;17:00:00;160332,42;160385,17;160226,91;160365,39;3425781469,00;106847
WINFUT;10/11/2023;16:55:00;160253,29;160345,61;160200,54;160332,42;3344636512,00;104347
WINFUT;10/11/2023;16:50:00;160371,98;160464,30;160207,13;160259,88;6280461610,00;195852
WINFUT;10/11/2023;16:45:00;160391,76;160404,95;160253,29;160371,98;3882503428,00;121081
WINFUT;10/11/2023;16:40:00;160451,11;160464,30;160352,20;160391,76;2417265263,00;75348
WINFUT;10/11/2023;16:35:00;160503,86;160523,64;160371,98;160451,11;3191480204,00;99459
WINFUT;10/11/2023;16:30:00;160536,83;160629,15;160464,30;160503,86;3684053178,00;114735
WINFUT;10/11/2023;16:25:00;160589,58;160596,18;160484,08;160543,42;2699250981,00;84071
WINFUT;10/11/2023;16:20:00;160609,36;160675,30;160550,02;160596,18;2453025105,00;76364
WINFUT;10/11/2023;16:15:00;160589,58;160642,33;160563,21;160615,96;1885515574,00;58699
WINFUT;10/11/2023;16:10:00;160490,67;160681,90;160490,67;160596,18;4178500173,00;130099
WINFUT;10/11/2023;16:05:00;160530,24;160569,80;160424,73;160497,27;3046368330,00;94912
WINFUT;10/11/2023;16:00:00;160556,61;160615,96;160497,27;160523,64;3215135420,00;100134
WINFUT;10/11/2023;15:55:00;160596,18;160668,71;160543,42;160550,02;2909096623,00;90571
WINFUT;10/11/2023;15:50:00;160582,99;160668,71;160563,21;160596,18;3678969404,00;114530
WINFUT;10/11/2023;15:45:00;160484,08;160602,77;160464,30;160582,99;3422881025,00;106612
WINFUT;10/11/2023;15:40:00;160517,05;160582,99;160424,73;160484,08;4172795467,00;129995
WINFUT;10/11/2023;15:35:00;160477,48;160530,24;160404,95;160517,05;3812400776,00;118789
WINFUT;10/11/2023;15:30:00;160609,36;160675,30;160451,11;160477,48;4209440552,00;131085
WINFUT;10/11/2023;15:25:00;160576,39;160688,49;160556,61;160609,36;4331006366,00;134818
WINFUT;10/11/2023;15:20:00;160444,51;160602,77;160411,54;160569,80;4180985800,00;130231
WINFUT;10/11/2023;15:15:00;160431,33;160490,67;160286,26;160451,11;6955342784,00;216838
WINFUT;10/11/2023;15:10:00;160510,45;160536,83;160411,54;160424,73;3937809369,00;122692
WINFUT;10/11/2023;15:05:00;160622,55;160648,93;160497,27;160517,05;3384563899,00;105388
WINFUT;10/11/2023;15:00:00;160642,33;160734,65;160602,77;160622,55;3099174577,00;96446
WINFUT;10/11/2023;14:55:00;160800,59;160820,37;160602,77;160642,33;4186200184,00;130260
WINFUT;10/11/2023;14:50:00;160794,00;160846,75;160708,27;160800,59;3800768635,00;118199
WINFUT;10/11/2023;14:45:00;160774,21;160840,15;160688,49;160794,00;4375769352,00;136095
WINFUT;10/11/2023;14:40:00;160826,97;160906,09;160761,03;160774,21;6458217107,00;200780
WINFUT;10/11/2023;14:35:00;160589,58;160873,12;160576,39;160833,56;8801015328,00;273782
WINFUT;10/11/2023;14:30:00;160457,70;160596,18;160444,51;160582,99;3794505546,00;118184
WINFUT;10/11/2023;14:25:00;160477,48;160510,45;160404,95;160457,70;2486123143,00;77476
WINFUT;10/11/2023;14:20:00;160576,39;160609,36;160424,73;160477,48;4235545301,00;131949
WINFUT;10/11/2023;14:15:00;160582,99;160675,30;160556,61;160576,39;2511074304,00;78174
WINFUT;10/11/2023;14:10:00;160642,33;160701,68;160556,61;160589,58;3289235847,00;102388
WINFUT;10/11/2023;14:05:00;160556,61;160701,68;160530,24;160635,74;4238425634,00;131936
WINFUT;10/11/2023;14:00:00;160418,14;160596,18;160411,54;160563,21;3986258438,00;124166
WINFUT;10/11/2023;13:55:00;160530,24;160550,02;160391,76;160418,14;3337875029,00;104008
WINFUT;10/11/2023;13:50:00;160543,42;160635,74;160510,45;160523,64;3328304374,00;103643
WINFUT;10/11/2023;13:45:00;160642,33;160681,90;160543,42;160550,02;3541856766,00;110257
WINFUT;10/11/2023;13:40:00;160490,67;160675,30;160484,08;160648,93;5738972591,00;178677
WINFUT;10/11/2023;13:35:00;160371,98;160556,61;160352,20;160490,67;5602347124,00;174556
WINFUT;10/11/2023;13:30:00;160424,73;160464,30;160358,79;160365,39;2580204954,00;80425
WINFUT;10/11/2023;13:25:00;160391,76;160431,33;160325,82;160424,73;2237480111,00;69755
WINFUT;10/11/2023;13:20:00;160398,36;160444,51;160332,42;160398,36;2047998370,00;63844
WINFUT;10/11/2023;13:15:00;160358,79;160437,92;160292,85;160404,95;3656823644,00;114007
WINFUT;10/11/2023;13:10:00;160292,85;160391,76;160246,70;160352,20;3362764917,00;104873
WINFUT;10/11/2023;13:05:00;160385,17;160457,70;160286,26;160299,45;4383151500,00;136648
WINFUT;10/11/2023;13:00:00;160385,17;160464,30;160253,29;160378,57;6408764299,00;199828
WINFUT;10/11/2023;12:55:00;160306,04;160411,54;160253,29;160385,17;3489844955,00;108829
WINFUT;10/11/2023;12:50:00;160286,26;160365,39;160213,73;160306,04;4475660109,00;139606
WINFUT;10/11/2023;12:45:00;160081,85;160418,14;159996,12;160286,26;9422610729,00;294010
WINFUT;10/11/2023;12:40:00;160114,82;160200,54;160029,09;160081,85;4667998531,00;145776
WINFUT;10/11/2023;12:35:00;160042,28;160207,13;159976,34;160114,82;4758050872,00;148596
WINFUT;10/11/2023;12:30:00;160029,09;160101,63;159943,37;160035,69;4077947244,00;127418
WINFUT;10/11/2023;12:25:00;160042,28;160075,25;159890,62;160029,09;4904257090,00;153277
WINFUT;10/11/2023;12:20:00;160128,00;160200,54;160029,09;160042,28;4744398859,00;148157
WINFUT;10/11/2023;12:15:00;160081,85;160154,38;159976,34;160128,00;4405819255,00;137620
WINFUT;10/11/2023;12:10:00;159956,56;160134,60;159844,46;160088,44;5678056550,00;177429
WINFUT;10/11/2023;12:05:00;159877,43;160160,97;159837,87;159963,15;8537051244,00;266785
WINFUT;10/11/2023;12:00:00;159989,53;160002,72;159705,99;159877,43;9180974716,00;287224
WINFUT;10/11/2023;11:55:00;160035,69;160068,66;159936,78;159989,53;4333093914,00;135407
WINFUT;10/11/2023;11:50:00;160141,19;160160,97;159989,53;160042,28;5234154544,00;163510
WINFUT;10/11/2023;11:45:00;160134,60;160207,13;160062,06;160141,19;8122725096,00;253613
WINFUT;10/11/2023;11:40:00;160015,91;160134,60;159851,06;160134,60;8235428152,00;257361
WINFUT;10/11/2023;11:35:00;159778,52;160055,47;159725,77;160009,31;7692310808,00;240577
WINFUT;10/11/2023;11:30:00;160029,09;160081,85;159692,80;159771,93;1,014200346E10;317203
WINFUT;10/11/2023;11:25:00;159890,62;160068,66;159851,06;160029,09;5223665420,00;163255
WINFUT;10/11/2023;11:20:00;159976,34;160068,66;159857,65;159890,62;6200920166,00;193837
WINFUT;10/11/2023;11:15:00;160022,50;160035,69;159831,28;159976,34;6647674964,00;207823
WINFUT;10/11/2023;11:10:00;159778,52;160035,69;159732,37;160015,91;6896001351,00;215651
WINFUT;10/11/2023;11:05:00;159804,90;159831,28;159699,40;159778,52;3992026619,00;124938
WINFUT;10/11/2023;11:00:00;159785,12;159884,03;159633,46;159804,90;6711079824,00;210032
WINFUT;10/11/2023;10:55:00;159857,65;160015,91;159732,37;159785,12;7136785847,00;223196
WINFUT;10/11/2023;10:50:00;159758,74;159989,53;159745,55;159864,25;8622797363,00;269676
WINFUT;10/11/2023;10:45:00;159725,77;159791,71;159554,33;159765,34;5714109016,00;178929
WINFUT;10/11/2023;10:40:00;159646,64;159778,52;159527,95;159725,77;7728598093,00;242015
WINFUT;10/11/2023;10:35:00;159811,49;159884,03;159580,70;159646,64;7818373446,00;244716
WINFUT;10/11/2023;10:30:00;159699,40;159857,65;159633,46;159818,09;8114199037,00;253950
WINFUT;10/11/2023;10:25:00;159442,23;159745,55;159369,70;159705,99;8713377001,00;273021
WINFUT;10/11/2023;10:20:00;159626,86;159686,21;159402,67;159442,23;8648199544,00;271013
WINFUT;10/11/2023;10:15:00;159356,51;159725,77;159303,76;159633,46;1,266457177E10;396962
WINFUT;10/11/2023;10:10:00;159448,82;159541,14;159178,47;159356,51;1,081218156E10;339236
WINFUT;10/11/2023;10:05:00;159310,35;159462,01;159231,22;159448,82;7118682901,00;223396
WINFUT;10/11/2023;10:00:00;159448,82;159462,01;159310,35;159310,35;5266993385,00;165231
WINFUT;10/11/2023;09:55:00;159462,01;159481,79;159376,29;159448,82;2852394034,00;89462
WINFUT;10/11/2023;09:50:00;159448,82;159508,17;159415,86;159455,42;2195287065,00;68835
WINFUT;10/11/2023;09:45:00;159527,95;159534,55;159396,07;159448,82;3410811955,00;106951
WINFUT;10/11/2023;09:40:00;159435,64;159534,55;159429,04;159521,36;3074040975,00;96376
WINFUT;10/11/2023;09:35:00;159541,14;159613,67;159409,26;159435,64;5619951304,00;176173
WINFUT;10/11/2023;09:30:00;159389,48;159547,73;159376,29;159541,14;5751269847,00;180340
WINFUT;10/11/2023;09:25:00;159277,38;159402,67;159251,01;159396,07;5270374171,00;165388
WINFUT;10/11/2023;09:20:00;159204,85;159303,76;159185,07;159283,98;3676349898,00;115423
WINFUT;10/11/2023;09:15:00;159224,63;159237,82;158914,71;159198,25;6651808241,00;209046
WINFUT;10/11/2023;09:10:00;159099,34;159264,19;159072,97;159224,63;3883147370,00;121983
WINFUT;10/11/2023;09:05:00;159046,59;159165,28;158908,12;159092,75;5278919408,00;165954
WINFUT;10/11/2023;09:00:00;158974,06;159376,29;158664,14;159046,59;1,047778631E10;329398
WINFUT;09/11/2023;18:20:00;158406,98;158644,36;158406,98;158644,36;993087842,00;31324
WINFUT;09/11/2023;18:15:00;158406,98;158446,54;158341,04;158406,98;1081658278,00;34145
WINFUT;09/11/2023;18:10:00;158380,60;158420,17;158321,26;158413,57;887442805,60;28017
WINFUT;09/11/2023;18:05:00;158393,79;158466,32;158354,23;158367,41;1073185494,00;33876
WINFUT;09/11/2023;18:00:00;158466,32;158466,32;158341,04;158393,79;1142247467,00;36058
WINFUT;09/11/2023;17:55:00;158472,92;158499,29;158387,20;158466,32;1863642365,00;58812
WINFUT;09/11/2023;17:50:00;158552,04;158657,55;158446,54;158466,32;3015726894,00;95091
WINFUT;09/11/2023;17:45:00;158406,98;158565,23;158367,41;158545,45;2047123361,00;64584
WINFUT;09/11/2023;17:40:00;158367,41;158433,35;158314,66;158406,98;1968613540,00;62153
WINFUT;09/11/2023;17:35:00;158499,29;158552,04;158327,85;158367,41;2402083295,00;75804
WINFUT;09/11/2023;17:30:00;158466,32;158611,39;158380,60;158499,29;3309717625,00;104424
WINFUT;09/11/2023;17:25:00;158433,35;158578,42;158387,20;158459,73;3217289938,00;101494
WINFUT;09/11/2023;17:20:00;158486,11;158525,67;158374,01;158426,76;2942266098,00;92848
WINFUT;09/11/2023;17:15:00;158532,26;158631,17;158426,76;158479,51;3159629384,00;99663
WINFUT;09/11/2023;17:10:00;158321,26;158670,74;158314,66;158532,26;6140318639,00;193655
WINFUT;09/11/2023;17:05:00;158136,62;158545,45;158083,87;158314,66;8797382663,00;277846
WINFUT;09/11/2023;17:00:00;157998,15;158156,41;157628,89;158130,03;8440932961,00;267348
WINFUT;09/11/2023;16:55:00;157892,65;158037,72;157853,08;157998,15;4141342444,00;131090
WINFUT;09/11/2023;16:50:00;158103,65;158110,25;157839,90;157892,65;4759376118,00;150638
WINFUT;09/11/2023;16:45:00;157938,81;158116,84;157853,08;158110,25;6033253481,00;190957
WINFUT;09/11/2023;16:40:00;158235,53;158261,91;157820,11;157938,81;7084657919,00;224235
WINFUT;09/11/2023;16:35:00;158308,07;158347,63;158017,93;158235,53;6594319077,00;208482
WINFUT;09/11/2023;16:30:00;158472,92;158512,48;158248,72;158314,66;4665784329,00;147315
WINFUT;09/11/2023;16:25:00;158169,59;158492,70;158136,62;158472,92;6107464749,00;192808
WINFUT;09/11/2023;16:20:00;158103,65;158360,82;158083,87;158163,00;7388605549,00;233489
WINFUT;09/11/2023;16:15:00;158505,89;158512,48;158050,90;158103,65;9114164016,00;287925
WINFUT;09/11/2023;16:10:00;158703,71;158716,89;158472,92;158505,89;6426747147,00;202634
WINFUT;09/11/2023;16:05:00;158782,83;158861,96;158585,01;158710,30;7572270870,00;238543
WINFUT;09/11/2023;16:00:00;159072,97;159072,97;158624,58;158789,43;1,008138084E10;317403
WINFUT;09/11/2023;15:55:00;159099,34;159204,85;159020,22;159066,37;3962918282,00;124533
WINFUT;09/11/2023;15:50:00;159072,97;159158,69;159020,22;159092,75;3651608958,00;114775
WINFUT;09/11/2023;15:45:00;158960,87;159099,34;158941,09;159066,37;3497176745,00;109962
WINFUT;09/11/2023;15:40:00;159046,59;159138,91;158888,34;158954,28;5084551561,00;159892
WINFUT;09/11/2023;15:35:00;159158,69;159178,47;159000,43;159040,00;3721104589,00;116943
WINFUT;09/11/2023;15:30:00;159204,85;159218,04;158947,68;159158,69;7155602729,00;224927
WINFUT;09/11/2023;15:25:00;159257,60;159330,13;159152,10;159204,85;5218540131,00;163860
WINFUT;09/11/2023;15:20:00;159218,04;159356,51;159066,37;159257,60;7672851381,00;240953
WINFUT;09/11/2023;15:15:00;159020,22;159244,41;158763,05;159218,04;1,079519674E10;339459
WINFUT;09/11/2023;15:10:00;158334,44;159053,19;158202,56;159020,22;1,319668441E10;415953
WINFUT;09/11/2023;15:05:00;158677,33;158690,52;158163,00;158334,44;1,279332183E10;403815
WINFUT;09/11/2023;15:00:00;159343,32;159402,67;158433,35;158683,92;1,772114661E10;558004
WINFUT;09/11/2023;14:55:00;159343,32;159409,26;159277,38;159343,32;4436268010,00;139203
WINFUT;09/11/2023;14:50:00;159323,54;159475,20;159297,16;159349,92;5334872814,00;167352
WINFUT;09/11/2023;14:45:00;159224,63;159376,29;159218,04;159323,54;4059575432,00;127415
WINFUT;09/11/2023;14:40:00;159283,98;159349,92;159211,44;159218,04;4859634582,00;152549
WINFUT;09/11/2023;14:35:00;159369,70;159429,04;159257,60;159283,98;5079592817,00;159391
WINFUT;09/11/2023;14:30:00;159455,42;159475,20;159303,76;159369,70;5830398524,00;182895
WINFUT;09/11/2023;14:25:00;159613,67;159620,27;159429,04;159462,01;5648428809,00;177058
WINFUT;09/11/2023;14:20:00;159626,86;159732,37;159613,67;159620,27;3134105641,00;98145
WINFUT;09/11/2023;14:15:00;159732,37;159745,55;159587,30;159626,86;3580611147,00;112128
WINFUT;09/11/2023;14:10:00;159798,31;159831,28;159640,05;159732,37;4319220549,00;135216
WINFUT;09/11/2023;14:05:00;159771,93;159844,46;159752,15;159798,31;2443313320,00;76447
WINFUT;09/11/2023;14:00:00;159752,15;159811,49;159679,61;159778,52;3526196870,00;110371
WINFUT;09/11/2023;13:55:00;159831,28;159877,43;159732,37;159745,55;3184808161,00;99662
WINFUT;09/11/2023;13:50:00;159910,40;159923,59;159791,71;159831,28;3583699989,00;112100
WINFUT;09/11/2023;13:45:00;159963,15;159996,12;159877,43;159910,40;3524779238,00;110194
WINFUT;09/11/2023;13:40:00;159804,90;159976,34;159758,74;159956,56;3016510547,00;94340
WINFUT;09/11/2023;13:35:00;159857,65;159897,22;159765,34;159811,49;2643688191,00;82705
WINFUT;09/11/2023;13:30:00;159785,12;159877,43;159778,52;159857,65;2243385582,00;70181
WINFUT;09/11/2023;13:25:00;159890,62;159897,22;159758,74;159785,12;3687485140,00;115365
WINFUT;09/11/2023;13:20:00;159943,37;159982,94;159857,65;159890,62;2983530030,00;93279
WINFUT;09/11/2023;13:15:00;159791,71;159963,15;159778,52;159943,37;3401499848,00;106365
WINFUT;09/11/2023;13:10:00;159738,96;159890,62;159732,37;159785,12;4196409799,00;131279
WINFUT;09/11/2023;13:05:00;159574,11;159778,52;159567,52;159738,96;4928618776,00;154320
WINFUT;09/11/2023;13:00:00;159686,21;159692,80;159534,55;159574,11;4175963377,00;130813
WINFUT;09/11/2023;12:55:00;159791,71;159818,09;159640,05;159686,21;4283336998,00;134087
WINFUT;09/11/2023;12:50:00;159778,52;159976,34;159765,34;159798,31;4921215174,00;153901
WINFUT;09/11/2023;12:45:00;159897,22;159930,18;159738,96;159778,52;4166222906,00;130327
WINFUT;09/11/2023;12:40:00;159877,43;159910,40;159686,21;159897,22;5173483641,00;161886
WINFUT;09/11/2023;12:35:00;159917,00;160022,50;159785,12;159870,84;5750125839,00;179815
WINFUT;09/11/2023;12:30:00;159903,81;159989,53;159785,12;159917,00;5104132049,00;159611
WINFUT;09/11/2023;12:25:00;159903,81;160022,50;159837,87;159897,22;6385024621,00;199620
WINFUT;09/11/2023;12:20:00;159679,61;159923,59;159659,83;159897,22;4814956111,00;150653
WINFUT;09/11/2023;12:15:00;159719,18;159837,87;159626,86;159679,61;5093779730,00;159446
WINFUT;09/11/2023;12:10:00;159785,12;159831,28;159659,83;159712,58;4663456857,00;145976
WINFUT;09/11/2023;12:05:00;159771,93;159903,81;159626,86;159785,12;7847395881,00;245586
WINFUT;09/11/2023;12:00:00;160121,41;160134,60;159745,55;159765,34;8643985677,00;270266
WINFUT;09/11/2023;11:55:00;160035,69;160187,35;159996,12;160114,82;5615479199,00;175369
WINFUT;09/11/2023;11:50:00;160009,31;160141,19;159903,81;160035,69;7104368817,00;221944
WINFUT;09/11/2023;11:45:00;160055,47;160068,66;159923,59;160009,31;5956811827,00;186148
WINFUT;09/11/2023;11:40:00;159758,74;160081,85;159705,99;160048,88;9744443647,00;304653
WINFUT;09/11/2023;11:35:00;159897,22;159949,97;159725,77;159758,74;7968127921,00;249270
WINFUT;09/11/2023;11:30:00;159673,02;159923,59;159626,86;159897,22;1,027504904E10;321571
WINFUT;09/11/2023;11:25:00;159475,20;159679,61;159442,23;159673,02;5260603173,00;164845
WINFUT;09/11/2023;11:20:00;159547,73;159633,46;159462,01;159468,61;5592061279,00;175230
WINFUT;09/11/2023;11:15:00;159712,58;159785,12;159534,55;159554,33;9366656027,00;293317
WINFUT;09/11/2023;11:10:00;159244,41;159798,31;159224,63;159719,18;1,284880693E10;402702
WINFUT;09/11/2023;11:05:00;159237,82;159363,10;159105,94;159251,01;7805098339,00;245063
WINFUT;09/11/2023;11:00:00;159053,19;159237,82;159033,40;159237,82;5848525811,00;183776
WINFUT;09/11/2023;10:55:00;159231,22;159244,41;159026,81;159053,19;6709119572,00;210813
WINFUT;09/11/2023;10:50:00;159290,57;159396,07;159165,28;159237,82;8109208580,00;254557
WINFUT;09/11/2023;10:45:00;159053,19;159310,35;158987,25;159297,16;7562190452,00;237575
WINFUT;09/11/2023;10:40:00;159185,07;159264,19;158941,09;159046,59;1,003931824E10;315471
WINFUT;09/11/2023;10:35:00;158875,15;159198,25;158868,56;159178,47;8033119932,00;252478
WINFUT;09/11/2023;10:30:00;159013,62;159125,72;158828,99;158875,15;8769819651,00;275847
WINFUT;09/11/2023;10:25:00;159059,78;159138,91;158967,47;159013,62;4848749881,00;152433
WINFUT;09/11/2023;10:20:00;158974,06;159224,63;158921,31;159066,37;1,029254215E10;323500
WINFUT;09/11/2023;10:15:00;159066,37;159072,97;158861,96;158974,06;1,056698556E10;332374
WINFUT;09/11/2023;10:10:00;159283,98;159316,95;159066,37;159066,37;8894457412,00;279410
WINFUT;09/11/2023;10:05:00;159231,22;159455,42;159185,07;159277,38;8852692898,00;277825
WINFUT;09/11/2023;10:00:00;159396,07;159429,04;159185,07;159237,82;7053484942,00;221365
WINFUT;09/11/2023;09:55:00;159448,82;159462,01;159363,10;159396,07;3344263089,00;104888
WINFUT;09/11/2023;09:50:00;159297,16;159488,39;159297,16;159455,42;5921549663,00;185735
WINFUT;09/11/2023;09:45:00;159257,60;159323,54;159237,82;159297,16;3543805592,00;111241
WINFUT;09/11/2023;09:40:00;159165,28;159270,79;159125,72;159257,60;3666138086,00;115133
WINFUT;09/11/2023;09:35:00;159145,50;159251,01;159119,13;159165,28;4274950369,00;134274
WINFUT;09/11/2023;09:30:00;159105,94;159204,85;159066,37;159145,50;3864440471,00;121410
WINFUT;09/11/2023;09:25:00;159072,97;159165,28;159020,22;159105,94;4715608347,00;148201
WINFUT;09/11/2023;09:20:00;158980,65;159119,13;158954,28;159066,37;3322137573,00;104445
WINFUT;09/11/2023;09:15:00;159059,78;159072,97;158894,93;158980,65;4225247536,00;132888
WINFUT;09/11/2023;09:10:00;158987,25;159132,31;158954,28;159059,78;4294630383,00;135017
WINFUT;09/11/2023;09:05:00;158908,12;159099,34;158888,34;158993,84;4419090293,00;138975
WINFUT;09/11/2023;09:00:00;158974,06;159072,97;158650,95;158901,53;7069285096,00;222472
WINFUT;08/11/2023;18:20:00;158664,14;158730,08;158644,36;158723,49;972387798,40;30638
WINFUT;08/11/2023;18:15:00;158677,33;158716,89;158624,58;158664,14;1315005796,00;41438
WINFUT;08/11/2023;18:10:00;158683,92;158723,49;158624,58;158677,33;1067863025,00;33650
WINFUT;08/11/2023;18:05:00;158604,80;158697,11;158598,20;158690,52;1071180179,00;33761
WINFUT;08/11/2023;18:00:00;158690,52;158703,71;158585,01;158598,20;1362391414,00;42937
WINFUT;08/11/2023;17:55:00;158703,71;158723,49;158657,55;158690,52;1211950329,00;38186
WINFUT;08/11/2023;17:50:00;158644,36;158769,65;158637,77;158703,71;1844841585,00;58119
WINFUT;08/11/2023;17:45:00;158763,05;158815,80;158637,77;158650,95;2226718193,00;70136
WINFUT;08/11/2023;17:40:00;158631,17;158802,62;158617,98;158756,46;3298094701,00;103897
WINFUT;08/11/2023;17:35:00;158677,33;158703,71;158611,39;158624,58;2081017647,00;65584
WINFUT;08/11/2023;17:30:00;158670,74;158730,08;158637,77;158677,33;2205461978,00;69491
WINFUT;08/11/2023;17:25:00;158815,80;158822,40;158650,95;158677,33;2864444570,00;90234
WINFUT;08/11/2023;17:20:00;158789,43;158868,56;158756,46;158822,40;2364121472,00;74429
WINFUT;08/11/2023;17:15:00;158815,80;158848,77;158763,05;158789,43;2123225869,00;66852
WINFUT;08/11/2023;17:10:00;158730,08;158815,80;158683,92;158815,80;2287867171,00;72061
WINFUT;08/11/2023;17:05:00;158769,65;158848,77;158697,11;158723,49;2858102294,00;90005
WINFUT;08/11/2023;17:00:00;158644,36;158815,80;158644,36;158769,65;3418301249,00;107669
WINFUT;08/11/2023;16:55:00;158776,24;158888,34;158637,77;158644,36;4399319849,00;138540
WINFUT;08/11/2023;16:50:00;158710,30;158848,77;158710,30;158776,24;3655774414,00;115119
WINFUT;08/11/2023;16:45:00;158723,49;158875,15;158677,33;158716,89;5435345215,00;171149
WINFUT;08/11/2023;16:40:00;158604,80;158723,49;158604,80;158723,49;2444004366,00;77015
WINFUT;08/11/2023;16:35:00;158604,80;158631,17;158565,23;158611,39;1503273994,00;47392
WINFUT;08/11/2023;16:30:00;158637,77;158710,30;158545,45;158604,80;3217942626,00;101431
WINFUT;08/11/2023;16:25:00;158617,98;158736,68;158552,04;158637,77;3520886500,00;110966
WINFUT;08/11/2023;16:20:00;158624,58;158710,30;158571,83;158617,98;3171172222,00;99951
WINFUT;08/11/2023;16:15:00;158492,70;158670,74;158459,73;158617,98;3854966284,00;121549
WINFUT;08/11/2023;16:10:00;158604,80;158657,55;158466,32;158492,70;3878738428,00;122324
WINFUT;08/11/2023;16:05:00;158697,11;158815,80;158604,80;158604,80;4379395325,00;137961
WINFUT;08/11/2023;16:00:00;158571,83;158730,08;158499,29;158690,52;3673447320,00;115788
WINFUT;08/11/2023;15:55:00;158591,61;158624,58;158525,67;158571,83;2067910455,00;65203
WINFUT;08/11/2023;15:50:00;158565,23;158657,55;158492,70;158591,61;4180785836,00;131809
WINFUT;08/11/2023;15:45:00;158578,42;158604,80;158472,92;158558,64;3486471781,00;109963
WINFUT;08/11/2023;15:40:00;158670,74;158730,08;158525,67;158585,01;4076991502,00;128511
WINFUT;08/11/2023;15:35:00;158690,52;158749,86;158611,39;158670,74;3552825142,00;111951
WINFUT;08/11/2023;15:30:00;158736,68;158789,43;158617,98;158690,52;5713978300,00;180020
WINFUT;08/11/2023;15:25:00;158406,98;158815,80;158387,20;158743,27;8036449000,00;253290
WINFUT;08/11/2023;15:20:00;158189,38;158446,54;158149,81;158406,98;5514989467,00;174181
WINFUT;08/11/2023;15:15:00;158308,07;158314,66;158123,44;158189,38;5895027019,00;186290
WINFUT;08/11/2023;15:10:00;158558,64;158571,83;158288,29;158301,47;6558414596,00;206988
WINFUT;08/11/2023;15:05:00;158380,60;158690,52;158275,10;158552,04;1,056829703E10;333402
WINFUT;08/11/2023;15:00:00;157951,99;158380,60;157892,65;158380,60;8805418659,00;278428
WINFUT;08/11/2023;14:55:00;157905,84;158044,31;157886,05;157951,99;3714180711,00;117553
WINFUT;08/11/2023;14:50:00;157991,56;158017,93;157886,05;157905,84;2807231604,00;88862
WINFUT;08/11/2023;14:45:00;158037,72;158136,62;157886,05;157998,15;5150422489,00;162978
WINFUT;08/11/2023;14:40:00;158110,25;158123,44;157958,59;158044,31;4186626333,00;132451
WINFUT;08/11/2023;14:35:00;157905,84;158136,62;157866,27;158110,25;5971234604,00;188970
WINFUT;08/11/2023;14:30:00;157998,15;157998,15;157813,52;157899,24;7031861258,00;222674
WINFUT;08/11/2023;14:25:00;158037,72;158123,44;157971,78;157998,15;4661841801,00;147490
WINFUT;08/11/2023;14:20:00;158163,00;158242,13;158031,12;158044,31;4935107116,00;156049
WINFUT;08/11/2023;14:15:00;158235,53;158261,91;158077,28;158163,00;5484645057,00;173383
WINFUT;08/11/2023;14:10:00;158242,13;158374,01;158222,35;158235,53;4378874339,00;138311
WINFUT;08/11/2023;14:05:00;158169,59;158360,82;158070,68;158242,13;8557133935,00;270395
WINFUT;08/11/2023;14:00:00;158400,38;158466,32;158123,44;158163,00;7958779868,00;251415
WINFUT;08/11/2023;13:55:00;158519,08;158565,23;158288,29;158400,38;6357775312,00;200702
WINFUT;08/11/2023;13:50:00;158644,36;158670,74;158472,92;158525,67;3971503090,00;125246
WINFUT;08/11/2023;13:45:00;158631,17;158763,05;158578,42;158650,95;5649315561,00;178012
WINFUT;08/11/2023;13:40:00;158558,64;158650,95;158446,54;158637,77;5690980106,00;179472
WINFUT;08/11/2023;13:35:00;158538,86;158697,11;158486,11;158558,64;5036953409,00;158796
WINFUT;08/11/2023;13:30:00;158690,52;158716,89;158492,70;158538,86;5004620476,00;157758
WINFUT;08/11/2023;13:25:00;158644,36;158782,83;158598,20;158690,52;3715235294,00;117054
WINFUT;08/11/2023;13:20:00;158868,56;158881,74;158598,20;158637,77;4926321471,00;155182
WINFUT;08/11/2023;13:15:00;158842,18;158960,87;158756,46;158875,15;4694019967,00;147719
WINFUT;08/11/2023;13:10:00;158664,14;158861,96;158657,55;158848,77;4023882244,00;126702
WINFUT;08/11/2023;13:05:00;158723,49;158749,86;158631,17;158664,14;3066051714,00;96600
WINFUT;08/11/2023;13:00:00;158617,98;158743,27;158558,64;158730,08;5833326099,00;183834
WINFUT;08/11/2023;12:55:00;158868,56;158881,74;158611,39;158617,98;5529175581,00;174131
WINFUT;08/11/2023;12:50:00;158980,65;158980,65;158855,37;158868,56;3159832820,00;99425
WINFUT;08/11/2023;12:45:00;158921,31;158987,25;158855,37;158974,06;3895255822,00;122557
WINFUT;08/11/2023;12:40:00;158723,49;158934,50;158710,30;158914,71;6093249917,00;191823
WINFUT;08/11/2023;12:35:00;158697,11;158736,68;158598,20;158723,49;5942990381,00;187280
WINFUT;08/11/2023;12:30:00;158789,43;158934,50;158670,74;158697,11;6390816415,00;201223
WINFUT;08/11/2023;12:25:00;158987,25;159040,00;158683,92;158789,43;7446839602,00;234394
WINFUT;08/11/2023;12:20:00;159013,62;159026,81;158848,77;158987,25;5752496038,00;180967
WINFUT;08/11/2023;12:15:00;158954,28;159079,56;158842,18;159013,62;5961140730,00;187496
WINFUT;08/11/2023;12:10:00;159119,13;159178,47;158941,09;158960,87;5314590831,00;167070
WINFUT;08/11/2023;12:05:00;158993,84;159152,10;158901,53;159112,53;5848244410,00;183861
WINFUT;08/11/2023;12:00:00;159099,34;159125,72;158868,56;158993,84;9162298397,00;288137
WINFUT;08/11/2023;11:55:00;159185,07;159224,63;159053,19;159092,75;6529457563,00;205155
WINFUT;08/11/2023;11:50:00;159396,07;159442,23;159152,10;159191,66;6317571377,00;198300
WINFUT;08/11/2023;11:45:00;159251,01;159422,45;159191,66;159396,07;7091858244,00;222600
WINFUT;08/11/2023;11:40:00;159429,04;159468,61;159237,82;159251,01;5724712288,00;179648
WINFUT;08/11/2023;11:35:00;159396,07;159481,79;159244,41;159435,64;8127663760,00;255003
WINFUT;08/11/2023;11:30:00;159494,98;159501,58;159270,79;159396,07;1,072436892E10;336459
WINFUT;08/11/2023;11:25:00;159679,61;159692,80;159415,86;159494,98;6534526573,00;204779
WINFUT;08/11/2023;11:20:00;159640,05;159745,55;159508,17;159673,02;7829647771,00;245253
WINFUT;08/11/2023;11:15:00;159613,67;159890,62;159587,30;159640,05;1,082779988E10;338873
WINFUT;08/11/2023;11:10:00;159547,73;159692,80;159521,36;159613,67;5715914514,00;179037
WINFUT;08/11/2023;11:05:00;159382,89;159646,64;159376,29;159547,73;8739553538,00;273896
WINFUT;08/11/2023;11:00:00;159429,04;159514,76;159343,32;159382,89;6714601811,00;210585
WINFUT;08/11/2023;10:55:00;159198,25;159514,76;159178,47;159429,04;1,070467401E10;335791
WINFUT;08/11/2023;10:50:00;159264,19;159297,16;159033,40;159198,25;7261853521,00;228136
WINFUT;08/11/2023;10:45:00;159257,60;159283,98;159099,34;159264,19;5974671222,00;187659
WINFUT;08/11/2023;10:40:00;159310,35;159349,92;159145,50;159251,01;8573370618,00;269173
WINFUT;08/11/2023;10:35:00;159198,25;159343,32;159066,37;159310,35;7604225768,00;238821
WINFUT;08/11/2023;10:30:00;159112,53;159310,35;159059,78;159204,85;1,188383223E10;373265
WINFUT;08/11/2023;10:25:00;158941,09;159132,31;158835,59;159119,13;9183033176,00;288780
WINFUT;08/11/2023;10:20:00;158881,74;159007,03;158789,43;158947,68;8425107154,00;265113
WINFUT;08/11/2023;10:15:00;159040,00;159053,19;158756,46;158881,74;1,262020444E10;397081
WINFUT;08/11/2023;10:10:00;159152,10;159204,85;159013,62;159046,59;5931293682,00;186396
WINFUT;08/11/2023;10:05:00;159158,69;159277,38;159112,53;159152,10;6938059778,00;217923
WINFUT;08/11/2023;10:00:00;159086,16;159264,19;158993,84;159152,10;9437493828,00;296486
WINFUT;08/11/2023;09:55:00;159119,13;159185,07;159066,37;159092,75;5206544879,00;163596
WINFUT;08/11/2023;09:50:00;158980,65;159125,72;158967,47;159112,53;4213277266,00;132446
WINFUT;08/11/2023;09:45:00;158941,09;159040,00;158921,31;158980,65;4391659542,00;138114
WINFUT;08/11/2023;09:40:00;158901,53;158974,06;158815,80;158941,09;4516301949,00;142109
WINFUT;08/11/2023;09:35:00;158828,99;158960,87;158828,99;158908,12;4003429072,00;125968
WINFUT;08/11/2023;09:30:00;158828,99;158894,93;158782,83;158828,99;3476831966,00;109445
WINFUT;08/11/2023;09:25:00;158828,99;158894,93;158802,62;158835,59;2995561859,00;94291
WINFUT;08/11/2023;09:20:00;158736,68;158861,96;158736,68;158828,99;3889960798,00;122473
WINFUT;08/11/2023;09:15:00;158664,14;158776,24;158571,83;158736,68;4638590145,00;146157
WINFUT;08/11/2023;09:10:00;158439,95;158664,14;158420,17;158664,14;4612514711,00;145451
WINFUT;08/11/2023;09:05:00;158591,61;158604,80;158387,20;158433,35;5428173186,00;171249
WINFUT;08/11/2023;09:00:00;158532,26;159000,43;158433,35;158591,61;7337675365,00;231153
WINFUT;07/11/2023;18:20:00;158842,18;158908,12;158789,43;158842,18;1329075196,00;41837
WINFUT;07/11/2023;18:15:00;158921,31;158974,06;158822,40;158835,59;1749850081,00;55060
WINFUT;07/11/2023;18:10:00;159013,62;159013,62;158888,34;158914,71;1735589734,00;54601
WINFUT;07/11/2023;18:05:00;158987,25;159033,40;158967,47;159013,62;1166963811,00;36696
WINFUT;07/11/2023;18:00:00;159072,97;159072,97;158974,06;158987,25;1536646472,00;48313
WINFUT;07/11/2023;17:55:00;158987,25;159125,72;158967,47;159066,37;2919089509,00;91763
WINFUT;07/11/2023;17:50:00;159079,56;159105,94;158941,09;158987,25;3823129961,00;120217
WINFUT;07/11/2023;17:45:00;159198,25;159211,44;159072,97;159079,56;3193425651,00;100332
WINFUT;07/11/2023;17:40:00;159145,50;159211,44;159132,31;159198,25;3048246053,00;95747
WINFUT;07/11/2023;17:35:00;159053,19;159185,07;159020,22;159145,50;3471696512,00;109094
WINFUT;07/11/2023;17:30:00;159007,03;159119,13;158987,25;159053,19;3173632529,00;99759
WINFUT;07/11/2023;17:25:00;159000,43;159053,19;158941,09;159007,03;2670559355,00;83981
WINFUT;07/11/2023;17:20:00;158967,47;159026,81;158894,93;159007,03;3364845090,00;105832
WINFUT;07/11/2023;17:15:00;158954,28;159007,03;158875,15;158967,47;3643447609,00;114611
WINFUT;07/11/2023;17:10:00;158901,53;158980,65;158848,77;158954,28;3587542105,00;112887
WINFUT;07/11/2023;17:05:00;158934,50;158974,06;158848,77;158908,12;4230356396,00;133102
WINFUT;07/11/2023;17:00:00;159040,00;159059,78;158934,50;158934,50;3577471852,00;112501
WINFUT;07/11/2023;16:55:00;159072,97;159072,97;158993,84;159040,00;2831005962,00;89009
WINFUT;07/11/2023;16:50:00;159059,78;159105,94;159020,22;159079,56;3398369699,00;106824
WINFUT;07/11/2023;16:45:00;159105,94;159198,25;159053,19;159066,37;3424589105,00;107610
WINFUT;07/11/2023;16:40:00;159053,19;159132,31;159033,40;159099,34;3321058238,00;104385
WINFUT;07/11/2023;16:35:00;159125,72;159204,85;159040,00;159059,78;5458911613,00;171541
WINFUT;07/11/2023;16:30:00;159191,66;159231,22;159119,13;159132,31;3256490062,00;102291
WINFUT;07/11/2023;16:25:00;159323,54;159343,32;159145,50;159191,66;4074132459,00;127922
WINFUT;07/11/2023;16:20:00;159224,63;159363,10;159165,28;159323,54;4841397890,00;151977
WINFUT;07/11/2023;16:15:00;159251,01;159290,57;159204,85;159231,22;3217327895,00;101022
WINFUT;07/11/2023;16:10:00;159336,73;159409,26;159244,41;159244,41;3940116903,00;123638
WINFUT;07/11/2023;16:05:00;159376,29;159396,07;159277,38;159330,13;2971431481,00;93250
WINFUT;07/11/2023;16:00:00;159290,57;159409,26;159224,63;159382,89;4251186381,00;133422
WINFUT;07/11/2023;15:55:00;159343,32;159369,70;159257,60;159297,16;3108927410,00;97574
WINFUT;07/11/2023;15:50:00;159257,60;159376,29;159251,01;159343,32;4280209768,00;134322
WINFUT;07/11/2023;15:45:00;159204,85;159323,54;159198,25;159257,60;3224107860,00;101220
WINFUT;07/11/2023;15:40:00;159218,04;159356,51;159158,69;159211,44;6816061186,00;213988
WINFUT;07/11/2023;15:35:00;159138,91;159251,01;159112,53;159218,04;3782290191,00;118801
WINFUT;07/11/2023;15:30:00;159145,50;159264,19;159072,97;159132,31;5609419049,00;176202
WINFUT;07/11/2023;15:25:00;159132,31;159218,04;159125,72;159145,50;3009275389,00;94532
WINFUT;07/11/2023;15:20:00;159165,28;159218,04;159072,97;159125,72;4059489115,00;127541
WINFUT;07/11/2023;15:15:00;159066,37;159224,63;159007,03;159171,88;5813125690,00;182652
WINFUT;07/11/2023;15:10:00;159092,75;159138,91;158993,84;159066,37;5338102306,00;167796
WINFUT;07/11/2023;15:05:00;158828,99;159125,72;158828,99;159092,75;9887885922,00;310938
WINFUT;07/11/2023;15:00:00;158690,52;158842,18;158657,55;158835,59;5063167676,00;159461
WINFUT;07/11/2023;14:55:00;158565,23;158703,71;158532,26;158697,11;3958451308,00;124766
WINFUT;07/11/2023;14:50:00;158571,83;158631,17;158512,48;158571,83;2679922916,00;84500
WINFUT;07/11/2023;14:45:00;158545,45;158644,36;158532,26;158571,83;3925930969,00;123778
WINFUT;07/11/2023;14:40:00;158552,04;158565,23;158466,32;158552,04;3165715933,00;99855
WINFUT;07/11/2023;14:35:00;158598,20;158637,77;158519,08;158552,04;3328407495,00;104952
WINFUT;07/11/2023;14:30:00;158631,17;158683,92;158519,08;158598,20;5216987053,00;164472
WINFUT;07/11/2023;14:25:00;158631,17;158743,27;158624,58;158637,77;2976557437,00;93787
WINFUT;07/11/2023;14:20:00;158723,49;158796,02;158604,80;158631,17;4297244740,00;135392
WINFUT;07/11/2023;14:15:00;158690,52;158776,24;158657,55;158723,49;2946621411,00;92821
WINFUT;07/11/2023;14:10:00;158657,55;158763,05;158631,17;158690,52;2647196105,00;83406
WINFUT;07/11/2023;14:05:00;158670,74;158749,86;158624,58;158657,55;3310352198,00;104309
WINFUT;07/11/2023;14:00:00;158716,89;158730,08;158558,64;158664,14;4952376766,00;156092
WINFUT;07/11/2023;13:55:00;158617,98;158809,21;158604,80;158723,49;4376087116,00;137852
WINFUT;07/11/2023;13:50:00;158644,36;158690,52;158552,04;158624,58;3930541622,00;123898
WINFUT;07/11/2023;13:45:00;158743,27;158881,74;158631,17;158637,77;6655070624,00;209594
WINFUT;07/11/2023;13:40:00;158624,58;158822,40;158611,39;158749,86;5741417143,00;180836
WINFUT;07/11/2023;13:35:00;158571,83;158650,95;158552,04;158617,98;2699243540,00;85091
WINFUT;07/11/2023;13:30:00;158406,98;158598,20;158387,20;158565,23;4914297915,00;155020
WINFUT;07/11/2023;13:25:00;158512,48;158538,86;158406,98;158406,98;2951699710,00;93128
WINFUT;07/11/2023;13:20:00;158598,20;158598,20;158479,51;158505,89;3376637386,00;106493
WINFUT;07/11/2023;13:15:00;158657,55;158743,27;158578,42;158598,20;3622215885,00;114144
WINFUT;07/11/2023;13:10:00;158525,67;158697,11;158472,92;158664,14;5617523010,00;177105
WINFUT;07/11/2023;13:05:00;158670,74;158677,33;158505,89;158519,08;3348224012,00;105558
WINFUT;07/11/2023;13:00:00;158631,17;158756,46;158578,42;158670,74;4524684649,00;142591
WINFUT;07/11/2023;12:55:00;158637,77;158697,11;158604,80;158637,77;2334610805,00;73577
WINFUT;07/11/2023;12:50:00;158585,01;158710,30;158538,86;158644,36;3951607612,00;124547
WINFUT;07/11/2023;12:45:00;158565,23;158604,80;158479,51;158585,01;2629511484,00;82925
WINFUT;07/11/2023;12:40:00;158545,45;158585,01;158446,54;158565,23;3126976602,00;98637
WINFUT;07/11/2023;12:35:00;158532,26;158617,98;158512,48;158545,45;2234330774,00;70458
WINFUT;07/11/2023;12:30:00;158565,23;158644,36;158453,14;158532,26;3733265835,00;117727
WINFUT;07/11/2023;12:25:00;158552,04;158644,36;158486,11;158558,64;3788982255,00;119475
WINFUT;07/11/2023;12:20:00;158585,01;158585,01;158413,57;158552,04;4339528262,00;136908
WINFUT;07/11/2023;12:15:00;158644,36;158657,55;158439,95;158578,42;4433438714,00;139832
WINFUT;07/11/2023;12:10:00;158512,48;158657,55;158433,35;158650,95;5754322060,00;181469
WINFUT;07/11/2023;12:05:00;158670,74;158703,71;158466,32;158505,89;5368602327,00;169290
WINFUT;07/11/2023;12:00:00;158664,14;158723,49;158512,48;158670,74;8237941907,00;259661
WINFUT;07/11/2023;11:55:00;158294,88;158703,71;158294,88;158664,14;1,117042214E10;352402
WINFUT;07/11/2023;11:50:00;158195,97;158314,66;158136,62;158294,88;6460751881,00;204151
WINFUT;07/11/2023;11:45:00;158235,53;158281,69;158011,34;158195,97;9709473810,00;306998
WINFUT;07/11/2023;11:40:00;158393,79;158420,17;158110,25;158228,94;1,029507915E10;325277
WINFUT;07/11/2023;11:35:00;158459,73;158512,48;158334,44;158393,79;7345159043,00;231831
WINFUT;07/11/2023;11:30:00;158881,74;158888,34;158413,57;158459,73;1,129841124E10;356187
WINFUT;07/11/2023;11:25:00;158763,05;158908,12;158716,89;158888,34;5254377403,00;165432
WINFUT;07/11/2023;11:20:00;158736,68;158901,53;158598,20;158756,46;9276810863,00;292153
WINFUT;07/11/2023;11:15:00;158604,80;158868,56;158545,45;158736,68;1,088413911E10;342802
WINFUT;07/11/2023;11:10:00;158545,45;158631,17;158525,67;158604,80;4690081948,00;147870
WINFUT;07/11/2023;11:05:00;158400,38;158571,83;158380,60;158538,86;5119647201,00;161533
WINFUT;07/11/2023;11:00:00;158525,67;158697,11;158374,01;158393,79;8948486913,00;282220
WINFUT;07/11/2023;10:55:00;158466,32;158591,61;158406,98;158525,67;6315038494,00;199192
WINFUT;07/11/2023;10:50:00;158367,41;158604,80;158294,88;158459,73;9746529201,00;307602
WINFUT;07/11/2023;10:45:00;158367,41;158426,76;158281,69;158367,41;4945257669,00;156146
WINFUT;07/11/2023;10:40:00;158420,17;158433,35;158308,07;158374,01;6309929626,00;199216
WINFUT;07/11/2023;10:35:00;158189,38;158492,70;158123,44;158426,76;1,133627043E10;358057
WINFUT;07/11/2023;10:30:00;157866,27;158222,35;157853,08;158195,97;1,017463925E10;321880
WINFUT;07/11/2023;10:25:00;157721,20;157919,02;157609,11;157866,27;6223071919,00;197207
WINFUT;07/11/2023;10:20:00;157793,74;157833,30;157602,51;157721,20;7137549033,00;226279
WINFUT;07/11/2023;10:15:00;157655,26;157892,65;157609,11;157793,74;8326417274,00;263856
WINFUT;07/11/2023;10:10:00;157582,73;157734,39;157497,01;157648,67;1,071094628E10;339753
WINFUT;07/11/2023;10:05:00;157398,10;157589,33;157305,78;157582,73;1,001473875E10;318063
WINFUT;07/11/2023;10:00:00;157292,60;157543,17;157266,22;157391,51;8990325472,00;285540
WINFUT;07/11/2023;09:55:00;157239,84;157318,97;157226,66;157286,00;2024705938,00;64368
WINFUT;07/11/2023;09:50:00;157206,87;157318,97;157147,53;157246,44;3595349013,00;114328
WINFUT;07/11/2023;09:45:00;157299,19;157305,78;157187,09;157206,87;2979844736,00;94748
WINFUT;07/11/2023;09:40:00;157286,00;157312,38;157167,31;157299,19;4361155181,00;138690
WINFUT;07/11/2023;09:35:00;157345,35;157345,35;157220,06;157286,00;2217187188,00;70487
WINFUT;07/11/2023;09:30:00;157266,22;157431,07;157220,06;157338,75;5185142975,00;164788
WINFUT;07/11/2023;09:25:00;157332,16;157391,51;157239,84;157259,63;4487743331,00;142637
WINFUT;07/11/2023;09:20:00;157431,07;157483,82;157299,19;157325,57;4851290929,00;154115
WINFUT;07/11/2023;09:15:00;157233,25;157464,04;157193,69;157431,07;5375900183,00;170846
WINFUT;07/11/2023;09:10:00;157055,21;157239,84;157002,46;157233,25;4406981804,00;140227
WINFUT;07/11/2023;09:05:00;157114,56;157193,69;156969,49;157061,81;3822619777,00;121679
WINFUT;07/11/2023;09:00:00;157398,10;157490,42;156929,93;157121,15;7943927999,00;252771
WINFUT;06/11/2023;18:20:00;158044,31;158070,68;157912,43;158070,68;2255017274,00;71362
WINFUT;06/11/2023;18:15:00;157932,21;158057,50;157919,02;158037,72;1164524950,00;36851
WINFUT;06/11/2023;18:10:00;157879,46;157951,99;157866,27;157925,62;898459144,30;28447
WINFUT;06/11/2023;18:05:00;157919,02;157932,21;157859,68;157886,05;983888385,30;31157
WINFUT;06/11/2023;18:00:00;158031,12;158070,68;157912,43;157919,02;1279325070,00;40487
WINFUT;06/11/2023;17:55:00;157971,78;158090,47;157958,59;158024,53;1536615395,00;48621
WINFUT;06/11/2023;17:50:00;157978,37;157991,56;157912,43;157971,78;1467965893,00;46470
WINFUT;06/11/2023;17:45:00;157945,40;157998,15;157912,43;157984,96;1589026196,00;50297
WINFUT;06/11/2023;17:40:00;157919,02;158017,93;157912,43;157945,40;2425929183,00;76786
WINFUT;06/11/2023;17:35:00;157958,59;157965,18;157879,46;157925,62;1844339260,00;58396
WINFUT;06/11/2023;17:30:00;157925,62;158011,34;157879,46;157958,59;2537533722,00;80320
WINFUT;06/11/2023;17:25:00;157991,56;157998,15;157872,87;157925,62;2441820324,00;77311
WINFUT;06/11/2023;17:20:00;158024,53;158064,09;157919,02;157998,15;3311439876,00;104803
WINFUT;06/11/2023;17:15:00;158011,34;158077,28;157991,56;158031,12;1867582089,00;59088
WINFUT;06/11/2023;17:10:00;158050,90;158097,06;158011,34;158017,93;2048951266,00;64820
WINFUT;06/11/2023;17:05:00;158070,68;158116,84;158017,93;158050,90;2729730335,00;86352
WINFUT;06/11/2023;17:00:00;158077,28;158116,84;157978,37;158064,09;3707019023,00;117272
WINFUT;06/11/2023;16:55:00;157971,78;158083,87;157965,18;158070,68;4740595113,00;149996
WINFUT;06/11/2023;16:50:00;157879,46;157984,96;157833,30;157978,37;3147931827,00;99685
WINFUT;06/11/2023;16:45:00;157945,40;157965,18;157853,08;157879,46;2760431158,00;87405
WINFUT;06/11/2023;16:40:00;157787,14;158011,34;157773,96;157945,40;5301567938,00;167846
WINFUT;06/11/2023;16:35:00;157912,43;157919,02;157734,39;157787,14;4334596710,00;137339
WINFUT;06/11/2023;16:30:00;157806,93;157958,59;157767,36;157905,84;5150275381,00;163109
WINFUT;06/11/2023;16:25:00;157727,80;157826,71;157721,20;157813,52;4033128591,00;127812
WINFUT;06/11/2023;16:20:00;157681,64;157767,36;157661,86;157727,80;2881731933,00;91360
WINFUT;06/11/2023;16:15:00;157556,36;157694,83;157549,76;157688,23;4263685647,00;135242
WINFUT;06/11/2023;16:10:00;157773,96;157773,96;157529,98;157556,36;4659320591,00;147781
WINFUT;06/11/2023;16:05:00;157694,83;157780,55;157648,67;157767,36;3218047967,00;102017
WINFUT;06/11/2023;16:00:00;157747,58;157773,96;157642,08;157688,23;2820967691,00;89437
WINFUT;06/11/2023;15:55:00;157622,29;157773,96;157615,70;157747,58;3460859536,00;109727
WINFUT;06/11/2023;15:50:00;157694,83;157773,96;157589,33;157622,29;3832787162,00;121541
WINFUT;06/11/2023;15:45:00;157833,30;157846,49;157668,45;157688,23;3917524809,00;124177
WINFUT;06/11/2023;15:40:00;157754,17;157859,68;157701,42;157833,30;3621715570,00;114776
WINFUT;06/11/2023;15:35:00;157721,20;157820,11;157688,23;157754,17;3492457169,00;110694
WINFUT;06/11/2023;15:30:00;157635,48;157767,36;157609,11;157727,80;4969584718,00;157578
WINFUT;06/11/2023;15:25:00;157609,11;157642,08;157536,57;157628,89;3269795435,00;103740
WINFUT;06/11/2023;15:20:00;157497,01;157609,11;157444,26;157609,11;4572937044,00;145157
WINFUT;06/11/2023;15:15:00;157655,26;157661,86;157497,01;157497,01;5399007949,00;171326
WINFUT;06/11/2023;15:10:00;157773,96;157853,08;157642,08;157655,26;3828517527,00;121351
WINFUT;06/11/2023;15:05:00;157708,02;157859,68;157694,83;157767,36;4018602323,00;127345
WINFUT;06/11/2023;15:00:00;157899,24;157905,84;157661,86;157708,02;5016501467,00;159001
WINFUT;06/11/2023;14:55:00;157866,27;157905,84;157800,33;157899,24;2832521385,00;89721
WINFUT;06/11/2023;14:50:00;157965,18;157978,37;157839,90;157866,27;3548599727,00;112370
WINFUT;06/11/2023;14:45:00;157912,43;158024,53;157853,08;157971,78;3568403233,00;112959
WINFUT;06/11/2023;14:40:00;157938,81;157945,40;157813,52;157912,43;3079543768,00;97527
WINFUT;06/11/2023;14:35:00;157905,84;157971,78;157839,90;157938,81;4391939483,00;139066
WINFUT;06/11/2023;14:30:00;157846,49;157905,84;157793,74;157899,24;2646437038,00;83826
WINFUT;06/11/2023;14:25:00;157833,30;157859,68;157734,39;157846,49;3144419611,00;99637
WINFUT;06/11/2023;14:20:00;157813,52;157879,46;157721,20;157833,30;4531705467,00;143585
WINFUT;06/11/2023;14:15:00;157872,87;157945,40;157773,96;157813,52;4156630778,00;131646
WINFUT;06/11/2023;14:10:00;158037,72;158037,72;157826,71;157879,46;4197416572,00;132885
WINFUT;06/11/2023;14:05:00;157872,87;158083,87;157806,93;158037,72;5330733065,00;168747
WINFUT;06/11/2023;14:00:00;157892,65;157958,59;157826,71;157866,27;3635345626,00;115130
WINFUT;06/11/2023;13:55:00;157813,52;157938,81;157800,33;157892,65;4420533185,00;140006
WINFUT;06/11/2023;13:50:00;157661,86;157820,11;157609,11;157820,11;4414344743,00;139935
WINFUT;06/11/2023;13:45:00;157721,20;157760,77;157622,29;157655,26;3538137890,00;112190
WINFUT;06/11/2023;13:40:00;157773,96;157800,33;157714,61;157727,80;1574041289,00;49888
WINFUT;06/11/2023;13:35:00;157780,55;157833,30;157721,20;157767,36;2388518513,00;75694
WINFUT;06/11/2023;13:30:00;157806,93;157853,08;157721,20;157780,55;3607139584,00;114309
WINFUT;06/11/2023;13:25:00;157800,33;157899,24;157793,74;157813,52;2657098746,00;84164
WINFUT;06/11/2023;13:20:00;157932,21;157932,21;157760,77;157800,33;4049735819,00;128307
WINFUT;06/11/2023;13:15:00;157978,37;157978,37;157853,08;157932,21;3742006966,00;118490
WINFUT;06/11/2023;13:10:00;158050,90;158050,90;157945,40;157971,78;3294255044,00;104252
WINFUT;06/11/2023;13:05:00;158004,75;158090,47;157984,96;158050,90;2833364790,00;89646
WINFUT;06/11/2023;13:00:00;158268,50;158281,69;157998,15;158004,75;7265563055,00;229763
WINFUT;06/11/2023;12:55:00;158130,03;158301,47;158044,31;158268,50;5418945271,00;171297
WINFUT;06/11/2023;12:50:00;157978,37;158222,35;157945,40;158130,03;5302608542,00;167708
WINFUT;06/11/2023;12:45:00;158011,34;158090,47;157951,99;157978,37;4139366565,00;130985
WINFUT;06/11/2023;12:40:00;158228,94;158242,13;157984,96;158011,34;5860971537,00;185347
WINFUT;06/11/2023;12:35:00;157853,08;158255,32;157846,49;158228,94;8911031947,00;281887
WINFUT;06/11/2023;12:30:00;157866,27;157919,02;157754,17;157853,08;5127449743,00;162421
WINFUT;06/11/2023;12:25:00;157813,52;157892,65;157727,80;157866,27;4645322989,00;147178
WINFUT;06/11/2023;12:20:00;157576,14;157820,11;157549,76;157820,11;6699328209,00;212410
WINFUT;06/11/2023;12:15:00;157398,10;157615,70;157391,51;157576,14;4744140724,00;150589
WINFUT;06/11/2023;12:10:00;157497,01;157503,60;157318,97;157398,10;5863119810,00;186235
WINFUT;06/11/2023;12:05:00;157609,11;157642,08;157424,48;157497,01;6503934601,00;206434
WINFUT;06/11/2023;12:00:00;157747,58;157793,74;157569,54;157609,11;6173965489,00;195744
WINFUT;06/11/2023;11:55:00;157668,45;157760,77;157569,54;157747,58;4840735660,00;153518
WINFUT;06/11/2023;11:50:00;157721,20;157767,36;157549,76;157661,86;6399955550,00;202991
WINFUT;06/11/2023;11:45:00;157839,90;157899,24;157536,57;157727,80;9814385019,00;311122
WINFUT;06/11/2023;11:40:00;157872,87;158004,75;157787,14;157839,90;8113751784,00;256926
WINFUT;06/11/2023;11:35:00;157668,45;157925,62;157582,73;157872,87;8332963025,00;264082
WINFUT;06/11/2023;11:30:00;157833,30;157886,05;157582,73;157668,45;9620300851,00;304934
WINFUT;06/11/2023;11:25:00;158044,31;158070,68;157760,77;157826,71;6393905979,00;202473
WINFUT;06/11/2023;11:20:00;158083,87;158097,06;157892,65;158044,31;7363838193,00;233040
WINFUT;06/11/2023;11:15:00;157951,99;158136,62;157892,65;158083,87;7315133067,00;231445
WINFUT;06/11/2023;11:10:00;157846,49;157965,18;157760,77;157951,99;5303127512,00;167960
WINFUT;06/11/2023;11:05:00;157965,18;157998,15;157754,17;157846,49;6301338864,00;199598
WINFUT;06/11/2023;11:00:00;157912,43;158103,65;157773,96;157971,78;9108849460,00;288338
WINFUT;06/11/2023;10:55:00;157899,24;157951,99;157754,17;157919,02;5074678340,00;160739
WINFUT;06/11/2023;10:50:00;157872,87;157919,02;157708,02;157899,24;4855360225,00;153833
WINFUT;06/11/2023;10:45:00;157820,11;157938,81;157740,99;157879,46;5004716958,00;158542
WINFUT;06/11/2023;10:40:00;157760,77;157932,21;157747,58;157813,52;5056117345,00;160161
WINFUT;06/11/2023;10:35:00;157853,08;157978,37;157727,80;157754,17;8139180901,00;257782
WINFUT;06/11/2023;10:30:00;157675,05;157872,87;157655,26;157853,08;5878978314,00;186306
WINFUT;06/11/2023;10:25:00;157800,33;157820,11;157582,73;157675,05;5710498763,00;181065
WINFUT;06/11/2023;10:20:00;157760,77;157872,87;157721,20;157800,33;5884712267,00;186457
WINFUT;06/11/2023;10:15:00;157839,90;157919,02;157648,67;157754,17;6524226363,00;206759
WINFUT;06/11/2023;10:10:00;158050,90;158130,03;157734,39;157846,49;1,039005167E10;328981
WINFUT;06/11/2023;10:05:00;158288,29;158341,04;157932,21;158050,90;8810778925,00;278632
WINFUT;06/11/2023;10:00:00;158202,56;158420,17;158176,19;158294,88;9719924045,00;306979
WINFUT;06/11/2023;09:55:00;158189,38;158228,94;158156,41;158202,56;1868179079,00;59048
WINFUT;06/11/2023;09:50:00;158136,62;158235,53;158103,65;158182,78;4476806121,00;141512
WINFUT;06/11/2023;09:45:00;158156,41;158156,41;158070,68;158143,22;2040712829,00;64536
WINFUT;06/11/2023;09:40:00;158123,44;158169,59;158064,09;158156,41;2622211941,00;82920
WINFUT;06/11/2023;09:35:00;158024,53;158130,03;158024,53;158123,44;2905701884,00;91904
WINFUT;06/11/2023;09:30:00;158130,03;158136,62;157991,56;158031,12;4336801568,00;137190
WINFUT;06/11/2023;09:25:00;158116,84;158202,56;158064,09;158136,62;2489127559,00;78697
WINFUT;06/11/2023;09:20:00;158083,87;158182,78;158037,72;158110,25;3237647878,00;102389
WINFUT;06/11/2023;09:15:00;157998,15;158189,38;157984,96;158083,87;5378189950,00;170087
WINFUT;06/11/2023;09:10:00;157951,99;158011,34;157826,71;157991,56;4963285827,00;157140
WINFUT;06/11/2023;09:05:00;158314,66;158347,63;157945,40;157951,99;6296240901,00;199094
WINFUT;06/11/2023;09:00:00;157793,74;158420,17;157793,74;158308,07;7835595589,00;247725
WINFUT;03/11/2023;17:50:00;157978,37;158031,12;157872,87;157971,78;1620345997,00;51293
WINFUT;03/11/2023;17:45:00;157919,02;158050,90;157872,87;157984,96;2492846875,00;78903
WINFUT;03/11/2023;17:40:00;157872,87;157951,99;157846,49;157912,43;1711251765,00;54186
WINFUT;03/11/2023;17:35:00;157813,52;157905,84;157800,33;157872,87;1328342397,00;42072
WINFUT;03/11/2023;17:30:00;157833,30;157892,65;157787,14;157820,11;1413017870,00;44762
WINFUT;03/11/2023;17:25:00;157899,24;157938,81;157833,30;157833,30;1483256934,00;46974
WINFUT;03/11/2023;17:20:00;157919,02;157958,59;157879,46;157899,24;1344222820,00;42561
WINFUT;03/11/2023;17:15:00;157872,87;157925,62;157859,68;157919,02;1539124505,00;48739
WINFUT;03/11/2023;17:10:00;157800,33;157912,43;157773,96;157879,46;2187518264,00;69292
WINFUT;03/11/2023;17:05:00;157859,68;157971,78;157760,77;157793,74;3239460204,00;102606
WINFUT;03/11/2023;17:00:00;157806,93;158011,34;157787,14;157853,08;4881620244,00;154583
WINFUT;03/11/2023;16:55:00;157721,20;157859,68;157661,86;157813,52;3922132430,00;124292
WINFUT;03/11/2023;16:50:00;157681,64;157747,58;157595,92;157727,80;3781394146,00;119926
WINFUT;03/11/2023;16:45:00;157813,52;157892,65;157668,45;157681,64;3868274358,00;122592
WINFUT;03/11/2023;16:40:00;157747,58;157813,52;157721,20;157813,52;1913787353,00;60658
WINFUT;03/11/2023;16:35:00;157773,96;157813,52;157714,61;157740,99;2188103485,00;69350
WINFUT;03/11/2023;16:30:00;157793,74;157820,11;157648,67;157773,96;4268931501,00;135320
WINFUT;03/11/2023;16:25:00;157780,55;157826,71;157708,02;157800,33;2929409863,00;92843
WINFUT;03/11/2023;16:20:00;157925,62;157932,21;157740,99;157780,55;3550947823,00;112500
WINFUT;03/11/2023;16:15:00;157932,21;158011,34;157905,84;157919,02;3069852553,00;97178
WINFUT;03/11/2023;16:10:00;157899,24;157932,21;157839,90;157932,21;2375083482,00;75213
WINFUT;03/11/2023;16:05:00;157899,24;157971,78;157866,27;157899,24;2700184774,00;85496
WINFUT;03/11/2023;16:00:00;157912,43;157938,81;157846,49;157892,65;2323962811,00;73596
WINFUT;03/11/2023;15:55:00;157899,24;157978,37;157892,65;157912,43;2213896219,00;70090
WINFUT;03/11/2023;15:50:00;157938,81;158011,34;157886,05;157899,24;3023667118,00;95721
WINFUT;03/11/2023;15:45:00;157965,18;157984,96;157833,30;157938,81;4667462259,00;147789
WINFUT;03/11/2023;15:40:00;157978,37;158090,47;157965,18;157965,18;5076697637,00;160624
WINFUT;03/11/2023;15:35:00;157839,90;158011,34;157826,71;157978,37;4307233118,00;136368
WINFUT;03/11/2023;15:30:00;157872,87;157892,65;157747,58;157846,49;3583064030,00;113513
WINFUT;03/11/2023;15:25:00;157721,20;157886,05;157642,08;157872,87;4556526973,00;144408
WINFUT;03/11/2023;15:20:00;157793,74;157919,02;157714,61;157727,80;5056470991,00;160207
WINFUT;03/11/2023;15:15:00;157773,96;157846,49;157760,77;157800,33;3218475164,00;101976
WINFUT;03/11/2023;15:10:00;157767,36;157793,74;157694,83;157773,96;2832304891,00;89774
WINFUT;03/11/2023;15:05:00;157694,83;157780,55;157595,92;157767,36;4358422183,00;138199
WINFUT;03/11/2023;15:00:00;157622,29;157740,99;157609,11;157694,83;4780655073,00;151599
WINFUT;03/11/2023;14:55:00;157450,85;157648,67;157437,66;157622,29;4414793182,00;140100
WINFUT;03/11/2023;14:50:00;157490,42;157503,60;157391,51;157457,45;2250981080,00;71488
WINFUT;03/11/2023;14:45:00;157398,10;157523,39;157398,10;157490,42;2761469533,00;87679
WINFUT;03/11/2023;14:40:00;157450,85;157543,17;157384,91;157404,69;2919770558,00;92712
WINFUT;03/11/2023;14:35:00;157536,57;157569,54;157424,48;157450,85;2868934129,00;91089
WINFUT;03/11/2023;14:30:00;157391,51;157589,33;157371,72;157536,57;4398951353,00;139673
WINFUT;03/11/2023;14:25:00;157490,42;157490,42;157286,00;157384,91;3941895793,00;125250
WINFUT;03/11/2023;14:20:00;157444,26;157543,17;157371,72;157490,42;4667161584,00;148221
WINFUT;03/11/2023;14:15:00;157661,86;157681,64;157431,07;157437,66;4670971068,00;148232
WINFUT;03/11/2023;14:10:00;157747,58;157800,33;157648,67;157668,45;3573415936,00;113276
WINFUT;03/11/2023;14:05:00;157780,55;157787,14;157628,89;157747,58;3691319906,00;117032
WINFUT;03/11/2023;14:00:00;157569,54;157839,90;157523,39;157780,55;4801966396,00;152266
WINFUT;03/11/2023;13:55:00;157628,89;157681,64;157529,98;157569,54;2738570840,00;86887
WINFUT;03/11/2023;13:50:00;157642,08;157853,08;157569,54;157635,48;6765404906,00;214509
WINFUT;03/11/2023;13:45:00;157642,08;157708,02;157556,36;157642,08;4474730207,00;141941
WINFUT;03/11/2023;13:40:00;157602,51;157708,02;157595,92;157642,08;3603355397,00;114277
WINFUT;03/11/2023;13:35:00;157556,36;157675,05;157510,20;157609,11;4351413395,00;138054
WINFUT;03/11/2023;13:30:00;157417,88;157595,92;157411,29;157549,76;4265748053,00;135408
WINFUT;03/11/2023;13:25:00;157562,95;157609,11;157411,29;157411,29;3565134917,00;113160
WINFUT;03/11/2023;13:20:00;157615,70;157734,39;157543,17;157562,95;5921717038,00;187819
WINFUT;03/11/2023;13:15:00;157523,39;157668,45;157437,66;157615,70;5861725917,00;186017
WINFUT;03/11/2023;13:10:00;157160,72;157582,73;157154,12;157523,39;7131485188,00;226561
WINFUT;03/11/2023;13:05:00;157127,75;157187,09;157081,59;157160,72;2740270512,00;87188
WINFUT;03/11/2023;13:00:00;157055,21;157167,31;157035,43;157127,75;3610391822,00;114905
WINFUT;03/11/2023;12:55:00;157246,44;157259,63;157035,43;157055,21;4209975630,00;133947
WINFUT;03/11/2023;12:50:00;157312,38;157424,48;157239,84;157246,44;4594696872,00;146004
WINFUT;03/11/2023;12:45:00;157253,03;157371,72;157233,25;157312,38;3270525294,00;103962
WINFUT;03/11/2023;12:40:00;157239,84;157259,63;157147,53;157253,03;2426481038,00;77172
WINFUT;03/11/2023;12:35:00;157226,66;157246,44;157154,12;157239,84;2350795255,00;74770
WINFUT;03/11/2023;12:30:00;157147,53;157312,38;157134,34;157220,06;4396455505,00;139811
WINFUT;03/11/2023;12:25:00;157226,66;157239,84;157114,56;157147,53;3040516772,00;96730
WINFUT;03/11/2023;12:20:00;157187,09;157259,63;157042,03;157220,06;4308672844,00;137077
WINFUT;03/11/2023;12:15:00;156956,30;157259,63;156943,12;157180,50;6461966530,00;205620
WINFUT;03/11/2023;12:10:00;156850,80;156995,87;156758,48;156949,71;4383699357,00;139718
WINFUT;03/11/2023;12:05:00;156943,12;157009,06;156817,83;156850,80;3394064962,00;108148
WINFUT;03/11/2023;12:00:00;156956,30;157015,65;156844,21;156936,52;4758698712,00;151619
WINFUT;03/11/2023;11:55:00;156699,14;157022,24;156679,36;156956,30;5425345229,00;172949
WINFUT;03/11/2023;11:50:00;156923,33;156956,30;156646,39;156705,73;5779797745,00;184300
WINFUT;03/11/2023;11:45:00;156804,64;156929,93;156751,89;156929,93;4827150927,00;153883
WINFUT;03/11/2023;11:40:00;156758,48;156831,02;156679,36;156804,64;4186281727,00;133524
WINFUT;03/11/2023;11:35:00;156738,70;156784,86;156613,42;156751,89;5574307085,00;177858
WINFUT;03/11/2023;11:30:00;156448,57;156751,89;156402,41;156745,30;5848668859,00;186747
WINFUT;03/11/2023;11:25:00;156534,29;156685,95;156290,31;156448,57;8433783608,00;269524
WINFUT;03/11/2023;11:20:00;156870,58;156883,77;156514,51;156527,70;8075179256,00;257631
WINFUT;03/11/2023;11:15:00;156877,18;157160,72;156837,61;156870,58;8341557720,00;265661
WINFUT;03/11/2023;11:10:00;156850,80;156995,87;156844,21;156883,77;4959644443,00;158034
WINFUT;03/11/2023;11:05:00;157121,15;157200,28;156837,61;156850,80;7241126344,00;230593
WINFUT;03/11/2023;11:00:00;157318,97;157648,67;157094,78;157121,15;1,353316758E10;429865
WINFUT;03/11/2023;10:55:00;157318,97;157378,32;157180,50;157325,57;5006702618,00;159163
WINFUT;03/11/2023;10:50:00;157424,48;157536,57;157279,41;157325,57;8055086000,00;255880
WINFUT;03/11/2023;10:45:00;157167,31;157477,23;157160,72;157424,48;9294045266,00;295383
WINFUT;03/11/2023;10:40:00;156771,67;157233,25;156718,92;157160,72;9573773336,00;304920
WINFUT;03/11/2023;10:35:00;156329,88;156923,33;156303,50;156771,67;1,283522519E10;409543
WINFUT;03/11/2023;10:30:00;156257,34;156521,10;156165,03;156329,88;9529410078,00;304715
WINFUT;03/11/2023;10:25:00;156211,18;156296,91;156039,74;156263,94;6481990873,00;207539
WINFUT;03/11/2023;10:20:00;156184,81;156329,88;156072,71;156211,18;7881697505,00;252311
WINFUT;03/11/2023;10:15:00;156718,92;156725,51;156178,22;156184,81;1,046594595E10;334667
WINFUT;03/11/2023;10:10:00;156646,39;156765,08;156474,94;156718,92;8140780932,00;259883
WINFUT;03/11/2023;10:05:00;156672,76;156817,83;156534,29;156652,98;7194229254,00;229573
WINFUT;03/11/2023;10:00:00;156837,61;156956,30;156626,61;156666,17;8199947730,00;261460
WINFUT;03/11/2023;09:55:00;156672,76;156883,77;156573,85;156844,21;6063684663,00;193459
WINFUT;03/11/2023;09:50:00;156488,13;156831,02;156415,60;156666,17;7581787575,00;242012
WINFUT;03/11/2023;09:45:00;156481,54;156547,48;156362,85;156494,73;3852752671,00;123122
WINFUT;03/11/2023;09:40:00;156441,97;156600,23;156263,94;156481,54;6166617883,00;197077
WINFUT;03/11/2023;09:35:00;156527,70;156606,82;156263,94;156441,97;7105906152,00;227147
WINFUT;03/11/2023;09:30:00;155907,86;156659,58;155868,30;156527,70;1,514464106E10;484108
WINFUT;03/11/2023;09:25:00;155736,42;156250,75;155499,04;155901,27;6246343227,00;200462
WINFUT;03/11/2023;09:20:00;155624,32;155769,39;155604,54;155736,42;2674839300,00;85899
WINFUT;03/11/2023;09:15:00;155538,60;155749,61;155518,82;155624,32;4774052862,00;153347
WINFUT;03/11/2023;09:10:00;155492,44;155584,76;155353,97;155532,01;4285610545,00;137829
WINFUT;03/11/2023;09:05:00;155439,69;155696,86;155386,94;155485,85;6400488651,00;205786
WINFUT;03/11/2023;09:00:00;155307,81;155822,14;155241,87;155439,69;9548098790,00;306881
WINFUT;01/11/2023;17:50:00;154068,14;154173,65;153962,64;154173,65;1629589300,00;52885
WINFUT;01/11/2023;17:45:00;154074,74;154160,46;154008,80;154061,55;1596594885,00;51815
WINFUT;01/11/2023;17:40:00;154008,80;154167,05;153916,48;154074,74;2610526390,00;84743
WINFUT;01/11/2023;17:35:00;153890,11;154074,74;153890,11;154015,39;2871391321,00;93234
WINFUT;01/11/2023;17:30:00;153810,98;153962,64;153758,23;153890,11;2836000276,00;92155
WINFUT;01/11/2023;17:25:00;153857,14;153929,67;153784,60;153817,57;2388577370,00;77624
WINFUT;01/11/2023;17:20:00;153705,48;153870,33;153672,51;153857,14;2291243283,00;74509
WINFUT;01/11/2023;17:15:00;153731,85;153745,04;153606,57;153712,07;2970847814,00;96659
WINFUT;01/11/2023;17:10:00;153646,13;153810,98;153626,35;153731,85;2712159769,00;88209
WINFUT;01/11/2023;17:05:00;153731,85;153784,60;153593,38;153639,54;3596800213,00;117025
WINFUT;01/11/2023;17:00:00;153843,95;153962,64;153692,29;153725,26;3940874826,00;128087
WINFUT;01/11/2023;16:55:00;153870,33;153989,02;153817,57;153843,95;3773172566,00;122585
WINFUT;01/11/2023;16:50:00;153718,66;153936,26;153659,32;153863,73;5318706347,00;172917
WINFUT;01/11/2023;16:45:00;153883,51;153890,11;153679,10;153718,66;3985429881,00;129579
WINFUT;01/11/2023;16:40:00;153942,86;154002,20;153843,95;153883,51;4080934128,00;132573
WINFUT;01/11/2023;16:35:00;153969,23;154068,14;153909,89;153942,86;5389198232,00;174996
WINFUT;01/11/2023;16:30:00;153712,07;154074,74;153626,35;153969,23;9739699550,00;316459
WINFUT;01/11/2023;16:25:00;153665,91;153764,82;153599,97;153718,66;4229090318,00;137586
WINFUT;01/11/2023;16:20:00;153520,84;153679,10;153494,47;153665,91;4281447372,00;139370
WINFUT;01/11/2023;16:15:00;153481,28;153599,97;153448,31;153520,84;4016643039,00;130817
WINFUT;01/11/2023;16:10:00;153534,03;153764,82;153415,34;153487,87;7921788437,00;257885
WINFUT;01/11/2023;16:05:00;153507,66;153751,63;153421,94;153534,03;7216769327,00;234937
WINFUT;01/11/2023;16:00:00;153474,69;153731,85;153468,09;153514,25;7200346570,00;234390
WINFUT;01/11/2023;15:55:00;153336,21;153567,00;153303,24;153481,28;6399245863,00;208480
WINFUT;01/11/2023;15:50:00;153204,33;153435,12;153184,55;153336,21;7574564182,00;247024
WINFUT;01/11/2023;15:45:00;152966,95;153276,87;152887,82;153204,33;9275556882,00;302876
WINFUT;01/11/2023;15:40:00;153177,96;153263,68;152742,76;152960,36;1,109318769E10;362523
WINFUT;01/11/2023;15:35:00;153395,56;153619,75;153112,02;153177,96;1,069564839E10;348665
WINFUT;01/11/2023;15:30:00;153177,96;153646,13;153177,96;153388,97;9423963836,00;307098
WINFUT;01/11/2023;15:25:00;153105,42;153257,09;153065,86;153177,96;4885761233,00;159491
WINFUT;01/11/2023;15:20:00;153065,86;153125,21;152980,14;153098,83;3399675034,00;111062
WINFUT;01/11/2023;15:15:00;153039,48;153171,36;152802,10;153072,45;9428153008,00;308131
WINFUT;01/11/2023;15:10:00;153356,00;153415,34;153032,89;153046,08;5399038282,00;176180
WINFUT;01/11/2023;15:05:00;153415,34;153567,00;153283,46;153356,00;5203509011,00;169576
WINFUT;01/11/2023;15:00:00;153481,28;153817,57;153257,09;153415,34;1,068261867E10;347983
WINFUT;01/11/2023;14:55:00;153362,59;153593,38;153237,30;153481,28;6319933006,00;206005
WINFUT;01/11/2023;14:50:00;153112,02;153639,54;153085,64;153356,00;8782711856,00;286322
WINFUT;01/11/2023;14:45:00;152966,95;153131,80;152933,98;153112,02;3835240888,00;125308
WINFUT;01/11/2023;14:40:00;152868,04;152993,33;152795,51;152966,95;3126914421,00;102256
WINFUT;01/11/2023;14:35:00;152835,07;152933,98;152821,88;152874,64;2956567928,00;96697
WINFUT;01/11/2023;14:30:00;152993,33;152999,92;152762,54;152835,07;4736838195,00;154948
WINFUT;01/11/2023;14:25:00;152927,39;153059,27;152914,20;152993,33;3470389865,00;113413
WINFUT;01/11/2023;14:20:00;153013,11;153125,21;152894,42;152920,79;4462662054,00;145837
WINFUT;01/11/2023;14:15:00;153085,64;153164,77;153013,11;153019,70;3755025344,00;122644
WINFUT;01/11/2023;14:10:00;152960,36;153138,39;152927,39;153085,64;4512760657,00;147432
WINFUT;01/11/2023;14:05:00;152960,36;153098,83;152914,20;152960,36;4306548256,00;140747
WINFUT;01/11/2023;14:00:00;152960,36;153059,27;152881,23;152966,95;4765928391,00;155774
WINFUT;01/11/2023;13:55:00;152861,45;153059,27;152815,29;152966,95;3826084967,00;125108
WINFUT;01/11/2023;13:50:00;152841,67;152907,61;152696,60;152868,04;5013697876,00;164046
WINFUT;01/11/2023;13:45:00;152604,28;152861,45;152597,69;152841,67;4834918324,00;158269
WINFUT;01/11/2023;13:40:00;152670,22;152683,41;152525,15;152610,88;5556952942,00;182089
WINFUT;01/11/2023;13:35:00;152815,29;152848,26;152643,85;152676,82;3340697503,00;109364
WINFUT;01/11/2023;13:30:00;152742,76;152887,82;152709,79;152815,29;3455288864,00;113065
WINFUT;01/11/2023;13:25:00;152841,67;152848,26;152729,57;152749,35;3446967847,00;112814
WINFUT;01/11/2023;13:20:00;152887,82;152907,61;152821,88;152835,07;2066188901,00;67580
WINFUT;01/11/2023;13:15:00;152874,64;152894,42;152769,13;152881,23;3435860832,00;112409
WINFUT;01/11/2023;13:10:00;152835,07;152940,58;152828,48;152874,64;2649617690,00;86657
WINFUT;01/11/2023;13:05:00;152914,20;152914,20;152788,91;152828,48;3757970907,00;122942
WINFUT;01/11/2023;13:00:00;152986,73;152993,33;152835,07;152914,20;3003159975,00;98202
WINFUT;01/11/2023;12:55:00;152907,61;153019,70;152828,48;152986,73;4384408480,00;143335
WINFUT;01/11/2023;12:50:00;153072,45;153079,05;152828,48;152901,01;5573226556,00;182179
WINFUT;01/11/2023;12:45:00;153177,96;153224,12;153059,27;153065,86;2835008126,00;92568
WINFUT;01/11/2023;12:40:00;153151,58;153276,87;153125,21;153177,96;3411367802,00;111342
WINFUT;01/11/2023;12:35:00;153118,61;153283,46;153085,64;153158,18;4547880016,00;148416
WINFUT;01/11/2023;12:30:00;153125,21;153171,36;153059,27;153125,21;2995448003,00;97822
WINFUT;01/11/2023;12:25:00;153019,70;153243,90;153013,11;153118,61;6324878314,00;206524
WINFUT;01/11/2023;12:20:00;152980,14;153039,48;152881,23;153019,70;3679905595,00;120292
WINFUT;01/11/2023;12:15:00;152881,23;153026,30;152788,91;152980,14;4814812022,00;157455
WINFUT;01/11/2023;12:10:00;153191,15;153197,74;152835,07;152881,23;7184377445,00;234821
WINFUT;01/11/2023;12:05:00;153131,80;153243,90;153072,45;153197,74;3631704128,00;118547
WINFUT;01/11/2023;12:00:00;153112,02;153151,58;152907,61;153125,21;6925714990,00;226301
WINFUT;01/11/2023;11:55:00;153217,52;153316,43;153098,83;153112,02;4660522810,00;152091
WINFUT;01/11/2023;11:50:00;153191,15;153270,27;153039,48;153217,52;6381862211,00;208345
WINFUT;01/11/2023;11:45:00;153362,59;153421,94;153177,96;153191,15;7912620191,00;258067
WINFUT;01/11/2023;11:40:00;153158,18;153362,59;153098,83;153356,00;7947953479,00;259317
WINFUT;01/11/2023;11:35:00;153046,08;153171,36;152966,95;153164,77;3900987437,00;127428
WINFUT;01/11/2023;11:30:00;153052,67;153131,80;152947,17;153052,67;4110753213,00;134301
WINFUT;01/11/2023;11:25:00;153125,21;153171,36;152960,36;153052,67;6492311548,00;212090
WINFUT;01/11/2023;11:20:00;152901,01;153197,74;152874,64;153131,80;7855207403,00;256596
WINFUT;01/11/2023;11:15:00;152973,54;152986,73;152821,88;152901,01;5766745091,00;188576
WINFUT;01/11/2023;11:10:00;152854,85;153052,67;152742,76;152973,54;7716859253,00;252318
WINFUT;01/11/2023;11:05:00;152788,91;152933,98;152624,06;152854,85;9658028204,00;316039
WINFUT;01/11/2023;11:00:00;152505,37;152861,45;152492,19;152782,32;1,148830614E10;376102
WINFUT;01/11/2023;10:55:00;152538,34;152637,25;152419,65;152505,37;6075277716,00;199170
WINFUT;01/11/2023;10:50:00;152696,60;152709,79;152511,97;152538,34;6574253547,00;215412
WINFUT;01/11/2023;10:45:00;152162,49;152742,76;152149,30;152696,60;1,203374545E10;394504
WINFUT;01/11/2023;10:40:00;152393,28;152446,03;152149,30;152162,49;7717667868,00;253363
WINFUT;01/11/2023;10:35:00;152056,98;152505,37;152017,42;152393,28;1,340484174E10;440054
WINFUT;01/11/2023;10:30:00;151911,92;152116,33;151905,32;152056,98;8218010325,00;270297
WINFUT;01/11/2023;10:25:00;151898,73;152037,20;151813,01;151918,51;5445231419,00;179198
WINFUT;01/11/2023;10:20:00;151964,67;152017,42;151839,38;151898,73;5851041079,00;192563
WINFUT;01/11/2023;10:15:00;151859,16;152024,01;151799,82;151958,07;7667655560,00;252337
WINFUT;01/11/2023;10:10:00;151938,29;151964,67;151720,69;151859,16;6621858507,00;218056
WINFUT;01/11/2023;10:05:00;151747,07;151951,48;151661,34;151944,89;7627791798,00;251214
WINFUT;01/11/2023;10:00:00;151832,79;151859,16;151569,03;151747,07;7652354073,00;252254
WINFUT;01/11/2023;09:55:00;151760,25;151905,32;151727,28;151839,38;5289297175,00;174195
WINFUT;01/11/2023;09:50:00;151799,82;151878,95;151727,28;151766,85;5126430174,00;168845
WINFUT;01/11/2023;09:45:00;151562,44;151819,60;151562,44;151793,22;6677568460,00;220061
WINFUT;01/11/2023;09:40:00;151621,78;151727,28;151555,84;151562,44;5891538205,00;194276
WINFUT;01/11/2023;09:35:00;151575,62;151747,07;151522,87;151628,37;7453383358,00;245784
WINFUT;01/11/2023;09:30:00;151298,68;151582,22;151298,68;151575,62;8422180983,00;278023
WINFUT;01/11/2023;09:25:00;151351,43;151371,21;151272,30;151298,68;2583129119,00;85354
WINFUT;01/11/2023;09:20:00;151259,11;151430,56;151153,61;151358,02;7354464415,00;243053
WINFUT;01/11/2023;09:15:00;150856,88;151292,08;150790,94;151259,11;8967674573,00;296837
WINFUT;01/11/2023;09:10:00;150797,53;150909,63;150698,62;150856,88;3822638991,00;126741
WINFUT;01/11/2023;09:05:00;150797,53;150850,29;150632,69;150797,53;5621935672,00;186466
WINFUT;01/11/2023;09:00:00;151041,51;151173,39;150744,78;150797,53;7412880229,00;245571
WINFUT;31/10/2023;17:50:00;151127,23;151397,59;151127,23;151226,14;1372659782,00;45383
WINFUT;31/10/2023;17:45:00;151186,58;151219,55;151114,05;151133,83;1232346650,00;40758
WINFUT;31/10/2023;17:40:00;151120,64;151245,92;151074,48;151179,98;1695413209,00;56069
WINFUT;31/10/2023;17:35:00;151173,39;151239,33;151054,70;151120,64;2150927861,00;71161
WINFUT;31/10/2023;17:30:00;150975,57;151272,30;150922,82;151179,98;2862035044,00;94709
WINFUT;31/10/2023;17:25:00;150982,17;151001,95;150889,85;150968,98;1432714103,00;47456
WINFUT;31/10/2023;17:20:00;150949,20;151041,51;150843,69;150988,76;2912192753,00;96468
WINFUT;31/10/2023;17:15:00;151074,48;151114,05;150922,82;150955,79;2679444215,00;88727
WINFUT;31/10/2023;17:10:00;151100,86;151120,64;151041,51;151074,48;1773947967,00;58708
WINFUT;31/10/2023;17:05:00;151206,36;151219,55;150988,76;151100,86;3776197759,00;124979
WINFUT;31/10/2023;17:00:00;151292,08;151298,68;151114,05;151206,36;3854810032,00;127474
WINFUT;31/10/2023;16:55:00;151067,89;151311,86;151061,29;151298,68;8341254690,00;275818
WINFUT;31/10/2023;16:50:00;150922,82;151087,67;150837,10;151067,89;4722011953,00;156399
WINFUT;31/10/2023;16:45:00;150988,76;150988,76;150843,69;150922,82;3640564543,00;120614
WINFUT;31/10/2023;16:40:00;150837,10;151008,54;150790,94;150995,35;4185711514,00;138685
WINFUT;31/10/2023;16:35:00;150784,35;150896,44;150764,56;150830,50;3042706476,00;100857
WINFUT;31/10/2023;16:30:00;150810,72;150830,50;150645,87;150784,35;4293094274,00;142396
WINFUT;31/10/2023;16:25:00;150757,97;150843,69;150678,84;150804,13;3778713937,00;125316
WINFUT;31/10/2023;16:20:00;150988,76;151001,95;150751,38;150751,38;4963696676,00;164548
WINFUT;31/10/2023;16:15:00;150896,44;151008,54;150883,26;150995,35;3025396588,00;100214
WINFUT;31/10/2023;16:10:00;151021,73;151034,92;150863,47;150889,85;3107105136,00;102935
WINFUT;31/10/2023;16:05:00;151008,54;151028,32;150896,44;151015,14;3375878118,00;111812
WINFUT;31/10/2023;16:00:00;150955,79;151067,89;150896,44;151008,54;4027347409,00;133361
WINFUT;31/10/2023;15:55:00;150909,63;151107,45;150896,44;150955,79;5116908954,00;169468
WINFUT;31/10/2023;15:50:00;150922,82;150975,57;150837,10;150909,63;3050278138,00;101065
WINFUT;31/10/2023;15:45:00;150929,41;150995,35;150850,29;150922,82;3349070322,00;110960
WINFUT;31/10/2023;15:40:00;150830,50;151001,95;150810,72;150929,41;5254358240,00;174097
WINFUT;31/10/2023;15:35:00;150731,59;150850,29;150652,47;150830,50;4035187487,00;133827
WINFUT;31/10/2023;15:30:00;150507,40;150823,91;150474,43;150731,59;7488983225,00;248504
WINFUT;31/10/2023;15:25:00;150645,87;150672,25;150500,81;150507,40;3886619688,00;129061
WINFUT;31/10/2023;15:20:00;150619,50;150731,59;150553,56;150645,87;5338167453,00;177189
WINFUT;31/10/2023;15:15:00;150883,26;150949,20;150612,90;150626,09;5795507194,00;192178
WINFUT;31/10/2023;15:10:00;150975,57;151028,32;150856,88;150883,26;4355522405,00;144276
WINFUT;31/10/2023;15:05:00;150870,07;151015,14;150850,29;150975,57;4093540918,00;135609
WINFUT;31/10/2023;15:00:00;151074,48;151127,23;150790,94;150863,47;7684360120,00;254572
WINFUT;31/10/2023;14:55:00;151199,77;151325,05;151067,89;151081,08;5589911423,00;184857
WINFUT;31/10/2023;14:50:00;151028,32;151226,14;151001,95;151199,77;4484348757,00;148361
WINFUT;31/10/2023;14:45:00;151015,14;151074,48;150962,38;151028,32;2707839060,00;89655
WINFUT;31/10/2023;14:40:00;150995,35;151081,08;150936,01;151021,73;4182724794,00;138487
WINFUT;31/10/2023;14:35:00;150955,79;151028,32;150837,10;150988,76;4424747464,00;146587
WINFUT;31/10/2023;14:30:00;150804,13;150982,17;150771,16;150962,38;5097545980,00;168946
WINFUT;31/10/2023;14:25:00;150843,69;150856,88;150692,03;150804,13;5368768837,00;178058
WINFUT;31/10/2023;14:20:00;150975,57;150988,76;150790,94;150837,10;3710253145,00;122956
WINFUT;31/10/2023;14:15:00;150988,76;151048,11;150843,69;150968,98;5876137744,00;194648
WINFUT;31/10/2023;14:10:00;151081,08;151133,83;150942,60;150988,76;7891428133,00;261255
WINFUT;31/10/2023;14:05:00;151259,11;151298,68;151081,08;151081,08;3899002375,00;128956
WINFUT;31/10/2023;14:00:00;151127,23;151305,27;151127,23;151259,11;4005634504,00;132438
WINFUT;31/10/2023;13:55:00;151318,46;151371,21;151100,86;151127,23;4666922995,00;154282
WINFUT;31/10/2023;13:50:00;151516,28;151549,25;151285,49;151311,86;5755356650,00;190052
WINFUT;31/10/2023;13:45:00;151318,46;151542,65;151272,30;151522,87;4248437037,00;140284
WINFUT;31/10/2023;13:40:00;151344,83;151390,99;151226,14;151311,86;3746425620,00;123808
WINFUT;31/10/2023;13:35:00;151377,80;151390,99;151153,61;151338,24;5145867633,00;170084
WINFUT;31/10/2023;13:30:00;151226,14;151470,12;151212,95;151377,80;5209788987,00;172111
WINFUT;31/10/2023;13:25:00;151272,30;151311,86;151147,01;151226,14;3079796367,00;101829
WINFUT;31/10/2023;13:20:00;151226,14;151305,27;151212,95;151272,30;2338988246,00;77315
WINFUT;31/10/2023;13:15:00;151331,65;151384,40;151206,36;151226,14;4192983570,00;138576
WINFUT;31/10/2023;13:10:00;151390,99;151496,50;151311,86;151331,65;3816023131,00;126015
WINFUT;31/10/2023;13:05:00;151404,18;151437,15;151285,49;151390,99;3626330561,00;119791
WINFUT;31/10/2023;13:00:00;151608,59;151608,59;151311,86;151397,59;6186565351,00;204253
WINFUT;31/10/2023;12:55:00;151179,98;151634,97;151166,80;151602,00;7490327285,00;247326
WINFUT;31/10/2023;12:50:00;151173,39;151252,52;151100,86;151179,98;3377245032,00;111706
WINFUT;31/10/2023;12:45:00;151193,17;151272,30;151107,45;151179,98;4452186927,00;147239
WINFUT;31/10/2023;12:40:00;151265,71;151265,71;151081,08;151199,77;4708637969,00;155738
WINFUT;31/10/2023;12:35:00;151377,80;151423,96;151232,74;151272,30;3425031050,00;113172
WINFUT;31/10/2023;12:30:00;151377,80;151555,84;151245,92;151371,21;5731573799,00;189285
WINFUT;31/10/2023;12:25:00;151199,77;151575,62;151199,77;151377,80;6368861256,00;210304
WINFUT;31/10/2023;12:20:00;151305,27;151404,18;151173,39;151199,77;5401848954,00;178529
WINFUT;31/10/2023;12:15:00;151443,74;151463,53;151226,14;151311,86;5762324360,00;190395
WINFUT;31/10/2023;12:10:00;151298,68;151542,65;151252,52;151443,74;6861909090,00;226629
WINFUT;31/10/2023;12:05:00;151239,33;151311,86;151074,48;151298,68;6820762357,00;225572
WINFUT;31/10/2023;12:00:00;151114,05;151390,99;151107,45;151239,33;6827362633,00;225690
WINFUT;31/10/2023;11:55:00;151226,14;151371,21;151034,92;151107,45;8388445688,00;277419
WINFUT;31/10/2023;11:50:00;150843,69;151252,52;150837,10;151226,14;7391042254,00;244628
WINFUT;31/10/2023;11:45:00;151127,23;151127,23;150823,91;150850,29;6773289809,00;224314
WINFUT;31/10/2023;11:40:00;150612,90;151160,20;150599,72;151127,23;8314808149,00;275540
WINFUT;31/10/2023;11:35:00;150692,03;150751,38;150586,53;150619,50;6059393017,00;201099
WINFUT;31/10/2023;11:30:00;150909,63;150995,35;150639,28;150685,44;7653400926,00;253750
WINFUT;31/10/2023;11:25:00;150962,38;151107,45;150797,53;150909,63;9211888353,00;305165
WINFUT;31/10/2023;11:20:00;151292,08;151344,83;150955,79;150962,38;7642563732,00;252846
WINFUT;31/10/2023;11:15:00;151344,83;151562,44;151252,52;151298,68;1,080050734E10;356625
WINFUT;31/10/2023;11:10:00;150863,47;151390,99;150850,29;151338,24;1,255663546E10;415244
WINFUT;31/10/2023;11:05:00;150606,31;150903,04;150540,37;150856,88;9990438096,00;331396
WINFUT;31/10/2023;11:00:00;150500,81;150619,50;150302,99;150606,31;8130023610,00;270191
WINFUT;31/10/2023;10:55:00;150434,87;150665,65;150395,30;150500,81;8705445106,00;289153
WINFUT;31/10/2023;10:50:00;150329,36;150520,59;150078,79;150428,27;1,119836149E10;372584
WINFUT;31/10/2023;10:45:00;150322,77;150487,62;150237,05;150322,77;9153433151,00;304371
WINFUT;31/10/2023;10:40:00;150204,08;150454,65;150111,76;150322,77;9832458281,00;327086
WINFUT;31/10/2023;10:35:00;149999,66;150237,05;149828,22;150204,08;1,063762493E10;354463
WINFUT;31/10/2023;10:30:00;149874,38;150164,51;149749,09;149999,66;1,099547433E10;366609
WINFUT;31/10/2023;10:25:00;149841,41;149894,16;149729,31;149874,38;4683784446,00;156326
WINFUT;31/10/2023;10:20:00;149755,69;149999,66;149722,72;149834,81;9420338699,00;314314
WINFUT;31/10/2023;10:15:00;149755,69;149861,19;149571,06;149755,69;1,023191677E10;341732
WINFUT;31/10/2023;10:10:00;149993,07;150072,20;149643,59;149755,69;1,261737089E10;420982
WINFUT;31/10/2023;10:05:00;150454,65;150593,12;149927,13;149993,07;1,133865858E10;377268
WINFUT;31/10/2023;10:00:00;150593,12;150612,90;150388,71;150454,65;6188409114,00;205603
WINFUT;31/10/2023;09:55:00;150705,22;150731,59;150586,53;150599,72;3528734340,00;117102
WINFUT;31/10/2023;09:50:00;150546,96;150711,81;150487,62;150711,81;3987257090,00;132377
WINFUT;31/10/2023;09:45:00;150566,75;150698,62;150500,81;150540,37;5871922833,00;194945
WINFUT;31/10/2023;09:40:00;150434,87;150586,53;150395,30;150566,75;5461352188,00;181454
WINFUT;31/10/2023;09:35:00;150790,94;150870,07;150395,30;150428,27;9572533541,00;317765
WINFUT;31/10/2023;09:30:00;150850,29;150936,01;150738,19;150784,35;7736718451,00;256478
WINFUT;31/10/2023;09:25:00;150975,57;150995,35;150830,50;150850,29;4008393882,00;132805
WINFUT;31/10/2023;09:20:00;150949,20;151094,26;150942,60;150982,17;5370229815,00;177815
WINFUT;31/10/2023;09:15:00;150830,50;150982,17;150810,72;150955,79;4521369824,00;149819
WINFUT;31/10/2023;09:10:00;150645,87;150863,47;150612,90;150830,50;4012841099,00;133090
WINFUT;31/10/2023;09:05:00;150790,94;150797,53;150454,65;150645,87;6381417278,00;211816
WINFUT;31/10/2023;09:00:00;150672,25;150916,23;150375,52;150790,94;7926562432,00;262987
WINFUT;30/10/2023;17:50:00;149966,69;150144,73;149940,32;150078,79;1226879914,00;40886
WINFUT;30/10/2023;17:45:00;150078,79;150078,79;149880,97;149973,29;2216416820,00;73893
WINFUT;30/10/2023;17:40:00;150059,01;150105,17;150032,63;150072,20;1324210506,00;44121
WINFUT;30/10/2023;17:35:00;150085,39;150124,95;150026,04;150059,01;1596038707,00;53173
WINFUT;30/10/2023;17:30:00;150006,26;150157,92;149999,66;150098,57;2499750499,00;83285
WINFUT;30/10/2023;17:25:00;150026,04;150065,60;149966,69;150006,26;1312077327,00;43730
WINFUT;30/10/2023;17:20:00;150012,85;150098,57;149999,66;150026,04;2024974507,00;67474
WINFUT;30/10/2023;17:15:00;150019,45;150085,39;149920,54;150012,85;2790893655,00;93029
WINFUT;30/10/2023;17:10:00;150190,89;150270,02;149979,88;150019,45;3480468302,00;115927
WINFUT;30/10/2023;17:05:00;150138,14;150243,64;150072,20;150190,89;2831955719,00;94293
WINFUT;30/10/2023;17:00:00;150039,23;150157,92;149953,51;150144,73;3261840121,00;108690
WINFUT;30/10/2023;16:55:00;150032,63;150144,73;150006,26;150039,23;3342918131,00;111379
WINFUT;30/10/2023;16:50:00;149920,54;150111,76;149920,54;150026,04;4760685084,00;158649
WINFUT;30/10/2023;16:45:00;149880,97;149993,07;149834,81;149913,94;4225035239,00;140911
WINFUT;30/10/2023;16:40:00;150091,98;150144,73;149815,03;149887,57;6559194607,00;218725
WINFUT;30/10/2023;16:35:00;150263,42;150263,42;150065,60;150098,57;3778697905,00;125844
WINFUT;30/10/2023;16:30:00;150289,80;150329,36;150045,82;150263,42;5721810405,00;190490
WINFUT;30/10/2023;16:25:00;150184,30;150302,99;150118,36;150296,39;4442295549,00;147861
WINFUT;30/10/2023;16:20:00;150283,20;150302,99;150138,14;150190,89;4080594235,00;135829
WINFUT;30/10/2023;16:15:00;150355,74;150395,30;150243,64;150276,61;2895494369,00;96315
WINFUT;30/10/2023;16:10:00;150316,17;150368,93;150283,20;150355,74;2815975686,00;93662
WINFUT;30/10/2023;16:05:00;150401,90;150481,02;150302,99;150316,17;3914828638,00;130151
WINFUT;30/10/2023;16:00:00;150263,42;150560,15;150263,42;150408,49;8095625034,00;269105
WINFUT;30/10/2023;15:55:00;150302,99;150309,58;150204,08;150256,83;2350297450,00;78214
WINFUT;30/10/2023;15:50:00;150428,27;150428,27;150223,86;150302,99;3659923690,00;121754
WINFUT;30/10/2023;15:45:00;150349,14;150428,27;150276,61;150428,27;2952211747,00;98172
WINFUT;30/10/2023;15:40:00;150355,74;150434,87;150322,77;150342,55;2387817951,00;79396
WINFUT;30/10/2023;15:35:00;150401,90;150454,65;150316,17;150355,74;3643420878,00;121135
WINFUT;30/10/2023;15:30:00;150059,01;150428,27;150052,42;150401,90;4620196875,00;153754
WINFUT;30/10/2023;15:25:00;150151,33;150230,45;150039,23;150052,42;5109914651,00;170186
WINFUT;30/10/2023;15:20:00;150322,77;150329,36;150124,95;150151,33;3955129936,00;131633
WINFUT;30/10/2023;15:15:00;150434,87;150441,46;150118,36;150329,36;7317809515,00;243528
WINFUT;30/10/2023;15:10:00;150421,68;150520,59;150421,68;150434,87;2299910414,00;76424
WINFUT;30/10/2023;15:05:00;150586,53;150606,31;150388,71;150428,27;3658995506,00;121570
WINFUT;30/10/2023;15:00:00;150487,62;150612,90;150461,24;150586,53;3608531706,00;119851
WINFUT;30/10/2023;14:55:00;150454,65;150494,21;150342,55;150481,02;3005925686,00;99925
WINFUT;30/10/2023;14:50:00;150454,65;150513,99;150388,71;150448,05;2947980910,00;97974
WINFUT;30/10/2023;14:45:00;150461,24;150553,56;150421,68;150461,24;2436002564,00;80932
WINFUT;30/10/2023;14:40:00;150494,21;150520,59;150382,11;150454,65;3137744653,00;104273
WINFUT;30/10/2023;14:35:00;150375,52;150500,81;150283,20;150487,62;3891457239,00;129394
WINFUT;30/10/2023;14:30:00;150335,96;150513,99;150322,77;150375,52;4290019769,00;142602
WINFUT;30/10/2023;14:25:00;150395,30;150408,49;150283,20;150335,96;2471840237,00;82215
WINFUT;30/10/2023;14:20:00;150368,93;150428,27;150316,17;150401,90;2453974436,00;81601
WINFUT;30/10/2023;14:15:00;150388,71;150461,24;150355,74;150375,52;2359856820,00;78444
WINFUT;30/10/2023;14:10:00;150375,52;150415,08;150302,99;150395,30;2281090434,00;75855
WINFUT;30/10/2023;14:05:00;150401,90;150461,24;150302,99;150375,52;3409109633,00;113353
WINFUT;30/10/2023;14:00:00;150230,45;150421,68;150184,30;150401,90;4196350439,00;139604
WINFUT;30/10/2023;13:55:00;149993,07;150256,83;149986,48;150230,45;4800666210,00;159894
WINFUT;30/10/2023;13:50:00;150283,20;150302,99;149874,38;149999,66;7915150874,00;263763
WINFUT;30/10/2023;13:45:00;150368,93;150454,65;150230,45;150283,20;5661851116,00;188319
WINFUT;30/10/2023;13:40:00;150566,75;150593,12;150342,55;150368,93;4134471164,00;137386
WINFUT;30/10/2023;13:35:00;150593,12;150771,16;150520,59;150566,75;4300508873,00;142736
WINFUT;30/10/2023;13:30:00;150520,59;150645,87;150494,21;150599,72;1950008776,00;64743
WINFUT;30/10/2023;13:25:00;150560,15;150612,90;150467,84;150520,59;2503827971,00;83166
WINFUT;30/10/2023;13:20:00;150520,59;150659,06;150487,62;150560,15;3075961264,00;102132
WINFUT;30/10/2023;13:15:00;150619,50;150718,41;150415,08;150513,99;4191215440,00;139194
WINFUT;30/10/2023;13:10:00;150481,02;150751,38;150474,43;150612,90;4169469449,00;138400
WINFUT;30/10/2023;13:05:00;150790,94;150863,47;150382,11;150487,62;5675890114,00;188381
WINFUT;30/10/2023;13:00:00;150731,59;150837,10;150599,72;150790,94;4182103745,00;138736
WINFUT;30/10/2023;12:55:00;150467,84;150751,38;150441,46;150731,59;4151064888,00;137800
WINFUT;30/10/2023;12:50:00;150520,59;150632,69;150401,90;150467,84;4767774629,00;158400
WINFUT;30/10/2023;12:45:00;150494,21;150692,03;150329,36;150520,59;6267194343,00;208205
WINFUT;30/10/2023;12:40:00;150566,75;150599,72;150045,82;150494,21;1,22506738E10;407426
WINFUT;30/10/2023;12:35:00;151067,89;151199,77;150520,59;150566,75;8479515736,00;280976
WINFUT;30/10/2023;12:30:00;151298,68;151298,68;150968,98;151067,89;5288209361,00;174960
WINFUT;30/10/2023;12:25:00;151219,55;151318,46;151054,70;151292,08;5966157539,00;197280
WINFUT;30/10/2023;12:20:00;151305,27;151404,18;150903,04;151219,55;9706471025,00;321148
WINFUT;30/10/2023;12:15:00;151634,97;151740,47;151245,92;151298,68;9545917510,00;315115
WINFUT;30/10/2023;12:10:00;151799,82;151991,04;151634,97;151634,97;8816272900,00;290351
WINFUT;30/10/2023;12:05:00;151667,94;151944,89;151654,75;151799,82;9239713921,00;304310
WINFUT;30/10/2023;12:00:00;151661,34;151780,04;151595,40;151667,94;6577255903,00;216807
WINFUT;30/10/2023;11:55:00;151166,80;151707,50;151107,45;151661,34;1,004780171E10;331801
WINFUT;30/10/2023;11:50:00;151147,01;151298,68;150942,60;151160,20;1,178866871E10;390098
WINFUT;30/10/2023;11:45:00;151615,19;151667,94;151028,32;151140,42;1,468960414E10;485493
WINFUT;30/10/2023;11:40:00;151483,31;151753,66;151463,53;151615,19;7494181780,00;247113
WINFUT;30/10/2023;11:35:00;151634,97;151648,16;151377,80;151483,31;6932520552,00;228795
WINFUT;30/10/2023;11:30:00;151430,56;151661,34;151331,65;151634,97;6721646639,00;221836
WINFUT;30/10/2023;11:25:00;151496,50;151522,87;151285,49;151437,15;9687929582,00;319992
WINFUT;30/10/2023;11:20:00;151687,72;151747,07;151463,53;151496,50;8371860445,00;276099
WINFUT;30/10/2023;11:15:00;151905,32;151971,26;151654,75;151687,72;8207653808,00;270379
WINFUT;30/10/2023;11:10:00;151944,89;152043,79;151799,82;151898,73;6617471745,00;217814
WINFUT;30/10/2023;11:05:00;151885,54;152142,70;151826,19;151944,89;7962575562,00;261943
WINFUT;30/10/2023;11:00:00;152129,52;152215,24;151753,66;151892,13;1,13695534E10;374141
WINFUT;30/10/2023;10:55:00;152175,67;152287,77;152056,98;152129,52;5459886892,00;179394
WINFUT;30/10/2023;10:50:00;152235,02;152327,34;152096,55;152169,08;6648272079,00;218408
WINFUT;30/10/2023;10:45:00;152281,18;152432,84;152169,08;152235,02;7646172670,00;250980
WINFUT;30/10/2023;10:40:00;152070,17;152314,15;152010,83;152274,58;6375663637,00;209507
WINFUT;30/10/2023;10:35:00;152241,61;152366,90;151977,86;152070,17;9299659236,00;305568
WINFUT;30/10/2023;10:30:00;152300,96;152406,46;152103,14;152235,02;1,009879953E10;331606
WINFUT;30/10/2023;10:25:00;152274,58;152492,19;152254,80;152294,37;8220630553,00;269753
WINFUT;30/10/2023;10:20:00;152142,70;152294,37;152050,39;152267,99;5937561348,00;195067
WINFUT;30/10/2023;10:15:00;152195,46;152202,05;151931,70;152142,70;6561588355,00;215760
WINFUT;30/10/2023;10:10:00;152083,36;152208,64;151892,13;152188,86;9533636619,00;313516
WINFUT;30/10/2023;10:05:00;152241,61;152274,58;152056,98;152076,76;7798408499,00;256274
WINFUT;30/10/2023;10:00:00;152314,15;152399,87;152182,27;152248,21;5801460818,00;190497
WINFUT;30/10/2023;09:55:00;152419,65;152426,25;152294,37;152314,15;3089782039,00;101389
WINFUT;30/10/2023;09:50:00;152314,15;152426,25;152241,61;152419,65;4743218627,00;155693
WINFUT;30/10/2023;09:45:00;152347,12;152399,87;152294,37;152307,55;3608233026,00;118427
WINFUT;30/10/2023;09:40:00;152340,52;152439,43;152340,52;152347,12;2709570310,00;88901
WINFUT;30/10/2023;09:35:00;152511,97;152544,94;152307,55;152347,12;4306780560,00;141297
WINFUT;30/10/2023;09:30:00;152459,22;152617,47;152426,25;152518,56;4837835834,00;158602
WINFUT;30/10/2023;09:25:00;152577,91;152577,91;152353,71;152465,81;6139734749,00;201377
WINFUT;30/10/2023;09:20:00;152775,73;152782,32;152564,72;152577,91;4254194667,00;139329
WINFUT;30/10/2023;09:15:00;152769,13;152861,45;152729,57;152782,32;4780371374,00;156430
WINFUT;30/10/2023;09:10:00;152610,88;152828,48;152604,28;152762,54;5917955504,00;193757
WINFUT;30/10/2023;09:05:00;152439,43;152683,41;152399,87;152610,88;4779490697,00;156644
WINFUT;30/10/2023;09:00:00;152386,68;152564,72;152162,49;152439,43;7433100086,00;243888
WINFUT;27/10/2023;17:50:00;151569,03;151634,97;151450,34;151608,59;1540646270,00;50823
WINFUT;27/10/2023;17:45:00;151595,40;151628,37;151509,68;151562,44;1816352461,00;59916
WINFUT;27/10/2023;17:40:00;151410,77;151608,59;151371,21;151588,81;2389729875,00;78875
WINFUT;27/10/2023;17:35:00;151371,21;151423,96;151364,62;151410,77;893722657,00;29516
WINFUT;27/10/2023;17:30:00;151351,43;151423,96;151338,24;151371,21;1332895301,00;44024
WINFUT;27/10/2023;17:25:00;151390,99;151404,18;151325,05;151351,43;1119871323,00;36993
WINFUT;27/10/2023;17:20:00;151331,65;151450,34;151318,46;151384,40;2317417892,00;76536
WINFUT;27/10/2023;17:15:00;151245,92;151351,43;151173,39;151325,05;2848938113,00;94175
WINFUT;27/10/2023;17:10:00;151226,14;151325,05;151193,17;151245,92;2645962877,00;87464
WINFUT;27/10/2023;17:05:00;151410,77;151423,96;151212,95;151232,74;3590537241,00;118656
WINFUT;27/10/2023;17:00:00;151338,24;151536,06;151338,24;151404,18;3740166958,00;123487
WINFUT;27/10/2023;16:55:00;151410,77;151463,53;151272,30;151338,24;4007468005,00;132379
WINFUT;27/10/2023;16:50:00;151331,65;151450,34;151311,86;151410,77;4320111981,00;142695
WINFUT;27/10/2023;16:45:00;151153,61;151364,62;151153,61;151325,05;3857950703,00;127510
WINFUT;27/10/2023;16:40:00;151133,83;151252,52;151054,70;151153,61;4704272898,00;155610
WINFUT;27/10/2023;16:35:00;151311,86;151344,83;151133,83;151140,42;5130832859,00;169644
WINFUT;27/10/2023;16:30:00;151430,56;151496,50;151305,27;151311,86;4363996696,00;144119
WINFUT;27/10/2023;16:25:00;151305,27;151463,53;151292,08;151437,15;5481069858,00;181010
WINFUT;27/10/2023;16:20:00;151285,49;151331,65;151212,95;151305,27;3124354667,00;103264
WINFUT;27/10/2023;16:15:00;151272,30;151338,24;151199,77;151292,08;4027632573,00;133114
WINFUT;27/10/2023;16:10:00;151311,86;151351,43;151166,80;151278,89;5600873724,00;185127
WINFUT;27/10/2023;16:05:00;151166,80;151331,65;151107,45;151311,86;4783372548,00;158130
WINFUT;27/10/2023;16:00:00;151008,54;151206,36;150949,20;151160,20;5018823881,00;166073
WINFUT;27/10/2023;15:55:00;151100,86;151120,64;150929,41;151001,95;5543212507,00;183542
WINFUT;27/10/2023;15:50:00;151100,86;151212,95;150955,79;151100,86;6163905781,00;203988
WINFUT;27/10/2023;15:45:00;151186,58;151265,71;151067,89;151100,86;5416785437,00;179146
WINFUT;27/10/2023;15:40:00;151285,49;151305,27;151061,29;151186,58;5650538841,00;186913
WINFUT;27/10/2023;15:35:00;151074,48;151325,05;151048,11;151292,08;6179955295,00;204332
WINFUT;27/10/2023;15:30:00;150903,04;151199,77;150883,26;151067,89;7480047586,00;247546
WINFUT;27/10/2023;15:25:00;150883,26;150988,76;150790,94;150903,04;6221421647,00;206167
WINFUT;27/10/2023;15:20:00;151166,80;151186,58;150790,94;150883,26;1,03808378E10;343799
WINFUT;27/10/2023;15:15:00;151285,49;151390,99;151140,42;151173,39;5666686119,00;187316
WINFUT;27/10/2023;15:10:00;151272,30;151331,65;151166,80;151285,49;4546116559,00;150285
WINFUT;27/10/2023;15:05:00;151358,02;151410,77;151179,98;151272,30;5441994505,00;179882
WINFUT;27/10/2023;15:00:00;151371,21;151443,74;151206,36;151358,02;6685346324,00;220888
WINFUT;27/10/2023;14:55:00;151410,77;151470,12;151212,95;151377,80;8807681954,00;290950
WINFUT;27/10/2023;14:50:00;151569,03;151740,47;151351,43;151404,18;7400679643,00;244155
WINFUT;27/10/2023;14:45:00;151720,69;151740,47;151536,06;151569,03;4246695363,00;140040
WINFUT;27/10/2023;14:40:00;151634,97;151760,25;151489,90;151727,28;5880531649,00;193906
WINFUT;27/10/2023;14:35:00;151621,78;151714,10;151509,68;151634,97;5661395610,00;186699
WINFUT;27/10/2023;14:30:00;151687,72;151733,88;151542,65;151621,78;6467610033,00;213274
WINFUT;27/10/2023;14:25:00;151760,25;151918,51;151674,53;151687,72;6375962423,00;210026
WINFUT;27/10/2023;14:20:00;151885,54;151885,54;151595,40;151760,25;8632392158,00;284499
WINFUT;27/10/2023;14:15:00;151799,82;151918,51;151720,69;151885,54;7187056774,00;236683
WINFUT;27/10/2023;14:10:00;151951,48;151997,64;151733,88;151799,82;9121347150,00;300317
WINFUT;27/10/2023;14:05:00;152248,21;152267,99;151892,13;151951,48;1,281176034E10;421296
WINFUT;27/10/2023;14:00:00;152307,55;152465,81;152188,86;152248,21;8317645312,00;273009
WINFUT;27/10/2023;13:55:00;152492,19;152544,94;152221,83;152314,15;1,174215887E10;385367
WINFUT;27/10/2023;13:50:00;152808,70;152841,67;152465,81;152492,19;8227587620,00;269460
WINFUT;27/10/2023;13:45:00;152920,79;152947,17;152769,13;152815,29;4611117526,00;150840
WINFUT;27/10/2023;13:40:00;152973,54;153039,48;152887,82;152914,20;4475992042,00;146317
WINFUT;27/10/2023;13:35:00;153072,45;153098,83;152920,79;152973,54;3986563328,00;130273
WINFUT;27/10/2023;13:30:00;153092,24;153164,77;152947,17;153072,45;4970427115,00;162374
WINFUT;27/10/2023;13:25:00;153204,33;153237,30;152914,20;153098,83;7768290561,00;253749
WINFUT;27/10/2023;13:20:00;153349,40;153369,18;153197,74;153204,33;3078497890,00;100429
WINFUT;27/10/2023;13:15:00;153283,46;153369,18;153184,55;153349,40;4646844630,00;151590
WINFUT;27/10/2023;13:10:00;153402,15;153421,94;153270,27;153283,46;2787272245,00;90888
WINFUT;27/10/2023;13:05:00;153362,59;153428,53;153303,24;153402,15;3703633805,00;120738
WINFUT;27/10/2023;13:00:00;153534,03;153534,03;153342,81;153362,59;4581346025,00;149297
WINFUT;27/10/2023;12:55:00;153474,69;153547,22;153421,94;153534,03;3798952462,00;123769
WINFUT;27/10/2023;12:50:00;153599,97;153632,94;153454,90;153474,69;2791257219,00;90897
WINFUT;27/10/2023;12:45:00;153560,41;153639,54;153487,87;153593,38;4011378270,00;130615
WINFUT;27/10/2023;12:40:00;153593,38;153659,32;153534,03;153560,41;2971321672,00;96719
WINFUT;27/10/2023;12:35:00;153573,60;153712,07;153553,81;153599,97;4925453885,00;160300
WINFUT;27/10/2023;12:30:00;153613,16;153632,94;153448,31;153573,60;5643589329,00;183788
WINFUT;27/10/2023;12:25:00;153784,60;153797,79;153613,16;153619,75;4502526165,00;146468
WINFUT;27/10/2023;12:20:00;153626,35;153791,20;153553,81;153784,60;5110317679,00;166271
WINFUT;27/10/2023;12:15:00;153547,22;153764,82;153501,06;153626,35;8338418737,00;271342
WINFUT;27/10/2023;12:10:00;153388,97;153560,41;153303,24;153547,22;5761670577,00;187766
WINFUT;27/10/2023;12:05:00;153362,59;153468,09;153342,81;153388,97;3626357341,00;118196
WINFUT;27/10/2023;12:00:00;153237,30;153487,87;153217,52;153369,18;5981129261,00;194990
WINFUT;27/10/2023;11:55:00;153356,00;153514,25;153230,71;153243,90;7474185927,00;243631
WINFUT;27/10/2023;11:50:00;153290,06;153388,97;153243,90;153362,59;3865623580,00;126060
WINFUT;27/10/2023;11:45:00;153072,45;153356,00;153065,86;153290,06;6922361422,00;225846
WINFUT;27/10/2023;11:40:00;153257,09;153303,24;153065,86;153072,45;7839366666,00;255899
WINFUT;27/10/2023;11:35:00;153329,62;153481,28;153224,12;153250,49;7508270331,00;244799
WINFUT;27/10/2023;11:30:00;153283,46;153356,00;153217,52;153323,03;4907797489,00;160088
WINFUT;27/10/2023;11:25:00;153369,18;153468,09;153263,68;153290,06;6463036688,00;210711
WINFUT;27/10/2023;11:20:00;153382,37;153606,57;153356,00;153369,18;6680985263,00;217665
WINFUT;27/10/2023;11:15:00;153646,13;153646,13;153342,81;153375,78;8812289985,00;287054
WINFUT;27/10/2023;11:10:00;153435,12;153712,07;153395,56;153646,13;8888085192,00;289413
WINFUT;27/10/2023;11:05:00;153342,81;153507,66;153290,06;153435,12;8951155074,00;291754
WINFUT;27/10/2023;11:00:00;153375,78;153395,56;153112,02;153349,40;1,002256997E10;326983
WINFUT;27/10/2023;10:55:00;153329,62;153435,12;153303,24;153375,78;3584216710,00;116847
WINFUT;27/10/2023;10:50:00;153184,55;153448,31;153177,96;153329,62;8270559961,00;269693
WINFUT;27/10/2023;10:45:00;153263,68;153356,00;153171,36;153191,15;7142688298,00;233017
WINFUT;27/10/2023;10:40:00;153632,94;153652,72;153158,18;153263,68;1,208080424E10;393788
WINFUT;27/10/2023;10:35:00;153731,85;153817,57;153527,44;153632,94;1,019628543E10;331744
WINFUT;27/10/2023;10:30:00;153890,11;154114,30;153685,69;153731,85;1,406315974E10;456862
WINFUT;27/10/2023;10:25:00;153989,02;154068,14;153731,85;153890,11;1,035937124E10;336537
WINFUT;27/10/2023;10:20:00;153580,19;154035,17;153547,22;153989,02;8980640919,00;291941
WINFUT;27/10/2023;10:15:00;153553,81;153679,10;153481,28;153580,19;6993066854,00;227660
WINFUT;27/10/2023;10:10:00;153962,64;153982,42;153520,84;153560,41;1,018253244E10;331166
WINFUT;27/10/2023;10:05:00;153613,16;154054,96;153514,25;153969,23;1,349463937E10;438749
WINFUT;27/10/2023;10:00:00;153553,81;153698,88;153448,31;153619,75;8065304236,00;262586
WINFUT;27/10/2023;09:55:00;153586,78;153705,48;153520,84;153547,22;5628911352,00;183240
WINFUT;27/10/2023;09:50:00;153665,91;153738,45;153547,22;153586,78;6007337892,00;195512
WINFUT;27/10/2023;09:45:00;153712,07;153797,79;153652,72;153659,32;3686838972,00;119917
WINFUT;27/10/2023;09:40:00;153850,54;153857,14;153679,10;153705,48;4857859203,00;157964
WINFUT;27/10/2023;09:35:00;153956,05;154002,20;153837,36;153857,14;5020911821,00;163094
WINFUT;27/10/2023;09:30:00;153672,51;153982,42;153599,97;153949,45;7814459240,00;254000
WINFUT;27/10/2023;09:25:00;153778,01;153784,60;153672,51;153679,10;2295641008,00;74673
WINFUT;27/10/2023;09:20:00;153718,66;153810,98;153659,32;153771,42;3279076215,00;106635
WINFUT;27/10/2023;09:15:00;153626,35;153778,01;153626,35;153718,66;3699657247,00;120341
WINFUT;27/10/2023;09:10:00;153586,78;153679,10;153540,63;153626,35;2823113224,00;91900
WINFUT;27/10/2023;09:05:00;153613,16;153692,29;153520,84;153586,78;4227687929,00;137613
WINFUT;27/10/2023;09:00:00;153857,14;154008,80;153560,41;153613,16;7697251282,00;250269
WINFUT;26/10/2023;17:50:00;153830,76;153929,67;153778,01;153929,67;1544414159,00;50187
WINFUT;26/10/2023;17:45:00;153764,82;153896,70;153731,85;153824,17;2438195695,00;79255
WINFUT;26/10/2023;17:40:00;153712,07;153778,01;153652,72;153771,42;2810149359,00;91409
WINFUT;26/10/2023;17:35:00;153613,16;153725,26;153599,97;153712,07;1497135504,00;48714
WINFUT;26/10/2023;17:30:00;153613,16;153712,07;153534,03;153606,57;2786209975,00;90685
WINFUT;26/10/2023;17:25:00;153599,97;153659,32;153567,00;153619,75;1592331920,00;51828
WINFUT;26/10/2023;17:20:00;153679,10;153685,69;153560,41;153593,38;1787077043,00;58172
WINFUT;26/10/2023;17:15:00;153712,07;153738,45;153606,57;153679,10;2482291920,00;80765
WINFUT;26/10/2023;17:10:00;153665,91;153791,20;153659,32;153718,66;3927739641,00;127746
WINFUT;26/10/2023;17:05:00;153527,44;153679,10;153514,25;153659,32;4132572102,00;134519
WINFUT;26/10/2023;17:00:00;153448,31;153573,60;153421,94;153527,44;5883023910,00;191629
WINFUT;26/10/2023;16:55:00;153441,72;153520,84;153415,34;153454,90;3325233447,00;108335
WINFUT;26/10/2023;16:50:00;153415,34;153593,38;153309,84;153448,31;6436230995,00;209714
WINFUT;26/10/2023;16:45:00;153388,97;153468,09;153270,27;153415,34;5607074354,00;182821
WINFUT;26/10/2023;16:40:00;153402,15;153481,28;153375,78;153388,97;3479765607,00;113403
WINFUT;26/10/2023;16:35:00;153560,41;153593,38;153362,59;153402,15;5783484982,00;188429
WINFUT;26/10/2023;16:30:00;153646,13;153705,48;153527,44;153560,41;5274951546,00;171702
WINFUT;26/10/2023;16:25:00;153573,60;153817,57;153527,44;153646,13;6260278124,00;203672
WINFUT;26/10/2023;16:20:00;153745,04;153751,63;153540,63;153567,00;5240004777,00;170549
WINFUT;26/10/2023;16:15:00;153435,12;153975,83;153336,21;153745,04;1,253315685E10;407721
WINFUT;26/10/2023;16:10:00;153454,90;153454,90;153283,46;153435,12;6491955582,00;211632
WINFUT;26/10/2023;16:05:00;153560,41;153573,60;153395,56;153448,31;5796819965,00;188884
WINFUT;26/10/2023;16:00:00;153039,48;153580,19;153026,30;153567,00;1,331306625E10;434239
WINFUT;26/10/2023;15:55:00;152993,33;153072,45;152920,79;153039,48;4412199505,00;144193
WINFUT;26/10/2023;15:50:00;152854,85;153006,51;152828,48;152999,92;5985758542,00;195699
WINFUT;26/10/2023;15:45:00;152782,32;152894,42;152736,16;152854,85;4459230406,00;145895
WINFUT;26/10/2023;15:40:00;152716,38;152901,01;152650,44;152775,73;6465835584,00;211593
WINFUT;26/10/2023;15:35:00;152788,91;152802,10;152657,03;152716,38;5439979929,00;178102
WINFUT;26/10/2023;15:30:00;152558,12;152835,07;152498,78;152788,91;9681300261,00;317039
WINFUT;26/10/2023;15:25:00;152439,43;152577,91;152360,31;152564,72;5560829638,00;182359
WINFUT;26/10/2023;15:20:00;152538,34;152564,72;152426,25;152439,43;3565120220,00;116903
WINFUT;26/10/2023;15:15:00;152498,78;152577,91;152399,87;152538,34;5670875073,00;185936
WINFUT;26/10/2023;15:10:00;152426,25;152544,94;152399,87;152492,19;6240641555,00;204638
WINFUT;26/10/2023;15:05:00;152287,77;152479,00;152241,61;152426,25;6676472665,00;219078
WINFUT;26/10/2023;15:00:00;152056,98;152347,12;152050,39;152281,18;7816842923,00;256772
WINFUT;26/10/2023;14:55:00;152063,58;152116,33;151984,45;152056,98;4087135826,00;134399
WINFUT;26/10/2023;14:50:00;151885,54;152083,36;151878,95;152063,58;5409155926,00;177943
WINFUT;26/10/2023;14:45:00;151931,70;152096,55;151852,57;151878,95;7548870775,00;248380
WINFUT;26/10/2023;14:40:00;151694,31;151958,07;151687,72;151925,10;5549799601,00;182741
WINFUT;26/10/2023;14:35:00;151826,19;151865,76;151681,13;151700,91;4763608600,00;156949
WINFUT;26/10/2023;14:30:00;151700,91;151872,35;151542,65;151826,19;8256728184,00;272177
WINFUT;26/10/2023;14:25:00;151766,85;151793,22;151674,53;151700,91;3761725834,00;123956
WINFUT;26/10/2023;14:20:00;151971,26;151997,64;151740,47;151760,25;6597475934,00;217249
WINFUT;26/10/2023;14:15:00;152083,36;152142,70;151958,07;151971,26;4339647781,00;142712
WINFUT;26/10/2023;14:10:00;152215,24;152241,61;152010,83;152083,36;5282595187,00;173625
WINFUT;26/10/2023;14:05:00;151991,04;152261,40;151938,29;152208,64;8118397223,00;266867
WINFUT;26/10/2023;14:00:00;151766,85;152136,11;151707,50;151997,64;9722799286,00;319930
WINFUT;26/10/2023;13:55:00;151674,53;151799,82;151674,53;151766,85;2944291704,00;97017
WINFUT;26/10/2023;13:50:00;151536,06;151714,10;151529,47;151681,13;3912116674,00;128979
WINFUT;26/10/2023;13:45:00;151687,72;151687,72;151476,71;151529,47;6746621478,00;222562
WINFUT;26/10/2023;13:40:00;151714,10;151793,22;151667,94;151681,13;3120322215,00;102831
WINFUT;26/10/2023;13:35:00;151766,85;151859,16;151687,72;151714,10;4460732140,00;146956
WINFUT;26/10/2023;13:30:00;151793,22;151872,35;151740,47;151766,85;5016451054,00;165232
WINFUT;26/10/2023;13:25:00;151641,56;151819,60;151634,97;151793,22;3379765872,00;111381
WINFUT;26/10/2023;13:20:00;151654,75;151733,88;151628,37;151641,56;3064988274,00;101038
WINFUT;26/10/2023;13:15:00;151780,04;151813,01;151634,97;151661,34;4365191037,00;143859
WINFUT;26/10/2023;13:10:00;151760,25;151799,82;151634,97;151780,04;5461199641,00;179981
WINFUT;26/10/2023;13:05:00;151892,13;151911,92;151747,07;151760,25;4601527247,00;151551
WINFUT;26/10/2023;13:00:00;151938,29;151951,48;151845,98;151892,13;3493592353,00;114998
WINFUT;26/10/2023;12:55:00;151911,92;152030,61;151911,92;151931,70;3342541231,00;109967
WINFUT;26/10/2023;12:50:00;151971,26;151984,45;151872,35;151918,51;3026411802,00;99604
WINFUT;26/10/2023;12:45:00;151832,79;152043,79;151826,19;151977,86;4587484217,00;150934
WINFUT;26/10/2023;12:40:00;151905,32;151951,48;151813,01;151832,79;4955513657,00;163149
WINFUT;26/10/2023;12:35:00;151938,29;151997,64;151892,13;151905,32;2754720170,00;90644
WINFUT;26/10/2023;12:30:00;151898,73;151984,45;151892,13;151931,70;2519767722,00;82922
WINFUT;26/10/2023;12:25:00;151991,04;152024,01;151892,13;151898,73;3849676520,00;126673
WINFUT;26/10/2023;12:20:00;152076,76;152096,55;151971,26;151991,04;3513923696,00;115570
WINFUT;26/10/2023;12:15:00;151977,86;152136,11;151931,70;152076,76;5148121083,00;169300
WINFUT;26/10/2023;12:10:00;152155,89;152215,24;151971,26;151984,45;5994582631,00;197080
WINFUT;26/10/2023;12:05:00;152162,49;152228,43;152037,20;152149,30;5501576809,00;180843
WINFUT;26/10/2023;12:00:00;152281,18;152314,15;152136,11;152169,08;5551127065,00;182362
WINFUT;26/10/2023;11:55:00;152248,21;152327,34;152215,24;152287,77;4149999324,00;136263
WINFUT;26/10/2023;11:50:00;152261,40;152347,12;152221,83;152248,21;5909801711,00;194026
WINFUT;26/10/2023;11:45:00;152169,08;152307,55;152136,11;152261,40;7420270865,00;243720
WINFUT;26/10/2023;11:40:00;151951,48;152261,40;151898,73;152175,67;1,031960516E10;339219
WINFUT;26/10/2023;11:35:00;151865,76;151984,45;151773,44;151944,89;7068718200,00;232705
WINFUT;26/10/2023;11:30:00;152024,01;152043,79;151786,63;151859,16;7959444300,00;261989
WINFUT;26/10/2023;11:25:00;151489,90;152050,39;151489,90;152024,01;1,131855406E10;372731
WINFUT;26/10/2023;11:20:00;151615,19;151720,69;151463,53;151496,50;5367638251,00;177049
WINFUT;26/10/2023;11:15:00;151608,59;151727,28;151542,65;151608,59;6781625623,00;223599
WINFUT;26/10/2023;11:10:00;151456,93;151661,34;151430,56;151608,59;7216946847,00;238138
WINFUT;26/10/2023;11:05:00;151562,44;151700,91;151437,15;151456,93;7345011286,00;242274
WINFUT;26/10/2023;11:00:00;151674,53;151727,28;151397,59;151555,84;1,090826492E10;359898
WINFUT;26/10/2023;10:55:00;151799,82;151806,41;151562,44;151667,94;5089771770,00;167790
WINFUT;26/10/2023;10:50:00;151529,47;151806,41;151516,28;151793,22;8600132104,00;283526
WINFUT;26/10/2023;10:45:00;151911,92;151925,10;151476,71;151529,47;9159995385,00;301929
WINFUT;26/10/2023;10:40:00;151463,53;151944,89;151463,53;151911,92;1,116041205E10;367736
WINFUT;26/10/2023;10:35:00;151780,04;151845,98;151456,93;151463,53;1,109784488E10;365968
WINFUT;26/10/2023;10:30:00;151338,24;151819,60;151285,49;151786,63;1,543883657E10;509147
WINFUT;26/10/2023;10:25:00;151048,11;151430,56;151015,14;151338,24;8547714787,00;282590
WINFUT;26/10/2023;10:20:00;151219,55;151358,02;151034,92;151048,11;7472096355,00;247124
WINFUT;26/10/2023;10:15:00;151133,83;151397,59;151107,45;151219,55;8265423177,00;273183
WINFUT;26/10/2023;10:10:00;151120,64;151252,52;151074,48;151133,83;5344124516,00;176773
WINFUT;26/10/2023;10:05:00;151278,89;151305,27;151107,45;151114,05;6600631867,00;218303
WINFUT;26/10/2023;10:00:00;151285,49;151318,46;151219,55;151272,30;4713172429,00;155791
WINFUT;26/10/2023;09:55:00;151173,39;151318,46;151147,01;151292,08;4115601092,00;136051
WINFUT;26/10/2023;09:50:00;151087,67;151278,89;151067,89;151173,39;6837816379,00;226141
WINFUT;26/10/2023;09:45:00;150889,85;151140,42;150883,26;151094,26;7763677441,00;257005
WINFUT;26/10/2023;09:40:00;150909,63;150936,01;150810,72;150896,44;3497792841,00;115917
WINFUT;26/10/2023;09:35:00;150955,79;151008,54;150850,29;150903,04;5087726605,00;168564
WINFUT;26/10/2023;09:30:00;150593,12;151028,32;150421,68;150955,79;1,207144841E10;400381
WINFUT;26/10/2023;09:25:00;150513,99;150632,69;150408,49;150593,12;3501485805,00;116306
WINFUT;26/10/2023;09:20:00;150434,87;150540,37;150388,71;150507,40;3683827868,00;122414
WINFUT;26/10/2023;09:15:00;150382,11;150481,02;150289,80;150434,87;3532512277,00;117447
WINFUT;26/10/2023;09:10:00;150461,24;150527,18;150316,17;150382,11;3416851366,00;113578
WINFUT;26/10/2023;09:05:00;150138,14;150500,81;150052,42;150467,84;6143489719,00;204362
WINFUT;26/10/2023;09:00:00;150105,17;150197,48;149920,54;150138,14;7226504700,00;240785
WINFUT;25/10/2023;17:50:00;150850,29;150995,35;150751,38;150751,38;1208477015,00;40045
WINFUT;25/10/2023;17:45:00;150843,69;150896,44;150764,56;150850,29;1652390614,00;54776
WINFUT;25/10/2023;17:40:00;150797,53;150883,26;150790,94;150850,29;1327953373,00;44016
WINFUT;25/10/2023;17:35:00;150870,07;150929,41;150777,75;150797,53;1720206487,00;57016
WINFUT;25/10/2023;17:30:00;150922,82;150968,98;150863,47;150883,26;1360946553,00;45090
WINFUT;25/10/2023;17:25:00;150889,85;150962,38;150889,85;150916,23;1037177627,00;34361
WINFUT;25/10/2023;17:20:00;150909,63;150949,20;150883,26;150896,44;978092591,00;32406
WINFUT;25/10/2023;17:15:00;150896,44;150936,01;150837,10;150903,04;2497127439,00;82748
WINFUT;25/10/2023;17:10:00;150903,04;150949,20;150870,07;150903,04;1445708930,00;47898
WINFUT;25/10/2023;17:05:00;150916,23;150942,60;150837,10;150896,44;2683622564,00;88929
WINFUT;25/10/2023;17:00:00;150936,01;151061,29;150896,44;150922,82;4127576597,00;136698
WINFUT;25/10/2023;16:55:00;150850,29;150955,79;150850,29;150929,41;3071242765,00;101758
WINFUT;25/10/2023;16:50:00;150725,00;150883,26;150718,41;150843,69;3696644355,00;122556
WINFUT;25/10/2023;16:45:00;150738,19;150830,50;150711,81;150718,41;3517249135,00;116646
WINFUT;25/10/2023;16:40:00;150962,38;150968,98;150711,81;150738,19;4613717707,00;152943
WINFUT;25/10/2023;16:35:00;151081,08;151094,26;150922,82;150968,98;3671147767,00;121558
WINFUT;25/10/2023;16:30:00;150968,98;151153,61;150968,98;151081,08;5175219950,00;171274
WINFUT;25/10/2023;16:25:00;151015,14;151067,89;150870,07;150968,98;5308114677,00;175818
WINFUT;25/10/2023;16:20:00;150942,60;151028,32;150903,04;151015,14;4208320516,00;139375
WINFUT;25/10/2023;16:15:00;150810,72;150968,98;150804,13;150942,60;4193344413,00;138939
WINFUT;25/10/2023;16:10:00;150804,13;150922,82;150790,94;150810,72;4540937353,00;150499
WINFUT;25/10/2023;16:05:00;150797,53;150850,29;150744,78;150810,72;2773478411,00;91960
WINFUT;25/10/2023;16:00:00;150843,69;150883,26;150678,84;150797,53;4741738884,00;157257
WINFUT;25/10/2023;15:55:00;150751,38;150896,44;150738,19;150843,69;5170631188,00;171402
WINFUT;25/10/2023;15:50:00;150711,81;150764,56;150599,72;150751,38;4822611081,00;160045
WINFUT;25/10/2023;15:45:00;150738,19;150823,91;150659,06;150711,81;3521616614,00;116815
WINFUT;25/10/2023;15:40:00;150744,78;150804,13;150678,84;150731,59;2827651084,00;93793
WINFUT;25/10/2023;15:35:00;150678,84;150777,75;150645,87;150744,78;3266280766,00;108363
WINFUT;25/10/2023;15:30:00;150711,81;150804,13;150639,28;150678,84;3576452829,00;118648
WINFUT;25/10/2023;15:25:00;150804,13;150830,50;150692,03;150711,81;3152374626,00;104553
WINFUT;25/10/2023;15:20:00;150830,50;150837,10;150659,06;150797,53;5247603751,00;174049
WINFUT;25/10/2023;15:15:00;150777,75;150883,26;150652,47;150837,10;5969980397,00;197976
WINFUT;25/10/2023;15:10:00;150632,69;150784,35;150579,93;150777,75;5099715888,00;169233
WINFUT;25/10/2023;15:05:00;150725,00;150850,29;150579,93;150632,69;6658767279,00;220903
WINFUT;25/10/2023;15:00:00;150922,82;150929,41;150705,22;150718,41;4700987799,00;155857
WINFUT;25/10/2023;14:55:00;150705,22;150942,60;150692,03;150922,82;6606317360,00;218965
WINFUT;25/10/2023;14:50:00;150645,87;150751,38;150639,28;150711,81;4479459144,00;148635
WINFUT;25/10/2023;14:45:00;150698,62;150830,50;150639,28;150645,87;5543119684,00;183856
WINFUT;25/10/2023;14:40:00;150777,75;150830,50;150659,06;150698,62;5065596719,00;168026
WINFUT;25/10/2023;14:35:00;150837,10;150909,63;150771,16;150784,35;5218673636,00;172998
WINFUT;25/10/2023;14:30:00;150936,01;150936,01;150810,72;150843,69;5185161301,00;171841
WINFUT;25/10/2023;14:25:00;151041,51;151094,26;150909,63;150929,41;4691207940,00;155341
WINFUT;25/10/2023;14:20:00;151015,14;151153,61;150982,17;151041,51;5546717958,00;183574
WINFUT;25/10/2023;14:15:00;151087,67;151094,26;150876,66;151008,54;6401340085,00;211985
WINFUT;25/10/2023;14:10:00;151001,95;151107,45;150942,60;151087,67;3798138567,00;125745
WINFUT;25/10/2023;14:05:00;150850,29;151015,14;150843,69;151001,95;4621671754,00;153110
WINFUT;25/10/2023;14:00:00;151061,29;151107,45;150804,13;150850,29;9667688650,00;320252
WINFUT;25/10/2023;13:55:00;151147,01;151193,17;151028,32;151061,29;5551823419,00;183693
WINFUT;25/10/2023;13:50:00;151232,74;151298,68;151133,83;151147,01;5149470669,00;170278
WINFUT;25/10/2023;13:45:00;151470,12;151496,50;151212,95;151226,14;5308300785,00;175359
WINFUT;25/10/2023;13:40:00;151430,56;151489,90;151285,49;151476,71;5937040737,00;196084
WINFUT;25/10/2023;13:35:00;151602,00;151602,00;151423,96;151430,56;3771809222,00;124489
WINFUT;25/10/2023;13:30:00;151536,06;151641,56;151496,50;151602,00;3184401758,00;105037
WINFUT;25/10/2023;13:25:00;151470,12;151588,81;151463,53;151536,06;3136385554,00;103484
WINFUT;25/10/2023;13:20:00;151397,59;151496,50;151344,83;151470,12;3876247946,00;127998
WINFUT;25/10/2023;13:15:00;151615,19;151628,37;151371,21;151397,59;4837168209,00;159661
WINFUT;25/10/2023;13:10:00;151681,13;151707,50;151569,03;151615,19;3427225940,00;113017
WINFUT;25/10/2023;13:05:00;151654,75;151753,66;151654,75;151681,13;2544534382,00;83862
WINFUT;25/10/2023;13:00:00;151707,50;151733,88;151634,97;151654,75;3033677845,00;100003
WINFUT;25/10/2023;12:55:00;151892,13;151898,73;151694,31;151700,91;3995314200,00;131632
WINFUT;25/10/2023;12:50:00;151845,98;151938,29;151720,69;151885,54;4460260956,00;146895
WINFUT;25/10/2023;12:45:00;151780,04;151997,64;151753,66;151839,38;6064037732,00;199642
WINFUT;25/10/2023;12:40:00;151832,79;151905,32;151707,50;151786,63;4944424745,00;162873
WINFUT;25/10/2023;12:35:00;151839,38;151944,89;151806,41;151826,19;4125678642,00;135829
WINFUT;25/10/2023;12:30:00;151826,19;151892,13;151648,16;151832,79;5563883078,00;183291
WINFUT;25/10/2023;12:25:00;151641,56;151859,16;151562,44;151819,60;6281390148,00;206965
WINFUT;25/10/2023;12:20:00;151766,85;151773,44;151588,81;151641,56;5372466788,00;177122
WINFUT;25/10/2023;12:15:00;151826,19;151845,98;151687,72;151766,85;3809538420,00;125503
WINFUT;25/10/2023;12:10:00;151753,66;151832,79;151674,53;151819,60;4602596298,00;151650
WINFUT;25/10/2023;12:05:00;151720,69;151984,45;151687,72;151753,66;8040072643,00;264701
WINFUT;25/10/2023;12:00:00;151588,81;151938,29;151582,22;151714,10;1,020725361E10;336217
WINFUT;25/10/2023;11:55:00;151549,25;151747,07;151549,25;151595,40;5066442267,00;167044
WINFUT;25/10/2023;11:50:00;151674,53;151720,69;151476,71;151549,25;6305139928,00;207948
WINFUT;25/10/2023;11:45:00;151582,22;151766,85;151503,09;151681,13;6721509714,00;221617
WINFUT;25/10/2023;11:40:00;151536,06;151628,37;151410,77;151582,22;6113906269,00;201743
WINFUT;25/10/2023;11:35:00;151509,68;151575,62;151219,55;151529,47;8720721742,00;288030
WINFUT;25/10/2023;11:30:00;151298,68;151602,00;151179,98;151509,68;9771708343,00;322716
WINFUT;25/10/2023;11:25:00;151212,95;151325,05;151147,01;151298,68;5256162146,00;173761
WINFUT;25/10/2023;11:20:00;151219,55;151226,14;151087,67;151212,95;4253020116,00;140672
WINFUT;25/10/2023;11:15:00;151100,86;151259,11;151074,48;151219,55;5699722968,00;188529
WINFUT;25/10/2023;11:10:00;151351,43;151423,96;151048,11;151107,45;9601291220,00;317508
WINFUT;25/10/2023;11:05:00;151410,77;151522,87;151199,77;151344,83;8161854772,00;269700
WINFUT;25/10/2023;11:00:00;151780,04;151786,63;151338,24;151410,77;1,16183342E10;383444
WINFUT;25/10/2023;10:55:00;151516,28;151786,63;151509,68;151773,44;6858396377,00;226151
WINFUT;25/10/2023;10:50:00;151338,24;151522,87;151305,27;151516,28;6683099568,00;220696
WINFUT;25/10/2023;10:45:00;151628,37;151634,97;151305,27;151331,65;7035610517,00;232308
WINFUT;25/10/2023;10:40:00;151476,71;151641,56;151305,27;151621,78;9899020494,00;326777
WINFUT;25/10/2023;10:35:00;151951,48;151977,86;151371,21;151476,71;1,529985265E10;504609
WINFUT;25/10/2023;10:30:00;152043,79;152221,83;151911,92;151958,07;1,125228739E10;370030
WINFUT;25/10/2023;10:25:00;152096,55;152261,40;152017,42;152050,39;8343987495,00;274205
WINFUT;25/10/2023;10:20:00;152492,19;152525,15;152043,79;152089,95;1,045449238E10;343263
WINFUT;25/10/2023;10:15:00;152386,68;152558,12;152294,37;152498,78;6720301619,00;220474
WINFUT;25/10/2023;10:10:00;152518,56;152577,91;152333,93;152386,68;8257619417,00;270806
WINFUT;25/10/2023;10:05:00;152439,43;152577,91;152366,90;152511,97;9193305243,00;301458
WINFUT;25/10/2023;10:00:00;152274,58;152465,81;152241,61;152439,43;8907377172,00;292307
WINFUT;25/10/2023;09:55:00;152300,96;152353,71;152261,40;152281,18;2303110960,00;75610
WINFUT;25/10/2023;09:50:00;152287,77;152347,12;152228,43;152300,96;4979148772,00;163467
WINFUT;25/10/2023;09:45:00;152188,86;152294,37;152169,08;152281,18;4274679962,00;140394
WINFUT;25/10/2023;09:40:00;152030,61;152215,24;151984,45;152182,27;5253287343,00;172662
WINFUT;25/10/2023;09:35:00;152129,52;152169,08;151977,86;152024,01;3785723728,00;124491
WINFUT;25/10/2023;09:30:00;152063,58;152136,11;151991,04;152122,92;3450153653,00;113454
WINFUT;25/10/2023;09:25:00;152083,36;152122,92;152010,83;152070,17;2495828631,00;82063
WINFUT;25/10/2023;09:20:00;152056,98;152103,14;151997,64;152083,36;3074253436,00;101091
WINFUT;25/10/2023;09:15:00;152010,83;152109,73;151951,48;152063,58;4630647466,00;152289
WINFUT;25/10/2023;09:10:00;151984,45;152030,61;151839,38;152010,83;4424081711,00;145587
WINFUT;25/10/2023;09:05:00;152030,61;152142,70;151865,76;151977,86;4912027859,00;161602
WINFUT;25/10/2023;09:00:00;152188,86;152188,86;151885,54;152030,61;6031980773,00;198374
WINFUT;24/10/2023;17:50:00;152294,37;152327,34;152195,46;152254,80;1348233276,00;44274
WINFUT;24/10/2023;17:45:00;152406,46;152406,46;152287,77;152300,96;1758400621,00;57713
WINFUT;24/10/2023;17:40:00;152281,18;152446,03;152267,99;152399,87;2478309964,00;81330
WINFUT;24/10/2023;17:35:00;152340,52;152353,71;152235,02;152281,18;1686162765,00;55362
WINFUT;24/10/2023;17:30:00;152347,12;152353,71;152281,18;152340,52;1226735132,00;40268
WINFUT;24/10/2023;17:25:00;152314,15;152373,49;152274,58;152340,52;1599446187,00;52501
WINFUT;24/10/2023;17:20:00;152267,99;152333,93;152215,24;152320,74;1939443159,00;63684
WINFUT;24/10/2023;17:15:00;152353,71;152399,87;152202,05;152267,99;3145273657,00;103266
WINFUT;24/10/2023;17:10:00;152333,93;152419,65;152294,37;152353,71;3615108672,00;118635
WINFUT;24/10/2023;17:05:00;152294,37;152353,71;152195,46;152333,93;4499634998,00;147754
WINFUT;24/10/2023;17:00:00;152333,93;152630,66;152281,18;152294,37;1,060555682E10;347807
WINFUT;24/10/2023;16:55:00;152538,34;152538,34;152314,15;152333,93;5029047765,00;164974
WINFUT;24/10/2023;16:50:00;152624,06;152643,85;152479,00;152538,34;5305063717,00;173869
WINFUT;24/10/2023;16:45:00;152610,88;152722,97;152571,31;152617,47;4396229165,00;143989
WINFUT;24/10/2023;16:40:00;152544,94;152663,63;152511,97;152604,28;4850598585,00;158942
WINFUT;24/10/2023;16:35:00;152683,41;152716,38;152505,37;152551,53;7087661494,00;232237
WINFUT;24/10/2023;16:30:00;152267,99;152755,94;152261,40;152683,41;1,070576881E10;350946
WINFUT;24/10/2023;16:25:00;151925,10;152347,12;151918,51;152261,40;8875024985,00;291661
WINFUT;24/10/2023;16:20:00;151892,13;152109,73;151872,35;151931,70;8448541472,00;277948
WINFUT;24/10/2023;16:15:00;151727,28;151918,51;151727,28;151892,13;3960173555,00;130398
WINFUT;24/10/2023;16:10:00;151753,66;151885,54;151727,28;151727,28;5183985423,00;170743
WINFUT;24/10/2023;16:05:00;151780,04;151780,04;151641,56;151753,66;4574701483,00;150771
WINFUT;24/10/2023;16:00:00;151687,72;151839,38;151681,13;151773,44;4062162817,00;133817
WINFUT;24/10/2023;15:55:00;151733,88;151733,88;151667,94;151694,31;2745799104,00;90501
WINFUT;24/10/2023;15:50:00;151766,85;151786,63;151700,91;151733,88;2856927316,00;94139
WINFUT;24/10/2023;15:45:00;151753,66;151793,22;151714,10;151760,25;2225050738,00;73312
WINFUT;24/10/2023;15:40:00;151760,25;151799,82;151681,13;151753,66;3682300014,00;121339
WINFUT;24/10/2023;15:35:00;151845,98;151878,95;151700,91;151760,25;4759278199,00;156781
WINFUT;24/10/2023;15:30:00;151740,47;151898,73;151720,69;151839,38;6210801817,00;204554
WINFUT;24/10/2023;15:25:00;151582,22;151747,07;151555,84;151740,47;3897345061,00;128468
WINFUT;24/10/2023;15:20:00;151667,94;151674,53;151542,65;151582,22;2599823568,00;85753
WINFUT;24/10/2023;15:15:00;151648,16;151694,31;151562,44;151667,94;3015668520,00;99443
WINFUT;24/10/2023;15:10:00;151549,25;151654,75;151536,06;151648,16;2482028276,00;81863
WINFUT;24/10/2023;15:05:00;151522,87;151628,37;151522,87;151555,84;2735548365,00;90236
WINFUT;24/10/2023;15:00:00;151602,00;151714,10;151509,68;151529,47;5731464534,00;189023
WINFUT;24/10/2023;14:55:00;151575,62;151621,78;151470,12;151608,59;5118913439,00;168894
WINFUT;24/10/2023;14:50:00;151654,75;151753,66;151569,03;151569,03;5575475804,00;183796
WINFUT;24/10/2023;14:45:00;151648,16;151700,91;151602,00;151654,75;4238562021,00;139748
WINFUT;24/10/2023;14:40:00;151529,47;151654,75;151483,31;151648,16;5655301639,00;186556
WINFUT;24/10/2023;14:35:00;151390,99;151529,47;151384,40;151522,87;3789541589,00;125090
WINFUT;24/10/2023;14:30:00;151351,43;151476,71;151325,05;151390,99;6173932577,00;203895
WINFUT;24/10/2023;14:25:00;151206,36;151358,02;151160,20;151351,43;4210026570,00;139149
WINFUT;24/10/2023;14:20:00;151028,32;151239,33;151028,32;151206,36;5549840627,00;183583
WINFUT;24/10/2023;14:15:00;150929,41;151067,89;150870,07;151028,32;3430387155,00;113597
WINFUT;24/10/2023;14:10:00;151061,29;151081,08;150870,07;150929,41;5180267231,00;171582
WINFUT;24/10/2023;14:05:00;150995,35;151067,89;150916,23;151061,29;4205872342,00;139270
WINFUT;24/10/2023;14:00:00;151048,11;151094,26;150975,57;150988,76;3696747577,00;122376
WINFUT;24/10/2023;13:55:00;150863,47;151067,89;150856,88;151048,11;4517990881,00;149619
WINFUT;24/10/2023;13:50:00;150856,88;150929,41;150810,72;150870,07;4986181287,00;165256
WINFUT;24/10/2023;13:45:00;151015,14;151094,26;150830,50;150863,47;7335696987,00;242931
WINFUT;24/10/2023;13:40:00;151153,61;151160,20;150962,38;151015,14;4862834305,00;160973
WINFUT;24/10/2023;13:35:00;151364,62;151371,21;151100,86;151153,61;6048440182,00;200029
WINFUT;24/10/2023;13:30:00;151292,08;151397,59;151259,11;151364,62;4016534198,00;132698
WINFUT;24/10/2023;13:25:00;151437,15;151542,65;151186,58;151298,68;9892372981,00;326845
WINFUT;24/10/2023;13:20:00;151562,44;151608,59;151404,18;151443,74;7236420391,00;238831
WINFUT;24/10/2023;13:15:00;151674,53;151687,72;151555,84;151569,03;2897068173,00;95541
WINFUT;24/10/2023;13:10:00;151575,62;151747,07;151562,44;151674,53;3664509064,00;120806
WINFUT;24/10/2023;13:05:00;151707,50;151733,88;151555,84;151569,03;4027138636,00;132777
WINFUT;24/10/2023;13:00:00;151859,16;151918,51;151674,53;151700,91;4479596087,00;147553
WINFUT;24/10/2023;12:55:00;151878,95;151892,13;151760,25;151865,76;3421983731,00;112694
WINFUT;24/10/2023;12:50:00;151700,91;151931,70;151687,72;151878,95;5359085386,00;176502
WINFUT;24/10/2023;12:45:00;151839,38;151944,89;151687,72;151694,31;5943189291,00;195693
WINFUT;24/10/2023;12:40:00;151727,28;151865,76;151700,91;151832,79;3480705011,00;114654
WINFUT;24/10/2023;12:35:00;151786,63;151819,60;151562,44;151727,28;7345914585,00;242149
WINFUT;24/10/2023;12:30:00;151878,95;151925,10;151667,94;151793,22;7302295232,00;240529
WINFUT;24/10/2023;12:25:00;151872,35;152030,61;151819,60;151878,95;5575088855,00;183476
WINFUT;24/10/2023;12:20:00;152202,05;152235,02;151806,41;151872,35;9599947739,00;315847
WINFUT;24/10/2023;12:15:00;152175,67;152267,99;152089,95;152202,05;4482060669,00;147263
WINFUT;24/10/2023;12:10:00;152228,43;152320,74;152109,73;152175,67;5421197300,00;178079
WINFUT;24/10/2023;12:05:00;152175,67;152294,37;152096,55;152228,43;5437023355,00;178607
WINFUT;24/10/2023;12:00:00;152228,43;152241,61;152043,79;152182,27;6941699249,00;228132
WINFUT;24/10/2023;11:55:00;152235,02;152287,77;152175,67;152221,83;2997597458,00;98459
WINFUT;24/10/2023;11:50:00;152347,12;152419,65;152188,86;152235,02;5761866599,00;189162
WINFUT;24/10/2023;11:45:00;152267,99;152406,46;152208,64;152340,52;6098190621,00;200175
WINFUT;24/10/2023;11:40:00;152432,84;152439,43;152162,49;152267,99;9069936649,00;297840
WINFUT;24/10/2023;11:35:00;152446,03;152505,37;152327,34;152432,84;6919368350,00;226984
WINFUT;24/10/2023;11:30:00;152775,73;152795,51;152386,68;152439,43;8846595582,00;289919
WINFUT;24/10/2023;11:25:00;152630,66;152782,32;152544,94;152775,73;6352071294,00;208038
WINFUT;24/10/2023;11:20:00;152505,37;152742,76;152380,09;152630,66;1,056110324E10;346116
WINFUT;24/10/2023;11:15:00;152558,12;152683,41;152485,59;152498,78;7251615433,00;237625
WINFUT;24/10/2023;11:10:00;152551,53;152610,88;152366,90;152558,12;9072500931,00;297443
WINFUT;24/10/2023;11:05:00;152155,89;152558,12;152129,52;152544,94;1,016020463E10;333449
WINFUT;24/10/2023;11:00:00;152617,47;152617,47;152096,55;152149,30;1,198848356E10;393433
WINFUT;24/10/2023;10:55:00;152314,15;152670,22;152208,64;152610,88;1,223937954E10;401289
WINFUT;24/10/2023;10:50:00;152188,86;152386,68;152017,42;152314,15;1,045058483E10;343260
WINFUT;24/10/2023;10:45:00;152116,33;152202,05;151859,16;152188,86;1,102303698E10;362543
WINFUT;24/10/2023;10:40:00;152169,08;152241,61;151925,10;152116,33;9539919869,00;313647
WINFUT;24/10/2023;10:35:00;152017,42;152182,27;151865,76;152169,08;1,034341378E10;340131
WINFUT;24/10/2023;10:30:00;151786,63;152122,92;151687,72;152017,42;1,352902639E10;445238
WINFUT;24/10/2023;10:25:00;151951,48;152017,42;151766,85;151786,63;7715559924,00;254038
WINFUT;24/10/2023;10:20:00;151991,04;152050,39;151898,73;151958,07;7697597620,00;253241
WINFUT;24/10/2023;10:15:00;152261,40;152274,58;151977,86;151984,45;9613162518,00;315970
WINFUT;24/10/2023;10:10:00;152373,49;152413,06;152208,64;152267,99;6000727763,00;196979
WINFUT;24/10/2023;10:05:00;152287,77;152432,84;152228,43;152366,90;5781249564,00;189757
WINFUT;24/10/2023;10:00:00;152340,52;152340,52;152188,86;152287,77;5037822131,00;165438
WINFUT;24/10/2023;09:55:00;152261,40;152373,49;152254,80;152333,93;3506356630,00;115096
WINFUT;24/10/2023;09:50:00;152287,77;152314,15;152202,05;152254,80;2481284961,00;81487
WINFUT;24/10/2023;09:45:00;152254,80;152340,52;152215,24;152287,77;3277464109,00;107616
WINFUT;24/10/2023;09:40:00;152281,18;152300,96;152208,64;152254,80;2348071501,00;77110
WINFUT;24/10/2023;09:35:00;152327,34;152353,71;152208,64;152274,58;3943729078,00;129481
WINFUT;24/10/2023;09:30:00;152300,96;152333,93;152109,73;152320,74;7605209011,00;249803
WINFUT;24/10/2023;09:25:00;152307,55;152393,28;152281,18;152300,96;5489042593,00;180154
WINFUT;24/10/2023;09:20:00;152202,05;152314,15;152169,08;152307,55;4689602908,00;154020
WINFUT;24/10/2023;09:15:00;152169,08;152267,99;152109,73;152208,64;4215339459,00;138486
WINFUT;24/10/2023;09:10:00;152221,83;152314,15;152043,79;152169,08;7381150628,00;242532
WINFUT;24/10/2023;09:05:00;151773,44;152254,80;151747,07;152215,24;8606630399,00;283056
WINFUT;24/10/2023;09:00:00;152182,27;152267,99;151700,91;151773,44;8942417598,00;294209
WINFUT;23/10/2023;17:50:00;151278,89;151351,43;151100,86;151153,61;1507192681,00;49833
WINFUT;23/10/2023;17:45:00;151054,70;151364,62;151048,11;151278,89;1911793600,00;63236
WINFUT;23/10/2023;17:40:00;151001,95;151081,08;150995,35;151054,70;1311629077,00;43416
WINFUT;23/10/2023;17:35:00;150968,98;151028,32;150929,41;151001,95;1372310863,00;45445
WINFUT;23/10/2023;17:30:00;150936,01;151001,95;150896,44;150968,98;1475441765,00;48868
WINFUT;23/10/2023;17:25:00;151074,48;151074,48;150883,26;150929,41;2725708297,00;90280
WINFUT;23/10/2023;17:20:00;150876,66;151193,17;150856,88;151074,48;4470845548,00;148022
WINFUT;23/10/2023;17:15:00;150929,41;150942,60;150843,69;150870,07;1725773726,00;57190
WINFUT;23/10/2023;17:10:00;150968,98;150995,35;150896,44;150922,82;1722334993,00;57053
WINFUT;23/10/2023;17:05:00;150982,17;151028,32;150916,23;150968,98;2482979795,00;82235
WINFUT;23/10/2023;17:00:00;150850,29;151001,95;150837,10;150982,17;2804557777,00;92897
WINFUT;23/10/2023;16:55:00;150949,20;150988,76;150790,94;150856,88;4856425239,00;160946
WINFUT;23/10/2023;16:50:00;151028,32;151034,92;150936,01;150942,60;3700894259,00;122558
WINFUT;23/10/2023;16:45:00;150856,88;151034,92;150850,29;151028,32;6157845134,00;203957
WINFUT;23/10/2023;16:40:00;150771,16;150870,07;150751,38;150856,88;2921422755,00;96847
WINFUT;23/10/2023;16:35:00;150810,72;150850,29;150751,38;150777,75;2851875725,00;94561
WINFUT;23/10/2023;16:30:00;150856,88;150896,44;150744,78;150810,72;5387934016,00;178640
WINFUT;23/10/2023;16:25:00;150936,01;150975,57;150771,16;150856,88;5814201468,00;192704
WINFUT;23/10/2023;16:20:00;151179,98;151219,55;150817,32;150936,01;8493666338,00;281275
WINFUT;23/10/2023;16:15:00;151107,45;151232,74;151067,89;151179,98;4428397506,00;146488
WINFUT;23/10/2023;16:10:00;151358,02;151371,21;151015,14;151114,05;8978559592,00;296958
WINFUT;23/10/2023;16:05:00;151443,74;151483,31;151318,46;151358,02;3266321461,00;107872
WINFUT;23/10/2023;16:00:00;151397,59;151496,50;151351,43;151443,74;4232572088,00;139749
WINFUT;23/10/2023;15:55:00;151404,18;151437,15;151278,89;151397,59;3783007757,00;124968
WINFUT;23/10/2023;15:50:00;151338,24;151423,96;151298,68;151404,18;2669275982,00;88171
WINFUT;23/10/2023;15:45:00;151259,11;151463,53;151199,77;151344,83;6714979670,00;221855
WINFUT;23/10/2023;15:40:00;151529,47;151595,40;151252,52;151252,52;7131639832,00;235463
WINFUT;23/10/2023;15:35:00;151503,09;151536,06;151437,15;151529,47;1935578480,00;63886
WINFUT;23/10/2023;15:30:00;151456,93;151542,65;151450,34;151496,50;2706422313,00;89323
WINFUT;23/10/2023;15:25:00;151390,99;151529,47;151358,02;151463,53;4855432001,00;160293
WINFUT;23/10/2023;15:20:00;151305,27;151423,96;151206,36;151390,99;5376076256,00;177624
WINFUT;23/10/2023;15:15:00;151555,84;151575,62;151239,33;151311,86;6715000863,00;221786
WINFUT;23/10/2023;15:10:00;151621,78;151641,56;151489,90;151562,44;3920024316,00;129320
WINFUT;23/10/2023;15:05:00;151430,56;151674,53;151410,77;151621,78;4959577069,00;163602
WINFUT;23/10/2023;15:00:00;151489,90;151542,65;151371,21;151430,56;5081892273,00;167771
WINFUT;23/10/2023;14:55:00;151503,09;151509,68;151371,21;151483,31;5505540009,00;181780
WINFUT;23/10/2023;14:50:00;151674,53;151700,91;151463,53;151496,50;4459571841,00;147125
WINFUT;23/10/2023;14:45:00;151648,16;151700,91;151549,25;151667,94;3833643407,00;126413
WINFUT;23/10/2023;14:40:00;151608,59;151707,50;151569,03;151648,16;4349737272,00;143419
WINFUT;23/10/2023;14:35:00;151681,13;151700,91;151569,03;151602,00;4131888218,00;136249
WINFUT;23/10/2023;14:30:00;151733,88;151766,85;151648,16;151681,13;3319255187,00;109399
WINFUT;23/10/2023;14:25:00;151753,66;151766,85;151608,59;151733,88;4986115308,00;164357
WINFUT;23/10/2023;14:20:00;151918,51;151984,45;151714,10;151753,66;6145765708,00;202378
WINFUT;23/10/2023;14:15:00;151984,45;152083,36;151898,73;151918,51;4618829526,00;151939
WINFUT;23/10/2023;14:10:00;152024,01;152103,14;151931,70;151984,45;4239669143,00;139469
WINFUT;23/10/2023;14:05:00;151984,45;152103,14;151938,29;152030,61;4106420804,00;135052
WINFUT;23/10/2023;14:00:00;152109,73;152155,89;151885,54;151984,45;6094846944,00;200441
WINFUT;23/10/2023;13:55:00;151845,98;152142,70;151845,98;152103,14;7258576943,00;238719
WINFUT;23/10/2023;13:50:00;151747,07;151892,13;151714,10;151839,38;3011774490,00;99193
WINFUT;23/10/2023;13:45:00;151674,53;151832,79;151667,94;151753,66;3421863729,00;112739
WINFUT;23/10/2023;13:40:00;151720,69;151747,07;151628,37;151674,53;2724905243,00;89815
WINFUT;23/10/2023;13:35:00;151654,75;151780,04;151595,40;151720,69;3903551474,00;128666
WINFUT;23/10/2023;13:30:00;151641,56;151720,69;151608,59;151661,34;3370041938,00;111101
WINFUT;23/10/2023;13:25:00;151503,09;151681,13;151489,90;151641,56;3939696392,00;129924
WINFUT;23/10/2023;13:20:00;151516,28;151575,62;151437,15;151496,50;4528211306,00;149444
WINFUT;23/10/2023;13:15:00;151687,72;151694,31;151509,68;151509,68;5333361813,00;175908
WINFUT;23/10/2023;13:10:00;151832,79;151839,38;151674,53;151694,31;2802436305,00;92341
WINFUT;23/10/2023;13:05:00;151786,63;151859,16;151733,88;151839,38;2755157790,00;90755
WINFUT;23/10/2023;13:00:00;151878,95;151905,32;151753,66;151786,63;3244403492,00;106852
WINFUT;23/10/2023;12:55:00;151826,19;151905,32;151780,04;151885,54;3358854307,00;110605
WINFUT;23/10/2023;12:50:00;151918,51;151991,04;151826,19;151826,19;3769810493,00;124080
WINFUT;23/10/2023;12:45:00;151898,73;152017,42;151865,76;151918,51;3610967022,00;118831
WINFUT;23/10/2023;12:40:00;151951,48;151997,64;151845,98;151898,73;3876080539,00;127569
WINFUT;23/10/2023;12:35:00;151951,48;151997,64;151845,98;151958,07;4667032193,00;153593
WINFUT;23/10/2023;12:30:00;151872,35;151951,48;151714,10;151951,48;6955442997,00;229041
WINFUT;23/10/2023;12:25:00;151687,72;151872,35;151674,53;151872,35;5063121067,00;166770
WINFUT;23/10/2023;12:20:00;151621,78;151799,82;151615,19;151687,72;4522012043,00;149041
WINFUT;23/10/2023;12:15:00;151681,13;151733,88;151595,40;151621,78;4573265875,00;150779
WINFUT;23/10/2023;12:10:00;151641,56;151872,35;151621,78;151681,13;8832115395,00;291005
WINFUT;23/10/2023;12:05:00;151536,06;151648,16;151536,06;151641,56;5392928708,00;177874
WINFUT;23/10/2023;12:00:00;151344,83;151569,03;151311,86;151536,06;6396754290,00;211189
WINFUT;23/10/2023;11:55:00;151206,36;151344,83;151166,80;151338,24;4205083611,00;139015
WINFUT;23/10/2023;11:50:00;151173,39;151489,90;151160,20;151206,36;9117681589,00;301241
WINFUT;23/10/2023;11:45:00;151344,83;151351,43;151140,42;151179,98;5777839388,00;191009
WINFUT;23/10/2023;11:40:00;151114,05;151358,02;151048,11;151344,83;7508110886,00;248264
WINFUT;23/10/2023;11:35:00;150870,07;151186,58;150790,94;151107,45;8037565877,00;266147
WINFUT;23/10/2023;11:30:00;150955,79;151074,48;150810,72;150863,47;8259059052,00;273607
WINFUT;23/10/2023;11:25:00;151160,20;151206,36;150936,01;150955,79;5709707595,00;188968
WINFUT;23/10/2023;11:20:00;151021,73;151278,89;150995,35;151160,20;9013636593,00;298134
WINFUT;23/10/2023;11:15:00;151074,48;151127,23;150883,26;151021,73;7872069341,00;260659
WINFUT;23/10/2023;11:10:00;151028,32;151133,83;150949,20;151074,48;8182355425,00;270860
WINFUT;23/10/2023;11:05:00;150863,47;151041,51;150797,53;151028,32;6285760360,00;208246
WINFUT;23/10/2023;11:00:00;150968,98;151074,48;150837,10;150863,47;9077894059,00;300698
WINFUT;23/10/2023;10:55:00;150810,72;151028,32;150639,28;150968,98;1,039993051E10;344745
WINFUT;23/10/2023;10:50:00;150777,75;150955,79;150474,43;150817,32;1,543392691E10;511989
WINFUT;23/10/2023;10:45:00;150111,76;150790,94;150072,20;150777,75;1,426029301E10;473816
WINFUT;23/10/2023;10:40:00;150408,49;150481,02;150059,01;150111,76;9640020090,00;320844
WINFUT;23/10/2023;10:35:00;150368,93;150513,99;150164,51;150401,90;9291532886,00;309026
WINFUT;23/10/2023;10:30:00;150329,36;150454,65;150184,30;150362,33;1,021130228E10;339653
WINFUT;23/10/2023;10:25:00;150283,20;150375,52;150210,67;150329,36;5475862846,00;182166
WINFUT;23/10/2023;10:20:00;150626,09;150639,28;150157,92;150289,80;1,161022662E10;386020
WINFUT;23/10/2023;10:15:00;150217,26;150711,81;150197,48;150626,09;1,079537621E10;358584
WINFUT;23/10/2023;10:10:00;150454,65;150467,84;150085,39;150210,67;1,242585215E10;413481
WINFUT;23/10/2023;10:05:00;150500,81;150566,75;150388,71;150454,65;6164669362,00;204798
WINFUT;23/10/2023;10:00:00;150329,36;150520,59;150263,42;150507,40;6189203796,00;205764
WINFUT;23/10/2023;09:55:00;150428,27;150507,40;150316,17;150322,77;4385356265,00;145779
WINFUT;23/10/2023;09:50:00;150487,62;150560,15;150421,68;150428,27;2977665664,00;98928
WINFUT;23/10/2023;09:45:00;150513,99;150566,75;150454,65;150487,62;4191368775,00;139233
WINFUT;23/10/2023;09:40:00;150659,06;150705,22;150481,02;150520,59;4428879939,00;147036
WINFUT;23/10/2023;09:35:00;150725,00;150725,00;150652,47;150665,65;2582062962,00;85673
WINFUT;23/10/2023;09:30:00;150533,78;150725,00;150507,40;150725,00;3858618862,00;128087
WINFUT;23/10/2023;09:25:00;150665,65;150725,00;150527,18;150540,37;3718944392,00;123443
WINFUT;23/10/2023;09:20:00;150533,78;150685,44;150527,18;150665,65;3140683047,00;104258
WINFUT;23/10/2023;09:15:00;150626,09;150705,22;150513,99;150533,78;5598339851,00;185858
WINFUT;23/10/2023;09:10:00;150553,56;150692,03;150546,96;150626,09;3724048950,00;123623
WINFUT;23/10/2023;09:05:00;150171,11;150652,47;150144,73;150553,56;7161094501,00;238041
WINFUT;23/10/2023;09:00:00;150725,00;150757,97;150151,33;150177,70;8510905223,00;282918
WINFUT;20/10/2023;17:50:00;151364,62;151417,37;151292,08;151358,02;1153473072,00;38104
WINFUT;20/10/2023;17:45:00;151153,61;151371,21;151114,05;151364,62;1654820902,00;54722
WINFUT;20/10/2023;17:40:00;151173,39;151179,98;151034,92;151160,20;2456324015,00;81280
WINFUT;20/10/2023;17:35:00;151153,61;151232,74;151140,42;151179,98;1802917753,00;59626
WINFUT;20/10/2023;17:30:00;151173,39;151186,58;151120,64;151153,61;1297298610,00;42916
WINFUT;20/10/2023;17:25:00;151219,55;151245,92;151153,61;151179,98;1408368936,00;46575
WINFUT;20/10/2023;17:20:00;151252,52;151285,49;151179,98;151226,14;1795526059,00;59364
WINFUT;20/10/2023;17:15:00;151285,49;151305,27;151212,95;151252,52;2432156526,00;80395
WINFUT;20/10/2023;17:10:00;151423,96;151437,15;151272,30;151278,89;2392101970,00;79030
WINFUT;20/10/2023;17:05:00;151463,53;151496,50;151404,18;151417,37;2024059606,00;66825
WINFUT;20/10/2023;17:00:00;151423,96;151496,50;151358,02;151463,53;2410728778,00;79601
WINFUT;20/10/2023;16:55:00;151404,18;151476,71;151331,65;151430,56;3975280624,00;131281
WINFUT;20/10/2023;16:50:00;151390,99;151423,96;151331,65;151404,18;2620720368,00;86560
WINFUT;20/10/2023;16:45:00;151344,83;151423,96;151325,05;151390,99;3044358428,00;100556
WINFUT;20/10/2023;16:40:00;151503,09;151522,87;151325,05;151338,24;3703938434,00;122326
WINFUT;20/10/2023;16:35:00;151358,02;151536,06;151351,43;151509,68;3674001117,00;121290
WINFUT;20/10/2023;16:30:00;151483,31;151536,06;151305,27;151358,02;4358264277,00;143931
WINFUT;20/10/2023;16:25:00;151463,53;151509,68;151384,40;151489,90;3054511534,00;100843
WINFUT;20/10/2023;16:20:00;151569,03;151569,03;151404,18;151456,93;3454412761,00;114029
WINFUT;20/10/2023;16:15:00;151503,09;151608,59;151377,80;151562,44;4404171526,00;145379
WINFUT;20/10/2023;16:10:00;151489,90;151555,84;151437,15;151509,68;3468252413,00;114468
WINFUT;20/10/2023;16:05:00;151529,47;151588,81;151483,31;151489,90;2363907700,00;77995
WINFUT;20/10/2023;16:00:00;151542,65;151648,16;151516,28;151529,47;3615655297,00;119257
WINFUT;20/10/2023;15:55:00;151437,15;151615,19;151430,56;151536,06;4396906213,00;145074
WINFUT;20/10/2023;15:50:00;151397,59;151483,31;151344,83;151443,74;3982621224,00;131507
WINFUT;20/10/2023;15:45:00;151536,06;151555,84;151371,21;151404,18;3595555126,00;118706
WINFUT;20/10/2023;15:40:00;151621,78;151621,78;151450,34;151542,65;3186586485,00;105154
WINFUT;20/10/2023;15:35:00;151595,40;151700,91;151549,25;151621,78;4173966066,00;137636
WINFUT;20/10/2023;15:30:00;151476,71;151641,56;151390,99;151602,00;6942936680,00;229140
WINFUT;20/10/2023;15:25:00;151575,62;151648,16;151450,34;151476,71;3973306129,00;131084
WINFUT;20/10/2023;15:20:00;151522,87;151667,94;151503,09;151569,03;3959671787,00;130602
WINFUT;20/10/2023;15:15:00;151740,47;151786,63;151516,28;151516,28;6816915272,00;224785
WINFUT;20/10/2023;15:10:00;151938,29;151944,89;151720,69;151733,88;5418314905,00;178440
WINFUT;20/10/2023;15:05:00;152024,01;152089,95;151865,76;151938,29;6125013314,00;201510
WINFUT;20/10/2023;15:00:00;151938,29;152136,11;151911,92;152030,61;6906809326,00;227140
WINFUT;20/10/2023;14:55:00;151773,44;151958,07;151733,88;151931,70;4271624111,00;140656
WINFUT;20/10/2023;14:50:00;151700,91;151832,79;151681,13;151773,44;3934594535,00;129637
WINFUT;20/10/2023;14:45:00;151878,95;151925,10;151661,34;151707,50;5306752764,00;174841
WINFUT;20/10/2023;14:40:00;151621,78;152056,98;151595,40;151872,35;8169635108,00;269035
WINFUT;20/10/2023;14:35:00;151766,85;151839,38;151608,59;151615,19;4583951463,00;151065
WINFUT;20/10/2023;14:30:00;151931,70;151951,48;151747,07;151766,85;4833855000,00;159180
WINFUT;20/10/2023;14:25:00;151799,82;151997,64;151773,44;151925,10;5953958257,00;195992
WINFUT;20/10/2023;14:20:00;151766,85;151964,67;151700,91;151799,82;8096714821,00;266654
WINFUT;20/10/2023;14:15:00;151384,40;151898,73;151364,62;151766,85;1,199542244E10;395442
WINFUT;20/10/2023;14:10:00;151265,71;151397,59;151265,71;151384,40;4335724014,00;143251
WINFUT;20/10/2023;14:05:00;151179,98;151305,27;151153,61;151272,30;3606736671,00;119257
WINFUT;20/10/2023;14:00:00;151298,68;151325,05;151173,39;151179,98;4257984237,00;140767
WINFUT;20/10/2023;13:55:00;151226,14;151364,62;151153,61;151292,08;4642984509,00;153492
WINFUT;20/10/2023;13:50:00;151305,27;151377,80;151186,58;151226,14;6571941415,00;217208
WINFUT;20/10/2023;13:45:00;151193,17;151318,46;151186,58;151305,27;5174606308,00;171050
WINFUT;20/10/2023;13:40:00;151199,77;151219,55;151094,26;151193,17;3674847911,00;121563
WINFUT;20/10/2023;13:35:00;151166,80;151245,92;151133,83;151199,77;3272412720,00;108217
WINFUT;20/10/2023;13:30:00;151067,89;151199,77;151061,29;151166,80;3524363020,00;116603
WINFUT;20/10/2023;13:25:00;151087,67;151133,83;150995,35;151061,29;4891913287,00;161917
WINFUT;20/10/2023;13:20:00;150896,44;151094,26;150850,29;151081,08;5019439159,00;166219
WINFUT;20/10/2023;13:15:00;150757,97;150916,23;150725,00;150903,04;4136755459,00;137135
WINFUT;20/10/2023;13:10:00;150955,79;150962,38;150744,78;150751,38;5863435448,00;194341
WINFUT;20/10/2023;13:05:00;151061,29;151067,89;150936,01;150962,38;3053018902,00;101096
WINFUT;20/10/2023;13:00:00;151199,77;151212,95;151021,73;151054,70;4241220318,00;140353
WINFUT;20/10/2023;12:55:00;151186,58;151226,14;151107,45;151193,17;4684716201,00;154958
WINFUT;20/10/2023;12:50:00;151114,05;151252,52;151094,26;151186,58;5443617251,00;180026
WINFUT;20/10/2023;12:45:00;151015,14;151153,61;150982,17;151107,45;4491440034,00;148638
WINFUT;20/10/2023;12:40:00;150922,82;151015,14;150850,29;151015,14;3941971974,00;130587
WINFUT;20/10/2023;12:35:00;150903,04;151021,73;150876,66;150929,41;3153498405,00;104440
WINFUT;20/10/2023;12:30:00;151094,26;151094,26;150883,26;150896,44;3822485257,00;126604
WINFUT;20/10/2023;12:25:00;151001,95;151114,05;150955,79;151094,26;3723519903,00;123265
WINFUT;20/10/2023;12:20:00;150929,41;151034,92;150863,47;151001,95;4872101167,00;161379
WINFUT;20/10/2023;12:15:00;151153,61;151199,77;150883,26;150929,41;6227943186,00;206199
WINFUT;20/10/2023;12:10:00;151107,45;151212,95;150995,35;151153,61;5509336136,00;182316
WINFUT;20/10/2023;12:05:00;151048,11;151199,77;151015,14;151100,86;5395586421,00;178531
WINFUT;20/10/2023;12:00:00;150876,66;151081,08;150843,69;151054,70;5540056136,00;183449
WINFUT;20/10/2023;11:55:00;150949,20;151021,73;150837,10;150876,66;4873922549,00;161488
WINFUT;20/10/2023;11:50:00;150995,35;151127,23;150909,63;150955,79;6387725484,00;211489
WINFUT;20/10/2023;11:45:00;150856,88;151061,29;150790,94;151001,95;7313121270,00;242267
WINFUT;20/10/2023;11:40:00;150718,41;150889,85;150685,44;150863,47;4463766298,00;147998
WINFUT;20/10/2023;11:35:00;150896,44;150968,98;150705,22;150711,81;8311025431,00;275487
WINFUT;20/10/2023;11:30:00;150652,47;150909,63;150593,12;150903,04;1,159666834E10;384689
WINFUT;20/10/2023;11:25:00;151028,32;151107,45;150645,87;150652,47;1,10930524E10;367613
WINFUT;20/10/2023;11:20:00;151219,55;151232,74;150949,20;151021,73;1,166633873E10;386164
WINFUT;20/10/2023;11:15:00;151634,97;151667,94;151206,36;151219,55;1,337517069E10;441665
WINFUT;20/10/2023;11:10:00;151971,26;152010,83;151621,78;151634,97;9361983244,00;308358
WINFUT;20/10/2023;11:05:00;152030,61;152109,73;151878,95;151971,26;7820278694,00;257278
WINFUT;20/10/2023;11:00:00;152122,92;152182,27;152010,83;152030,61;6793833957,00;223328
WINFUT;20/10/2023;10:55:00;152281,18;152386,68;152109,73;152122,92;6219470464,00;204250
WINFUT;20/10/2023;10:50:00;152538,34;152571,31;152142,70;152281,18;1,067816249E10;350463
WINFUT;20/10/2023;10:45:00;151984,45;152597,69;151951,48;152544,94;1,24974266E10;410484
WINFUT;20/10/2023;10:40:00;152056,98;152162,49;151938,29;151977,86;9647917916,00;317237
WINFUT;20/10/2023;10:35:00;152419,65;152485,59;152043,79;152056,98;9306092708,00;305645
WINFUT;20/10/2023;10:30:00;152459,22;152518,56;152261,40;152426,25;9569219505,00;313949
WINFUT;20/10/2023;10:25:00;152617,47;152663,63;152287,77;152465,81;9419586829,00;308929
WINFUT;20/10/2023;10:20:00;152736,16;152736,16;152531,75;152617,47;7339593115,00;240443
WINFUT;20/10/2023;10:15:00;152419,65;152749,35;152386,68;152736,16;1,39628966E10;457536
WINFUT;20/10/2023;10:10:00;152248,21;152446,03;152083,36;152419,65;1,238984203E10;406866
WINFUT;20/10/2023;10:05:00;151892,13;152373,49;151885,54;152248,21;1,248812216E10;410482
WINFUT;20/10/2023;10:00:00;151694,31;151918,51;151694,31;151892,13;8245558706,00;271588
WINFUT;20/10/2023;09:55:00;151536,06;151694,31;151470,12;151687,72;6529788543,00;215393
WINFUT;20/10/2023;09:50:00;151602,00;151661,34;151536,06;151536,06;3251461823,00;107233
WINFUT;20/10/2023;09:45:00;151575,62;151634,97;151542,65;151602,00;2575729505,00;84957
WINFUT;20/10/2023;09:40:00;151575,62;151628,37;151529,47;151575,62;2922984146,00;96409
WINFUT;20/10/2023;09:35:00;151516,28;151595,40;151463,53;151575,62;3659013481,00;120733
WINFUT;20/10/2023;09:30:00;151674,53;151707,50;151450,34;151516,28;6576696527,00;216962
WINFUT;20/10/2023;09:25:00;151714,10;151720,69;151516,28;151674,53;8622573860,00;284352
WINFUT;20/10/2023;09:20:00;151766,85;151806,41;151681,13;151714,10;2759379911,00;90925
WINFUT;20/10/2023;09:15:00;151753,66;151806,41;151667,94;151760,25;4449587248,00;146631
WINFUT;20/10/2023;09:10:00;151793,22;151832,79;151687,72;151753,66;4222993820,00;139123
WINFUT;20/10/2023;09:05:00;151832,79;151898,73;151747,07;151793,22;4706354785,00;154997
WINFUT;20/10/2023;09:00:00;152281,18;152419,65;151733,88;151832,79;8682495149,00;285573
WINFUT;19/10/2023;17:50:00;152551,53;152564,72;152393,28;152551,53;1215820528,00;39861
WINFUT;19/10/2023;17:45:00;152544,94;152597,69;152525,15;152558,12;1182393004,00;38752
WINFUT;19/10/2023;17:40:00;152498,78;152571,31;152479,00;152538,34;1159853357,00;38019
WINFUT;19/10/2023;17:35:00;152604,28;152604,28;152479,00;152498,78;2263934311,00;74220
WINFUT;19/10/2023;17:30:00;152722,97;152736,16;152564,72;152597,69;2820935561,00;92409
WINFUT;19/10/2023;17:25:00;152762,54;152815,29;152703,19;152722,97;1467198561,00;48024
WINFUT;19/10/2023;17:20:00;152703,19;152828,48;152703,19;152762,54;2141063905,00;70072
WINFUT;19/10/2023;17:15:00;152650,44;152736,16;152650,44;152703,19;1110411005,00;36360
WINFUT;19/10/2023;17:10:00;152676,82;152742,76;152630,66;152657,03;1986455475,00;65049
WINFUT;19/10/2023;17:05:00;152630,66;152716,38;152597,69;152670,22;2446187246,00;80120
WINFUT;19/10/2023;17:00:00;152755,94;152788,91;152571,31;152630,66;4438181414,00;145351
WINFUT;19/10/2023;16:55:00;152960,36;152960,36;152736,16;152755,94;5132746894,00;167923
WINFUT;19/10/2023;16:50:00;152914,20;153052,67;152874,64;152966,95;4858636461,00;158791
WINFUT;19/10/2023;16:45:00;152762,54;152947,17;152736,16;152920,79;4049526566,00;132472
WINFUT;19/10/2023;16:40:00;152933,98;152966,95;152690,00;152762,54;5040269712,00;164901
WINFUT;19/10/2023;16:35:00;152953,76;153065,86;152927,39;152933,98;3074089389,00;100461
WINFUT;19/10/2023;16:30:00;153046,08;153059,27;152854,85;152953,76;4622200065,00;151112
WINFUT;19/10/2023;16:25:00;152960,36;153065,86;152920,79;153046,08;3467888510,00;113331
WINFUT;19/10/2023;16:20:00;152940,58;152980,14;152788,91;152953,76;4501187272,00;147203
WINFUT;19/10/2023;16:15:00;153032,89;153072,45;152815,29;152940,58;5941872613,00;194265
WINFUT;19/10/2023;16:10:00;153210,93;153243,90;153013,11;153039,48;5672558569,00;185217
WINFUT;19/10/2023;16:05:00;153296,65;153375,78;153197,74;153204,33;4545876140,00;148271
WINFUT;19/10/2023;16:00:00;153197,74;153316,43;153138,39;153290,06;4646320461,00;151597
WINFUT;19/10/2023;15:55:00;153006,51;153303,24;152980,14;153191,15;6529258644,00;213140
WINFUT;19/10/2023;15:50:00;152887,82;153065,86;152788,91;153006,51;6121086346,00;200111
WINFUT;19/10/2023;15:45:00;153026,30;153032,89;152828,48;152887,82;4749112969,00;155277
WINFUT;19/10/2023;15:40:00;152980,14;153026,30;152868,04;153019,70;5269154944,00;172258
WINFUT;19/10/2023;15:35:00;152960,36;153039,48;152907,61;152986,73;6200571199,00;202672
WINFUT;19/10/2023;15:30:00;153402,15;153408,75;152914,20;152953,76;8902437222,00;290622
WINFUT;19/10/2023;15:25:00;153553,81;153567,00;153369,18;153395,56;5696767856,00;185610
WINFUT;19/10/2023;15:20:00;153731,85;153738,45;153527,44;153553,81;5392158253,00;175496
WINFUT;19/10/2023;15:15:00;153718,66;153758,23;153599,97;153725,26;3973364892,00;129279
WINFUT;19/10/2023;15:10:00;153573,60;153764,82;153573,60;153718,66;3974546706,00;129312
WINFUT;19/10/2023;15:05:00;153626,35;153692,29;153520,84;153580,19;4881381241,00;158890
WINFUT;19/10/2023;15:00:00;153514,25;153698,88;153474,69;153619,75;4396885146,00;143117
WINFUT;19/10/2023;14:55:00;153501,06;153659,32;153474,69;153520,84;5256321639,00;171138
WINFUT;19/10/2023;14:50:00;153547,22;153599,97;153448,31;153507,66;4165370104,00;135669
WINFUT;19/10/2023;14:45:00;153560,41;153613,16;153481,28;153547,22;3813401237,00;124179
WINFUT;19/10/2023;14:40:00;153606,57;153646,13;153534,03;153553,81;3610977607,00;117552
WINFUT;19/10/2023;14:35:00;153731,85;153804,39;153547,22;153613,16;6740305640,00;219330
WINFUT;19/10/2023;14:30:00;153843,95;154054,96;153698,88;153738,45;8606277890,00;279666
WINFUT;19/10/2023;14:25:00;153837,36;153896,70;153698,88;153850,54;6124365697,00;199097
WINFUT;19/10/2023;14:20:00;154127,49;154153,87;153824,17;153837,36;6504544088,00;211215
WINFUT;19/10/2023;14:15:00;154035,17;154186,84;153962,64;154134,08;6231213130,00;202194
WINFUT;19/10/2023;14:10:00;154068,14;154167,05;154002,20;154035,17;6206804902,00;201396
WINFUT;19/10/2023;14:05:00;153982,42;154160,46;153962,64;154061,55;7020919505,00;227863
WINFUT;19/10/2023;14:00:00;153804,39;154114,30;153804,39;153975,83;7190196279,00;233494
WINFUT;19/10/2023;13:55:00;153876,92;154008,80;153725,26;153804,39;7819812307,00;254130
WINFUT;19/10/2023;13:50:00;153580,19;153909,89;153501,06;153883,51;8785625462,00;285815
WINFUT;19/10/2023;13:45:00;153382,37;153613,16;153342,81;153586,78;8063950583,00;262686
WINFUT;19/10/2023;13:40:00;153276,87;153514,25;153131,80;153382,37;1,09553366E10;357184
WINFUT;19/10/2023;13:35:00;153356,00;153382,37;153006,51;153276,87;1,225407619E10;399962
WINFUT;19/10/2023;13:30:00;153672,51;153692,29;153276,87;153356,00;9047962732,00;294683
WINFUT;19/10/2023;13:25:00;153989,02;154008,80;153593,38;153665,91;1,102054631E10;358369
WINFUT;19/10/2023;13:20:00;154008,80;154193,43;153942,86;153995,61;8465892353,00;274685
WINFUT;19/10/2023;13:15:00;153810,98;154094,52;153771,42;154002,20;7908639892,00;256860
WINFUT;19/10/2023;13:10:00;153718,66;153903,29;153652,72;153810,98;6317230317,00;205435
WINFUT;19/10/2023;13:05:00;153725,26;153876,92;153567,00;153718,66;8910419277,00;289825
WINFUT;19/10/2023;13:00:00;153428,53;153916,48;153164,77;153731,85;1,679745878E10;546795
WINFUT;19/10/2023;12:55:00;153501,06;153507,66;153362,59;153428,53;4207044098,00;137100
WINFUT;19/10/2023;12:50:00;153685,69;153685,69;153481,28;153494,47;5557304862,00;180949
WINFUT;19/10/2023;12:45:00;153652,72;153764,82;153619,75;153685,69;4190664881,00;136328
WINFUT;19/10/2023;12:40:00;153573,60;153692,29;153547,22;153652,72;3205622448,00;104320
WINFUT;19/10/2023;12:35:00;153599,97;153698,88;153547,22;153586,78;5263965420,00;171336
WINFUT;19/10/2023;12:30:00;153520,84;153626,35;153501,06;153599,97;3882817295,00;126421
WINFUT;19/10/2023;12:25:00;153428,53;153632,94;153382,37;153520,84;7912828097,00;257725
WINFUT;19/10/2023;12:20:00;153144,99;153428,53;153039,48;153428,53;7340315053,00;239531
WINFUT;19/10/2023;12:15:00;153309,84;153323,03;153079,05;153138,39;6368597721,00;207858
WINFUT;19/10/2023;12:10:00;153290,06;153369,18;153237,30;153303,24;4785401675,00;156079
WINFUT;19/10/2023;12:05:00;153013,11;153323,03;153006,51;153290,06;8661906873,00;282736
WINFUT;19/10/2023;12:00:00;152881,23;153026,30;152775,73;153019,70;7014504118,00;229347
WINFUT;19/10/2023;11:55:00;152808,70;152901,01;152762,54;152887,82;4396698917,00;143829
WINFUT;19/10/2023;11:50:00;152808,70;152874,64;152729,57;152802,10;4537862475,00;148483
WINFUT;19/10/2023;11:45:00;152821,88;152907,61;152775,73;152808,70;4246400177,00;138920
WINFUT;19/10/2023;11:40:00;152953,76;153046,08;152815,29;152821,88;5193344601,00;169773
WINFUT;19/10/2023;11:35:00;152861,45;153019,70;152835,07;152953,76;6016696871,00;196710
WINFUT;19/10/2023;11:30:00;152835,07;152914,20;152762,54;152861,45;6622740725,00;216663
WINFUT;19/10/2023;11:25:00;153006,51;153026,30;152815,29;152828,48;4986100558,00;163015
WINFUT;19/10/2023;11:20:00;153026,30;153052,67;152848,26;153006,51;7197038355,00;235259
WINFUT;19/10/2023;11:15:00;153349,40;153362,59;152914,20;153026,30;9130750483,00;298203
WINFUT;19/10/2023;11:10:00;153184,55;153362,59;153144,99;153342,81;8127876767,00;265170
WINFUT;19/10/2023;11:05:00;152980,14;153204,33;152920,79;153184,55;6610500592,00;215966
WINFUT;19/10/2023;11:00:00;153098,83;153164,77;152881,23;152986,73;8408929697,00;274812
WINFUT;19/10/2023;10:55:00;152980,14;153164,77;152947,17;153098,83;5173778958,00;168994
WINFUT;19/10/2023;10:50:00;153032,89;153105,42;152947,17;152980,14;6156779898,00;201183
WINFUT;19/10/2023;10:45:00;153059,27;153177,96;152894,42;153039,48;7864288599,00;256975
WINFUT;19/10/2023;10:40:00;152966,95;153118,61;152894,42;153065,86;8576762518,00;280263
WINFUT;19/10/2023;10:35:00;152762,54;153026,30;152657,03;152966,95;1,041715009E10;340842
WINFUT;19/10/2023;10:30:00;152769,13;152953,76;152591,09;152762,54;1,184532237E10;387677
WINFUT;19/10/2023;10:25:00;152795,51;152907,61;152650,44;152762,54;8012933521,00;262260
WINFUT;19/10/2023;10:20:00;153013,11;153026,30;152755,94;152788,91;8625693437,00;282083
WINFUT;19/10/2023;10:15:00;152597,69;153144,99;152597,69;153013,11;1,229086335E10;401900
WINFUT;19/10/2023;10:10:00;152795,51;152894,42;152571,31;152597,69;8910379001,00;291620
WINFUT;19/10/2023;10:05:00;152610,88;152835,07;152479,00;152795,51;9252642761,00;303046
WINFUT;19/10/2023;10:00:00;152617,47;152637,25;152426,25;152617,47;6882332557,00;225616
WINFUT;19/10/2023;09:55:00;152650,44;152683,41;152577,91;152617,47;2306162184,00;75545
WINFUT;19/10/2023;09:50:00;152670,22;152696,60;152538,34;152657,03;4194086788,00;137414
WINFUT;19/10/2023;09:45:00;152696,60;152703,19;152597,69;152670,22;3076089402,00;100758
WINFUT;19/10/2023;09:40:00;152769,13;152795,51;152577,91;152696,60;6868351738,00;224911
WINFUT;19/10/2023;09:35:00;152498,78;152795,51;152432,84;152769,13;9423040771,00;308645
WINFUT;19/10/2023;09:30:00;152709,79;152722,97;152426,25;152498,78;8027416073,00;263095
WINFUT;19/10/2023;09:25:00;152690,00;152775,73;152637,25;152709,79;3779872292,00;123753
WINFUT;19/10/2023;09:20:00;152544,94;152749,35;152544,94;152690,00;4028041568,00;131931
WINFUT;19/10/2023;09:15:00;152551,53;152703,19;152459,22;152551,53;4943261808,00;161993
WINFUT;19/10/2023;09:10:00;152531,75;152604,28;152472,40;152558,12;3052142724,00;100039
WINFUT;19/10/2023;09:05:00;152643,85;152762,54;152505,37;152525,15;5090298368,00;166721
WINFUT;19/10/2023;09:00:00;152518,56;152920,79;152393,28;152643,85;8604669369,00;281911
WINFUT;18/10/2023;17:50:00;152716,38;152788,91;152650,44;152650,44;1311364406,00;42934
WINFUT;18/10/2023;17:45:00;152749,35;152782,32;152683,41;152716,38;1583922328,00;51854
WINFUT;18/10/2023;17:40:00;152762,54;152795,51;152729,57;152755,94;1548726419,00;50691
WINFUT;18/10/2023;17:35:00;152769,13;152788,91;152703,19;152762,54;1526894028,00;49982
WINFUT;18/10/2023;17:30:00;152696,60;152775,73;152690,00;152769,13;1274385234,00;41719
WINFUT;18/10/2023;17:25:00;152676,82;152749,35;152663,63;152690,00;1371060555,00;44893
WINFUT;18/10/2023;17:20:00;152650,44;152716,38;152637,25;152670,22;1445910617,00;47351
WINFUT;18/10/2023;17:15:00;152716,38;152736,16;152630,66;152643,85;1758581127,00;57590
WINFUT;18/10/2023;17:10:00;152690,00;152722,97;152624,06;152709,79;1731430632,00;56705
WINFUT;18/10/2023;17:05:00;152762,54;152802,10;152624,06;152696,60;2525800121,00;82707
WINFUT;18/10/2023;17:00:00;152729,57;152841,67;152709,79;152769,13;2921348005,00;95610
WINFUT;18/10/2023;16:55:00;152716,38;152841,67;152630,66;152729,57;5008962295,00;163980
WINFUT;18/10/2023;16:50:00;152630,66;152795,51;152630,66;152716,38;4580536830,00;149970
WINFUT;18/10/2023;16:45:00;152722,97;152729,57;152591,09;152624,06;3895927723,00;127610
WINFUT;18/10/2023;16:40:00;152762,54;152795,51;152676,82;152716,38;3033736583,00;99322
WINFUT;18/10/2023;16:35:00;152703,19;152802,10;152624,06;152762,54;3535538750,00;115741
WINFUT;18/10/2023;16:30:00;152782,32;152815,29;152584,50;152703,19;7247528770,00;237331
WINFUT;18/10/2023;16:25:00;152966,95;152993,33;152736,16;152775,73;4929365264,00;161250
WINFUT;18/10/2023;16:20:00;152861,45;153006,51;152854,85;152960,36;3658416277,00;119599
WINFUT;18/10/2023;16:15:00;152848,26;152907,61;152736,16;152861,45;4670843252,00;152806
WINFUT;18/10/2023;16:10:00;152769,13;152907,61;152690,00;152848,26;4888130467,00;159962
WINFUT;18/10/2023;16:05:00;152854,85;152901,01;152749,35;152775,73;3816054035,00;124864
WINFUT;18/10/2023;16:00:00;152927,39;152947,17;152755,94;152854,85;5320072628,00;174039
WINFUT;18/10/2023;15:55:00;152868,04;152927,39;152775,73;152927,39;4636364370,00;151674
WINFUT;18/10/2023;15:50:00;152854,85;152933,98;152821,88;152868,04;4504996430,00;147343
WINFUT;18/10/2023;15:45:00;152907,61;152999,92;152854,85;152854,85;4362226641,00;142625
WINFUT;18/10/2023;15:40:00;152999,92;153039,48;152828,48;152907,61;6256261702,00;204559
WINFUT;18/10/2023;15:35:00;153210,93;153210,93;152986,73;152999,92;4298566052,00;140385
WINFUT;18/10/2023;15:30:00;153105,42;153230,71;153059,27;153210,93;4972246091,00;162318
WINFUT;18/10/2023;15:25:00;153158,18;153171,36;153006,51;153105,42;7450883288,00;243363
WINFUT;18/10/2023;15:20:00;153270,27;153283,46;153151,58;153164,77;4404767180,00;143740
WINFUT;18/10/2023;15:15:00;153501,06;153501,06;153224,12;153263,68;7061101781,00;230273
WINFUT;18/10/2023;15:10:00;153659,32;153665,91;153461,50;153494,47;3798180334,00;123672
WINFUT;18/10/2023;15:05:00;153494,47;153758,23;153481,28;153659,32;5372289594,00;174837
WINFUT;18/10/2023;15:00:00;153731,85;153778,01;153448,31;153487,87;5731900674,00;186592
WINFUT;18/10/2023;14:55:00;153553,81;153758,23;153474,69;153731,85;6424584444,00;209102
WINFUT;18/10/2023;14:50:00;153468,09;153580,19;153375,78;153553,81;4354047613,00;141840
WINFUT;18/10/2023;14:45:00;153534,03;153560,41;153375,78;153468,09;5270797812,00;171738
WINFUT;18/10/2023;14:40:00;153461,50;153619,75;153415,34;153527,44;5085268680,00;165606
WINFUT;18/10/2023;14:35:00;153731,85;153758,23;153454,90;153461,50;6388752714,00;207976
WINFUT;18/10/2023;14:30:00;153830,76;153830,76;153613,16;153731,85;5549706009,00;180510
WINFUT;18/10/2023;14:25:00;153876,92;153916,48;153758,23;153830,76;3587502424,00;116599
WINFUT;18/10/2023;14:20:00;153936,26;153975,83;153804,39;153870,33;4387044747,00;142537
WINFUT;18/10/2023;14:15:00;154074,74;154384,65;153916,48;153936,26;9208726722,00;298642
WINFUT;18/10/2023;14:10:00;153929,67;154265,96;153850,54;154074,74;7681612474,00;249223
WINFUT;18/10/2023;14:05:00;154087,93;154114,30;153672,51;153936,26;8996010768,00;292347
WINFUT;18/10/2023;14:00:00;153487,87;154101,11;153382,37;154087,93;1,196466434E10;389044
WINFUT;18/10/2023;13:55:00;153626,35;153646,13;153454,90;153487,87;4373437925,00;142406
WINFUT;18/10/2023;13:50:00;153712,07;153810,98;153619,75;153626,35;3066240259,00;99738
WINFUT;18/10/2023;13:45:00;153784,60;153830,76;153712,07;153718,66;2377447317,00;77302
WINFUT;18/10/2023;13:40:00;153632,94;153830,76;153619,75;153778,01;3646163724,00;118580
WINFUT;18/10/2023;13:35:00;153784,60;153863,73;153626,35;153626,35;4915134441,00;159841
WINFUT;18/10/2023;13:30:00;153553,81;153824,17;153547,22;153784,60;4683450532,00;152367
WINFUT;18/10/2023;13:25:00;153342,81;153580,19;153342,81;153553,81;4343378234,00;141497
WINFUT;18/10/2023;13:20:00;153435,12;153507,66;153296,65;153342,81;4620278929,00;150605
WINFUT;18/10/2023;13:15:00;153553,81;153586,78;153421,94;153435,12;4791577809,00;156064
WINFUT;18/10/2023;13:10:00;153830,76;153850,54;153553,81;153553,81;3995351879,00;129978
WINFUT;18/10/2023;13:05:00;153771,42;153850,54;153613,16;153830,76;4429632696,00;144070
WINFUT;18/10/2023;13:00:00;153705,48;153810,98;153599,97;153771,42;4748279256,00;154473
WINFUT;18/10/2023;12:55:00;153619,75;153830,76;153606,57;153705,48;4538256906,00;147579
WINFUT;18/10/2023;12:50:00;153567,00;153725,26;153527,44;153626,35;3883018311,00;126380
WINFUT;18/10/2023;12:45:00;153705,48;153791,20;153527,44;153560,41;5043591991,00;164143
WINFUT;18/10/2023;12:40:00;153824,17;153837,36;153679,10;153698,88;4657402941,00;151448
WINFUT;18/10/2023;12:35:00;153751,63;153942,86;153692,29;153824,17;5457844520,00;177389
WINFUT;18/10/2023;12:30:00;153679,10;153817,57;153632,94;153751,63;4117441202,00;133901
WINFUT;18/10/2023;12:25:00;153613,16;153758,23;153586,78;153679,10;4356744647,00;141741
WINFUT;18/10/2023;12:20:00;153520,84;153692,29;153481,28;153606,57;4574917785,00;148918
WINFUT;18/10/2023;12:15:00;153454,90;153599,97;153448,31;153520,84;3854468661,00;125517
WINFUT;18/10/2023;12:10:00;153415,34;153514,25;153329,62;153454,90;3980152202,00;129715
WINFUT;18/10/2023;12:05:00;153507,66;153567,00;153323,03;153408,75;5214804516,00;169936
WINFUT;18/10/2023;12:00:00;153349,40;153560,41;153329,62;153507,66;5510110962,00;179518
WINFUT;18/10/2023;11:55:00;153263,68;153375,78;153237,30;153356,00;4523173745,00;147515
WINFUT;18/10/2023;11:50:00;153534,03;153586,78;153257,09;153270,27;6807175959,00;221890
WINFUT;18/10/2023;11:45:00;153507,66;153606,57;153395,56;153540,63;5811862830,00;189311
WINFUT;18/10/2023;11:40:00;153494,47;153580,19;153415,34;153507,66;5102659405,00;166218
WINFUT;18/10/2023;11:35:00;153652,72;153659,32;153441,72;153494,47;7842253868,00;255371
WINFUT;18/10/2023;11:30:00;153837,36;153923,08;153586,78;153652,72;9364466779,00;304469
WINFUT;18/10/2023;11:25:00;154173,65;154206,62;153824,17;153837,36;6048357480,00;196364
WINFUT;18/10/2023;11:20:00;154219,81;154252,78;154002,20;154173,65;7128310038,00;231222
WINFUT;18/10/2023;11:15:00;153923,08;154219,81;153850,54;154213,21;7220729208,00;234352
WINFUT;18/10/2023;11:10:00;153876,92;153962,64;153797,79;153929,67;4693732416,00;152530
WINFUT;18/10/2023;11:05:00;153870,33;154041,77;153797,79;153876,92;5775361681,00;187573
WINFUT;18/10/2023;11:00:00;153975,83;154048,36;153764,82;153870,33;7621963036,00;247671
WINFUT;18/10/2023;10:55:00;154035,17;154127,49;153843,95;153975,83;6631003652,00;215341
WINFUT;18/10/2023;10:50:00;153956,05;154074,74;153857,14;154041,77;6869703800,00;223077
WINFUT;18/10/2023;10:45:00;154200,02;154226,40;153890,11;153956,05;6880286484,00;223300
WINFUT;18/10/2023;10:40:00;154127,49;154331,90;154107,71;154200,02;7916959329,00;256683
WINFUT;18/10/2023;10:35:00;154173,65;154186,84;153969,23;154134,08;9763096431,00;316804
WINFUT;18/10/2023;10:30:00;154384,65;154490,16;154120,90;154180,24;1,034447641E10;335247
WINFUT;18/10/2023;10:25:00;154437,41;154437,41;154279,15;154384,65;3821144251,00;123779
WINFUT;18/10/2023;10:20:00;154444,00;154516,53;154259,37;154444,00;5686808107,00;184166
WINFUT;18/10/2023;10:15:00;154298,93;154476,97;154246,18;154444,00;4878507000,00;158029
WINFUT;18/10/2023;10:10:00;154272,56;154523,13;154200,02;154298,93;9497432559,00;307671
WINFUT;18/10/2023;10:05:00;154384,65;154404,44;154101,11;154279,15;8115928663,00;263114
WINFUT;18/10/2023;10:00:00;154384,65;154463,78;154246,18;154384,65;5415545695,00;175416
WINFUT;18/10/2023;09:55:00;154351,69;154424,22;154246,18;154391,25;3442034137,00;111502
WINFUT;18/10/2023;09:50:00;154292,34;154378,06;154200,02;154351,69;3999662325,00;129613
WINFUT;18/10/2023;09:45:00;154226,40;154364,87;154153,87;154298,93;5621010675,00;182208
WINFUT;18/10/2023;09:40:00;154450,59;154483,56;154200,02;154226,40;5346834180,00;173269
WINFUT;18/10/2023;09:35:00;154378,06;154536,32;154325,31;154457,19;4386421466,00;142001
WINFUT;18/10/2023;09:30:00;154562,69;154562,69;154265,96;154384,65;6675699680,00;216180
WINFUT;18/10/2023;09:25:00;154582,47;154622,04;154476,97;154562,69;3462198534,00;112010
WINFUT;18/10/2023;09:20:00;154483,56;154608,85;154444,00;154582,47;4690441032,00;151761
WINFUT;18/10/2023;09:15:00;154331,90;154509,94;154312,12;154490,16;4373740018,00;141621
WINFUT;18/10/2023;09:10:00;154107,71;154351,69;154061,55;154331,90;6165028930,00;199905
WINFUT;18/10/2023;09:05:00;154516,53;154542,91;154081,33;154107,71;7074231097,00;229263
WINFUT;18/10/2023;09:00:00;154496,75;154826,45;154430,81;154516,53;6913946368,00;223567
WINFUT;17/10/2023;17:50:00;155045,37;155139,11;154958,33;154958,33;1046521714,00;33748
WINFUT;17/10/2023;17:45:00;155058,76;155105,63;155031,98;155045,37;1266231295,00;40828
WINFUT;17/10/2023;17:40:00;155139,11;155179,28;155018,59;155052,07;1714134335,00;55257
WINFUT;17/10/2023;17:35:00;155119,02;155159,19;155045,37;155139,11;1526508989,00;49210
WINFUT;17/10/2023;17:30:00;155092,24;155232,84;155072,15;155119,02;2481668087,00;79972
WINFUT;17/10/2023;17:25:00;155065,46;155119,02;155058,76;155092,24;898517222,60;28968
WINFUT;17/10/2023;17:20:00;155085,54;155125,72;155045,37;155065,46;1826271234,00;58880
WINFUT;17/10/2023;17:15:00;155125,72;155125,72;155052,07;155092,24;1699239584,00;54784
WINFUT;17/10/2023;17:10:00;155185,97;155212,76;155112,32;155125,72;1741603797,00;56122
WINFUT;17/10/2023;17:05:00;155252,93;155279,71;155172,58;155179,28;2049233928,00;66013
WINFUT;17/10/2023;17:00:00;155286,40;155313,19;155212,76;155252,93;2298786993,00;74030
WINFUT;17/10/2023;16:55:00;155360,05;155366,75;155232,84;155286,40;3047597614,00;98128
WINFUT;17/10/2023;16:50:00;155319,88;155380,14;155273,01;155360,05;3697271566,00;119010
WINFUT;17/10/2023;16:45:00;155185,97;155346,66;155172,58;155319,88;3192894470,00;102826
WINFUT;17/10/2023;16:40:00;155259,62;155306,49;155165,89;155179,28;3160659823,00;101802
WINFUT;17/10/2023;16:35:00;155165,89;155306,49;155159,19;155259,62;2711823802,00;87337
WINFUT;17/10/2023;16:30:00;155286,40;155313,19;155119,02;155172,58;4241643507,00;136646
WINFUT;17/10/2023;16:25:00;155105,63;155299,80;155072,15;155279,71;5005479684,00;161283
WINFUT;17/10/2023;16:20:00;155139,11;155212,76;155065,46;155105,63;3366448097,00;108503
WINFUT;17/10/2023;16:15:00;155139,11;155159,19;154998,50;155145,80;4421031617,00;142540
WINFUT;17/10/2023;16:10:00;155145,80;155206,06;155112,32;155139,11;3012793745,00;97088
WINFUT;17/10/2023;16:05:00;155018,59;155192,67;154971,72;155145,80;4048199968,00;130510
WINFUT;17/10/2023;16:00:00;154931,55;155072,15;154911,46;155025,28;3635009036,00;117252
WINFUT;17/10/2023;15:55:00;155038,68;155058,76;154891,38;154938,24;4605567213,00;148601
WINFUT;17/10/2023;15:50:00;155293,10;155299,80;155018,59;155045,37;4930209510,00;158888
WINFUT;17/10/2023;15:45:00;155192,67;155293,10;155139,11;155293,10;3666416681,00;118110
WINFUT;17/10/2023;15:40:00;155098,93;155226,15;155065,46;155192,67;5537645553,00;178456
WINFUT;17/10/2023;15:35:00;155038,68;155112,32;154944,94;155105,63;4984132916,00;160730
WINFUT;17/10/2023;15:30:00;154991,81;155038,68;154844,51;155031,98;5877224897,00;189659
WINFUT;17/10/2023;15:25:00;155092,24;155112,32;154958,33;154991,81;4224572714,00;136249
WINFUT;17/10/2023;15:20:00;155085,54;155199,36;155005,20;155092,24;5206357986,00;167837
WINFUT;17/10/2023;15:15:00;155252,93;155299,80;155038,68;155085,54;7703164252,00;248224
WINFUT;17/10/2023;15:10:00;155366,75;155386,84;155199,36;155252,93;6303824482,00;202946
WINFUT;17/10/2023;15:05:00;155386,84;155467,18;155246,23;155360,05;7467692507,00;240373
WINFUT;17/10/2023;15:00:00;155467,18;155614,48;155366,75;155386,84;5501772325,00;176913
WINFUT;17/10/2023;14:55:00;155413,62;155547,53;155360,05;155460,49;5522534807,00;177624
WINFUT;17/10/2023;14:50:00;155641,26;155654,65;155386,84;155420,31;6720433182,00;216095
WINFUT;17/10/2023;14:45:00;155701,52;155741,69;155520,74;155641,26;5767440041,00;185303
WINFUT;17/10/2023;14:40:00;155775,17;155848,82;155581,00;155708,22;6895448937,00;221424
WINFUT;17/10/2023;14:35:00;155882,30;155922,47;155681,43;155781,86;6425197901,00;206204
WINFUT;17/10/2023;14:30:00;156063,07;156116,63;155741,69;155875,60;8851795222,00;283851
WINFUT;17/10/2023;14:25:00;156123,33;156163,50;156042,99;156063,07;3206848845,00;102719
WINFUT;17/10/2023;14:20:00;156190,28;156223,76;156116,63;156123,33;3106138080,00;99452
WINFUT;17/10/2023;14:15:00;156217,07;156297,41;156176,89;156190,28;3168032376,00;101391
WINFUT;17/10/2023;14:10:00;156223,76;156330,89;156210,37;156217,07;4572565783,00;146302
WINFUT;17/10/2023;14:05:00;156143,42;156230,46;156096,55;156223,76;4114741515,00;131750
WINFUT;17/10/2023;14:00:00;156284,02;156297,41;156130,03;156143,42;4563966259,00;146086
WINFUT;17/10/2023;13:55:00;156484,88;156504,97;156250,54;156284,02;5276664796,00;168742
WINFUT;17/10/2023;13:50:00;156504,97;156518,36;156417,93;156484,88;3319974268,00;106097
WINFUT;17/10/2023;13:45:00;156585,31;156632,18;156478,19;156504,97;4397081202,00;140436
WINFUT;17/10/2023;13:40:00;156558,53;156605,40;156504,97;156578,62;2571388552,00;82117
WINFUT;17/10/2023;13:35:00;156511,66;156571,92;156478,19;156565,23;2183535631,00;69750
WINFUT;17/10/2023;13:30:00;156518,36;156571,92;156464,80;156511,66;3504414296,00;111951
WINFUT;17/10/2023;13:25:00;156397,84;156531,75;156364,36;156518,36;3782965085,00;120884
WINFUT;17/10/2023;13:20:00;156397,84;156431,32;156357,67;156391,15;2014587543,00;64407
WINFUT;17/10/2023;13:15:00;156438,01;156478,19;156364,36;156397,84;2727278729,00;87187
WINFUT;17/10/2023;13:10:00;156397,84;156458,10;156364,36;156438,01;2387363223,00;76316
WINFUT;17/10/2023;13:05:00;156478,19;156504,97;156377,76;156404,54;3257761371,00;104120
WINFUT;17/10/2023;13:00:00;156545,14;156578,62;156458,10;156478,19;3076357098,00;98276
WINFUT;17/10/2023;12:55:00;156585,31;156598,70;156511,66;156551,84;2324282671,00;74234
WINFUT;17/10/2023;12:50:00;156571,92;156605,40;156491,58;156585,31;2867937854,00;91593
WINFUT;17/10/2023;12:45:00;156478,19;156598,70;156424,62;156578,62;4298517093,00;137314
WINFUT;17/10/2023;12:40:00;156384,45;156531,75;156364,36;156484,88;5074728036,00;162175
WINFUT;17/10/2023;12:35:00;156324,19;156424,62;156290,71;156377,76;3873581808,00;123864
WINFUT;17/10/2023;12:30:00;156210,37;156337,58;156163,50;156317,50;4057015858,00;129817
WINFUT;17/10/2023;12:25:00;156203,67;156250,54;156150,11;156210,37;4454328715,00;142582
WINFUT;17/10/2023;12:20:00;156384,45;156397,84;156196,98;156210,37;4377977609,00;140053
WINFUT;17/10/2023;12:15:00;156424,62;156484,88;156310,80;156377,76;3861801153,00;123474
WINFUT;17/10/2023;12:10:00;156344,28;156464,80;156317,50;156424,62;4295565870,00;137321
WINFUT;17/10/2023;12:05:00;156384,45;156491,58;156310,80;156350,97;7084568854,00;226478
WINFUT;17/10/2023;12:00:00;156290,71;156404,54;156217,07;156391,15;6394196597,00;204543
WINFUT;17/10/2023;11:55:00;156183,59;156344,28;156156,81;156290,71;4569825434,00;146223
WINFUT;17/10/2023;11:50:00;156310,80;156337,58;156176,89;156190,28;4856936348,00;155432
WINFUT;17/10/2023;11:45:00;156150,11;156344,28;156136,72;156317,50;7629523014,00;244110
WINFUT;17/10/2023;11:40:00;156237,15;156250,54;156022,90;156156,81;6473788872,00;207328
WINFUT;17/10/2023;11:35:00;156143,42;156317,50;156069,77;156243,85;7840125547,00;250918
WINFUT;17/10/2023;11:30:00;156096,55;156156,81;155895,69;156150,11;8300720605,00;266016
WINFUT;17/10/2023;11:25:00;155815,34;156103,24;155801,95;156089,85;9006604885,00;288714
WINFUT;17/10/2023;11:20:00;155688,13;156009,51;155621,17;155815,34;1,251026223E10;401406
WINFUT;17/10/2023;11:15:00;155534,13;155708,22;155460,49;155688,13;8875717807,00;285236
WINFUT;17/10/2023;11:10:00;155273,01;155574,31;155199,36;155534,13;1,037470426E10;333816
WINFUT;17/10/2023;11:05:00;155078,85;155273,01;154991,81;155273,01;7572558629,00;244101
WINFUT;17/10/2023;11:00:00;155078,85;155279,71;155031,98;155078,85;9436648919,00;304087
WINFUT;17/10/2023;10:55:00;154851,20;155092,24;154844,51;155085,54;4942315628,00;159458
WINFUT;17/10/2023;10:50:00;154784,25;154965,03;154757,47;154851,20;6649602016,00;214686
WINFUT;17/10/2023;10:45:00;154851,20;154924,85;154750,77;154777,55;7043213703,00;227442
WINFUT;17/10/2023;10:40:00;155085,54;155098,93;154764,16;154857,90;8193151990,00;264397
WINFUT;17/10/2023;10:35:00;154831,12;155132,41;154744,08;155085,54;1,081048362E10;348851
WINFUT;17/10/2023;10:30:00;154824,42;155018,59;154744,08;154837,81;1,281675348E10;413795
WINFUT;17/10/2023;10:25:00;154951,63;155065,46;154804,34;154824,42;8253656474,00;266385
WINFUT;17/10/2023;10:20:00;155152,50;155159,19;154918,16;154951,63;6769596689,00;218313
WINFUT;17/10/2023;10:15:00;154931,55;155159,19;154918,16;155152,50;8183365983,00;263908
WINFUT;17/10/2023;10:10:00;155005,20;155025,28;154884,68;154924,85;4887422397,00;157714
WINFUT;17/10/2023;10:05:00;154871,29;155072,15;154837,81;155005,20;6683577191,00;215655
WINFUT;17/10/2023;10:00:00;154944,94;155031,98;154831,12;154871,29;8846316841,00;285511
WINFUT;17/10/2023;09:55:00;155206,06;155206,06;154931,55;154938,24;6615034518,00;213302
WINFUT;17/10/2023;09:50:00;155239,54;155279,71;155139,11;155206,06;4117734926,00;132647
WINFUT;17/10/2023;09:45:00;155273,01;155273,01;155112,32;155239,54;6471789640,00;208519
WINFUT;17/10/2023;09:40:00;155380,14;155460,49;155219,45;155273,01;6941875781,00;223451
WINFUT;17/10/2023;09:35:00;155286,40;155527,44;155279,71;155380,14;7896597196,00;254035
WINFUT;17/10/2023;09:30:00;155848,82;155848,82;155239,54;155286,40;1,276836988E10;410602
WINFUT;17/10/2023;09:25:00;155748,39;155882,30;155741,69;155842,12;2862252460,00;91849
WINFUT;17/10/2023;09:20:00;155761,78;155781,86;155668,04;155748,39;2815054239,00;90387
WINFUT;17/10/2023;09:15:00;155674,74;155808,65;155674,74;155761,78;3200886561,00;102756
WINFUT;17/10/2023;09:10:00;155855,51;155909,08;155674,74;155674,74;4507734424,00;144678
WINFUT;17/10/2023;09:05:00;156022,90;156103,24;155761,78;155855,51;5800585096,00;186024
WINFUT;17/10/2023;09:00:00;155520,74;156069,77;155467,18;156029,59;7694870372,00;246788
WINFUT;16/10/2023;17:50:00;156089,85;156143,42;155895,69;155895,69;1375129040,00;44069
WINFUT;16/10/2023;17:45:00;156029,59;156130,03;156002,81;156089,85;1518162125,00;48638
WINFUT;16/10/2023;17:40:00;155989,42;156056,38;155989,42;156029,59;1416854668,00;45406
WINFUT;16/10/2023;17:35:00;156036,29;156089,85;155969,34;155989,42;2026727217,00;64947
WINFUT;16/10/2023;17:30:00;156210,37;156217,07;156022,90;156036,29;2875582365,00;92100
WINFUT;16/10/2023;17:25:00;156150,11;156230,46;156143,42;156203,67;1669684750,00;53451
WINFUT;16/10/2023;17:20:00;156163,50;156170,20;156116,63;156150,11;1118193912,00;35807
WINFUT;16/10/2023;17:15:00;156196,98;156210,37;156103,24;156163,50;2067898073,00;66213
WINFUT;16/10/2023;17:10:00;156136,72;156237,15;156083,16;156196,98;3419881610,00;109498
WINFUT;16/10/2023;17:05:00;156237,15;156243,85;156109,94;156136,72;2956972712,00;94670
WINFUT;16/10/2023;17:00:00;156290,71;156330,89;156196,98;156237,15;3016741441,00;96528
WINFUT;16/10/2023;16:55:00;156411,23;156431,32;156257,24;156284,02;3759557366,00;120237
WINFUT;16/10/2023;16:50:00;156458,10;156458,10;156330,89;156404,54;4813639710,00;153890
WINFUT;16/10/2023;16:45:00;156565,23;156565,23;156451,40;156451,40;3792122049,00;121160
WINFUT;16/10/2023;16:40:00;156478,19;156672,35;156478,19;156571,92;6069601827,00;193801
WINFUT;16/10/2023;16:35:00;156464,80;156551,84;156438,01;156484,88;3358156770,00;107292
WINFUT;16/10/2023;16:30:00;156337,58;156551,84;156317,50;156458,10;5706695187,00;182371
WINFUT;16/10/2023;16:25:00;156344,28;156384,45;156310,80;156337,58;2275589840,00;72774
WINFUT;16/10/2023;16:20:00;156324,19;156424,62;156317,50;156337,58;2610453463,00;83473
WINFUT;16/10/2023;16:15:00;156310,80;156411,23;156304,11;156330,89;2930886013,00;93724
WINFUT;16/10/2023;16:10:00;156324,19;156431,32;156304,11;156317,50;4382452781,00;140142
WINFUT;16/10/2023;16:05:00;156223,76;156357,67;156217,07;156324,19;4072220465,00;130280
WINFUT;16/10/2023;16:00:00;156190,28;156243,85;156136,72;156223,76;3299951109,00;105641
WINFUT;16/10/2023;15:55:00;156029,59;156243,85;155996,12;156190,28;5247938227,00;168054
WINFUT;16/10/2023;15:50:00;156029,59;156096,55;155969,34;156029,59;4075639642,00;130604
WINFUT;16/10/2023;15:45:00;156089,85;156116,63;156016,20;156022,90;2890540742,00;92606
WINFUT;16/10/2023;15:40:00;156083,16;156176,89;156042,99;156089,85;3685612489,00;118053
WINFUT;16/10/2023;15:35:00;156237,15;156237,15;156049,68;156083,16;3571194456,00;114371
WINFUT;16/10/2023;15:30:00;156156,81;156243,85;156136,72;156230,46;2416977516,00;77373
WINFUT;16/10/2023;15:25:00;156143,42;156243,85;156096,55;156150,11;3975207756,00;127263
WINFUT;16/10/2023;15:20:00;156243,85;156270,63;156069,77;156143,42;4742228654,00;151837
WINFUT;16/10/2023;15:15:00;156176,89;156297,41;156163,50;156250,54;3665806472,00;117307
WINFUT;16/10/2023;15:10:00;156163,50;156243,85;156123,33;156183,59;3287657890,00;105255
WINFUT;16/10/2023;15:05:00;156203,67;156237,15;156143,42;156163,50;2357534021,00;75467
WINFUT;16/10/2023;15:00:00;156277,32;156297,41;156156,81;156203,67;4089883769,00;130897
WINFUT;16/10/2023;14:55:00;156337,58;156397,84;156237,15;156284,02;4268377855,00;136533
WINFUT;16/10/2023;14:50:00;156176,89;156357,67;156163,50;156337,58;5035879369,00;161115
WINFUT;16/10/2023;14:45:00;156183,59;156223,76;156123,33;156176,89;3004884610,00;96201
WINFUT;16/10/2023;14:40:00;156016,20;156203,67;155989,42;156190,28;4321943532,00;138438
WINFUT;16/10/2023;14:35:00;155795,26;156042,99;155775,17;156016,20;5149041386,00;165095
WINFUT;16/10/2023;14:30:00;155882,30;155909,08;155795,26;155801,95;2845255837,00;91276
WINFUT;16/10/2023;14:25:00;155902,38;155922,47;155681,43;155882,30;9123610586,00;292797
WINFUT;16/10/2023;14:20:00;156257,24;156263,93;155862,21;155909,08;9744182931,00;312194
WINFUT;16/10/2023;14:15:00;156417,93;156431,32;156243,85;156257,24;4364114011,00;139577
WINFUT;16/10/2023;14:10:00;156384,45;156518,36;156371,06;156417,93;3390473705,00;108355
WINFUT;16/10/2023;14:05:00;156391,15;156431,32;156371,06;156377,76;1747903537,00;55879
WINFUT;16/10/2023;14:00:00;156344,28;156411,23;156310,80;156397,84;2860369613,00;91463
WINFUT;16/10/2023;13:55:00;156337,58;156364,36;156263,93;156344,28;2703389754,00;86472
WINFUT;16/10/2023;13:50:00;156196,98;156337,58;156183,59;156330,89;3302473355,00;105668
WINFUT;16/10/2023;13:45:00;156096,55;156230,46;156089,85;156196,98;3025884949,00;96879
WINFUT;16/10/2023;13:40:00;156083,16;156109,94;156022,90;156103,24;2755996908,00;88300
WINFUT;16/10/2023;13:35:00;156089,85;156123,33;156056,38;156076,46;1324258936,00;42421
WINFUT;16/10/2023;13:30:00;156089,85;156156,81;156042,99;156089,85;2176367079,00;69712
WINFUT;16/10/2023;13:25:00;156150,11;156176,89;156083,16;156089,85;1519515622,00;48663
WINFUT;16/10/2023;13:20:00;156156,81;156203,67;156109,94;156150,11;1784290645,00;57130
WINFUT;16/10/2023;13:15:00;156123,33;156217,07;156083,16;156156,81;2653558000,00;84964
WINFUT;16/10/2023;13:10:00;156223,76;156237,15;156049,68;156116,63;3353632494,00;107396
WINFUT;16/10/2023;13:05:00;156109,94;156230,46;156103,24;156230,46;2290534227,00;73329
WINFUT;16/10/2023;13:00:00;156183,59;156183,59;156076,46;156116,63;1729672534,00;55392
WINFUT;16/10/2023;12:55:00;156076,46;156183,59;156069,77;156176,89;1743062169,00;55819
WINFUT;16/10/2023;12:50:00;156056,38;156183,59;156049,68;156069,77;3828098731,00;122601
WINFUT;16/10/2023;12:45:00;155962,64;156056,38;155902,38;156049,68;3640532200,00;116702
WINFUT;16/10/2023;12:40:00;156069,77;156109,94;155942,55;155969,34;4132798988,00;132435
WINFUT;16/10/2023;12:35:00;156156,81;156203,67;156063,07;156069,77;2922686650,00;93600
WINFUT;16/10/2023;12:30:00;156136,72;156210,37;156096,55;156156,81;2824809668,00;90456
WINFUT;16/10/2023;12:25:00;156170,20;156284,02;156103,24;156143,42;3850343728,00;123246
WINFUT;16/10/2023;12:20:00;156136,72;156250,54;156109,94;156170,20;3083516102,00;98715
WINFUT;16/10/2023;12:15:00;156143,42;156203,67;156109,94;156136,72;2014786840,00;64511
WINFUT;16/10/2023;12:10:00;156270,63;156284,02;156116,63;156143,42;4770749798,00;152724
WINFUT;16/10/2023;12:05:00;156290,71;156337,58;156223,76;156277,32;2886440594,00;92349
WINFUT;16/10/2023;12:00:00;156277,32;156411,23;156237,15;156290,71;4541744371,00;145267
WINFUT;16/10/2023;11:55:00;156411,23;156424,62;156243,85;156277,32;4676421105,00;149575
WINFUT;16/10/2023;11:50:00;156665,66;156679,05;156397,84;156411,23;5537186579,00;176858
WINFUT;16/10/2023;11:45:00;156545,14;156719,22;156504,97;156665,66;5791522730,00;184889
WINFUT;16/10/2023;11:40:00;156270,63;156551,84;156263,93;156538,44;6313868044,00;201811
WINFUT;16/10/2023;11:35:00;156350,97;156357,67;156223,76;156270,63;4479429710,00;143314
WINFUT;16/10/2023;11:30:00;156451,40;156612,09;156310,80;156344,28;8548190318,00;273162
WINFUT;16/10/2023;11:25:00;156217,07;156498,27;156136,72;156451,40;8210001280,00;262590
WINFUT;16/10/2023;11:20:00;156042,99;156230,46;155949,25;156217,07;7056809282,00;226019
WINFUT;16/10/2023;11:15:00;155875,60;156103,24;155862,21;156042,99;7783612881,00;249480
WINFUT;16/10/2023;11:10:00;155714,91;155882,30;155641,26;155875,60;6404024677,00;205557
WINFUT;16/10/2023;11:05:00;155768,47;155775,17;155460,49;155708,22;1,02067356E10;327992
WINFUT;16/10/2023;11:00:00;155895,69;155996,12;155668,04;155775,17;9230045662,00;296166
WINFUT;16/10/2023;10:55:00;156317,50;156330,89;155862,21;155888,99;9428011251,00;302132
WINFUT;16/10/2023;10:50:00;156156,81;156371,06;156116,63;156317,50;9177510899,00;293655
WINFUT;16/10/2023;10:45:00;155855,51;156196,98;155808,65;156156,81;9620689196,00;308271
WINFUT;16/10/2023;10:40:00;155888,99;155955,94;155634,57;155862,21;9358617415,00;300303
WINFUT;16/10/2023;10:35:00;155842,12;155942,55;155607,78;155888,99;9644990173,00;309636
WINFUT;16/10/2023;10:30:00;155842,12;155909,08;155661,35;155835,43;9254688049,00;297011
WINFUT;16/10/2023;10:25:00;156076,46;156136,72;155808,65;155842,12;7690452813,00;246537
WINFUT;16/10/2023;10:20:00;155755,08;156203,67;155741,69;156076,46;1,261549779E10;404395
WINFUT;16/10/2023;10:15:00;155621,17;155775,17;155527,44;155755,08;8620412347,00;276899
WINFUT;16/10/2023;10:10:00;155868,90;155915,77;155467,18;155614,48;1,30675081E10;419699
WINFUT;16/10/2023;10:05:00;156223,76;156223,76;155842,12;155868,90;8990050307,00;288066
WINFUT;16/10/2023;10:00:00;156330,89;156344,28;156143,42;156223,76;7292029177,00;233375
WINFUT;16/10/2023;09:55:00;156364,36;156417,93;156310,80;156330,89;2283708419,00;73028
WINFUT;16/10/2023;09:50:00;156270,63;156424,62;156263,93;156364,36;3870015327,00;123767
WINFUT;16/10/2023;09:45:00;156263,93;156317,50;156210,37;156270,63;3491822251,00;111727
WINFUT;16/10/2023;09:40:00;156417,93;156431,32;156257,24;156270,63;4067033951,00;130071
WINFUT;16/10/2023;09:35:00;156371,06;156451,40;156297,41;156417,93;4495903858,00;143749
WINFUT;16/10/2023;09:30:00;156210,37;156424,62;156190,28;156371,06;5338355251,00;170734
WINFUT;16/10/2023;09:25:00;156250,54;156290,71;156183,59;156210,37;2646474626,00;84697
WINFUT;16/10/2023;09:20:00;156123,33;156371,06;156103,24;156250,54;8188758763,00;262052
WINFUT;16/10/2023;09:15:00;156136,72;156156,81;155902,38;156116,63;5214883289,00;167118
WINFUT;16/10/2023;09:10:00;156163,50;156290,71;156069,77;156136,72;6123337380,00;196039
WINFUT;16/10/2023;09:05:00;156049,68;156176,89;155835,43;156170,20;7724738477,00;247539
WINFUT;16/10/2023;09:00:00;155868,90;156270,63;155801,95;156042,99;6834103203,00;218883
WINFUT;13/10/2023;17:50:00;155206,06;155306,49;155165,89;155165,89;1237818047,00;39870
WINFUT;13/10/2023;17:45:00;155045,37;155246,23;155038,68;155212,76;1510143751,00;48676
WINFUT;13/10/2023;17:40:00;155038,68;155105,63;155011,89;155052,07;1365514575,00;44031
WINFUT;13/10/2023;17:35:00;155011,89;155052,07;154978,42;155045,37;1214815628,00;39183
WINFUT;13/10/2023;17:30:00;155065,46;155098,93;155011,89;155011,89;947892950,50;30565
WINFUT;13/10/2023;17:25:00;155025,28;155098,93;155011,89;155058,76;1040354313,00;33547
WINFUT;13/10/2023;17:20:00;155025,28;155045,37;154938,24;155031,98;1823391482,00;58822
WINFUT;13/10/2023;17:15:00;155011,89;155112,32;155005,20;155025,28;2550789252,00;82252
WINFUT;13/10/2023;17:10:00;154998,50;155018,59;154911,46;155018,59;2203664542,00;71107
WINFUT;13/10/2023;17:05:00;155011,89;155052,07;154958,33;154991,81;2572677040,00;82988
WINFUT;13/10/2023;17:00:00;155152,50;155159,19;155005,20;155011,89;2494437017,00;80437
WINFUT;13/10/2023;16:55:00;155319,88;155319,88;155098,93;155152,50;4008138267,00;129136
WINFUT;13/10/2023;16:50:00;155386,84;155386,84;155279,71;155326,58;2587175722,00;83283
WINFUT;13/10/2023;16:45:00;155273,01;155393,53;155219,45;155386,84;3427308265,00;110345
WINFUT;13/10/2023;16:40:00;155406,92;155467,18;155232,84;155266,32;4343695471,00;139803
WINFUT;13/10/2023;16:35:00;155453,79;155547,53;155400,23;155406,92;3371490136,00;108430
WINFUT;13/10/2023;16:30:00;155594,39;155634,57;155413,62;155447,09;4477624050,00;143986
WINFUT;13/10/2023;16:25:00;155654,65;155708,22;155560,92;155587,70;3662356003,00;117662
WINFUT;13/10/2023;16:20:00;155547,53;155661,35;155547,53;155654,65;3215947364,00;103340
WINFUT;13/10/2023;16:15:00;155554,22;155607,78;155500,66;155547,53;3296531410,00;105957
WINFUT;13/10/2023;16:10:00;155366,75;155581,00;155346,66;155554,22;4073573273,00;130991
WINFUT;13/10/2023;16:05:00;155447,09;155460,49;155273,01;155373,45;4279468169,00;137714
WINFUT;13/10/2023;16:00:00;155299,80;155460,49;155293,10;155447,09;4199642335,00;135143
WINFUT;13/10/2023;15:55:00;155119,02;155333,27;155092,24;155293,10;3793107823,00;122195
WINFUT;13/10/2023;15:50:00;155078,85;155159,19;155011,89;155119,02;3541724629,00;114194
WINFUT;13/10/2023;15:45:00;155098,93;155165,89;155052,07;155078,85;2974124659,00;95873
WINFUT;13/10/2023;15:40:00;155085,54;155226,15;155052,07;155105,63;3599106228,00;115991
WINFUT;13/10/2023;15:35:00;155185,97;155199,36;155011,89;155085,54;5232849427,00;168695
WINFUT;13/10/2023;15:30:00;155306,49;155406,92;155179,28;155185,97;3701533435,00;119167
WINFUT;13/10/2023;15:25:00;155406,92;155420,31;155212,76;155306,49;4648508444,00;149664
WINFUT;13/10/2023;15:20:00;155480,57;155547,53;155393,53;155413,62;2935890062,00;94416
WINFUT;13/10/2023;15:15:00;155453,79;155534,13;155393,53;155480,57;2935444477,00;94409
WINFUT;13/10/2023;15:10:00;155339,97;155487,27;155326,58;155453,79;2876826598,00;92549
WINFUT;13/10/2023;15:05:00;155259,62;155447,09;155246,23;155339,97;3868095188,00;124496
WINFUT;13/10/2023;15:00:00;155386,84;155386,84;155219,45;155252,93;4433291957,00;142732
WINFUT;13/10/2023;14:55:00;155547,53;155581,00;155353,36;155380,14;4637526951,00;149153
WINFUT;13/10/2023;14:50:00;155393,53;155554,22;155360,05;155547,53;3966035886,00;127564
WINFUT;13/10/2023;14:45:00;155313,19;155447,09;155299,80;155386,84;3912412006,00;125899
WINFUT;13/10/2023;14:40:00;155058,76;155360,05;155038,68;155313,19;6592252236,00;212339
WINFUT;13/10/2023;14:35:00;155058,76;155072,15;154944,94;155058,76;4056512641,00;130847
WINFUT;13/10/2023;14:30:00;155011,89;155125,72;154978,42;155052,07;4329430442,00;139618
WINFUT;13/10/2023;14:25:00;155132,41;155199,36;154965,03;155011,89;6526367234,00;210425
WINFUT;13/10/2023;14:20:00;155306,49;155386,84;155072,15;155132,41;1,025268462E10;330266
WINFUT;13/10/2023;14:15:00;155815,34;155835,43;155259,62;155313,19;9673837480,00;311035
WINFUT;13/10/2023;14:10:00;156089,85;156096,55;155815,34;155822,04;5011551195,00;160660
WINFUT;13/10/2023;14:05:00;156210,37;156217,07;156042,99;156089,85;3954904402,00;126669
WINFUT;13/10/2023;14:00:00;156196,98;156304,11;156150,11;156210,37;3369135430,00;107831
WINFUT;13/10/2023;13:55:00;156203,67;156230,46;156163,50;156196,98;1624652711,00;52007
WINFUT;13/10/2023;13:50:00;156183,59;156277,32;156136,72;156203,67;4573791503,00;146407
WINFUT;13/10/2023;13:45:00;156277,32;156317,50;156176,89;156190,28;2862370931,00;91596
WINFUT;13/10/2023;13:40:00;156330,89;156384,45;156230,46;156277,32;2997313378,00;95888
WINFUT;13/10/2023;13:35:00;156391,15;156424,62;156304,11;156337,58;3667126175,00;117266
WINFUT;13/10/2023;13:30:00;156284,02;156444,71;156257,24;156391,15;5198968298,00;166254
WINFUT;13/10/2023;13:25:00;156210,37;156304,11;156163,50;156290,71;3764507467,00;120466
WINFUT;13/10/2023;13:20:00;156170,20;156237,15;156136,72;156210,37;3283455013,00;105112
WINFUT;13/10/2023;13:15:00;156016,20;156176,89;156016,20;156163,50;4457665774,00;142770
WINFUT;13/10/2023;13:10:00;155955,94;156042,99;155882,30;156016,20;3558607897,00;114076
WINFUT;13/10/2023;13:05:00;155828,73;155989,42;155815,34;155962,64;4058528628,00;130168
WINFUT;13/10/2023;13:00:00;155735,00;155875,60;155654,65;155828,73;3798173924,00;121905
WINFUT;13/10/2023;12:55:00;155755,08;155755,08;155641,26;155735,00;2794455479,00;89738
WINFUT;13/10/2023;12:50:00;155688,13;155788,56;155647,96;155761,78;2656977596,00;85307
WINFUT;13/10/2023;12:45:00;155755,08;155822,04;155654,65;155688,13;2925060946,00;93917
WINFUT;13/10/2023;12:40:00;155755,08;155828,73;155634,57;155748,39;4461608808,00;143246
WINFUT;13/10/2023;12:35:00;155768,47;155842,12;155681,43;155748,39;4572810324,00;146802
WINFUT;13/10/2023;12:30:00;155929,16;155935,86;155755,08;155768,47;3707108506,00;118932
WINFUT;13/10/2023;12:25:00;155775,17;155962,64;155741,69;155922,47;5633136369,00;180731
WINFUT;13/10/2023;12:20:00;156089,85;156150,11;155761,78;155768,47;6673365584,00;213927
WINFUT;13/10/2023;12:15:00;156116,63;156250,54;156056,38;156089,85;5365691127,00;171806
WINFUT;13/10/2023;12:10:00;156431,32;156444,71;156056,38;156116,63;6402492161,00;204912
WINFUT;13/10/2023;12:05:00;156317,50;156438,01;156210,37;156438,01;4183515718,00;133829
WINFUT;13/10/2023;12:00:00;156330,89;156438,01;156277,32;156310,80;3777316068,00;120793
WINFUT;13/10/2023;11:55:00;156277,32;156357,67;156243,85;156337,58;3318481431,00;106156
WINFUT;13/10/2023;11:50:00;156464,80;156471,49;156116,63;156277,32;5979157783,00;191300
WINFUT;13/10/2023;11:45:00;156357,67;156484,88;156304,11;156458,10;4229798517,00;135218
WINFUT;13/10/2023;11:40:00;156243,85;156371,06;156143,42;156357,67;5582597481,00;178663
WINFUT;13/10/2023;11:35:00;156491,58;156491,58;156230,46;156237,15;4157635557,00;132946
WINFUT;13/10/2023;11:30:00;156250,54;156518,36;156196,98;156484,88;5672531769,00;181374
WINFUT;13/10/2023;11:25:00;156304,11;156491,58;156230,46;156250,54;5629455108,00;180008
WINFUT;13/10/2023;11:20:00;156350,97;156551,84;156250,54;156297,41;7026919898,00;224633
WINFUT;13/10/2023;11:15:00;156384,45;156444,71;156237,15;156344,28;6980230273,00;223228
WINFUT;13/10/2023;11:10:00;156545,14;156658,96;156371,06;156384,45;6475755847,00;206862
WINFUT;13/10/2023;11:05:00;156531,75;156598,70;156364,36;156551,84;8768746876,00;280183
WINFUT;13/10/2023;11:00:00;156866,52;156866,52;156438,01;156531,75;1,039912555E10;331996
WINFUT;13/10/2023;10:55:00;156839,74;156920,08;156658,96;156866,52;7478386289,00;238447
WINFUT;13/10/2023;10:50:00;156685,74;156859,82;156598,70;156839,74;9225579836,00;294319
WINFUT;13/10/2023;10:45:00;156257,24;156806,26;156196,98;156685,74;1,134473502E10;362339
WINFUT;13/10/2023;10:40:00;156324,19;156498,27;156230,46;156263,93;8311579716,00;265795
WINFUT;13/10/2023;10:35:00;156263,93;156431,32;156183,59;156324,19;7841625505,00;250858
WINFUT;13/10/2023;10:30:00;156330,89;156498,27;156150,11;156257,24;1,109945086E10;354959
WINFUT;13/10/2023;10:25:00;155942,55;156391,15;155875,60;156337,58;9673179228,00;309811
WINFUT;13/10/2023;10:20:00;156344,28;156350,97;155929,16;155949,25;9146903200,00;292934
WINFUT;13/10/2023;10:15:00;156525,05;156571,92;156297,41;156350,97;7614959636,00;243409
WINFUT;13/10/2023;10:10:00;156598,70;156799,57;156491,58;156525,05;9578593308,00;305698
WINFUT;13/10/2023;10:05:00;156431,32;156598,70;156431,32;156592,01;5293959305,00;169103
WINFUT;13/10/2023;10:00:00;156504,97;156504,97;156364,36;156438,01;4010805883,00;128195
WINFUT;13/10/2023;09:55:00;156411,23;156518,36;156404,54;156504,97;2876539591,00;91921
WINFUT;13/10/2023;09:50:00;156484,88;156525,05;156391,15;156411,23;2607728600,00;83343
WINFUT;13/10/2023;09:45:00;156491,58;156545,14;156424,62;156491,58;2599552696,00;83061
WINFUT;13/10/2023;09:40:00;156504,97;156551,84;156438,01;156484,88;3126324857,00;99882
WINFUT;13/10/2023;09:35:00;156417,93;156511,66;156310,80;156498,27;4111893260,00;131448
WINFUT;13/10/2023;09:30:00;156143,42;156451,40;156109,94;156411,23;5809858716,00;185836
WINFUT;13/10/2023;09:25:00;156458,10;156531,75;156130,03;156150,11;5329606004,00;170413
WINFUT;13/10/2023;09:20:00;156404,54;156531,75;156357,67;156458,10;4267365868,00;136366
WINFUT;13/10/2023;09:15:00;156270,63;156458,10;156243,85;156397,84;5284767240,00;169012
WINFUT;13/10/2023;09:10:00;155902,38;156270,63;155868,90;156263,93;4501900118,00;144211
WINFUT;13/10/2023;09:05:00;156310,80;156350,97;155815,34;155902,38;7257044307,00;232551
WINFUT;13/10/2023;09:00:00;155735,00;156371,06;155621,17;156310,80;8013523409,00;256771
WINFUT;11/10/2023;17:50:00;157107,55;157228,07;157087,47;157214,68;1013332691,00;32236
WINFUT;11/10/2023;17:45:00;157107,55;157141,03;157013,82;157100,86;1626335005,00;51770
WINFUT;11/10/2023;17:40:00;157161,12;157201,29;157087,47;157107,55;1719132253,00;54700
WINFUT;11/10/2023;17:35:00;157281,63;157295,02;157147,73;157167,81;1794605184,00;57075
WINFUT;11/10/2023;17:30:00;157214,68;157295,02;157167,81;157274,94;2376617809,00;75579
WINFUT;11/10/2023;17:25:00;157074,08;157234,77;157067,38;157214,68;3217084706,00;102342
WINFUT;11/10/2023;17:20:00;157053,99;157087,47;157040,60;157074,08;919282915,40;29264
WINFUT;11/10/2023;17:15:00;157074,08;157094,16;157040,60;157060,69;797843647,50;25398
WINFUT;11/10/2023;17:10:00;157114,25;157127,64;157033,90;157074,08;1324788527,00;42168
WINFUT;11/10/2023;17:05:00;157120,94;157141,03;157007,12;157114,25;2547097643,00;81077
WINFUT;11/10/2023;17:00:00;156960,25;157127,64;156906,69;157127,64;3555528303,00;113214
WINFUT;11/10/2023;16:55:00;157033,90;157094,16;156946,86;156953,56;3328780012,00;106003
WINFUT;11/10/2023;16:50:00;157067,38;157100,86;157007,12;157027,21;2732078352,00;86983
WINFUT;11/10/2023;16:45:00;157080,77;157127,64;157013,82;157074,08;3615502393,00;115093
WINFUT;11/10/2023;16:40:00;156920,08;157120,94;156913,39;157080,77;6057509301,00;192885
WINFUT;11/10/2023;16:35:00;156846,43;156966,95;156739,31;156920,08;3682886812,00;117403
WINFUT;11/10/2023;16:30:00;156893,30;156900,00;156719,22;156839,74;4894933754,00;156097
WINFUT;11/10/2023;16:25:00;156786,17;156933,47;156732,61;156886,61;5048359684,00;160941
WINFUT;11/10/2023;16:20:00;156719,22;156799,57;156679,05;156786,17;3406637312,00;108670
WINFUT;11/10/2023;16:15:00;156652,27;156739,31;156551,84;156719,22;4438203499,00;141668
WINFUT;11/10/2023;16:10:00;156672,35;156752,70;156632,18;156652,27;3692115504,00;117811
WINFUT;11/10/2023;16:05:00;156612,09;156692,44;156558,53;156679,05;3013700679,00;96201
WINFUT;11/10/2023;16:00:00;156538,44;156638,88;156484,88;156618,79;2914172734,00;93062
WINFUT;11/10/2023;15:55:00;156545,14;156585,31;156484,88;156538,44;2653545710,00;84755
WINFUT;11/10/2023;15:50:00;156531,75;156632,18;156458,10;156545,14;4411398807,00;140899
WINFUT;11/10/2023;15:45:00;156585,31;156598,70;156484,88;156531,75;3707470660,00;118418
WINFUT;11/10/2023;15:40:00;156645,57;156772,78;156571,92;156585,31;4067911433,00;129831
WINFUT;11/10/2023;15:35:00;156551,84;156752,70;156551,84;156645,57;5493452235,00;175313
WINFUT;11/10/2023;15:30:00;156471,49;156571,92;156451,40;156558,53;3103257443,00;99137
WINFUT;11/10/2023;15:25:00;156451,40;156685,74;156397,84;156471,49;7735647837,00;247093
WINFUT;11/10/2023;15:20:00;156337,58;156464,80;156337,58;156451,40;3442077063,00;110032
WINFUT;11/10/2023;15:15:00;156210,37;156438,01;156203,67;156337,58;4320354292,00;138166
WINFUT;11/10/2023;15:10:00;156210,37;156337,58;156170,20;156210,37;3293908451,00;105411
WINFUT;11/10/2023;15:05:00;156297,41;156330,89;156176,89;156203,67;3682214777,00;117831
WINFUT;11/10/2023;15:00:00;156190,28;156525,05;156176,89;156297,41;7396960185,00;236593
WINFUT;11/10/2023;14:55:00;156143,42;156217,07;156123,33;156190,28;1981243756,00;63431
WINFUT;11/10/2023;14:50:00;156022,90;156203,67;156022,90;156143,42;3277541148,00;104960
WINFUT;11/10/2023;14:45:00;156083,16;156103,24;156022,90;156029,59;1896661637,00;60768
WINFUT;11/10/2023;14:40:00;155929,16;156109,94;155902,38;156076,46;3436162284,00;110120
WINFUT;11/10/2023;14:35:00;156049,68;156056,38;155915,77;155935,86;4007595474,00;128469
WINFUT;11/10/2023;14:30:00;156170,20;156190,28;156036,29;156049,68;3018349663,00;96687
WINFUT;11/10/2023;14:25:00;156123,33;156190,28;156083,16;156170,20;2259096275,00;72343
WINFUT;11/10/2023;14:20:00;156022,90;156156,81;155949,25;156123,33;3478389884,00;111433
WINFUT;11/10/2023;14:15:00;156210,37;156210,37;155935,86;156016,20;4301168049,00;137800
WINFUT;11/10/2023;14:10:00;156230,46;156284,02;156143,42;156203,67;3657306306,00;117061
WINFUT;11/10/2023;14:05:00;156036,29;156230,46;156022,90;156230,46;3123135480,00;100013
WINFUT;11/10/2023;14:00:00;156150,11;156190,28;156002,81;156029,59;4058109124,00;129994
WINFUT;11/10/2023;13:55:00;155989,42;156170,20;155868,90;156150,11;5541581979,00;177586
WINFUT;11/10/2023;13:50:00;156183,59;156217,07;155976,03;155989,42;5398032622,00;172930
WINFUT;11/10/2023;13:45:00;156156,81;156257,24;156123,33;156183,59;2832199174,00;90670
WINFUT;11/10/2023;13:40:00;156176,89;156237,15;156130,03;156150,11;3572674750,00;114373
WINFUT;11/10/2023;13:35:00;155976,03;156190,28;155969,34;156176,89;3529523773,00;113057
WINFUT;11/10/2023;13:30:00;155935,86;156056,38;155909,08;155976,03;3301458524,00;105819
WINFUT;11/10/2023;13:25:00;155982,73;156016,20;155848,82;155935,86;4731196088,00;151715
WINFUT;11/10/2023;13:20:00;156016,20;156042,99;155929,16;155982,73;2904738876,00;93114
WINFUT;11/10/2023;13:15:00;156022,90;156096,55;155929,16;156009,51;5699264231,00;182673
WINFUT;11/10/2023;13:10:00;156170,20;156190,28;156016,20;156029,59;3000791106,00;96102
WINFUT;11/10/2023;13:05:00;156069,77;156196,98;155996,12;156170,20;3707951361,00;118762
WINFUT;11/10/2023;13:00:00;156156,81;156176,89;156009,51;156063,07;4050195578,00;129733
WINFUT;11/10/2023;12:55:00;156263,93;156263,93;156130,03;156163,50;3738981511,00;119686
WINFUT;11/10/2023;12:50:00;156290,71;156377,76;156237,15;156257,24;2952806448,00;94452
WINFUT;11/10/2023;12:45:00;156237,15;156350,97;156223,76;156290,71;2452023672,00;78441
WINFUT;11/10/2023;12:40:00;156324,19;156364,36;156210,37;156230,46;3044809165,00;97417
WINFUT;11/10/2023;12:35:00;156297,41;156337,58;156210,37;156330,89;3683369302,00;117843
WINFUT;11/10/2023;12:30:00;156196,98;156317,50;156176,89;156297,41;3404462789,00;108935
WINFUT;11/10/2023;12:25:00;156163,50;156210,37;156109,94;156196,98;2721463685,00;87140
WINFUT;11/10/2023;12:20:00;156056,38;156196,98;155982,73;156163,50;4994579290,00;160008
WINFUT;11/10/2023;12:15:00;156250,54;156277,32;156016,20;156049,68;6031796606,00;193176
WINFUT;11/10/2023;12:10:00;156317,50;156364,36;156143,42;156243,85;6256606356,00;200234
WINFUT;11/10/2023;12:05:00;156290,71;156350,97;156190,28;156317,50;4777828265,00;152864
WINFUT;11/10/2023;12:00:00;156424,62;156458,10;156237,15;156297,41;5845282418,00;186948
WINFUT;11/10/2023;11:55:00;156431,32;156571,92;156371,06;156431,32;5018508024,00;160375
WINFUT;11/10/2023;11:50:00;156545,14;156705,83;156424,62;156431,32;6738913631,00;215185
WINFUT;11/10/2023;11:45:00;156638,88;156658,96;156464,80;156545,14;5464178209,00;174519
WINFUT;11/10/2023;11:40:00;156759,39;156766,09;156471,49;156645,57;6748953304,00;215488
WINFUT;11/10/2023;11:35:00;156638,88;156786,17;156518,36;156759,39;7597684657,00;242510
WINFUT;11/10/2023;11:30:00;156799,57;156812,96;156571,92;156632,18;6326954224,00;201922
WINFUT;11/10/2023;11:25:00;156665,66;156846,43;156585,31;156792,87;7361083556,00;234868
WINFUT;11/10/2023;11:20:00;156545,14;156746,00;156525,05;156672,35;7903601091,00;252259
WINFUT;11/10/2023;11:15:00;156277,32;156605,40;156210,37;156538,44;7484898524,00;239268
WINFUT;11/10/2023;11:10:00;156498,27;156498,27;156237,15;156277,32;5563495341,00;177929
WINFUT;11/10/2023;11:05:00;156438,01;156518,36;156391,15;156498,27;4152097042,00;132690
WINFUT;11/10/2023;11:00:00;156257,24;156484,88;156237,15;156438,01;7664335486,00;245079
WINFUT;11/10/2023;10:55:00;156304,11;156424,62;156237,15;156257,24;7100741659,00;227129
WINFUT;11/10/2023;10:50:00;156605,40;156712,53;156263,93;156304,11;1,050071025E10;335584
WINFUT;11/10/2023;10:45:00;156592,01;156766,09;156464,80;156605,40;8657685544,00;276372
WINFUT;11/10/2023;10:40:00;156498,27;156618,79;156257,24;156592,01;1,116382181E10;356811
WINFUT;11/10/2023;10:35:00;156605,40;156632,18;156324,19;156491,58;1,107866505E10;354021
WINFUT;11/10/2023;10:30:00;156699,13;156859,82;156478,19;156605,40;1,122612491E10;358280
WINFUT;11/10/2023;10:25:00;156792,87;156913,39;156699,13;156699,13;6149787409,00;196075
WINFUT;11/10/2023;10:20:00;156685,74;156812,96;156585,31;156786,17;6457189660,00;206033
WINFUT;11/10/2023;10:15:00;156739,31;156819,65;156511,66;156685,74;1,126586279E10;359600
WINFUT;11/10/2023;10:10:00;156772,78;156966,95;156712,53;156732,61;7582659079,00;241721
WINFUT;11/10/2023;10:05:00;156799,57;156926,78;156725,92;156772,78;6290310346,00;200524
WINFUT;11/10/2023;10:00:00;156752,70;156906,69;156699,13;156806,26;6712865631,00;214063
WINFUT;11/10/2023;09:55:00;156846,43;156906,69;156719,22;156759,39;4278771480,00;136430
WINFUT;11/10/2023;09:50:00;156826,35;156926,78;156819,65;156846,43;3939324557,00;125559
WINFUT;11/10/2023;09:45:00;157013,82;157013,82;156806,26;156826,35;6620982778,00;210991
WINFUT;11/10/2023;09:40:00;157000,43;157040,60;156920,08;157013,82;4880770095,00;155458
WINFUT;11/10/2023;09:35:00;157295,02;157328,50;156973,65;157000,43;7173357182,00;228240
WINFUT;11/10/2023;09:30:00;157268,24;157308,42;157007,12;157288,33;7666034649,00;243848
WINFUT;11/10/2023;09:25:00;157415,54;157449,02;157248,16;157274,94;3274501889,00;104066
WINFUT;11/10/2023;09:20:00;157469,11;157509,28;157355,28;157415,54;3778259438,00;119998
WINFUT;11/10/2023;09:15:00;157194,59;157495,89;157194,59;157475,80;5801534608,00;184314
WINFUT;11/10/2023;09:10:00;157268,24;157295,02;157127,64;157201,29;3059589764,00;97312
WINFUT;11/10/2023;09:05:00;157288,33;157335,20;157207,98;157274,94;3085354727,00;98092
WINFUT;11/10/2023;09:00:00;157067,38;157603,01;157067,38;157288,33;1,011900241E10;321510
WINFUT;10/10/2023;17:50:00;156525,05;156558,53;156350,97;156350,97;1326943317,00;42408
WINFUT;10/10/2023;17:45:00;156592,01;156638,88;156518,36;156525,05;1546714297,00;49386
WINFUT;10/10/2023;17:40:00;156464,80;156612,09;156464,80;156592,01;2054108041,00;65603
WINFUT;10/10/2023;17:35:00;156531,75;156538,44;156431,32;156464,80;1638094451,00;52344
WINFUT;10/10/2023;17:30:00;156518,36;156558,53;156504,97;156538,44;1100606104,00;35157
WINFUT;10/10/2023;17:25:00;156565,23;156605,40;156504,97;156525,05;1579754500,00;50453
WINFUT;10/10/2023;17:20:00;156578,62;156585,31;156504,97;156558,53;2197834453,00;70201
WINFUT;10/10/2023;17:15:00;156625,48;156665,66;156558,53;156571,92;1539355811,00;49144
WINFUT;10/10/2023;17:10:00;156605,40;156692,44;156565,23;156618,79;2349820791,00;75015
WINFUT;10/10/2023;17:05:00;156692,44;156732,61;156545,14;156605,40;3281945301,00;104768
WINFUT;10/10/2023;17:00:00;156692,44;156732,61;156612,09;156699,13;3474715756,00;110886
WINFUT;10/10/2023;16:55:00;156685,74;156759,39;156665,66;156685,74;3129767099,00;99855
WINFUT;10/10/2023;16:50:00;156873,21;156879,91;156658,96;156685,74;5400078420,00;172250
WINFUT;10/10/2023;16:45:00;156839,74;156913,39;156799,57;156866,52;3704827802,00;118092
WINFUT;10/10/2023;16:40:00;156792,87;156886,61;156779,48;156846,43;3244736855,00;103440
WINFUT;10/10/2023;16:35:00;156779,48;156826,35;156725,92;156792,87;3431772897,00;109451
WINFUT;10/10/2023;16:30:00;156766,09;156906,69;156752,70;156779,48;6427152708,00;204901
WINFUT;10/10/2023;16:25:00;156719,22;156799,57;156699,13;156766,09;2550956704,00;81368
WINFUT;10/10/2023;16:20:00;156766,09;156792,87;156652,27;156725,92;4370722396,00;139431
WINFUT;10/10/2023;16:15:00;156685,74;156826,35;156665,66;156772,78;4268373423,00;136154
WINFUT;10/10/2023;16:10:00;156739,31;156746,00;156565,23;156685,74;4625669942,00;147641
WINFUT;10/10/2023;16:05:00;156652,27;156759,39;156598,70;156732,61;3781755872,00;120692
WINFUT;10/10/2023;16:00:00;156565,23;156652,27;156478,19;156645,57;3433278294,00;109649
WINFUT;10/10/2023;15:55:00;156518,36;156578,62;156417,93;156558,53;4608105005,00;147227
WINFUT;10/10/2023;15:50:00;156632,18;156638,88;156478,19;156511,66;4767584081,00;152265
WINFUT;10/10/2023;15:45:00;156645,57;156719,22;156592,01;156632,18;3210588116,00;102472
WINFUT;10/10/2023;15:40:00;156652,27;156719,22;156618,79;156645,57;4047004680,00;129159
WINFUT;10/10/2023;15:35:00;156645,57;156665,66;156558,53;156645,57;3477223240,00;111015
WINFUT;10/10/2023;15:30:00;156658,96;156779,48;156592,01;156645,57;5201880226,00;166001
WINFUT;10/10/2023;15:25:00;156565,23;156799,57;156511,66;156665,66;8515516568,00;271725
WINFUT;10/10/2023;15:20:00;156478,19;156585,31;156438,01;156565,23;3419716734,00;109255
WINFUT;10/10/2023;15:15:00;156464,80;156498,27;156411,23;156478,19;3630938418,00;116040
WINFUT;10/10/2023;15:10:00;156525,05;156625,48;156458,10;156458,10;4261375066,00;136101
WINFUT;10/10/2023;15:05:00;156525,05;156545,14;156438,01;156525,05;2640530795,00;84360
WINFUT;10/10/2023;15:00:00;156538,44;156571,92;156458,10;156531,75;2989384225,00;95503
WINFUT;10/10/2023;14:55:00;156504,97;156598,70;156491,58;156538,44;3373038627,00;107732
WINFUT;10/10/2023;14:50:00;156525,05;156585,31;156417,93;156498,27;3876518484,00;123850
WINFUT;10/10/2023;14:45:00;156451,40;156585,31;156411,23;156531,75;4173816137,00;133351
WINFUT;10/10/2023;14:40:00;156371,06;156464,80;156350,97;156451,40;3118140985,00;99679
WINFUT;10/10/2023;14:35:00;156257,24;156417,93;156257,24;156371,06;3588887919,00;114771
WINFUT;10/10/2023;14:30:00;156350,97;156384,45;156183,59;156257,24;4931641344,00;157769
WINFUT;10/10/2023;14:25:00;156243,85;156357,67;156170,20;156344,28;3310894955,00;105944
WINFUT;10/10/2023;14:20:00;156284,02;156337,58;156203,67;156243,85;3326931166,00;106447
WINFUT;10/10/2023;14:15:00;156176,89;156330,89;156109,94;156284,02;5670176592,00;181485
WINFUT;10/10/2023;14:10:00;156304,11;156397,84;156176,89;156183,59;4789397385,00;153235
WINFUT;10/10/2023;14:05:00;156290,71;156438,01;156257,24;156304,11;6393403618,00;204469
WINFUT;10/10/2023;14:00:00;156404,54;156464,80;156290,71;156290,71;4747590065,00;151798
WINFUT;10/10/2023;13:55:00;156458,10;156464,80;156384,45;156404,54;2691484934,00;86036
WINFUT;10/10/2023;13:50:00;156518,36;156598,70;156391,15;156458,10;3538938343,00;113063
WINFUT;10/10/2023;13:45:00;156464,80;156592,01;156444,71;156525,05;3417564052,00;109165
WINFUT;10/10/2023;13:40:00;156565,23;156592,01;156384,45;156464,80;4150101591,00;132615
WINFUT;10/10/2023;13:35:00;156525,05;156585,31;156518,36;156565,23;1904035949,00;60813
WINFUT;10/10/2023;13:30:00;156464,80;156558,53;156411,23;156531,75;2545707096,00;81339
WINFUT;10/10/2023;13:25:00;156471,49;156565,23;156431,32;156464,80;2453471462,00;78389
WINFUT;10/10/2023;13:20:00;156525,05;156565,23;156424,62;156464,80;3031554674,00;96867
WINFUT;10/10/2023;13:15:00;156471,49;156558,53;156424,62;156525,05;3427676300,00;109507
WINFUT;10/10/2023;13:10:00;156364,36;156511,66;156337,58;156471,49;2996919466,00;95791
WINFUT;10/10/2023;13:05:00;156484,88;156511,66;156337,58;156364,36;2914801833,00;93177
WINFUT;10/10/2023;13:00:00;156471,49;156511,66;156371,06;156478,19;3013968114,00;96329
WINFUT;10/10/2023;12:55:00;156371,06;156504,97;156350,97;156471,49;3287231824,00;105057
WINFUT;10/10/2023;12:50:00;156330,89;156397,84;156290,71;156371,06;2294342944,00;73370
WINFUT;10/10/2023;12:45:00;156411,23;156451,40;156270,63;156337,58;3757080853,00;120155
WINFUT;10/10/2023;12:40:00;156451,40;156471,49;156324,19;156411,23;3795295394,00;121339
WINFUT;10/10/2023;12:35:00;156545,14;156565,23;156371,06;156451,40;4429874337,00;141563
WINFUT;10/10/2023;12:30:00;156585,31;156645,57;156504,97;156551,84;4200393608,00;134137
WINFUT;10/10/2023;12:25:00;156498,27;156612,09;156431,32;156585,31;6000287991,00;191657
WINFUT;10/10/2023;12:20:00;156337,58;156504,97;156257,24;156491,58;6291200238,00;201120
WINFUT;10/10/2023;12:15:00;156277,32;156357,67;156217,07;156344,28;3726876318,00;119226
WINFUT;10/10/2023;12:10:00;156284,02;156324,19;156190,28;156277,32;3733756968,00;119482
WINFUT;10/10/2023;12:05:00;156250,54;156438,01;156237,15;156277,32;5596103156,00;178978
WINFUT;10/10/2023;12:00:00;156391,15;156397,84;156183,59;156257,24;5303695598,00;169719
WINFUT;10/10/2023;11:55:00;156324,19;156417,93;156270,63;156391,15;3901665481,00;124776
WINFUT;10/10/2023;11:50:00;156317,50;156484,88;156290,71;156330,89;4479995755,00;143225
WINFUT;10/10/2023;11:45:00;156424,62;156431,32;156270,63;156324,19;4374579148,00;139905
WINFUT;10/10/2023;11:40:00;156350,97;156464,80;156324,19;156424,62;4181095922,00;133667
WINFUT;10/10/2023;11:35:00;156297,41;156565,23;156277,32;156350,97;7658452951,00;244792
WINFUT;10/10/2023;11:30:00;156511,66;156538,44;156284,02;156297,41;6995928168,00;223646
WINFUT;10/10/2023;11:25:00;156618,79;156658,96;156484,88;156511,66;5516462585,00;176145
WINFUT;10/10/2023;11:20:00;156464,80;156618,79;156411,23;156618,79;4822015285,00;154059
WINFUT;10/10/2023;11:15:00;156531,75;156605,40;156438,01;156458,10;5258266974,00;167997
WINFUT;10/10/2023;11:10:00;156632,18;156725,92;156511,66;156531,75;9678908944,00;309007
WINFUT;10/10/2023;11:05:00;156263,93;156652,27;156263,93;156638,88;1,051252802E10;335903
WINFUT;10/10/2023;11:00:00;156096,55;156344,28;156089,85;156263,93;9947014144,00;318311
WINFUT;10/10/2023;10:55:00;156016,20;156109,94;155962,64;156103,24;7002784804,00;224411
WINFUT;10/10/2023;10:50:00;155788,56;156056,38;155748,39;156016,20;8904579031,00;285598
WINFUT;10/10/2023;10:45:00;155627,87;155828,73;155534,13;155781,86;9041350246,00;290296
WINFUT;10/10/2023;10:40:00;155467,18;155641,26;155339,97;155634,57;7167245134,00;230464
WINFUT;10/10/2023;10:35:00;155634,57;155634,57;155212,76;155467,18;1,060523071E10;341240
WINFUT;10/10/2023;10:30:00;155433,70;155708,22;155286,40;155634,57;1,230030629E10;395453
WINFUT;10/10/2023;10:25:00;155185,97;155514,05;155045,37;155427,01;9108485620,00;293255
WINFUT;10/10/2023;10:20:00;155252,93;155360,05;155152,50;155185,97;6051750317,00;194882
WINFUT;10/10/2023;10:15:00;155366,75;155473,88;155092,24;155259,62;9823307806,00;316339
WINFUT;10/10/2023;10:10:00;155052,07;155373,45;155005,20;155366,75;8530230705,00;274771
WINFUT;10/10/2023;10:05:00;155145,80;155185,97;154991,81;155045,37;6520241471,00;210209
WINFUT;10/10/2023;10:00:00;155212,76;155306,49;155098,93;155145,80;6513678181,00;209827
WINFUT;10/10/2023;09:55:00;155139,11;155219,45;155105,63;155219,45;3624476497,00;116793
WINFUT;10/10/2023;09:50:00;155172,58;155185,97;155031,98;155145,80;3878712760,00;125034
WINFUT;10/10/2023;09:45:00;155139,11;155192,67;155072,15;155179,28;3427929819,00;110484
WINFUT;10/10/2023;09:40:00;155212,76;155239,54;155105,63;155139,11;3731813149,00;120246
WINFUT;10/10/2023;09:35:00;155226,15;155266,32;155139,11;155212,76;3819262444,00;123038
WINFUT;10/10/2023;09:30:00;155333,27;155453,79;155172,58;155226,15;4674553007,00;150522
WINFUT;10/10/2023;09:25:00;155373,45;155467,18;155273,01;155339,97;4290025630,00;138047
WINFUT;10/10/2023;09:20:00;155366,75;155433,70;155259,62;155380,14;3799956818,00;122313
WINFUT;10/10/2023;09:15:00;155360,05;155420,31;155199,36;155373,45;5897276296,00;189844
WINFUT;10/10/2023;09:10:00;155246,23;155433,70;155119,02;155360,05;5187118364,00;167056
WINFUT;10/10/2023;09:05:00;155493,96;155567,61;155165,89;155246,23;6155228690,00;198140
WINFUT;10/10/2023;09:00:00;155199,36;155788,56;155152,50;155487,27;1,067963142E10;343342
WINFUT;09/10/2023;17:50:00;154811,03;154924,85;154797,64;154918,16;1211890092,00;39127
WINFUT;09/10/2023;17:45:00;154898,07;154904,77;154790,95;154811,03;1703590789,00;55002
WINFUT;09/10/2023;17:40:00;154864,59;154911,46;154824,42;154904,77;1657033803,00;53501
WINFUT;09/10/2023;17:35:00;154777,55;154911,46;154770,86;154864,59;2255801252,00;72835
WINFUT;09/10/2023;17:30:00;154750,77;154811,03;154697,21;154784,25;2273720560,00;73461
WINFUT;09/10/2023;17:25:00;154623,56;154764,16;154616,87;154757,47;2370842351,00;76626
WINFUT;09/10/2023;17:20:00;154677,12;154683,82;154610,17;154623,56;1668071174,00;53932
WINFUT;09/10/2023;17:15:00;154610,17;154697,21;154596,78;154683,82;2027655176,00;65558
WINFUT;09/10/2023;17:10:00;154590,08;154616,87;154570,00;154616,87;1149722780,00;37185
WINFUT;09/10/2023;17:05:00;154563,30;154650,34;154549,91;154590,08;2657157290,00;85940
WINFUT;09/10/2023;17:00:00;154616,87;154616,87;154529,82;154563,30;2705712223,00;87525
WINFUT;09/10/2023;16:55:00;154362,44;154623,56;154335,66;154616,87;6290228275,00;203575
WINFUT;09/10/2023;16:50:00;154262,01;154369,14;154208,45;154355,74;3842178474,00;124506
WINFUT;09/10/2023;16:45:00;154188,36;154295,49;154154,88;154262,01;2934421431,00;95131
WINFUT;09/10/2023;16:40:00;154114,71;154208,45;154108,01;154195,05;2624894645,00;85130
WINFUT;09/10/2023;16:35:00;154061,15;154161,58;154034,37;154108,01;2624710901,00;85155
WINFUT;09/10/2023;16:30:00;154188,36;154195,05;154020,97;154054,45;5519005779,00;179081
WINFUT;09/10/2023;16:25:00;154228,53;154302,18;154134,80;154195,05;3422975547,00;110980
WINFUT;09/10/2023;16:20:00;154215,14;154322,27;154174,97;154228,53;3696559734,00;119828
WINFUT;09/10/2023;16:15:00;154188,36;154295,49;154154,88;154215,14;3378709215,00;109537
WINFUT;09/10/2023;16:10:00;154235,23;154288,79;154141,49;154188,36;3390082841,00;109916
WINFUT;09/10/2023;16:05:00;154262,01;154349,05;154188,36;154235,23;3276606827,00;106198
WINFUT;09/10/2023;16:00:00;154375,83;154429,39;154215,14;154262,01;4718428825,00;152898
WINFUT;09/10/2023;15:55:00;154322,27;154529,82;154288,79;154375,83;5087325869,00;164722
WINFUT;09/10/2023;15:50:00;154302,18;154409,31;154255,31;154328,96;3188649550,00;103306
WINFUT;09/10/2023;15:45:00;154422,70;154449,48;154208,45;154308,88;5293860298,00;171546
WINFUT;09/10/2023;15:40:00;154355,74;154509,74;154315,57;154422,70;5129566048,00;166088
WINFUT;09/10/2023;15:35:00;154302,18;154416,00;154268,70;154355,74;3117313929,00;100990
WINFUT;09/10/2023;15:30:00;154402,61;154422,70;154282,10;154302,18;4059785168,00;131515
WINFUT;09/10/2023;15:25:00;154342,35;154416,00;154302,18;154409,31;3034028370,00;98279
WINFUT;09/10/2023;15:20:00;154456,18;154509,74;154275,40;154342,35;6596766829,00;213634
WINFUT;09/10/2023;15:15:00;154583,39;154657,04;154422,70;154462,87;5489044293,00;177588
WINFUT;09/10/2023;15:10:00;154596,78;154657,04;154536,52;154590,08;5038684514,00;162962
WINFUT;09/10/2023;15:05:00;154503,04;154630,26;154436,09;154596,78;5366055101,00;173608
WINFUT;09/10/2023;15:00:00;154536,52;154570,00;154342,35;154509,74;6526731652,00;211311
WINFUT;09/10/2023;14:55:00;154549,91;154583,39;154422,70;154536,52;6240647754,00;201965
WINFUT;09/10/2023;14:50:00;154416,00;154570,00;154248,62;154543,22;9026802130,00;292336
WINFUT;09/10/2023;14:45:00;154047,76;154496,35;154007,58;154416,00;1,33410436E10;432354
WINFUT;09/10/2023;14:40:00;153913,85;154141,49;153813,42;154054,45;8961026831,00;291002
WINFUT;09/10/2023;14:35:00;153599,16;153967,41;153592,47;153907,15;1,129019635E10;367066
WINFUT;09/10/2023;14:30:00;153076,92;153612,56;153063,53;153592,47;1,030154815E10;335894
WINFUT;09/10/2023;14:25:00;152936,32;153117,10;152922,93;153083,62;3534119298,00;115467
WINFUT;09/10/2023;14:20:00;153023,36;153070,23;152929,62;152943,02;4080477640,00;133352
WINFUT;09/10/2023;14:15:00;152976,49;153076,92;152949,71;153023,36;3231919339,00;105610
WINFUT;09/10/2023;14:10:00;153030,06;153043,45;152936,32;152976,49;2506873165,00;81930
WINFUT;09/10/2023;14:05:00;152949,71;153036,75;152896,15;153030,06;3794599790,00;124029
WINFUT;09/10/2023;14:00:00;152835,89;153003,27;152742,15;152943,02;4635039322,00;151591
WINFUT;09/10/2023;13:55:00;152789,02;152842,58;152701,98;152829,19;2831506249,00;92677
WINFUT;09/10/2023;13:50:00;152822,50;152922,93;152728,76;152789,02;4120284472,00;134805
WINFUT;09/10/2023;13:45:00;152789,02;152842,58;152701,98;152822,50;2882555288,00;94336
WINFUT;09/10/2023;13:40:00;152641,72;152789,02;152621,64;152782,33;2912936162,00;95379
WINFUT;09/10/2023;13:35:00;152775,63;152775,63;152574,77;152641,72;4199589261,00;137546
WINFUT;09/10/2023;13:30:00;152822,50;152909,54;152755,54;152775,63;3165863951,00;103569
WINFUT;09/10/2023;13:25:00;152822,50;152936,32;152782,33;152822,50;3744007255,00;122463
WINFUT;09/10/2023;13:20:00;152735,46;152842,58;152708,68;152822,50;2756086110,00;90192
WINFUT;09/10/2023;13:15:00;152688,59;152735,46;152648,42;152735,46;1656591776,00;54246
WINFUT;09/10/2023;13:10:00;152701,98;152715,37;152608,25;152681,89;2681192229,00;87815
WINFUT;09/10/2023;13:05:00;152668,50;152809,11;152661,81;152701,98;2600500254,00;85136
WINFUT;09/10/2023;13:00:00;152695,29;152835,89;152641,72;152668,50;3713667549,00;121566
WINFUT;09/10/2023;12:55:00;152715,37;152835,89;152695,29;152695,29;2708631324,00;88655
WINFUT;09/10/2023;12:50:00;152648,42;152789,02;152648,42;152715,37;3085292916,00;101013
WINFUT;09/10/2023;12:45:00;152661,81;152675,20;152541,29;152648,42;3070789680,00;100614
WINFUT;09/10/2023;12:40:00;152695,29;152701,98;152554,68;152655,11;2537367015,00;83129
WINFUT;09/10/2023;12:35:00;152601,55;152708,68;152568,07;152701,98;2537045000,00;83105
WINFUT;09/10/2023;12:30:00;152594,85;152695,29;152521,20;152601,55;4194443610,00;137418
WINFUT;09/10/2023;12:25:00;152775,63;152789,02;152588,16;152594,85;4344168332,00;142255
WINFUT;09/10/2023;12:20:00;152949,71;152956,41;152768,93;152782,33;4298281221,00;140615
WINFUT;09/10/2023;12:15:00;152862,67;152969,80;152795,72;152949,71;4907170151,00;160479
WINFUT;09/10/2023;12:10:00;152621,64;152869,37;152601,55;152862,67;4817953793,00;157712
WINFUT;09/10/2023;12:05:00;152568,07;152695,29;152507,81;152628,33;4772714086,00;156364
WINFUT;09/10/2023;12:00:00;152668,50;152708,68;152541,29;152561,38;5561931986,00;182216
WINFUT;09/10/2023;11:55:00;152815,80;152889,45;152668,50;152675,20;5149302528,00;168510
WINFUT;09/10/2023;11:50:00;152568,07;152822,50;152467,64;152815,80;7402526781,00;242493
WINFUT;09/10/2023;11:45:00;152762,24;152768,93;152507,81;152568,07;5615570550,00;183934
WINFUT;09/10/2023;11:40:00;152688,59;152862,67;152554,68;152762,24;6908333131,00;226205
WINFUT;09/10/2023;11:35:00;152641,72;152775,63;152608,25;152681,89;3876814226,00;126951
WINFUT;09/10/2023;11:30:00;152594,85;152748,85;152554,68;152641,72;5080740699,00;166402
WINFUT;09/10/2023;11:25:00;152621,64;152701,98;152541,29;152594,85;5995095707,00;196403
WINFUT;09/10/2023;11:20:00;152414,08;152635,03;152300,26;152621,64;6705670553,00;219912
WINFUT;09/10/2023;11:15:00;152393,99;152467,64;152340,43;152407,38;5151218538,00;168997
WINFUT;09/10/2023;11:10:00;152293,56;152407,38;152213,22;152393,99;5166345401,00;169595
WINFUT;09/10/2023;11:05:00;152380,60;152447,56;152213,22;152293,56;6870053714,00;225522
WINFUT;09/10/2023;11:00:00;152534,60;152655,11;152340,43;152380,60;8003220981,00;262438
WINFUT;09/10/2023;10:55:00;152621,64;152655,11;152353,82;152527,90;6766704070,00;221824
WINFUT;09/10/2023;10:50:00;152588,16;152648,42;152360,52;152621,64;7554664660,00;247695
WINFUT;09/10/2023;10:45:00;152768,93;152809,11;152501,12;152581,46;7901771658,00;258858
WINFUT;09/10/2023;10:40:00;152641,72;152835,89;152547,99;152768,93;7362398048,00;241058
WINFUT;09/10/2023;10:35:00;152353,82;152755,54;152353,82;152635,03;1,008788677E10;330525
WINFUT;09/10/2023;10:30:00;152695,29;152728,76;152313,65;152353,82;1,458862185E10;478202
WINFUT;09/10/2023;10:25:00;152701,98;152795,72;152614,94;152695,29;5695920600,00;186510
WINFUT;09/10/2023;10:20:00;152829,19;152902,84;152695,29;152701,98;7296602792,00;238750
WINFUT;09/10/2023;10:15:00;152621,64;152849,28;152507,81;152822,50;8000549653,00;262006
WINFUT;09/10/2023;10:10:00;152768,93;152855,97;152561,38;152621,64;8133148273,00;266253
WINFUT;09/10/2023;10:05:00;152648,42;152815,80;152581,46;152775,63;8704055664,00;285039
WINFUT;09/10/2023;10:00:00;152300,26;152695,29;152293,56;152648,42;9029409339,00;296120
WINFUT;09/10/2023;09:55:00;152159,65;152313,65;152146,26;152300,26;4820150006,00;158296
WINFUT;09/10/2023;09:50:00;152213,22;152246,69;152099,39;152159,65;3375331093,00;110905
WINFUT;09/10/2023;09:45:00;152159,65;152226,61;152092,70;152213,22;3473188089,00;114126
WINFUT;09/10/2023;09:40:00;152039,14;152159,65;152025,75;152159,65;2821873938,00;92770
WINFUT;09/10/2023;09:35:00;152146,26;152173,04;152012,35;152045,83;3809735727,00;125236
WINFUT;09/10/2023;09:30:00;152146,26;152159,65;151992,27;152146,26;5139164270,00;168963
WINFUT;09/10/2023;09:25:00;152213,22;152260,08;152112,79;152146,26;2943024773,00;96688
WINFUT;09/10/2023;09:20:00;152420,77;152447,56;152099,39;152213,22;6558344751,00;215360
WINFUT;09/10/2023;09:15:00;152648,42;152742,15;152400,69;152427,47;5889582575,00;193022
WINFUT;09/10/2023;09:10:00;152755,54;152768,93;152581,46;152648,42;3518072219,00;115213
WINFUT;09/10/2023;09:05:00;152481,03;152762,24;152400,69;152755,54;4171422228,00;136682
WINFUT;09/10/2023;09:00:00;152146,26;152581,46;151905,23;152481,03;6456673784,00;211986
WINFUT;06/10/2023;17:50:00;153632,64;153632,64;153485,34;153592,47;1399980939,00;45584
WINFUT;06/10/2023;17:45:00;153552,30;153652,73;153532,21;153632,64;1542811712,00;50222
WINFUT;06/10/2023;17:40:00;153558,99;153599,16;153525,51;153552,30;1260772378,00;41052
WINFUT;06/10/2023;17:35:00;153478,65;153592,47;153465,26;153558,99;1623406411,00;52868
WINFUT;06/10/2023;17:30:00;153391,61;153552,30;153371,52;153485,34;2176037992,00;70894
WINFUT;06/10/2023;17:25:00;153297,87;153445,17;153291,18;153391,61;2216712668,00;72258
WINFUT;06/10/2023;17:20:00;153351,43;153364,83;153264,39;153291,18;1479745238,00;48260
WINFUT;06/10/2023;17:15:00;153317,96;153358,13;153284,48;153358,13;970958249,40;31663
WINFUT;06/10/2023;17:10:00;153251,00;153338,04;153251,00;153317,96;1264078007,00;41228
WINFUT;06/10/2023;17:05:00;153304,57;153344,74;153224,22;153251,00;1967195330,00;64174
WINFUT;06/10/2023;17:00:00;153271,09;153371,52;153217,53;153304,57;2954221932,00;96352
WINFUT;06/10/2023;16:55:00;153405,00;153418,39;153184,05;153271,09;4620996170,00;150712
WINFUT;06/10/2023;16:50:00;153619,25;153619,25;153358,13;153411,69;4742688379,00;154520
WINFUT;06/10/2023;16:45:00;153619,25;153652,73;153558,99;153625,95;2127397098,00;69246
WINFUT;06/10/2023;16:40:00;153632,64;153666,12;153552,30;153619,25;3015255332,00;98144
WINFUT;06/10/2023;16:35:00;153518,82;153639,34;153485,34;153632,64;2945385215,00;95897
WINFUT;06/10/2023;16:30:00;153625,95;153639,34;153438,47;153512,12;3771531592,00;122833
WINFUT;06/10/2023;16:25:00;153518,82;153632,64;153458,56;153632,64;3406672276,00;110923
WINFUT;06/10/2023;16:20:00;153465,26;153532,21;153358,13;153525,51;4140508119,00;134929
WINFUT;06/10/2023;16:15:00;153565,69;153619,25;153425,08;153465,26;3738063904,00;121773
WINFUT;06/10/2023;16:10:00;153639,34;153639,34;153478,65;153565,69;3233205670,00;105278
WINFUT;06/10/2023;16:05:00;153498,73;153639,34;153458,56;153639,34;4022447687,00;130973
WINFUT;06/10/2023;16:00:00;153565,69;153666,12;153492,04;153498,73;4892270168,00;159282
WINFUT;06/10/2023;15:55:00;153505,43;153565,69;153411,69;153558,99;3852643369,00;125509
WINFUT;06/10/2023;15:50:00;153646,03;153646,03;153492,04;153505,43;3887263059,00;126581
WINFUT;06/10/2023;15:45:00;153599,16;153692,90;153585,77;153639,34;2781807768,00;90524
WINFUT;06/10/2023;15:40:00;153639,34;153672,81;153558,99;153592,47;2374517010,00;77290
WINFUT;06/10/2023;15:35:00;153652,73;153686,20;153558,99;153639,34;3653398359,00;118903
WINFUT;06/10/2023;15:30:00;153579,08;153719,68;153545,60;153652,73;5118128478,00;166569
WINFUT;06/10/2023;15:25:00;153485,34;153605,86;153445,17;153585,77;2866205409,00;93335
WINFUT;06/10/2023;15:20:00;153505,43;153585,77;153445,17;153485,34;2649789777,00;86311
WINFUT;06/10/2023;15:15:00;153431,78;153565,69;153418,39;153505,43;2980286399,00;97075
WINFUT;06/10/2023;15:10:00;153445,17;153538,91;153378,22;153431,78;4149476749,00;135188
WINFUT;06/10/2023;15:05:00;153358,13;153465,26;153277,79;153438,47;3003876355,00;97917
WINFUT;06/10/2023;15:00:00;153391,61;153431,78;153257,70;153358,13;4264348850,00;139036
WINFUT;06/10/2023;14:55:00;153317,96;153478,65;153304,57;153398,30;4425211828,00;144238
WINFUT;06/10/2023;14:50:00;153277,79;153344,74;153244,31;153317,96;2847005919,00;92857
WINFUT;06/10/2023;14:45:00;153170,66;153304,57;153103,70;153284,48;3598313264,00;117445
WINFUT;06/10/2023;14:40:00;153297,87;153304,57;153157,27;153177,35;3494243932,00;114033
WINFUT;06/10/2023;14:35:00;153371,52;153411,69;153251,00;153304,57;4241985938,00;138328
WINFUT;06/10/2023;14:30:00;153311,26;153371,52;153210,83;153371,52;4674484306,00;152466
WINFUT;06/10/2023;14:25:00;153237,61;153324,65;153177,35;153317,96;4199700463,00;137023
WINFUT;06/10/2023;14:20:00;153023,36;153244,31;153016,66;153230,92;5609908913,00;183137
WINFUT;06/10/2023;14:15:00;153076,92;153090,31;152916,23;153016,66;4022550409,00;131456
WINFUT;06/10/2023;14:10:00;152849,28;153103,70;152782,33;153076,92;6040165093,00;197452
WINFUT;06/10/2023;14:05:00;152789,02;152896,15;152755,54;152842,58;3356338542,00;109802
WINFUT;06/10/2023;14:00:00;152661,81;152842,58;152641,72;152795,72;3429365597,00;112241
WINFUT;06/10/2023;13:55:00;152722,07;152789,02;152628,33;152655,11;3395604120,00;111179
WINFUT;06/10/2023;13:50:00;152708,68;152762,24;152574,77;152715,37;3882418863,00;127147
WINFUT;06/10/2023;13:45:00;152614,94;152748,85;152574,77;152701,98;3275731333,00;107292
WINFUT;06/10/2023;13:40:00;152353,82;152648,42;152347,12;152614,94;4167358403,00;136621
WINFUT;06/10/2023;13:35:00;152360,52;152521,20;152273,48;152360,52;5254766737,00;172414
WINFUT;06/10/2023;13:30:00;152661,81;152715,37;152353,82;152360,52;5349361288,00;175343
WINFUT;06/10/2023;13:25:00;152541,29;152722,07;152474,34;152661,81;4016725139,00;131588
WINFUT;06/10/2023;13:20:00;152554,68;152601,55;152440,86;152541,29;4695766637,00;153952
WINFUT;06/10/2023;13:15:00;152561,38;152735,46;152507,81;152554,68;5002644389,00;163903
WINFUT;06/10/2023;13:10:00;152701,98;152748,85;152507,81;152554,68;5563893854,00;182247
WINFUT;06/10/2023;13:05:00;152748,85;152896,15;152648,42;152708,68;6428051285,00;210405
WINFUT;06/10/2023;13:00:00;152568,07;152768,93;152507,81;152742,15;6971991723,00;228355
WINFUT;06/10/2023;12:55:00;152621,64;152728,76;152534,60;152561,38;5448887805,00;178488
WINFUT;06/10/2023;12:50:00;152581,46;152701,98;152481,03;152628,33;7941004396,00;260215
WINFUT;06/10/2023;12:45:00;152327,04;152601,55;152266,78;152581,46;7397813185,00;242615
WINFUT;06/10/2023;12:40:00;152139,57;152501,12;152132,87;152333,73;8686861855,00;285102
WINFUT;06/10/2023;12:35:00;152139,57;152300,26;152025,75;152146,26;6966582705,00;228892
WINFUT;06/10/2023;12:30:00;152086,00;152253,39;152019,05;152139,57;7113737191,00;233765
WINFUT;06/10/2023;12:25:00;152079,31;152206,52;151932,01;152079,31;8339557672,00;274156
WINFUT;06/10/2023;12:20:00;151925,31;152126,18;151905,23;152079,31;6616112635,00;217614
WINFUT;06/10/2023;12:15:00;151838,27;152106,09;151804,80;151925,31;9380459843,00;308668
WINFUT;06/10/2023;12:10:00;151275,86;151871,75;151255,77;151831,58;1,479258841E10;487827
WINFUT;06/10/2023;12:05:00;151155,34;151309,34;151008,04;151282,56;6654963165,00;220149
WINFUT;06/10/2023;12:00:00;150900,92;151175,43;150847,35;151155,34;5992635930,00;198449
WINFUT;06/10/2023;11:55:00;150633,10;150961,18;150613,02;150894,22;5684254651,00;188504
WINFUT;06/10/2023;11:50:00;150900,92;150974,57;150626,41;150633,10;7246606016,00;240255
WINFUT;06/10/2023;11:45:00;150880,83;151014,74;150767,01;150900,92;6556138151,00;217233
WINFUT;06/10/2023;11:40:00;150820,57;150961,18;150713,45;150887,53;7917409426,00;262434
WINFUT;06/10/2023;11:35:00;150626,41;150854,05;150566,15;150820,57;7720558631,00;256172
WINFUT;06/10/2023;11:30:00;150345,20;150666,58;150325,11;150633,10;9099904641,00;302277
WINFUT;06/10/2023;11:25:00;150211,29;150405,46;150184,51;150351,90;6753300938,00;224671
WINFUT;06/10/2023;11:20:00;149936,78;150231,38;149789,48;150211,29;9271536332,00;309051
WINFUT;06/10/2023;11:15:00;150070,69;150097,47;149863,13;149936,78;7034716473,00;234539
WINFUT;06/10/2023;11:10:00;150137,64;150238,07;149923,39;150070,69;1,092942551E10;364166
WINFUT;06/10/2023;11:05:00;150124,25;150217,99;149963,56;150130,95;7898463955,00;263121
WINFUT;06/10/2023;11:00:00;150278,25;150298,33;149976,95;150130,95;1,203373635E10;400736
WINFUT;06/10/2023;10:55:00;150546,06;150592,93;150211,29;150271,55;1,084172087E10;360579
WINFUT;06/10/2023;10:50:00;150532,67;150686,67;150365,29;150539,37;1,082701667E10;359655
WINFUT;06/10/2023;10:45:00;150854,05;151034,83;150525,98;150539,37;8959834435,00;297057
WINFUT;06/10/2023;10:40:00;150693,36;151014,74;150626,41;150854,05;8660572424,00;287088
WINFUT;06/10/2023;10:35:00;151028,13;151182,12;150613,02;150700,06;1,11218214E10;368516
WINFUT;06/10/2023;10:30:00;150900,92;151222,30;150713,45;151028,13;1,263532588E10;418480
WINFUT;06/10/2023;10:25:00;151202,21;151309,34;150854,05;150900,92;1,041493783E10;344660
WINFUT;06/10/2023;10:20:00;150974,57;151208,91;150941,09;151202,21;8597189532,00;284516
WINFUT;06/10/2023;10:15:00;150833,96;150974,57;150760,31;150974,57;7233763206,00;239749
WINFUT;06/10/2023;10:10:00;150700,06;150894,22;150412,15;150833,96;1,071294906E10;355557
WINFUT;06/10/2023;10:05:00;150653,19;150880,83;150579,54;150693,36;6506522439,00;215829
WINFUT;06/10/2023;10:00:00;150827,27;150833,96;150432,24;150646,49;1,022937685E10;339541
WINFUT;06/10/2023;09:55:00;150626,41;150860,75;150492,50;150827,27;8251429953,00;273778
WINFUT;06/10/2023;09:50:00;150760,31;150833,96;150385,37;150633,10;1,12422174E10;373232
WINFUT;06/10/2023;09:45:00;150840,66;150880,83;150666,58;150767,01;4961061505,00;164541
WINFUT;06/10/2023;09:40:00;151048,22;151162,04;150572,84;150840,66;1,315731033E10;436089
WINFUT;06/10/2023;09:35:00;150753,62;151101,78;150673,27;151054,91;1,129095642E10;374116
WINFUT;06/10/2023;09:30:00;152306,95;152320,34;150666,58;150753,62;2,39026105E10;790328
WINFUT;06/10/2023;09:25:00;152313,65;152393,99;152260,08;152313,65;2528916865,00;83008
WINFUT;06/10/2023;09:20:00;152206,52;152373,91;152186,43;152313,65;2800993932,00;91966
WINFUT;06/10/2023;09:15:00;152313,65;152367,21;152199,83;152206,52;3832806114,00;125849
WINFUT;06/10/2023;09:10:00;152226,61;152333,73;152186,43;152313,65;2656317856,00;87231
WINFUT;06/10/2023;09:05:00;152454,25;152507,81;152219,91;152226,61;4179151794,00;137159
WINFUT;06/10/2023;09:00:00;152387,30;152534,60;152266,78;152447,56;4931047359,00;161787
WINFUT;05/10/2023;17:50:00;152340,43;152407,38;152320,34;152320,34;1177999457,00;38658
WINFUT;05/10/2023;17:45:00;152320,34;152380,60;152286,87;152347,12;1543518992,00;50660
WINFUT;05/10/2023;17:40:00;152193,13;152353,82;152139,57;152320,34;2521487836,00;82800
WINFUT;05/10/2023;17:35:00;152179,74;152199,83;152132,87;152193,13;939925261,50;30883
WINFUT;05/10/2023;17:30:00;152119,48;152186,43;152106,09;152173,04;1339548471,00;44022
WINFUT;05/10/2023;17:25:00;152213,22;152226,61;152112,79;152119,48;1451637032,00;47700
WINFUT;05/10/2023;17:20:00;152112,79;152240,00;152106,09;152213,22;1733825716,00;56964
WINFUT;05/10/2023;17:15:00;152132,87;152159,65;152099,39;152106,09;1041796119,00;34242
WINFUT;05/10/2023;17:10:00;152173,04;152219,91;152106,09;152132,87;1526726608,00;50167
WINFUT;05/10/2023;17:05:00;152112,79;152206,52;152106,09;152179,74;1916414159,00;62974
WINFUT;05/10/2023;17:00:00;152246,69;152266,78;152092,70;152106,09;2600999032,00;85466
WINFUT;05/10/2023;16:55:00;152300,26;152300,26;152146,26;152253,39;3844997107,00;126300
WINFUT;05/10/2023;16:50:00;152360,52;152360,52;152273,48;152300,26;2621999086,00;86072
WINFUT;05/10/2023;16:45:00;152233,30;152367,21;152219,91;152360,52;3818711043,00;125366
WINFUT;05/10/2023;16:40:00;152186,43;152273,48;152173,04;152233,30;2963665588,00;97345
WINFUT;05/10/2023;16:35:00;152106,09;152219,91;152086,00;152193,13;2215029180,00;72783
WINFUT;05/10/2023;16:30:00;152179,74;152199,83;152052,53;152106,09;3545255395,00;116532
WINFUT;05/10/2023;16:25:00;152045,83;152193,13;152045,83;152173,04;2710903852,00;89096
WINFUT;05/10/2023;16:20:00;152106,09;152159,65;152012,35;152045,83;3898854719,00;128183
WINFUT;05/10/2023;16:15:00;152132,87;152199,83;152099,39;152112,79;3133856840,00;102987
WINFUT;05/10/2023;16:10:00;152300,26;152306,95;152086,00;152139,57;4879778569,00;160330
WINFUT;05/10/2023;16:05:00;152300,26;152333,73;152240,00;152293,56;2720934549,00;89339
WINFUT;05/10/2023;16:00:00;152253,39;152320,34;152199,83;152293,56;4172835951,00;137022
WINFUT;05/10/2023;15:55:00;152166,35;152280,17;152079,31;152253,39;4911597065,00;161381
WINFUT;05/10/2023;15:50:00;152173,04;152240,00;152112,79;152159,65;4121183945,00;135400
WINFUT;05/10/2023;15:45:00;152059,22;152186,43;152045,83;152173,04;4690593785,00;154167
WINFUT;05/10/2023;15:40:00;152039,14;152086,00;151972,18;152065,92;4246786351,00;139668
WINFUT;05/10/2023;15:35:00;151965,49;152052,53;151891,84;152039,14;4592912193,00;151109
WINFUT;05/10/2023;15:30:00;151798,10;151985,57;151771,32;151965,49;5031331519,00;165616
WINFUT;05/10/2023;15:25:00;151724,45;151804,80;151664,19;151798,10;2896539020,00;95455
WINFUT;05/10/2023;15:20:00;151811,49;151851,66;151724,45;151731,15;3562483222,00;117351
WINFUT;05/10/2023;15:15:00;151711,06;151824,88;151684,28;151804,80;3182127887,00;104839
WINFUT;05/10/2023;15:10:00;151650,80;151744,54;151590,54;151711,06;3379639863,00;111414
WINFUT;05/10/2023;15:05:00;151784,71;151798,10;151630,72;151650,80;3661490158,00;120679
WINFUT;05/10/2023;15:00:00;151717,76;151811,49;151704,37;151791,41;3449855595,00;113653
WINFUT;05/10/2023;14:55:00;151690,98;151731,15;151630,72;151717,76;2100839367,00;69248
WINFUT;05/10/2023;14:50:00;151657,50;151731,15;151644,11;151690,98;2227031237,00;73408
WINFUT;05/10/2023;14:45:00;151670,89;151717,76;151624,02;151657,50;3269753292,00;107789
WINFUT;05/10/2023;14:40:00;151550,37;151684,28;151536,98;151677,58;2681770144,00;88438
WINFUT;05/10/2023;14:35:00;151516,89;151610,63;151476,72;151557,07;3189701244,00;105235
WINFUT;05/10/2023;14:30:00;151563,76;151590,54;151362,90;151516,89;4825047729,00;159286
WINFUT;05/10/2023;14:25:00;151523,59;151583,85;151436,55;151570,46;2811139542,00;92777
WINFUT;05/10/2023;14:20:00;151550,37;151624,02;151449,94;151516,89;3950886426,00;130358
WINFUT;05/10/2023;14:15:00;151570,46;151610,63;151483,42;151550,37;2879349502,00;94998
WINFUT;05/10/2023;14:10:00;151369,60;151597,24;151362,90;151570,46;4305505772,00;142102
WINFUT;05/10/2023;14:05:00;151503,50;151550,37;151356,21;151376,29;4793162685,00;158248
WINFUT;05/10/2023;14:00:00;151603,94;151650,80;151496,81;151503,50;2747616249,00;90636
WINFUT;05/10/2023;13:55:00;151637,41;151637,41;151476,72;151597,24;3509414545,00;115787
WINFUT;05/10/2023;13:50:00;151557,07;151677,58;151543,68;151637,41;2693490120,00;88819
WINFUT;05/10/2023;13:45:00;151717,76;151731,15;151510,20;151550,37;4192172157,00;138264
WINFUT;05/10/2023;13:40:00;151811,49;151818,19;151677,58;151724,45;3094711080,00;101978
WINFUT;05/10/2023;13:35:00;151757,93;151885,14;151737,84;151811,49;2987416169,00;98393
WINFUT;05/10/2023;13:30:00;151831,58;151898,53;151751,23;151764,62;3515362418,00;115772
WINFUT;05/10/2023;13:25:00;151757,93;151844,97;151744,54;151824,88;2443655830,00;80488
WINFUT;05/10/2023;13:20:00;151644,11;151784,71;151617,33;151764,62;2713850394,00;89430
WINFUT;05/10/2023;13:15:00;151771,32;151778,02;151603,94;151644,11;3820634174,00;125958
WINFUT;05/10/2023;13:10:00;151690,98;151804,80;151684,28;151778,02;2314695206,00;76261
WINFUT;05/10/2023;13:05:00;151704,37;151764,62;151664,19;151690,98;2461847540,00;81133
WINFUT;05/10/2023;13:00:00;151597,24;151737,84;151550,37;151711,06;3099360718,00;102177
WINFUT;05/10/2023;12:55:00;151664,19;151737,84;151536,98;151597,24;3715628769,00;122517
WINFUT;05/10/2023;12:50:00;151650,80;151684,28;151483,42;151664,19;4497989569,00;148356
WINFUT;05/10/2023;12:45:00;151550,37;151717,76;151536,98;151657,50;3692656355,00;121762
WINFUT;05/10/2023;12:40:00;151737,84;151804,80;151536,98;151550,37;4200456723,00;138469
WINFUT;05/10/2023;12:35:00;151657,50;151831,58;151637,41;151731,15;4007651546,00;132057
WINFUT;05/10/2023;12:30:00;151690,98;151784,71;151577,15;151664,19;3899221710,00;128536
WINFUT;05/10/2023;12:25:00;151818,19;151844,97;151597,24;151697,67;4326624871,00;142601
WINFUT;05/10/2023;12:20:00;151657,50;151891,84;151590,54;151818,19;5867289450,00;193351
WINFUT;05/10/2023;12:15:00;151791,41;151878,45;151644,11;151664,19;5353591337,00;176352
WINFUT;05/10/2023;12:10:00;151563,76;151844,97;151557,07;151791,41;6534621664,00;215358
WINFUT;05/10/2023;12:05:00;151503,50;151603,94;151416,46;151563,76;7755531998,00;255933
WINFUT;05/10/2023;12:00:00;151771,32;151824,88;151503,50;151503,50;8243971489,00;271763
WINFUT;05/10/2023;11:55:00;151811,49;151885,14;151731,15;151771,32;4905138188,00;161557
WINFUT;05/10/2023;11:50:00;151891,84;151998,96;151711,06;151811,49;9718939225,00;320016
WINFUT;05/10/2023;11:45:00;151911,92;152079,31;151804,80;151885,14;8333636114,00;274209
WINFUT;05/10/2023;11:40:00;152166,35;152219,91;151744,54;151911,92;1,488247611E10;489740
WINFUT;05/10/2023;11:35:00;152795,72;152815,80;152086,00;152166,35;1,478691172E10;485168
WINFUT;05/10/2023;11:30:00;152902,84;153003,27;152762,24;152802,41;6720392873,00;219795
WINFUT;05/10/2023;11:25:00;152809,11;153003,27;152795,72;152909,54;4726418994,00;154547
WINFUT;05/10/2023;11:20:00;152916,23;153003,27;152795,72;152815,80;5530038619,00;180849
WINFUT;05/10/2023;11:15:00;153030,06;153036,75;152829,19;152922,93;5954423003,00;194705
WINFUT;05/10/2023;11:10:00;153117,10;153143,88;152855,97;153030,06;7448638876,00;243455
WINFUT;05/10/2023;11:05:00;153090,31;153170,66;152869,37;153123,79;8942147853,00;292235
WINFUT;05/10/2023;11:00:00;153498,73;153512,12;153043,45;153090,31;1,081691709E10;352965
WINFUT;05/10/2023;10:55:00;153344,74;153619,25;153338,04;153492,04;8613270607,00;280526
WINFUT;05/10/2023;10:50:00;153137,18;153411,69;153137,18;153338,04;8327210372,00;271557
WINFUT;05/10/2023;10:45:00;153083,62;153257,70;153016,66;153143,88;8282282004,00;270412
WINFUT;05/10/2023;10:40:00;153016,66;153130,49;152902,84;153083,62;7007422711,00;228977
WINFUT;05/10/2023;10:35:00;153224,22;153331,35;152976,49;153016,66;8880068210,00;289910
WINFUT;05/10/2023;10:30:00;153110,40;153331,35;153083,62;153217,53;8755445066,00;285684
WINFUT;05/10/2023;10:25:00;152969,80;153264,39;152869,37;153110,40;9844185875,00;321491
WINFUT;05/10/2023;10:20:00;152963,10;153043,45;152882,76;152976,49;6163098363,00;201444
WINFUT;05/10/2023;10:15:00;152715,37;153083,62;152708,68;152963,10;1,104726378E10;361268
WINFUT;05/10/2023;10:10:00;152742,15;152789,02;152568,07;152715,37;7958155987,00;260592
WINFUT;05/10/2023;10:05:00;152481,03;152762,24;152460,95;152742,15;7966127127,00;260948
WINFUT;05/10/2023;10:00:00;152534,60;152614,94;152454,25;152487,73;5629198542,00;184531
WINFUT;05/10/2023;09:55:00;152407,38;152594,85;152400,69;152534,60;5187466104,00;170078
WINFUT;05/10/2023;09:50:00;152253,39;152440,86;152226,61;152400,69;5275568041,00;173132
WINFUT;05/10/2023;09:45:00;152119,48;152286,87;152079,31;152246,69;5377255023,00;176669
WINFUT;05/10/2023;09:40:00;152106,09;152146,26;151992,27;152119,48;6311931991,00;207519
WINFUT;05/10/2023;09:35:00;152159,65;152240,00;152086,00;152106,09;4939130209,00;162303
WINFUT;05/10/2023;09:30:00;152233,30;152327,04;152139,57;152152,96;6051364123,00;198767
WINFUT;05/10/2023;09:25:00;152280,17;152327,04;152193,13;152233,30;3613394978,00;118658
WINFUT;05/10/2023;09:20:00;152246,69;152367,21;152226,61;152280,17;3698551614,00;121428
WINFUT;05/10/2023;09:15:00;152521,20;152527,90;152226,61;152240,00;4976836626,00;163304
WINFUT;05/10/2023;09:10:00;152661,81;152681,89;152501,12;152521,20;3391229102,00;111113
WINFUT;05/10/2023;09:05:00;152327,04;152681,89;152320,34;152668,50;4437567181,00;145512
WINFUT;05/10/2023;09:00:00;152655,11;152675,20;152206,52;152333,73;9005505379,00;295387
WINFUT;04/10/2023;17:50:00;152440,86;152568,07;152360,52;152360,52;1127171766,00;36962
WINFUT;04/10/2023;17:45:00;152420,77;152447,56;152387,30;152440,86;1099607333,00;36071
WINFUT;04/10/2023;17:40:00;152460,95;152487,73;152393,99;152427,47;1698859718,00;55721
WINFUT;04/10/2023;17:35:00;152541,29;152554,68;152420,77;152454,25;1799617022,00;59013
WINFUT;04/10/2023;17:30:00;152594,85;152668,50;152507,81;152534,60;2030085847,00;66521
WINFUT;04/10/2023;17:25:00;152675,20;152681,89;152507,81;152594,85;3194531833,00;104681
WINFUT;04/10/2023;17:20:00;152802,41;152809,11;152675,20;152681,89;1701612445,00;55710
WINFUT;04/10/2023;17:15:00;152762,24;152822,50;152748,85;152802,41;695654369,20;22765
WINFUT;04/10/2023;17:10:00;152849,28;152855,97;152742,15;152768,93;2187630402,00;71584
WINFUT;04/10/2023;17:05:00;152735,46;152855,97;152715,37;152842,58;1988821229,00;65086
WINFUT;04/10/2023;17:00:00;152675,20;152789,02;152655,11;152728,76;2326390621,00;76159
WINFUT;04/10/2023;16:55:00;152789,02;152815,80;152661,81;152668,50;2464438177,00;80676
WINFUT;04/10/2023;16:50:00;152775,63;152862,67;152695,29;152782,33;4311258064,00;141100
WINFUT;04/10/2023;16:45:00;152835,89;152869,37;152762,24;152768,93;3118603988,00;102036
WINFUT;04/10/2023;16:40:00;152902,84;152922,93;152815,80;152842,58;2875465641,00;94049
WINFUT;04/10/2023;16:35:00;152949,71;153036,75;152876,06;152902,84;4175080153,00;136468
WINFUT;04/10/2023;16:30:00;152929,62;153023,36;152889,45;152949,71;4011852551,00;131145
WINFUT;04/10/2023;16:25:00;152835,89;152976,49;152835,89;152922,93;3103061122,00;101473
WINFUT;04/10/2023;16:20:00;152869,37;152943,02;152809,11;152835,89;4354272566,00;142422
WINFUT;04/10/2023;16:15:00;152641,72;152889,45;152628,33;152869,37;5152468387,00;168617
WINFUT;04/10/2023;16:10:00;152715,37;152789,02;152635,03;152648,42;4223729695,00;138286
WINFUT;04/10/2023;16:05:00;152628,33;152735,46;152581,46;152715,37;2884944259,00;94483
WINFUT;04/10/2023;16:00:00;152581,46;152688,59;152541,29;152635,03;4004420299,00;131187
WINFUT;04/10/2023;15:55:00;152440,86;152621,64;152407,38;152574,77;3248452366,00;106477
WINFUT;04/10/2023;15:50:00;152487,73;152507,81;152400,69;152440,86;3111971236,00;102062
WINFUT;04/10/2023;15:45:00;152554,68;152608,25;152467,64;152487,73;2815034494,00;92280
WINFUT;04/10/2023;15:40:00;152547,99;152588,16;152460,95;152561,38;2769068747,00;90780
WINFUT;04/10/2023;15:35:00;152481,03;152581,46;152460,95;152554,68;2005005807,00;65728
WINFUT;04/10/2023;15:30:00;152481,03;152621,64;152407,38;152474,34;4649048095,00;152417
WINFUT;04/10/2023;15:25:00;152474,34;152588,16;152460,95;152474,34;3283975377,00;107657
WINFUT;04/10/2023;15:20:00;152715,37;152722,07;152427,47;152474,34;4246726529,00;139173
WINFUT;04/10/2023;15:15:00;152608,25;152728,76;152608,25;152715,37;2955486032,00;96789
WINFUT;04/10/2023;15:10:00;152628,33;152661,81;152554,68;152614,94;3285630249,00;107653
WINFUT;04/10/2023;15:05:00;152728,76;152795,72;152568,07;152621,64;4377205579,00;143352
WINFUT;04/10/2023;15:00:00;152722,07;152768,93;152608,25;152728,76;4368929501,00;143060
WINFUT;04/10/2023;14:55:00;152795,72;152835,89;152668,50;152722,07;3855101657,00;126193
WINFUT;04/10/2023;14:50:00;152842,58;152889,45;152735,46;152795,72;3795327243,00;124183
WINFUT;04/10/2023;14:45:00;152715,37;152876,06;152695,29;152842,58;4068068279,00;133127
WINFUT;04/10/2023;14:40:00;152661,81;152748,85;152554,68;152715,37;4495417021,00;147247
WINFUT;04/10/2023;14:35:00;152762,24;152822,50;152601,55;152661,81;4189145449,00;137159
WINFUT;04/10/2023;14:30:00;152701,98;152775,63;152635,03;152762,24;3504985015,00;114768
WINFUT;04/10/2023;14:25:00;152775,63;152789,02;152655,11;152701,98;3500825639,00;114622
WINFUT;04/10/2023;14:20:00;152802,41;152889,45;152715,37;152775,63;3713055694,00;121497
WINFUT;04/10/2023;14:15:00;152775,63;152835,89;152748,85;152802,41;2267864971,00;74212
WINFUT;04/10/2023;14:10:00;152809,11;152835,89;152695,29;152775,63;2875313952,00;94112
WINFUT;04/10/2023;14:05:00;152849,28;152896,15;152715,37;152815,80;6403182301,00;209531
WINFUT;04/10/2023;14:00:00;153103,70;153137,18;152835,89;152849,28;4995867497,00;163271
WINFUT;04/10/2023;13:55:00;153177,35;153251,00;153083,62;153097,01;3775460653,00;123254
WINFUT;04/10/2023;13:50:00;153364,83;153384,91;153170,66;153177,35;3620466036,00;118101
WINFUT;04/10/2023;13:45:00;153277,79;153431,78;153217,53;153364,83;3839004693,00;125191
WINFUT;04/10/2023;13:40:00;153237,61;153364,83;153237,61;153271,09;3364096144,00;109725
WINFUT;04/10/2023;13:35:00;153364,83;153378,22;153204,14;153230,92;3595127400,00;117274
WINFUT;04/10/2023;13:30:00;153304,57;153384,91;153251,00;153371,52;4673078603,00;152389
WINFUT;04/10/2023;13:25:00;153137,18;153311,26;153117,10;153297,87;3837929499,00;125233
WINFUT;04/10/2023;13:20:00;153177,35;153230,92;153076,92;153130,49;3772683989,00;123171
WINFUT;04/10/2023;13:15:00;153030,06;153224,22;153016,66;153170,66;3733402209,00;121913
WINFUT;04/10/2023;13:10:00;152956,41;153150,57;152943,02;153030,06;5490286239,00;179357
WINFUT;04/10/2023;13:05:00;152782,33;152996,58;152768,93;152956,41;3727219993,00;121876
WINFUT;04/10/2023;13:00:00;152929,62;152963,10;152762,24;152782,33;5207365803,00;170325
WINFUT;04/10/2023;12:55:00;152735,46;153003,27;152701,98;152936,32;6123591963,00;200343
WINFUT;04/10/2023;12:50:00;152668,50;152748,85;152481,03;152735,46;5035006482,00;164958
WINFUT;04/10/2023;12:45:00;152420,77;152755,54;152393,99;152668,50;6852426402,00;224560
WINFUT;04/10/2023;12:40:00;152601,55;152608,25;152414,08;152420,77;4441780673,00;145634
WINFUT;04/10/2023;12:35:00;152708,68;152715,37;152547,99;152608,25;4070348658,00;133353
WINFUT;04/10/2023;12:30:00;152862,67;152896,15;152621,64;152708,68;4617310431,00;151148
WINFUT;04/10/2023;12:25:00;152755,54;152943,02;152755,54;152862,67;4723653305,00;154496
WINFUT;04/10/2023;12:20:00;152742,15;152849,28;152668,50;152762,24;6515615521,00;213250
WINFUT;04/10/2023;12:15:00;152467,64;152755,54;152454,25;152742,15;5706918704,00;186939
WINFUT;04/10/2023;12:10:00;152554,68;152688,59;152414,08;152474,34;5486946588,00;179850
WINFUT;04/10/2023;12:05:00;152648,42;152722,07;152494,42;152554,68;8163354297,00;267455
WINFUT;04/10/2023;12:00:00;152521,20;152668,50;152313,65;152648,42;7518836107,00;246510
WINFUT;04/10/2023;11:55:00;152481,03;152608,25;152414,08;152521,20;4044649439,00;132593
WINFUT;04/10/2023;11:50:00;152460,95;152655,11;152420,77;152481,03;6261385733,00;205248
WINFUT;04/10/2023;11:45:00;152340,43;152521,20;152266,78;152460,95;6732486603,00;220908
WINFUT;04/10/2023;11:40:00;152534,60;152688,59;152313,65;152340,43;8179697024,00;268192
WINFUT;04/10/2023;11:35:00;152420,77;152655,11;152407,38;152534,60;9235003789,00;302745
WINFUT;04/10/2023;11:30:00;151938,71;152434,16;151918,62;152420,77;7819974506,00;256931
WINFUT;04/10/2023;11:25:00;151992,27;152099,39;151885,14;151938,71;6156486102,00;202541
WINFUT;04/10/2023;11:20:00;152240,00;152253,39;151918,62;151992,27;5616919403,00;184646
WINFUT;04/10/2023;11:15:00;152260,08;152286,87;152025,75;152240,00;6401517727,00;210376
WINFUT;04/10/2023;11:10:00;151985,57;152320,34;151878,45;152253,39;8179297860,00;268822
WINFUT;04/10/2023;11:05:00;152025,75;152219,91;151878,45;151992,27;9182117082,00;301970
WINFUT;04/10/2023;11:00:00;152253,39;152447,56;151891,84;152032,44;1,216967792E10;400025
WINFUT;04/10/2023;10:55:00;152347,12;152460,95;152119,48;152246,69;6941615389,00;227929
WINFUT;04/10/2023;10:50:00;152159,65;152454,25;152032,44;152353,82;9339572735,00;306787
WINFUT;04/10/2023;10:45:00;152367,21;152427,47;152119,48;152166,35;1,007498464E10;330911
WINFUT;04/10/2023;10:40:00;152588,16;152655,11;152360,52;152367,21;5768714909,00;189140
WINFUT;04/10/2023;10:35:00;152648,42;152708,68;152273,48;152588,16;1,152882509E10;377967
WINFUT;04/10/2023;10:30:00;152547,99;152735,46;152387,30;152655,11;9774607759,00;320353
WINFUT;04/10/2023;10:25:00;152360,52;152715,37;152333,73;152547,99;8862194306,00;290530
WINFUT;04/10/2023;10:20:00;152728,76;152835,89;152327,04;152367,21;1,005953865E10;329731
WINFUT;04/10/2023;10:15:00;152842,58;152969,80;152675,20;152728,76;8870134971,00;290249
WINFUT;04/10/2023;10:10:00;152815,80;152922,93;152722,07;152835,89;5787999089,00;189352
WINFUT;04/10/2023;10:05:00;152782,33;152876,06;152628,33;152822,50;6317923885,00;206796
WINFUT;04/10/2023;10:00:00;152648,42;152782,33;152501,12;152782,33;8218510722,00;269237
WINFUT;04/10/2023;09:55:00;152748,85;152882,76;152641,72;152648,42;4023129988,00;131669
WINFUT;04/10/2023;09:50:00;152849,28;152916,23;152735,46;152755,54;4350756164,00;142352
WINFUT;04/10/2023;09:45:00;152688,59;152889,45;152621,64;152849,28;4551337676,00;148968
WINFUT;04/10/2023;09:40:00;152795,72;152869,37;152681,89;152681,89;3813931233,00;124821
WINFUT;04/10/2023;09:35:00;152822,50;152829,19;152708,68;152795,72;2895924999,00;94781
WINFUT;04/10/2023;09:30:00;152775,63;152889,45;152675,20;152829,19;5136188997,00;168093
WINFUT;04/10/2023;09:25:00;152936,32;153023,36;152695,29;152775,63;6285029106,00;205593
WINFUT;04/10/2023;09:20:00;152929,62;153143,88;152748,85;152929,62;7045687452,00;230347
WINFUT;04/10/2023;09:15:00;152648,42;153364,83;152614,94;152929,62;1,233028812E10;402698
WINFUT;04/10/2023;09:10:00;152661,81;152681,89;152547,99;152648,42;3397338946,00;111312
WINFUT;04/10/2023;09:05:00;152755,54;153036,75;152635,03;152661,81;6247770821,00;204448
WINFUT;04/10/2023;09:00:00;153043,45;153210,83;152755,54;152762,24;8797710019,00;287492
WINFUT;03/10/2023;17:50:00;152152,96;152199,83;152059,22;152146,26;2203891157,00;72440
WINFUT;03/10/2023;17:45:00;152226,61;152240,00;152059,22;152159,65;2571614028,00;84510
WINFUT;03/10/2023;17:40:00;152300,26;152306,95;152213,22;152226,61;2289252406,00;75178
WINFUT;03/10/2023;17:35:00;152380,60;152407,38;152293,56;152306,95;1921369689,00;63058
WINFUT;03/10/2023;17:30:00;152440,86;152481,03;152353,82;152373,91;1991814466,00;65346
WINFUT;03/10/2023;17:25:00;152387,30;152474,34;152373,91;152447,56;1967873829,00;64551
WINFUT;03/10/2023;17:20:00;152367,21;152407,38;152327,04;152387,30;1189580222,00;39036
WINFUT;03/10/2023;17:15:00;152353,82;152420,77;152320,34;152360,52;2088873529,00;68549
WINFUT;03/10/2023;17:10:00;152494,42;152501,12;152340,43;152347,12;3249888943,00;106615
WINFUT;03/10/2023;17:05:00;152568,07;152588,16;152487,73;152487,73;2016011585,00;66084
WINFUT;03/10/2023;17:00:00;152393,99;152581,46;152393,99;152574,77;3912863346,00;128282
WINFUT;03/10/2023;16:55:00;152414,08;152434,16;152333,73;152393,99;2537100767,00;83246
WINFUT;03/10/2023;16:50:00;152333,73;152447,56;152327,04;152414,08;2952046444,00;96847
WINFUT;03/10/2023;16:45:00;152340,43;152407,38;152300,26;152327,04;2195242974,00;72045
WINFUT;03/10/2023;16:40:00;152373,91;152414,08;152286,87;152340,43;3400535053,00;111594
WINFUT;03/10/2023;16:35:00;152219,91;152387,30;152213,22;152373,91;3380618282,00;110975
WINFUT;03/10/2023;16:30:00;152333,73;152414,08;152206,52;152219,91;5279480591,00;173302
WINFUT;03/10/2023;16:25:00;152340,43;152380,60;152213,22;152333,73;3731514855,00;122516
WINFUT;03/10/2023;16:20:00;152106,09;152373,91;152092,70;152340,43;4605601495,00;151232
WINFUT;03/10/2023;16:15:00;152206,52;152240,00;152092,70;152099,39;4999081928,00;164254
WINFUT;03/10/2023;16:10:00;152340,43;152447,56;152173,04;152206,52;5313717899,00;174431
WINFUT;03/10/2023;16:05:00;152380,60;152393,99;152260,08;152340,43;3441564514,00;112969
WINFUT;03/10/2023;16:00:00;152320,34;152414,08;152273,48;152387,30;4477641532,00;146970
WINFUT;03/10/2023;15:55:00;152487,73;152501,12;152320,34;152320,34;3641276559,00;119448
WINFUT;03/10/2023;15:50:00;152561,38;152628,33;152454,25;152494,42;4254465581,00;139460
WINFUT;03/10/2023;15:45:00;152474,34;152581,46;152427,47;152568,07;3507337790,00;114980
WINFUT;03/10/2023;15:40:00;152474,34;152514,51;152387,30;152474,34;3662390365,00;120110
WINFUT;03/10/2023;15:35:00;152327,04;152487,73;152213,22;152481,03;5219156026,00;171299
WINFUT;03/10/2023;15:30:00;152300,26;152360,52;152233,30;152327,04;4268242668,00;140130
WINFUT;03/10/2023;15:25:00;152494,42;152541,29;152233,30;152293,56;6467546262,00;212259
WINFUT;03/10/2023;15:20:00;152427,47;152554,68;152400,69;152494,42;5041047819,00;165312
WINFUT;03/10/2023;15:15:00;152561,38;152568,07;152293,56;152420,77;8421168980,00;276278
WINFUT;03/10/2023;15:10:00;152701,98;152735,46;152460,95;152561,38;7689840286,00;252007
WINFUT;03/10/2023;15:05:00;152896,15;152936,32;152675,20;152695,29;5458825334,00;178658
WINFUT;03/10/2023;15:00:00;152855,97;153050,14;152802,41;152896,15;5388277085,00;176167
WINFUT;03/10/2023;14:55:00;152882,76;152922,93;152748,85;152855,97;5885469345,00;192541
WINFUT;03/10/2023;14:50:00;152943,02;153023,36;152862,67;152889,45;5726217727,00;187201
WINFUT;03/10/2023;14:45:00;153230,92;153244,31;152889,45;152943,02;8440160528,00;275715
WINFUT;03/10/2023;14:40:00;153103,70;153317,96;153103,70;153230,92;4463977922,00;145663
WINFUT;03/10/2023;14:35:00;153224,22;153237,61;153076,92;153110,40;4254045580,00;138900
WINFUT;03/10/2023;14:30:00;153331,35;153384,91;153184,05;153224,22;3578191164,00;116729
WINFUT;03/10/2023;14:25:00;153344,74;153391,61;153251,00;153324,65;2975909501,00;97052
WINFUT;03/10/2023;14:20:00;153271,09;153371,52;153163,96;153351,43;5065945971,00;165263
WINFUT;03/10/2023;14:15:00;153351,43;153398,30;153237,61;153277,79;3966093653,00;129346
WINFUT;03/10/2023;14:10:00;153425,08;153445,17;153244,31;153344,74;5680291139,00;185213
WINFUT;03/10/2023;14:05:00;153525,51;153572,38;153405,00;153425,08;3150230923,00;102633
WINFUT;03/10/2023;14:00:00;153492,04;153605,86;153471,95;153532,21;2668919563,00;86907
WINFUT;03/10/2023;13:55:00;153518,82;153605,86;153445,17;153492,04;4109083396,00;133829
WINFUT;03/10/2023;13:50:00;153692,90;153726,38;153512,12;153525,51;3770015545,00;122709
WINFUT;03/10/2023;13:45:00;153572,38;153739,77;153572,38;153699,60;2837267420,00;92319
WINFUT;03/10/2023;13:40:00;153672,81;153779,94;153552,30;153572,38;3370472990,00;109679
WINFUT;03/10/2023;13:35:00;153706,29;153746,46;153605,86;153666,12;3139393919,00;102141
WINFUT;03/10/2023;13:30:00;153646,03;153813,42;153599,16;153699,60;4397606502,00;143042
WINFUT;03/10/2023;13:25:00;153625,95;153666,12;153532,21;153639,34;2998113915,00;97595
WINFUT;03/10/2023;13:20:00;153686,20;153692,90;153532,21;153625,95;3046694900,00;99178
WINFUT;03/10/2023;13:15:00;153652,73;153793,33;153572,38;153686,20;4724569908,00;153715
WINFUT;03/10/2023;13:10:00;153739,77;153746,46;153605,86;153646,03;3287009017,00;106959
WINFUT;03/10/2023;13:05:00;153672,81;153779,94;153605,86;153733,07;4061962709,00;132136
WINFUT;03/10/2023;13:00:00;153358,13;153692,90;153311,26;153672,81;5536199223,00;180287
WINFUT;03/10/2023;12:55:00;153478,65;153512,12;153271,09;153358,13;4661563028,00;151960
WINFUT;03/10/2023;12:50:00;153465,26;153599,16;153451,87;153471,95;3609866298,00;117561
WINFUT;03/10/2023;12:45:00;153558,99;153579,08;153425,08;153465,26;2886485202,00;94021
WINFUT;03/10/2023;12:40:00;153425,08;153565,69;153418,39;153558,99;3908337934,00;127310
WINFUT;03/10/2023;12:35:00;153525,51;153532,21;153271,09;153425,08;6096788515,00;198728
WINFUT;03/10/2023;12:30:00;153793,33;153873,68;153512,12;153518,82;6805318271,00;221398
WINFUT;03/10/2023;12:25:00;153652,73;153820,11;153592,47;153793,33;4910067503,00;159727
WINFUT;03/10/2023;12:20:00;153331,35;153679,51;153317,96;153659,42;6229942972,00;202926
WINFUT;03/10/2023;12:15:00;153344,74;153411,69;153304,57;153331,35;3425169608,00;111670
WINFUT;03/10/2023;12:10:00;153572,38;153592,47;153311,26;153344,74;4934186308,00;160799
WINFUT;03/10/2023;12:05:00;153398,30;153592,47;153264,39;153579,08;8465528368,00;275900
WINFUT;03/10/2023;12:00:00;153592,47;153646,03;153364,83;153398,30;7961766185,00;259333
WINFUT;03/10/2023;11:55:00;153779,94;153800,03;153545,60;153592,47;7425893729,00;241671
WINFUT;03/10/2023;11:50:00;153860,28;153873,68;153666,12;153779,94;5972501808,00;194225
WINFUT;03/10/2023;11:45:00;154141,49;154188,36;153786,64;153860,28;7564273897,00;245667
WINFUT;03/10/2023;11:40:00;154034,37;154201,75;153866,98;154141,49;9060867140,00;294107
WINFUT;03/10/2023;11:35:00;153960,72;154275,40;153960,72;154041,06;1,001965958E10;325025
WINFUT;03/10/2023;11:30:00;153820,11;154007,58;153746,46;153960,72;5759113151,00;187124
WINFUT;03/10/2023;11:25:00;153913,85;154081,23;153759,85;153826,81;7715996422,00;250661
WINFUT;03/10/2023;11:20:00;153866,98;154128,10;153800,03;153913,85;8506608115,00;276229
WINFUT;03/10/2023;11:15:00;154328,96;154328,96;153726,38;153866,98;1,519506635E10;493410
WINFUT;03/10/2023;11:10:00;154014,28;154482,96;154014,28;154328,96;1,362630903E10;441506
WINFUT;03/10/2023;11:05:00;153933,93;154087,93;153786,64;154014,28;1,041598002E10;338318
WINFUT;03/10/2023;11:00:00;154482,96;154489,65;153873,68;153927,24;1,573639407E10;510659
WINFUT;03/10/2023;10:55:00;154476,26;154523,13;154375,83;154482,96;4015101495,00;129989
WINFUT;03/10/2023;10:50:00;154643,65;154690,51;154402,61;154476,26;7986829810,00;258380
WINFUT;03/10/2023;10:45:00;154670,43;154683,82;154429,39;154643,65;9128075195,00;295278
WINFUT;03/10/2023;10:40:00;154362,44;154697,21;154308,88;154663,73;1,145921371E10;370830
WINFUT;03/10/2023;10:35:00;154268,70;154429,39;154074,54;154362,44;1,022897202E10;331523
WINFUT;03/10/2023;10:30:00;154074,54;154308,88;154007,58;154268,70;1,155442461E10;374770
WINFUT;03/10/2023;10:25:00;154181,66;154255,31;154061,15;154081,23;4358433343,00;141357
WINFUT;03/10/2023;10:20:00;154201,75;154282,10;154047,76;154181,66;7352458910,00;238430
WINFUT;03/10/2023;10:15:00;153913,85;154215,14;153893,76;154208,45;1,023847466E10;332281
WINFUT;03/10/2023;10:10:00;154121,41;154174,97;153840,20;153907,15;8186560122,00;265795
WINFUT;03/10/2023;10:05:00;153960,72;154174,97;153927,24;154128,10;8379389923,00;271954
WINFUT;03/10/2023;10:00:00;153712,99;153974,11;153679,51;153967,41;6288266185,00;204371
WINFUT;03/10/2023;09:55:00;153733,07;153753,16;153646,03;153712,99;2929535779,00;95300
WINFUT;03/10/2023;09:50:00;153699,60;153793,33;153672,81;153733,07;2756486640,00;89655
WINFUT;03/10/2023;09:45:00;153719,68;153826,81;153692,90;153699,60;3898876673,00;126777
WINFUT;03/10/2023;09:40:00;153866,98;153873,68;153619,25;153719,68;4980202033,00;161976
WINFUT;03/10/2023;09:35:00;153873,68;153913,85;153746,46;153866,98;5237341543,00;170248
WINFUT;03/10/2023;09:30:00;153866,98;153967,41;153813,42;153880,37;5610482347,00;182295
WINFUT;03/10/2023;09:25:00;153659,42;153900,46;153632,64;153866,98;5916966798,00;192375
WINFUT;03/10/2023;09:20:00;153478,65;153672,81;153458,56;153666,12;4575560074,00;148933
WINFUT;03/10/2023;09:15:00;153619,25;153619,25;153405,00;153485,34;5006593843,00;163075
WINFUT;03/10/2023;09:10:00;153297,87;153625,95;153271,09;153612,56;6063847834,00;197538
WINFUT;03/10/2023;09:05:00;153445,17;153478,65;153264,39;153291,18;7666912484,00;249959
WINFUT;03/10/2023;09:00:00;153994,19;154000,89;153398,30;153445,17;9153936528,00;297986
WINFUT;02/10/2023;17:50:00;154784,25;154904,77;154770,86;154770,86;1344374311,00;43419
WINFUT;02/10/2023;17:45:00;154790,95;154811,03;154757,47;154784,25;1639007304,00;52946
WINFUT;02/10/2023;17:40:00;154784,25;154831,12;154770,86;154797,64;1667015281,00;53843
WINFUT;02/10/2023;17:35:00;154764,16;154817,73;154750,77;154790,95;1073362028,00;34672
WINFUT;02/10/2023;17:30:00;154790,95;154844,51;154750,77;154764,16;1941767691,00;62716
WINFUT;02/10/2023;17:25:00;154770,86;154824,42;154710,60;154797,64;2335605571,00;75450
WINFUT;02/10/2023;17:20:00;154744,08;154790,95;154737,38;154777,55;966416076,70;31221
WINFUT;02/10/2023;17:15:00;154717,30;154790,95;154703,91;154744,08;1401428814,00;45279
WINFUT;02/10/2023;17:10:00;154797,64;154844,51;154703,91;154717,30;2108189866,00;68110
WINFUT;02/10/2023;17:05:00;154831,12;154864,59;154757,47;154790,95;2387080130,00;77093
WINFUT;02/10/2023;17:00:00;154744,08;154851,20;154723,99;154837,81;3055921022,00;98712
WINFUT;02/10/2023;16:55:00;154877,99;154884,68;154703,91;154737,38;3525306127,00;113886
WINFUT;02/10/2023;16:50:00;154757,47;154884,68;154683,82;154877,99;5079940034,00;164078
WINFUT;02/10/2023;16:45:00;154737,38;154797,64;154690,51;154757,47;3430026627,00;110819
WINFUT;02/10/2023;16:40:00;154663,73;154764,16;154657,04;154744,08;2474269280,00;79959
WINFUT;02/10/2023;16:35:00;154697,21;154710,60;154610,17;154657,04;3001917657,00;97052
WINFUT;02/10/2023;16:30:00;154744,08;154757,47;154610,17;154690,51;5005598720,00;161803
WINFUT;02/10/2023;16:25:00;154790,95;154831,12;154697,21;154744,08;4290445915,00;138612
WINFUT;02/10/2023;16:20:00;154616,87;154790,95;154576,69;154790,95;4156534294,00;134337
WINFUT;02/10/2023;16:15:00;154570,00;154690,51;154556,61;154616,87;3435740539,00;111091
WINFUT;02/10/2023;16:10:00;154543,22;154670,43;154523,13;154576,69;4279704386,00;138404
WINFUT;02/10/2023;16:05:00;154509,74;154610,17;154509,74;154536,52;3415658431,00;110494
WINFUT;02/10/2023;16:00:00;154469,57;154563,30;154456,18;154516,43;4000913694,00;129464
WINFUT;02/10/2023;15:55:00;154402,61;154476,26;154382,53;154456,18;2703720738,00;87532
WINFUT;02/10/2023;15:50:00;154429,39;154456,18;154375,83;154402,61;2311734355,00;74852
WINFUT;02/10/2023;15:45:00;154489,65;154563,30;154302,18;154429,39;6562684606,00;212510
WINFUT;02/10/2023;15:40:00;154456,18;154549,91;154429,39;154496,35;3089416487,00;99986
WINFUT;02/10/2023;15:35:00;154529,82;154549,91;154422,70;154456,18;5518248751,00;178601
WINFUT;02/10/2023;15:30:00;154596,78;154657,04;154496,35;154529,82;6599033815,00;213456
WINFUT;02/10/2023;15:25:00;154703,91;154744,08;154570,00;154603,47;6298304874,00;203629
WINFUT;02/10/2023;15:20:00;154891,38;154898,07;154677,12;154703,91;4668686027,00;150838
WINFUT;02/10/2023;15:15:00;154985,11;154991,81;154777,55;154891,38;5051640026,00;163083
WINFUT;02/10/2023;15:10:00;154824,42;155052,07;154817,73;154985,11;4658636439,00;150305
WINFUT;02/10/2023;15:05:00;154831,12;154904,77;154784,25;154824,42;2988017263,00;96484
WINFUT;02/10/2023;15:00:00;154877,99;154911,46;154811,03;154837,81;3363963258,00;108617
WINFUT;02/10/2023;14:55:00;154965,03;155018,59;154864,59;154877,99;2616419606,00;84433
WINFUT;02/10/2023;14:50:00;154857,90;155025,28;154857,90;154965,03;3406697955,00;109929
WINFUT;02/10/2023;14:45:00;154951,63;154998,50;154844,51;154864,59;2711090336,00;87507
WINFUT;02/10/2023;14:40:00;154944,94;155011,89;154877,99;154958,33;2927935936,00;94482
WINFUT;02/10/2023;14:35:00;154985,11;155031,98;154938,24;154944,94;2056333563,00;66336
WINFUT;02/10/2023;14:30:00;155025,28;155078,85;154965,03;154985,11;2478447197,00;79941
WINFUT;02/10/2023;14:25:00;154951,63;155112,32;154938,24;155031,98;3361066915,00;108393
WINFUT;02/10/2023;14:20:00;154978,42;155005,20;154904,77;154944,94;1966093909,00;63441
WINFUT;02/10/2023;14:15:00;154784,25;155018,59;154770,86;154978,42;4563975574,00;147300
WINFUT;02/10/2023;14:10:00;154864,59;154877,99;154730,69;154790,95;3302214491,00;106671
WINFUT;02/10/2023;14:05:00;154931,55;154958,33;154837,81;154871,29;2534493399,00;81818
WINFUT;02/10/2023;14:00:00;154971,72;155011,89;154898,07;154931,55;2171676096,00;70071
WINFUT;02/10/2023;13:55:00;154985,11;155038,68;154918,16;154978,42;2496986336,00;80558
WINFUT;02/10/2023;13:50:00;154857,90;155072,15;154844,51;154985,11;4183202460,00;134964
WINFUT;02/10/2023;13:45:00;154871,29;154924,85;154811,03;154851,20;4074844357,00;131565
WINFUT;02/10/2023;13:40:00;154938,24;155011,89;154857,90;154864,59;2830076863,00;91339
WINFUT;02/10/2023;13:35:00;155045,37;155085,54;154884,68;154944,94;4170928030,00;134579
WINFUT;02/10/2023;13:30:00;155052,07;155119,02;154985,11;155045,37;3271475919,00;105499
WINFUT;02/10/2023;13:25:00;155078,85;155199,36;155018,59;155058,76;4040327975,00;130234
WINFUT;02/10/2023;13:20:00;155038,68;155145,80;155018,59;155078,85;3535552047,00;113988
WINFUT;02/10/2023;13:15:00;155058,76;155065,46;154971,72;155031,98;2470515900,00;79686
WINFUT;02/10/2023;13:10:00;154770,86;155065,46;154757,47;155052,07;4526975201,00;146098
WINFUT;02/10/2023;13:05:00;154790,95;154824,42;154737,38;154770,86;2099683375,00;67829
WINFUT;02/10/2023;13:00:00;154871,29;154891,38;154777,55;154797,64;2455405580,00;79295
WINFUT;02/10/2023;12:55:00;154717,30;154918,16;154697,21;154864,59;3723391531,00;120248
WINFUT;02/10/2023;12:50:00;154797,64;154851,20;154703,91;154717,30;3824295754,00;123543
WINFUT;02/10/2023;12:45:00;154944,94;154951,63;154697,21;154804,34;7417867708,00;239601
WINFUT;02/10/2023;12:40:00;155045,37;155058,76;154924,85;154938,24;3833010679,00;123658
WINFUT;02/10/2023;12:35:00;155132,41;155192,67;154991,81;155052,07;4527109601,00;145944
WINFUT;02/10/2023;12:30:00;155011,89;155165,89;154998,50;155125,72;3203634371,00;103289
WINFUT;02/10/2023;12:25:00;155132,41;155145,80;154978,42;155011,89;3312948379,00;106836
WINFUT;02/10/2023;12:20:00;155065,46;155185,97;155005,20;155125,72;4830270019,00;155712
WINFUT;02/10/2023;12:15:00;154944,94;155112,32;154924,85;155065,46;4053845212,00;130747
WINFUT;02/10/2023;12:10:00;154944,94;154998,50;154884,68;154944,94;3025230380,00;97624
WINFUT;02/10/2023;12:05:00;154944,94;155092,24;154898,07;154951,63;4512471886,00;145578
WINFUT;02/10/2023;12:00:00;154958,33;155165,89;154911,46;154951,63;6488753404,00;209265
WINFUT;02/10/2023;11:55:00;154944,94;155018,59;154837,81;154965,03;4355059116,00;140545
WINFUT;02/10/2023;11:50:00;154898,07;155045,37;154851,20;154944,94;5394767948,00;174084
WINFUT;02/10/2023;11:45:00;154951,63;155025,28;154831,12;154891,38;5734910064,00;185072
WINFUT;02/10/2023;11:40:00;155119,02;155165,89;154790,95;154951,63;9164804856,00;295753
WINFUT;02/10/2023;11:35:00;155346,66;155366,75;154985,11;155119,02;7265903371,00;234152
WINFUT;02/10/2023;11:30:00;155132,41;155353,36;155065,46;155339,97;9721995897,00;313225
WINFUT;02/10/2023;11:25:00;155554,22;155567,61;155119,02;155139,11;8567304999,00;275738
WINFUT;02/10/2023;11:20:00;155413,62;155567,61;155313,19;155560,92;6701589117,00;215568
WINFUT;02/10/2023;11:15:00;155380,14;155621,17;155299,80;155413,62;9592312020,00;308525
WINFUT;02/10/2023;11:10:00;155560,92;155641,26;155299,80;155380,14;9080860201,00;292068
WINFUT;02/10/2023;11:05:00;155828,73;155835,43;155500,66;155560,92;9007875096,00;289416
WINFUT;02/10/2023;11:00:00;155681,43;155935,86;155594,39;155828,73;1,126643817E10;361497
WINFUT;02/10/2023;10:55:00;155761,78;155822,04;155601,09;155681,43;6085719232,00;195428
WINFUT;02/10/2023;10:50:00;155741,69;155855,51;155493,96;155768,47;1,259216178E10;404509
WINFUT;02/10/2023;10:45:00;156270,63;156270,63;155681,43;155741,69;1,614344424E10;517526
WINFUT;02/10/2023;10:40:00;156525,05;156551,84;156257,24;156270,63;8932568969,00;285575
WINFUT;02/10/2023;10:35:00;156605,40;156786,17;156498,27;156531,75;7147395526,00;228176
WINFUT;02/10/2023;10:30:00;156819,65;156853,13;156518,36;156612,09;1,116727712E10;356371
WINFUT;02/10/2023;10:25:00;157013,82;157060,69;156759,39;156819,65;9882703774,00;314904
WINFUT;02/10/2023;10:20:00;156504,97;157067,38;156417,93;157007,12;1,163615259E10;371279
WINFUT;02/10/2023;10:15:00;156330,89;156511,66;156223,76;156504,97;8045964539,00;257257
WINFUT;02/10/2023;10:10:00;156337,58;156484,88;156243,85;156330,89;7641772721,00;244343
WINFUT;02/10/2023;10:05:00;156438,01;156451,40;156217,07;156344,28;7517013113,00;240445
WINFUT;02/10/2023;10:00:00;156705,83;156712,53;156384,45;156444,71;7690146745,00;245701
WINFUT;02/10/2023;09:55:00;156779,48;156779,48;156645,57;156712,53;4786605880,00;152724
WINFUT;02/10/2023;09:50:00;156846,43;156886,61;156732,61;156779,48;3903255015,00;124467
WINFUT;02/10/2023;09:45:00;156906,69;156933,47;156819,65;156846,43;2169587699,00;69153
WINFUT;02/10/2023;09:40:00;156839,74;156926,78;156792,87;156900,00;2756371781,00;87853
WINFUT;02/10/2023;09:35:00;156799,57;156886,61;156759,39;156839,74;3329719020,00;106164
WINFUT;02/10/2023;09:30:00;156779,48;156933,47;156766,09;156806,26;6223275263,00;198378
WINFUT;02/10/2023;09:25:00;156679,05;156779,48;156618,79;156779,48;2686966055,00;85741
WINFUT;02/10/2023;09:20:00;156725,92;156812,96;156592,01;156679,05;4922982104,00;157089
WINFUT;02/10/2023;09:15:00;156658,96;156725,92;156571,92;156725,92;3973273518,00;126817
WINFUT;02/10/2023;09:10:00;156431,32;156672,35;156417,93;156658,96;4085062031,00;130458
WINFUT;02/10/2023;09:05:00;156705,83;156719,22;156371,06;156431,32;4737918180,00;151355
WINFUT;02/10/2023;09:00:00;156672,35;156886,61;156578,62;156712,53;4081513989,00;130229
WINFUT;29/09/2023;17:50:00;157080,77;157194,59;156973,65;156973,65;1239417949,00;39450
WINFUT;29/09/2023;17:45:00;157114,25;157174,51;157020,51;157080,77;1768356430,00;56284
WINFUT;29/09/2023;17:40:00;157114,25;157134,34;157067,38;157107,55;1181548239,00;37604
WINFUT;29/09/2023;17:35:00;156993,73;157127,64;156987,04;157114,25;1898630258,00;60438
WINFUT;29/09/2023;17:30:00;157027,21;157033,90;156946,86;156987,04;1613706519,00;51396
WINFUT;29/09/2023;17:25:00;157060,69;157107,55;157007,12;157027,21;1545012701,00;49186
WINFUT;29/09/2023;17:20:00;157067,38;157147,73;157040,60;157060,69;2730457750,00;86904
WINFUT;29/09/2023;17:15:00;157080,77;157094,16;157033,90;157060,69;1454373622,00;46299
WINFUT;29/09/2023;17:10:00;156980,34;157094,16;156980,34;157080,77;2290929436,00;72947
WINFUT;29/09/2023;17:05:00;156980,34;157040,60;156940,17;156980,34;2889324912,00;92025
WINFUT;29/09/2023;17:00:00;156846,43;157053,99;156833,04;156987,04;4915923701,00;156606
WINFUT;29/09/2023;16:55:00;156866,52;156913,39;156725,92;156846,43;4841014852,00;154351
WINFUT;29/09/2023;16:50:00;156886,61;156987,04;156812,96;156873,21;5738945055,00;182890
WINFUT;29/09/2023;16:45:00;156665,66;156953,56;156638,88;156886,61;6034871562,00;192398
WINFUT;29/09/2023;16:40:00;156645,57;156752,70;156565,23;156672,35;4191990972,00;133796
WINFUT;29/09/2023;16:35:00;156565,23;156692,44;156538,44;156652,27;3529769086,00;112688
WINFUT;29/09/2023;16:30:00;156592,01;156732,61;156551,84;156565,23;4838758750,00;154448
WINFUT;29/09/2023;16:25:00;156504,97;156618,79;156451,40;156598,70;2893369255,00;92418
WINFUT;29/09/2023;16:20:00;156605,40;156605,40;156411,23;156511,66;3411454728,00;108999
WINFUT;29/09/2023;16:15:00;156545,14;156638,88;156491,58;156605,40;2997318690,00;95728
WINFUT;29/09/2023;16:10:00;156417,93;156712,53;156391,15;156551,84;6339387184,00;202466
WINFUT;29/09/2023;16:05:00;156411,23;156558,53;156404,54;156424,62;4420831822,00;141256
WINFUT;29/09/2023;16:00:00;156458,10;156504,97;156310,80;156404,54;4236933222,00;135430
WINFUT;29/09/2023;15:55:00;156310,80;156471,49;156284,02;156458,10;4440210340,00;141954
WINFUT;29/09/2023;15:50:00;156270,63;156330,89;156183,59;156304,11;3419642919,00;109418
WINFUT;29/09/2023;15:45:00;156411,23;156411,23;156223,76;156270,63;4639239952,00;148404
WINFUT;29/09/2023;15:40:00;156237,15;156484,88;156190,28;156404,54;5407329418,00;172932
WINFUT;29/09/2023;15:35:00;156170,20;156243,85;156056,38;156243,85;3498189823,00;112017
WINFUT;29/09/2023;15:30:00;156002,81;156196,98;155996,12;156170,20;3713599269,00;118940
WINFUT;29/09/2023;15:25:00;156237,15;156284,02;155982,73;156009,51;3973395880,00;127244
WINFUT;29/09/2023;15:20:00;156170,20;156284,02;156109,94;156237,15;3624217288,00;116008
WINFUT;29/09/2023;15:15:00;156243,85;156263,93;156143,42;156170,20;2501150542,00;80063
WINFUT;29/09/2023;15:10:00;156163,50;156257,24;156130,03;156243,85;2149270306,00;68798
WINFUT;29/09/2023;15:05:00;156136,72;156263,93;156063,07;156163,50;3918770071,00;125465
WINFUT;29/09/2023;15:00:00;155929,16;156183,59;155902,38;156130,03;5204871652,00;166779
WINFUT;29/09/2023;14:55:00;156029,59;156116,63;155882,30;155922,47;4564295530,00;146308
WINFUT;29/09/2023;14:50:00;156042,99;156203,67;155955,94;156029,59;7088808568,00;227118
WINFUT;29/09/2023;14:45:00;156250,54;156284,02;156002,81;156042,99;4265911934,00;136600
WINFUT;29/09/2023;14:40:00;156210,37;156317,50;156163,50;156257,24;3212160580,00;102791
WINFUT;29/09/2023;14:35:00;156324,19;156364,36;156190,28;156203,67;3011412086,00;96347
WINFUT;29/09/2023;14:30:00;156243,85;156371,06;156217,07;156324,19;3745966455,00;119827
WINFUT;29/09/2023;14:25:00;156150,11;156304,11;156143,42;156243,85;3273501349,00;104754
WINFUT;29/09/2023;14:20:00;156103,24;156243,85;156096,55;156143,42;3086822651,00;98823
WINFUT;29/09/2023;14:15:00;156116,63;156190,28;156036,29;156103,24;4021799946,00;128815
WINFUT;29/09/2023;14:10:00;156123,33;156203,67;156009,51;156116,63;4555625098,00;145918
WINFUT;29/09/2023;14:05:00;156277,32;156290,71;156096,55;156116,63;4661064227,00;149234
WINFUT;29/09/2023;14:00:00;156277,32;156330,89;156150,11;156270,63;4246471262,00;135892
WINFUT;29/09/2023;13:55:00;156257,24;156304,11;156183,59;156284,02;4032166296,00;129033
WINFUT;29/09/2023;13:50:00;156411,23;156478,19;156217,07;156257,24;5839136475,00;186760
WINFUT;29/09/2023;13:45:00;156464,80;156598,70;156364,36;156411,23;4165912753,00;133107
WINFUT;29/09/2023;13:40:00;156478,19;156558,53;156391,15;156458,10;2651876007,00;84743
WINFUT;29/09/2023;13:35:00;156424,62;156592,01;156417,93;156484,88;3170655370,00;101291
WINFUT;29/09/2023;13:30:00;156478,19;156545,14;156350,97;156424,62;3370179738,00;107715
WINFUT;29/09/2023;13:25:00;156525,05;156565,23;156451,40;156478,19;1759810109,00;56221
WINFUT;29/09/2023;13:20:00;156504,97;156565,23;156478,19;156525,05;2161313878,00;69038
WINFUT;29/09/2023;13:15:00;156391,15;156545,14;156344,28;156504,97;3841301659,00;122764
WINFUT;29/09/2023;13:10:00;156545,14;156592,01;156317,50;156391,15;4550021575,00;145418
WINFUT;29/09/2023;13:05:00;156451,40;156632,18;156424,62;156545,14;4195396427,00;133998
WINFUT;29/09/2023;13:00:00;156464,80;156491,58;156377,76;156458,10;2184835023,00;69830
WINFUT;29/09/2023;12:55:00;156444,71;156565,23;156391,15;156471,49;3982018416,00;127234
WINFUT;29/09/2023;12:50:00;156511,66;156592,01;156364,36;156444,71;4547488526,00;145316
WINFUT;29/09/2023;12:45:00;156525,05;156571,92;156431,32;156504,97;3935666929,00;125735
WINFUT;29/09/2023;12:40:00;156558,53;156592,01;156344,28;156518,36;6114381049,00;195391
WINFUT;29/09/2023;12:35:00;156705,83;156725,92;156458,10;156565,23;6865070851,00;219252
WINFUT;29/09/2023;12:30:00;156732,61;156839,74;156679,05;156699,13;4641427196,00;148043
WINFUT;29/09/2023;12:25:00;156973,65;157027,21;156705,83;156739,31;5518290465,00;175930
WINFUT;29/09/2023;12:20:00;156839,74;157013,82;156792,87;156973,65;4537704479,00;144599
WINFUT;29/09/2023;12:15:00;156933,47;156960,25;156833,04;156839,74;2622247331,00;83569
WINFUT;29/09/2023;12:10:00;156786,17;156987,04;156786,17;156940,17;4478595746,00;142713
WINFUT;29/09/2023;12:05:00;156853,13;156886,61;156752,70;156779,48;3177111498,00;101305
WINFUT;29/09/2023;12:00:00;156846,43;156940,17;156786,17;156853,13;4471425192,00;142524
WINFUT;29/09/2023;11:55:00;156839,74;156900,00;156752,70;156839,74;4305354320,00;137271
WINFUT;29/09/2023;11:50:00;156953,56;156973,65;156779,48;156839,74;6219289444,00;198229
WINFUT;29/09/2023;11:45:00;157094,16;157167,81;156940,17;156953,56;5433934574,00;173004
WINFUT;29/09/2023;11:40:00;156953,56;157134,34;156933,47;157100,86;4618879065,00;147050
WINFUT;29/09/2023;11:35:00;157000,43;157060,69;156886,61;156953,56;5668797561,00;180569
WINFUT;29/09/2023;11:30:00;156859,82;157060,69;156812,96;157007,12;6148806680,00;195921
WINFUT;29/09/2023;11:25:00;156665,66;156886,61;156592,01;156859,82;8593332109,00;274143
WINFUT;29/09/2023;11:20:00;156946,86;157013,82;156652,27;156672,35;6443297433,00;205440
WINFUT;29/09/2023;11:15:00;156933,47;157013,82;156833,04;156953,56;4881787985,00;155543
WINFUT;29/09/2023;11:10:00;156806,26;157027,21;156799,57;156933,47;8440155101,00;268938
WINFUT;29/09/2023;11:05:00;156866,52;156873,21;156625,48;156806,26;8653988356,00;276057
WINFUT;29/09/2023;11:00:00;157127,64;157167,81;156752,70;156866,52;1,076888849E10;343141
WINFUT;29/09/2023;10:55:00;157187,90;157315,11;157114,25;157134,34;6801670987,00;216304
WINFUT;29/09/2023;10:50:00;156906,69;157234,77;156873,21;157187,90;6883289915,00;219094
WINFUT;29/09/2023;10:45:00;156812,96;157100,86;156732,61;156906,69;9206503554,00;293281
WINFUT;29/09/2023;10:40:00;156906,69;156953,56;156712,53;156806,26;6578715769,00;209741
WINFUT;29/09/2023;10:35:00;156940,17;157000,43;156732,61;156913,39;8511408792,00;271335
WINFUT;29/09/2023;10:30:00;157107,55;157207,98;156879,91;156940,17;8283274063,00;263727
WINFUT;29/09/2023;10:25:00;156886,61;157194,59;156866,52;157114,25;7189073075,00;228862
WINFUT;29/09/2023;10:20:00;157120,94;157127,64;156826,35;156886,61;7821437631,00;249164
WINFUT;29/09/2023;10:15:00;157187,90;157187,90;156953,56;157114,25;6693244583,00;213068
WINFUT;29/09/2023;10:10:00;157428,93;157489,19;157074,08;157187,90;9409589953,00;299228
WINFUT;29/09/2023;10:05:00;157428,93;157495,89;157301,72;157428,93;4912490260,00;156054
WINFUT;29/09/2023;10:00:00;157549,45;157562,84;157335,20;157428,93;4828872953,00;153363
WINFUT;29/09/2023;09:55:00;157515,97;157629,79;157442,32;157549,45;3950313624,00;125386
WINFUT;29/09/2023;09:50:00;157556,15;157649,88;157489,19;157515,97;4351132596,00;138073
WINFUT;29/09/2023;09:45:00;157422,24;157643,19;157375,37;157562,84;6193735944,00;196594
WINFUT;29/09/2023;09:40:00;157321,81;157603,01;157315,11;157415,54;5933605457,00;188383
WINFUT;29/09/2023;09:35:00;157120,94;157428,93;157114,25;157321,81;6161368024,00;195872
WINFUT;29/09/2023;09:30:00;156973,65;157562,84;156900,00;157120,94;1,517526645E10;482249
WINFUT;29/09/2023;09:25:00;156886,61;157027,21;156846,43;156973,65;2755611223,00;87793
WINFUT;29/09/2023;09:20:00;156886,61;157007,12;156806,26;156886,61;3454586520,00;110088
WINFUT;29/09/2023;09:15:00;156819,65;156946,86;156786,17;156886,61;3690811968,00;117645
WINFUT;29/09/2023;09:10:00;156833,04;157147,73;156799,57;156819,65;7030801926,00;223934
WINFUT;29/09/2023;09:05:00;156987,04;157074,08;156806,26;156826,35;6084277091,00;193840
WINFUT;29/09/2023;09:00:00;156625,48;157000,43;156571,92;156987,04;7077593877,00;225696
WINFUT;28/09/2023;17:50:00;156069,77;156096,55;155909,08;156096,55;1416293991,00;45385
WINFUT;28/09/2023;17:45:00;155915,77;156096,55;155915,77;156069,77;1933892816,00;61979
WINFUT;28/09/2023;17:40:00;155915,77;155929,16;155842,12;155915,77;1288621457,00;41332
WINFUT;28/09/2023;17:35:00;155822,04;155935,86;155815,34;155915,77;1716535152,00;55057
WINFUT;28/09/2023;17:30:00;155775,17;155842,12;155741,69;155822,04;1351704183,00;43382
WINFUT;28/09/2023;17:25:00;155915,77;155929,16;155735,00;155775,17;2277130051,00;73072
WINFUT;28/09/2023;17:20:00;155955,94;155962,64;155888,99;155915,77;945076526,60;30306
WINFUT;28/09/2023;17:15:00;155922,47;155962,64;155875,60;155962,64;1311901416,00;42070
WINFUT;28/09/2023;17:10:00;155915,77;155982,73;155842,12;155915,77;2574064923,00;82547
WINFUT;28/09/2023;17:05:00;155895,69;155942,55;155842,12;155922,47;2516868569,00;80725
WINFUT;28/09/2023;17:00:00;155848,82;155902,38;155801,95;155895,69;2815094950,00;90312
WINFUT;28/09/2023;16:55:00;155708,22;155868,90;155681,43;155855,51;3610102517,00;115869
WINFUT;28/09/2023;16:50:00;155755,08;155795,26;155654,65;155708,22;4217233800,00;135408
WINFUT;28/09/2023;16:45:00;155761,78;155942,55;155681,43;155748,39;5795193123,00;185993
WINFUT;28/09/2023;16:40:00;155775,17;155788,56;155621,17;155775,17;4774366307,00;153317
WINFUT;28/09/2023;16:35:00;155855,51;156016,20;155701,52;155768,47;6563517866,00;210565
WINFUT;28/09/2023;16:30:00;156130,03;156156,81;155835,43;155855,51;7173428425,00;229947
WINFUT;28/09/2023;16:25:00;155915,77;156163,50;155909,08;156123,33;6481115427,00;207678
WINFUT;28/09/2023;16:20:00;155768,47;155962,64;155681,43;155915,77;5967676188,00;191494
WINFUT;28/09/2023;16:15:00;155607,78;155828,73;155587,70;155775,17;6553787140,00;210463
WINFUT;28/09/2023;16:10:00;155547,53;155634,57;155500,66;155614,48;3019742654,00;97061
WINFUT;28/09/2023;16:05:00;155540,83;155594,39;155487,27;155540,83;3277707189,00;105363
WINFUT;28/09/2023;16:00:00;155380,14;155574,31;155366,75;155540,83;4684933905,00;150652
WINFUT;28/09/2023;15:55:00;155353,36;155386,84;155252,93;155373,45;2342817570,00;75415
WINFUT;28/09/2023;15:50:00;155339,97;155427,01;155252,93;155353,36;3373434538,00;108585
WINFUT;28/09/2023;15:45:00;155433,70;155460,49;155293,10;155339,97;3055304038,00;98315
WINFUT;28/09/2023;15:40:00;155293,10;155453,79;155286,40;155433,70;3309269000,00;106496
WINFUT;28/09/2023;15:35:00;155286,40;155346,66;155185,97;155293,10;4015718447,00;129316
WINFUT;28/09/2023;15:30:00;155373,45;155514,05;155273,01;155286,40;4342248774,00;139717
WINFUT;28/09/2023;15:25:00;155433,70;155433,70;155299,80;155373,45;3857870070,00;124156
WINFUT;28/09/2023;15:20:00;155420,31;155480,57;155366,75;155433,70;2520884366,00;81095
WINFUT;28/09/2023;15:15:00;155427,01;155460,49;155366,75;155427,01;1977413055,00;63616
WINFUT;28/09/2023;15:10:00;155400,23;155427,01;155333,27;155427,01;2352062742,00;75686
WINFUT;28/09/2023;15:05:00;155286,40;155447,09;155273,01;155400,23;3257021547,00;104804
WINFUT;28/09/2023;15:00:00;155406,92;155427,01;155206,06;155293,10;5459594747,00;175768
WINFUT;28/09/2023;14:55:00;155299,80;155420,31;155246,23;155413,62;3420429078,00;110097
WINFUT;28/09/2023;14:50:00;155306,49;155339,97;155266,32;155299,80;2000121855,00;64395
WINFUT;28/09/2023;14:45:00;155125,72;155346,66;155112,32;155306,49;3992063472,00;128559
WINFUT;28/09/2023;14:40:00;155212,76;155246,23;155085,54;155119,02;3562306908,00;114800
WINFUT;28/09/2023;14:35:00;155185,97;155306,49;155185,97;155219,45;3103475171,00;99948
WINFUT;28/09/2023;14:30:00;155353,36;155366,75;155172,58;155192,67;4256765695,00;137090
WINFUT;28/09/2023;14:25:00;155447,09;155453,79;155286,40;155353,36;3517059255,00;113189
WINFUT;28/09/2023;14:20:00;155400,23;155514,05;155360,05;155447,09;3435373107,00;110502
WINFUT;28/09/2023;14:15:00;155386,84;155420,31;155319,88;155393,53;2295741391,00;73881
WINFUT;28/09/2023;14:10:00;155487,27;155514,05;155353,36;155380,14;3359539794,00;108074
WINFUT;28/09/2023;14:05:00;155380,14;155527,44;155299,80;155493,96;4199517133,00;135098
WINFUT;28/09/2023;14:00:00;155433,70;155493,96;155353,36;155380,14;3465147652,00;111477
WINFUT;28/09/2023;13:55:00;155306,49;155480,57;155239,54;155433,70;4876292015,00;156932
WINFUT;28/09/2023;13:50:00;155440,40;155527,44;155293,10;155306,49;3879859078,00;124820
WINFUT;28/09/2023;13:45:00;155621,17;155661,35;155406,92;155440,40;3873369732,00;124529
WINFUT;28/09/2023;13:40:00;155480,57;155647,96;155467,18;155621,17;3109170195,00;99929
WINFUT;28/09/2023;13:35:00;155621,17;155627,87;155467,18;155480,57;2980900644,00;95833
WINFUT;28/09/2023;13:30:00;155681,43;155681,43;155581,00;155614,48;2528609523,00;81243
WINFUT;28/09/2023;13:25:00;155500,66;155728,30;155493,96;155674,74;4429546463,00;142298
WINFUT;28/09/2023;13:20:00;155587,70;155634,57;155467,18;155500,66;3033222783,00;97508
WINFUT;28/09/2023;13:15:00;155601,09;155661,35;155520,74;155587,70;3252139439,00;104505
WINFUT;28/09/2023;13:10:00;155520,74;155634,57;155467,18;155601,09;4706492737,00;151286
WINFUT;28/09/2023;13:05:00;155453,79;155527,44;155353,36;155514,05;3475276337,00;111791
WINFUT;28/09/2023;13:00:00;155460,49;155547,53;155353,36;155453,79;4928043254,00;158499
WINFUT;28/09/2023;12:55:00;155514,05;155520,74;155353,36;155453,79;4300915546,00;138345
WINFUT;28/09/2023;12:50:00;155306,49;155520,74;155293,10;155514,05;5755025653,00;185146
WINFUT;28/09/2023;12:45:00;155420,31;155453,79;155239,54;155313,19;4109236831,00;132253
WINFUT;28/09/2023;12:40:00;155098,93;155453,79;155085,54;155427,01;5725314398,00;184315
WINFUT;28/09/2023;12:35:00;155293,10;155299,80;155085,54;155092,24;4493656397,00;144774
WINFUT;28/09/2023;12:30:00;155112,32;155326,58;155058,76;155286,40;5697641484,00;183529
WINFUT;28/09/2023;12:25:00;154991,81;155192,67;154971,72;155112,32;4947572260,00;159503
WINFUT;28/09/2023;12:20:00;154965,03;154998,50;154857,90;154991,81;4955208099,00;159925
WINFUT;28/09/2023;12:15:00;155058,76;155105,63;154944,94;154958,33;3658628618,00;118015
WINFUT;28/09/2023;12:10:00;155092,24;155112,32;154938,24;155058,76;4276531833,00;137923
WINFUT;28/09/2023;12:05:00;155045,37;155273,01;154985,11;155092,24;7206620784,00;232280
WINFUT;28/09/2023;12:00:00;155199,36;155212,76;154998,50;155052,07;5305245711,00;171047
WINFUT;28/09/2023;11:55:00;155052,07;155226,15;154965,03;155206,06;5384478786,00;173606
WINFUT;28/09/2023;11:50:00;155098,93;155192,67;154991,81;155052,07;6633229764,00;213854
WINFUT;28/09/2023;11:45:00;154877,99;155132,41;154811,03;155092,24;6909124841,00;222879
WINFUT;28/09/2023;11:40:00;154764,16;154924,85;154663,73;154884,68;5540402374,00;178971
WINFUT;28/09/2023;11:35:00;154596,78;154851,20;154523,13;154770,86;7524616373,00;243232
WINFUT;28/09/2023;11:30:00;154924,85;154951,63;154556,61;154596,78;9109248188,00;294419
WINFUT;28/09/2023;11:25:00;154924,85;155058,76;154844,51;154918,16;5769937887,00;186183
WINFUT;28/09/2023;11:20:00;154784,25;154998,50;154784,25;154918,16;5969174444,00;192684
WINFUT;28/09/2023;11:15:00;154770,86;155011,89;154576,69;154784,25;1,347099336E10;435102
WINFUT;28/09/2023;11:10:00;154690,51;154844,51;154610,17;154770,86;8972384096,00;289957
WINFUT;28/09/2023;11:05:00;154596,78;154764,16;154449,48;154697,21;1,034756845E10;334627
WINFUT;28/09/2023;11:00:00;154422,70;154657,04;154328,96;154590,08;9839951457,00;318331
WINFUT;28/09/2023;10:55:00;154081,23;154442,78;154034,37;154422,70;8881289521,00;287923
WINFUT;28/09/2023;10:50:00;153712,99;154168,27;153692,90;154074,54;7731929204,00;251086
WINFUT;28/09/2023;10:45:00;153813,42;153940,63;153646,03;153706,29;7209499436,00;234393
WINFUT;28/09/2023;10:40:00;153987,50;154114,71;153699,60;153820,11;9555957855,00;310431
WINFUT;28/09/2023;10:35:00;154027,67;154061,15;153712,99;153994,19;8417796921,00;273509
WINFUT;28/09/2023;10:30:00;153920,54;154061,15;153632,64;154020,97;1,171916558E10;380882
WINFUT;28/09/2023;10:25:00;154007,58;154047,76;153840,20;153913,85;4891151685,00;158867
WINFUT;28/09/2023;10:20:00;154154,88;154168,27;153900,46;154007,58;6526141764,00;211874
WINFUT;28/09/2023;10:15:00;153967,41;154255,31;153893,76;154154,88;8577311975,00;278343
WINFUT;28/09/2023;10:10:00;153860,28;154081,23;153813,42;153967,41;8434778537,00;273948
WINFUT;28/09/2023;10:05:00;153880,37;154101,32;153826,81;153853,59;8511635624,00;276403
WINFUT;28/09/2023;10:00:00;153779,94;153913,85;153679,51;153880,37;5372002397,00;174634
WINFUT;28/09/2023;09:55:00;153779,94;153947,33;153686,20;153773,24;5654031578,00;183778
WINFUT;28/09/2023;09:50:00;153820,11;153860,28;153585,77;153773,24;8209002582,00;267029
WINFUT;28/09/2023;09:45:00;154094,62;154121,41;153692,90;153820,11;8852882619,00;287634
WINFUT;28/09/2023;09:40:00;154422,70;154436,09;154094,62;154094,62;6406105032,00;207675
WINFUT;28/09/2023;09:35:00;154402,61;154623,56;154322,27;154422,70;9458968134,00;306187
WINFUT;28/09/2023;09:30:00;153699,60;154536,52;153672,81;154402,61;1,39838152E10;453669
WINFUT;28/09/2023;09:25:00;153826,81;153860,28;153672,81;153692,90;3669562321,00;119334
WINFUT;28/09/2023;09:20:00;154041,06;154041,06;153806,72;153833,50;3400173520,00;110453
WINFUT;28/09/2023;09:15:00;153826,81;154054,45;153786,64;154034,37;3311072904,00;107550
WINFUT;28/09/2023;09:10:00;153773,24;153933,93;153766,55;153833,50;2688617872,00;87377
WINFUT;28/09/2023;09:05:00;153947,33;154094,62;153773,24;153773,24;4870443709,00;158219
WINFUT;28/09/2023;09:00:00;153994,19;154174,97;153625,95;153933,93;7985290147,00;259485
WINFUT;27/09/2023;17:50:00;153907,15;153960,72;153860,28;153954,02;880075708,20;28589
WINFUT;27/09/2023;17:45:00;153933,93;153974,11;153880,37;153913,85;1390147127,00;45155
WINFUT;27/09/2023;17:40:00;153873,68;153960,72;153860,28;153933,93;1468456826,00;47704
WINFUT;27/09/2023;17:35:00;153873,68;153940,63;153813,42;153873,68;2103264665,00;68339
WINFUT;27/09/2023;17:30:00;153672,81;153887,07;153659,42;153866,98;2386114991,00;77579
WINFUT;27/09/2023;17:25:00;153726,38;153746,46;153639,34;153679,51;1285647388,00;41826
WINFUT;27/09/2023;17:20:00;153686,20;153766,55;153652,73;153733,07;1484627982,00;48288
WINFUT;27/09/2023;17:15:00;153793,33;153826,81;153659,42;153692,90;2179203965,00;70876
WINFUT;27/09/2023;17:10:00;153833,50;153860,28;153753,16;153786,64;1865819394,00;60661
WINFUT;27/09/2023;17:05:00;153779,94;153907,15;153746,46;153833,50;3524645593,00;114568
WINFUT;27/09/2023;17:00:00;153733,07;153779,94;153612,56;153779,94;3405210399,00;110778
WINFUT;27/09/2023;16:55:00;153646,03;153746,46;153525,51;153733,07;3887264184,00;126514
WINFUT;27/09/2023;16:50:00;153425,08;153652,73;153398,30;153652,73;5378626212,00;175134
WINFUT;27/09/2023;16:45:00;153297,87;153451,87;153257,70;153425,08;3537322642,00;115311
WINFUT;27/09/2023;16:40:00;153371,52;153391,61;153230,92;153297,87;3234979453,00;105513
WINFUT;27/09/2023;16:35:00;153371,52;153431,78;153224,22;153371,52;4552946974,00;148466
WINFUT;27/09/2023;16:30:00;153558,99;153565,69;153284,48;153378,22;5593751412,00;182343
WINFUT;27/09/2023;16:25:00;153692,90;153706,29;153498,73;153552,30;3964994119,00;129060
WINFUT;27/09/2023;16:20:00;153538,91;153753,16;153532,21;153692,90;3944783024,00;128372
WINFUT;27/09/2023;16:15:00;153659,42;153672,81;153458,56;153532,21;4592866676,00;149549
WINFUT;27/09/2023;16:10:00;153739,77;153933,93;153639,34;153666,12;6274713936,00;203987
WINFUT;27/09/2023;16:05:00;153605,86;153806,72;153585,77;153739,77;5270449536,00;171439
WINFUT;27/09/2023;16:00:00;153411,69;153632,64;153391,61;153599,16;4553112075,00;148296
WINFUT;27/09/2023;15:55:00;153384,91;153478,65;153364,83;153411,69;2960712489,00;96491
WINFUT;27/09/2023;15:50:00;153451,87;153451,87;153311,26;153384,91;4742340217,00;154610
WINFUT;27/09/2023;15:45:00;153471,95;153625,95;153425,08;153445,17;5512269076,00;179530
WINFUT;27/09/2023;15:40:00;153659,42;153672,81;153351,43;153471,95;7365333911,00;239937
WINFUT;27/09/2023;15:35:00;153364,83;153686,20;153351,43;153659,42;8297374909,00;270314
WINFUT;27/09/2023;15:30:00;153009,97;153384,91;152989,88;153358,13;7929921818,00;258812
WINFUT;27/09/2023;15:25:00;152722,07;153009,97;152635,03;153009,97;5316887588,00;173966
WINFUT;27/09/2023;15:20:00;152755,54;152795,72;152635,03;152722,07;5138001520,00;168224
WINFUT;27/09/2023;15:15:00;152695,29;152956,41;152688,59;152755,54;5955795836,00;194836
WINFUT;27/09/2023;15:10:00;152876,06;152889,45;152675,20;152695,29;6040153663,00;197711
WINFUT;27/09/2023;15:05:00;152963,10;153070,23;152795,72;152882,76;5561104283,00;181820
WINFUT;27/09/2023;15:00:00;152916,23;153030,06;152849,28;152963,10;5352257745,00;174996
WINFUT;27/09/2023;14:55:00;153076,92;153130,49;152902,84;152916,23;5174299066,00;169086
WINFUT;27/09/2023;14:50:00;152896,15;153137,18;152882,76;153076,92;5046006115,00;164848
WINFUT;27/09/2023;14:45:00;152989,88;153043,45;152742,15;152902,84;6500073034,00;212600
WINFUT;27/09/2023;14:40:00;153083,62;153090,31;152896,15;152989,88;3733820395,00;122031
WINFUT;27/09/2023;14:35:00;153036,75;153103,70;152909,54;153076,92;4746160927,00;155095
WINFUT;27/09/2023;14:30:00;152835,89;153056,84;152762,24;153043,45;6355393569,00;207808
WINFUT;27/09/2023;14:25:00;153130,49;153170,66;152829,19;152842,58;6627010404,00;216555
WINFUT;27/09/2023;14:20:00;153418,39;153431,78;152909,54;153123,79;1,415344438E10;462209
WINFUT;27/09/2023;14:15:00;153552,30;153612,56;153411,69;153425,08;5454360283,00;177646
WINFUT;27/09/2023;14:10:00;153820,11;153826,81;153518,82;153558,99;6375797281,00;207467
WINFUT;27/09/2023;14:05:00;153759,85;153840,20;153639,34;153820,11;4447028740,00;144647
WINFUT;27/09/2023;14:00:00;153739,77;153840,20;153686,20;153766,55;4481382226,00;145719
WINFUT;27/09/2023;13:55:00;153873,68;153900,46;153679,51;153739,77;4993306481,00;162343
WINFUT;27/09/2023;13:50:00;153994,19;154034,37;153866,98;153873,68;3195379053,00;103777
WINFUT;27/09/2023;13:45:00;153960,72;154067,84;153920,54;153987,50;3327536595,00;108042
WINFUT;27/09/2023;13:40:00;153927,24;153974,11;153813,42;153967,41;3386342652,00;110024
WINFUT;27/09/2023;13:35:00;153860,28;153954,02;153820,11;153927,24;3355975531,00;109037
WINFUT;27/09/2023;13:30:00;153753,16;153873,68;153706,29;153853,59;4227672563,00;137453
WINFUT;27/09/2023;13:25:00;153786,64;153833,50;153746,46;153753,16;2388159917,00;77642
WINFUT;27/09/2023;13:20:00;153860,28;153873,68;153759,85;153793,33;3078515133,00;100081
WINFUT;27/09/2023;13:15:00;153826,81;153880,37;153800,03;153853,59;2433242330,00;79082
WINFUT;27/09/2023;13:10:00;153947,33;153980,80;153820,11;153826,81;2678355683,00;87017
WINFUT;27/09/2023;13:05:00;153893,76;153960,72;153833,50;153940,63;3849955210,00;125082
WINFUT;27/09/2023;13:00:00;153933,93;154007,58;153860,28;153893,76;3033619831,00;98539
WINFUT;27/09/2023;12:55:00;153967,41;154061,15;153893,76;153933,93;3020738597,00;98098
WINFUT;27/09/2023;12:50:00;153974,11;154061,15;153947,33;153967,41;3344611770,00;108589
WINFUT;27/09/2023;12:45:00;153954,02;154074,54;153880,37;153974,11;5073949824,00;164776
WINFUT;27/09/2023;12:40:00;154141,49;154195,05;153947,33;153954,02;5441184707,00;176574
WINFUT;27/09/2023;12:35:00;154282,10;154362,44;154134,80;154141,49;3203999910,00;103854
WINFUT;27/09/2023;12:30:00;154375,83;154416,00;154235,23;154275,40;3519511200,00;114035
WINFUT;27/09/2023;12:25:00;154174,97;154375,83;154121,41;154375,83;3757675035,00;121797
WINFUT;27/09/2023;12:20:00;154241,92;154268,70;154000,89;154168,27;6531346587,00;211864
WINFUT;27/09/2023;12:15:00;154389,22;154389,22;154228,53;154241,92;3153089417,00;102179
WINFUT;27/09/2023;12:10:00;154375,83;154422,70;154268,70;154389,22;3122616339,00;101150
WINFUT;27/09/2023;12:05:00;154335,66;154416,00;154201,75;154375,83;4273016557,00;138447
WINFUT;27/09/2023;12:00:00;154228,53;154375,83;154201,75;154335,66;4037138385,00;130809
WINFUT;27/09/2023;11:55:00;154121,41;154282,10;154027,67;154221,84;6333613808,00;205444
WINFUT;27/09/2023;11:50:00;154422,70;154442,78;154114,71;154121,41;6650251448,00;215557
WINFUT;27/09/2023;11:45:00;154509,74;154529,82;154369,14;154416,00;4349455977,00;140810
WINFUT;27/09/2023;11:40:00;154482,96;154523,13;154416,00;154503,04;3850717770,00;124641
WINFUT;27/09/2023;11:35:00;154549,91;154683,82;154476,26;154476,26;6003106966,00;194161
WINFUT;27/09/2023;11:30:00;154549,91;154590,08;154456,18;154556,61;5192196586,00;168012
WINFUT;27/09/2023;11:25:00;154422,70;154616,87;154389,22;154543,22;7353594859,00;237931
WINFUT;27/09/2023;11:20:00;154208,45;154449,48;154161,58;154422,70;6158213185,00;199544
WINFUT;27/09/2023;11:15:00;154128,10;154268,70;154087,93;154201,75;6340299101,00;205593
WINFUT;27/09/2023;11:10:00;154570,00;154616,87;154087,93;154128,10;1,178053972E10;381669
WINFUT;27/09/2023;11:05:00;154717,30;154757,47;154482,96;154576,69;6517517466,00;210791
WINFUT;27/09/2023;11:00:00;154697,21;154811,03;154570,00;154717,30;7366040662,00;238106
WINFUT;27/09/2023;10:55:00;154657,04;154864,59;154630,26;154703,91;6184086469,00;199803
WINFUT;27/09/2023;10:50:00;154884,68;154971,72;154630,26;154650,34;8254779791,00;266647
WINFUT;27/09/2023;10:45:00;155078,85;155085,54;154764,16;154884,68;7491115159,00;241806
WINFUT;27/09/2023;10:40:00;154857,90;155092,24;154764,16;155078,85;7724034846,00;249312
WINFUT;27/09/2023;10:35:00;155112,32;155239,54;154744,08;154857,90;1,10679278E10;357125
WINFUT;27/09/2023;10:30:00;155098,93;155239,54;154938,24;155119,02;8519540962,00;274665
WINFUT;27/09/2023;10:25:00;155259,62;155326,58;155092,24;155098,93;6128458128,00;197417
WINFUT;27/09/2023;10:20:00;155219,45;155326,58;155152,50;155259,62;7983086629,00;257117
WINFUT;27/09/2023;10:15:00;154944,94;155232,84;154871,29;155226,15;9428553196,00;303966
WINFUT;27/09/2023;10:10:00;154985,11;155025,28;154864,59;154944,94;6665552141,00;215082
WINFUT;27/09/2023;10:05:00;154690,51;155025,28;154616,87;154985,11;9222236186,00;297858
WINFUT;27/09/2023;10:00:00;154764,16;154911,46;154643,65;154690,51;1,003693939E10;324247
WINFUT;27/09/2023;09:55:00;154603,47;154777,55;154596,78;154770,86;5094665010,00;164666
WINFUT;27/09/2023;09:50:00;154603,47;154697,21;154590,08;154603,47;2722652843,00;88032
WINFUT;27/09/2023;09:45:00;154623,56;154663,73;154576,69;154603,47;2859416373,00;92464
WINFUT;27/09/2023;09:40:00;154590,08;154657,04;154509,74;154616,87;3678435824,00;118973
WINFUT;27/09/2023;09:35:00;154476,26;154636,95;154456,18;154583,39;4091833425,00;132371
WINFUT;27/09/2023;09:30:00;154429,39;154509,74;154315,57;154476,26;4255306491,00;137779
WINFUT;27/09/2023;09:25:00;154416,00;154442,78;154335,66;154429,39;2180345072,00;70613
WINFUT;27/09/2023;09:20:00;154449,48;154556,61;154335,66;154416,00;3756611341,00;121620
WINFUT;27/09/2023;09:15:00;154422,70;154529,82;154375,83;154442,78;4213992932,00;136419
WINFUT;27/09/2023;09:10:00;154603,47;154670,43;154409,31;154422,70;4189445515,00;135556
WINFUT;27/09/2023;09:05:00;154536,52;154703,91;154469,57;154610,17;4245747835,00;137307
WINFUT;27/09/2023;09:00:00;154529,82;154643,65;154389,22;154529,82;4992967851,00;161584
WINFUT;26/09/2023;17:50:00;153672,81;153846,89;153659,42;153733,07;1740159197,00;56601
WINFUT;26/09/2023;17:45:00;153746,46;153759,85;153572,38;153679,51;3473450731,00;113020
WINFUT;26/09/2023;17:40:00;153773,24;153853,59;153746,46;153746,46;1837453667,00;59737
WINFUT;26/09/2023;17:35:00;153853,59;153860,28;153712,99;153766,55;2640737302,00;85863
WINFUT;26/09/2023;17:30:00;153860,28;153920,54;153813,42;153853,59;1867113260,00;60674
WINFUT;26/09/2023;17:25:00;153840,20;153866,98;153786,64;153853,59;1719647093,00;55894
WINFUT;26/09/2023;17:20:00;153826,81;153913,85;153820,11;153840,20;1725437369,00;56070
WINFUT;26/09/2023;17:15:00;153820,11;153887,07;153779,94;153826,81;2152234791,00;69950
WINFUT;26/09/2023;17:10:00;153880,37;153887,07;153793,33;153826,81;2291025398,00;74462
WINFUT;26/09/2023;17:05:00;153980,80;154000,89;153833,50;153880,37;3621699638,00;117663
WINFUT;26/09/2023;17:00:00;153960,72;154034,37;153947,33;153974,11;2952055138,00;95852
WINFUT;26/09/2023;16:55:00;153900,46;154047,76;153880,37;153954,02;4026411682,00;130755
WINFUT;26/09/2023;16:50:00;153860,28;153960,72;153826,81;153893,76;3817294144,00;124017
WINFUT;26/09/2023;16:45:00;153940,63;153960,72;153860,28;153860,28;2658938272,00;86374
WINFUT;26/09/2023;16:40:00;153954,02;153987,50;153893,76;153933,93;3190437599,00;103620
WINFUT;26/09/2023;16:35:00;153840,20;153974,11;153766,55;153954,02;5258881078,00;170886
WINFUT;26/09/2023;16:30:00;153893,76;153987,50;153840,20;153846,89;4227620468,00;137324
WINFUT;26/09/2023;16:25:00;153846,89;153933,93;153813,42;153887,07;4508546475,00;146505
WINFUT;26/09/2023;16:20:00;154000,89;154000,89;153806,72;153840,20;7512758271,00;244107
WINFUT;26/09/2023;16:15:00;154114,71;154161,58;153947,33;154000,89;6638270183,00;215451
WINFUT;26/09/2023;16:10:00;154221,84;154308,88;154087,93;154114,71;4746454645,00;153882
WINFUT;26/09/2023;16:05:00;154168,27;154248,62;154134,80;154228,53;3715168827,00;120467
WINFUT;26/09/2023;16:00:00;154228,53;154268,70;154148,19;154168,27;3324802539,00;107802
WINFUT;26/09/2023;15:55:00;154174,97;154228,53;154114,71;154228,53;3698998436,00;119965
WINFUT;26/09/2023;15:50:00;154248,62;154362,44;154168,27;154181,66;4989144914,00;161698
WINFUT;26/09/2023;15:45:00;154248,62;154282,10;154174,97;154248,62;4698168624,00;152315
WINFUT;26/09/2023;15:40:00;154268,70;154362,44;154228,53;154248,62;3285271785,00;106459
WINFUT;26/09/2023;15:35:00;154328,96;154375,83;154248,62;154268,70;3573989745,00;115809
WINFUT;26/09/2023;15:30:00;154349,05;154389,22;154302,18;154328,96;3225513302,00;104494
WINFUT;26/09/2023;15:25:00;154395,92;154416,00;154315,57;154349,05;2529057360,00;81919
WINFUT;26/09/2023;15:20:00;154402,61;154456,18;154362,44;154395,92;3123725127,00;101158
WINFUT;26/09/2023;15:15:00;154416,00;154476,26;154375,83;154409,31;2265796578,00;73361
WINFUT;26/09/2023;15:10:00;154496,35;154556,61;154355,74;154416,00;5125367243,00;165928
WINFUT;26/09/2023;15:05:00;154476,26;154523,13;154422,70;154496,35;2629172389,00;85105
WINFUT;26/09/2023;15:00:00;154482,96;154529,82;154416,00;154469,57;3198369442,00;103527
WINFUT;26/09/2023;14:55:00;154429,39;154536,52;154382,53;154482,96;4632973014,00;149961
WINFUT;26/09/2023;14:50:00;154282,10;154469,57;154241,92;154429,39;6831646910,00;221273
WINFUT;26/09/2023;14:45:00;154208,45;154342,35;154161,58;154282,10;4381163708,00;142005
WINFUT;26/09/2023;14:40:00;154101,32;154228,53;154087,93;154208,45;4484193620,00;145436
WINFUT;26/09/2023;14:35:00;154241,92;154241,92;154014,28;154094,62;8947083375,00;290254
WINFUT;26/09/2023;14:30:00;154282,10;154322,27;154195,05;154241,92;4959860170,00;160762
WINFUT;26/09/2023;14:25:00;154382,53;154402,61;154221,84;154282,10;5535743264,00;179376
WINFUT;26/09/2023;14:20:00;154436,09;154482,96;154375,83;154375,83;2959318749,00;95817
WINFUT;26/09/2023;14:15:00;154503,04;154543,22;154389,22;154436,09;4520636049,00;146334
WINFUT;26/09/2023;14:10:00;154382,53;154556,61;154322,27;154496,35;5768857065,00;186736
WINFUT;26/09/2023;14:05:00;154556,61;154570,00;154262,01;154382,53;1,06154616E10;343757
WINFUT;26/09/2023;14:00:00;154750,77;154764,16;154536,52;154563,30;7203828840,00;232948
WINFUT;26/09/2023;13:55:00;154811,03;154831,12;154730,69;154750,77;1977127692,00;63867
WINFUT;26/09/2023;13:50:00;154723,99;154837,81;154703,91;154811,03;2903735572,00;93806
WINFUT;26/09/2023;13:45:00;154851,20;154871,29;154703,91;154717,30;3512844795,00;113468
WINFUT;26/09/2023;13:40:00;154797,64;154898,07;154797,64;154857,90;2401155253,00;77530
WINFUT;26/09/2023;13:35:00;154723,99;154857,90;154703,91;154797,64;4497925703,00;145291
WINFUT;26/09/2023;13:30:00;154864,59;154864,59;154690,51;154717,30;4820328949,00;155738
WINFUT;26/09/2023;13:25:00;154944,94;154951,63;154837,81;154864,59;2374124878,00;76644
WINFUT;26/09/2023;13:20:00;154857,90;154965,03;154817,73;154938,24;3154594575,00;101830
WINFUT;26/09/2023;13:15:00;154971,72;154985,11;154851,20;154851,20;2718752337,00;87750
WINFUT;26/09/2023;13:10:00;154918,16;154985,11;154898,07;154971,72;2902330475,00;93656
WINFUT;26/09/2023;13:05:00;154851,20;154938,24;154811,03;154918,16;2578829970,00;83255
WINFUT;26/09/2023;13:00:00;154844,51;154918,16;154804,34;154851,20;3124364115,00;100874
WINFUT;26/09/2023;12:55:00;154757,47;154851,20;154717,30;154844,51;2788641683,00;90086
WINFUT;26/09/2023;12:50:00;154744,08;154891,38;154717,30;154757,47;4055164993,00;130969
WINFUT;26/09/2023;12:45:00;154811,03;154857,90;154710,60;154744,08;3425847463,00;110675
WINFUT;26/09/2023;12:40:00;154918,16;154924,85;154770,86;154811,03;4028204445,00;130083
WINFUT;26/09/2023;12:35:00;154918,16;154958,33;154871,29;154924,85;2791958617,00;90109
WINFUT;26/09/2023;12:30:00;154797,64;154931,55;154750,77;154924,85;4363860799,00;140902
WINFUT;26/09/2023;12:25:00;154851,20;154904,77;154770,86;154797,64;3872801389,00;125059
WINFUT;26/09/2023;12:20:00;154904,77;154958,33;154837,81;154857,90;4264558591,00;137663
WINFUT;26/09/2023;12:15:00;155018,59;155031,98;154884,68;154898,07;4420618401,00;142646
WINFUT;26/09/2023;12:10:00;155092,24;155145,80;154991,81;155018,59;4071872735,00;131305
WINFUT;26/09/2023;12:05:00;155159,19;155159,19;154951,63;155098,93;7686483204,00;247889
WINFUT;26/09/2023;12:00:00;155353,36;155360,05;155132,41;155152,50;6257159424,00;201540
WINFUT;26/09/2023;11:55:00;155078,85;155393,53;155072,15;155353,36;6592491566,00;212330
WINFUT;26/09/2023;11:50:00;155098,93;155179,28;154991,81;155078,85;5283997552,00;170360
WINFUT;26/09/2023;11:45:00;155132,41;155239,54;155065,46;155098,93;4507619413,00;145271
WINFUT;26/09/2023;11:40:00;155052,07;155239,54;154998,50;155145,80;6691319045,00;215663
WINFUT;26/09/2023;11:35:00;154944,94;155065,46;154864,59;155045,37;4912461086,00;158487
WINFUT;26/09/2023;11:30:00;154891,38;155005,20;154797,64;154951,63;7000872645,00;225971
WINFUT;26/09/2023;11:25:00;154784,25;154944,94;154690,51;154898,07;7276533942,00;235022
WINFUT;26/09/2023;11:20:00;154871,29;154951,63;154777,55;154784,25;6213706353,00;200611
WINFUT;26/09/2023;11:15:00;154978,42;154985,11;154737,38;154871,29;1,193674776E10;385405
WINFUT;26/09/2023;11:10:00;155273,01;155293,10;154965,03;154978,42;7198135026,00;232025
WINFUT;26/09/2023;11:05:00;155299,80;155447,09;155152,50;155273,01;8727035458,00;281005
WINFUT;26/09/2023;11:00:00;155286,40;155373,45;155199,36;155306,49;6719944010,00;216357
WINFUT;26/09/2023;10:55:00;155119,02;155306,49;155092,24;155286,40;5379901532,00;173325
WINFUT;26/09/2023;10:50:00;155306,49;155339,97;155005,20;155112,32;1,037654538E10;334458
WINFUT;26/09/2023;10:45:00;155473,88;155534,13;155219,45;155313,19;9520943588,00;306410
WINFUT;26/09/2023;10:40:00;155313,19;155493,96;155192,67;155473,88;9919566883,00;319281
WINFUT;26/09/2023;10:35:00;154991,81;155373,45;154978,42;155313,19;9993765392,00;321945
WINFUT;26/09/2023;10:30:00;155145,80;155259,62;154884,68;154985,11;1,359948031E10;438646
WINFUT;26/09/2023;10:25:00;155360,05;155420,31;155105,63;155139,11;9447991262,00;304303
WINFUT;26/09/2023;10:20:00;155326,58;155493,96;155319,88;155353,36;5191919522,00;167033
WINFUT;26/09/2023;10:15:00;155333,27;155460,49;155299,80;155326,58;7140936713,00;229781
WINFUT;26/09/2023;10:10:00;155380,14;155386,84;155199,36;155333,27;6725199514,00;216553
WINFUT;26/09/2023;10:05:00;155266,32;155393,53;155199,36;155373,45;6179413886,00;198946
WINFUT;26/09/2023;10:00:00;155326,58;155333,27;155105,63;155259,62;7276062256,00;234400
WINFUT;26/09/2023;09:55:00;155293,10;155380,14;155246,23;155319,88;3917244132,00;126099
WINFUT;26/09/2023;09:50:00;155299,80;155326,58;155165,89;155299,80;5131734763,00;165272
WINFUT;26/09/2023;09:45:00;155400,23;155413,62;155152,50;155306,49;6943205381,00;223557
WINFUT;26/09/2023;09:40:00;155413,62;155440,40;155346,66;155400,23;2450366420,00;78840
WINFUT;26/09/2023;09:35:00;155386,84;155413,62;155319,88;155413,62;2310397245,00;74350
WINFUT;26/09/2023;09:30:00;155467,18;155473,88;155293,10;155386,84;5353790336,00;172303
WINFUT;26/09/2023;09:25:00;155487,27;155520,74;155400,23;155467,18;3306605470,00;106350
WINFUT;26/09/2023;09:20:00;155507,35;155547,53;155440,40;155487,27;3049626295,00;98066
WINFUT;26/09/2023;09:15:00;155386,84;155527,44;155279,71;155507,35;6734963820,00;216702
WINFUT;26/09/2023;09:10:00;155601,09;155634,57;155366,75;155380,14;6524411785,00;209789
WINFUT;26/09/2023;09:05:00;155815,34;155828,73;155574,31;155594,39;5906694927,00;189718
WINFUT;26/09/2023;09:00:00;156069,77;156330,89;155688,13;155822,04;9542701803,00;306008
WINFUT;25/09/2023;17:50:00;156779,48;156846,43;156679,05;156679,05;1296633257,00;41362
WINFUT;25/09/2023;17:45:00;156732,61;156839,74;156719,22;156772,78;2144214081,00;68381
WINFUT;25/09/2023;17:40:00;156699,13;156739,31;156672,35;156725,92;1320373311,00;42128
WINFUT;25/09/2023;17:35:00;156679,05;156739,31;156598,70;156685,74;2811869227,00;89735
WINFUT;25/09/2023;17:30:00;156739,31;156759,39;156665,66;156679,05;2094035082,00;66812
WINFUT;25/09/2023;17:25:00;156638,88;156779,48;156625,48;156739,31;2603380094,00;83058
WINFUT;25/09/2023;17:20:00;156685,74;156725,92;156618,79;156638,88;2908960969,00;92837
WINFUT;25/09/2023;17:15:00;156458,10;156705,83;156438,01;156685,74;5162510061,00;164871
WINFUT;25/09/2023;17:10:00;156317,50;156491,58;156297,41;156451,40;2827395323,00;90391
WINFUT;25/09/2023;17:05:00;156324,19;156384,45;156284,02;156317,50;1762612234,00;56375
WINFUT;25/09/2023;17:00:00;156377,76;156404,54;156270,63;156324,19;3425181770,00;109552
WINFUT;25/09/2023;16:55:00;156250,54;156404,54;156230,46;156377,76;3750614392,00;119952
WINFUT;25/09/2023;16:50:00;156230,46;156310,80;156156,81;156250,54;3708769962,00;118684
WINFUT;25/09/2023;16:45:00;156196,98;156243,85;156163,50;156230,46;1825680135,00;58440
WINFUT;25/09/2023;16:40:00;156230,46;156263,93;156176,89;156196,98;1972604578,00;63139
WINFUT;25/09/2023;16:35:00;156103,24;156270,63;156083,16;156230,46;3227213821,00;103316
WINFUT;25/09/2023;16:30:00;156150,11;156203,67;156076,46;156103,24;3421439661,00;109554
WINFUT;25/09/2023;16:25:00;156116,63;156170,20;156022,90;156156,81;4479305168,00;143480
WINFUT;25/09/2023;16:20:00;156210,37;156270,63;156103,24;156116,63;3856912027,00;123471
WINFUT;25/09/2023;16:15:00;156076,46;156243,85;156069,77;156210,37;4981245290,00;159472
WINFUT;25/09/2023;16:10:00;155989,42;156103,24;155955,94;156076,46;2936511364,00;94092
WINFUT;25/09/2023;16:05:00;155976,03;156042,99;155955,94;155996,12;2353588589,00;75434
WINFUT;25/09/2023;16:00:00;156036,29;156123,33;155929,16;155976,03;4801644315,00;153883
WINFUT;25/09/2023;15:55:00;156089,85;156123,33;155976,03;156029,59;3169625750,00;101563
WINFUT;25/09/2023;15:50:00;156150,11;156163,50;156049,68;156083,16;3341449193,00;107025
WINFUT;25/09/2023;15:45:00;156109,94;156237,15;156096,55;156143,42;3891691709,00;124601
WINFUT;25/09/2023;15:40:00;156143,42;156210,37;156009,51;156109,94;4580084749,00;146714
WINFUT;25/09/2023;15:35:00;156150,11;156230,46;156103,24;156143,42;2720765999,00;87109
WINFUT;25/09/2023;15:30:00;156156,81;156217,07;156076,46;156150,11;3409582333,00;109182
WINFUT;25/09/2023;15:25:00;156170,20;156230,46;156103,24;156163,50;3662376265,00;117262
WINFUT;25/09/2023;15:20:00;156156,81;156243,85;156150,11;156176,89;2744162499,00;87842
WINFUT;25/09/2023;15:15:00;156230,46;156237,15;156116,63;156156,81;3159245134,00;101147
WINFUT;25/09/2023;15:10:00;156196,98;156297,41;156150,11;156223,76;3151978603,00;100874
WINFUT;25/09/2023;15:05:00;156304,11;156317,50;156150,11;156196,98;3823554815,00;122371
WINFUT;25/09/2023;15:00:00;156183,59;156324,19;156176,89;156297,41;3994200940,00;127793
WINFUT;25/09/2023;14:55:00;156156,81;156250,54;156123,33;156183,59;2867366274,00;91799
WINFUT;25/09/2023;14:50:00;156069,77;156183,59;156063,07;156163,50;2382883155,00;76304
WINFUT;25/09/2023;14:45:00;156123,33;156136,72;156042,99;156069,77;2331628150,00;74693
WINFUT;25/09/2023;14:40:00;156136,72;156170,20;156089,85;156123,33;1776995834,00;56909
WINFUT;25/09/2023;14:35:00;156103,24;156183,59;156083,16;156136,72;3619447142,00;115905
WINFUT;25/09/2023;14:30:00;156083,16;156130,03;156022,90;156103,24;2125589595,00;68089
WINFUT;25/09/2023;14:25:00;156022,90;156109,94;155996,12;156083,16;2745203423,00;87951
WINFUT;25/09/2023;14:20:00;156002,81;156083,16;155955,94;156022,90;2879545831,00;92284
WINFUT;25/09/2023;14:15:00;156116,63;156136,72;155996,12;156002,81;2493021896,00;79877
WINFUT;25/09/2023;14:10:00;156096,55;156123,33;156022,90;156109,94;2184516779,00;69983
WINFUT;25/09/2023;14:05:00;155875,60;156143,42;155868,90;156089,85;4723974896,00;151374
WINFUT;25/09/2023;14:00:00;155835,43;156016,20;155808,65;155882,30;4794650635,00;153743
WINFUT;25/09/2023;13:55:00;155888,99;155935,86;155808,65;155842,12;2708227392,00;86871
WINFUT;25/09/2023;13:50:00;155982,73;155996,12;155788,56;155882,30;5170905495,00;165858
WINFUT;25/09/2023;13:45:00;156130,03;156190,28;155935,86;155976,03;4411064103,00;141337
WINFUT;25/09/2023;13:40:00;156076,46;156176,89;156056,38;156123,33;2145884263,00;68718
WINFUT;25/09/2023;13:35:00;156103,24;156136,72;156036,29;156076,46;1575176382,00;50458
WINFUT;25/09/2023;13:30:00;156109,94;156156,81;155982,73;156103,24;3895272969,00;124796
WINFUT;25/09/2023;13:25:00;156150,11;156237,15;156069,77;156116,63;3275614856,00;104887
WINFUT;25/09/2023;13:20:00;156176,89;156190,28;156089,85;156143,42;2219006710,00;71057
WINFUT;25/09/2023;13:15:00;156170,20;156284,02;156116,63;156170,20;3274581509,00;104813
WINFUT;25/09/2023;13:10:00;156337,58;156350,97;156143,42;156170,20;3788887291,00;121268
WINFUT;25/09/2023;13:05:00;156196,98;156377,76;156190,28;156344,28;4150592692,00;132759
WINFUT;25/09/2023;13:00:00;156150,11;156223,76;156109,94;156196,98;2293495021,00;73429
WINFUT;25/09/2023;12:55:00;156203,67;156230,46;156103,24;156150,11;2144809143,00;68677
WINFUT;25/09/2023;12:50:00;156210,37;156277,32;156176,89;156203,67;1683054767,00;53865
WINFUT;25/09/2023;12:45:00;156230,46;156270,63;156123,33;156217,07;2128267841,00;68135
WINFUT;25/09/2023;12:40:00;156290,71;156290,71;156123,33;156230,46;3498214139,00;111976
WINFUT;25/09/2023;12:35:00;156223,76;156317,50;156183,59;156284,02;3371460111,00;107882
WINFUT;25/09/2023;12:30:00;156116,63;156237,15;156109,94;156223,76;3417441724,00;109413
WINFUT;25/09/2023;12:25:00;156243,85;156250,54;156083,16;156109,94;3058057670,00;97911
WINFUT;25/09/2023;12:20:00;156257,24;156270,63;156136,72;156243,85;2834609062,00;90729
WINFUT;25/09/2023;12:15:00;156237,15;156364,36;156176,89;156257,24;5556130373,00;177784
WINFUT;25/09/2023;12:10:00;156176,89;156310,80;156123,33;156237,15;5070911808,00;162292
WINFUT;25/09/2023;12:05:00;155909,08;156196,98;155868,90;156176,89;5670066196,00;181676
WINFUT;25/09/2023;12:00:00;155862,21;155969,34;155775,17;155909,08;4935395528,00;158321
WINFUT;25/09/2023;11:55:00;155935,86;155982,73;155848,82;155855,51;2950862262,00;94637
WINFUT;25/09/2023;11:50:00;156002,81;156022,90;155875,60;155942,55;4881215378,00;156500
WINFUT;25/09/2023;11:45:00;156076,46;156176,89;155996,12;156009,51;3426132099,00;109738
WINFUT;25/09/2023;11:40:00;156083,16;156109,94;155982,73;156069,77;3075825502,00;98556
WINFUT;25/09/2023;11:35:00;156150,11;156183,59;156063,07;156089,85;2942945263,00;94253
WINFUT;25/09/2023;11:30:00;156036,29;156183,59;155955,94;156150,11;3881322343,00;124348
WINFUT;25/09/2023;11:25:00;156056,38;156083,16;155895,69;156036,29;4989612290,00;159939
WINFUT;25/09/2023;11:20:00;155955,94;156176,89;155922,47;156063,07;5831329276,00;186825
WINFUT;25/09/2023;11:15:00;156056,38;156130,03;155949,25;155955,94;5265825749,00;168741
WINFUT;25/09/2023;11:10:00;156029,59;156210,37;155935,86;156049,68;6823731795,00;218609
WINFUT;25/09/2023;11:05:00;156150,11;156257,24;155915,77;156029,59;8183125237,00;262160
WINFUT;25/09/2023;11:00:00;156324,19;156411,23;156056,38;156150,11;8585663546,00;274787
WINFUT;25/09/2023;10:55:00;156257,24;156384,45;156217,07;156324,19;6680019921,00;213691
WINFUT;25/09/2023;10:50:00;155962,64;156257,24;155929,16;156257,24;6605600305,00;211519
WINFUT;25/09/2023;10:45:00;155835,43;156016,20;155775,17;155962,64;7635825660,00;244890
WINFUT;25/09/2023;10:40:00;156049,68;156217,07;155828,73;155835,43;9048802134,00;289964
WINFUT;25/09/2023;10:35:00;156223,76;156284,02;156029,59;156056,38;8177136029,00;261831
WINFUT;25/09/2023;10:30:00;156096,55;156243,85;155989,42;156223,76;1,159959115E10;371462
WINFUT;25/09/2023;10:25:00;155815,34;156123,33;155801,95;156096,55;5407245240,00;173325
WINFUT;25/09/2023;10:20:00;156016,20;156029,59;155735,00;155822,04;5595858623,00;179504
WINFUT;25/09/2023;10:15:00;155842,12;156049,68;155842,12;156016,20;4390211956,00;140729
WINFUT;25/09/2023;10:10:00;155768,47;155935,86;155721,61;155842,12;5512274583,00;176851
WINFUT;25/09/2023;10:05:00;155989,42;156056,38;155621,17;155768,47;1,027272274E10;329595
WINFUT;25/09/2023;10:00:00;155929,16;155996,12;155822,04;155989,42;5134169404,00;164656
WINFUT;25/09/2023;09:55:00;156029,59;156076,46;155868,90;155929,16;3799026116,00;121786
WINFUT;25/09/2023;09:50:00;156056,38;156103,24;156002,81;156036,29;1689794159,00;54142
WINFUT;25/09/2023;09:45:00;156016,20;156103,24;155982,73;156049,68;2578648113,00;82624
WINFUT;25/09/2023;09:40:00;155976,03;156103,24;155915,77;156009,51;4107697468,00;131655
WINFUT;25/09/2023;09:35:00;156083,16;156136,72;155962,64;155976,03;4308846804,00;138069
WINFUT;25/09/2023;09:30:00;155949,25;156163,50;155942,55;156089,85;5227844524,00;167479
WINFUT;25/09/2023;09:25:00;155728,30;155996,12;155668,04;155955,94;4708908330,00;151059
WINFUT;25/09/2023;09:20:00;155755,08;155822,04;155641,26;155728,30;3405227852,00;109330
WINFUT;25/09/2023;09:15:00;155895,69;155955,94;155735,00;155748,39;3710177237,00;119045
WINFUT;25/09/2023;09:10:00;155842,12;155949,25;155674,74;155902,38;5227008892,00;167735
WINFUT;25/09/2023;09:05:00;155815,34;155962,64;155788,56;155842,12;3070991138,00;98498
WINFUT;25/09/2023;09:00:00;155868,90;155935,86;155567,61;155815,34;5436094102,00;174493
WINFUT;22/09/2023;17:50:00;156752,70;156853,13;156685,74;156819,65;1171550856,00;37367
WINFUT;22/09/2023;17:45:00;156692,44;156792,87;156632,18;156759,39;1372144540,00;43784
WINFUT;22/09/2023;17:40:00;156672,35;156725,92;156625,48;156685,74;1493060723,00;47651
WINFUT;22/09/2023;17:35:00;156685,74;156725,92;156645,57;156672,35;1381325249,00;44078
WINFUT;22/09/2023;17:30:00;156565,23;156692,44;156531,75;156679,05;2241994965,00;71577
WINFUT;22/09/2023;17:25:00;156632,18;156705,83;156525,05;156558,53;2457340415,00;78456
WINFUT;22/09/2023;17:20:00;156685,74;156739,31;156618,79;156632,18;2041742527,00;65153
WINFUT;22/09/2023;17:15:00;156625,48;156692,44;156618,79;156679,05;1778785726,00;56773
WINFUT;22/09/2023;17:10:00;156491,58;156638,88;156484,88;156625,48;2818183787,00;89987
WINFUT;22/09/2023;17:05:00;156471,49;156504,97;156431,32;156484,88;1525085186,00;48734
WINFUT;22/09/2023;17:00:00;156478,19;156551,84;156431,32;156478,19;2990594093,00;95556
WINFUT;22/09/2023;16:55:00;156424,62;156551,84;156417,93;156484,88;3630146579,00;115986
WINFUT;22/09/2023;16:50:00;156491,58;156538,44;156350,97;156417,93;4741160198,00;151539
WINFUT;22/09/2023;16:45:00;156565,23;156578,62;156438,01;156491,58;4126593963,00;131833
WINFUT;22/09/2023;16:40:00;156605,40;156652,27;156518,36;156565,23;3071139609,00;98070
WINFUT;22/09/2023;16:35:00;156612,09;156746,00;156578,62;156605,40;5230450954,00;166946
WINFUT;22/09/2023;16:30:00;156792,87;156819,65;156538,44;156612,09;6076051168,00;193930
WINFUT;22/09/2023;16:25:00;156900,00;156933,47;156746,00;156792,87;4798270641,00;152991
WINFUT;22/09/2023;16:20:00;156833,04;156946,86;156799,57;156900,00;4797142102,00;152898
WINFUT;22/09/2023;16:15:00;156759,39;156873,21;156752,70;156833,04;4434140267,00;141386
WINFUT;22/09/2023;16:10:00;156699,13;156819,65;156625,48;156759,39;5078109602,00;162010
WINFUT;22/09/2023;16:05:00;156585,31;156732,61;156545,14;156699,13;4635163364,00;147942
WINFUT;22/09/2023;16:00:00;156431,32;156605,40;156404,54;156578,62;5312558904,00;169690
WINFUT;22/09/2023;15:55:00;156371,06;156451,40;156310,80;156438,01;2892973643,00;92489
WINFUT;22/09/2023;15:50:00;156304,11;156377,76;156243,85;156364,36;2461395060,00;78732
WINFUT;22/09/2023;15:45:00;156304,11;156377,76;156277,32;156297,41;2128046916,00;68066
WINFUT;22/09/2023;15:40:00;156364,36;156404,54;156297,41;156297,41;2245444142,00;71813
WINFUT;22/09/2023;15:35:00;156404,54;156451,40;156324,19;156357,67;3044941336,00;97352
WINFUT;22/09/2023;15:30:00;156397,84;156424,62;156210,37;156404,54;5533757387,00;177014
WINFUT;22/09/2023;15:25:00;156357,67;156484,88;156357,67;156391,15;3711659917,00;118639
WINFUT;22/09/2023;15:20:00;156411,23;156431,32;156330,89;156364,36;2816005934,00;90037
WINFUT;22/09/2023;15:15:00;156290,71;156424,62;156250,54;156411,23;4591255837,00;146839
WINFUT;22/09/2023;15:10:00;156210,37;156317,50;156183,59;156290,71;4292958466,00;137375
WINFUT;22/09/2023;15:05:00;156330,89;156371,06;156190,28;156203,67;5698041558,00;182297
WINFUT;22/09/2023;15:00:00;156478,19;156511,66;156310,80;156330,89;5587251150,00;178606
WINFUT;22/09/2023;14:55:00;156585,31;156592,01;156438,01;156484,88;3627735625,00;115894
WINFUT;22/09/2023;14:50:00;156458,10;156625,48;156451,40;156585,31;4223785389,00;134885
WINFUT;22/09/2023;14:45:00;156504,97;156571,92;156431,32;156458,10;4493139445,00;143554
WINFUT;22/09/2023;14:40:00;156746,00;156752,70;156444,71;156498,27;8478946436,00;270791
WINFUT;22/09/2023;14:35:00;156799,57;156866,52;156672,35;156746,00;3955311051,00;126151
WINFUT;22/09/2023;14:30:00;156806,26;156833,04;156672,35;156799,57;3856710752,00;123015
WINFUT;22/09/2023;14:25:00;156752,70;156833,04;156732,61;156812,96;3103815335,00;98980
WINFUT;22/09/2023;14:20:00;156940,17;156966,95;156685,74;156759,39;9069385879,00;289152
WINFUT;22/09/2023;14:15:00;157074,08;157100,86;156879,91;156933,47;4026252801,00;128243
WINFUT;22/09/2023;14:10:00;157027,21;157147,73;156946,86;157074,08;5169852120,00;164603
WINFUT;22/09/2023;14:05:00;157268,24;157281,63;157013,82;157027,21;3519430039,00;111975
WINFUT;22/09/2023;14:00:00;157207,98;157274,94;157074,08;157268,24;4919931162,00;156527
WINFUT;22/09/2023;13:55:00;157301,72;157382,07;157167,81;157207,98;4414544737,00;140358
WINFUT;22/09/2023;13:50:00;157268,24;157328,50;157228,07;157301,72;2695584552,00;85694
WINFUT;22/09/2023;13:45:00;157181,20;157288,33;157141,03;157274,94;2492824611,00;79284
WINFUT;22/09/2023;13:40:00;157228,07;157288,33;157147,73;157174,51;3533796177,00;112391
WINFUT;22/09/2023;13:35:00;157261,55;157281,63;157201,29;157234,77;2018906948,00;64196
WINFUT;22/09/2023;13:30:00;157154,42;157288,33;157147,73;157254,85;3435331648,00;109252
WINFUT;22/09/2023;13:25:00;157147,73;157167,81;157080,77;157161,12;1710869424,00;54444
WINFUT;22/09/2023;13:20:00;157127,64;157167,81;157040,60;157141,03;2291893058,00;72943
WINFUT;22/09/2023;13:15:00;157120,94;157187,90;157060,69;157120,94;2244372354,00;71414
WINFUT;22/09/2023;13:10:00;157080,77;157127,64;157013,82;157127,64;2254809432,00;71778
WINFUT;22/09/2023;13:05:00;157127,64;157161,12;157080,77;157080,77;1383918479,00;44039
WINFUT;22/09/2023;13:00:00;157120,94;157174,51;157040,60;157120,94;2821697893,00;89805
WINFUT;22/09/2023;12:55:00;157207,98;157221,38;157100,86;157127,64;1863583295,00;59291
WINFUT;22/09/2023;12:50:00;157127,64;157254,85;157100,86;157207,98;2449252286,00;77906
WINFUT;22/09/2023;12:45:00;157107,55;157154,42;157087,47;157134,34;1285912852,00;40920
WINFUT;22/09/2023;12:40:00;157167,81;157207,98;157074,08;157107,55;2818111818,00;89666
WINFUT;22/09/2023;12:35:00;157214,68;157268,24;157147,73;157174,51;2137813706,00;67994
WINFUT;22/09/2023;12:30:00;157228,07;157261,55;157120,94;157214,68;3274020432,00;104138
WINFUT;22/09/2023;12:25:00;157094,16;157328,50;157040,60;157228,07;5767022190,00;183418
WINFUT;22/09/2023;12:20:00;157114,25;157147,73;157047,30;157100,86;2452064190,00;78042
WINFUT;22/09/2023;12:15:00;157067,38;157167,81;157007,12;157114,25;3964442660,00;126174
WINFUT;22/09/2023;12:10:00;157080,77;157114,25;156973,65;157060,69;3627181037,00;115477
WINFUT;22/09/2023;12:05:00;157154,42;157187,90;157027,21;157080,77;4570800724,00;145468
WINFUT;22/09/2023;12:00:00;157335,20;157341,89;157013,82;157154,42;7479227886,00;237980
WINFUT;22/09/2023;11:55:00;157288,33;157435,63;157254,85;157335,20;4505467313,00;143174
WINFUT;22/09/2023;11:50:00;157261,55;157402,15;157214,68;157288,33;4654924302,00;147959
WINFUT;22/09/2023;11:45:00;157382,07;157408,85;157228,07;157261,55;5986123003,00;190262
WINFUT;22/09/2023;11:40:00;157529,36;157549,45;157328,50;157382,07;5400200427,00;171515
WINFUT;22/09/2023;11:35:00;157435,63;157562,84;157348,59;157536,06;5436377027,00;172643
WINFUT;22/09/2023;11:30:00;157154,42;157442,32;157114,25;157442,32;5556530614,00;176645
WINFUT;22/09/2023;11:25:00;157174,51;157234,77;156987,04;157154,42;5540456265,00;176311
WINFUT;22/09/2023;11:20:00;157114,25;157201,29;157000,43;157181,20;5688798898,00;181044
WINFUT;22/09/2023;11:15:00;157074,08;157134,34;156960,25;157120,94;6686912864,00;212895
WINFUT;22/09/2023;11:10:00;157415,54;157455,71;157067,38;157074,08;7637143577,00;242813
WINFUT;22/09/2023;11:05:00;157321,81;157509,28;157248,16;157408,85;7923310522,00;251668
WINFUT;22/09/2023;11:00:00;157254,85;157469,11;157201,29;157321,81;9383703192,00;298209
WINFUT;22/09/2023;10:55:00;156960,25;157254,85;156879,91;157248,16;7391935861,00;235353
WINFUT;22/09/2023;10:50:00;157254,85;157308,42;156900,00;156960,25;8116681862,00;258326
WINFUT;22/09/2023;10:45:00;157040,60;157315,11;157007,12;157261,55;7027267253,00;223507
WINFUT;22/09/2023;10:40:00;157261,55;157268,24;156853,13;157040,60;1,04297251E10;332086
WINFUT;22/09/2023;10:35:00;157201,29;157388,76;157147,73;157261,55;6888041661,00;218948
WINFUT;22/09/2023;10:30:00;157040,60;157328,50;156866,52;157207,98;1,396851378E10;444647
WINFUT;22/09/2023;10:25:00;157402,15;157408,85;157013,82;157040,60;8655144115,00;275217
WINFUT;22/09/2023;10:20:00;157643,19;157669,97;157328,50;157395,46;6815480861,00;216385
WINFUT;22/09/2023;10:15:00;157710,14;157716,84;157509,28;157643,19;7849904375,00;249035
WINFUT;22/09/2023;10:10:00;157629,79;157797,18;157529,36;157710,14;8337750814,00;264432
WINFUT;22/09/2023;10:05:00;157428,93;157683,36;157375,37;157636,49;8936038053,00;283648
WINFUT;22/09/2023;10:00:00;157710,14;157757,01;157428,93;157428,93;8362626995,00;265397
WINFUT;22/09/2023;09:55:00;157643,19;157777,09;157623,10;157710,14;3174990641,00;100658
WINFUT;22/09/2023;09:50:00;157676,66;157696,75;157623,10;157649,88;1672535942,00;53043
WINFUT;22/09/2023;09:45:00;157649,88;157723,53;157616,40;157676,66;2252006618,00;71414
WINFUT;22/09/2023;09:40:00;157763,70;157770,40;157636,49;157643,19;3914580000,00;124115
WINFUT;22/09/2023;09:35:00;157850,74;157897,61;157736,92;157763,70;3238980738,00;102617
WINFUT;22/09/2023;09:30:00;157710,14;158004,74;157676,66;157850,74;9191978197,00;291142
WINFUT;22/09/2023;09:25:00;157676,66;157743,62;157656,58;157703,44;2752645566,00;87270
WINFUT;22/09/2023;09:20:00;157616,40;157696,75;157542,75;157669,97;2867778561,00;90963
WINFUT;22/09/2023;09:15:00;157696,75;157723,53;157562,84;157623,10;3975431265,00;126090
WINFUT;22/09/2023;09:10:00;157723,53;157770,40;157623,10;157696,75;4726824064,00;149865
WINFUT;22/09/2023;09:05:00;157763,70;157790,48;157582,93;157723,53;5316875011,00;168589
WINFUT;22/09/2023;09:00:00;157288,33;157783,79;157167,81;157763,70;9378687996,00;297704
WINFUT;21/09/2023;17:50:00;156498,27;156585,31;156458,10;156518,36;1886879727,00;60276
WINFUT;21/09/2023;17:45:00;156531,75;156531,75;156411,23;156504,97;2163557406,00;69135
WINFUT;21/09/2023;17:40:00;156665,66;156672,35;156511,66;156531,75;1739606187,00;55552
WINFUT;21/09/2023;17:35:00;156638,88;156692,44;156625,48;156665,66;1056371073,00;33715
WINFUT;21/09/2023;17:30:00;156752,70;156786,17;156618,79;156638,88;2381782164,00;76001
WINFUT;21/09/2023;17:25:00;156705,83;156799,57;156672,35;156746,00;1578224123,00;50346
WINFUT;21/09/2023;17:20:00;156685,74;156739,31;156679,05;156699,13;917948740,40;29289
WINFUT;21/09/2023;17:15:00;156786,17;156846,43;156672,35;156679,05;2601148819,00;82976
WINFUT;21/09/2023;17:10:00;156725,92;156833,04;156638,88;156792,87;2598886144,00;82915
WINFUT;21/09/2023;17:05:00;156545,14;156739,31;156511,66;156725,92;3387366595,00;108128
WINFUT;21/09/2023;17:00:00;156525,05;156598,70;156491,58;156538,44;3361262198,00;107355
WINFUT;21/09/2023;16:55:00;156618,79;156625,48;156484,88;156525,05;3742266395,00;119522
WINFUT;21/09/2023;16:50:00;156672,35;156692,44;156511,66;156612,09;4882524677,00;155911
WINFUT;21/09/2023;16:45:00;156692,44;156752,70;156638,88;156679,05;3529634245,00;112630
WINFUT;21/09/2023;16:40:00;156645,57;156779,48;156632,18;156685,74;5281173353,00;168497
WINFUT;21/09/2023;16:35:00;156545,14;156672,35;156484,88;156645,57;5038471351,00;160896
WINFUT;21/09/2023;16:30:00;156705,83;156712,53;156498,27;156545,14;8841216270,00;282296
WINFUT;21/09/2023;16:25:00;156886,61;156920,08;156679,05;156705,83;5974779756,00;190557
WINFUT;21/09/2023;16:20:00;156853,13;156933,47;156739,31;156886,61;6379864048,00;203371
WINFUT;21/09/2023;16:15:00;156993,73;157020,51;156846,43;156859,82;6588787981,00;209965
WINFUT;21/09/2023;16:10:00;157134,34;157154,42;156973,65;156993,73;5267859000,00;167709
WINFUT;21/09/2023;16:05:00;157248,16;157248,16;157120,94;157127,64;2405549015,00;76526
WINFUT;21/09/2023;16:00:00;157228,07;157274,94;157114,25;157241,46;4145419507,00;131853
WINFUT;21/09/2023;15:55:00;157161,12;157368,67;157047,30;157228,07;8352697216,00;265662
WINFUT;21/09/2023;15:50:00;157201,29;157241,46;157027,21;157161,12;6078198678,00;193431
WINFUT;21/09/2023;15:45:00;157268,24;157321,81;157127,64;157207,98;5690037306,00;180981
WINFUT;21/09/2023;15:40:00;157368,67;157382,07;157221,38;157261,55;4335697075,00;137817
WINFUT;21/09/2023;15:35:00;157375,37;157469,11;157301,72;157368,67;5018859811,00;159450
WINFUT;21/09/2023;15:30:00;157348,59;157415,54;157335,20;157375,37;2746198422,00;87251
WINFUT;21/09/2023;15:25:00;157495,89;157515,97;157341,89;157341,89;3811130392,00;121044
WINFUT;21/09/2023;15:20:00;157475,80;157529,36;157442,32;157502,58;2293060533,00;72799
WINFUT;21/09/2023;15:15:00;157489,19;157589,62;157395,46;157469,11;6852548473,00;217546
WINFUT;21/09/2023;15:10:00;157629,79;157730,23;157482,50;157482,50;5834756938,00;185114
WINFUT;21/09/2023;15:05:00;157556,15;157676,66;157515,97;157623,10;3099287897,00;98316
WINFUT;21/09/2023;15:00:00;157616,40;157676,66;157509,28;157556,15;4676640443,00;148390
WINFUT;21/09/2023;14:55:00;157757,01;157763,70;157596,32;157609,71;4008272889,00;127111
WINFUT;21/09/2023;14:50:00;157790,48;157837,35;157710,14;157757,01;3716192272,00;117776
WINFUT;21/09/2023;14:45:00;157582,93;157823,96;157556,15;157783,79;5610473811,00;177844
WINFUT;21/09/2023;14:40:00;157562,84;157629,79;157556,15;157576,23;1872589322,00;59412
WINFUT;21/09/2023;14:35:00;157589,62;157669,97;157556,15;157562,84;2945377913,00;93436
WINFUT;21/09/2023;14:30:00;157643,19;157656,58;157529,36;157582,93;4103955492,00;130210
WINFUT;21/09/2023;14:25:00;157690,05;157743,62;157623,10;157643,19;2669904514,00;84661
WINFUT;21/09/2023;14:20:00;157730,23;157790,48;157656,58;157690,05;4194680720,00;132974
WINFUT;21/09/2023;14:15:00;157589,62;157763,70;157589,62;157736,92;4967205147,00;157495
WINFUT;21/09/2023;14:10:00;157569,54;157623,10;157509,28;157589,62;2824878495,00;89636
WINFUT;21/09/2023;14:05:00;157475,80;157603,01;157469,11;157562,84;2787420094,00;88465
WINFUT;21/09/2023;14:00:00;157428,93;157495,89;157355,28;157482,50;3810015038,00;121010
WINFUT;21/09/2023;13:55:00;157509,28;157556,15;157408,85;157428,93;3105311530,00;98592
WINFUT;21/09/2023;13:50:00;157649,88;157663,27;157449,02;157502,58;4592576866,00;145758
WINFUT;21/09/2023;13:45:00;157509,28;157690,05;157495,89;157649,88;4802951951,00;152376
WINFUT;21/09/2023;13:40:00;157428,93;157522,67;157415,54;157509,28;2866575367,00;91019
WINFUT;21/09/2023;13:35:00;157482,50;157502,58;157348,59;157428,93;2823210320,00;89674
WINFUT;21/09/2023;13:30:00;157368,67;157495,89;157301,72;157489,19;4282844161,00;136040
WINFUT;21/09/2023;13:25:00;157415,54;157442,32;157308,42;157368,67;4370669880,00;138865
WINFUT;21/09/2023;13:20:00;157542,75;157596,32;157395,46;157415,54;3795851727,00;120504
WINFUT;21/09/2023;13:15:00;157542,75;157589,62;157449,02;157542,75;3572599361,00;113399
WINFUT;21/09/2023;13:10:00;157489,19;157629,79;157408,85;157536,06;4843835206,00;153751
WINFUT;21/09/2023;13:05:00;157355,28;157502,58;157328,50;157489,19;3349778456,00;106395
WINFUT;21/09/2023;13:00:00;157382,07;157395,46;157261,55;157348,59;3739582671,00;118851
WINFUT;21/09/2023;12:55:00;157361,98;157435,63;157295,02;157382,07;2689264576,00;85441
WINFUT;21/09/2023;12:50:00;157348,59;157382,07;157281,63;157355,28;2099611359,00;66728
WINFUT;21/09/2023;12:45:00;157368,67;157395,46;157321,81;157348,59;1729842038,00;54965
WINFUT;21/09/2023;12:40:00;157455,71;157469,11;157274,94;157361,98;4397132459,00;139726
WINFUT;21/09/2023;12:35:00;157475,80;157489,19;157368,67;157462,41;3111614353,00;98822
WINFUT;21/09/2023;12:30:00;157355,28;157495,89;157315,11;157475,80;3588748504,00;113990
WINFUT;21/09/2023;12:25:00;157335,20;157402,15;157308,42;157355,28;2495372895,00;79290
WINFUT;21/09/2023;12:20:00;157455,71;157536,06;157308,42;157335,20;5937037133,00;188590
WINFUT;21/09/2023;12:15:00;157636,49;157649,88;157442,32;157455,71;5540878824,00;175865
WINFUT;21/09/2023;12:10:00;157515,97;157797,18;157509,28;157636,49;6805634157,00;215819
WINFUT;21/09/2023;12:05:00;157623,10;157743,62;157502,58;157515,97;6804865309,00;215833
WINFUT;21/09/2023;12:00:00;157321,81;157636,49;157315,11;157629,79;7136815179,00;226634
WINFUT;21/09/2023;11:55:00;157281,63;157335,20;157228,07;157321,81;3191427511,00;101454
WINFUT;21/09/2023;11:50:00;157301,72;157328,50;157161,12;157281,63;5930047621,00;188574
WINFUT;21/09/2023;11:45:00;157408,85;157422,24;157261,55;157301,72;6617543240,00;210296
WINFUT;21/09/2023;11:40:00;157536,06;157696,75;157382,07;157408,85;8726097227,00;276924
WINFUT;21/09/2023;11:35:00;157422,24;157576,23;157402,15;157542,75;4312524754,00;136915
WINFUT;21/09/2023;11:30:00;157475,80;157489,19;157341,89;157415,54;4923202791,00;156383
WINFUT;21/09/2023;11:25:00;157489,19;157549,45;157341,89;157475,80;6070566621,00;192775
WINFUT;21/09/2023;11:20:00;157355,28;157542,75;157295,02;157489,19;8211003579,00;260767
WINFUT;21/09/2023;11:15:00;157228,07;157375,37;157167,81;157348,59;6655868727,00;211610
WINFUT;21/09/2023;11:10:00;157127,64;157228,07;157027,21;157228,07;5453383553,00;173542
WINFUT;21/09/2023;11:05:00;156853,13;157154,42;156732,61;157127,64;8832152430,00;281404
WINFUT;21/09/2023;11:00:00;156786,17;157027,21;156766,09;156846,43;8396800838,00;267578
WINFUT;21/09/2023;10:55:00;157141,03;157147,73;156759,39;156792,87;1,10768713E10;352875
WINFUT;21/09/2023;10:50:00;157308,42;157375,37;157120,94;157147,73;8242369739,00;262108
WINFUT;21/09/2023;10:45:00;157228,07;157509,28;157201,29;157308,42;8008537158,00;254486
WINFUT;21/09/2023;10:40:00;157221,38;157509,28;157167,81;157228,07;1,062801663E10;337798
WINFUT;21/09/2023;10:35:00;157442,32;157656,58;157167,81;157214,68;9993968604,00;317351
WINFUT;21/09/2023;10:30:00;157582,93;157676,66;157388,76;157435,63;1,071936719E10;340223
WINFUT;21/09/2023;10:25:00;157127,64;157609,71;157080,77;157582,93;9920003907,00;315129
WINFUT;21/09/2023;10:20:00;157261,55;157315,11;156987,04;157120,94;9584656927,00;304904
WINFUT;21/09/2023;10:15:00;157596,32;157616,40;157013,82;157261,55;1,773101498E10;563669
WINFUT;21/09/2023;10:10:00;157890,92;157904,31;157489,19;157596,32;1,138025895E10;360877
WINFUT;21/09/2023;10:05:00;157924,39;157951,17;157810,57;157890,92;5052263640,00;160001
WINFUT;21/09/2023;10:00:00;157897,61;157944,48;157777,09;157931,09;6233558007,00;197435
WINFUT;21/09/2023;09:55:00;157730,23;157917,70;157683,36;157897,61;4916374232,00;155778
WINFUT;21/09/2023;09:50:00;157931,09;157937,78;157676,66;157736,92;5227176881,00;165651
WINFUT;21/09/2023;09:45:00;157890,92;157971,26;157790,48;157924,39;4314949422,00;136634
WINFUT;21/09/2023;09:40:00;157763,70;157944,48;157750,31;157890,92;4871015882,00;154272
WINFUT;21/09/2023;09:35:00;157857,44;157904,31;157723,53;157763,70;4264041179,00;135102
WINFUT;21/09/2023;09:30:00;157917,70;157931,09;157656,58;157864,13;9160441654,00;290279
WINFUT;21/09/2023;09:25:00;157964,56;158018,13;157817,27;157911,00;4488276445,00;142102
WINFUT;21/09/2023;09:20:00;157904,31;158018,13;157790,48;157964,56;7184934378,00;227523
WINFUT;21/09/2023;09:15:00;158138,65;158172,12;157844,05;157904,31;9352956244,00;296031
WINFUT;21/09/2023;09:10:00;158279,25;158279,25;158078,39;158138,65;5832642420,00;184374
WINFUT;21/09/2023;09:05:00;158319,42;158406,46;158212,29;158272,55;6008888035,00;189788
WINFUT;21/09/2023;09:00:00;158948,79;158968,87;158299,33;158319,42;1,187787867E10;374402
WINFUT;20/09/2023;17:50:00;160073,62;160160,66;160053,53;160060,22;1197303769,00;37395
WINFUT;20/09/2023;17:45:00;160020,05;160100,40;159959,79;160073,62;1505121395,00;47029
WINFUT;20/09/2023;17:40:00;160026,75;160046,83;159959,79;160026,75;1233423721,00;38543
WINFUT;20/09/2023;17:35:00;160107,09;160153,96;159966,49;160033,44;2106097813,00;65791
WINFUT;20/09/2023;17:30:00;159979,88;160153,96;159946,40;160107,09;2452265330,00;76610
WINFUT;20/09/2023;17:25:00;159986,58;160013,36;159933,01;159979,88;1965593505,00;61434
WINFUT;20/09/2023;17:20:00;160033,44;160093,70;159973,18;159986,58;2137917723,00;66798
WINFUT;20/09/2023;17:15:00;160127,18;160274,48;159973,18;160033,44;5975140352,00;186577
WINFUT;20/09/2023;17:10:00;160127,18;160174,05;160087,01;160127,18;2319162122,00;72417
WINFUT;20/09/2023;17:05:00;160160,66;160247,70;160100,40;160133,87;3942143256,00;123057
WINFUT;20/09/2023;17:00:00;160448,56;160448,56;160153,96;160160,66;6704207347,00;209166
WINFUT;20/09/2023;16:55:00;160421,78;160508,82;160374,91;160448,56;3496106083,00;108948
WINFUT;20/09/2023;16:50:00;160455,25;160468,64;160328,04;160421,78;4498375944,00;140229
WINFUT;20/09/2023;16:45:00;160401,69;160508,82;160328,04;160455,25;4965481323,00;154768
WINFUT;20/09/2023;16:40:00;160528,90;160528,90;160368,21;160401,69;5410977375,00;168635
WINFUT;20/09/2023;16:35:00;160475,34;160682,90;160455,25;160522,21;6756096397,00;210369
WINFUT;20/09/2023;16:30:00;160984,19;161004,28;160448,56;160482,04;1,030805209E10;320755
WINFUT;20/09/2023;16:25:00;160850,28;161024,36;160843,59;160990,89;4753979356,00;147689
WINFUT;20/09/2023;16:20:00;160716,37;160923,93;160702,98;160856,98;6019558532,00;187131
WINFUT;20/09/2023;16:15:00;160810,11;160903,85;160689,59;160723,07;6373936472,00;198203
WINFUT;20/09/2023;16:10:00;161064,53;161104,71;160776,63;160803,41;6911005903,00;214743
WINFUT;20/09/2023;16:05:00;161037,75;161111,40;161004,28;161064,53;3311730753,00;102807
WINFUT;20/09/2023;16:00:00;161024,36;161091,32;160970,80;161037,75;3154124030,00;97934
WINFUT;20/09/2023;15:55:00;161017,67;161111,40;160917,24;161024,36;5071833084,00;157481
WINFUT;20/09/2023;15:50:00;161111,40;161171,66;160897,15;161010,97;8547853961,00;265399
WINFUT;20/09/2023;15:45:00;161272,09;161292,18;161071,23;161111,40;6517782457,00;202181
WINFUT;20/09/2023;15:40:00;161439,48;161472,95;161245,31;161265,40;6781399178,00;210158
WINFUT;20/09/2023;15:35:00;161352,44;161586,78;161339,05;161432,78;7158479632,00;221686
WINFUT;20/09/2023;15:30:00;161118,10;161626,95;161031,06;161352,44;1,526893224E10;473026
WINFUT;20/09/2023;15:25:00;161071,23;161225,22;161044,45;161118,10;6250572389,00;193930
WINFUT;20/09/2023;15:20:00;160997,58;161084,62;160930,63;161077,93;4042519116,00;125529
WINFUT;20/09/2023;15:15:00;161044,45;161091,32;160910,54;160997,58;5269554569,00;163648
WINFUT;20/09/2023;15:10:00;160910,54;161118,10;160830,20;161051,14;6018966723,00;186939
WINFUT;20/09/2023;15:05:00;160790,02;161124,79;160689,59;160903,85;1,04288894E10;323997
WINFUT;20/09/2023;15:00:00;161118,10;161325,66;160729,76;160783,33;1,346530743E10;418416
WINFUT;20/09/2023;14:55:00;161104,71;161292,18;161071,23;161118,10;6902854999,00;214138
WINFUT;20/09/2023;14:50:00;161004,28;161171,66;160923,93;161111,40;7032100878,00;218308
WINFUT;20/09/2023;14:45:00;160897,15;161031,06;160883,76;161004,28;4080172858,00;126728
WINFUT;20/09/2023;14:40:00;160850,28;160950,71;160763,24;160897,15;4834397536,00;150272
WINFUT;20/09/2023;14:35:00;160897,15;160917,24;160803,41;160850,28;3351953387,00;104197
WINFUT;20/09/2023;14:30:00;160930,63;160957,41;160836,89;160903,85;4326848556,00;134472
WINFUT;20/09/2023;14:25:00;160984,19;160997,58;160923,93;160930,63;3063190538,00;95152
WINFUT;20/09/2023;14:20:00;161051,14;161071,23;160977,49;160977,49;3400265662,00;105585
WINFUT;20/09/2023;14:15:00;161151,58;161151,58;161044,45;161051,14;3131449583,00;97194
WINFUT;20/09/2023;14:10:00;161258,70;161298,87;161118,10;161144,88;3690884533,00;114482
WINFUT;20/09/2023;14:05:00;161312,26;161339,05;161191,75;161258,70;3519249660,00;109120
WINFUT;20/09/2023;14:00:00;161238,62;161352,44;161218,53;161312,26;4049780889,00;125535
WINFUT;20/09/2023;13:55:00;161231,92;161292,18;161178,36;161231,92;2348020655,00;72814
WINFUT;20/09/2023;13:50:00;161211,83;161258,70;161144,88;161231,92;3350141460,00;103913
WINFUT;20/09/2023;13:45:00;161198,44;161305,57;161118,10;161205,14;5147477271,00;159650
WINFUT;20/09/2023;13:40:00;161071,23;161218,53;161044,45;161198,44;4251587518,00;131927
WINFUT;20/09/2023;13:35:00;161064,53;161118,10;160997,58;161077,93;2221500037,00;68966
WINFUT;20/09/2023;13:30:00;161077,93;161098,01;161010,97;161064,53;1733786944,00;53829
WINFUT;20/09/2023;13:25:00;161004,28;161104,71;160957,41;161077,93;4065594991,00;126234
WINFUT;20/09/2023;13:20:00;160997,58;161031,06;160977,49;160997,58;1074883967,00;33381
WINFUT;20/09/2023;13:15:00;161010,97;161037,75;160990,89;160997,58;1135262269,00;35254
WINFUT;20/09/2023;13:10:00;160990,89;161037,75;160923,93;161010,97;2468159004,00;76660
WINFUT;20/09/2023;13:05:00;161010,97;161037,75;160970,80;160984,19;1546301221,00;48020
WINFUT;20/09/2023;13:00:00;160957,41;161037,75;160930,63;161010,97;1805009910,00;56062
WINFUT;20/09/2023;12:55:00;161017,67;161037,75;160923,93;160950,71;2243470209,00;69682
WINFUT;20/09/2023;12:50:00;160910,54;161044,45;160856,98;161010,97;4555563593,00;141521
WINFUT;20/09/2023;12:45:00;160944,02;160964,10;160883,76;160917,24;1799919526,00;55926
WINFUT;20/09/2023;12:40:00;160964,10;160990,89;160890,45;160944,02;3239886731,00;100657
WINFUT;20/09/2023;12:35:00;161131,49;161151,58;160950,71;160964,10;3696283749,00;114773
WINFUT;20/09/2023;12:30:00;160984,19;161138,18;160950,71;161138,18;3418764666,00;106144
WINFUT;20/09/2023;12:25:00;160950,71;161077,93;160930,63;160984,19;3474617956,00;107901
WINFUT;20/09/2023;12:20:00;161084,62;161084,62;160930,63;160944,02;4357463632,00;135327
WINFUT;20/09/2023;12:15:00;161091,32;161164,97;161017,67;161077,93;4385723254,00;136139
WINFUT;20/09/2023;12:10:00;161091,32;161245,31;161051,14;161084,62;7624095312,00;236557
WINFUT;20/09/2023;12:05:00;160910,54;161138,18;160877,06;161091,32;6275355883,00;194865
WINFUT;20/09/2023;12:00:00;160930,63;161024,36;160877,06;160917,24;5834629000,00;181264
WINFUT;20/09/2023;11:55:00;160769,94;161057,84;160702,98;160930,63;1,055708487E10;328027
WINFUT;20/09/2023;11:50:00;160669,51;160830,20;160636,03;160763,24;4194164935,00;130456
WINFUT;20/09/2023;11:45:00;160776,63;160816,81;160649,42;160669,51;4225560362,00;131454
WINFUT;20/09/2023;11:40:00;160723,07;160783,33;160649,42;160776,63;3227388375,00;100405
WINFUT;20/09/2023;11:35:00;160682,90;160816,81;160636,03;160716,37;4869188868,00;151467
WINFUT;20/09/2023;11:30:00;160830,20;160856,98;160649,42;160682,90;6153892074,00;191427
WINFUT;20/09/2023;11:25:00;160776,63;160836,89;160676,20;160830,20;6410999506,00;199404
WINFUT;20/09/2023;11:20:00;160508,82;160803,41;160475,34;160776,63;9199850709,00;286347
WINFUT;20/09/2023;11:15:00;160428,47;160589,16;160374,91;160508,82;7288556385,00;227089
WINFUT;20/09/2023;11:10:00;160609,25;160656,12;160415,08;160435,17;6373893397,00;198512
WINFUT;20/09/2023;11:05:00;160595,86;160629,33;160448,56;160602,55;6212426921,00;193482
WINFUT;20/09/2023;11:00:00;160428,47;160662,81;160428,47;160595,86;9084645383,00;282880
WINFUT;20/09/2023;10:55:00;160448,56;160522,21;160368,21;160428,47;7193667159,00;224176
WINFUT;20/09/2023;10:50:00;160227,61;160448,56;160220,91;160441,86;6354638379,00;198151
WINFUT;20/09/2023;10:45:00;160334,74;160408,39;160227,61;160227,61;7643747179,00;238386
WINFUT;20/09/2023;10:40:00;160194,13;160348,13;160100,40;160334,74;9480394376,00;295862
WINFUT;20/09/2023;10:35:00;159953,10;160247,70;159919,62;160200,83;1,120845301E10;350074
WINFUT;20/09/2023;10:30:00;159611,63;159993,27;159551,37;159953,10;1,37081232E10;428853
WINFUT;20/09/2023;10:25:00;159718,76;159792,41;159558,07;159611,63;4991402117,00;156301
WINFUT;20/09/2023;10:20:00;159705,37;159812,50;159651,81;159712,06;4480326184,00;140252
WINFUT;20/09/2023;10:15:00;159752,24;159758,93;159598,24;159712,06;5822075629,00;182319
WINFUT;20/09/2023;10:10:00;159812,50;159819,19;159638,41;159758,93;6272686757,00;196358
WINFUT;20/09/2023;10:05:00;159698,67;159825,89;159578,16;159819,19;8010109554,00;250806
WINFUT;20/09/2023;10:00:00;159484,42;159772,32;159471,03;159698,67;9789704557,00;306590
WINFUT;20/09/2023;09:55:00;159444,25;159517,90;159377,29;159484,42;3412385012,00;107006
WINFUT;20/09/2023;09:50:00;159404,08;159484,42;159383,99;159444,25;2468784886,00;77427
WINFUT;20/09/2023;09:45:00;159397,38;159471,03;159343,82;159410,77;4033630983,00;126518
WINFUT;20/09/2023;09:40:00;159437,55;159444,25;159310,34;159397,38;5618058791,00;176250
WINFUT;20/09/2023;09:35:00;159551,37;159558,07;159404,08;159437,55;4853997180,00;152193
WINFUT;20/09/2023;09:30:00;159638,41;159645,11;159524,59;159558,07;3702888933,00;116029
WINFUT;20/09/2023;09:25:00;159625,02;159671,89;159584,85;159638,41;2690905978,00;84285
WINFUT;20/09/2023;09:20:00;159718,76;159745,54;159611,63;159625,02;3430510271,00;107419
WINFUT;20/09/2023;09:15:00;159631,72;159738,85;159625,02;159718,76;4358249521,00;136468
WINFUT;20/09/2023;09:10:00;159578,16;159665,20;159558,07;159631,72;3123948742,00;97857
WINFUT;20/09/2023;09:05:00;159618,33;159625,02;159457,64;159584,85;3451228638,00;108173
WINFUT;20/09/2023;09:00:00;159397,38;159705,37;159377,29;159611,63;6715330124,00;210414
WINFUT;19/09/2023;17:50:00;159196,52;159270,17;159149,65;159149,65;1227398078,00;38549
WINFUT;19/09/2023;17:45:00;159183,13;159230,00;159102,78;159189,82;1534348750,00;48199
WINFUT;19/09/2023;17:40:00;159089,39;159209,91;159089,39;159176,43;1526753750,00;47967
WINFUT;19/09/2023;17:35:00;159022,44;159116,17;159009,05;159096,09;1860288958,00;58475
WINFUT;19/09/2023;17:30:00;158935,40;159029,13;158875,14;159015,74;2362963995,00;74331
WINFUT;19/09/2023;17:25:00;158948,79;158982,27;158908,62;158935,40;1346209560,00;42348
WINFUT;19/09/2023;17:20:00;158982,27;159009,05;158922,01;158948,79;2085410804,00;65597
WINFUT;19/09/2023;17:15:00;159076,00;159102,78;158982,27;158982,27;2055624287,00;64626
WINFUT;19/09/2023;17:10:00;159109,48;159136,26;159069,31;159082,70;1007984994,00;31676
WINFUT;19/09/2023;17:05:00;159089,39;159149,65;159076,00;159109,48;1516401679,00;47651
WINFUT;19/09/2023;17:00:00;159116,17;159129,56;159049,22;159089,39;1639856964,00;51540
WINFUT;19/09/2023;16:55:00;159069,31;159163,04;159035,83;159116,17;3930680073,00;123534
WINFUT;19/09/2023;16:50:00;159156,35;159216,60;159042,52;159062,61;4227744769,00;132831
WINFUT;19/09/2023;16:45:00;159096,09;159183,13;159076,00;159149,65;3587195781,00;112710
WINFUT;19/09/2023;16:40:00;159022,44;159109,48;158962,18;159102,78;4077741176,00;128201
WINFUT;19/09/2023;16:35:00;159055,92;159082,70;158908,62;159022,44;4296571355,00;135119
WINFUT;19/09/2023;16:30:00;158968,87;159096,09;158935,40;159062,61;4370354153,00;137418
WINFUT;19/09/2023;16:25:00;158901,92;158968,87;158881,83;158968,87;3374964365,00;106179
WINFUT;19/09/2023;16:20:00;158922,01;158928,70;158841,66;158908,62;2970585532,00;93480
WINFUT;19/09/2023;16:15:00;159163,04;159176,43;158841,66;158928,70;8603064034,00;270590
WINFUT;19/09/2023;16:10:00;159136,26;159203,21;159082,70;159169,74;3966870218,00;124632
WINFUT;19/09/2023;16:05:00;159290,25;159370,60;159116,17;159129,56;7334659868,00;230317
WINFUT;19/09/2023;16:00:00;159323,73;159330,43;159189,82;159283,56;5676519641,00;178226
WINFUT;19/09/2023;15:55:00;159397,38;159457,64;159296,95;159323,73;4438868739,00;139255
WINFUT;19/09/2023;15:50:00;159524,59;159524,59;159377,29;159397,38;4188519768,00;131356
WINFUT;19/09/2023;15:45:00;159531,29;159578,16;159450,94;159531,29;4316620466,00;135309
WINFUT;19/09/2023;15:40:00;159651,81;159678,59;159504,51;159531,29;5049304531,00;158197
WINFUT;19/09/2023;15:35:00;159611,63;159718,76;159598,24;159651,81;4171531015,00;130630
WINFUT;19/09/2023;15:30:00;159611,63;159645,11;159551,37;159604,94;4493044396,00;140757
WINFUT;19/09/2023;15:25:00;159758,93;159772,32;159598,24;159611,63;4942054756,00;154744
WINFUT;19/09/2023;15:20:00;159758,93;159845,97;159691,98;159765,63;5183551975,00;162221
WINFUT;19/09/2023;15:15:00;159933,01;159953,10;159705,37;159758,93;7181223426,00;224679
WINFUT;19/09/2023;15:10:00;159999,97;160026,75;159899,54;159933,01;4148205275,00;129665
WINFUT;19/09/2023;15:05:00;160006,66;160087,01;159946,40;159993,27;4822370995,00;150688
WINFUT;19/09/2023;15:00:00;159946,40;160060,22;159845,97;160006,66;5105142596,00;159595
WINFUT;19/09/2023;14:55:00;160006,66;160033,44;159832,58;159939,71;5658436248,00;176927
WINFUT;19/09/2023;14:50:00;159986,58;160073,62;159892,84;159999,97;6904502164,00;215764
WINFUT;19/09/2023;14:45:00;159752,24;160013,36;159745,54;159979,88;8718370794,00;272591
WINFUT;19/09/2023;14:40:00;159718,76;159825,89;159685,28;159752,24;4451557417,00;139327
WINFUT;19/09/2023;14:35:00;159665,20;159725,45;159625,02;159712,06;3306680938,00;103543
WINFUT;19/09/2023;14:30:00;159658,50;159799,10;159638,41;159665,20;5988398143,00;187474
WINFUT;19/09/2023;14:25:00;159571,46;159665,20;159564,77;159651,81;3614813743,00;113231
WINFUT;19/09/2023;14:20:00;159457,64;159598,24;159444,25;159571,46;3452522401,00;108207
WINFUT;19/09/2023;14:15:00;159390,68;159497,81;159363,90;159457,64;2342610740,00;73466
WINFUT;19/09/2023;14:10:00;159377,29;159484,42;159350,51;159397,38;3526895758,00;110620
WINFUT;19/09/2023;14:05:00;159370,60;159464,33;159323,73;159377,29;4804376780,00;150715
WINFUT;19/09/2023;14:00:00;159564,77;159604,94;159357,21;159370,60;4875943052,00;152887
WINFUT;19/09/2023;13:55:00;159477,73;159591,55;159430,86;159571,46;3906418578,00;122448
WINFUT;19/09/2023;13:50:00;159337,12;159477,73;159290,25;159471,03;4347951673,00;136397
WINFUT;19/09/2023;13:45:00;159504,51;159551,37;159323,73;159343,82;4089881191,00;128265
WINFUT;19/09/2023;13:40:00;159437,55;159558,07;159397,38;159504,51;4174117838,00;130864
WINFUT;19/09/2023;13:35:00;159444,25;159477,73;159290,25;159430,86;6290129789,00;197319
WINFUT;19/09/2023;13:30:00;159571,46;159584,85;159430,86;159437,55;4635767437,00;145328
WINFUT;19/09/2023;13:25:00;159571,46;159625,02;159531,29;159571,46;2778122455,00;87043
WINFUT;19/09/2023;13:20:00;159511,20;159598,24;159430,86;159578,16;4348251963,00;136296
WINFUT;19/09/2023;13:15:00;159437,55;159517,90;159404,08;159504,51;3075060172,00;96414
WINFUT;19/09/2023;13:10:00;159343,82;159450,94;159303,64;159437,55;2311156496,00;72507
WINFUT;19/09/2023;13:05:00;159357,21;159397,38;159296,95;159350,51;1775616434,00;55716
WINFUT;19/09/2023;13:00:00;159330,43;159424,16;159290,25;159357,21;3476234046,00;109068
WINFUT;19/09/2023;12:55:00;159357,21;159477,73;159317,04;159330,43;4129348203,00;129528
WINFUT;19/09/2023;12:50:00;159337,12;159377,29;159250,08;159357,21;4360098036,00;136848
WINFUT;19/09/2023;12:45:00;159296,95;159417,47;159263,47;159337,12;4454756841,00;139788
WINFUT;19/09/2023;12:40:00;159537,98;159544,68;159283,56;159296,95;5555323874,00;174251
WINFUT;19/09/2023;12:35:00;159504,51;159651,81;159450,94;159537,98;4332240010,00;135759
WINFUT;19/09/2023;12:30:00;159464,33;159571,46;159383,99;159504,51;4540784763,00;142365
WINFUT;19/09/2023;12:25:00;159450,94;159558,07;159430,86;159464,33;3257602250,00;102124
WINFUT;19/09/2023;12:20:00;159497,81;159551,37;159410,77;159457,64;3634201039,00;113940
WINFUT;19/09/2023;12:15:00;159537,98;159638,41;159491,12;159497,81;5019657679,00;157289
WINFUT;19/09/2023;12:10:00;159497,81;159558,07;159477,73;159544,68;2396219566,00;75110
WINFUT;19/09/2023;12:05:00;159471,03;159578,16;159471,03;159497,81;3792774420,00;118877
WINFUT;19/09/2023;12:00:00;159578,16;159631,72;159397,38;159477,73;7141120370,00;223870
WINFUT;19/09/2023;11:55:00;159772,32;159812,50;159544,68;159571,46;5715588142,00;178988
WINFUT;19/09/2023;11:50:00;159799,10;159825,89;159691,98;159765,63;3156028132,00;98776
WINFUT;19/09/2023;11:45:00;159812,50;159866,06;159685,28;159805,80;6039938530,00;189007
WINFUT;19/09/2023;11:40:00;159665,20;159832,58;159625,02;159812,50;5902800834,00;184778
WINFUT;19/09/2023;11:35:00;159691,98;159845,97;159611,63;159658,50;7913972674,00;247717
WINFUT;19/09/2023;11:30:00;159604,94;159698,67;159558,07;159685,28;4580044097,00;143452
WINFUT;19/09/2023;11:25:00;159517,90;159604,94;159464,33;159604,94;3107431913,00;97394
WINFUT;19/09/2023;11:20:00;159484,42;159558,07;159424,16;159511,20;4084071443,00;128028
WINFUT;19/09/2023;11:15:00;159343,82;159524,59;159243,39;159491,12;7137132467,00;223915
WINFUT;19/09/2023;11:10:00;159430,86;159477,73;159263,47;159350,51;7555390839,00;237051
WINFUT;19/09/2023;11:05:00;159551,37;159584,85;159383,99;159437,55;4990607627,00;156482
WINFUT;19/09/2023;11:00:00;159450,94;159598,24;159430,86;159551,37;5003750994,00;156836
WINFUT;19/09/2023;10:55:00;159537,98;159658,50;159424,16;159450,94;6232035143,00;195306
WINFUT;19/09/2023;10:50:00;159625,02;159792,41;159504,51;159537,98;8786175162,00;275170
WINFUT;19/09/2023;10:45:00;159491,12;159671,89;159390,68;159631,72;9123208600,00;285929
WINFUT;19/09/2023;10:40:00;159504,51;159611,63;159283,56;159491,12;1,035673442E10;324840
WINFUT;19/09/2023;10:35:00;159618,33;159685,28;159397,38;159504,51;9477739431,00;297053
WINFUT;19/09/2023;10:30:00;159852,67;159926,32;159578,16;159618,33;1,01572616E10;317935
WINFUT;19/09/2023;10:25:00;159812,50;160006,66;159785,71;159852,67;9477260205,00;296379
WINFUT;19/09/2023;10:20:00;159424,16;159825,89;159383,99;159812,50;9362769200,00;293337
WINFUT;19/09/2023;10:15:00;159544,68;159825,89;159410,77;159430,86;1,304204596E10;408572
WINFUT;19/09/2023;10:10:00;159906,23;159912,93;159464,33;159544,68;1,182496746E10;370325
WINFUT;19/09/2023;10:05:00;159872,75;159912,93;159638,41;159906,23;7977346120,00;249622
WINFUT;19/09/2023;10:00:00;159772,32;159899,54;159598,24;159872,75;1,016916942E10;318309
WINFUT;19/09/2023;09:55:00;159986,58;160006,66;159758,93;159772,32;5521746847,00;172694
WINFUT;19/09/2023;09:50:00;159986,58;160066,92;159892,84;159993,27;4776080571,00;149279
WINFUT;19/09/2023;09:45:00;160046,83;160100,40;159933,01;159986,58;4669832854,00;145910
WINFUT;19/09/2023;09:40:00;159953,10;160093,70;159912,93;160040,14;5183066294,00;161969
WINFUT;19/09/2023;09:35:00;159939,71;159966,49;159805,80;159959,79;6259539594,00;195744
WINFUT;19/09/2023;09:30:00;159805,80;160060,22;159765,63;159946,40;7689510673,00;240393
WINFUT;19/09/2023;09:25:00;159879,45;159926,32;159725,45;159805,80;4777872148,00;149473
WINFUT;19/09/2023;09:20:00;159946,40;159959,79;159832,58;159879,45;4907854740,00;153475
WINFUT;19/09/2023;09:15:00;160020,05;160053,53;159926,32;159946,40;2752095584,00;86014
WINFUT;19/09/2023;09:10:00;160066,92;160093,70;159912,93;160020,05;3740964422,00;116918
WINFUT;19/09/2023;09:05:00;159899,54;160220,91;159866,06;160073,62;7197920399,00;224821
WINFUT;19/09/2023;09:00:00;160261,09;160307,95;159892,84;159899,54;6426453635,00;200711
WINFUT;18/09/2023;17:50:00;160026,75;160140,57;160013,36;160140,57;1354950896,00;42322
WINFUT;18/09/2023;17:45:00;159993,27;160033,44;159946,40;160033,44;1208277334,00;37761
WINFUT;18/09/2023;17:40:00;159979,88;160033,44;159973,18;159993,27;1123105495,00;35097
WINFUT;18/09/2023;17:35:00;159979,88;160013,36;159966,49;159979,88;1126400649,00;35201
WINFUT;18/09/2023;17:30:00;159892,84;159993,27;159886,14;159979,88;1897492023,00;59315
WINFUT;18/09/2023;17:25:00;159866,06;159926,32;159859,36;159892,84;1243050702,00;38871
WINFUT;18/09/2023;17:20:00;159939,71;159946,40;159839,28;159866,06;1893595688,00;59219
WINFUT;18/09/2023;17:15:00;159892,84;159953,10;159886,14;159939,71;1500390278,00;46908
WINFUT;18/09/2023;17:10:00;159799,10;159906,23;159772,32;159886,14;2132283532,00;66696
WINFUT;18/09/2023;17:05:00;159946,40;159959,79;159765,63;159792,41;3791383178,00;118594
WINFUT;18/09/2023;17:00:00;159933,01;160040,14;159926,32;159946,40;3064526950,00;95774
WINFUT;18/09/2023;16:55:00;159953,10;159973,18;159899,54;159926,32;2052895565,00;64180
WINFUT;18/09/2023;16:50:00;159939,71;159979,88;159899,54;159946,40;2214779307,00;69238
WINFUT;18/09/2023;16:45:00;159912,93;159966,49;159879,45;159939,71;2620335631,00;81921
WINFUT;18/09/2023;16:40:00;159852,67;159946,40;159832,58;159912,93;3343148927,00;104543
WINFUT;18/09/2023;16:35:00;159839,28;159899,54;159792,41;159859,36;2581142751,00;80731
WINFUT;18/09/2023;16:30:00;159691,98;159886,14;159685,28;159832,58;4778587190,00;149513
WINFUT;18/09/2023;16:25:00;159591,55;159712,06;159571,46;159691,98;3686191430,00;115444
WINFUT;18/09/2023;16:20:00;159758,93;159758,93;159564,77;159591,55;6251242358,00;195790
WINFUT;18/09/2023;16:15:00;159933,01;159953,10;159725,45;159758,93;5285753536,00;165340
WINFUT;18/09/2023;16:10:00;160006,66;160087,01;159899,54;159939,71;5029932278,00;157207
WINFUT;18/09/2023;16:05:00;159946,40;160080,31;159899,54;160006,66;4788006680,00;149633
WINFUT;18/09/2023;16:00:00;160093,70;160093,70;159906,23;159946,40;6652070572,00;207885
WINFUT;18/09/2023;15:55:00;160147,27;160220,91;160033,44;160087,01;5490173290,00;171438
WINFUT;18/09/2023;15:50:00;160401,69;160415,08;160140,57;160140,57;5111357064,00;159438
WINFUT;18/09/2023;15:45:00;160441,86;160461,95;160394,99;160401,69;1141668473,00;35582
WINFUT;18/09/2023;15:40:00;160475,34;160482,04;160381,60;160435,17;2554523182,00;79616
WINFUT;18/09/2023;15:35:00;160408,39;160522,21;160381,60;160475,34;3410557215,00;106275
WINFUT;18/09/2023;15:30:00;160441,86;160455,25;160301,26;160408,39;3823127330,00;119199
WINFUT;18/09/2023;15:25:00;160508,82;160508,82;160361,52;160448,56;3853244851,00;120101
WINFUT;18/09/2023;15:20:00;160421,78;160535,60;160401,69;160502,12;3085568321,00;96135
WINFUT;18/09/2023;15:15:00;160555,68;160595,86;160394,99;160421,78;3296792455,00;102698
WINFUT;18/09/2023;15:10:00;160542,29;160615,94;160502,12;160562,38;3497149314,00;108909
WINFUT;18/09/2023;15:05:00;160642,72;160656,12;160528,90;160535,60;2541717671,00;79135
WINFUT;18/09/2023;15:00:00;160689,59;160709,68;160595,86;160642,72;3095553568,00;96348
WINFUT;18/09/2023;14:55:00;160729,76;160729,76;160662,81;160682,90;1704382507,00;53033
WINFUT;18/09/2023;14:50:00;160743,16;160816,81;160682,90;160723,07;2835625805,00;88199
WINFUT;18/09/2023;14:45:00;160729,76;160763,24;160689,59;160736,46;1740656327,00;54149
WINFUT;18/09/2023;14:40:00;160803,41;160810,11;160689,59;160723,07;2386152641,00;74226
WINFUT;18/09/2023;14:35:00;160776,63;160810,11;160723,07;160796,72;2085273403,00;64853
WINFUT;18/09/2023;14:30:00;160702,98;160783,33;160669,51;160776,63;2355851565,00;73285
WINFUT;18/09/2023;14:25:00;160689,59;160783,33;160662,81;160702,98;3797435839,00;118130
WINFUT;18/09/2023;14:20:00;160528,90;160723,07;160515,51;160696,29;3593119657,00;111828
WINFUT;18/09/2023;14:15:00;160528,90;160602,55;160508,82;160522,21;2052200040,00;63908
WINFUT;18/09/2023;14:10:00;160615,94;160649,42;160508,82;160528,90;3283330766,00;102243
WINFUT;18/09/2023;14:05:00;160642,72;160702,98;160589,16;160615,94;3006147376,00;93565
WINFUT;18/09/2023;14:00:00;160622,64;160709,68;160615,94;160642,72;2152464769,00;66984
WINFUT;18/09/2023;13:55:00;160676,20;160689,59;160569,08;160622,64;2369810531,00;73769
WINFUT;18/09/2023;13:50:00;160662,81;160749,85;160589,16;160676,20;3444736221,00;107192
WINFUT;18/09/2023;13:45:00;160669,51;160716,37;160622,64;160662,81;1882999231,00;58598
WINFUT;18/09/2023;13:40:00;160609,25;160729,76;160582,47;160669,51;3223224875,00;100313
WINFUT;18/09/2023;13:35:00;160602,55;160689,59;160555,68;160609,25;3188496992,00;99252
WINFUT;18/09/2023;13:30:00;160461,95;160736,46;160441,86;160595,86;7460373574,00;232235
WINFUT;18/09/2023;13:25:00;160562,38;160589,16;160421,78;160461,95;4585914057,00;142881
WINFUT;18/09/2023;13:20:00;160709,68;160743,16;160522,21;160562,38;5221609454,00;162542
WINFUT;18/09/2023;13:15:00;160823,50;160856,98;160689,59;160709,68;4456218884,00;138581
WINFUT;18/09/2023;13:10:00;160917,24;160923,93;160810,11;160816,81;2989847705,00;92927
WINFUT;18/09/2023;13:05:00;161017,67;161031,06;160897,15;160917,24;2872381495,00;89234
WINFUT;18/09/2023;13:00:00;161010,97;161044,45;160964,10;161010,97;2504612305,00;77780
WINFUT;18/09/2023;12:55:00;161057,84;161071,23;160984,19;161010,97;1977873656,00;61417
WINFUT;18/09/2023;12:50:00;161171,66;161225,22;161024,36;161057,84;3248680879,00;100817
WINFUT;18/09/2023;12:45:00;161057,84;161185,05;161010,97;161171,66;2980918321,00;92508
WINFUT;18/09/2023;12:40:00;161091,32;161164,97;161037,75;161051,14;3159739305,00;98068
WINFUT;18/09/2023;12:35:00;161272,09;161285,48;161091,32;161091,32;3943914164,00;122336
WINFUT;18/09/2023;12:30:00;161258,70;161339,05;161185,05;161265,40;4056190100,00;125757
WINFUT;18/09/2023;12:25:00;161091,32;161292,18;161071,23;161258,70;4743441985,00;147124
WINFUT;18/09/2023;12:20:00;161091,32;161138,18;161057,84;161084,62;2561060048,00;79487
WINFUT;18/09/2023;12:15:00;160984,19;161104,71;160964,10;161084,62;3060176909,00;95008
WINFUT;18/09/2023;12:10:00;161084,62;161138,18;160950,71;160984,19;3634753976,00;112868
WINFUT;18/09/2023;12:05:00;161057,84;161164,97;161037,75;161084,62;2733707530,00;84844
WINFUT;18/09/2023;12:00:00;161138,18;161164,97;160984,19;161057,84;4387142115,00;136195
WINFUT;18/09/2023;11:55:00;161285,48;161298,87;161111,40;161144,88;4374767874,00;135705
WINFUT;18/09/2023;11:50:00;161218,53;161406,00;161185,05;161285,48;5761384679,00;178576
WINFUT;18/09/2023;11:45:00;161218,53;161359,13;161138,18;161225,22;7401256288,00;229489
WINFUT;18/09/2023;11:40:00;161057,84;161225,22;160917,24;161218,53;6913210433,00;214632
WINFUT;18/09/2023;11:35:00;161138,18;161218,53;160990,89;161057,84;5815294595,00;180482
WINFUT;18/09/2023;11:30:00;161010,97;161205,14;161010,97;161144,88;6375491831,00;197873
WINFUT;18/09/2023;11:25:00;160930,63;161124,79;160910,54;161017,67;7370764377,00;228860
WINFUT;18/09/2023;11:20:00;160917,24;160977,49;160823,50;160937,32;4769929230,00;148217
WINFUT;18/09/2023;11:15:00;160729,76;161010,97;160729,76;160910,54;9303470086,00;289151
WINFUT;18/09/2023;11:10:00;160294,56;160763,24;160267,78;160729,76;1,217624633E10;379254
WINFUT;18/09/2023;11:05:00;160080,31;160301,26;159979,88;160294,56;7526179245,00;234992
WINFUT;18/09/2023;11:00:00;160167,35;160301,26;160033,44;160087,01;9336129777,00;291434
WINFUT;18/09/2023;10:55:00;160033,44;160180,74;159926,32;160167,35;9693577633,00;302869
WINFUT;18/09/2023;10:50:00;160287,87;160294,56;160006,66;160033,44;1,002275441E10;312934
WINFUT;18/09/2023;10:45:00;160455,25;160461,95;160160,66;160287,87;1,337235283E10;417135
WINFUT;18/09/2023;10:40:00;160803,41;160883,76;160394,99;160461,95;1,166382014E10;363074
WINFUT;18/09/2023;10:35:00;161057,84;161084,62;160756,55;160796,72;9073440686,00;281963
WINFUT;18/09/2023;10:30:00;161345,74;161399,30;160903,85;161057,84;1,161052742E10;360238
WINFUT;18/09/2023;10:25:00;161312,26;161472,95;161292,18;161345,74;8172361458,00;253210
WINFUT;18/09/2023;10:20:00;161118,10;161339,05;161031,06;161318,96;8815710268,00;273425
WINFUT;18/09/2023;10:15:00;160856,98;161158,27;160850,28;161124,79;1,056302433E10;328038
WINFUT;18/09/2023;10:10:00;160803,41;160856,98;160615,94;160856,98;1,046980399E10;325697
WINFUT;18/09/2023;10:05:00;160856,98;160930,63;160769,94;160803,41;5467671910,00;169951
WINFUT;18/09/2023;10:00:00;160970,80;160984,19;160803,41;160863,67;5372198226,00;166967
WINFUT;18/09/2023;09:55:00;160944,02;160977,49;160903,85;160970,80;1975964541,00;61386
WINFUT;18/09/2023;09:50:00;160930,63;160977,49;160890,45;160937,32;2006528812,00;62341
WINFUT;18/09/2023;09:45:00;160944,02;161010,97;160883,76;160930,63;3366432882,00;104585
WINFUT;18/09/2023;09:40:00;160944,02;160990,89;160917,24;160950,71;2206219268,00;68536
WINFUT;18/09/2023;09:35:00;160863,67;160977,49;160843,59;160950,71;3710686762,00;115295
WINFUT;18/09/2023;09:30:00;160783,33;160923,93;160783,33;160870,37;4562609706,00;141814
WINFUT;18/09/2023;09:25:00;160749,85;160850,28;160662,81;160783,33;4202183895,00;130701
WINFUT;18/09/2023;09:20:00;160729,76;160823,50;160689,59;160749,85;3991479863,00;124149
WINFUT;18/09/2023;09:15:00;160649,42;160749,85;160649,42;160723,07;3493376964,00;108689
WINFUT;18/09/2023;09:10:00;160548,99;160689,59;160495,43;160656,12;3577731471,00;111392
WINFUT;18/09/2023;09:05:00;160702,98;160743,16;160528,90;160548,99;4475786555,00;139326
WINFUT;18/09/2023;09:00:00;160354,82;160716,37;160321,35;160702,98;7116052886,00;221591
WINFUT;15/09/2023;17:50:00;160709,68;160790,02;160656,12;160669,51;1155095421,00;35939
WINFUT;15/09/2023;17:45:00;160649,42;160729,76;160615,94;160716,37;1536112997,00;47805
WINFUT;15/09/2023;17:40:00;160495,43;160662,81;160475,34;160656,12;1943623381,00;60522
WINFUT;15/09/2023;17:35:00;160482,04;160555,68;160461,95;160495,43;1263470214,00;39358
WINFUT;15/09/2023;17:30:00;160441,86;160495,43;160394,99;160475,34;1017518398,00;31707
WINFUT;15/09/2023;17:25:00;160441,86;160522,21;160401,69;160441,86;1866316950,00;58151
WINFUT;15/09/2023;17:20:00;160448,56;160468,64;160374,91;160441,86;2147561273,00;66935
WINFUT;15/09/2023;17:15:00;160562,38;160569,08;160421,78;160441,86;2292026123,00;71405
WINFUT;15/09/2023;17:10:00;160662,81;160682,90;160535,60;160562,38;2574726378,00;80167
WINFUT;15/09/2023;17:05:00;160669,51;160716,37;160589,16;160662,81;2079934748,00;64736
WINFUT;15/09/2023;17:00:00;160569,08;160749,85;160562,38;160669,51;3467042916,00;107894
WINFUT;15/09/2023;16:55:00;160582,47;160636,03;160542,29;160562,38;2334477570,00;72688
WINFUT;15/09/2023;16:50:00;160502,12;160609,25;160428,47;160582,47;3437064870,00;107057
WINFUT;15/09/2023;16:45:00;160415,08;160528,90;160361,52;160502,12;4189021853,00;130528
WINFUT;15/09/2023;16:40:00;160508,82;160555,68;160401,69;160421,78;4806347703,00;149753
WINFUT;15/09/2023;16:35:00;160542,29;160642,72;160488,73;160502,12;3813883694,00;118764
WINFUT;15/09/2023;16:30:00;160736,46;160763,24;160488,73;160542,29;4931253280,00;153523
WINFUT;15/09/2023;16:25:00;160629,33;160796,72;160622,64;160736,46;3064091074,00;95320
WINFUT;15/09/2023;16:20:00;160790,02;160796,72;160622,64;160629,33;3770410745,00;117302
WINFUT;15/09/2023;16:15:00;160769,94;160836,89;160729,76;160790,02;2737788763,00;85137
WINFUT;15/09/2023;16:10:00;160656,12;160796,72;160615,94;160763,24;3772359189,00;117356
WINFUT;15/09/2023;16:05:00;160783,33;160790,02;160589,16;160656,12;4335706059,00;134939
WINFUT;15/09/2023;16:00:00;160937,32;160950,71;160736,46;160783,33;4277754602,00;133001
WINFUT;15/09/2023;15:55:00;160883,76;160964,10;160863,67;160937,32;1942230421,00;60346
WINFUT;15/09/2023;15:50:00;160977,49;161004,28;160836,89;160877,06;4480142340,00;139210
WINFUT;15/09/2023;15:45:00;160903,85;161031,06;160883,76;160977,49;4024385585,00;125008
WINFUT;15/09/2023;15:40:00;160850,28;160917,24;160823,50;160903,85;3198042403,00;99395
WINFUT;15/09/2023;15:35:00;160716,37;160850,28;160696,29;160843,59;2768600600,00;86091
WINFUT;15/09/2023;15:30:00;160816,81;160836,89;160689,59;160716,37;3052521455,00;94949
WINFUT;15/09/2023;15:25:00;160856,98;160863,67;160769,94;160810,11;2015733931,00;62674
WINFUT;15/09/2023;15:20:00;160769,94;160863,67;160689,59;160856,98;4417374805,00;137369
WINFUT;15/09/2023;15:15:00;160702,98;160776,63;160642,72;160769,94;3261928669,00;101484
WINFUT;15/09/2023;15:10:00;160790,02;160796,72;160636,03;160696,29;3520070504,00;109520
WINFUT;15/09/2023;15:05:00;160883,76;160890,45;160716,37;160790,02;4257928713,00;132398
WINFUT;15/09/2023;15:00:00;161017,67;161024,36;160877,06;160883,76;3893467666,00;120956
WINFUT;15/09/2023;14:55:00;161091,32;161131,49;160990,89;161017,67;3884522877,00;120596
WINFUT;15/09/2023;14:50:00;161017,67;161104,71;161004,28;161098,01;3273856230,00;101636
WINFUT;15/09/2023;14:45:00;160917,24;161031,06;160890,45;161017,67;3294119776,00;102326
WINFUT;15/09/2023;14:40:00;160823,50;160944,02;160810,11;160923,93;3040645394,00;94503
WINFUT;15/09/2023;14:35:00;160682,90;160850,28;160649,42;160823,50;4369640624,00;135909
WINFUT;15/09/2023;14:30:00;160636,03;160682,90;160522,21;160676,20;3646349947,00;113520
WINFUT;15/09/2023;14:25:00;160716,37;160729,76;160522,21;160636,03;5370736096,00;167188
WINFUT;15/09/2023;14:20:00;160769,94;160790,02;160689,59;160716,37;3190280273,00;99245
WINFUT;15/09/2023;14:15:00;160756,55;160850,28;160749,85;160769,94;2716721622,00;84473
WINFUT;15/09/2023;14:10:00;160769,94;160810,11;160716,37;160763,24;1946137719,00;60527
WINFUT;15/09/2023;14:05:00;160803,41;160810,11;160696,29;160769,94;3764582523,00;117095
WINFUT;15/09/2023;14:00:00;160957,41;160964,10;160763,24;160803,41;4410304796,00;137098
WINFUT;15/09/2023;13:55:00;161004,28;161057,84;160910,54;160957,41;3040099152,00;94428
WINFUT;15/09/2023;13:50:00;161057,84;161064,53;160984,19;161004,28;1442612822,00;44796
WINFUT;15/09/2023;13:45:00;161077,93;161111,40;161017,67;161051,14;2094879279,00;65036
WINFUT;15/09/2023;13:40:00;161118,10;161158,27;161071,23;161084,62;2203361335,00;68382
WINFUT;15/09/2023;13:35:00;160964,10;161124,79;160937,32;161111,40;3249200279,00;100876
WINFUT;15/09/2023;13:30:00;160923,93;160997,58;160863,67;160970,80;2572885787,00;79935
WINFUT;15/09/2023;13:25:00;160970,80;161010,97;160917,24;160917,24;1396078448,00;43366
WINFUT;15/09/2023;13:20:00;160977,49;161024,36;160917,24;160977,49;1801650002,00;55964
WINFUT;15/09/2023;13:15:00;161071,23;161091,32;160910,54;160977,49;3421179578,00;106260
WINFUT;15/09/2023;13:10:00;161144,88;161178,36;161057,84;161071,23;3281841180,00;101849
WINFUT;15/09/2023;13:05:00;161124,79;161225,22;161111,40;161144,88;3608000962,00;111933
WINFUT;15/09/2023;13:00:00;160970,80;161131,49;160957,41;161124,79;2209675788,00;68596
WINFUT;15/09/2023;12:55:00;161024,36;161071,23;160910,54;160964,10;3509950055,00;109015
WINFUT;15/09/2023;12:50:00;161077,93;161131,49;161017,67;161031,06;3168748092,00;98360
WINFUT;15/09/2023;12:45:00;160883,76;161084,62;160836,89;161077,93;3767882227,00;117037
WINFUT;15/09/2023;12:40:00;160903,85;160937,32;160856,98;160883,76;1734370954,00;53894
WINFUT;15/09/2023;12:35:00;160937,32;160950,71;160823,50;160903,85;3619160930,00;112477
WINFUT;15/09/2023;12:30:00;161131,49;161158,27;160856,98;160937,32;5075569539,00;157616
WINFUT;15/09/2023;12:25:00;161198,44;161238,62;161098,01;161138,18;2734705565,00;84845
WINFUT;15/09/2023;12:20:00;161191,75;161292,18;161151,58;161205,14;3774964823,00;117074
WINFUT;15/09/2023;12:15:00;161238,62;161278,79;161057,84;161191,75;5013686361,00;155541
WINFUT;15/09/2023;12:10:00;161225,22;161345,74;161205,14;161238,62;2989990332,00;92699
WINFUT;15/09/2023;12:05:00;161218,53;161265,40;161111,40;161225,22;3529983380,00;109500
WINFUT;15/09/2023;12:00:00;161272,09;161318,96;161158,27;161211,83;3740192996,00;115971
WINFUT;15/09/2023;11:55:00;161252,01;161332,35;161131,49;161278,79;4711354762,00;146096
WINFUT;15/09/2023;11:50:00;161392,61;161392,61;161144,88;161245,31;6044392655,00;187415
WINFUT;15/09/2023;11:45:00;161426,09;161526,52;161359,13;161392,61;4232940462,00;131104
WINFUT;15/09/2023;11:40:00;161546,60;161606,86;161332,35;161426,09;6360728524,00;196962
WINFUT;15/09/2023;11:35:00;161426,09;161553,30;161345,74;161539,91;5853821758,00;181267
WINFUT;15/09/2023;11:30:00;161392,61;161486,35;161272,09;161426,09;5452973884,00;168947
WINFUT;15/09/2023;11:25:00;161345,74;161466,26;161318,96;161385,91;4557614616,00;141181
WINFUT;15/09/2023;11:20:00;161258,70;161406,00;161198,44;161352,44;5189995007,00;160877
WINFUT;15/09/2023;11:15:00;161158,27;161332,35;160990,89;161252,01;6841498988,00;212220
WINFUT;15/09/2023;11:10:00;161339,05;161372,52;161051,14;161164,97;8136255323,00;252349
WINFUT;15/09/2023;11:05:00;161479,65;161613,56;161285,48;161339,05;9714785524,00;300873
WINFUT;15/09/2023;11:00:00;161004,28;161600,17;160984,19;161486,35;1,521170479E10;471338
WINFUT;15/09/2023;10:55:00;161091,32;161111,40;160836,89;161004,28;8074002904,00;250841
WINFUT;15/09/2023;10:50:00;161158,27;161185,05;160984,19;161091,32;8069320193,00;250465
WINFUT;15/09/2023;10:45:00;161412,70;161439,48;161144,88;161158,27;9229621517,00;286166
WINFUT;15/09/2023;10:40:00;161580,08;161640,34;161305,57;161412,70;8692124048,00;269176
WINFUT;15/09/2023;10:35:00;161439,48;161613,56;161359,13;161580,08;8321400741,00;257653
WINFUT;15/09/2023;10:30:00;161486,35;161513,13;161238,62;161439,48;1,060932936E10;328762
WINFUT;15/09/2023;10:25:00;161586,78;161647,03;161432,78;161493,04;6408221270,00;198331
WINFUT;15/09/2023;10:20:00;161479,65;161606,86;161399,30;161586,78;6624044859,00;205053
WINFUT;15/09/2023;10:15:00;161787,64;161794,33;161399,30;161472,95;1,021283165E10;316094
WINFUT;15/09/2023;10:10:00;161821,12;161867,98;161647,03;161780,94;6845795818,00;211619
WINFUT;15/09/2023;10:05:00;161687,21;161914,85;161633,64;161827,81;7495569299,00;231627
WINFUT;15/09/2023;10:00:00;161720,68;161821,12;161600,17;161680,51;5970775876,00;184616
WINFUT;15/09/2023;09:55:00;161667,12;161774,25;161600,17;161713,99;3897536299,00;120530
WINFUT;15/09/2023;09:50:00;161707,29;161760,86;161606,86;161667,12;3186944819,00;98557
WINFUT;15/09/2023;09:45:00;161700,60;161787,64;161660,43;161707,29;4333070661,00;133964
WINFUT;15/09/2023;09:40:00;161600,17;161707,29;161580,08;161700,60;2814635552,00;87058
WINFUT;15/09/2023;09:35:00;161600,17;161673,82;161539,91;161606,86;3175508697,00;98253
WINFUT;15/09/2023;09:30:00;161707,29;161713,99;161539,91;161600,17;4777006770,00;147768
WINFUT;15/09/2023;09:25:00;161606,86;161727,38;161526,52;161713,99;4598637937,00;142266
WINFUT;15/09/2023;09:20:00;161801,03;161801,03;161600,17;161606,86;3728763796,00;115316
WINFUT;15/09/2023;09:15:00;161780,94;161827,81;161626,95;161801,03;5259818039,00;162613
WINFUT;15/09/2023;09:10:00;161955,02;161975,11;161774,25;161787,64;4122203790,00;127332
WINFUT;15/09/2023;09:05:00;161653,73;162001,89;161653,73;161961,72;6300382486,00;194607
WINFUT;15/09/2023;09:00:00;161693,90;161888,07;161559,99;161660,43;7080499076,00;218958
WINFUT;14/09/2023;17:50:00;161339,05;161359,13;161198,44;161198,44;1051096587,00;32586
WINFUT;14/09/2023;17:45:00;161278,79;161359,13;161252,01;161352,44;1512995264,00;46897
WINFUT;14/09/2023;17:40:00;161318,96;161318,96;161211,83;161278,79;2264026495,00;70198
WINFUT;14/09/2023;17:35:00;161318,96;161365,83;161285,48;161318,96;1422007454,00;44075
WINFUT;14/09/2023;17:30:00;161392,61;161432,78;161298,87;161318,96;1730567250,00;53621
WINFUT;14/09/2023;17:25:00;161399,30;161406,00;161359,13;161385,91;933236571,00;28914
WINFUT;14/09/2023;17:20:00;161412,70;161419,39;161359,13;161399,30;1311257935,00;40625
WINFUT;14/09/2023;17:15:00;161432,78;161452,87;161372,52;161412,70;1257022559,00;38938
WINFUT;14/09/2023;17:10:00;161472,95;161499,74;161419,39;161432,78;1457344926,00;45131
WINFUT;14/09/2023;17:05:00;161439,48;161513,13;161412,70;161472,95;1990413049,00;61638
WINFUT;14/09/2023;17:00:00;161493,04;161499,74;161339,05;161439,48;3879016631,00;120157
WINFUT;14/09/2023;16:55:00;161553,30;161553,30;161419,39;161499,74;4461629780,00;138152
WINFUT;14/09/2023;16:50:00;161660,43;161673,82;161533,21;161559,99;3627193688,00;112231
WINFUT;14/09/2023;16:45:00;161633,64;161693,90;161580,08;161660,43;2735205244,00;84608
WINFUT;14/09/2023;16:40:00;161660,43;161673,82;161586,78;161633,64;3026756997,00;93631
WINFUT;14/09/2023;16:35:00;161546,60;161727,38;161506,43;161660,43;4657157521,00;144053
WINFUT;14/09/2023;16:30:00;161613,56;161653,73;161466,26;161553,30;4961606276,00;153571
WINFUT;14/09/2023;16:25:00;161747,47;161774,25;161533,21;161606,86;5453003085,00;168657
WINFUT;14/09/2023;16:20:00;161841,20;161847,90;161720,68;161740,77;2568591078,00;79384
WINFUT;14/09/2023;16:15:00;161888,07;161928,24;161767,55;161841,20;4495882615,00;138895
WINFUT;14/09/2023;16:10:00;161901,46;161955,02;161827,81;161881,37;3948655035,00;121951
WINFUT;14/09/2023;16:05:00;161827,81;161955,02;161794,33;161901,46;4568949034,00;141129
WINFUT;14/09/2023;16:00:00;161653,73;161847,90;161633,64;161834,51;4174551558,00;129038
WINFUT;14/09/2023;15:55:00;161734,07;161740,77;161606,86;161647,03;1999996290,00;61855
WINFUT;14/09/2023;15:50:00;161734,07;161774,25;161633,64;161734,07;3672494631,00;113555
WINFUT;14/09/2023;15:45:00;161720,68;161740,77;161600,17;161734,07;3755141352,00;116144
WINFUT;14/09/2023;15:40:00;161653,73;161807,72;161626,95;161720,68;5007932591,00;154829
WINFUT;14/09/2023;15:35:00;161566,69;161693,90;161486,35;161653,73;4176824103,00;129244
WINFUT;14/09/2023;15:30:00;161533,21;161693,90;161499,74;161566,69;7657776063,00;236968
WINFUT;14/09/2023;15:25:00;161807,72;161827,81;161452,87;161526,52;8414443370,00;260290
WINFUT;14/09/2023;15:20:00;161807,72;161867,98;161794,33;161807,72;1586773266,00;49026
WINFUT;14/09/2023;15:15:00;161867,98;161874,68;161767,55;161807,72;3842352361,00;118726
WINFUT;14/09/2023;15:10:00;161807,72;161894,76;161794,33;161867,98;2637239399,00;81471
WINFUT;14/09/2023;15:05:00;161707,29;161867,98;161707,29;161801,03;3813516462,00;117849
WINFUT;14/09/2023;15:00:00;161760,86;161794,33;161687,21;161713,99;4166028425,00;128789
WINFUT;14/09/2023;14:55:00;161914,85;161934,94;161754,16;161760,86;4737713988,00;146365
WINFUT;14/09/2023;14:50:00;161707,29;161921,55;161673,82;161914,85;5267147999,00;162762
WINFUT;14/09/2023;14:45:00;161734,07;161814,42;161606,86;161713,99;5691705245,00;175998
WINFUT;14/09/2023;14:40:00;161687,21;161754,16;161673,82;161734,07;2851985679,00;88180
WINFUT;14/09/2023;14:35:00;161673,82;161747,47;161633,64;161680,51;3451439067,00;106740
WINFUT;14/09/2023;14:30:00;161573,39;161680,51;161553,30;161667,12;2996321808,00;92688
WINFUT;14/09/2023;14:25:00;161519,82;161640,34;161466,26;161566,69;5089529692,00;157517
WINFUT;14/09/2023;14:20:00;161613,56;161700,60;161486,35;161519,82;5902299389,00;182629
WINFUT;14/09/2023;14:15:00;161506,43;161620,25;161466,26;161606,86;6077818482,00;188107
WINFUT;14/09/2023;14:10:00;161392,61;161539,91;161379,22;161506,43;3732298766,00;115571
WINFUT;14/09/2023;14:05:00;161339,05;161419,39;161278,79;161385,91;3216592569,00;99673
WINFUT;14/09/2023;14:00:00;161258,70;161372,52;161231,92;161339,05;3375074699,00;104614
WINFUT;14/09/2023;13:55:00;161178,36;161265,40;161151,58;161258,70;2033863938,00;63083
WINFUT;14/09/2023;13:50:00;161231,92;161292,18;161164,97;161171,66;3100357974,00;96138
WINFUT;14/09/2023;13:45:00;161158,27;161238,62;161118,10;161225,22;2495662235,00;77424
WINFUT;14/09/2023;13:40:00;161211,83;161245,31;161138,18;161158,27;2122957108,00;65850
WINFUT;14/09/2023;13:35:00;161158,27;161225,22;161104,71;161205,14;2221366283,00;68915
WINFUT;14/09/2023;13:30:00;161118,10;161198,44;161031,06;161158,27;3458638443,00;107333
WINFUT;14/09/2023;13:25:00;161178,36;161198,44;161071,23;161118,10;2510271123,00;77901
WINFUT;14/09/2023;13:20:00;161191,75;161211,83;161124,79;161178,36;1748517567,00;54243
WINFUT;14/09/2023;13:15:00;161205,14;161272,09;161144,88;161198,44;3477030973,00;107841
WINFUT;14/09/2023;13:10:00;161104,71;161205,14;161098,01;161198,44;1986494174,00;61632
WINFUT;14/09/2023;13:05:00;161171,66;161218,53;161091,32;161098,01;2887604372,00;89589
WINFUT;14/09/2023;13:00:00;161071,23;161218,53;161044,45;161178,36;3140514261,00;97450
WINFUT;14/09/2023;12:55:00;161031,06;161151,58;161017,67;161077,93;3564599565,00;110641
WINFUT;14/09/2023;12:50:00;161017,67;161044,45;160964,10;161031,06;2342812616,00;72755
WINFUT;14/09/2023;12:45:00;161037,75;161077,93;160997,58;161024,36;1864139171,00;57880
WINFUT;14/09/2023;12:40:00;161064,53;161091,32;160997,58;161031,06;2936139317,00;91159
WINFUT;14/09/2023;12:35:00;161171,66;161205,14;161031,06;161071,23;2945891048,00;91431
WINFUT;14/09/2023;12:30:00;161225,22;161245,31;161138,18;161178,36;1917968591,00;59494
WINFUT;14/09/2023;12:25:00;161144,88;161225,22;161138,18;161225,22;2230603745,00;69196
WINFUT;14/09/2023;12:20:00;161231,92;161231,92;161077,93;161144,88;3441425800,00;106782
WINFUT;14/09/2023;12:15:00;161339,05;161365,83;161171,66;161225,22;3755759506,00;116452
WINFUT;14/09/2023;12:10:00;161205,14;161359,13;161164,97;161339,05;4100769922,00;127146
WINFUT;14/09/2023;12:05:00;161171,66;161265,40;161104,71;161211,83;3928496285,00;121851
WINFUT;14/09/2023;12:00:00;161406,00;161426,09;161144,88;161164,97;6984968731,00;216575
WINFUT;14/09/2023;11:55:00;161479,65;161566,69;161352,44;161399,30;5300448479,00;164147
WINFUT;14/09/2023;11:50:00;161446,17;161533,21;161339,05;161479,65;5891938759,00;182469
WINFUT;14/09/2023;11:45:00;161399,30;161486,35;161312,26;161446,17;4937584107,00;152959
WINFUT;14/09/2023;11:40:00;161272,09;161513,13;161258,70;161399,30;7857238148,00;243413
WINFUT;14/09/2023;11:35:00;161278,79;161318,96;161084,62;161278,79;6863174395,00;212846
WINFUT;14/09/2023;11:30:00;161024,36;161278,79;160964,10;161278,79;7273206277,00;225706
WINFUT;14/09/2023;11:25:00;160997,58;161044,45;160830,20;161031,06;6156861670,00;191272
WINFUT;14/09/2023;11:20:00;160756,55;161017,67;160682,90;161004,28;6598846912,00;205088
WINFUT;14/09/2023;11:15:00;160649,42;160816,81;160622,64;160749,85;5082253426,00;158095
WINFUT;14/09/2023;11:10:00;160736,46;160843,59;160582,47;160642,72;8117060489,00;252537
WINFUT;14/09/2023;11:05:00;160803,41;160810,11;160656,12;160729,76;7491538910,00;233036
WINFUT;14/09/2023;11:00:00;161051,14;161124,79;160790,02;160803,41;8017723802,00;249069
WINFUT;14/09/2023;10:55:00;160917,24;161064,53;160803,41;161051,14;5319939652,00;165283
WINFUT;14/09/2023;10:50:00;160930,63;161071,23;160810,11;160917,24;7260129369,00;225538
WINFUT;14/09/2023;10:45:00;161252,01;161278,79;160870,37;160930,63;9608384860,00;298225
WINFUT;14/09/2023;10:40:00;161379,22;161486,35;161178,36;161252,01;8646017690,00;267936
WINFUT;14/09/2023;10:35:00;161017,67;161459,56;161010,97;161385,91;1,031407078E10;319688
WINFUT;14/09/2023;10:30:00;160749,85;161185,05;160696,29;161017,67;1,262101974E10;391977
WINFUT;14/09/2023;10:25:00;160903,85;160997,58;160743,16;160743,16;6072986696,00;188746
WINFUT;14/09/2023;10:20:00;160923,93;161057,84;160836,89;160903,85;5710365181,00;177414
WINFUT;14/09/2023;10:15:00;161258,70;161258,70;160883,76;160930,63;7093988612,00;220298
WINFUT;14/09/2023;10:10:00;161191,75;161325,66;160984,19;161252,01;8256834847,00;256203
WINFUT;14/09/2023;10:05:00;160930,63;161352,44;160830,20;161191,75;1,451733056E10;450471
WINFUT;14/09/2023;10:00:00;161104,71;161178,36;160830,20;160923,93;7806074886,00;242411
WINFUT;14/09/2023;09:55:00;161198,44;161218,53;161010,97;161104,71;5064903561,00;157214
WINFUT;14/09/2023;09:50:00;161158,27;161385,91;161151,58;161191,75;8452316654,00;262064
WINFUT;14/09/2023;09:45:00;161124,79;161211,83;161044,45;161164,97;5487920438,00;170299
WINFUT;14/09/2023;09:40:00;160917,24;161178,36;160843,59;161124,79;6096709818,00;189288
WINFUT;14/09/2023;09:35:00;160957,41;160964,10;160810,11;160923,93;4094146826,00;127231
WINFUT;14/09/2023;09:30:00;161017,67;161057,84;160709,68;160957,41;9819759871,00;305260
WINFUT;14/09/2023;09:25:00;160836,89;161104,71;160830,20;161017,67;4185982865,00;130004
WINFUT;14/09/2023;09:20:00;160883,76;161037,75;160796,72;160830,20;5060586445,00;157245
WINFUT;14/09/2023;09:15:00;160830,20;161024,36;160756,55;160883,76;5487215191,00;170533
WINFUT;14/09/2023;09:10:00;160856,98;160944,02;160756,55;160830,20;2948259438,00;91649
WINFUT;14/09/2023;09:05:00;161084,62;161091,32;160796,72;160850,28;3474776138,00;107977
WINFUT;14/09/2023;09:00:00;160823,50;161198,44;160716,37;161091,32;1,074975991E10;333871
WINFUT;13/09/2023;17:50:00;159919,62;160013,36;159832,58;160013,36;1351517242,00;42260
WINFUT;13/09/2023;17:45:00;160013,36;160033,44;159899,54;159926,32;1719036190,00;53728
WINFUT;13/09/2023;17:40:00;160026,75;160033,44;159973,18;160020,05;923131573,70;28847
WINFUT;13/09/2023;17:35:00;159979,88;160046,83;159946,40;160033,44;1073984848,00;33564
WINFUT;13/09/2023;17:30:00;160006,66;160020,05;159926,32;159973,18;1546356885,00;48334
WINFUT;13/09/2023;17:25:00;159973,18;160040,14;159973,18;160013,36;824515429,20;25765
WINFUT;13/09/2023;17:20:00;159993,27;160053,53;159973,18;159979,88;1710550599,00;53450
WINFUT;13/09/2023;17:15:00;159993,27;160040,14;159953,10;159993,27;1779442938,00;55612
WINFUT;13/09/2023;17:10:00;159999,97;160066,92;159979,88;159993,27;1550220963,00;48436
WINFUT;13/09/2023;17:05:00;159986,58;160040,14;159926,32;159999,97;2395286884,00;74863
WINFUT;13/09/2023;17:00:00;160113,79;160127,18;159946,40;159979,88;2936544060,00;91740
WINFUT;13/09/2023;16:55:00;160040,14;160120,48;159986,58;160113,79;2419655153,00;75588
WINFUT;13/09/2023;16:50:00;159959,79;160060,22;159879,45;160040,14;4092764364,00;127922
WINFUT;13/09/2023;16:45:00;160040,14;160060,22;159926,32;159959,79;4666387909,00;145834
WINFUT;13/09/2023;16:40:00;160066,92;160133,87;159999,97;160033,44;2633511551,00;82265
WINFUT;13/09/2023;16:35:00;160066,92;160153,96;160053,53;160080,31;2648283887,00;82704
WINFUT;13/09/2023;16:30:00;160247,70;160274,48;160046,83;160066,92;4260670093,00;133008
WINFUT;13/09/2023;16:25:00;160187,44;160247,70;160153,96;160247,70;2282292090,00;71232
WINFUT;13/09/2023;16:20:00;160147,27;160214,22;160020,05;160187,44;4922754496,00;153733
WINFUT;13/09/2023;16:15:00;160133,87;160227,61;160100,40;160153,96;2573013166,00;80316
WINFUT;13/09/2023;16:10:00;160167,35;160234,31;160100,40;160133,87;3701682887,00;115557
WINFUT;13/09/2023;16:05:00;160301,26;160354,82;160113,79;160167,35;4695447327,00;146516
WINFUT;13/09/2023;16:00:00;160341,43;160394,99;160254,39;160301,26;3479213752,00;108512
WINFUT;13/09/2023;15:55:00;160194,13;160381,60;160080,31;160348,13;7178231403,00;224023
WINFUT;13/09/2023;15:50:00;160495,43;160502,12;160174,05;160194,13;7167274794,00;223544
WINFUT;13/09/2023;15:45:00;160508,82;160548,99;160455,25;160495,43;2285440395,00;71193
WINFUT;13/09/2023;15:40:00;160562,38;160575,77;160421,78;160508,82;4407482689,00;137311
WINFUT;13/09/2023;15:35:00;160542,29;160636,03;160502,12;160562,38;3385395550,00;105421
WINFUT;13/09/2023;15:30:00;160716,37;160723,07;160528,90;160542,29;4363922198,00;135855
WINFUT;13/09/2023;15:25:00;160622,64;160729,76;160589,16;160716,37;3590923087,00;111760
WINFUT;13/09/2023;15:20:00;160615,94;160642,72;160502,12;160622,64;4721739779,00;147031
WINFUT;13/09/2023;15:15:00;160669,51;160723,07;160575,77;160615,94;4096805796,00;127507
WINFUT;13/09/2023;15:10:00;160669,51;160877,06;160656,12;160676,20;5418425040,00;168518
WINFUT;13/09/2023;15:05:00;160810,11;160816,81;160602,55;160669,51;6748231245,00;209956
WINFUT;13/09/2023;15:00:00;160964,10;161004,28;160810,11;160810,11;3923780177,00;121928
WINFUT;13/09/2023;14:55:00;160997,58;161071,23;160957,41;160964,10;2950897842,00;91637
WINFUT;13/09/2023;14:50:00;161051,14;161071,23;160917,24;160990,89;3267620885,00;101480
WINFUT;13/09/2023;14:45:00;161151,58;161164,97;161031,06;161044,45;2804904245,00;87063
WINFUT;13/09/2023;14:40:00;161151,58;161198,44;161118,10;161151,58;1769522111,00;54898
WINFUT;13/09/2023;14:35:00;161171,66;161218,53;161111,40;161158,27;2751635639,00;85362
WINFUT;13/09/2023;14:30:00;161091,32;161178,36;160990,89;161171,66;4224615877,00;131132
WINFUT;13/09/2023;14:25:00;161198,44;161211,83;161071,23;161091,32;2442359199,00;75786
WINFUT;13/09/2023;14:20:00;161185,05;161225,22;161111,40;161198,44;2667328318,00;82754
WINFUT;13/09/2023;14:15:00;161131,49;161245,31;161104,71;161185,05;3386624852,00;105054
WINFUT;13/09/2023;14:10:00;161124,79;161218,53;161098,01;161138,18;3510171346,00;108903
WINFUT;13/09/2023;14:05:00;161077,93;161138,18;161010,97;161124,79;3459704177,00;107387
WINFUT;13/09/2023;14:00:00;160964,10;161077,93;160964,10;161071,23;3299156562,00;102439
WINFUT;13/09/2023;13:55:00;160877,06;160977,49;160870,37;160957,41;2434052510,00;75621
WINFUT;13/09/2023;13:50:00;160836,89;160930,63;160816,81;160883,76;2088617843,00;64912
WINFUT;13/09/2023;13:45:00;160823,50;160883,76;160763,24;160836,89;2889280738,00;89829
WINFUT;13/09/2023;13:40:00;160944,02;160957,41;160769,94;160830,20;3926663933,00;122067
WINFUT;13/09/2023;13:35:00;161017,67;161024,36;160890,45;160944,02;2971729958,00;92322
WINFUT;13/09/2023;13:30:00;161051,14;161124,79;160977,49;161017,67;3055403674,00;94867
WINFUT;13/09/2023;13:25:00;160984,19;161158,27;160984,19;161051,14;4803116786,00;149098
WINFUT;13/09/2023;13:20:00;160910,54;161004,28;160897,15;160990,89;1812694059,00;56307
WINFUT;13/09/2023;13:15:00;160964,10;160984,19;160890,45;160910,54;2542861837,00;79005
WINFUT;13/09/2023;13:10:00;160997,58;161024,36;160964,10;160964,10;1040788451,00;32325
WINFUT;13/09/2023;13:05:00;160964,10;161044,45;160957,41;160997,58;1375869100,00;42728
WINFUT;13/09/2023;13:00:00;160997,58;161051,14;160950,71;160970,80;1767474392,00;54894
WINFUT;13/09/2023;12:55:00;160984,19;161037,75;160923,93;160990,89;2591156909,00;80482
WINFUT;13/09/2023;12:50:00;161111,40;161111,40;160930,63;160984,19;4149125862,00;128845
WINFUT;13/09/2023;12:45:00;161111,40;161198,44;161098,01;161104,71;2634479732,00;81742
WINFUT;13/09/2023;12:40:00;161144,88;161171,66;161084,62;161111,40;1798481995,00;55811
WINFUT;13/09/2023;12:35:00;161178,36;161191,75;161104,71;161144,88;2154355532,00;66844
WINFUT;13/09/2023;12:30:00;161238,62;161245,31;161131,49;161178,36;2855364171,00;88577
WINFUT;13/09/2023;12:25:00;161339,05;161379,22;161178,36;161238,62;4566759601,00;141598
WINFUT;13/09/2023;12:20:00;161265,40;161352,44;161252,01;161345,74;2997891709,00;92930
WINFUT;13/09/2023;12:15:00;161526,52;161546,60;161252,01;161258,70;4952835343,00;153418
WINFUT;13/09/2023;12:10:00;161339,05;161566,69;161332,35;161519,82;7619456484,00;235948
WINFUT;13/09/2023;12:05:00;161298,87;161352,44;161238,62;161345,74;2884265293,00;89407
WINFUT;13/09/2023;12:00:00;161392,61;161432,78;161245,31;161305,57;4231340011,00;131124
WINFUT;13/09/2023;11:55:00;161426,09;161526,52;161332,35;161392,61;6969947565,00;215873
WINFUT;13/09/2023;11:50:00;161164,97;161466,26;161138,18;161432,78;6254559619,00;193849
WINFUT;13/09/2023;11:45:00;161318,96;161345,74;161131,49;161164,97;5125842097,00;158958
WINFUT;13/09/2023;11:40:00;161077,93;161446,17;161031,06;161325,66;1,412360648E10;437918
WINFUT;13/09/2023;11:35:00;160602,55;161077,93;160595,86;161071,23;1,019973743E10;316968
WINFUT;13/09/2023;11:30:00;160562,38;160776,63;160515,51;160602,55;7079735658,00;220304
WINFUT;13/09/2023;11:25:00;160649,42;160756,55;160535,60;160562,38;6241356429,00;194269
WINFUT;13/09/2023;11:20:00;160361,52;160682,90;160314,65;160649,42;6762580514,00;210653
WINFUT;13/09/2023;11:15:00;160468,64;160528,90;160287,87;160361,52;6134781005,00;191229
WINFUT;13/09/2023;11:10:00;160548,99;160595,86;160455,25;160468,64;4084261529,00;127214
WINFUT;13/09/2023;11:05:00;160749,85;160756,55;160435,17;160555,68;9211763801,00;286822
WINFUT;13/09/2023;11:00:00;160863,67;160910,54;160736,46;160749,85;6997442778,00;217555
WINFUT;13/09/2023;10:55:00;160656,12;160937,32;160569,08;160870,37;8543668586,00;265726
WINFUT;13/09/2023;10:50:00;160696,29;160823,50;160602,55;160656,12;7621395903,00;237110
WINFUT;13/09/2023;10:45:00;160555,68;160749,85;160495,43;160696,29;9094630358,00;283080
WINFUT;13/09/2023;10:40:00;160535,60;160582,47;160307,95;160555,68;9910487404,00;308829
WINFUT;13/09/2023;10:35:00;160508,82;160669,51;160394,99;160535,60;1,018666337E10;317270
WINFUT;13/09/2023;10:30:00;160026,75;160589,16;159973,18;160508,82;1,656949737E10;516680
WINFUT;13/09/2023;10:25:00;159839,28;160113,79;159819,19;160026,75;1,009257134E10;315392
WINFUT;13/09/2023;10:20:00;159450,94;159866,06;159437,55;159839,28;8951897507,00;280318
WINFUT;13/09/2023;10:15:00;159270,17;159517,90;159243,39;159444,25;6536979097,00;205063
WINFUT;13/09/2023;10:10:00;159410,77;159537,98;159169,74;159270,17;1,068094217E10;335126
WINFUT;13/09/2023;10:05:00;159665,20;159779,02;159350,51;159410,77;9894860764,00;310073
WINFUT;13/09/2023;10:00:00;159799,10;159832,58;159558,07;159658,50;6625798395,00;207449
WINFUT;13/09/2023;09:55:00;159845,97;159926,32;159745,54;159792,41;4803971305,00;150284
WINFUT;13/09/2023;09:50:00;159685,28;159899,54;159685,28;159845,97;6952446636,00;217526
WINFUT;13/09/2023;09:45:00;159598,24;159745,54;159497,81;159685,28;5506909199,00;172497
WINFUT;13/09/2023;09:40:00;159611,63;159678,59;159437,55;159598,24;7628836869,00;239059
WINFUT;13/09/2023;09:35:00;159444,25;159779,02;159410,77;159604,94;1,020805488E10;319732
WINFUT;13/09/2023;09:30:00;159377,29;159611,63;159029,13;159450,94;1,615192792E10;506896
WINFUT;13/09/2023;09:25:00;159430,86;159444,25;159303,64;159377,29;2850525884,00;89431
WINFUT;13/09/2023;09:20:00;159457,64;159477,73;159363,90;159437,55;1792576576,00;56224
WINFUT;13/09/2023;09:15:00;159444,25;159484,42;159337,12;159464,33;2867431493,00;89934
WINFUT;13/09/2023;09:10:00;159363,90;159450,94;159323,73;159450,94;2540532508,00;79694
WINFUT;13/09/2023;09:05:00;159444,25;159497,81;159310,34;159357,21;3475126083,00;109006
WINFUT;13/09/2023;09:00:00;159290,25;159511,20;159196,52;159444,25;5732359408,00;179825
WINFUT;12/09/2023;17:50:00;159531,29;159551,37;159397,38;159397,38;1446502704,00;45352
WINFUT;12/09/2023;17:45:00;159584,85;159631,72;159524,59;159531,29;1563455732,00;48984
WINFUT;12/09/2023;17:40:00;159598,24;159645,11;159578,16;159591,55;1282536142,00;40176
WINFUT;12/09/2023;17:35:00;159571,46;159645,11;159537,98;159604,94;1389586452,00;43533
WINFUT;12/09/2023;17:30:00;159537,98;159618,33;159517,90;159571,46;1897835629,00;59466
WINFUT;12/09/2023;17:25:00;159517,90;159551,37;159477,73;159537,98;1344034160,00;42128
WINFUT;12/09/2023;17:20:00;159511,20;159531,29;159464,33;159517,90;1616200078,00;50665
WINFUT;12/09/2023;17:15:00;159564,77;159571,46;159457,64;159511,20;3641541485,00;114144
WINFUT;12/09/2023;17:10:00;159785,71;159792,41;159524,59;159571,46;4282273181,00;134103
WINFUT;12/09/2023;17:05:00;159725,45;159812,50;159691,98;159785,71;3468249222,00;108544
WINFUT;12/09/2023;17:00:00;159584,85;159752,24;159571,46;159725,45;3210464950,00;100526
WINFUT;12/09/2023;16:55:00;159591,55;159705,37;159558,07;159591,55;3863237440,00;121013
WINFUT;12/09/2023;16:50:00;159504,51;159604,94;159491,12;159584,85;3738359468,00;117153
WINFUT;12/09/2023;16:45:00;159511,20;159524,59;159437,55;159497,81;2692174652,00;84405
WINFUT;12/09/2023;16:40:00;159511,20;159564,77;159484,42;159511,20;2429085426,00;76136
WINFUT;12/09/2023;16:35:00;159511,20;159591,55;159504,51;159511,20;2549803372,00;79904
WINFUT;12/09/2023;16:30:00;159564,77;159571,46;159471,03;159511,20;2541771284,00;79673
WINFUT;12/09/2023;16:25:00;159511,20;159571,46;159457,64;159564,77;3127424935,00;98035
WINFUT;12/09/2023;16:20:00;159558,07;159604,94;159491,12;159517,90;2453985222,00;76905
WINFUT;12/09/2023;16:15:00;159625,02;159651,81;159504,51;159564,77;3359961807,00;105283
WINFUT;12/09/2023;16:10:00;159598,24;159665,20;159578,16;159631,72;2608866118,00;81721
WINFUT;12/09/2023;16:05:00;159571,46;159638,41;159551,37;159604,94;2809089625,00;88008
WINFUT;12/09/2023;16:00:00;159517,90;159591,55;159471,03;159564,77;3590025719,00;112521
WINFUT;12/09/2023;15:55:00;159551,37;159598,24;159491,12;159511,20;3374807607,00;105765
WINFUT;12/09/2023;15:50:00;159671,89;159678,59;159531,29;159551,37;3601856531,00;112852
WINFUT;12/09/2023;15:45:00;159611,63;159732,15;159584,85;159671,89;3277216405,00;102626
WINFUT;12/09/2023;15:40:00;159698,67;159705,37;159591,55;159611,63;2556787811,00;80080
WINFUT;12/09/2023;15:35:00;159725,45;159805,80;159658,50;159691,98;3508815992,00;109839
WINFUT;12/09/2023;15:30:00;159799,10;159906,23;159705,37;159732,15;6090965411,00;190587
WINFUT;12/09/2023;15:25:00;159799,10;159872,75;159772,32;159805,80;2680355709,00;83856
WINFUT;12/09/2023;15:20:00;159805,80;159852,67;159752,24;159805,80;3156338473,00;98755
WINFUT;12/09/2023;15:15:00;159725,45;159832,58;159698,67;159812,50;4113747735,00;128741
WINFUT;12/09/2023;15:10:00;159665,20;159799,10;159651,81;159732,15;4578573089,00;143320
WINFUT;12/09/2023;15:05:00;159598,24;159698,67;159571,46;159665,20;2881065551,00;90237
WINFUT;12/09/2023;15:00:00;159678,59;159691,98;159504,51;159591,55;4407515289,00;138100
WINFUT;12/09/2023;14:55:00;159631,72;159725,45;159591,55;159685,28;3284124778,00;102845
WINFUT;12/09/2023;14:50:00;159671,89;159691,98;159571,46;159631,72;4160502559,00;130316
WINFUT;12/09/2023;14:45:00;159745,54;159758,93;159618,33;159671,89;4234687558,00;132592
WINFUT;12/09/2023;14:40:00;159866,06;159886,14;159738,85;159752,24;3924253269,00;122789
WINFUT;12/09/2023;14:35:00;159959,79;159979,88;159825,89;159872,75;4371769788,00;136707
WINFUT;12/09/2023;14:30:00;159879,45;160006,66;159872,75;159959,79;4900035436,00;153166
WINFUT;12/09/2023;14:25:00;159805,80;159919,62;159785,71;159879,45;3993210233,00;124897
WINFUT;12/09/2023;14:20:00;159638,41;159906,23;159638,41;159799,10;6498742913,00;203369
WINFUT;12/09/2023;14:15:00;159645,11;159678,59;159591,55;159645,11;2051947056,00;64273
WINFUT;12/09/2023;14:10:00;159638,41;159732,15;159611,63;159638,41;3387634704,00;106082
WINFUT;12/09/2023;14:05:00;159631,72;159678,59;159578,16;159638,41;2369282299,00;74210
WINFUT;12/09/2023;14:00:00;159571,46;159678,59;159524,59;159638,41;3716230179,00;116415
WINFUT;12/09/2023;13:55:00;159491,12;159578,16;159430,86;159571,46;3235680744,00;101427
WINFUT;12/09/2023;13:50:00;159524,59;159537,98;159450,94;159491,12;2028058442,00;63581
WINFUT;12/09/2023;13:45:00;159504,51;159598,24;159464,33;159524,59;4164526857,00;130525
WINFUT;12/09/2023;13:40:00;159544,68;159551,37;159424,16;159504,51;3569693606,00;111913
WINFUT;12/09/2023;13:35:00;159517,90;159564,77;159491,12;159551,37;2410187385,00;75538
WINFUT;12/09/2023;13:30:00;159651,81;159658,50;159504,51;159511,20;4191024178,00;131314
WINFUT;12/09/2023;13:25:00;159678,59;159745,54;159631,72;159651,81;4032993958,00;126274
WINFUT;12/09/2023;13:20:00;159544,68;159698,67;159517,90;159685,28;3264609155,00;102272
WINFUT;12/09/2023;13:15:00;159618,33;159625,02;159497,81;159537,98;2364148674,00;74090
WINFUT;12/09/2023;13:10:00;159517,90;159631,72;159497,81;159618,33;2781148170,00;87146
WINFUT;12/09/2023;13:05:00;159598,24;159618,33;159484,42;159517,90;3683770048,00;115446
WINFUT;12/09/2023;13:00:00;159651,81;159685,28;159551,37;159598,24;3681751164,00;115333
WINFUT;12/09/2023;12:55:00;159691,98;159691,98;159551,37;159651,81;5024390176,00;157382
WINFUT;12/09/2023;12:50:00;159832,58;159866,06;159671,89;159691,98;3369221893,00;105441
WINFUT;12/09/2023;12:45:00;159799,10;159866,06;159785,71;159832,58;1943624443,00;60803
WINFUT;12/09/2023;12:40:00;159705,37;159859,36;159658,50;159799,10;3909913169,00;122371
WINFUT;12/09/2023;12:35:00;159839,28;159845,97;159645,11;159705,37;5332923477,00;166934
WINFUT;12/09/2023;12:30:00;159879,45;159906,23;159805,80;159839,28;1708899043,00;53453
WINFUT;12/09/2023;12:25:00;159845,97;159912,93;159792,41;159879,45;2442177011,00;76390
WINFUT;12/09/2023;12:20:00;159866,06;159906,23;159825,89;159845,97;1969497243,00;61598
WINFUT;12/09/2023;12:15:00;159852,67;159939,71;159785,71;159872,75;3874890229,00;121190
WINFUT;12/09/2023;12:10:00;159953,10;159959,79;159839,28;159859,36;3522414576,00;110149
WINFUT;12/09/2023;12:05:00;159852,67;159966,49;159779,02;159946,40;7867972697,00;246044
WINFUT;12/09/2023;12:00:00;159718,76;159859,36;159685,28;159852,67;4045627919,00;126613
WINFUT;12/09/2023;11:55:00;159779,02;159792,41;159678,59;159725,45;2449874575,00;76690
WINFUT;12/09/2023;11:50:00;159718,76;159819,19;159618,33;159779,02;4463380106,00;139731
WINFUT;12/09/2023;11:45:00;159745,54;159799,10;159671,89;159718,76;4024946543,00;125990
WINFUT;12/09/2023;11:40:00;159618,33;159785,71;159604,94;159745,54;3823106575,00;119702
WINFUT;12/09/2023;11:35:00;159738,85;159745,54;159571,46;159618,33;4569501861,00;143116
WINFUT;12/09/2023;11:30:00;159631,72;159832,58;159578,16;159745,54;6212592167,00;194486
WINFUT;12/09/2023;11:25:00;159631,72;159725,45;159484,42;159631,72;6950403083,00;217760
WINFUT;12/09/2023;11:20:00;159671,89;159745,54;159537,98;159638,41;5920244986,00;185449
WINFUT;12/09/2023;11:15:00;159752,24;159792,41;159604,94;159665,20;5580105783,00;174717
WINFUT;12/09/2023;11:10:00;159584,85;159879,45;159571,46;159745,54;1,082707294E10;338885
WINFUT;12/09/2023;11:05:00;159584,85;159611,63;159464,33;159584,85;5346976872,00;167551
WINFUT;12/09/2023;11:00:00;159571,46;159591,55;159457,64;159584,85;4819354498,00;151053
WINFUT;12/09/2023;10:55:00;159571,46;159618,33;159471,03;159571,46;5098563088,00;159779
WINFUT;12/09/2023;10:50:00;159330,43;159598,24;159323,73;159578,16;8278716173,00;259550
WINFUT;12/09/2023;10:45:00;159497,81;159551,37;159296,95;159337,12;7244034861,00;227172
WINFUT;12/09/2023;10:40:00;159350,51;159544,68;159270,17;159497,81;1,27949181E10;401312
WINFUT;12/09/2023;10:35:00;159089,39;159383,99;158988,96;159343,82;1,311532559E10;411985
WINFUT;12/09/2023;10:30:00;158580,54;159156,35;158540,37;159089,39;1,499756943E10;471954
WINFUT;12/09/2023;10:25:00;158614,02;158660,89;158399,77;158580,54;9634124360,00;303867
WINFUT;12/09/2023;10:20:00;158727,84;158774,71;158540,37;158614,02;7844528236,00;247200
WINFUT;12/09/2023;10:15:00;158460,02;158741,23;158460,02;158721,15;6739955695,00;212464
WINFUT;12/09/2023;10:10:00;158627,41;158694,36;158460,02;158460,02;8809941541,00;277800
WINFUT;12/09/2023;10:05:00;158580,54;158834,97;158533,67;158634,10;1,116009673E10;351632
WINFUT;12/09/2023;10:00:00;158654,19;158727,84;158533,67;158580,54;6344091899,00;199961
WINFUT;12/09/2023;09:55:00;158660,89;158694,36;158513,59;158654,19;5777402779,00;182147
WINFUT;12/09/2023;09:50:00;158727,84;158768,01;158587,24;158660,89;4635184578,00;146057
WINFUT;12/09/2023;09:45:00;158647,50;158768,01;158620,71;158721,15;3092135647,00;97420
WINFUT;12/09/2023;09:40:00;158687,67;158808,19;158600,63;158647,50;5756983025,00;181380
WINFUT;12/09/2023;09:35:00;158634,10;158781,40;158573,85;158694,36;5820428666,00;183407
WINFUT;12/09/2023;09:30:00;158908,62;158915,31;158600,63;158627,41;6894045470,00;217157
WINFUT;12/09/2023;09:25:00;158855,05;159015,74;158848,36;158908,62;4395356188,00;138278
WINFUT;12/09/2023;09:20:00;158895,23;158935,40;158801,49;158855,05;3014377970,00;94879
WINFUT;12/09/2023;09:15:00;158821,58;158915,31;158801,49;158895,23;3136380251,00;98720
WINFUT;12/09/2023;09:10:00;158948,79;158955,48;158801,49;158821,58;3473497174,00;109319
WINFUT;12/09/2023;09:05:00;158955,48;159082,70;158875,14;158955,48;5562815016,00;174949
WINFUT;12/09/2023;09:00:00;158734,54;159015,74;158486,81;158955,48;9271200334,00;291967
WINFUT;11/09/2023;17:50:00;158707,75;158734,54;158567,15;158734,54;1592355805,00;50182
WINFUT;11/09/2023;17:45:00;158593,93;158721,15;158580,54;158701,06;2735711264,00;86208
WINFUT;11/09/2023;17:40:00;158573,85;158607,32;158526,98;158600,63;1835264431,00;57872
WINFUT;11/09/2023;17:35:00;158573,85;158627,41;158567,15;158573,85;1333188841,00;42030
WINFUT;11/09/2023;17:30:00;158634,10;158667,58;158573,85;158573,85;1710945853,00;53936
WINFUT;11/09/2023;17:25:00;158627,41;158694,36;158620,71;158627,41;1947682360,00;61381
WINFUT;11/09/2023;17:20:00;158607,32;158654,19;158593,93;158627,41;1549346837,00;48836
WINFUT;11/09/2023;17:15:00;158520,28;158607,32;158513,59;158607,32;1921555437,00;60590
WINFUT;11/09/2023;17:10:00;158419,85;158580,54;158413,16;158520,28;4036000754,00;127304
WINFUT;11/09/2023;17:05:00;158406,46;158439,94;158359,59;158413,16;2278322798,00;71918
WINFUT;11/09/2023;17:00:00;158453,33;158453,33;158372,98;158413,16;3013781435,00;95128
WINFUT;11/09/2023;16:55:00;158453,33;158473,42;158406,46;158446,63;2161911494,00;68227
WINFUT;11/09/2023;16:50:00;158486,81;158486,81;158413,16;158453,33;3699084574,00;116730
WINFUT;11/09/2023;16:45:00;158526,98;158526,98;158460,02;158486,81;2040998903,00;64388
WINFUT;11/09/2023;16:40:00;158486,81;158553,76;158446,63;158526,98;2950805847,00;93085
WINFUT;11/09/2023;16:35:00;158500,20;158533,67;158453,33;158486,81;2928534394,00;92386
WINFUT;11/09/2023;16:30:00;158560,46;158573,85;158480,11;158506,89;3763062091,00;118696
WINFUT;11/09/2023;16:25:00;158587,24;158620,71;158540,37;158567,15;1754610074,00;55322
WINFUT;11/09/2023;16:20:00;158540,37;158634,10;158480,11;158593,93;4560230536,00;143808
WINFUT;11/09/2023;16:15:00;158627,41;158640,80;158520,28;158547,06;4327211912,00;136449
WINFUT;11/09/2023;16:10:00;158667,58;158741,23;158607,32;158627,41;4540699106,00;143081
WINFUT;11/09/2023;16:05:00;158627,41;158674,28;158593,93;158660,89;2626753666,00;82791
WINFUT;11/09/2023;16:00:00;158573,85;158674,28;158540,37;158627,41;6359745973,00;200485
WINFUT;11/09/2023;15:55:00;158526,98;158593,93;158493,50;158573,85;2805658084,00;88484
WINFUT;11/09/2023;15:50:00;158493,50;158607,32;158480,11;158526,98;3697619976,00;116609
WINFUT;11/09/2023;15:45:00;158433,24;158547,06;158413,16;158500,20;4563465007,00;143963
WINFUT;11/09/2023;15:40:00;158426,55;158439,94;158359,59;158433,24;2955285348,00;93291
WINFUT;11/09/2023;15:35:00;158399,77;158493,50;158366,29;158426,55;3786239813,00;119489
WINFUT;11/09/2023;15:30:00;158379,68;158500,20;158332,81;158399,77;6034118844,00;190443
WINFUT;11/09/2023;15:25:00;158285,94;158386,38;158212,29;158379,68;6003777760,00;189632
WINFUT;11/09/2023;15:20:00;158205,60;158332,81;158111,86;158292,64;6071578239,00;191861
WINFUT;11/09/2023;15:15:00;158024,82;158232,38;157991,35;158198,90;7171410700,00;226764
WINFUT;11/09/2023;15:10:00;158011,43;158111,86;157951,17;158024,82;5973062331,00;188984
WINFUT;11/09/2023;15:05:00;157870,83;158031,52;157857,44;158018,13;4640708048,00;146895
WINFUT;11/09/2023;15:00:00;157830,66;157877,52;157783,79;157877,52;1826371961,00;57855
WINFUT;11/09/2023;14:55:00;157884,22;157884,22;157783,79;157823,96;2353494277,00;74561
WINFUT;11/09/2023;14:50:00;157837,35;157944,48;157830,66;157884,22;3308311651,00;104770
WINFUT;11/09/2023;14:45:00;157803,88;157897,61;157783,79;157837,35;2574201997,00;81539
WINFUT;11/09/2023;14:40:00;157837,35;157904,31;157763,70;157803,88;3239827742,00;102639
WINFUT;11/09/2023;14:35:00;157884,22;157984,65;157817,27;157844,05;3721524362,00;117845
WINFUT;11/09/2023;14:30:00;157937,78;157964,56;157837,35;157877,52;3435830315,00;108802
WINFUT;11/09/2023;14:25:00;157917,70;158004,74;157877,52;157937,78;3377561952,00;106917
WINFUT;11/09/2023;14:20:00;157937,78;158011,43;157803,88;157924,39;5552924901,00;175845
WINFUT;11/09/2023;14:15:00;157683,36;158031,52;157596,32;157937,78;1,083127057E10;343189
WINFUT;11/09/2023;14:10:00;157495,89;157690,05;157475,80;157683,36;6683385634,00;212075
WINFUT;11/09/2023;14:05:00;157315,11;157502,58;157295,02;157489,19;3894604926,00;123713
WINFUT;11/09/2023;14:00:00;157341,89;157449,02;157274,94;157321,81;4886311267,00;155260
WINFUT;11/09/2023;13:55:00;157248,16;157361,98;157241,46;157341,89;4487613170,00;142639
WINFUT;11/09/2023;13:50:00;157234,77;157288,33;157161,12;157248,16;3465748151,00;110218
WINFUT;11/09/2023;13:45:00;157201,29;157254,85;157174,51;157241,46;1596482654,00;50773
WINFUT;11/09/2023;13:40:00;157167,81;157214,68;157141,03;157194,59;1643202678,00;52272
WINFUT;11/09/2023;13:35:00;157147,73;157254,85;157141,03;157174,51;2342578792,00;74506
WINFUT;11/09/2023;13:30:00;157187,90;157241,46;157120,94;157141,03;3211810485,00;102168
WINFUT;11/09/2023;13:25:00;157134,34;157201,29;157100,86;157187,90;2479612648,00;78894
WINFUT;11/09/2023;13:20:00;157161,12;157207,98;157100,86;157134,34;3210895900,00;102148
WINFUT;11/09/2023;13:15:00;157094,16;157181,20;157067,38;157161,12;2704820960,00;86068
WINFUT;11/09/2023;13:10:00;157040,60;157147,73;157020,51;157100,86;3516080985,00;111917
WINFUT;11/09/2023;13:05:00;156946,86;157060,69;156926,78;157033,90;2874875907,00;91547
WINFUT;11/09/2023;13:00:00;156900,00;157000,43;156900,00;156940,17;2169837756,00;69122
WINFUT;11/09/2023;12:55:00;156839,74;156973,65;156833,04;156906,69;3489632162,00;111188
WINFUT;11/09/2023;12:50:00;156953,56;157013,82;156712,53;156833,04;5256803780,00;167577
WINFUT;11/09/2023;12:45:00;156826,35;156953,56;156786,17;156953,56;2880980801,00;91817
WINFUT;11/09/2023;12:40:00;156953,56;156973,65;156732,61;156826,35;4824780896,00;153815
WINFUT;11/09/2023;12:35:00;156879,91;156973,65;156859,82;156946,86;2130367292,00;67881
WINFUT;11/09/2023;12:30:00;156913,39;156946,86;156819,65;156886,61;2694446181,00;85872
WINFUT;11/09/2023;12:25:00;156893,30;156953,56;156839,74;156913,39;2758776383,00;87912
WINFUT;11/09/2023;12:20:00;156833,04;156926,78;156779,48;156893,30;2551829643,00;81336
WINFUT;11/09/2023;12:15:00;156853,13;156906,69;156786,17;156833,04;3100939652,00;98854
WINFUT;11/09/2023;12:10:00;156665,66;156873,21;156645,57;156853,13;5375330577,00;171431
WINFUT;11/09/2023;12:05:00;157020,51;157047,30;156598,70;156665,66;9278554461,00;295882
WINFUT;11/09/2023;12:00:00;157154,42;157161,12;156873,21;157027,21;7492721681,00;238606
WINFUT;11/09/2023;11:55:00;157167,81;157228,07;157100,86;157161,12;2668000182,00;84879
WINFUT;11/09/2023;11:50:00;157181,20;157281,63;157120,94;157167,81;3505635074,00;111500
WINFUT;11/09/2023;11:45:00;157194,59;157261,55;157120,94;157181,20;3613483596,00;114943
WINFUT;11/09/2023;11:40:00;157228,07;157355,28;157167,81;157187,90;5283601145,00;167980
WINFUT;11/09/2023;11:35:00;157067,38;157248,16;157047,30;157228,07;6193865686,00;197082
WINFUT;11/09/2023;11:30:00;157428,93;157475,80;157053,99;157074,08;8645324948,00;274890
WINFUT;11/09/2023;11:25:00;157536,06;157582,93;157368,67;157428,93;6819403062,00;216523
WINFUT;11/09/2023;11:20:00;157395,46;157569,54;157301,72;157542,75;7094756423,00;225303
WINFUT;11/09/2023;11:15:00;157268,24;157408,85;157228,07;157388,76;5094597535,00;161917
WINFUT;11/09/2023;11:10:00;157214,68;157301,72;157141,03;157261,55;6340850896,00;201640
WINFUT;11/09/2023;11:05:00;157047,30;157254,85;156980,34;157214,68;6987140583,00;222335
WINFUT;11/09/2023;11:00:00;156839,74;157080,77;156826,35;157047,30;6489580909,00;206737
WINFUT;11/09/2023;10:55:00;157000,43;157027,21;156766,09;156839,74;8425578259,00;268529
WINFUT;11/09/2023;10:50:00;156980,34;157114,25;156913,39;157000,43;6771629243,00;215643
WINFUT;11/09/2023;10:45:00;157301,72;157348,59;156900,00;156980,34;1,111715199E10;353907
WINFUT;11/09/2023;10:40:00;157281,63;157475,80;157174,51;157301,72;6673517414,00;212092
WINFUT;11/09/2023;10:35:00;157341,89;157475,80;157248,16;157274,94;6678709346,00;212213
WINFUT;11/09/2023;10:30:00;157382,07;157495,89;157207,98;157348,59;1,069879305E10;339924
WINFUT;11/09/2023;10:25:00;157254,85;157435,63;157134,34;157388,76;5627840515,00;178900
WINFUT;11/09/2023;10:20:00;157214,68;157341,89;157107,55;157261,55;6335647600,00;201463
WINFUT;11/09/2023;10:15:00;157221,38;157388,76;157174,51;157214,68;6284723336,00;199798
WINFUT;11/09/2023;10:10:00;157295,02;157341,89;157161,12;157214,68;6193010393,00;196921
WINFUT;11/09/2023;10:05:00;157382,07;157489,19;157221,38;157301,72;8474209137,00;269250
WINFUT;11/09/2023;10:00:00;157455,71;157469,11;157241,46;157375,37;8930374781,00;283765
WINFUT;11/09/2023;09:55:00;157569,54;157596,32;157442,32;157449,02;3595002204,00;114115
WINFUT;11/09/2023;09:50:00;157629,79;157656,58;157542,75;157576,23;2489949722,00;78999
WINFUT;11/09/2023;09:45:00;157710,14;157716,84;157589,62;157636,49;2360058292,00;74853
WINFUT;11/09/2023;09:40:00;157663,27;157716,84;157576,23;157710,14;2615704776,00;82962
WINFUT;11/09/2023;09:35:00;157596,32;157723,53;157569,54;157663,27;2940257592,00;93247
WINFUT;11/09/2023;09:30:00;157723,53;157736,92;157562,84;157596,32;4183020693,00;132661
WINFUT;11/09/2023;09:25:00;157616,40;157743,62;157596,32;157723,53;4476667749,00;141964
WINFUT;11/09/2023;09:20:00;157536,06;157629,79;157482,50;157623,10;3340323121,00;105999
WINFUT;11/09/2023;09:15:00;157449,02;157663,27;157415,54;157536,06;6526006933,00;207129
WINFUT;11/09/2023;09:10:00;157221,38;157462,41;157167,81;157455,71;6529940968,00;207577
WINFUT;11/09/2023;09:05:00;156833,04;157234,77;156812,96;157221,38;4948680614,00;157531
WINFUT;11/09/2023;09:00:00;157228,07;157234,77;156759,39;156833,04;6390990329,00;203620
WINFUT;08/09/2023;17:50:00;156304,11;156417,93;156136,72;156136,72;1042064426,00;33336
WINFUT;08/09/2023;17:45:00;156183,59;156344,28;156150,11;156304,11;1596940257,00;51109
WINFUT;08/09/2023;17:40:00;156163,50;156196,98;156109,94;156190,28;1144776697,00;36659
WINFUT;08/09/2023;17:35:00;156143,42;156203,67;156096,55;156156,81;1563514587,00;50064
WINFUT;08/09/2023;17:30:00;156250,54;156270,63;156109,94;156136,72;1637088320,00;52412
WINFUT;08/09/2023;17:25:00;156250,54;156290,71;156217,07;156257,24;721712522,20;23094
WINFUT;08/09/2023;17:20:00;156203,67;156310,80;156196,98;156257,24;2096148477,00;67072
WINFUT;08/09/2023;17:15:00;156270,63;156277,32;156156,81;156196,98;1829067299,00;58547
WINFUT;08/09/2023;17:10:00;156330,89;156337,58;156263,93;156277,32;1058208053,00;33853
WINFUT;08/09/2023;17:05:00;156304,11;156377,76;156243,85;156337,58;2837924548,00;90778
WINFUT;08/09/2023;17:00:00;156230,46;156324,19;156203,67;156310,80;2934646944,00;93904
WINFUT;08/09/2023;16:55:00;156096,55;156257,24;156096,55;156230,46;2717974875,00;87010
WINFUT;08/09/2023;16:50:00;156056,38;156176,89;156029,59;156096,55;3326358423,00;106547
WINFUT;08/09/2023;16:45:00;156083,16;156089,85;156009,51;156056,38;1986126380,00;63638
WINFUT;08/09/2023;16:40:00;156076,46;156096,55;155929,16;156083,16;3745043783,00;120021
WINFUT;08/09/2023;16:35:00;156223,76;156237,15;156036,29;156069,77;2773292057,00;88819
WINFUT;08/09/2023;16:30:00;156136,72;156290,71;156103,24;156217,07;3229321398,00;103359
WINFUT;08/09/2023;16:25:00;156116,63;156203,67;156076,46;156130,03;2362432818,00;75648
WINFUT;08/09/2023;16:20:00;156123,33;156176,89;156069,77;156123,33;2797632243,00;89601
WINFUT;08/09/2023;16:15:00;156237,15;156290,71;156116,63;156123,33;2449981923,00;78424
WINFUT;08/09/2023;16:10:00;156243,85;156310,80;156217,07;156237,15;2097748825,00;67123
WINFUT;08/09/2023;16:05:00;156150,11;156330,89;156143,42;156250,54;3653150309,00;116900
WINFUT;08/09/2023;16:00:00;156263,93;156263,93;156103,24;156150,11;2872552541,00;91967
WINFUT;08/09/2023;15:55:00;156196,98;156284,02;156196,98;156257,24;1673217337,00;53545
WINFUT;08/09/2023;15:50:00;156170,20;156243,85;156170,20;156196,98;1485297400,00;47540
WINFUT;08/09/2023;15:45:00;156210,37;156230,46;156150,11;156170,20;1755816585,00;56208
WINFUT;08/09/2023;15:40:00;156170,20;156297,41;156130,03;156210,37;3291998530,00;105378
WINFUT;08/09/2023;15:35:00;156109,94;156310,80;156103,24;156176,89;5026662356,00;160881
WINFUT;08/09/2023;15:30:00;156076,46;156116,63;156042,99;156109,94;1931379352,00;61872
WINFUT;08/09/2023;15:25:00;156136,72;156196,98;156063,07;156069,77;4175072019,00;133700
WINFUT;08/09/2023;15:20:00;156130,03;156156,81;156022,90;156143,42;3148115342,00;100845
WINFUT;08/09/2023;15:15:00;156203,67;156203,67;156029,59;156130,03;4087468533,00;130933
WINFUT;08/09/2023;15:10:00;156217,07;156230,46;156083,16;156203,67;4261427761,00;136441
WINFUT;08/09/2023;15:05:00;156310,80;156317,50;156183,59;156210,37;2384097676,00;76299
WINFUT;08/09/2023;15:00:00;156344,28;156371,06;156210,37;156310,80;2629493709,00;84128
WINFUT;08/09/2023;14:55:00;156277,32;156344,28;156263,93;156337,58;1853094880,00;59276
WINFUT;08/09/2023;14:50:00;156350,97;156424,62;156243,85;156277,32;3482684393,00;111387
WINFUT;08/09/2023;14:45:00;156310,80;156377,76;156290,71;156350,97;2033437421,00;65031
WINFUT;08/09/2023;14:40:00;156297,41;156330,89;156237,15;156304,11;2353947806,00;75306
WINFUT;08/09/2023;14:35:00;156458,10;156498,27;156290,71;156297,41;3685026222,00;117827
WINFUT;08/09/2023;14:30:00;156317,50;156471,49;156263,93;156464,80;4990091316,00;159574
WINFUT;08/09/2023;14:25:00;156444,71;156464,80;156304,11;156324,19;3222268857,00;103031
WINFUT;08/09/2023;14:20:00;156531,75;156625,48;156438,01;156444,71;4930014562,00;157477
WINFUT;08/09/2023;14:15:00;156417,93;156538,44;156384,45;156531,75;3659243930,00;116944
WINFUT;08/09/2023;14:10:00;156290,71;156438,01;156243,85;156417,93;4333546644,00;138588
WINFUT;08/09/2023;14:05:00;156217,07;156297,41;156150,11;156290,71;2346863312,00;75118
WINFUT;08/09/2023;14:00:00;156257,24;156304,11;156176,89;156217,07;2296361379,00;73494
WINFUT;08/09/2023;13:55:00;156290,71;156324,19;156196,98;156257,24;2316048751,00;74110
WINFUT;08/09/2023;13:50:00;156196,98;156330,89;156136,72;156290,71;3263354043,00;104429
WINFUT;08/09/2023;13:45:00;156237,15;156250,54;156130,03;156196,98;2466414207,00;78962
WINFUT;08/09/2023;13:40:00;156190,28;156270,63;156130,03;156237,15;2643414847,00;84614
WINFUT;08/09/2023;13:35:00;156049,68;156196,98;156049,68;156196,98;3465716608,00;110981
WINFUT;08/09/2023;13:30:00;156123,33;156123,33;155976,03;156056,38;3814372266,00;122217
WINFUT;08/09/2023;13:25:00;156183,59;156210,37;156083,16;156123,33;3255715888,00;104249
WINFUT;08/09/2023;13:20:00;156310,80;156357,67;156176,89;156183,59;2640746682,00;84500
WINFUT;08/09/2023;13:15:00;156330,89;156397,84;156243,85;156310,80;3279499488,00;104897
WINFUT;08/09/2023;13:10:00;156263,93;156357,67;156223,76;156330,89;2301228703,00;73623
WINFUT;08/09/2023;13:05:00;156190,28;156324,19;156170,20;156270,63;2748408721,00;87949
WINFUT;08/09/2023;13:00:00;156290,71;156364,36;156109,94;156183,59;5023902242,00;160795
WINFUT;08/09/2023;12:55:00;156217,07;156317,50;156203,67;156284,02;1982042707,00;63421
WINFUT;08/09/2023;12:50:00;156270,63;156270,63;156183,59;156223,76;1907469182,00;61051
WINFUT;08/09/2023;12:45:00;156063,07;156284,02;156009,51;156263,93;4859877451,00;155612
WINFUT;08/09/2023;12:40:00;156210,37;156243,85;156049,68;156063,07;3253251256,00;104168
WINFUT;08/09/2023;12:35:00;156183,59;156217,07;156136,72;156210,37;1687982187,00;54041
WINFUT;08/09/2023;12:30:00;156029,59;156223,76;156022,90;156176,89;3617123728,00;115841
WINFUT;08/09/2023;12:25:00;156130,03;156130,03;155982,73;156029,59;2781925923,00;89150
WINFUT;08/09/2023;12:20:00;156063,07;156150,11;156049,68;156123,33;1340782674,00;42945
WINFUT;08/09/2023;12:15:00;156136,72;156163,50;156042,99;156069,77;2199156898,00;70443
WINFUT;08/09/2023;12:10:00;156009,51;156163,50;155982,73;156136,72;3524491101,00;112907
WINFUT;08/09/2023;12:05:00;156190,28;156196,98;155962,64;156009,51;4541411825,00;145518
WINFUT;08/09/2023;12:00:00;156116,63;156196,98;156029,59;156190,28;3406250304,00;109099
WINFUT;08/09/2023;11:55:00;156022,90;156176,89;156002,81;156109,94;3706772504,00;118716
WINFUT;08/09/2023;11:50:00;156243,85;156263,93;155989,42;156029,59;5248288346,00;168105
WINFUT;08/09/2023;11:45:00;156130,03;156297,41;156116,63;156243,85;3336278843,00;106778
WINFUT;08/09/2023;11:40:00;156176,89;156250,54;156083,16;156130,03;3417475813,00;109428
WINFUT;08/09/2023;11:35:00;156190,28;156230,46;156130,03;156183,59;2940015812,00;94123
WINFUT;08/09/2023;11:30:00;156123,33;156190,28;156069,77;156190,28;4093691629,00;131103
WINFUT;08/09/2023;11:25:00;156196,98;156377,76;156083,16;156123,33;6338254921,00;202861
WINFUT;08/09/2023;11:20:00;156230,46;156297,41;156136,72;156196,98;5041289560,00;161358
WINFUT;08/09/2023;11:15:00;156364,36;156444,71;156217,07;156223,76;4792073736,00;153253
WINFUT;08/09/2023;11:10:00;156190,28;156417,93;156183,59;156364,36;4908885072,00;157014
WINFUT;08/09/2023;11:05:00;156324,19;156531,75;156170,20;156183,59;1,128296675E10;360720
WINFUT;08/09/2023;11:00:00;155902,38;156337,58;155882,30;156330,89;8580263237,00;274868
WINFUT;08/09/2023;10:55:00;155748,39;155955,94;155688,13;155902,38;5803943140,00;186230
WINFUT;08/09/2023;10:50:00;155708,22;155828,73;155647,96;155755,08;6266652252,00;201191
WINFUT;08/09/2023;10:45:00;155848,82;155855,51;155527,44;155714,91;8929710650,00;286843
WINFUT;08/09/2023;10:40:00;155768,47;155915,77;155634,57;155842,12;8793250717,00;282269
WINFUT;08/09/2023;10:35:00;156109,94;156196,98;155761,78;155768,47;9091974330,00;291479
WINFUT;08/09/2023;10:30:00;156250,54;156284,02;156029,59;156109,94;6795864491,00;217612
WINFUT;08/09/2023;10:25:00;156190,28;156330,89;156109,94;156257,24;4898868362,00;156793
WINFUT;08/09/2023;10:20:00;156223,76;156304,11;156156,81;156190,28;5331107030,00;170619
WINFUT;08/09/2023;10:15:00;155955,94;156237,15;155949,25;156230,46;5449370883,00;174550
WINFUT;08/09/2023;10:10:00;156002,81;156250,54;155942,55;155962,64;9251598964,00;296311
WINFUT;08/09/2023;10:05:00;156083,16;156143,42;155828,73;156009,51;7010993230,00;224762
WINFUT;08/09/2023;10:00:00;156069,77;156183,59;156002,81;156083,16;4845263209,00;155204
WINFUT;08/09/2023;09:55:00;155982,73;156109,94;155942,55;156069,77;3070947618,00;98403
WINFUT;08/09/2023;09:50:00;156029,59;156056,38;155915,77;155976,03;2145831391,00;68787
WINFUT;08/09/2023;09:45:00;155929,16;156042,99;155922,47;156036,29;2073172106,00;66447
WINFUT;08/09/2023;09:40:00;155935,86;156069,77;155902,38;155929,16;3475232596,00;111400
WINFUT;08/09/2023;09:35:00;155955,94;155969,34;155888,99;155935,86;1351275392,00;43330
WINFUT;08/09/2023;09:30:00;155955,94;156036,29;155828,73;155955,94;3991785614,00;128006
WINFUT;08/09/2023;09:25:00;155909,08;155996,12;155888,99;155955,94;1403465077,00;44997
WINFUT;08/09/2023;09:20:00;155915,77;156036,29;155882,30;155909,08;3086405241,00;98951
WINFUT;08/09/2023;09:15:00;155942,55;155989,42;155855,51;155915,77;2824384465,00;90568
WINFUT;08/09/2023;09:10:00;155741,69;155949,25;155688,13;155935,86;4260277435,00;136707
WINFUT;08/09/2023;09:05:00;155735,00;155996,12;155714,91;155735,00;5273562681,00;169171
WINFUT;08/09/2023;09:00:00;155761,78;155962,64;155373,45;155741,69;8943738242,00;287242
WINFUT;06/09/2023;17:50:00;157067,38;157167,81;157047,30;157154,42;1288375830,00;40998
WINFUT;06/09/2023;17:45:00;157087,47;157114,25;156993,73;157074,08;2398604343,00;76364
WINFUT;06/09/2023;17:40:00;157127,64;157154,42;157040,60;157080,77;1746624957,00;55591
WINFUT;06/09/2023;17:35:00;157174,51;157181,20;157094,16;157134,34;1532803611,00;48772
WINFUT;06/09/2023;17:30:00;157134,34;157181,20;157120,94;157174,51;1241874355,00;39512
WINFUT;06/09/2023;17:25:00;157134,34;157154,42;157040,60;157141,03;2080855972,00;66226
WINFUT;06/09/2023;17:20:00;157127,64;157201,29;157114,25;157134,34;1489725957,00;47396
WINFUT;06/09/2023;17:15:00;157194,59;157207,98;157114,25;157120,94;1563248204,00;49735
WINFUT;06/09/2023;17:10:00;157167,81;157221,38;157127,64;157201,29;1950202282,00;62041
WINFUT;06/09/2023;17:05:00;157154,42;157181,20;157080,77;157167,81;2929256467,00;93213
WINFUT;06/09/2023;17:00:00;157288,33;157288,33;157134,34;157154,42;3163104195,00;100606
WINFUT;06/09/2023;16:55:00;157301,72;157308,42;157181,20;157281,63;4097547205,00;130296
WINFUT;06/09/2023;16:50:00;157355,28;157375,37;157248,16;157301,72;3700591378,00;117622
WINFUT;06/09/2023;16:45:00;157402,15;157415,54;157321,81;157355,28;3525177137,00;111998
WINFUT;06/09/2023;16:40:00;157536,06;157549,45;157402,15;157402,15;2683913314,00;85217
WINFUT;06/09/2023;16:35:00;157442,32;157542,75;157435,63;157542,75;2035712208,00;64626
WINFUT;06/09/2023;16:30:00;157489,19;157603,01;157435,63;157442,32;4431044318,00;140637
WINFUT;06/09/2023;16:25:00;157522,67;157536,06;157449,02;157489,19;2178557548,00;69162
WINFUT;06/09/2023;16:20:00;157449,02;157529,36;157408,85;157522,67;2379773305,00;75563
WINFUT;06/09/2023;16:15:00;157442,32;157489,19;157408,85;157449,02;3433162086,00;109025
WINFUT;06/09/2023;16:10:00;157321,81;157462,41;157295,02;157435,63;4092939870,00;130042
WINFUT;06/09/2023;16:05:00;157388,76;157388,76;157281,63;157321,81;2578213251,00;81937
WINFUT;06/09/2023;16:00:00;157395,46;157408,85;157288,33;157388,76;4623470787,00;146909
WINFUT;06/09/2023;15:55:00;157562,84;157576,23;157355,28;157395,46;5173791297,00;164291
WINFUT;06/09/2023;15:50:00;157536,06;157582,93;157495,89;157562,84;2262307686,00;71801
WINFUT;06/09/2023;15:45:00;157636,49;157676,66;157455,71;157542,75;5326052680,00;169040
WINFUT;06/09/2023;15:40:00;157696,75;157716,84;157556,15;157629,79;3606321017,00;114393
WINFUT;06/09/2023;15:35:00;157562,84;157736,92;157549,45;157696,75;3460785169,00;109759
WINFUT;06/09/2023;15:30:00;157636,49;157676,66;157542,75;157556,15;2824915331,00;89612
WINFUT;06/09/2023;15:25:00;157603,01;157676,66;157576,23;157629,79;3200302975,00;101510
WINFUT;06/09/2023;15:20:00;157656,58;157656,58;157542,75;157609,71;2928694831,00;92920
WINFUT;06/09/2023;15:15:00;157750,31;157770,40;157582,93;157663,27;4524052973,00;143476
WINFUT;06/09/2023;15:10:00;157763,70;157803,88;157683,36;157743,62;3562476365,00;112918
WINFUT;06/09/2023;15:05:00;157870,83;157884,22;157723,53;157763,70;4114615313,00;130379
WINFUT;06/09/2023;15:00:00;157904,31;157964,56;157837,35;157864,13;3406031416,00;107851
WINFUT;06/09/2023;14:55:00;157844,05;157951,17;157830,66;157904,31;3102599150,00;98241
WINFUT;06/09/2023;14:50:00;157757,01;157877,52;157743,62;157844,05;3822489837,00;121100
WINFUT;06/09/2023;14:45:00;157710,14;157797,18;157683,36;157757,01;1988484886,00;63027
WINFUT;06/09/2023;14:40:00;157750,31;157750,31;157663,27;157703,44;1882775894,00;59693
WINFUT;06/09/2023;14:35:00;157703,44;157763,70;157690,05;157750,31;1806429006,00;57264
WINFUT;06/09/2023;14:30:00;157683,36;157736,92;157649,88;157703,44;1785574125,00;56615
WINFUT;06/09/2023;14:25:00;157716,84;157736,92;157623,10;157683,36;2793359285,00;88580
WINFUT;06/09/2023;14:20:00;157743,62;157763,70;157690,05;157710,14;1692787448,00;53662
WINFUT;06/09/2023;14:15:00;157663,27;157783,79;157643,19;157736,92;4340312853,00;137594
WINFUT;06/09/2023;14:10:00;157515,97;157663,27;157502,58;157656,58;2824158697,00;89618
WINFUT;06/09/2023;14:05:00;157623,10;157730,23;157515,97;157515,97;4746603636,00;150558
WINFUT;06/09/2023;14:00:00;157582,93;157643,19;157509,28;157623,10;2935167268,00;93139
WINFUT;06/09/2023;13:55:00;157502,58;157596,32;157482,50;157582,93;3140447998,00;99676
WINFUT;06/09/2023;13:50:00;157603,01;157696,75;157475,80;157502,58;4388551236,00;139234
WINFUT;06/09/2023;13:45:00;157556,15;157663,27;157549,45;157603,01;3247773666,00;103037
WINFUT;06/09/2023;13:40:00;157629,79;157649,88;157509,28;157549,45;4764341071,00;151174
WINFUT;06/09/2023;13:35:00;157777,09;157783,79;157603,01;157629,79;4936536922,00;156531
WINFUT;06/09/2023;13:30:00;157790,48;157870,83;157743,62;157777,09;3268958393,00;103580
WINFUT;06/09/2023;13:25:00;157884,22;157911,00;157777,09;157797,18;2659517836,00;84248
WINFUT;06/09/2023;13:20:00;157857,44;157984,65;157850,74;157877,52;4137968994,00;131017
WINFUT;06/09/2023;13:15:00;157830,66;157904,31;157723,53;157850,74;4159160020,00;131769
WINFUT;06/09/2023;13:10:00;157924,39;157951,17;157683,36;157830,66;7011024448,00;222142
WINFUT;06/09/2023;13:05:00;158038,21;158051,61;157911,00;157924,39;2552132908,00;80778
WINFUT;06/09/2023;13:00:00;157998,04;158051,61;157977,96;158038,21;1275807556,00;40370
WINFUT;06/09/2023;12:55:00;158011,43;158058,30;157944,48;157998,04;2615815274,00;82779
WINFUT;06/09/2023;12:50:00;158018,13;158085,08;157977,96;158004,74;2251215191,00;71232
WINFUT;06/09/2023;12:45:00;158131,95;158138,65;157984,65;158018,13;2419350524,00;76536
WINFUT;06/09/2023;12:40:00;158071,69;158138,65;158011,43;158125,25;2357437545,00;74568
WINFUT;06/09/2023;12:35:00;157977,96;158105,17;157951,17;158078,39;2536111141,00;80234
WINFUT;06/09/2023;12:30:00;158111,86;158138,65;157977,96;157984,65;3732443491,00;118087
WINFUT;06/09/2023;12:25:00;158065,00;158212,29;158044,91;158111,86;4527123585,00;143139
WINFUT;06/09/2023;12:20:00;157977,96;158098,47;157924,39;158065,00;4032155080,00;127572
WINFUT;06/09/2023;12:15:00;157890,92;158038,21;157857,44;157977,96;4870704632,00;154175
WINFUT;06/09/2023;12:10:00;157884,22;157977,96;157857,44;157890,92;3666569285,00;116096
WINFUT;06/09/2023;12:05:00;157931,09;158031,52;157850,74;157884,22;6175266425,00;195496
WINFUT;06/09/2023;12:00:00;158131,95;158232,38;157911,00;157931,09;8977055373,00;283986
WINFUT;06/09/2023;11:55:00;158118,56;158192,21;157977,96;158125,25;7147474410,00;226055
WINFUT;06/09/2023;11:50:00;158352,90;158406,46;158078,39;158111,86;7464581175,00;235912
WINFUT;06/09/2023;11:45:00;158513,59;158526,98;158218,99;158359,59;8729041119,00;275635
WINFUT;06/09/2023;11:40:00;158768,01;158808,19;158466,72;158506,89;7861626908,00;247856
WINFUT;06/09/2023;11:35:00;158694,36;158781,40;158634,10;158774,71;4805409927,00;151388
WINFUT;06/09/2023;11:30:00;158948,79;158962,18;158600,63;158687,67;1,176559861E10;370554
WINFUT;06/09/2023;11:25:00;159169,74;159216,60;158948,79;158948,79;6838996808,00;214932
WINFUT;06/09/2023;11:20:00;159638,41;159712,06;159163,04;159163,04;8987680036,00;281818
WINFUT;06/09/2023;11:15:00;159430,86;159645,11;159350,51;159631,72;5863387710,00;183786
WINFUT;06/09/2023;11:10:00;159437,55;159504,51;159296,95;159430,86;6875963250,00;215670
WINFUT;06/09/2023;11:05:00;159330,43;159437,55;159082,70;159430,86;1,085450564E10;340795
WINFUT;06/09/2023;11:00:00;159772,32;159785,71;159276,86;159323,73;1,140974265E10;357773
WINFUT;06/09/2023;10:55:00;159799,10;159886,14;159698,67;159779,02;5962581224,00;186553
WINFUT;06/09/2023;10:50:00;159645,11;159845,97;159584,85;159799,10;7298083846,00;228467
WINFUT;06/09/2023;10:45:00;159551,37;159712,06;159457,64;159645,11;9494911143,00;297443
WINFUT;06/09/2023;10:40:00;159350,51;159611,63;159156,35;159558,07;9827336415,00;308345
WINFUT;06/09/2023;10:35:00;159544,68;159584,85;159230,00;159357,21;1,061966662E10;333108
WINFUT;06/09/2023;10:30:00;159216,60;159584,85;159196,52;159551,37;1,224220509E10;383979
WINFUT;06/09/2023;10:25:00;159136,26;159276,86;158988,96;159216,60;8704425894,00;273503
WINFUT;06/09/2023;10:20:00;158955,48;159216,60;158895,23;159136,26;8769711812,00;275670
WINFUT;06/09/2023;10:15:00;159337,12;159357,21;158915,31;158962,18;1,150909964E10;361701
WINFUT;06/09/2023;10:10:00;159330,43;159471,03;159216,60;159337,12;1,044657786E10;327792
WINFUT;06/09/2023;10:05:00;159142,96;159363,90;159049,22;159337,12;1,019393538E10;320122
WINFUT;06/09/2023;10:00:00;159176,43;159303,64;159049,22;159149,65;8760072157,00;275170
WINFUT;06/09/2023;09:55:00;159183,13;159276,86;159142,96;159176,43;5242385231,00;164646
WINFUT;06/09/2023;09:50:00;158995,66;159196,52;158995,66;159183,13;3428888858,00;107758
WINFUT;06/09/2023;09:45:00;159022,44;159116,17;158988,96;158995,66;2803052394,00;88115
WINFUT;06/09/2023;09:40:00;158975,57;159089,39;158962,18;159029,13;2926737633,00;92019
WINFUT;06/09/2023;09:35:00;159082,70;159136,26;158928,70;158968,87;4577879797,00;143923
WINFUT;06/09/2023;09:30:00;158868,44;159116,17;158848,36;159082,70;6048027403,00;190187
WINFUT;06/09/2023;09:25:00;158828,27;158995,66;158821,58;158868,44;4327888179,00;136178
WINFUT;06/09/2023;09:20:00;158881,83;158922,01;158788,10;158834,97;3918492036,00;123341
WINFUT;06/09/2023;09:15:00;158982,27;158982,27;158814,88;158881,83;4805016084,00;151208
WINFUT;06/09/2023;09:10:00;159029,13;159069,31;158955,48;158982,27;2809283038,00;88340
WINFUT;06/09/2023;09:05:00;159009,05;159089,39;158848,36;159035,83;5924910206,00;186374
WINFUT;06/09/2023;09:00:00;159216,60;159350,51;158982,27;159009,05;7364423115,00;231355
WINFUT;05/09/2023;17:50:00;159169,74;159417,47;159142,96;159417,47;1420137810,00;44590
WINFUT;05/09/2023;17:45:00;159062,61;159169,74;159049,22;159169,74;1828457030,00;57454
WINFUT;05/09/2023;17:40:00;158988,96;159082,70;158942,09;159055,92;1925859344,00;60556
WINFUT;05/09/2023;17:35:00;159136,26;159163,04;158955,48;158988,96;2813913795,00;88460
WINFUT;05/09/2023;17:30:00;159109,48;159156,35;159042,52;159136,26;1753065395,00;55096
WINFUT;05/09/2023;17:25:00;159122,87;159156,35;159089,39;159109,48;1137178986,00;35735
WINFUT;05/09/2023;17:20:00;159022,44;159149,65;159009,05;159116,17;2367514767,00;74406
WINFUT;05/09/2023;17:15:00;158948,79;159082,70;158948,79;159022,44;2463075300,00;77446
WINFUT;05/09/2023;17:10:00;158988,96;158995,66;158881,83;158955,48;2403884771,00;75628
WINFUT;05/09/2023;17:05:00;159029,13;159122,87;158948,79;158982,27;3592216317,00;112952
WINFUT;05/09/2023;17:00:00;159149,65;159149,65;159002,35;159029,13;3017635688,00;94848
WINFUT;05/09/2023;16:55:00;159089,39;159176,43;159009,05;159149,65;4090557899,00;128567
WINFUT;05/09/2023;16:50:00;159296,95;159303,64;159042,52;159096,09;5753484523,00;180754
WINFUT;05/09/2023;16:45:00;159363,90;159390,68;159250,08;159296,95;4109039612,00;128958
WINFUT;05/09/2023;16:40:00;159383,99;159410,77;159330,43;159363,90;1894569801,00;59440
WINFUT;05/09/2023;16:35:00;159377,29;159410,77;159317,04;159390,68;2171923120,00;68141
WINFUT;05/09/2023;16:30:00;159310,34;159471,03;159303,64;159377,29;4626801254,00;145130
WINFUT;05/09/2023;16:25:00;159330,43;159343,82;159250,08;159310,34;2977242983,00;93449
WINFUT;05/09/2023;16:20:00;159169,74;159370,60;159156,35;159337,12;4554503039,00;142969
WINFUT;05/09/2023;16:15:00;159089,39;159236,69;159082,70;159163,04;3221971055,00;101215
WINFUT;05/09/2023;16:10:00;159035,83;159216,60;158975,57;159089,39;6614792272,00;207868
WINFUT;05/09/2023;16:05:00;159243,39;159270,17;159015,74;159035,83;6018639666,00;189090
WINFUT;05/09/2023;16:00:00;159370,60;159404,08;159236,69;159250,08;4374373922,00;137285
WINFUT;05/09/2023;15:55:00;159551,37;159551,37;159223,30;159363,90;6526103185,00;204759
WINFUT;05/09/2023;15:50:00;159645,11;159678,59;159484,42;159544,68;4070244426,00;127542
WINFUT;05/09/2023;15:45:00;159658,50;159685,28;159558,07;159638,41;3416117386,00;107004
WINFUT;05/09/2023;15:40:00;159558,07;159698,67;159511,20;159651,81;3894451139,00;121986
WINFUT;05/09/2023;15:35:00;159558,07;159604,94;159517,90;159551,37;2941857034,00;92188
WINFUT;05/09/2023;15:30:00;159424,16;159691,98;159350,51;159558,07;5596324107,00;175425
WINFUT;05/09/2023;15:25:00;159444,25;159484,42;159350,51;159424,16;3806962160,00;119407
WINFUT;05/09/2023;15:20:00;159450,94;159484,42;159397,38;159444,25;2744243196,00;86062
WINFUT;05/09/2023;15:15:00;159383,99;159491,12;159323,73;159450,94;3584623103,00;112433
WINFUT;05/09/2023;15:10:00;159283,56;159417,47;159276,86;159390,68;3135596523,00;98383
WINFUT;05/09/2023;15:05:00;159444,25;159444,25;159263,47;159290,25;5073021938,00;159187
WINFUT;05/09/2023;15:00:00;159457,64;159511,20;159377,29;159437,55;3680700679,00;115425
WINFUT;05/09/2023;14:55:00;159424,16;159524,59;159424,16;159457,64;4525804654,00;141899
WINFUT;05/09/2023;14:50:00;159270,17;159444,25;159243,39;159424,16;4266003150,00;133836
WINFUT;05/09/2023;14:45:00;159209,91;159317,04;159196,52;159263,47;3374962065,00;105944
WINFUT;05/09/2023;14:40:00;159296,95;159296,95;159142,96;159209,91;4033978268,00;126691
WINFUT;05/09/2023;14:35:00;159357,21;159357,21;159216,60;159290,25;5262777918,00;165200
WINFUT;05/09/2023;14:30:00;159390,68;159471,03;159330,43;159350,51;3752458325,00;117704
WINFUT;05/09/2023;14:25:00;159504,51;159504,51;159317,04;159390,68;5107930137,00;160227
WINFUT;05/09/2023;14:20:00;159484,42;159537,98;159437,55;159504,51;2621997553,00;82202
WINFUT;05/09/2023;14:15:00;159517,90;159537,98;159444,25;159484,42;3245074970,00;101730
WINFUT;05/09/2023;14:10:00;159578,16;159604,94;159497,81;159511,20;2500608620,00;78364
WINFUT;05/09/2023;14:05:00;159598,24;159618,33;159524,59;159584,85;2786398267,00;87309
WINFUT;05/09/2023;14:00:00;159678,59;159685,28;159558,07;159591,55;2805990524,00;87897
WINFUT;05/09/2023;13:55:00;159705,37;159705,37;159625,02;159685,28;1797864596,00;56301
WINFUT;05/09/2023;13:50:00;159738,85;159779,02;159651,81;159698,67;2598181997,00;81338
WINFUT;05/09/2023;13:45:00;159785,71;159792,41;159645,11;159738,85;4077385758,00;127641
WINFUT;05/09/2023;13:40:00;159892,84;159912,93;159772,32;159785,71;2412941914,00;75474
WINFUT;05/09/2023;13:35:00;159779,02;159912,93;159772,32;159892,84;2247612171,00;70300
WINFUT;05/09/2023;13:30:00;159785,71;159926,32;159765,63;159779,02;4116843980,00;128770
WINFUT;05/09/2023;13:25:00;159872,75;159879,45;159738,85;159779,02;2961110047,00;92654
WINFUT;05/09/2023;13:20:00;159772,32;159953,10;159678,59;159879,45;5047269450,00;157899
WINFUT;05/09/2023;13:15:00;159772,32;159825,89;159725,45;159772,32;2618079998,00;81931
WINFUT;05/09/2023;13:10:00;159705,37;159792,41;159698,67;159772,32;2698627191,00;84470
WINFUT;05/09/2023;13:05:00;159638,41;159725,45;159625,02;159705,37;1715550916,00;53716
WINFUT;05/09/2023;13:00:00;159645,11;159678,59;159591,55;159631,72;2526746462,00;79145
WINFUT;05/09/2023;12:55:00;159678,59;159738,85;159638,41;159645,11;2029352687,00;63543
WINFUT;05/09/2023;12:50:00;159691,98;159691,98;159625,02;159671,89;1685335791,00;52779
WINFUT;05/09/2023;12:45:00;159678,59;159725,45;159611,63;159691,98;2651340550,00;83025
WINFUT;05/09/2023;12:40:00;159752,24;159758,93;159665,20;159671,89;1890128829,00;59179
WINFUT;05/09/2023;12:35:00;159712,06;159779,02;159645,11;159752,24;3521295863,00;110246
WINFUT;05/09/2023;12:30:00;159812,50;159825,89;159691,98;159718,76;2969629672,00;92946
WINFUT;05/09/2023;12:25:00;159906,23;159926,32;159752,24;159812,50;5136761229,00;160686
WINFUT;05/09/2023;12:20:00;159926,32;159986,58;159845,97;159906,23;3399063937,00;106280
WINFUT;05/09/2023;12:15:00;159879,45;159933,01;159825,89;159933,01;3124971687,00;97736
WINFUT;05/09/2023;12:10:00;159805,80;159966,49;159732,15;159879,45;6115230329,00;191257
WINFUT;05/09/2023;12:05:00;159832,58;159892,84;159645,11;159805,80;6835983578,00;213906
WINFUT;05/09/2023;12:00:00;159497,81;159866,06;159444,25;159839,28;9664495473,00;302619
WINFUT;05/09/2023;11:55:00;159524,59;159604,94;159471,03;159504,51;4539526410,00;142285
WINFUT;05/09/2023;11:50:00;159303,64;159591,55;159283,56;159524,59;6192048923,00;194155
WINFUT;05/09/2023;11:45:00;159163,04;159337,12;159156,35;159303,64;4476999013,00;140536
WINFUT;05/09/2023;11:40:00;159270,17;159296,95;159116,17;159163,04;6447744468,00;202487
WINFUT;05/09/2023;11:35:00;159457,64;159544,68;159256,78;159270,17;6409145509,00;201077
WINFUT;05/09/2023;11:30:00;159571,46;159685,28;159397,38;159457,64;8534249758,00;267480
WINFUT;05/09/2023;11:25:00;159330,43;159578,16;159256,78;159571,46;8618445517,00;270284
WINFUT;05/09/2023;11:20:00;159276,86;159544,68;159250,08;159323,73;9392299225,00;294620
WINFUT;05/09/2023;11:15:00;159223,30;159283,56;159129,56;159276,86;5645661751,00;177312
WINFUT;05/09/2023;11:10:00;159276,86;159337,12;159189,82;159230,00;4742841998,00;148901
WINFUT;05/09/2023;11:05:00;159223,30;159317,04;159069,31;159283,56;8409186107,00;264122
WINFUT;05/09/2023;11:00:00;159136,26;159323,73;159035,83;159216,60;9284351117,00;291621
WINFUT;05/09/2023;10:55:00;158975,57;159189,82;158922,01;159129,56;6654922438,00;209199
WINFUT;05/09/2023;10:50:00;158694,36;159109,48;158614,02;158975,57;1,086675057E10;341877
WINFUT;05/09/2023;10:45:00;158855,05;158975,57;158614,02;158701,06;9544450313,00;300516
WINFUT;05/09/2023;10:40:00;158674,28;158875,14;158493,50;158855,05;1,058317376E10;333514
WINFUT;05/09/2023;10:35:00;158948,79;159009,05;158593,93;158667,58;1,197062036E10;376991
WINFUT;05/09/2023;10:30:00;158761,32;159049,22;158707,75;158948,79;1,367232135E10;430211
WINFUT;05/09/2023;10:25:00;158439,94;158881,83;158406,46;158768,01;1,049492716E10;330662
WINFUT;05/09/2023;10:20:00;158232,38;158493,50;158098,47;158439,94;9715685406,00;306883
WINFUT;05/09/2023;10:15:00;158446,63;158580,54;158165,43;158239,08;1,508578899E10;476309
WINFUT;05/09/2023;10:10:00;158667,58;158801,49;158433,24;158439,94;1,007323904E10;317542
WINFUT;05/09/2023;10:05:00;158754,62;158908,62;158580,54;158660,89;1,104197023E10;347767
WINFUT;05/09/2023;10:00:00;158647,50;158828,27;158567,15;158761,32;7407183956,00;233348
WINFUT;05/09/2023;09:55:00;158687,67;158761,32;158634,10;158647,50;3294175395,00;103786
WINFUT;05/09/2023;09:50:00;158667,58;158721,15;158614,02;158687,67;3146059666,00;99141
WINFUT;05/09/2023;09:45:00;158701,06;158727,84;158553,76;158674,28;6470492221,00;203950
WINFUT;05/09/2023;09:40:00;158761,32;158808,19;158634,10;158707,75;5717321967,00;180094
WINFUT;05/09/2023;09:35:00;158674,28;158768,01;158607,32;158768,01;4495120832,00;141645
WINFUT;05/09/2023;09:30:00;158593,93;158694,36;158426,55;158680,97;8731998702,00;275376
WINFUT;05/09/2023;09:25:00;158647,50;158667,58;158560,46;158587,24;5372535048,00;169370
WINFUT;05/09/2023;09:20:00;158734,54;158801,49;158634,10;158654,19;5607824221,00;176665
WINFUT;05/09/2023;09:15:00;159102,78;159149,65;158694,36;158741,23;9344805708,00;294060
WINFUT;05/09/2023;09:10:00;159236,69;159250,08;159089,39;159102,78;3474136704,00;109156
WINFUT;05/09/2023;09:05:00;159223,30;159283,56;159096,09;159236,69;5186677662,00;162917
WINFUT;05/09/2023;09:00:00;159424,16;159819,19;159183,13;159209,91;8477177591,00;265901
WINFUT;04/09/2023;17:50:00;159859,36;159933,01;159819,19;159933,01;1071133120,00;33497
WINFUT;04/09/2023;17:45:00;159819,19;159866,06;159792,41;159859,36;1335064195,00;41764
WINFUT;04/09/2023;17:40:00;159779,02;159852,67;159752,24;159819,19;1789963955,00;56003
WINFUT;04/09/2023;17:35:00;159799,10;159825,89;159752,24;159779,02;1271478381,00;39788
WINFUT;04/09/2023;17:30:00;159912,93;159919,62;159752,24;159805,80;2779808955,00;86968
WINFUT;04/09/2023;17:25:00;159912,93;159939,71;159886,14;159906,23;756910001,20;23667
WINFUT;04/09/2023;17:20:00;159912,93;159946,40;159886,14;159906,23;881432103,00;27559
WINFUT;04/09/2023;17:15:00;159906,23;159979,88;159899,54;159919,62;1587087342,00;49616
WINFUT;04/09/2023;17:10:00;159912,93;159919,62;159879,45;159906,23;663210093,20;20738
WINFUT;04/09/2023;17:05:00;159906,23;159939,71;159872,75;159912,93;1088356966,00;34032
WINFUT;04/09/2023;17:00:00;159906,23;159953,10;159866,06;159906,23;1750436848,00;54731
WINFUT;04/09/2023;16:55:00;159959,79;159966,49;159886,14;159912,93;1417267290,00;44310
WINFUT;04/09/2023;16:50:00;159959,79;160006,66;159906,23;159959,79;2413475537,00;75438
WINFUT;04/09/2023;16:45:00;159933,01;159973,18;159859,36;159953,10;1772038164,00;55404
WINFUT;04/09/2023;16:40:00;159892,84;159959,79;159886,14;159933,01;1338113630,00;41837
WINFUT;04/09/2023;16:35:00;159946,40;159959,79;159879,45;159899,54;1483814399,00;46396
WINFUT;04/09/2023;16:30:00;159959,79;159993,27;159912,93;159946,40;1438621060,00;44973
WINFUT;04/09/2023;16:25:00;159866,06;159993,27;159805,80;159959,79;3590843039,00;112282
WINFUT;04/09/2023;16:20:00;159879,45;159953,10;159852,67;159866,06;1837611870,00;57462
WINFUT;04/09/2023;16:15:00;159845,97;159953,10;159845,97;159879,45;1977832996,00;61844
WINFUT;04/09/2023;16:10:00;159819,19;159953,10;159772,32;159845,97;4460426492,00;139498
WINFUT;04/09/2023;16:05:00;159645,11;159832,58;159631,72;159825,89;3563813339,00;111546
WINFUT;04/09/2023;16:00:00;159671,89;159705,37;159578,16;159645,11;2905865782,00;91022
WINFUT;04/09/2023;15:55:00;159825,89;159832,58;159651,81;159665,20;3094854210,00;96880
WINFUT;04/09/2023;15:50:00;159819,19;159859,36;159772,32;159825,89;1966251311,00;61515
WINFUT;04/09/2023;15:45:00;159772,32;159839,28;159725,45;159825,89;2202817069,00;68933
WINFUT;04/09/2023;15:40:00;159812,50;159825,89;159752,24;159779,02;1228433027,00;38441
WINFUT;04/09/2023;15:35:00;159799,10;159839,28;159758,93;159805,80;1537973613,00;48123
WINFUT;04/09/2023;15:30:00;159785,71;159839,28;159732,15;159805,80;1979147766,00;61931
WINFUT;04/09/2023;15:25:00;159758,93;159792,41;159685,28;159785,71;2571989825,00;80506
WINFUT;04/09/2023;15:20:00;159698,67;159799,10;159685,28;159758,93;2432307773,00;76128
WINFUT;04/09/2023;15:15:00;159598,24;159738,85;159598,24;159691,98;2885053776,00;90338
WINFUT;04/09/2023;15:10:00;159604,94;159618,33;159524,59;159604,94;2235754756,00;70053
WINFUT;04/09/2023;15:05:00;159645,11;159658,50;159524,59;159604,94;3749754931,00;117486
WINFUT;04/09/2023;15:00:00;159725,45;159805,80;159618,33;159651,81;3660942114,00;114614
WINFUT;04/09/2023;14:55:00;159799,10;159845,97;159698,67;159732,15;2179527023,00;68211
WINFUT;04/09/2023;14:50:00;159792,41;159866,06;159765,63;159792,41;2355635259,00;73699
WINFUT;04/09/2023;14:45:00;159758,93;159825,89;159752,24;159785,71;2131670075,00;66702
WINFUT;04/09/2023;14:40:00;159852,67;159886,14;159705,37;159765,63;4045241367,00;126587
WINFUT;04/09/2023;14:35:00;159892,84;159912,93;159779,02;159859,36;3779450758,00;118220
WINFUT;04/09/2023;14:30:00;160120,48;160120,48;159819,19;159892,84;6061095771,00;189467
WINFUT;04/09/2023;14:25:00;160100,40;160194,13;160073,62;160113,79;2550161484,00;79630
WINFUT;04/09/2023;14:20:00;160174,05;160220,91;160093,70;160093,70;2167761924,00;67676
WINFUT;04/09/2023;14:15:00;160207,52;160241,00;160160,66;160174,05;1545621476,00;48242
WINFUT;04/09/2023;14:10:00;160361,52;160368,21;160147,27;160207,52;3775963011,00;117825
WINFUT;04/09/2023;14:05:00;160180,74;160468,64;160167,35;160361,52;4654966589,00;145176
WINFUT;04/09/2023;14:00:00;160200,83;160200,83;160127,18;160180,74;1339440022,00;41814
WINFUT;04/09/2023;13:55:00;160120,48;160200,83;160080,31;160200,83;2118349073,00;66132
WINFUT;04/09/2023;13:50:00;160160,66;160160,66;160073,62;160113,79;1722235790,00;53780
WINFUT;04/09/2023;13:45:00;160066,92;160160,66;160060,22;160153,96;2188923189,00;68356
WINFUT;04/09/2023;13:40:00;160227,61;160261,09;160060,22;160066,92;4687112745,00;146336
WINFUT;04/09/2023;13:35:00;160254,39;160321,35;160220,91;160227,61;2660620038,00;83003
WINFUT;04/09/2023;13:30:00;160247,70;160261,09;160194,13;160254,39;1283433805,00;40050
WINFUT;04/09/2023;13:25:00;160274,48;160301,26;160174,05;160254,39;2487573955,00;77629
WINFUT;04/09/2023;13:20:00;160281,17;160301,26;160207,52;160281,17;2289607923,00;71439
WINFUT;04/09/2023;13:15:00;160200,83;160334,74;160200,83;160287,87;3148058119,00;98203
WINFUT;04/09/2023;13:10:00;160207,52;160241,00;160160,66;160207,52;2194126058,00;68482
WINFUT;04/09/2023;13:05:00;160261,09;160294,56;160187,44;160207,52;2833317574,00;88417
WINFUT;04/09/2023;13:00:00;160294,56;160321,35;160227,61;160267,78;2360001961,00;73626
WINFUT;04/09/2023;12:55:00;160348,13;160354,82;160254,39;160301,26;2425691182,00;75662
WINFUT;04/09/2023;12:50:00;160294,56;160368,21;160287,87;160348,13;1383757350,00;43154
WINFUT;04/09/2023;12:45:00;160361,52;160394,99;160287,87;160294,56;2978549012,00;92883
WINFUT;04/09/2023;12:40:00;160415,08;160421,78;160348,13;160361,52;2283892679,00;71201
WINFUT;04/09/2023;12:35:00;160428,47;160488,73;160408,39;160415,08;1682278707,00;52424
WINFUT;04/09/2023;12:30:00;160468,64;160488,73;160394,99;160428,47;1881995153,00;58654
WINFUT;04/09/2023;12:25:00;160441,86;160482,04;160394,99;160468,64;2096888455,00;65350
WINFUT;04/09/2023;12:20:00;160408,39;160461,95;160368,21;160448,56;2760961943,00;86059
WINFUT;04/09/2023;12:15:00;160421,78;160522,21;160408,39;160408,39;2532294275,00;78902
WINFUT;04/09/2023;12:10:00;160455,25;160502,12;160401,69;160428,47;3074514105,00;95812
WINFUT;04/09/2023;12:05:00;160522,21;160602,55;160435,17;160448,56;3872933723,00;120633
WINFUT;04/09/2023;12:00:00;160515,51;160542,29;160428,47;160522,21;3593136792,00;111947
WINFUT;04/09/2023;11:55:00;160595,86;160649,42;160448,56;160508,82;3586770337,00;111709
WINFUT;04/09/2023;11:50:00;160542,29;160656,12;160495,43;160602,55;3906423246,00;121625
WINFUT;04/09/2023;11:45:00;160609,25;160636,03;160502,12;160535,60;5320315790,00;165686
WINFUT;04/09/2023;11:40:00;160669,51;160716,37;160602,55;160609,25;2397217461,00;74604
WINFUT;04/09/2023;11:35:00;160723,07;160749,85;160622,64;160676,20;2615331407,00;81375
WINFUT;04/09/2023;11:30:00;160629,33;160769,94;160602,55;160723,07;3261280220,00;101467
WINFUT;04/09/2023;11:25:00;160615,94;160749,85;160602,55;160629,33;3290764385,00;102404
WINFUT;04/09/2023;11:20:00;160615,94;160823,50;160602,55;160609,25;6196488703,00;192778
WINFUT;04/09/2023;11:15:00;160682,90;160736,46;160562,38;160622,64;3769268477,00;117322
WINFUT;04/09/2023;11:10:00;160769,94;160823,50;160629,33;160676,20;3875457737,00;120577
WINFUT;04/09/2023;11:05:00;160830,20;160836,89;160622,64;160776,63;6462647344,00;201031
WINFUT;04/09/2023;11:00:00;160696,29;160870,37;160622,64;160843,59;6755103923,00;210088
WINFUT;04/09/2023;10:55:00;160602,55;160783,33;160548,99;160696,29;5690374314,00;177068
WINFUT;04/09/2023;10:50:00;160488,73;160763,24;160455,25;160602,55;9673552697,00;301083
WINFUT;04/09/2023;10:45:00;160368,21;160535,60;160314,65;160495,43;5623648838,00;175252
WINFUT;04/09/2023;10:40:00;160394,99;160488,73;160307,95;160374,91;5461050679,00;170239
WINFUT;04/09/2023;10:35:00;160542,29;160548,99;160341,43;160394,99;4725679366,00;147285
WINFUT;04/09/2023;10:30:00;160294,56;160569,08;160267,78;160548,99;1,002780252E10;312524
WINFUT;04/09/2023;10:25:00;160026,75;160374,91;159939,71;160287,87;1,012251142E10;315970
WINFUT;04/09/2023;10:20:00;159953,10;160133,87;159819,19;160026,75;8758327450,00;273720
WINFUT;04/09/2023;10:15:00;159524,59;160073,62;159524,59;159953,10;1,262190316E10;394768
WINFUT;04/09/2023;10:10:00;159558,07;159872,75;159511,20;159524,59;9698256438,00;303666
WINFUT;04/09/2023;10:05:00;159504,51;159725,45;159497,81;159558,07;9892752402,00;309901
WINFUT;04/09/2023;10:00:00;159464,33;159544,68;159410,77;159497,81;4659054190,00;146076
WINFUT;04/09/2023;09:55:00;159504,51;159564,77;159450,94;159464,33;3247345933,00;101800
WINFUT;04/09/2023;09:50:00;159551,37;159604,94;159491,12;159504,51;2635199273,00;82585
WINFUT;04/09/2023;09:45:00;159611,63;159678,59;159524,59;159558,07;3553835284,00;111332
WINFUT;04/09/2023;09:40:00;159691,98;159712,06;159571,46;159611,63;3466764410,00;108578
WINFUT;04/09/2023;09:35:00;159772,32;159819,19;159685,28;159691,98;2966495360,00;92853
WINFUT;04/09/2023;09:30:00;159779,02;159866,06;159765,63;159772,32;3555881121,00;111249
WINFUT;04/09/2023;09:25:00;159712,06;159799,10;159678,59;159772,32;3502423482,00;109631
WINFUT;04/09/2023;09:20:00;159558,07;159712,06;159531,29;159712,06;3518284650,00;110200
WINFUT;04/09/2023;09:15:00;159477,73;159598,24;159477,73;159551,37;2899061384,00;90860
WINFUT;04/09/2023;09:10:00;159504,51;159564,77;159464,33;159477,73;2306292547,00;72288
WINFUT;04/09/2023;09:05:00;159631,72;159685,28;159491,12;159497,81;3007920344,00;94249
WINFUT;04/09/2023;09:00:00;159752,24;160040,14;159584,85;159631,72;5241773780,00;164018
WINFUT;01/09/2023;17:50:00;159611,63;159625,02;159437,55;159437,55;1049758640,00;32899
WINFUT;01/09/2023;17:45:00;159658,50;159691,98;159551,37;159611,63;1904858232,00;59672
WINFUT;01/09/2023;17:40:00;159718,76;159725,45;159618,33;159658,50;1507683301,00;47213
WINFUT;01/09/2023;17:35:00;159819,19;159852,67;159712,06;159718,76;1329235249,00;41601
WINFUT;01/09/2023;17:30:00;159912,93;159933,01;159785,71;159819,19;1447181919,00;45267
WINFUT;01/09/2023;17:25:00;159859,36;159953,10;159852,67;159919,62;1319879415,00;41269
WINFUT;01/09/2023;17:20:00;159959,79;159966,49;159825,89;159859,36;1775815633,00;55537
WINFUT;01/09/2023;17:15:00;159979,88;160013,36;159946,40;159966,49;997283131,70;31169
WINFUT;01/09/2023;17:10:00;159946,40;159993,27;159926,32;159979,88;1058638146,00;33091
WINFUT;01/09/2023;17:05:00;159879,45;159993,27;159825,89;159939,71;2391579874,00;74771
WINFUT;01/09/2023;17:00:00;159799,10;159892,84;159765,63;159886,14;2467861315,00;77197
WINFUT;01/09/2023;16:55:00;159832,58;159852,67;159705,37;159805,80;4018175977,00;125746
WINFUT;01/09/2023;16:50:00;160020,05;160020,05;159819,19;159832,58;4176855401,00;130607
WINFUT;01/09/2023;16:45:00;160020,05;160113,79;159993,27;160020,05;2412884406,00;75377
WINFUT;01/09/2023;16:40:00;160006,66;160053,53;159986,58;160013,36;1427515465,00;44605
WINFUT;01/09/2023;16:35:00;159953,10;160073,62;159946,40;160013,36;2621472230,00;81914
WINFUT;01/09/2023;16:30:00;160066,92;160133,87;159933,01;159953,10;3610165401,00;112802
WINFUT;01/09/2023;16:25:00;160046,83;160147,27;160033,44;160060,22;2078409413,00;64912
WINFUT;01/09/2023;16:20:00;160107,09;160133,87;159999,97;160046,83;2789029835,00;87132
WINFUT;01/09/2023;16:15:00;159926,32;160174,05;159919,62;160107,09;5523407630,00;172527
WINFUT;01/09/2023;16:10:00;159825,89;160006,66;159799,10;159926,32;3272641149,00;102320
WINFUT;01/09/2023;16:05:00;159926,32;159946,40;159799,10;159825,89;2491188145,00;77919
WINFUT;01/09/2023;16:00:00;159839,28;159966,49;159832,58;159926,32;2532079895,00;79170
WINFUT;01/09/2023;15:55:00;159879,45;159892,84;159825,89;159839,28;2209207761,00;69098
WINFUT;01/09/2023;15:50:00;159886,14;159966,49;159872,75;159872,75;1980976335,00;61939
WINFUT;01/09/2023;15:45:00;159866,06;159966,49;159852,67;159892,84;2604397696,00;81432
WINFUT;01/09/2023;15:40:00;159772,32;159886,14;159758,93;159872,75;2540128155,00;79458
WINFUT;01/09/2023;15:35:00;159805,80;159839,28;159752,24;159772,32;1520971949,00;47593
WINFUT;01/09/2023;15:30:00;159752,24;159839,28;159745,54;159805,80;2182506813,00;68290
WINFUT;01/09/2023;15:25:00;159785,71;159812,50;159698,67;159745,54;3780490086,00;118326
WINFUT;01/09/2023;15:20:00;159973,18;160020,05;159785,71;159792,41;4354035331,00;136138
WINFUT;01/09/2023;15:15:00;159933,01;159979,88;159886,14;159966,49;2521118027,00;78817
WINFUT;01/09/2023;15:10:00;159825,89;159953,10;159805,80;159933,01;2065050573,00;64579
WINFUT;01/09/2023;15:05:00;159839,28;159919,62;159805,80;159819,19;2507519688,00;78424
WINFUT;01/09/2023;15:00:00;159872,75;159872,75;159752,24;159832,58;2966442312,00;92808
WINFUT;01/09/2023;14:55:00;159792,41;159906,23;159779,02;159866,06;3363805323,00;105223
WINFUT;01/09/2023;14:50:00;159658,50;159799,10;159651,81;159792,41;3093056247,00;96825
WINFUT;01/09/2023;14:45:00;159645,11;159685,28;159604,94;159665,20;1675235649,00;52467
WINFUT;01/09/2023;14:40:00;159651,81;159685,28;159604,94;159638,41;1621524968,00;50785
WINFUT;01/09/2023;14:35:00;159625,02;159665,20;159578,16;159651,81;1805257802,00;56548
WINFUT;01/09/2023;14:30:00;159618,33;159645,11;159531,29;159618,33;2681515510,00;84014
WINFUT;01/09/2023;14:25:00;159504,51;159645,11;159430,86;159618,33;4358295425,00;136583
WINFUT;01/09/2023;14:20:00;159544,68;159558,07;159471,03;159504,51;1935293752,00;60663
WINFUT;01/09/2023;14:15:00;159531,29;159564,77;159477,73;159544,68;2088372241,00;65457
WINFUT;01/09/2023;14:10:00;159471,03;159537,98;159464,33;159531,29;1719379136,00;53898
WINFUT;01/09/2023;14:05:00;159424,16;159511,20;159404,08;159471,03;2187657749,00;68599
WINFUT;01/09/2023;14:00:00;159270,17;159444,25;159256,78;159424,16;2500397128,00;78442
WINFUT;01/09/2023;13:55:00;159276,86;159377,29;159256,78;159263,47;2656173767,00;83362
WINFUT;01/09/2023;13:50:00;159303,64;159343,82;159243,39;159270,17;2012671267,00;63176
WINFUT;01/09/2023;13:45:00;159223,30;159310,34;159142,96;159296,95;2777781532,00;87226
WINFUT;01/09/2023;13:40:00;159303,64;159337,12;159089,39;159230,00;5196176010,00;163171
WINFUT;01/09/2023;13:35:00;159524,59;159578,16;159263,47;159303,64;4386170233,00;137578
WINFUT;01/09/2023;13:30:00;159524,59;159665,20;159484,42;159524,59;2986725014,00;93587
WINFUT;01/09/2023;13:25:00;159698,67;159698,67;159517,90;159524,59;2405186030,00;75354
WINFUT;01/09/2023;13:20:00;159685,28;159712,06;159591,55;159698,67;2806648775,00;87901
WINFUT;01/09/2023;13:15:00;159591,55;159712,06;159571,46;159685,28;3096005477,00;96958
WINFUT;01/09/2023;13:10:00;159444,25;159618,33;159437,55;159584,85;2353125761,00;73746
WINFUT;01/09/2023;13:05:00;159437,55;159524,59;159383,99;159437,55;1949082791,00;61117
WINFUT;01/09/2023;13:00:00;159564,77;159578,16;159397,38;159444,25;3094510417,00;97020
WINFUT;01/09/2023;12:55:00;159564,77;159631,72;159531,29;159564,77;1718396506,00;53839
WINFUT;01/09/2023;12:50:00;159517,90;159618,33;159484,42;159571,46;2726891899,00;85443
WINFUT;01/09/2023;12:45:00;159491,12;159558,07;159390,68;159524,59;2396538144,00;75134
WINFUT;01/09/2023;12:40:00;159450,94;159497,81;159330,43;159491,12;2669729746,00;83735
WINFUT;01/09/2023;12:35:00;159350,51;159564,77;159343,82;159457,64;3481314338,00;109160
WINFUT;01/09/2023;12:30:00;159497,81;159531,29;159303,64;159350,51;5280010127,00;165623
WINFUT;01/09/2023;12:25:00;159564,77;159611,63;159497,81;159497,81;1677259073,00;52559
WINFUT;01/09/2023;12:20:00;159591,55;159604,94;159491,12;159564,77;1735627752,00;54391
WINFUT;01/09/2023;12:15:00;159531,29;159598,24;159484,42;159591,55;3049148612,00;95558
WINFUT;01/09/2023;12:10:00;159604,94;159718,76;159531,29;159531,29;3784502036,00;118528
WINFUT;01/09/2023;12:05:00;159564,77;159638,41;159450,94;159611,63;4015632053,00;125841
WINFUT;01/09/2023;12:00:00;159671,89;159671,89;159558,07;159558,07;2632328924,00;82460
WINFUT;01/09/2023;11:55:00;159584,85;159685,28;159511,20;159665,20;3144814435,00;98525
WINFUT;01/09/2023;11:50:00;159571,46;159691,98;159524,59;159584,85;4193036150,00;131352
WINFUT;01/09/2023;11:45:00;159638,41;159658,50;159444,25;159578,16;5684358310,00;178133
WINFUT;01/09/2023;11:40:00;159799,10;159872,75;159631,72;159645,11;4073260069,00;127497
WINFUT;01/09/2023;11:35:00;159718,76;159879,45;159631,72;159799,10;6110708599,00;191251
WINFUT;01/09/2023;11:30:00;160080,31;160080,31;159685,28;159718,76;7370867764,00;230536
WINFUT;01/09/2023;11:25:00;159825,89;160087,01;159819,19;160087,01;6112269447,00;191069
WINFUT;01/09/2023;11:20:00;159832,58;159959,79;159792,41;159825,89;4185238208,00;130894
WINFUT;01/09/2023;11:15:00;159859,36;159966,49;159678,59;159825,89;6183338863,00;193423
WINFUT;01/09/2023;11:10:00;159651,81;159986,58;159618,33;159859,36;9447768478,00;295577
WINFUT;01/09/2023;11:05:00;159283,56;159712,06;159250,08;159645,11;7266704411,00;227821
WINFUT;01/09/2023;11:00:00;159430,86;159430,86;159029,13;159283,56;8166525708,00;256494
WINFUT;01/09/2023;10:55:00;159270,17;159444,25;159169,74;159430,86;4918264762,00;154383
WINFUT;01/09/2023;10:50:00;159343,82;159544,68;159216,60;159263,47;7703328414,00;241669
WINFUT;01/09/2023;10:45:00;159564,77;159571,46;159189,82;159343,82;7435709303,00;233273
WINFUT;01/09/2023;10:40:00;159290,25;159571,46;159156,35;159564,77;7479021277,00;234705
WINFUT;01/09/2023;10:35:00;159611,63;159671,89;159169,74;159290,25;9042579378,00;283675
WINFUT;01/09/2023;10:30:00;159464,33;159712,06;159377,29;159604,94;1,055575623E10;330766
WINFUT;01/09/2023;10:25:00;159250,08;159544,68;159129,56;159464,33;7255900022,00;227653
WINFUT;01/09/2023;10:20:00;159042,52;159323,73;159035,83;159250,08;8806582249,00;276578
WINFUT;01/09/2023;10:15:00;158674,28;159076,00;158667,58;159035,83;1,193029546E10;375385
WINFUT;01/09/2023;10:10:00;158439,94;158768,01;158426,55;158674,28;9926607688,00;312906
WINFUT;01/09/2023;10:05:00;158393,07;158473,42;158198,90;158446,63;7188960920,00;227020
WINFUT;01/09/2023;10:00:00;158620,71;158634,10;158339,51;158393,07;5448745585,00;171929
WINFUT;01/09/2023;09:55:00;158393,07;158627,41;158393,07;158620,71;4214645865,00;132943
WINFUT;01/09/2023;09:50:00;158560,46;158580,54;158372,98;158393,07;3886673083,00;122621
WINFUT;01/09/2023;09:45:00;158299,33;158580,54;158245,77;158567,15;4743915246,00;149722
WINFUT;01/09/2023;09:40:00;158460,02;158473,42;158232,38;158306,03;4409803676,00;139254
WINFUT;01/09/2023;09:35:00;158513,59;158680,97;158359,59;158460,02;8230056920,00;259628
WINFUT;01/09/2023;09:30:00;157991,35;158513,59;157743,62;158506,89;1,210739527E10;382619
WINFUT;01/09/2023;09:25:00;157917,70;158091,78;157890,92;157991,35;2654747016,00;84028
WINFUT;01/09/2023;09:20:00;158004,74;158051,61;157890,92;157917,70;3118470615,00;98708
WINFUT;01/09/2023;09:15:00;158085,08;158152,04;157977,96;157998,04;2762943370,00;87406
WINFUT;01/09/2023;09:10:00;158198,90;158272,55;158071,69;158085,08;3779577028,00;119477
WINFUT;01/09/2023;09:05:00;158352,90;158393,07;157998,04;158192,21;6374927303,00;201527
WINFUT;01/09/2023;09:00:00;158547,06;158721,15;158279,25;158352,90;8299081837,00;261775
WINFUT;31/08/2023;17:50:00;157603,01;157669,97;157515,97;157663,27;1377282219,00;43692
WINFUT;31/08/2023;17:45:00;157415,54;157609,71;157402,15;157609,71;1897660768,00;60242
WINFUT;31/08/2023;17:40:00;157408,85;157469,11;157368,67;157415,54;1555090623,00;49393
WINFUT;31/08/2023;17:35:00;157596,32;157609,71;157402,15;157408,85;1684227574,00;53461
WINFUT;31/08/2023;17:30:00;157536,06;157616,40;157536,06;157589,62;1070964736,00;33981
WINFUT;31/08/2023;17:25:00;157529,36;157596,32;157515,97;157542,75;1076768235,00;34171
WINFUT;31/08/2023;17:20:00;157522,67;157663,27;157509,28;157522,67;2621141080,00;83169
WINFUT;31/08/2023;17:15:00;157449,02;157562,84;157382,07;157515,97;2756951210,00;87529
WINFUT;31/08/2023;17:10:00;157341,89;157489,19;157295,02;157449,02;2537825399,00;80613
WINFUT;31/08/2023;17:05:00;157375,37;157382,07;157181,20;157348,59;4327856394,00;137583
WINFUT;31/08/2023;17:00:00;157268,24;157428,93;157261,55;157382,07;2877127056,00;91418
WINFUT;31/08/2023;16:55:00;157328,50;157428,93;157248,16;157261,55;4037413723,00;128314
WINFUT;31/08/2023;16:50:00;157495,89;157502,58;157301,72;157321,81;4780429450,00;151880
WINFUT;31/08/2023;16:45:00;157475,80;157529,36;157395,46;157489,19;3935220556,00;124954
WINFUT;31/08/2023;16:40:00;157408,85;157582,93;157395,46;157475,80;3859832487,00;122532
WINFUT;31/08/2023;16:35:00;157495,89;157562,84;157368,67;157408,85;5393087783,00;171283
WINFUT;31/08/2023;16:30:00;157797,18;157810,57;157489,19;157495,89;5737058143,00;181982
WINFUT;31/08/2023;16:25:00;157837,35;157850,74;157750,31;157797,18;1955280829,00;61958
WINFUT;31/08/2023;16:20:00;157823,96;157870,83;157750,31;157837,35;2493469276,00;79001
WINFUT;31/08/2023;16:15:00;157696,75;157857,44;157656,58;157823,96;3847706505,00;121944
WINFUT;31/08/2023;16:10:00;157743,62;157803,88;157690,05;157690,05;2877876529,00;91217
WINFUT;31/08/2023;16:05:00;157703,44;157763,70;157609,71;157750,31;2964825656,00;94007
WINFUT;31/08/2023;16:00:00;157730,23;157783,79;157643,19;157710,14;3096320474,00;98162
WINFUT;31/08/2023;15:55:00;157623,10;157770,40;157596,32;157730,23;5128015178,00;162625
WINFUT;31/08/2023;15:50:00;157964,56;157977,96;157623,10;157623,10;7005193159,00;221966
WINFUT;31/08/2023;15:45:00;158044,91;158111,86;157944,48;157971,26;4663764412,00;147558
WINFUT;31/08/2023;15:40:00;158252,47;158265,86;158024,82;158051,61;4285316147,00;135488
WINFUT;31/08/2023;15:35:00;158279,25;158292,64;158192,21;158259,16;2589873629,00;81829
WINFUT;31/08/2023;15:30:00;158366,29;158393,07;158259,16;158279,25;2512128339,00;79342
WINFUT;31/08/2023;15:25:00;158259,16;158426,55;158245,77;158372,98;5645416339,00;178254
WINFUT;31/08/2023;15:20:00;158205,60;158265,86;158145,34;158259,16;2630543202,00;83134
WINFUT;31/08/2023;15:15:00;158218,99;158232,38;158138,65;158212,29;1897550330,00;59978
WINFUT;31/08/2023;15:10:00;158185,51;158225,69;158118,56;158218,99;2433911235,00;76941
WINFUT;31/08/2023;15:05:00;158098,47;158252,47;158071,69;158185,51;3534170931,00;111711
WINFUT;31/08/2023;15:00:00;158125,25;158158,73;158018,13;158098,47;2243878357,00;70973
WINFUT;31/08/2023;14:55:00;158131,95;158185,51;158051,61;158125,25;2489443930,00;78723
WINFUT;31/08/2023;14:50:00;158065,00;158152,04;158051,61;158131,95;1946413041,00;61552
WINFUT;31/08/2023;14:45:00;158125,25;158152,04;158018,13;158058,30;2700095463,00;85400
WINFUT;31/08/2023;14:40:00;157951,17;158138,65;157904,31;158125,25;4299933411,00;136029
WINFUT;31/08/2023;14:35:00;158138,65;158205,60;157890,92;157951,17;6900161045,00;218299
WINFUT;31/08/2023;14:30:00;158339,51;158399,77;158125,25;158138,65;4420002600,00;139634
WINFUT;31/08/2023;14:25:00;158393,07;158413,16;158306,03;158332,81;2361726498,00;74573
WINFUT;31/08/2023;14:20:00;158506,89;158533,67;158352,90;158386,38;2975247729,00;93898
WINFUT;31/08/2023;14:15:00;158393,07;158553,76;158372,98;158506,89;3028347273,00;95553
WINFUT;31/08/2023;14:10:00;158500,20;158547,06;158366,29;158399,77;3292893361,00;103911
WINFUT;31/08/2023;14:05:00;158600,63;158627,41;158480,11;158506,89;2866208508,00;90395
WINFUT;31/08/2023;14:00:00;158600,63;158634,10;158553,76;158600,63;1775867742,00;55989
WINFUT;31/08/2023;13:55:00;158627,41;158721,15;158573,85;158600,63;3319800992,00;104622
WINFUT;31/08/2023;13:50:00;158553,76;158667,58;158540,37;158627,41;2377678073,00;74957
WINFUT;31/08/2023;13:45:00;158480,11;158580,54;158460,02;158553,76;2082006301,00;65670
WINFUT;31/08/2023;13:40:00;158587,24;158593,93;158460,02;158486,81;2654089769,00;83716
WINFUT;31/08/2023;13:35:00;158533,67;158627,41;158520,28;158587,24;1738227400,00;54806
WINFUT;31/08/2023;13:30:00;158500,20;158573,85;158486,81;158533,67;1609378091,00;50758
WINFUT;31/08/2023;13:25:00;158573,85;158607,32;158486,81;158500,20;2089460911,00;65894
WINFUT;31/08/2023;13:20:00;158513,59;158640,80;158500,20;158573,85;3849426525,00;121382
WINFUT;31/08/2023;13:15:00;158747,93;158761,32;158500,20;158520,28;3968594624,00;125090
WINFUT;31/08/2023;13:10:00;158734,54;158788,10;158701,06;158741,23;2071437145,00;65245
WINFUT;31/08/2023;13:05:00;158942,09;158968,87;158727,84;158741,23;3547545588,00;111678
WINFUT;31/08/2023;13:00:00;158834,97;158955,48;158761,32;158942,09;3520092653,00;110807
WINFUT;31/08/2023;12:55:00;158747,93;158868,44;158680,97;158834,97;3794290082,00;119501
WINFUT;31/08/2023;12:50:00;158774,71;159089,39;158747,93;158747,93;8965989552,00;282058
WINFUT;31/08/2023;12:45:00;158614,02;158821,58;158607,32;158774,71;5264560143,00;165805
WINFUT;31/08/2023;12:40:00;158600,63;158660,89;158526,98;158614,02;3097207113,00;97644
WINFUT;31/08/2023;12:35:00;158540,37;158607,32;158500,20;158600,63;2420477159,00;76330
WINFUT;31/08/2023;12:30:00;158593,93;158600,63;158446,63;158540,37;3256497961,00;102722
WINFUT;31/08/2023;12:25:00;158580,54;158620,71;158466,72;158593,93;4171069675,00;131530
WINFUT;31/08/2023;12:20:00;158406,46;158593,93;158379,68;158573,85;4813233053,00;151863
WINFUT;31/08/2023;12:15:00;158326,12;158426,55;158285,94;158406,46;4114671346,00;129916
WINFUT;31/08/2023;12:10:00;158125,25;158352,90;158125,25;158326,12;3730084827,00;117863
WINFUT;31/08/2023;12:05:00;158192,21;158212,29;158031,52;158131,95;5556535035,00;175700
WINFUT;31/08/2023;12:00:00;158239,08;158346,20;158185,51;158192,21;4060903190,00;128295
WINFUT;31/08/2023;11:55:00;158239,08;158319,42;158152,04;158239,08;3324247795,00;105038
WINFUT;31/08/2023;11:50:00;158158,73;158259,16;158125,25;158239,08;3497942878,00;110557
WINFUT;31/08/2023;11:45:00;158279,25;158299,33;158091,78;158165,43;4291930393,00;135662
WINFUT;31/08/2023;11:40:00;158285,94;158332,81;158192,21;158279,25;3778541522,00;119373
WINFUT;31/08/2023;11:35:00;158078,39;158299,33;158071,69;158279,25;5491873189,00;173562
WINFUT;31/08/2023;11:30:00;157917,70;158098,47;157897,61;158085,08;4202158833,00;132966
WINFUT;31/08/2023;11:25:00;157770,40;158044,91;157703,44;157924,39;7233766032,00;229062
WINFUT;31/08/2023;11:20:00;157770,40;157944,48;157703,44;157763,70;7091239477,00;224665
WINFUT;31/08/2023;11:15:00;158192,21;158265,86;157743,62;157763,70;1,273982701E10;403185
WINFUT;31/08/2023;11:10:00;158259,16;158446,63;158178,82;158198,90;7314791788,00;231021
WINFUT;31/08/2023;11:05:00;158614,02;158660,89;158198,90;158259,16;1,016688765E10;320979
WINFUT;31/08/2023;11:00:00;158794,79;158801,49;158513,59;158614,02;8018847856,00;252733
WINFUT;31/08/2023;10:55:00;158687,67;158848,36;158660,89;158794,79;3746717929,00;117999
WINFUT;31/08/2023;10:50:00;158768,01;158814,88;158600,63;158687,67;5240318761,00;165093
WINFUT;31/08/2023;10:45:00;158500,20;158788,10;158446,63;158768,01;8307784081,00;261862
WINFUT;31/08/2023;10:40:00;158560,46;158680,97;158453,33;158500,20;5531164692,00;174426
WINFUT;31/08/2023;10:35:00;158580,54;158667,58;158446,63;158560,46;7429629665,00;234308
WINFUT;31/08/2023;10:30:00;158888,53;158895,23;158560,46;158587,24;1,145365419E10;360834
WINFUT;31/08/2023;10:25:00;158995,66;159082,70;158814,88;158888,53;6499641717,00;204472
WINFUT;31/08/2023;10:20:00;159163,04;159256,78;158922,01;158995,66;8056714474,00;253195
WINFUT;31/08/2023;10:15:00;159002,35;159169,74;158855,05;159156,35;9224564266,00;290018
WINFUT;31/08/2023;10:10:00;159002,35;159109,48;158754,62;159002,35;1,35785482E10;427186
WINFUT;31/08/2023;10:05:00;159772,32;159779,02;158955,48;158995,66;1,651937183E10;518479
WINFUT;31/08/2023;10:00:00;159859,36;159912,93;159631,72;159779,02;7529046571,00;235635
WINFUT;31/08/2023;09:55:00;159832,58;159886,14;159745,54;159866,06;3561429845,00;111427
WINFUT;31/08/2023;09:50:00;159732,15;159886,14;159685,28;159839,28;4232950638,00;132454
WINFUT;31/08/2023;09:45:00;159625,02;159738,85;159517,90;159725,45;4922837872,00;154190
WINFUT;31/08/2023;09:40:00;159444,25;159651,81;159444,25;159625,02;5314384656,00;166529
WINFUT;31/08/2023;09:35:00;159658,50;159712,06;159363,90;159444,25;8182114189,00;256457
WINFUT;31/08/2023;09:30:00;159973,18;160033,44;159651,81;159665,20;8788907327,00;274936
WINFUT;31/08/2023;09:25:00;159959,79;160066,92;159899,54;159973,18;2413610505,00;75431
WINFUT;31/08/2023;09:20:00;160006,66;160040,14;159933,01;159953,10;2940578046,00;91901
WINFUT;31/08/2023;09:15:00;159866,06;160073,62;159825,89;159999,97;5152984672,00;161070
WINFUT;31/08/2023;09:10:00;159537,98;159926,32;159511,20;159866,06;5876603011,00;183922
WINFUT;31/08/2023;09:05:00;160046,83;160053,53;159517,90;159544,68;7340923727,00;229790
WINFUT;31/08/2023;09:00:00;159752,24;160120,48;159738,85;160046,83;6187370436,00;193403
WINFUT;30/08/2023;17:50:00;159591,55;159678,59;159571,46;159658,50;1096113846,00;34332
WINFUT;30/08/2023;17:45:00;159504,51;159618,33;159504,51;159584,85;2008332987,00;62928
WINFUT;30/08/2023;17:40:00;159584,85;159658,50;159471,03;159511,20;2787044783,00;87334
WINFUT;30/08/2023;17:35:00;159712,06;159718,76;159571,46;159591,55;2410409928,00;75495
WINFUT;30/08/2023;17:30:00;159738,85;159799,10;159671,89;159705,37;1692498728,00;52979
WINFUT;30/08/2023;17:25:00;159779,02;159785,71;159712,06;159738,85;1095422052,00;34286
WINFUT;30/08/2023;17:20:00;159785,71;159825,89;159738,85;159772,32;1302427336,00;40755
WINFUT;30/08/2023;17:15:00;159725,45;159812,50;159725,45;159785,71;1208797800,00;37830
WINFUT;30/08/2023;17:10:00;159859,36;159866,06;159712,06;159732,15;1809620697,00;56626
WINFUT;30/08/2023;17:05:00;159832,58;159859,36;159745,54;159859,36;1846217177,00;57765
WINFUT;30/08/2023;17:00:00;159772,32;159886,14;159718,76;159839,28;2949869662,00;92287
WINFUT;30/08/2023;16:55:00;159738,85;159805,80;159638,41;159772,32;3473255034,00;108722
WINFUT;30/08/2023;16:50:00;159665,20;159772,32;159665,20;159732,15;3185685485,00;99722
WINFUT;30/08/2023;16:45:00;159799,10;159812,50;159618,33;159665,20;4094627539,00;128199
WINFUT;30/08/2023;16:40:00;159819,19;159825,89;159718,76;159799,10;3003359721,00;93989
WINFUT;30/08/2023;16:35:00;159919,62;159973,18;159785,71;159819,19;3102421993,00;97028
WINFUT;30/08/2023;16:30:00;159953,10;159999,97;159859,36;159926,32;2852236884,00;89174
WINFUT;30/08/2023;16:25:00;159953,10;160006,66;159899,54;159953,10;2310571312,00;72224
WINFUT;30/08/2023;16:20:00;159899,54;159979,88;159825,89;159959,79;2334654622,00;73004
WINFUT;30/08/2023;16:15:00;159946,40;159959,79;159819,19;159892,84;3124893962,00;97726
WINFUT;30/08/2023;16:10:00;159912,93;160020,05;159906,23;159953,10;2670174274,00;83455
WINFUT;30/08/2023;16:05:00;159886,14;159966,49;159859,36;159912,93;2211846486,00;69155
WINFUT;30/08/2023;16:00:00;159939,71;159966,49;159819,19;159886,14;2432857291,00;76084
WINFUT;30/08/2023;15:55:00;159926,32;159986,58;159872,75;159933,01;2787142697,00;87135
WINFUT;30/08/2023;15:50:00;159872,75;159926,32;159792,41;159919,62;2382583115,00;74525
WINFUT;30/08/2023;15:45:00;159892,84;159926,32;159825,89;159872,75;1955674093,00;61161
WINFUT;30/08/2023;15:40:00;159839,28;159946,40;159779,02;159886,14;3228394581,00;100962
WINFUT;30/08/2023;15:35:00;159799,10;159859,36;159685,28;159832,58;3738444459,00;116999
WINFUT;30/08/2023;15:30:00;159933,01;159973,18;159779,02;159799,10;3561830759,00;111396
WINFUT;30/08/2023;15:25:00;159819,19;159959,79;159745,54;159939,71;3769178305,00;117904
WINFUT;30/08/2023;15:20:00;159772,32;159986,58;159745,54;159819,19;5300984063,00;165788
WINFUT;30/08/2023;15:15:00;159812,50;159939,71;159591,55;159779,02;8618256203,00;269690
WINFUT;30/08/2023;15:10:00;160020,05;160040,14;159705,37;159812,50;9481657590,00;296618
WINFUT;30/08/2023;15:05:00;160167,35;160227,61;159959,79;160026,75;8041372579,00;251188
WINFUT;30/08/2023;15:00:00;160455,25;160488,73;160167,35;160174,05;6181547363,00;192801
WINFUT;30/08/2023;14:55:00;160515,51;160522,21;160394,99;160455,25;2788983620,00;86907
WINFUT;30/08/2023;14:50:00;160508,82;160582,47;160488,73;160522,21;2232219021,00;69527
WINFUT;30/08/2023;14:45:00;160482,04;160555,68;160388,30;160515,51;3466936616,00;108030
WINFUT;30/08/2023;14:40:00;160394,99;160535,60;160374,91;160482,04;3481959817,00;108489
WINFUT;30/08/2023;14:35:00;160441,86;160495,43;160301,26;160388,30;4802462410,00;149705
WINFUT;30/08/2023;14:30:00;160589,16;160589,16;160435,17;160448,56;3188370718,00;99320
WINFUT;30/08/2023;14:25:00;160642,72;160656,12;160562,38;160589,16;2241338597,00;69780
WINFUT;30/08/2023;14:20:00;160629,33;160689,59;160589,16;160642,72;2081221881,00;64778
WINFUT;30/08/2023;14:15:00;160602,55;160656,12;160555,68;160629,33;2523740761,00;78567
WINFUT;30/08/2023;14:10:00;160488,73;160622,64;160475,34;160595,86;2673964398,00;83270
WINFUT;30/08/2023;14:05:00;160609,25;160609,25;160482,04;160482,04;1936680320,00;60318
WINFUT;30/08/2023;14:00:00;160615,94;160629,33;160515,51;160609,25;2380521596,00;74125
WINFUT;30/08/2023;13:55:00;160562,38;160622,64;160535,60;160609,25;1975291950,00;61503
WINFUT;30/08/2023;13:50:00;160535,60;160575,77;160488,73;160555,68;1338580212,00;41692
WINFUT;30/08/2023;13:45:00;160468,64;160582,47;160428,47;160542,29;3042008654,00;94760
WINFUT;30/08/2023;13:40:00;160495,43;160555,68;160441,86;160468,64;2790202880,00;86926
WINFUT;30/08/2023;13:35:00;160669,51;160682,90;160495,43;160502,12;2833956564,00;88241
WINFUT;30/08/2023;13:30:00;160582,47;160676,20;160562,38;160669,51;2348993615,00;73117
WINFUT;30/08/2023;13:25:00;160649,42;160769,94;160562,38;160582,47;4343307129,00;135170
WINFUT;30/08/2023;13:20:00;160589,16;160669,51;160535,60;160649,42;2404579583,00;74857
WINFUT;30/08/2023;13:15:00;160428,47;160602,55;160401,69;160589,16;3500974201,00;109046
WINFUT;30/08/2023;13:10:00;160515,51;160535,60;160394,99;160421,78;3197147422,00;99620
WINFUT;30/08/2023;13:05:00;160656,12;160662,81;160482,04;160515,51;3508435707,00;109260
WINFUT;30/08/2023;13:00:00;160636,03;160669,51;160569,08;160662,81;1785446812,00;55581
WINFUT;30/08/2023;12:55:00;160609,25;160656,12;160575,77;160636,03;1751857554,00;54533
WINFUT;30/08/2023;12:50:00;160669,51;160702,98;160562,38;160602,55;3163549321,00;98476
WINFUT;30/08/2023;12:45:00;160776,63;160790,02;160649,42;160669,51;2555369974,00;79501
WINFUT;30/08/2023;12:40:00;160769,94;160863,67;160716,37;160783,33;4169832914,00;129667
WINFUT;30/08/2023;12:35:00;160636,03;160783,33;160589,16;160769,94;3505626628,00;109081
WINFUT;30/08/2023;12:30:00;160662,81;160689,59;160629,33;160636,03;1362578558,00;42406
WINFUT;30/08/2023;12:25:00;160716,37;160723,07;160629,33;160662,81;2110402304,00;65674
WINFUT;30/08/2023;12:20:00;160682,90;160723,07;160609,25;160716,37;2343857457,00;72943
WINFUT;30/08/2023;12:15:00;160609,25;160723,07;160609,25;160689,59;3276026187,00;101951
WINFUT;30/08/2023;12:10:00;160542,29;160649,42;160488,73;160615,94;2820250231,00;87814
WINFUT;30/08/2023;12:05:00;160455,25;160642,72;160448,56;160542,29;3229560330,00;100569
WINFUT;30/08/2023;12:00:00;160475,34;160669,51;160435,17;160461,95;5477666500,00;170574
WINFUT;30/08/2023;11:55:00;160575,77;160622,64;160408,39;160468,64;4097661331,00;127661
WINFUT;30/08/2023;11:50:00;160528,90;160622,64;160401,69;160582,47;4939729597,00;153854
WINFUT;30/08/2023;11:45:00;160622,64;160649,42;160408,39;160528,90;6184143484,00;192607
WINFUT;30/08/2023;11:40:00;160790,02;160803,41;160609,25;160622,64;4645431849,00;144521
WINFUT;30/08/2023;11:35:00;160548,99;160790,02;160535,60;160783,33;7385757948,00;229821
WINFUT;30/08/2023;11:30:00;160328,04;160595,86;160321,35;160548,99;6358328209,00;198122
WINFUT;30/08/2023;11:25:00;160455,25;160515,51;160234,31;160321,35;8525513193,00;265813
WINFUT;30/08/2023;11:20:00;160783,33;160790,02;160401,69;160455,25;9621938642,00;299608
WINFUT;30/08/2023;11:15:00;160810,11;161037,75;160736,46;160783,33;9424077466,00;292897
WINFUT;30/08/2023;11:10:00;160582,47;160810,11;160528,90;160810,11;5334075253,00;165968
WINFUT;30/08/2023;11:05:00;160689,59;160816,81;160542,29;160582,47;7686970420,00;239209
WINFUT;30/08/2023;11:00:00;160769,94;160769,94;160495,43;160696,29;1,006978215E10;313471
WINFUT;30/08/2023;10:55:00;160877,06;160944,02;160729,76;160769,94;5128936325,00;159458
WINFUT;30/08/2023;10:50:00;160917,24;160984,19;160810,11;160877,06;5926477105,00;184174
WINFUT;30/08/2023;10:45:00;160696,29;160984,19;160689,59;160923,93;7473504421,00;232271
WINFUT;30/08/2023;10:40:00;160856,98;160883,76;160682,90;160702,98;7604019205,00;236465
WINFUT;30/08/2023;10:35:00;161010,97;161111,40;160803,41;160856,98;1,034310852E10;321285
WINFUT;30/08/2023;10:30:00;160930,63;161017,67;160796,72;161017,67;1,080354235E10;335699
WINFUT;30/08/2023;10:25:00;161225,22;161252,01;160903,85;160937,32;7800513731,00;242180
WINFUT;30/08/2023;10:20:00;161231,92;161298,87;161064,53;161225,22;7251365513,00;224943
WINFUT;30/08/2023;10:15:00;161419,39;161446,17;161225,22;161231,92;5975238811,00;185176
WINFUT;30/08/2023;10:10:00;161225,22;161486,35;161164,97;161419,39;8178668394,00;253457
WINFUT;30/08/2023;10:05:00;161379,22;161399,30;161171,66;161218,53;5580413673,00;173035
WINFUT;30/08/2023;10:00:00;161272,09;161452,87;161252,01;161372,52;6986787261,00;216496
WINFUT;30/08/2023;09:55:00;161258,70;161339,05;161225,22;161265,40;4988793447,00;154655
WINFUT;30/08/2023;09:50:00;161131,49;161312,26;161071,23;161258,70;5709650450,00;177119
WINFUT;30/08/2023;09:45:00;161064,53;161158,27;161044,45;161131,49;3966236966,00;123094
WINFUT;30/08/2023;09:40:00;161051,14;161131,49;160990,89;161071,23;4988640255,00;154862
WINFUT;30/08/2023;09:35:00;160917,24;161091,32;160877,06;161051,14;5390753623,00;167412
WINFUT;30/08/2023;09:30:00;160850,28;161037,75;160816,81;160917,24;8227654952,00;255640
WINFUT;30/08/2023;09:25:00;160783,33;160957,41;160776,63;160843,59;4028480617,00;125206
WINFUT;30/08/2023;09:20:00;160716,37;160816,81;160636,03;160790,02;4072157680,00;126674
WINFUT;30/08/2023;09:15:00;160662,81;160836,89;160548,99;160716,37;6190369858,00;192636
WINFUT;30/08/2023;09:10:00;160662,81;160776,63;160602,55;160662,81;2973840633,00;92531
WINFUT;30/08/2023;09:05:00;160609,25;160729,76;160569,08;160669,51;3207412866,00;99825
WINFUT;30/08/2023;09:00:00;160575,77;160957,41;160502,12;160602,55;6716524091,00;208923
WINFUT;29/08/2023;17:50:00;160810,11;160923,93;160790,02;160790,02;1002851338,00;31175
WINFUT;29/08/2023;17:45:00;160877,06;160917,24;160803,41;160816,81;1447813753,00;45001
WINFUT;29/08/2023;17:40:00;160977,49;161010,97;160850,28;160877,06;2533334298,00;78718
WINFUT;29/08/2023;17:35:00;161091,32;161098,01;160964,10;160977,49;1819574084,00;56496
WINFUT;29/08/2023;17:30:00;161044,45;161118,10;161037,75;161098,01;1319273515,00;40951
WINFUT;29/08/2023;17:25:00;161017,67;161084,62;161010,97;161051,14;1310617886,00;40689
WINFUT;29/08/2023;17:20:00;161037,75;161044,45;160977,49;161017,67;1256675488,00;39024
WINFUT;29/08/2023;17:15:00;161037,75;161084,62;161004,28;161037,75;1354326345,00;42049
WINFUT;29/08/2023;17:10:00;161037,75;161071,23;161004,28;161037,75;1076102784,00;33411
WINFUT;29/08/2023;17:05:00;161098,01;161138,18;160964,10;161037,75;3177590561,00;98656
WINFUT;29/08/2023;17:00:00;161044,45;161144,88;161031,06;161104,71;2773702805,00;86089
WINFUT;29/08/2023;16:55:00;160990,89;161104,71;160984,19;161037,75;3705626834,00;115038
WINFUT;29/08/2023;16:50:00;161064,53;161084,62;160950,71;160990,89;3324209440,00;103231
WINFUT;29/08/2023;16:45:00;160897,15;161084,62;160897,15;161071,23;5287713233,00;164203
WINFUT;29/08/2023;16:40:00;160950,71;160997,58;160890,45;160903,85;2658801295,00;82604
WINFUT;29/08/2023;16:35:00;160850,28;161004,28;160850,28;160944,02;4070657110,00;126467
WINFUT;29/08/2023;16:30:00;160662,81;160923,93;160662,81;160856,98;5354539302,00;166493
WINFUT;29/08/2023;16:25:00;160743,16;160783,33;160642,72;160669,51;3368355344,00;104793
WINFUT;29/08/2023;16:20:00;160749,85;160850,28;160723,07;160743,16;2681147120,00;83374
WINFUT;29/08/2023;16:15:00;160790,02;160843,59;160689,59;160749,85;3287091636,00;102232
WINFUT;29/08/2023;16:10:00;160743,16;160850,28;160743,16;160790,02;2830513220,00;88015
WINFUT;29/08/2023;16:05:00;160796,72;160816,81;160716,37;160743,16;2937881556,00;91374
WINFUT;29/08/2023;16:00:00;160870,37;160917,24;160783,33;160790,02;3890252400,00;120932
WINFUT;29/08/2023;15:55:00;160830,20;160897,15;160816,81;160870,37;2752064427,00;85547
WINFUT;29/08/2023;15:50:00;160749,85;160836,89;160723,07;160830,20;2250424226,00;69987
WINFUT;29/08/2023;15:45:00;160790,02;160877,06;160736,46;160756,55;3893154126,00;121057
WINFUT;29/08/2023;15:40:00;160723,07;160843,59;160716,37;160783,33;3276182856,00;101880
WINFUT;29/08/2023;15:35:00;160629,33;160790,02;160615,94;160723,07;5256753703,00;163542
WINFUT;29/08/2023;15:30:00;160602,55;160669,51;160515,51;160629,33;4242440650,00;132087
WINFUT;29/08/2023;15:25:00;160502,12;160609,25;160435,17;160595,86;3338986681,00;104008
WINFUT;29/08/2023;15:20:00;160522,21;160589,16;160475,34;160502,12;2490182887,00;77557
WINFUT;29/08/2023;15:15:00;160508,82;160569,08;160468,64;160522,21;2026030023,00;63111
WINFUT;29/08/2023;15:10:00;160589,16;160595,86;160435,17;160502,12;3730763363,00;116214
WINFUT;29/08/2023;15:05:00;160535,60;160609,25;160522,21;160589,16;1635527904,00;50927
WINFUT;29/08/2023;15:00:00;160582,47;160682,90;160508,82;160535,60;3768175371,00;117322
WINFUT;29/08/2023;14:55:00;160475,34;160636,03;160475,34;160582,47;3438628375,00;107077
WINFUT;29/08/2023;14:50:00;160475,34;160555,68;160461,95;160482,04;2520613210,00;78520
WINFUT;29/08/2023;14:45:00;160502,12;160515,51;160455,25;160482,04;1574580832,00;49059
WINFUT;29/08/2023;14:40:00;160548,99;160548,99;160475,34;160502,12;1934317668,00;60258
WINFUT;29/08/2023;14:35:00;160528,90;160609,25;160488,73;160548,99;3661800785,00;114038
WINFUT;29/08/2023;14:30:00;160461,95;160555,68;160435,17;160522,21;2795891799,00;87094
WINFUT;29/08/2023;14:25:00;160488,73;160515,51;160401,69;160468,64;2603557699,00;81130
WINFUT;29/08/2023;14:20:00;160428,47;160528,90;160421,78;160488,73;2572681540,00;80156
WINFUT;29/08/2023;14:15:00;160394,99;160482,04;160368,21;160435,17;2189364872,00;68235
WINFUT;29/08/2023;14:10:00;160461,95;160488,73;160321,35;160394,99;4147228473,00;129278
WINFUT;29/08/2023;14:05:00;160354,82;160482,04;160321,35;160468,64;4331843176,00;135033
WINFUT;29/08/2023;14:00:00;160254,39;160388,30;160220,91;160361,52;4195758655,00;130867
WINFUT;29/08/2023;13:55:00;160207,52;160261,09;160167,35;160254,39;2654658002,00;82850
WINFUT;29/08/2023;13:50:00;160066,92;160227,61;160033,44;160200,83;4050571580,00;126484
WINFUT;29/08/2023;13:45:00;160073,62;160100,40;159899,54;160066,92;5854404095,00;182947
WINFUT;29/08/2023;13:40:00;160274,48;160274,48;160026,75;160073,62;5025606181,00;156939
WINFUT;29/08/2023;13:35:00;160267,78;160334,74;160234,31;160267,78;1798592524,00;56108
WINFUT;29/08/2023;13:30:00;160267,78;160307,95;160234,31;160267,78;1614681914,00;50374
WINFUT;29/08/2023;13:25:00;160227,61;160334,74;160174,05;160267,78;4035388768,00;125904
WINFUT;29/08/2023;13:20:00;160461,95;160482,04;160073,62;160227,61;7203239979,00;224762
WINFUT;29/08/2023;13:15:00;160542,29;160562,38;160388,30;160461,95;3245761262,00;101143
WINFUT;29/08/2023;13:10:00;160475,34;160582,47;160455,25;160542,29;2945532317,00;91755
WINFUT;29/08/2023;13:05:00;160542,29;160569,08;160374,91;160468,64;5101332340,00;158948
WINFUT;29/08/2023;13:00:00;160542,29;160636,03;160535,60;160548,99;2367429461,00;73713
WINFUT;29/08/2023;12:55:00;160602,55;160682,90;160522,21;160542,29;3687287939,00;114803
WINFUT;29/08/2023;12:50:00;160776,63;160790,02;160582,47;160609,25;4146510751,00;129043
WINFUT;29/08/2023;12:45:00;160736,46;160897,15;160689,59;160776,63;4457393545,00;138582
WINFUT;29/08/2023;12:40:00;160763,24;160776,63;160682,90;160743,16;2510610880,00;78100
WINFUT;29/08/2023;12:35:00;160823,50;160850,28;160736,46;160763,24;2418349042,00;75203
WINFUT;29/08/2023;12:30:00;160656,12;160850,28;160589,16;160823,50;4283233050,00;133257
WINFUT;29/08/2023;12:25:00;160615,94;160729,76;160615,94;160662,81;2643992789,00;82278
WINFUT;29/08/2023;12:20:00;160642,72;160669,51;160589,16;160615,94;1974789193,00;61469
WINFUT;29/08/2023;12:15:00;160776,63;160790,02;160602,55;160649,42;3312628814,00;103090
WINFUT;29/08/2023;12:10:00;160656,12;160816,81;160636,03;160776,63;3253031909,00;101196
WINFUT;29/08/2023;12:05:00;160803,41;160897,15;160622,64;160649,42;4565901826,00;142018
WINFUT;29/08/2023;12:00:00;160763,24;160870,37;160696,29;160803,41;3547282802,00;110319
WINFUT;29/08/2023;11:55:00;160729,76;160910,54;160716,37;160763,24;3691697300,00;114787
WINFUT;29/08/2023;11:50:00;160763,24;160870,37;160716,37;160723,07;4016820784,00;124908
WINFUT;29/08/2023;11:45:00;160776,63;160803,41;160676,20;160763,24;4483868892,00;139473
WINFUT;29/08/2023;11:40:00;160970,80;161051,14;160769,94;160783,33;6191442385,00;192414
WINFUT;29/08/2023;11:35:00;161064,53;161171,66;160930,63;160970,80;8811559156,00;273552
WINFUT;29/08/2023;11:30:00;160783,33;161084,62;160736,46;161071,23;9919969032,00;308282
WINFUT;29/08/2023;11:25:00;160602,55;160783,33;160582,47;160783,33;4198307990,00;130635
WINFUT;29/08/2023;11:20:00;160696,29;160830,20;160582,47;160595,86;6096517099,00;189666
WINFUT;29/08/2023;11:15:00;160582,47;160850,28;160535,60;160702,98;7983412469,00;248409
WINFUT;29/08/2023;11:10:00;160649,42;160776,63;160468,64;160589,16;1,030700633E10;320833
WINFUT;29/08/2023;11:05:00;160488,73;160682,90;160287,87;160656,12;1,188622337E10;370337
WINFUT;29/08/2023;11:00:00;159812,50;160502,12;159779,02;160488,73;1,530978542E10;478078
WINFUT;29/08/2023;10:55:00;159752,24;159919,62;159738,85;159819,19;3025871791,00;94647
WINFUT;29/08/2023;10:50:00;159819,19;159886,14;159698,67;159758,93;4221024473,00;132077
WINFUT;29/08/2023;10:45:00;159718,76;159926,32;159645,11;159819,19;7557949058,00;236503
WINFUT;29/08/2023;10:40:00;159705,37;159859,36;159645,11;159718,76;6774953522,00;212042
WINFUT;29/08/2023;10:35:00;159678,59;159779,02;159558,07;159698,67;8063104337,00;252498
WINFUT;29/08/2023;10:30:00;160093,70;160120,48;159604,94;159678,59;1,332922902E10;416968
WINFUT;29/08/2023;10:25:00;160354,82;160381,60;160060,22;160093,70;6225498186,00;194335
WINFUT;29/08/2023;10:20:00;160421,78;160488,73;160200,83;160354,82;6710684428,00;209272
WINFUT;29/08/2023;10:15:00;160515,51;160555,68;160314,65;160421,78;6246997315,00;194683
WINFUT;29/08/2023;10:10:00;160368,21;160595,86;160261,09;160515,51;8965326713,00;279388
WINFUT;29/08/2023;10:05:00;160321,35;160548,99;160281,17;160374,91;9946375997,00;310019
WINFUT;29/08/2023;10:00:00;160334,74;160374,91;160247,70;160328,04;3297255039,00;102838
WINFUT;29/08/2023;09:55:00;160388,30;160401,69;160267,78;160328,04;3389556771,00;105708
WINFUT;29/08/2023;09:50:00;160127,18;160415,08;160127,18;160388,30;5516991614,00;172082
WINFUT;29/08/2023;09:45:00;160060,22;160200,83;160053,53;160127,18;3705574484,00;115700
WINFUT;29/08/2023;09:40:00;159933,01;160087,01;159906,23;160053,53;2877051582,00;89909
WINFUT;29/08/2023;09:35:00;159999,97;160093,70;159886,14;159939,71;4157121933,00;129921
WINFUT;29/08/2023;09:30:00;159879,45;160033,44;159832,58;159999,97;4001011194,00;125077
WINFUT;29/08/2023;09:25:00;159999,97;160053,53;159819,19;159879,45;4885350767,00;152744
WINFUT;29/08/2023;09:20:00;160100,40;160153,96;159993,27;160006,66;3986478957,00;124510
WINFUT;29/08/2023;09:15:00;160073,62;160180,74;159979,88;160100,40;4221913206,00;131862
WINFUT;29/08/2023;09:10:00;159685,28;160328,04;159678,59;160073,62;1,112979875E10;347872
WINFUT;29/08/2023;09:05:00;159410,77;159718,76;159397,38;159685,28;6451715150,00;202145
WINFUT;29/08/2023;09:00:00;159243,39;159437,55;159116,17;159410,77;5905212597,00;185372
WINFUT;28/08/2023;17:50:00;159558,07;159571,46;159404,08;159404,08;1285924414,00;40317
WINFUT;28/08/2023;17:45:00;159517,90;159598,24;159491,12;159551,37;2191512987,00;68679
WINFUT;28/08/2023;17:40:00;159484,42;159517,90;159444,25;159517,90;1809135542,00;56721
WINFUT;28/08/2023;17:35:00;159330,43;159484,42;159283,56;159484,42;2501871051,00;78482
WINFUT;28/08/2023;17:30:00;159370,60;159370,60;159296,95;159330,43;1181615520,00;37080
WINFUT;28/08/2023;17:25:00;159383,99;159404,08;159310,34;159377,29;1548279009,00;48578
WINFUT;28/08/2023;17:20:00;159330,43;159390,68;159276,86;159383,99;2176276809,00;68290
WINFUT;28/08/2023;17:15:00;159477,73;159477,73;159303,64;159330,43;2513512700,00;78850
WINFUT;28/08/2023;17:10:00;159424,16;159497,81;159410,77;159477,73;1725966985,00;54119
WINFUT;28/08/2023;17:05:00;159404,08;159457,64;159363,90;159430,86;2057867163,00;64542
WINFUT;28/08/2023;17:00:00;159497,81;159504,51;159397,38;159404,08;2359653164,00;73995
WINFUT;28/08/2023;16:55:00;159444,25;159524,59;159397,38;159497,81;3023319381,00;94792
WINFUT;28/08/2023;16:50:00;159444,25;159537,98;159337,12;159450,94;5622241803,00;176315
WINFUT;28/08/2023;16:45:00;159303,64;159504,51;159270,17;159444,25;6823836219,00;214026
WINFUT;28/08/2023;16:40:00;159089,39;159343,82;159082,70;159296,95;5912670103,00;185634
WINFUT;28/08/2023;16:35:00;158975,57;159163,04;158962,18;159082,70;4169514412,00;131048
WINFUT;28/08/2023;16:30:00;159109,48;159156,35;158962,18;158975,57;4206053304,00;132226
WINFUT;28/08/2023;16:25:00;159082,70;159149,65;159015,74;159109,48;2664058121,00;83730
WINFUT;28/08/2023;16:20:00;159129,56;159149,65;159002,35;159082,70;4059382429,00;127601
WINFUT;28/08/2023;16:15:00;158995,66;159209,91;158968,87;159129,56;7176882798,00;225550
WINFUT;28/08/2023;16:10:00;158955,48;159062,61;158881,83;158995,66;5843821791,00;183809
WINFUT;28/08/2023;16:05:00;158754,62;159042,52;158741,23;158962,18;7590113787,00;238847
WINFUT;28/08/2023;16:00:00;158580,54;158768,01;158520,28;158754,62;4800073525,00;151265
WINFUT;28/08/2023;15:55:00;158513,59;158654,19;158480,11;158580,54;5775275735,00;182101
WINFUT;28/08/2023;15:50:00;158319,42;158520,28;158319,42;158513,59;4647732976,00;146673
WINFUT;28/08/2023;15:45:00;158319,42;158332,81;158285,94;158326,12;1278222055,00;40371
WINFUT;28/08/2023;15:40:00;158406,46;158413,16;158272,55;158326,12;3653502157,00;115379
WINFUT;28/08/2023;15:35:00;158312,73;158526,98;158312,73;158413,16;6181919643,00;195109
WINFUT;28/08/2023;15:30:00;158319,42;158352,90;158225,69;158312,73;3095646819,00;97789
WINFUT;28/08/2023;15:25:00;158265,86;158399,77;158185,51;158312,73;6359582104,00;200875
WINFUT;28/08/2023;15:20:00;158185,51;158279,25;158158,73;158259,16;3147058703,00;99455
WINFUT;28/08/2023;15:15:00;158111,86;158232,38;158065,00;158185,51;5005303892,00;158236
WINFUT;28/08/2023;15:10:00;157944,48;158118,56;157937,78;158118,56;4130576927,00;130672
WINFUT;28/08/2023;15:05:00;158038,21;158044,91;157837,35;157951,17;4750208426,00;150388
WINFUT;28/08/2023;15:00:00;158011,43;158078,39;157971,26;158038,21;2956267579,00;93535
WINFUT;28/08/2023;14:55:00;157937,78;158024,82;157844,05;158011,43;4839934385,00;153213
WINFUT;28/08/2023;14:50:00;158065,00;158105,17;157884,22;157937,78;4293963778,00;135895
WINFUT;28/08/2023;14:45:00;158098,47;158131,95;158038,21;158065,00;2480157014,00;78447
WINFUT;28/08/2023;14:40:00;158091,78;158145,34;158018,13;158098,47;3924703532,00;124132
WINFUT;28/08/2023;14:35:00;158218,99;158218,99;158065,00;158091,78;3486086812,00;110219
WINFUT;28/08/2023;14:30:00;158205,60;158252,47;158138,65;158218,99;2624945314,00;82964
WINFUT;28/08/2023;14:25:00;158306,03;158319,42;158172,12;158198,90;3850345511,00;121668
WINFUT;28/08/2023;14:20:00;158285,94;158332,81;158245,77;158306,03;1683879892,00;53189
WINFUT;28/08/2023;14:15:00;158326,12;158346,20;158239,08;158285,94;2219240847,00;70102
WINFUT;28/08/2023;14:10:00;158292,64;158366,29;158245,77;158326,12;2470712823,00;78031
WINFUT;28/08/2023;14:05:00;158299,33;158433,24;158265,86;158292,64;3380047512,00;106727
WINFUT;28/08/2023;14:00:00;158259,16;158386,38;158232,38;158306,03;3677358531,00;116136
WINFUT;28/08/2023;13:55:00;158406,46;158413,16;158245,77;158259,16;4472163657,00;141238
WINFUT;28/08/2023;13:50:00;158513,59;158520,28;158399,77;158413,16;3004287867,00;94792
WINFUT;28/08/2023;13:45:00;158406,46;158526,98;158372,98;158506,89;3198048575,00;100909
WINFUT;28/08/2023;13:40:00;158379,68;158480,11;158359,59;158406,46;3552031818,00;112102
WINFUT;28/08/2023;13:35:00;158306,03;158399,77;158299,33;158379,68;2640223511,00;83364
WINFUT;28/08/2023;13:30:00;158312,73;158359,59;158239,08;158312,73;2903219160,00;91704
WINFUT;28/08/2023;13:25:00;158198,90;158332,81;158172,12;158319,42;3467268222,00;109540
WINFUT;28/08/2023;13:20:00;158185,51;158212,29;158111,86;158198,90;3179468622,00;100511
WINFUT;28/08/2023;13:15:00;158285,94;158292,64;158125,25;158185,51;4205873780,00;132927
WINFUT;28/08/2023;13:10:00;158359,59;158372,98;158265,86;158285,94;2300850112,00;72671
WINFUT;28/08/2023;13:05:00;158393,07;158426,55;158332,81;158359,59;2459276439,00;77638
WINFUT;28/08/2023;13:00:00;158279,25;158413,16;158252,47;158393,07;2636857674,00;83261
WINFUT;28/08/2023;12:55:00;158319,42;158372,98;158259,16;158285,94;2970783054,00;93830
WINFUT;28/08/2023;12:50:00;158372,98;158413,16;158285,94;158326,12;3439012650,00;108591
WINFUT;28/08/2023;12:45:00;158212,29;158439,94;158205,60;158379,68;6589167790,00;208096
WINFUT;28/08/2023;12:40:00;158158,73;158232,38;158065,00;158218,99;3396461863,00;107378
WINFUT;28/08/2023;12:35:00;158111,86;158212,29;158038,21;158152,04;4808230257,00;152031
WINFUT;28/08/2023;12:30:00;158044,91;158131,95;158024,82;158111,86;2575105920,00;81446
WINFUT;28/08/2023;12:25:00;157944,48;158085,08;157937,78;158044,91;3684787862,00;116600
WINFUT;28/08/2023;12:20:00;158024,82;158091,78;157917,70;157944,48;3085329760,00;97642
WINFUT;28/08/2023;12:15:00;158051,61;158105,17;157984,65;158018,13;2604814285,00;82401
WINFUT;28/08/2023;12:10:00;158071,69;158118,56;157951,17;158044,91;3454549480,00;109305
WINFUT;28/08/2023;12:05:00;157984,65;158098,47;157890,92;158065,00;4742357570,00;150065
WINFUT;28/08/2023;12:00:00;157884,22;157998,04;157844,05;157977,96;3538068991,00;112018
WINFUT;28/08/2023;11:55:00;157736,92;157897,61;157676,66;157877,52;4462999686,00;141433
WINFUT;28/08/2023;11:50:00;157823,96;157931,09;157696,75;157736,92;4852230115,00;153720
WINFUT;28/08/2023;11:45:00;158004,74;158018,13;157797,18;157823,96;4681833381,00;148261
WINFUT;28/08/2023;11:40:00;157944,48;158065,00;157897,61;158004,74;4002657212,00;126672
WINFUT;28/08/2023;11:35:00;157830,66;157998,04;157790,48;157937,78;5597051740,00;177229
WINFUT;28/08/2023;11:30:00;157864,13;157897,61;157623,10;157823,96;6757729097,00;214162
WINFUT;28/08/2023;11:25:00;158085,08;158085,08;157803,88;157864,13;5892470003,00;186572
WINFUT;28/08/2023;11:20:00;158125,25;158192,21;157984,65;158078,39;4535301709,00;143458
WINFUT;28/08/2023;11:15:00;158232,38;158339,51;158044,91;158125,25;7293914305,00;230551
WINFUT;28/08/2023;11:10:00;158152,04;158265,86;158125,25;158225,69;5622585502,00;177713
WINFUT;28/08/2023;11:05:00;157971,26;158178,82;157783,79;158152,04;6052957856,00;191568
WINFUT;28/08/2023;11:00:00;158024,82;158058,30;157817,27;157971,26;5972390190,00;189079
WINFUT;28/08/2023;10:55:00;158158,73;158158,73;157964,56;158024,82;5580013890,00;176522
WINFUT;28/08/2023;10:50:00;157884,22;158252,47;157823,96;158165,43;1,119613247E10;354158
WINFUT;28/08/2023;10:45:00;158038,21;158145,34;157877,52;157884,22;5996475314,00;189756
WINFUT;28/08/2023;10:40:00;157957,87;158145,34;157817,27;158038,21;9555880400,00;302471
WINFUT;28/08/2023;10:35:00;157569,54;157991,35;157562,84;157957,87;9854792068,00;312319
WINFUT;28/08/2023;10:30:00;158078,39;158172,12;157422,24;157569,54;1,569915832E10;497548
WINFUT;28/08/2023;10:25:00;157690,05;158085,08;157690,05;158085,08;7721792366,00;244474
WINFUT;28/08/2023;10:20:00;157636,49;157870,83;157556,15;157690,05;8525054707,00;270264
WINFUT;28/08/2023;10:15:00;158024,82;158098,47;157616,40;157636,49;9879381060,00;312948
WINFUT;28/08/2023;10:10:00;157736,92;158105,17;157716,84;158024,82;8814142368,00;279072
WINFUT;28/08/2023;10:05:00;158152,04;158245,77;157683,36;157736,92;1,098916511E10;347907
WINFUT;28/08/2023;10:00:00;158118,56;158245,77;158018,13;158152,04;6914417824,00;218642
WINFUT;28/08/2023;09:55:00;158172,12;158279,25;158091,78;158111,86;5151816840,00;162842
WINFUT;28/08/2023;09:50:00;158051,61;158185,51;157991,35;158172,12;3419040513,00;108136
WINFUT;28/08/2023;09:45:00;157971,26;158085,08;157944,48;158051,61;3133111296,00;99134
WINFUT;28/08/2023;09:40:00;157917,70;157977,96;157870,83;157971,26;1871192130,00;59241
WINFUT;28/08/2023;09:35:00;157870,83;158018,13;157850,74;157924,39;4141353849,00;131111
WINFUT;28/08/2023;09:30:00;158145,34;158172,12;157837,35;157877,52;6298897868,00;199363
WINFUT;28/08/2023;09:25:00;158004,74;158205,60;157998,04;158145,34;3767208436,00;119118
WINFUT;28/08/2023;09:20:00;158024,82;158172,12;157984,65;157998,04;4131190316,00;130670
WINFUT;28/08/2023;09:15:00;158105,17;158131,95;157931,09;158024,82;4473606768,00;141543
WINFUT;28/08/2023;09:10:00;157797,18;158131,95;157797,18;158105,17;4435282254,00;140374
WINFUT;28/08/2023;09:05:00;157957,87;158051,61;157743,62;157797,18;3754345005,00;118866
WINFUT;28/08/2023;09:00:00;158004,74;158105,17;157790,48;157964,56;5832927965,00;184648
WINFUT;25/08/2023;17:50:00;157576,23;157696,75;157549,45;157609,71;1180501248,00;37448
WINFUT;25/08/2023;17:45:00;157489,19;157582,93;157455,71;157576,23;1236345761,00;39247
WINFUT;25/08/2023;17:40:00;157469,11;157515,97;157402,15;157495,89;1374406098,00;43641
WINFUT;25/08/2023;17:35:00;157388,76;157489,19;157348,59;157469,11;1629692821,00;51762
WINFUT;25/08/2023;17:30:00;157368,67;157388,76;157315,11;157388,76;1158344869,00;36807
WINFUT;25/08/2023;17:25:00;157395,46;157408,85;157341,89;157361,98;1350902563,00;42920
WINFUT;25/08/2023;17:20:00;157395,46;157449,02;157388,76;157395,46;955397833,00;30345
WINFUT;25/08/2023;17:15:00;157469,11;157469,11;157368,67;157402,15;1582375864,00;50261
WINFUT;25/08/2023;17:10:00;157428,93;157489,19;157428,93;157469,11;1339549271,00;42535
WINFUT;25/08/2023;17:05:00;157576,23;157609,71;157422,24;157435,63;2501363528,00;79400
WINFUT;25/08/2023;17:00:00;157556,15;157636,49;157522,67;157582,93;2321921193,00;73675
WINFUT;25/08/2023;16:55:00;157623,10;157690,05;157522,67;157556,15;3514418671,00;111488
WINFUT;25/08/2023;16:50:00;157790,48;157790,48;157596,32;157629,79;5354887453,00;169790
WINFUT;25/08/2023;16:45:00;157823,96;157870,83;157777,09;157790,48;1977753179,00;62657
WINFUT;25/08/2023;16:40:00;157877,52;157884,22;157790,48;157823,96;2420188010,00;76673
WINFUT;25/08/2023;16:35:00;157944,48;157944,48;157823,96;157877,52;3091427508,00;97904
WINFUT;25/08/2023;16:30:00;157904,31;158065,00;157864,13;157944,48;3965468918,00;125506
WINFUT;25/08/2023;16:25:00;157917,70;158011,43;157877,52;157904,31;2880528628,00;91187
WINFUT;25/08/2023;16:20:00;157810,57;157977,96;157790,48;157924,39;3671501487,00;116253
WINFUT;25/08/2023;16:15:00;157797,18;157864,13;157763,70;157810,57;2356712642,00;74668
WINFUT;25/08/2023;16:10:00;157817,27;157857,44;157736,92;157790,48;2968700951,00;94069
WINFUT;25/08/2023;16:05:00;157837,35;157890,92;157723,53;157810,57;4167882406,00;132068
WINFUT;25/08/2023;16:00:00;157951,17;158098,47;157783,79;157844,05;6901739892,00;218516
WINFUT;25/08/2023;15:55:00;157917,70;158011,43;157897,61;157951,17;2047310663,00;64805
WINFUT;25/08/2023;15:50:00;157931,09;158018,13;157877,52;157917,70;3506836692,00;111008
WINFUT;25/08/2023;15:45:00;157890,92;157937,78;157857,44;157931,09;2324110583,00;73596
WINFUT;25/08/2023;15:40:00;157917,70;157998,04;157864,13;157897,61;2350006190,00;74407
WINFUT;25/08/2023;15:35:00;157911,00;158011,43;157864,13;157911,00;4026528097,00;127472
WINFUT;25/08/2023;15:30:00;157951,17;157977,96;157857,44;157904,31;4311522315,00;136521
WINFUT;25/08/2023;15:25:00;157864,13;158038,21;157864,13;157944,48;4380821647,00;138671
WINFUT;25/08/2023;15:20:00;157763,70;157917,70;157710,14;157864,13;5774791945,00;182946
WINFUT;25/08/2023;15:15:00;157609,71;157817,27;157549,45;157763,70;4892564288,00;155127
WINFUT;25/08/2023;15:10:00;157509,28;157656,58;157455,71;157616,40;4141582252,00;131418
WINFUT;25/08/2023;15:05:00;157522,67;157609,71;157489,19;157509,28;3560281022,00;112987
WINFUT;25/08/2023;15:00:00;157422,24;157542,75;157402,15;157515,97;3017581498,00;95814
WINFUT;25/08/2023;14:55:00;157395,46;157442,32;157328,50;157428,93;2156697549,00;68514
WINFUT;25/08/2023;14:50:00;157341,89;157408,85;157315,11;157395,46;3298516803,00;104803
WINFUT;25/08/2023;14:45:00;157274,94;157341,89;157174,51;157341,89;2695774059,00;85708
WINFUT;25/08/2023;14:40:00;157154,42;157308,42;157127,64;157268,24;4122316057,00;131087
WINFUT;25/08/2023;14:35:00;157201,29;157248,16;157033,90;157154,42;4941080559,00;157216
WINFUT;25/08/2023;14:30:00;157341,89;157355,28;157007,12;157201,29;8412192170,00;267602
WINFUT;25/08/2023;14:25:00;157435,63;157449,02;157295,02;157341,89;3932357695,00;124951
WINFUT;25/08/2023;14:20:00;157576,23;157576,23;157382,07;157428,93;4939961603,00;156859
WINFUT;25/08/2023;14:15:00;157636,49;157690,05;157529,36;157576,23;2409667157,00;76445
WINFUT;25/08/2023;14:10:00;157669,97;157683,36;157515,97;157636,49;3952345328,00;125396
WINFUT;25/08/2023;14:05:00;157609,71;157763,70;157576,23;157676,66;2911119366,00;92314
WINFUT;25/08/2023;14:00:00;157669,97;157683,36;157576,23;157616,40;2439457605,00;77376
WINFUT;25/08/2023;13:55:00;157542,75;157723,53;157542,75;157676,66;3024516084,00;95925
WINFUT;25/08/2023;13:50:00;157582,93;157603,01;157489,19;157549,45;2347706082,00;74508
WINFUT;25/08/2023;13:45:00;157549,45;157676,66;157509,28;157582,93;3847556126,00;122068
WINFUT;25/08/2023;13:40:00;157603,01;157623,10;157529,36;157549,45;1762202062,00;55919
WINFUT;25/08/2023;13:35:00;157596,32;157669,97;157542,75;157603,01;2722836601,00;86378
WINFUT;25/08/2023;13:30:00;157576,23;157750,31;157482,50;157603,01;4980234577,00;158004
WINFUT;25/08/2023;13:25:00;157449,02;157609,71;157415,54;157582,93;4262955080,00;135305
WINFUT;25/08/2023;13:20:00;157328,50;157475,80;157321,81;157449,02;3106881644,00;98687
WINFUT;25/08/2023;13:15:00;157301,72;157382,07;157268,24;157328,50;2870424863,00;91223
WINFUT;25/08/2023;13:10:00;157194,59;157328,50;157100,86;157295,02;3106556272,00;98787
WINFUT;25/08/2023;13:05:00;157161,12;157268,24;157107,55;157187,90;2638583929,00;83935
WINFUT;25/08/2023;13:00:00;157174,51;157301,72;157100,86;157161,12;4030601329,00;128194
WINFUT;25/08/2023;12:55:00;157234,77;157241,46;157080,77;157174,51;3602202708,00;114602
WINFUT;25/08/2023;12:50:00;157234,77;157261,55;157060,69;157234,77;6688924651,00;212799
WINFUT;25/08/2023;12:45:00;157489,19;157495,89;157194,59;157241,46;6771313227,00;215249
WINFUT;25/08/2023;12:40:00;157656,58;157669,97;157428,93;157489,19;5090406240,00;161563
WINFUT;25/08/2023;12:35:00;157770,40;157837,35;157649,88;157663,27;3835993275,00;121578
WINFUT;25/08/2023;12:30:00;157777,09;157803,88;157669,97;157770,40;3597185810,00;114029
WINFUT;25/08/2023;12:25:00;157603,01;157823,96;157603,01;157777,09;5008041224,00;158765
WINFUT;25/08/2023;12:20:00;157723,53;157770,40;157502,58;157603,01;5299936603,00;168118
WINFUT;25/08/2023;12:15:00;157609,71;157770,40;157569,54;157723,53;4315993417,00;136878
WINFUT;25/08/2023;12:10:00;157502,58;157656,58;157489,19;157609,71;4857799884,00;154133
WINFUT;25/08/2023;12:05:00;157408,85;157589,62;157321,81;157509,28;7234314429,00;229688
WINFUT;25/08/2023;12:00:00;157361,98;157442,32;157295,02;157415,54;4454486637,00;141523
WINFUT;25/08/2023;11:55:00;157382,07;157455,71;157268,24;157355,28;4359999377,00;138542
WINFUT;25/08/2023;11:50:00;157368,67;157509,28;157348,59;157388,76;5330461324,00;169294
WINFUT;25/08/2023;11:45:00;157442,32;157469,11;157261,55;157361,98;7722275056,00;245373
WINFUT;25/08/2023;11:40:00;157663,27;157803,88;157415,54;157442,32;7465281768,00;236834
WINFUT;25/08/2023;11:35:00;157797,18;157897,61;157502,58;157669,97;9520956978,00;301903
WINFUT;25/08/2023;11:30:00;158085,08;158131,95;157763,70;157803,88;1,027640601E10;325395
WINFUT;25/08/2023;11:25:00;158178,82;158332,81;158004,74;158078,39;8073271588,00;255242
WINFUT;25/08/2023;11:20:00;158506,89;158513,59;158145,34;158185,51;8217046774,00;259489
WINFUT;25/08/2023;11:15:00;158332,81;158674,28;158319,42;158506,89;8891431900,00;280511
WINFUT;25/08/2023;11:10:00;158118,56;158460,02;158078,39;158332,81;7115911905,00;224802
WINFUT;25/08/2023;11:05:00;158573,85;158674,28;157998,04;158118,56;1,066379217E10;336826
WINFUT;25/08/2023;11:00:00;158393,07;158580,54;157977,96;158580,54;1,315891924E10;415592
WINFUT;25/08/2023;10:55:00;158326,12;158433,24;158279,25;158393,07;4602265587,00;145320
WINFUT;25/08/2023;10:50:00;158627,41;158707,75;158299,33;158319,42;9260164459,00;292026
WINFUT;25/08/2023;10:45:00;158319,42;158634,10;158145,34;158634,10;9545884454,00;301361
WINFUT;25/08/2023;10:40:00;158419,85;158520,28;158285,94;158312,73;6275980186,00;198122
WINFUT;25/08/2023;10:35:00;158339,51;158547,06;158245,77;158426,55;8119794105,00;256298
WINFUT;25/08/2023;10:30:00;158520,28;158687,67;158239,08;158326,12;1,132850584E10;357409
WINFUT;25/08/2023;10:25:00;158694,36;158761,32;158379,68;158520,28;1,05861042E10;333848
WINFUT;25/08/2023;10:20:00;158922,01;158968,87;158647,50;158694,36;8423030916,00;265181
WINFUT;25/08/2023;10:15:00;158982,27;159082,70;158741,23;158922,01;9478960285,00;298249
WINFUT;25/08/2023;10:10:00;159096,09;159203,21;158881,83;158988,96;1,001294388E10;314804
WINFUT;25/08/2023;10:05:00;159270,17;159370,60;159029,13;159096,09;9428457273,00;296084
WINFUT;25/08/2023;10:00:00;159484,42;159584,85;159263,47;159276,86;7939251137,00;248981
WINFUT;25/08/2023;09:55:00;159511,20;159544,68;159444,25;159491,12;2290867396,00;71817
WINFUT;25/08/2023;09:50:00;159558,07;159618,33;159464,33;159511,20;3802909844,00;119186
WINFUT;25/08/2023;09:45:00;159491,12;159631,72;159450,94;159558,07;5849995619,00;183331
WINFUT;25/08/2023;09:40:00;159397,38;159504,51;159390,68;159491,12;3335687942,00;104598
WINFUT;25/08/2023;09:35:00;159283,56;159450,94;159270,17;159397,38;4075625164,00;127871
WINFUT;25/08/2023;09:30:00;159183,13;159323,73;159055,92;159276,86;6444271433,00;202392
WINFUT;25/08/2023;09:25:00;159370,60;159430,86;159136,26;159176,43;4872884071,00;152992
WINFUT;25/08/2023;09:20:00;159417,47;159437,55;159276,86;159370,60;2847842199,00;89351
WINFUT;25/08/2023;09:15:00;159377,29;159491,12;159337,12;159410,77;4107131226,00;128826
WINFUT;25/08/2023;09:10:00;159383,99;159457,64;159256,78;159377,29;4605593964,00;144499
WINFUT;25/08/2023;09:05:00;159270,17;159437,55;159116,17;159377,29;8505324488,00;266982
WINFUT;25/08/2023;09:00:00;159383,99;159417,47;158734,54;159270,17;1,205539123E10;379009
WINFUT;24/08/2023;17:50:00;159310,34;159511,20;159310,34;159511,20;1642364767,00;51507
WINFUT;24/08/2023;17:45:00;159230,00;159357,21;159216,60;159310,34;1764320888,00;55383
WINFUT;24/08/2023;17:40:00;159236,69;159263,47;159196,52;159230,00;1079150088,00;33887
WINFUT;24/08/2023;17:35:00;159203,21;159243,39;159169,74;159230,00;810310315,10;25448
WINFUT;24/08/2023;17:30:00;159163,04;159270,17;159156,35;159203,21;1504888534,00;47259
WINFUT;24/08/2023;17:25:00;159236,69;159243,39;159163,04;159169,74;1066966456,00;33512
WINFUT;24/08/2023;17:20:00;159276,86;159276,86;159203,21;159236,69;775883709,00;24363
WINFUT;24/08/2023;17:15:00;159236,69;159290,25;159189,82;159270,17;1196711259,00;37576
WINFUT;24/08/2023;17:10:00;159283,56;159283,56;159176,43;159243,39;1413552212,00;44386
WINFUT;24/08/2023;17:05:00;159230,00;159283,56;159189,82;159283,56;1300049081,00;40821
WINFUT;24/08/2023;17:00:00;159230,00;159270,17;159156,35;159230,00;3007669593,00;94458
WINFUT;24/08/2023;16:55:00;159149,65;159330,43;159076,00;159223,30;4758198333,00;149430
WINFUT;24/08/2023;16:50:00;159183,13;159236,69;159109,48;159149,65;3351083469,00;105266
WINFUT;24/08/2023;16:45:00;159183,13;159250,08;159096,09;159183,13;3866909508,00;121471
WINFUT;24/08/2023;16:40:00;159290,25;159317,04;159136,26;159183,13;5188485507,00;162928
WINFUT;24/08/2023;16:35:00;159464,33;159477,73;159236,69;159283,56;4744592918,00;148901
WINFUT;24/08/2023;16:30:00;159544,68;159558,07;159404,08;159464,33;2945098540,00;92346
WINFUT;24/08/2023;16:25:00;159497,81;159551,37;159424,16;159544,68;2646257315,00;82965
WINFUT;24/08/2023;16:20:00;159477,73;159564,77;159457,64;159491,12;2128865525,00;66729
WINFUT;24/08/2023;16:15:00;159558,07;159584,85;159457,64;159471,03;2231726980,00;69950
WINFUT;24/08/2023;16:10:00;159404,08;159611,63;159377,29;159558,07;4565423687,00;143098
WINFUT;24/08/2023;16:05:00;159477,73;159604,94;159383,99;159410,77;4471220550,00;140158
WINFUT;24/08/2023;16:00:00;159517,90;159524,59;159424,16;159484,42;2539287765,00;79615
WINFUT;24/08/2023;15:55:00;159390,68;159517,90;159350,51;159511,20;3739978871,00;117279
WINFUT;24/08/2023;15:50:00;159370,60;159424,16;159343,82;159397,38;1379604596,00;43278
WINFUT;24/08/2023;15:45:00;159363,90;159437,55;159323,73;159377,29;2679471986,00;84057
WINFUT;24/08/2023;15:40:00;159397,38;159404,08;159270,17;159363,90;3390037430,00;106378
WINFUT;24/08/2023;15:35:00;159417,47;159450,94;159350,51;159404,08;2230030298,00;69952
WINFUT;24/08/2023;15:30:00;159524,59;159564,77;159370,60;159424,16;4531781511,00;142093
WINFUT;24/08/2023;15:25:00;159410,77;159531,29;159256,78;159517,90;5370957244,00;168481
WINFUT;24/08/2023;15:20:00;159370,60;159477,73;159350,51;159404,08;2905599538,00;91132
WINFUT;24/08/2023;15:15:00;159424,16;159430,86;159283,56;159370,60;3996515464,00;125404
WINFUT;24/08/2023;15:10:00;159390,68;159464,33;159377,29;159424,16;1879114100,00;58935
WINFUT;24/08/2023;15:05:00;159471,03;159497,81;159350,51;159390,68;3914742985,00;122779
WINFUT;24/08/2023;15:00:00;159671,89;159785,71;159450,94;159471,03;7692128077,00;240970
WINFUT;24/08/2023;14:55:00;159517,90;159698,67;159504,51;159671,89;4791065263,00;150081
WINFUT;24/08/2023;14:50:00;159330,43;159571,46;159290,25;159517,90;4745208332,00;148808
WINFUT;24/08/2023;14:45:00;159343,82;159404,08;159317,04;159337,12;2005170993,00;62914
WINFUT;24/08/2023;14:40:00;159450,94;159477,73;159317,04;159343,82;2391767924,00;75022
WINFUT;24/08/2023;14:35:00;159464,33;159477,73;159323,73;159457,64;4661681909,00;146224
WINFUT;24/08/2023;14:30:00;159417,47;159551,37;159390,68;159464,33;3320010155,00;104085
WINFUT;24/08/2023;14:25:00;159564,77;159564,77;159390,68;159410,77;3727025618,00;116872
WINFUT;24/08/2023;14:20:00;159558,07;159584,85;159484,42;159558,07;1697591531,00;53205
WINFUT;24/08/2023;14:15:00;159511,20;159611,63;159477,73;159551,37;3028692972,00;94918
WINFUT;24/08/2023;14:10:00;159625,02;159698,67;159497,81;159511,20;3495908168,00;109520
WINFUT;24/08/2023;14:05:00;159491,12;159645,11;159477,73;159625,02;3385867253,00;106083
WINFUT;24/08/2023;14:00:00;159591,55;159618,33;159450,94;159491,12;3227268590,00;101153
WINFUT;24/08/2023;13:55:00;159571,46;159611,63;159511,20;159591,55;2625590966,00;82280
WINFUT;24/08/2023;13:50:00;159685,28;159752,24;159537,98;159571,46;4026097185,00;126100
WINFUT;24/08/2023;13:45:00;159591,55;159832,58;159564,77;159685,28;8570520710,00;268324
WINFUT;24/08/2023;13:40:00;159357,21;159618,33;159323,73;159598,24;5518602567,00;173020
WINFUT;24/08/2023;13:35:00;159363,90;159444,25;159323,73;159357,21;2842856283,00;89182
WINFUT;24/08/2023;13:30:00;159464,33;159464,33;159250,08;159363,90;6161598809,00;193338
WINFUT;24/08/2023;13:25:00;159571,46;159665,20;159450,94;159457,64;4052124403,00;126993
WINFUT;24/08/2023;13:20:00;159477,73;159678,59;159477,73;159564,77;6017784597,00;188552
WINFUT;24/08/2023;13:15:00;159250,08;159491,12;159243,39;159477,73;6134163423,00;192440
WINFUT;24/08/2023;13:10:00;159263,47;159270,17;159122,87;159250,08;3425685711,00;107588
WINFUT;24/08/2023;13:05:00;159102,78;159270,17;159096,09;159263,47;2798034243,00;87876
WINFUT;24/08/2023;13:00:00;159076,00;159183,13;159049,22;159102,78;2642206919,00;83018
WINFUT;24/08/2023;12:55:00;159142,96;159209,91;159062,61;159076,00;3267582207,00;102663
WINFUT;24/08/2023;12:50:00;159089,39;159149,65;159042,52;159149,65;2338701932,00;73502
WINFUT;24/08/2023;12:45:00;159129,56;159163,04;159042,52;159089,39;3105655247,00;97601
WINFUT;24/08/2023;12:40:00;159176,43;159189,82;159102,78;159136,26;1895448411,00;59553
WINFUT;24/08/2023;12:35:00;159122,87;159189,82;159049,22;159176,43;3338066457,00;104895
WINFUT;24/08/2023;12:30:00;159169,74;159189,82;158975,57;159122,87;6074468747,00;190919
WINFUT;24/08/2023;12:25:00;159122,87;159230,00;159089,39;159169,74;4875928523,00;153190
WINFUT;24/08/2023;12:20:00;159370,60;159377,29;159096,09;159122,87;7366044989,00;231321
WINFUT;24/08/2023;12:15:00;159377,29;159491,12;159270,17;159370,60;7074053082,00;221911
WINFUT;24/08/2023;12:10:00;159638,41;159651,81;159357,21;159377,29;7300660346,00;228857
WINFUT;24/08/2023;12:05:00;159738,85;159765,63;159558,07;159638,41;5049824892,00;158157
WINFUT;24/08/2023;12:00:00;159752,24;159812,50;159651,81;159732,15;4167801165,00;130469
WINFUT;24/08/2023;11:55:00;159979,88;160006,66;159625,02;159752,24;8591964985,00;268842
WINFUT;24/08/2023;11:50:00;159959,79;160040,14;159926,32;159986,58;3508256862,00;109642
WINFUT;24/08/2023;11:45:00;160040,14;160120,48;159866,06;159966,49;7700927602,00;240677
WINFUT;24/08/2023;11:40:00;160281,17;160287,87;160006,66;160046,83;5981731860,00;186744
WINFUT;24/08/2023;11:35:00;160093,70;160314,65;160026,75;160281,17;6315609227,00;197136
WINFUT;24/08/2023;11:30:00;160214,22;160267,78;159979,88;160093,70;1,009983076E10;315391
WINFUT;24/08/2023;11:25:00;160301,26;160341,43;160194,13;160207,52;4170292282,00;130116
WINFUT;24/08/2023;11:20:00;160328,04;160461,95;160234,31;160294,56;5691074007,00;177466
WINFUT;24/08/2023;11:15:00;160428,47;160441,86;160261,09;160328,04;4995715206,00;155774
WINFUT;24/08/2023;11:10:00;160307,95;160435,17;160194,13;160428,47;7059634014,00;220188
WINFUT;24/08/2023;11:05:00;160441,86;160468,64;160287,87;160307,95;6259961051,00;195166
WINFUT;24/08/2023;11:00:00;160823,50;160856,98;160408,39;160435,17;1,138804329E10;354544
WINFUT;24/08/2023;10:55:00;160522,21;160830,20;160482,04;160823,50;1,352994313E10;421055
WINFUT;24/08/2023;10:50:00;160214,22;160555,68;160194,13;160522,21;1,106996731E10;345100
WINFUT;24/08/2023;10:45:00;160140,57;160408,39;160107,09;160207,52;9678309287,00;301943
WINFUT;24/08/2023;10:40:00;160133,87;160254,39;159986,58;160140,57;7993719095,00;249618
WINFUT;24/08/2023;10:35:00;160100,40;160281,17;159919,62;160133,87;1,11945197E10;349625
WINFUT;24/08/2023;10:30:00;160100,40;160314,65;160073,62;160100,40;1,218799698E10;380426
WINFUT;24/08/2023;10:25:00;159986,58;160100,40;159906,23;160100,40;4566940367,00;142707
WINFUT;24/08/2023;10:20:00;159912,93;160013,36;159832,58;159979,88;5349729256,00;167274
WINFUT;24/08/2023;10:15:00;160060,22;160080,31;159832,58;159919,62;9576607901,00;299426
WINFUT;24/08/2023;10:10:00;160180,74;160254,39;159959,79;160060,22;9806788197,00;306324
WINFUT;24/08/2023;10:05:00;160254,39;160341,43;160127,18;160187,44;7148270361,00;223058
WINFUT;24/08/2023;10:00:00;160167,35;160328,04;160093,70;160247,70;7470144856,00;233135
WINFUT;24/08/2023;09:55:00;160194,13;160274,48;160133,87;160174,05;3120426338,00;97391
WINFUT;24/08/2023;09:50:00;160187,44;160261,09;160147,27;160200,83;2293628722,00;71583
WINFUT;24/08/2023;09:45:00;160200,83;160241,00;160140,57;160194,13;3082772772,00;96222
WINFUT;24/08/2023;09:40:00;160227,61;160234,31;160120,48;160200,83;3579088900,00;111719
WINFUT;24/08/2023;09:35:00;160281,17;160287,87;160133,87;160234,31;4673293630,00;145859
WINFUT;24/08/2023;09:30:00;160388,30;160394,99;160234,31;160281,17;4752854399,00;148257
WINFUT;24/08/2023;09:25:00;160321,35;160408,39;160287,87;160388,30;3277780238,00;102208
WINFUT;24/08/2023;09:20:00;160455,25;160502,12;160307,95;160321,35;4642137172,00;144720
WINFUT;24/08/2023;09:15:00;160468,64;160555,68;160435,17;160461,95;3219949420,00;100317
WINFUT;24/08/2023;09:10:00;160502,12;160569,08;160428,47;160475,34;3817741423,00;118945
WINFUT;24/08/2023;09:05:00;160595,86;160676,20;160455,25;160495,43;7150872319,00;222685
WINFUT;24/08/2023;09:00:00;160816,81;160957,41;160555,68;160595,86;6810138196,00;211919
WINFUT;23/08/2023;17:50:00;161218,53;161359,13;161178,36;161278,79;1773154187,00;54982
WINFUT;23/08/2023;17:45:00;161077,93;161272,09;161031,06;161218,53;3563633634,00;110561
WINFUT;23/08/2023;17:40:00;160950,71;161084,62;160937,32;161071,23;2618461975,00;81307
WINFUT;23/08/2023;17:35:00;160910,54;161004,28;160903,85;160950,71;1534037374,00;47656
WINFUT;23/08/2023;17:30:00;160964,10;161010,97;160890,45;160910,54;2415320611,00;75031
WINFUT;23/08/2023;17:25:00;160923,93;161031,06;160877,06;160964,10;3888600855,00;120797
WINFUT;23/08/2023;17:20:00;160669,51;160970,80;160669,51;160923,93;8107669872,00;252042
WINFUT;23/08/2023;17:15:00;160669,51;160749,85;160636,03;160676,20;2327214980,00;72411
WINFUT;23/08/2023;17:10:00;160629,33;160696,29;160589,16;160676,20;2161025480,00;67258
WINFUT;23/08/2023;17:05:00;160515,51;160669,51;160495,43;160622,64;3246720532,00;101083
WINFUT;23/08/2023;17:00:00;160502,12;160562,38;160441,86;160522,21;2961126653,00;92251
WINFUT;23/08/2023;16:55:00;160575,77;160589,16;160448,56;160502,12;3568194136,00;111154
WINFUT;23/08/2023;16:50:00;160669,51;160676,20;160502,12;160575,77;4528528010,00;141007
WINFUT;23/08/2023;16:45:00;160622,64;160682,90;160562,38;160676,20;2751438364,00;85648
WINFUT;23/08/2023;16:40:00;160622,64;160662,81;160595,86;160622,64;1743727215,00;54279
WINFUT;23/08/2023;16:35:00;160555,68;160716,37;160548,99;160622,64;4669020575,00;145322
WINFUT;23/08/2023;16:30:00;160676,20;160716,37;160522,21;160555,68;4356257797,00;135624
WINFUT;23/08/2023;16:25:00;160649,42;160709,68;160636,03;160669,51;2371520093,00;73797
WINFUT;23/08/2023;16:20:00;160656,12;160669,51;160589,16;160649,42;2090099472,00;65058
WINFUT;23/08/2023;16:15:00;160656,12;160709,68;160602,55;160662,81;2553302266,00;79466
WINFUT;23/08/2023;16:10:00;160595,86;160676,20;160548,99;160656,12;3163372961,00;98479
WINFUT;23/08/2023;16:05:00;160582,47;160729,76;160562,38;160589,16;6172022256,00;192110
WINFUT;23/08/2023;16:00:00;160455,25;160582,47;160435,17;160582,47;3771532350,00;117481
WINFUT;23/08/2023;15:55:00;160455,25;160475,34;160421,78;160455,25;1565558225,00;48787
WINFUT;23/08/2023;15:50:00;160421,78;160502,12;160401,69;160455,25;2466759221,00;76868
WINFUT;23/08/2023;15:45:00;160441,86;160528,90;160381,60;160421,78;4496106296,00;140108
WINFUT;23/08/2023;15:40:00;160348,13;160468,64;160314,65;160441,86;4100227274,00;127809
WINFUT;23/08/2023;15:35:00;160261,09;160374,91;160187,44;160348,13;3877925603,00;120982
WINFUT;23/08/2023;15:30:00;160234,31;160301,26;160207,52;160254,39;2264009935,00;70637
WINFUT;23/08/2023;15:25:00;160281,17;160321,35;160207,52;160227,61;2857286821,00;89141
WINFUT;23/08/2023;15:20:00;160421,78;160428,47;160227,61;160287,87;5411999132,00;168802
WINFUT;23/08/2023;15:15:00;160421,78;160468,64;160388,30;160421,78;1594282521,00;49690
WINFUT;23/08/2023;15:10:00;160448,56;160495,43;160388,30;160421,78;2062337527,00;64270
WINFUT;23/08/2023;15:05:00;160401,69;160468,64;160388,30;160448,56;1310686214,00;40850
WINFUT;23/08/2023;15:00:00;160428,47;160495,43;160374,91;160401,69;3432990473,00;106986
WINFUT;23/08/2023;14:55:00;160408,39;160448,56;160368,21;160428,47;1949190005,00;60757
WINFUT;23/08/2023;14:50:00;160455,25;160508,82;160354,82;160408,39;3743772886,00;116684
WINFUT;23/08/2023;14:45:00;160488,73;160508,82;160428,47;160455,25;2554895939,00;79610
WINFUT;23/08/2023;14:40:00;160522,21;160609,25;160488,73;160495,43;2721702547,00;84762
WINFUT;23/08/2023;14:35:00;160555,68;160555,68;160468,64;160522,21;2037094921,00;63460
WINFUT;23/08/2023;14:30:00;160562,38;160622,64;160488,73;160548,99;2487183857,00;77456
WINFUT;23/08/2023;14:25:00;160622,64;160642,72;160542,29;160562,38;2332222501,00;72612
WINFUT;23/08/2023;14:20:00;160595,86;160642,72;160528,90;160629,33;2937181800,00;91449
WINFUT;23/08/2023;14:15:00;160455,25;160609,25;160428,47;160602,55;3730202062,00;116189
WINFUT;23/08/2023;14:10:00;160555,68;160589,16;160401,69;160461,95;4239511069,00;132082
WINFUT;23/08/2023;14:05:00;160602,55;160609,25;160542,29;160555,68;1784912749,00;55579
WINFUT;23/08/2023;14:00:00;160542,29;160649,42;160542,29;160595,86;2723061111,00;84773
WINFUT;23/08/2023;13:55:00;160595,86;160622,64;160522,21;160535,60;2203700521,00;68621
WINFUT;23/08/2023;13:50:00;160575,77;160636,03;160569,08;160602,55;1873903523,00;58339
WINFUT;23/08/2023;13:45:00;160555,68;160649,42;160515,51;160569,08;3086457526,00;96106
WINFUT;23/08/2023;13:40:00;160548,99;160622,64;160528,90;160562,38;3172117010,00;98772
WINFUT;23/08/2023;13:35:00;160468,64;160569,08;160455,25;160542,29;2892437891,00;90092
WINFUT;23/08/2023;13:30:00;160455,25;160495,43;160421,78;160468,64;1664429981,00;51864
WINFUT;23/08/2023;13:25:00;160354,82;160528,90;160354,82;160455,25;3077433541,00;95898
WINFUT;23/08/2023;13:20:00;160388,30;160468,64;160348,13;160361,52;2390240818,00;74507
WINFUT;23/08/2023;13:15:00;160421,78;160475,34;160341,43;160388,30;2937802369,00;91578
WINFUT;23/08/2023;13:10:00;160321,35;160461,95;160307,95;160421,78;3980231957,00;124070
WINFUT;23/08/2023;13:05:00;160261,09;160348,13;160227,61;160321,35;2221391120,00;69296
WINFUT;23/08/2023;13:00:00;160294,56;160381,60;160254,39;160261,09;3237423444,00;100966
WINFUT;23/08/2023;12:55:00;160153,96;160354,82;160153,96;160294,56;4986075223,00;155547
WINFUT;23/08/2023;12:50:00;160180,74;160227,61;160120,48;160153,96;2375568278,00;74159
WINFUT;23/08/2023;12:45:00;160187,44;160234,31;160140,57;160174,05;2022859206,00;63138
WINFUT;23/08/2023;12:40:00;160207,52;160234,31;160120,48;160194,13;3126635005,00;97600
WINFUT;23/08/2023;12:35:00;159966,49;160307,95;159939,71;160200,83;7018955039,00;219132
WINFUT;23/08/2023;12:30:00;160033,44;160073,62;159946,40;159966,49;2414394011,00;75455
WINFUT;23/08/2023;12:25:00;160073,62;160093,70;159999,97;160040,14;1975713224,00;61725
WINFUT;23/08/2023;12:20:00;160053,53;160127,18;160046,83;160073,62;1752497112,00;54735
WINFUT;23/08/2023;12:15:00;160053,53;160120,48;160020,05;160046,83;1813465947,00;56644
WINFUT;23/08/2023;12:10:00;160060,22;160127,18;160006,66;160053,53;2714222455,00;84785
WINFUT;23/08/2023;12:05:00;159973,18;160107,09;159953,10;160066,92;4426304881,00;138280
WINFUT;23/08/2023;12:00:00;159986,58;160020,05;159906,23;159979,88;2826315222,00;88345
WINFUT;23/08/2023;11:55:00;159946,40;160053,53;159933,01;159986,58;3371234197,00;105355
WINFUT;23/08/2023;11:50:00;159892,84;159999,97;159845,97;159953,10;3817020612,00;119339
WINFUT;23/08/2023;11:45:00;159919,62;160006,66;159879,45;159899,54;5399839015,00;168811
WINFUT;23/08/2023;11:40:00;159611,63;159946,40;159564,77;159919,62;6877712150,00;215203
WINFUT;23/08/2023;11:35:00;159779,02;159785,71;159544,68;159611,63;6014517694,00;188384
WINFUT;23/08/2023;11:30:00;159859,36;159912,93;159745,54;159779,02;4876476549,00;152564
WINFUT;23/08/2023;11:25:00;159698,67;159879,45;159625,02;159859,36;5807389677,00;181763
WINFUT;23/08/2023;11:20:00;159758,93;159839,28;159685,28;159705,37;4410448785,00;138023
WINFUT;23/08/2023;11:15:00;159671,89;159799,10;159658,50;159758,93;3921959472,00;122764
WINFUT;23/08/2023;11:10:00;159785,71;159805,80;159658,50;159671,89;3879029243,00;121429
WINFUT;23/08/2023;11:05:00;159625,02;159812,50;159611,63;159779,02;5035509106,00;157614
WINFUT;23/08/2023;11:00:00;159752,24;159792,41;159537,98;159625,02;6457140035,00;202246
WINFUT;23/08/2023;10:55:00;159491,12;159825,89;159450,94;159752,24;9162718463,00;286868
WINFUT;23/08/2023;10:50:00;159437,55;159578,16;159290,25;159497,81;7141917355,00;223952
WINFUT;23/08/2023;10:45:00;159183,13;159598,24;159183,13;159437,55;9307402685,00;291858
WINFUT;23/08/2023;10:40:00;159310,34;159424,16;159183,13;159189,82;7975653750,00;250295
WINFUT;23/08/2023;10:35:00;159230,00;159330,43;159009,05;159310,34;1,279040007E10;401682
WINFUT;23/08/2023;10:30:00;159102,78;159317,04;158975,57;159230,00;1,339269287E10;420773
WINFUT;23/08/2023;10:25:00;158734,54;159203,21;158634,10;159102,78;1,267389564E10;398736
WINFUT;23/08/2023;10:20:00;158814,88;159009,05;158707,75;158727,84;8966787904,00;282243
WINFUT;23/08/2023;10:15:00;158935,40;158988,96;158667,58;158808,19;9965001869,00;313748
WINFUT;23/08/2023;10:10:00;158834,97;159002,35;158667,58;158928,70;1,248981342E10;393173
WINFUT;23/08/2023;10:05:00;158620,71;158881,83;158547,06;158834,97;9792210162,00;308505
WINFUT;23/08/2023;10:00:00;158587,24;158694,36;158480,11;158627,41;6554687741,00;206653
WINFUT;23/08/2023;09:55:00;158493,50;158640,80;158426,55;158580,54;4758649001,00;150053
WINFUT;23/08/2023;09:50:00;158419,85;158540,37;158359,59;158486,81;4972179232,00;156887
WINFUT;23/08/2023;09:45:00;158500,20;158540,37;158359,59;158426,55;4188182646,00;132178
WINFUT;23/08/2023;09:40:00;158547,06;158580,54;158460,02;158506,89;2706847626,00;85381
WINFUT;23/08/2023;09:35:00;158460,02;158587,24;158419,85;158547,06;4130732362,00;130298
WINFUT;23/08/2023;09:30:00;158607,32;158614,02;158426,55;158460,02;5278334430,00;166507
WINFUT;23/08/2023;09:25:00;158794,79;158834,97;158560,46;158607,32;5180144097,00;163231
WINFUT;23/08/2023;09:20:00;158834,97;158861,75;158701,06;158801,49;4423143794,00;139285
WINFUT;23/08/2023;09:15:00;158788,10;158908,62;158768,01;158834,97;3222228669,00;101433
WINFUT;23/08/2023;09:10:00;159062,61;159116,17;158774,71;158788,10;5186356802,00;163184
WINFUT;23/08/2023;09:05:00;158888,53;159122,87;158841,66;159055,92;7064646347,00;222186
WINFUT;23/08/2023;09:00:00;159096,09;159163,04;158747,93;158888,53;7859271526,00;247204
WINFUT;22/08/2023;17:50:00;158419,85;158466,72;158326,12;158466,72;1426787855,00;45037
WINFUT;22/08/2023;17:45:00;158346,20;158426,55;158326,12;158419,85;1783085686,00;56291
WINFUT;22/08/2023;17:40:00;158426,55;158433,24;158299,33;158346,20;2744045614,00;86645
WINFUT;22/08/2023;17:35:00;158393,07;158466,72;158359,59;158426,55;1941122391,00;61267
WINFUT;22/08/2023;17:30:00;158279,25;158413,16;158279,25;158393,07;2827326037,00;89278
WINFUT;22/08/2023;17:25:00;158259,16;158285,94;158212,29;158285,94;1154758706,00;36487
WINFUT;22/08/2023;17:20:00;158185,51;158272,55;158158,73;158265,86;1532667416,00;48437
WINFUT;22/08/2023;17:15:00;158185,51;158218,99;158131,95;158185,51;2057565192,00;65041
WINFUT;22/08/2023;17:10:00;158252,47;158259,16;158145,34;158192,21;1867378836,00;59021
WINFUT;22/08/2023;17:05:00;158239,08;158292,64;158198,90;158259,16;1687019338,00;53303
WINFUT;22/08/2023;17:00:00;158252,47;158285,94;158131,95;158239,08;3701772128,00;116990
WINFUT;22/08/2023;16:55:00;158232,38;158279,25;158218,99;158259,16;1930221950,00;60986
WINFUT;22/08/2023;16:50:00;158285,94;158299,33;158212,29;158239,08;2537493703,00;80174
WINFUT;22/08/2023;16:45:00;158306,03;158312,73;158218,99;158285,94;2220241503,00;70142
WINFUT;22/08/2023;16:40:00;158306,03;158359,59;158205,60;158306,03;3154009556,00;99632
WINFUT;22/08/2023;16:35:00;158205,60;158326,12;158192,21;158299,33;3087154582,00;97529
WINFUT;22/08/2023;16:30:00;158326,12;158332,81;158178,82;158198,90;3997764333,00;126316
WINFUT;22/08/2023;16:25:00;158346,20;158533,67;158292,64;158319,42;7274069834,00;229607
WINFUT;22/08/2023;16:20:00;158379,68;158446,63;158232,38;158346,20;6107012636,00;192850
WINFUT;22/08/2023;16:15:00;158225,69;158393,07;158172,12;158386,38;4632589746,00;146350
WINFUT;22/08/2023;16:10:00;158285,94;158352,90;158218,99;158225,69;3618539480,00;114299
WINFUT;22/08/2023;16:05:00;158111,86;158359,59;158111,86;158285,94;8628298274,00;272615
WINFUT;22/08/2023;16:00:00;157937,78;158145,34;157937,78;158105,17;4310872858,00;136365
WINFUT;22/08/2023;15:55:00;157944,48;158051,61;157884,22;157944,48;4453752066,00;140965
WINFUT;22/08/2023;15:50:00;157964,56;158018,13;157877,52;157944,48;2822275282,00;89347
WINFUT;22/08/2023;15:45:00;157991,35;158011,43;157917,70;157964,56;2112777416,00;66879
WINFUT;22/08/2023;15:40:00;157984,65;158065,00;157924,39;157991,35;4469478726,00;141441
WINFUT;22/08/2023;15:35:00;157884,22;158038,21;157817,27;157984,65;6496235275,00;205645
WINFUT;22/08/2023;15:30:00;157757,01;157931,09;157723,53;157884,22;6342982152,00;200941
WINFUT;22/08/2023;15:25:00;157770,40;157790,48;157696,75;157750,31;2518312229,00;79824
WINFUT;22/08/2023;15:20:00;157676,66;157770,40;157623,10;157770,40;2703439262,00;85711
WINFUT;22/08/2023;15:15:00;157723,53;157803,88;157603,01;157676,66;4819458280,00;152797
WINFUT;22/08/2023;15:10:00;157736,92;157743,62;157549,45;157730,23;5228894073,00;165836
WINFUT;22/08/2023;15:05:00;157536,06;157777,09;157482,50;157730,23;6483319256,00;205634
WINFUT;22/08/2023;15:00:00;157529,36;157596,32;157415,54;157529,36;3820793812,00;121287
WINFUT;22/08/2023;14:55:00;157402,15;157556,15;157348,59;157522,67;3448395611,00;109494
WINFUT;22/08/2023;14:50:00;157408,85;157442,32;157335,20;157408,85;3289051892,00;104493
WINFUT;22/08/2023;14:45:00;157502,58;157522,67;157388,76;157408,85;3127631189,00;99328
WINFUT;22/08/2023;14:40:00;157281,63;157542,75;157254,85;157502,58;5870966533,00;186446
WINFUT;22/08/2023;14:35:00;157348,59;157368,67;157268,24;157288,33;2171208932,00;69009
WINFUT;22/08/2023;14:30:00;157321,81;157361,98;157241,46;157348,59;2734204675,00;86913
WINFUT;22/08/2023;14:25:00;157181,20;157328,50;157174,51;157328,50;1875881694,00;59651
WINFUT;22/08/2023;14:20:00;157087,47;157268,24;157074,08;157181,20;3461650718,00;110122
WINFUT;22/08/2023;14:15:00;157114,25;157134,34;156946,86;157087,47;4502397352,00;143359
WINFUT;22/08/2023;14:10:00;157154,42;157228,07;157087,47;157120,94;3540913837,00;112660
WINFUT;22/08/2023;14:05:00;157167,81;157181,20;156993,73;157154,42;4864191309,00;154839
WINFUT;22/08/2023;14:00:00;157308,42;157315,11;157154,42;157161,12;3371406096,00;107212
WINFUT;22/08/2023;13:55:00;157321,81;157382,07;157281,63;157301,72;2408681528,00;76541
WINFUT;22/08/2023;13:50:00;157315,11;157361,98;157241,46;157321,81;2726725762,00;86670
WINFUT;22/08/2023;13:45:00;157281,63;157335,20;157268,24;157308,42;1469273342,00;46702
WINFUT;22/08/2023;13:40:00;157221,38;157308,42;157207,98;157281,63;2169004030,00;68957
WINFUT;22/08/2023;13:35:00;157141,03;157254,85;157047,30;157214,68;3129591941,00;99569
WINFUT;22/08/2023;13:30:00;157194,59;157335,20;157100,86;157141,03;4497964663,00;143042
WINFUT;22/08/2023;13:25:00;157094,16;157241,46;157074,08;157194,59;2753815756,00;87610
WINFUT;22/08/2023;13:20:00;157254,85;157321,81;157074,08;157087,47;3424349668,00;108920
WINFUT;22/08/2023;13:15:00;157254,85;157328,50;157167,81;157248,16;3507569018,00;111534
WINFUT;22/08/2023;13:10:00;157361,98;157375,37;157234,77;157261,55;2640643730,00;83935
WINFUT;22/08/2023;13:05:00;157415,54;157428,93;157341,89;157368,67;1985233294,00;63068
WINFUT;22/08/2023;13:00:00;157254,85;157415,54;157207,98;157408,85;2915945193,00;92677
WINFUT;22/08/2023;12:55:00;157295,02;157355,28;157234,77;157254,85;2668283683,00;84817
WINFUT;22/08/2023;12:50:00;157455,71;157462,41;157268,24;157288,33;2786469105,00;88546
WINFUT;22/08/2023;12:45:00;157536,06;157556,15;157375,37;157455,71;3329660471,00;105733
WINFUT;22/08/2023;12:40:00;157335,20;157542,75;157335,20;157529,36;3247775715,00;103138
WINFUT;22/08/2023;12:35:00;157261,55;157415,54;157241,46;157341,89;3195919076,00;101557
WINFUT;22/08/2023;12:30:00;157301,72;157301,72;157187,90;157261,55;2172147018,00;69071
WINFUT;22/08/2023;12:25:00;157281,63;157341,89;157254,85;157295,02;1528826699,00;48596
WINFUT;22/08/2023;12:20:00;157315,11;157355,28;157221,38;157281,63;2248343240,00;71474
WINFUT;22/08/2023;12:15:00;157375,37;157388,76;157207,98;157315,11;3773148514,00;119943
WINFUT;22/08/2023;12:10:00;157274,94;157556,15;157234,77;157382,07;5186023329,00;164735
WINFUT;22/08/2023;12:05:00;157442,32;157462,41;157268,24;157281,63;3306827086,00;105085
WINFUT;22/08/2023;12:00:00;157449,02;157536,06;157355,28;157442,32;3465326980,00;110051
WINFUT;22/08/2023;11:55:00;157482,50;157489,19;157375,37;157449,02;3560418646,00;113079
WINFUT;22/08/2023;11:50:00;157509,28;157603,01;157422,24;157482,50;5202000153,00;165122
WINFUT;22/08/2023;11:45:00;157428,93;157509,28;157335,20;157509,28;3712322836,00;117923
WINFUT;22/08/2023;11:40:00;157341,89;157449,02;157201,29;157428,93;4904510194,00;155876
WINFUT;22/08/2023;11:35:00;157114,25;157355,28;157107,55;157348,59;5061484942,00;160956
WINFUT;22/08/2023;11:30:00;157100,86;157187,90;156993,73;157114,25;5011494956,00;159496
WINFUT;22/08/2023;11:25:00;157207,98;157361,98;156960,25;157094,16;7904155988,00;251537
WINFUT;22/08/2023;11:20:00;157295,02;157636,49;157194,59;157201,29;8922955875,00;283397
WINFUT;22/08/2023;11:15:00;157321,81;157408,85;157214,68;157295,02;4593752824,00;146017
WINFUT;22/08/2023;11:10:00;157127,64;157408,85;157107,55;157315,11;5157370653,00;163947
