WINFUT;30/12/2013;17:30:00;144956,61;145096,42;144844,76;145096,42;123062124,90;4347
WINFUT;30/12/2013;17:00:00;145236,24;145250,22;144495,24;144942,63;360014737,10;12799
WINFUT;30/12/2013;16:30:00;145571,78;145599,75;145012,54;145236,24;341168140,30;12098
WINFUT;30/12/2013;16:00:00;145613,73;145739,56;145487,90;145571,78;126725187,40;4505
WINFUT;30/12/2013;15:30:00;145655,67;145683,63;145459,93;145613,73;140650417,70;4990
WINFUT;30/12/2013;15:00:00;145557,80;145711,60;145543,82;145641,69;119706647,70;4252
WINFUT;30/12/2013;14:30:00;145655,67;145767,52;145529,84;145571,78;121328461,70;4324
WINFUT;30/12/2013;14:00:00;145795,48;145823,44;145585,77;145655,67;158042974,30;5612
WINFUT;30/12/2013;13:30:00;145823,44;146047,14;145697,61;145795,48;147473221,20;5230
WINFUT;30/12/2013;13:00:00;146117,05;146340,75;145767,52;145823,44;180384859,70;6404
WINFUT;30/12/2013;12:30:00;145501,88;151038,42;145404,01;146172,97;489144683,10;17252
WINFUT;30/12/2013;12:00:00;145348,09;145529,84;145278,18;145501,88;133547991,00;4738
WINFUT;30/12/2013;11:30:00;145473,92;145585,77;145334,10;145362,07;123593408,80;4383
WINFUT;30/12/2013;11:00:00;145278,18;145515,86;145194,29;145459,93;158070936,60;5608
WINFUT;30/12/2013;10:30:00;145068,46;145376,05;145068,46;145264,20;168053481,10;5975
WINFUT;30/12/2013;10:00:00;145026,52;145264,20;144928,65;145082,44;120825140,10;4299
WINFUT;30/12/2013;09:30:00;144998,56;145096,42;144900,69;145040,50;59056398,03;2107
WINFUT;30/12/2013;09:00:00;144844,76;145124,39;144718,93;145026,52;82069378,89;2911
WINFUT;27/12/2013;17:30:00;144523,20;144676,99;144439,31;144676,99;107878590,70;3810
WINFUT;27/12/2013;17:00:00;144509,22;144565,14;144369,40;144523,20;113806600,40;4055
WINFUT;27/12/2013;16:30:00;144523,20;144635,05;144383,39;144523,20;151052396,90;5380
WINFUT;27/12/2013;16:00:00;144593,10;144704,95;144439,31;144509,22;110283349,40;3925
WINFUT;27/12/2013;15:30:00;144621,07;144746,90;144439,31;144579,12;157399841,20;5591
WINFUT;27/12/2013;15:00:00;144676,99;144760,88;144523,20;144607,08;138972679,10;4940
WINFUT;27/12/2013;14:30:00;144704,95;144816,80;144565,14;144663,01;177141231,80;6302
WINFUT;27/12/2013;14:00:00;144425,33;144732,91;144411,35;144676,99;152366625,40;5415
WINFUT;27/12/2013;13:30:00;144676,99;144732,91;144327,46;144411,35;190507215,80;6790
WINFUT;27/12/2013;13:00:00;144579,12;144746,90;144509,22;144663,01;139252302,20;4953
WINFUT;27/12/2013;12:30:00;144411,35;144690,97;144369,40;144579,12;216624013,00;7712
WINFUT;27/12/2013;12:00:00;144397,37;144495,24;144285,52;144397,37;118755929,20;4228
WINFUT;27/12/2013;11:30:00;144509,22;144565,14;144341,44;144383,39;120489592,40;4288
WINFUT;27/12/2013;11:00:00;144718,93;144746,90;144411,35;144509,22;112436447,20;4002
WINFUT;27/12/2013;10:30:00;144607,08;144760,88;144481,25;144704,95;132541347,90;4719
WINFUT;27/12/2013;10:00:00;144718,93;144844,76;144579,12;144607,08;91017317,99;3245
WINFUT;27/12/2013;09:30:00;144690,97;144760,88;144537,18;144746,90;68479696,39;2435
WINFUT;27/12/2013;09:00:00;144383,39;144844,76;144355,42;144690,97;81733831,18;2904
WINFUT;26/12/2013;17:30:00;144201,63;144369,40;144103,76;144299,50;142132420,10;5037
WINFUT;26/12/2013;17:00:00;144397,37;144425,33;144047,84;144201,63;137043279,70;4881
WINFUT;26/12/2013;16:30:00;144271,54;144397,37;144089,78;144397,37;185529924,70;6611
WINFUT;26/12/2013;16:00:00;144523,20;144635,05;144229,59;144271,54;152198851,60;5412
WINFUT;26/12/2013;15:30:00;144327,46;144593,10;144271,54;144509,22;164725966,30;5852
WINFUT;26/12/2013;15:00:00;144663,01;144690,97;144187,65;144313,48;207284601,60;7356
WINFUT;26/12/2013;14:30:00;144998,56;145026,52;144607,08;144663,01;140063209,20;4980
WINFUT;26/12/2013;14:00:00;144816,80;145054,48;144788,84;144998,56;125606695,10;4464
WINFUT;26/12/2013;13:30:00;144704,95;144914,67;144593,10;144816,80;147445258,90;5244
WINFUT;26/12/2013;13:00:00;144830,78;144942,63;144495,24;144704,95;211171362,70;7507
WINFUT;26/12/2013;12:30:00;144956,61;145040,50;144732,91;144830,78;207731998,60;7397
WINFUT;26/12/2013;12:00:00;144956,61;145054,48;144886,71;144956,61;64676822,28;2302
WINFUT;26/12/2013;11:30:00;145040,50;145068,46;144802,82;144956,61;116798567,50;4154
WINFUT;26/12/2013;11:00:00;145152,35;145180,31;144886,71;145054,48;83048059,73;2942
WINFUT;26/12/2013;10:30:00;145124,39;145278,18;145054,48;145152,35;48794230,38;1727
WINFUT;26/12/2013;10:00:00;145376,05;145515,86;145040,50;145082,44;86235763,04;3051
WINFUT;26/12/2013;09:30:00;145431,97;145431,97;145180,31;145348,09;41803652,96;1472
WINFUT;26/12/2013;09:00:00;145334,10;145515,86;145236,24;145431,97;69094867,21;2454
WINFUT;23/12/2013;17:30:00;144802,82;144830,78;144495,24;144537,18;119063514,60;4220
WINFUT;23/12/2013;17:00:00;145208,27;145208,27;144579,12;144802,82;298329881,90;10612
WINFUT;23/12/2013;16:30:00;144984,58;145250,22;144802,82;145208,27;196602999,30;7013
WINFUT;23/12/2013;16:00:00;145152,35;145376,05;144928,65;144998,56;192240879,00;6849
WINFUT;23/12/2013;15:30:00;145068,46;145278,18;144746,90;145152,35;270059986,80;9610
WINFUT;23/12/2013;15:00:00;145026,52;145236,24;144956,61;145082,44;188969288,80;6731
WINFUT;23/12/2013;14:30:00;145334,10;145376,05;144942,63;145026,52;170905636,70;6087
WINFUT;23/12/2013;14:00:00;145138,37;145585,77;145082,44;145334,10;217910279,30;7754
WINFUT;23/12/2013;13:30:00;145040,50;145320,12;145012,54;145138,37;236253554,40;8412
WINFUT;23/12/2013;13:00:00;144635,05;145040,50;144341,44;145012,54;312982132,20;11142
WINFUT;23/12/2013;12:30:00;145110,41;145208,27;144593,10;144607,08;393345810,20;13990
WINFUT;23/12/2013;12:00:00;145264,20;145320,12;145040,50;145096,42;159888486,70;5691
WINFUT;23/12/2013;11:30:00;145306,14;145362,07;145124,39;145278,18;137462714,40;4893
WINFUT;23/12/2013;11:00:00;145180,31;145529,84;145152,35;145306,14;230996640,20;8202
WINFUT;23/12/2013;10:30:00;144970,59;145320,12;144858,75;145194,29;219839678,70;7820
WINFUT;23/12/2013;10:00:00;144928,65;145236,24;144746,90;144970,59;195176921,50;6961
WINFUT;23/12/2013;09:30:00;144970,59;145166,33;144844,76;144956,61;102230204,20;3629
WINFUT;23/12/2013;09:00:00;144886,71;145082,44;144704,95;144942,63;94624455,94;3364
WINFUT;20/12/2013;17:30:00;143949,97;144033,86;143810,16;143963,95;113051618,00;4017
WINFUT;20/12/2013;17:00:00;143894,05;144313,48;143838,12;143949,97;250514332,40;8922
WINFUT;20/12/2013;16:30:00;144117,74;144187,65;143572,48;143908,03;344859165,20;12290
WINFUT;20/12/2013;16:00:00;144676,99;144690,97;143880,06;144117,74;398770498,30;14218
WINFUT;20/12/2013;15:30:00;144495,24;144760,88;144397,37;144663,01;195568393,90;6970
WINFUT;20/12/2013;15:00:00;144928,65;144928,65;144173,67;144509,22;461014599,60;16386
WINFUT;20/12/2013;14:30:00;144984,58;145180,31;144858,75;144942,63;159329240,50;5678
WINFUT;20/12/2013;14:00:00;145264,20;145515,86;144970,59;144984,58;233960645,00;8335
WINFUT;20/12/2013;13:30:00;145040,50;145459,93;144984,58;145278,18;207564224,70;7398
WINFUT;20/12/2013;13:00:00;144900,69;145166,33;144718,93;145026,52;221573341,90;7902
WINFUT;20/12/2013;12:30:00;145124,39;145278,18;144676,99;144900,69;383167529,50;13673
WINFUT;20/12/2013;12:00:00;144942,63;145222,26;144774,86;145124,39;237875368,40;8463
WINFUT;20/12/2013;11:30:00;144718,93;145096,42;144551,16;144956,61;222579985,00;7936
WINFUT;20/12/2013;11:00:00;145306,14;145417,99;144607,08;144760,88;269249079,90;9595
WINFUT;20/12/2013;10:30:00;144760,88;145473,92;144537,18;145306,14;300678715,90;10705
WINFUT;20/12/2013;10:00:00;145250,22;145529,84;144537,18;144760,88;439595470,40;15616
WINFUT;20/12/2013;09:30:00;145068,46;145376,05;145040,50;145236,24;125215222,70;4452
WINFUT;20/12/2013;09:00:00;145683,63;145739,56;144830,78;145054,48;217099372,30;7683
WINFUT;19/12/2013;17:30:00;145711,60;145907,33;145613,73;145907,33;161286602,20;5691
WINFUT;19/12/2013;17:00:00;145823,44;146089,09;145501,88;145725,58;272632519,30;9700
WINFUT;19/12/2013;16:30:00;144984,58;145893,35;144858,75;145809,46;644223652,60;22904
WINFUT;19/12/2013;16:00:00;143949,97;145026,52;143922,01;144970,59;531759243,10;18956
WINFUT;19/12/2013;15:30:00;143628,40;144047,84;143600,44;143963,95;308060765,70;10967
WINFUT;19/12/2013;15:00:00;143642,38;143684,33;143418,69;143628,40;134890181,90;4814
WINFUT;19/12/2013;14:30:00;143614,42;143740,25;143460,63;143614,42;149011148,30;5318
WINFUT;19/12/2013;14:00:00;143502,57;143796,18;143502,57;143628,40;167745895,70;5974
WINFUT;19/12/2013;13:30:00;143348,78;143614,42;143194,99;143502,57;228200409,30;8146
WINFUT;19/12/2013;13:00:00;143558,50;143586,46;142901,38;143334,80;462888074,40;16527
WINFUT;19/12/2013;12:30:00;143656,37;144285,52;143474,61;143530,54;444712573,10;15857
WINFUT;19/12/2013;12:00:00;143097,12;143684,33;143097,12;143656,37;227361540,00;8110
WINFUT;19/12/2013;11:30:00;144061,82;144075,80;143055,18;143097,12;516016462,70;18405
WINFUT;19/12/2013;11:00:00;143586,46;144075,80;143516,55;144005,89;245509078,90;8754
WINFUT;19/12/2013;10:30:00;143796,18;144131,73;143572,48;143586,46;239441257,70;8547
WINFUT;19/12/2013;10:00:00;143572,48;144033,86;143390,72;143796,18;251828560,90;8975
WINFUT;19/12/2013;09:30:00;143502,57;143824,14;143376,74;143586,46;148423939,80;5283
WINFUT;19/12/2013;09:00:00;143614,42;144285,52;143334,80;143502,57;213660008,20;7609
WINFUT;18/12/2013;17:30:00;143488,59;144914,67;143474,61;144313,48;490598723,20;17448
WINFUT;18/12/2013;17:00:00;142076,50;143572,48;140035,25;143502,57;967188329,30;34546
WINFUT;18/12/2013;16:30:00;142412,04;142481,95;141936,68;142090,48;451199828,90;16127
WINFUT;18/12/2013;16:00:00;142761,57;142775,55;142328,16;142426,02;249283990,70;8911
WINFUT;18/12/2013;15:30:00;142565,84;142817,50;142509,91;142761,57;202475084,40;7236
WINFUT;18/12/2013;15:00:00;142663,70;142873,42;142467,97;142565,84;245732777,40;8783
WINFUT;18/12/2013;14:30:00;143222,95;143292,86;142565,84;142649,72;322041920,50;11499
WINFUT;18/12/2013;14:00:00;142845,46;143474,61;142705,65;143236,93;426173561,70;15207
WINFUT;18/12/2013;13:30:00;142384,08;142943,33;142342,14;142817,50;276407431,10;9881
WINFUT;18/12/2013;13:00:00;142034,55;142523,89;141978,63;142356,12;271094592,30;9684
WINFUT;18/12/2013;12:30:00;141810,85;142300,19;141699,00;142048,53;334037751,40;11943
WINFUT;18/12/2013;12:00:00;141852,80;141978,63;141754,93;141810,85;83663230,55;2990
WINFUT;18/12/2013;11:30:00;141936,68;141936,68;141629,10;141852,80;146969899,60;5255
WINFUT;18/12/2013;11:00:00;142076,50;142188,34;141894,74;141936,68;162237320,70;5802
WINFUT;18/12/2013;10:30:00;141908,72;142104,46;141782,89;142062,51;110870557,90;3962
WINFUT;18/12/2013;10:00:00;141796,87;142132,42;141740,95;141908,72;157763351,20;5637
WINFUT;18/12/2013;09:30:00;141531,23;141922,70;141503,27;141824,83;80419602,62;2875
WINFUT;18/12/2013;09:00:00;141685,02;141685,02;140930,04;141503,27;60286739,66;2156
WINFUT;17/12/2013;17:30:00;141110,35;141349,48;141011,89;141349,48;160577730,20;5707
WINFUT;17/12/2013;17:00:00;140899,36;141152,55;140885,30;141096,29;217573259,60;7734
WINFUT;17/12/2013;16:30:00;141040,02;141124,42;140829,03;140899,36;234368092,30;8331
WINFUT;17/12/2013;16:00:00;141532,33;141546,40;140857,16;141025,96;301744347,30;10726
WINFUT;17/12/2013;15:30:00;141293,21;141616,73;141222,88;141518,27;205082630,30;7290
WINFUT;17/12/2013;15:00:00;141335,41;141532,33;141208,82;141293,21;177147506,50;6296
WINFUT;17/12/2013;14:30:00;141279,15;141546,40;141194,75;141335,41;255438996,30;9080
WINFUT;17/12/2013;14:00:00;141124,42;141419,81;141040,02;141279,15;326022304,80;11589
WINFUT;17/12/2013;13:30:00;141588,60;141743,32;141082,22;141124,42;377138236,10;13406
WINFUT;17/12/2013;13:00:00;141813,65;141982,45;141574,53;141588,60;249756322,50;8877
WINFUT;17/12/2013;12:30:00;141912,12;141940,25;141433,87;141827,72;486374978,70;17288
WINFUT;17/12/2013;12:00:00;141926,18;142094,97;141785,52;141926,18;231808075,90;8240
WINFUT;17/12/2013;11:30:00;141799,59;142221,57;141785,52;141912,12;276960013,00;9844
WINFUT;17/12/2013;11:00:00;141926,18;142305,97;141616,73;141813,65;406536226,30;14449
WINFUT;17/12/2013;10:30:00;141855,85;142066,84;141757,39;141926,18;169945702,20;6041
WINFUT;17/12/2013;10:00:00;141349,48;142066,84;141335,41;141869,92;353169731,20;12554
WINFUT;17/12/2013;09:30:00;141152,55;141419,81;141025,96;141349,48;113372153,60;4030
WINFUT;17/12/2013;09:00:00;140871,23;141194,75;140800,90;141166,62;94186096,86;3348
WINFUT;16/12/2013;17:30:00;141279,15;141391,67;141166,62;141166,62;165303914,30;5876
WINFUT;16/12/2013;17:00:00;141518,27;141560,47;141236,95;141279,15;217207543,00;7721
WINFUT;16/12/2013;16:30:00;141546,40;141672,99;141419,81;141532,33;207530118,40;7377
WINFUT;16/12/2013;16:00:00;141869,92;141869,92;141419,81;141546,40;351931921,00;12510
WINFUT;16/12/2013;15:30:00;141841,79;141982,45;141729,26;141883,98;182802048,20;6498
WINFUT;16/12/2013;15:00:00;141926,18;142010,58;141701,13;141841,79;183505349,40;6522
WINFUT;16/12/2013;14:30:00;142094,97;142179,37;141701,13;141926,18;275328354,20;9787
WINFUT;16/12/2013;14:00:00;142052,78;142221,57;141968,38;142094,97;188850438,50;6713
WINFUT;16/12/2013;13:30:00;142404,43;142432,56;142010,58;142066,84;232652037,30;8269
WINFUT;16/12/2013;13:00:00;142094,97;142573,22;142094,97;142390,36;356011068,00;12646
WINFUT;16/12/2013;12:30:00;141715,19;142305,97;141687,06;142109,04;527588429,00;18754
WINFUT;16/12/2013;12:00:00;141785,52;141827,72;141476,07;141715,19;204013612,40;7250
WINFUT;16/12/2013;11:30:00;141208,82;141827,72;141194,75;141757,39;306526795,50;10896
WINFUT;16/12/2013;11:00:00;141152,55;141293,21;141082,22;141208,82;125862783,00;4474
WINFUT;16/12/2013;10:30:00;141321,34;141405,74;141054,09;141152,55;204041744,50;7253
WINFUT;16/12/2013;10:00:00;141321,34;141419,81;141110,35;141321,34;167892062,70;5968
WINFUT;16/12/2013;09:30:00;141054,09;141377,61;141025,96;141335,41;100009430,80;3555
WINFUT;16/12/2013;09:00:00;141124,42;141166,62;140814,97;141068,15;79895016,45;2840
WINFUT;13/12/2013;17:30:00;140730,57;140829,03;140603,98;140603,98;109096082,30;3878
WINFUT;13/12/2013;17:00:00;140913,43;140983,76;140519,58;140744,64;208796060,60;7422
WINFUT;13/12/2013;16:30:00;141040,02;141279,15;140857,16;140927,49;291419885,70;10359
WINFUT;13/12/2013;16:00:00;140913,43;141068,15;140744,64;141054,09;145808405,00;5183
WINFUT;13/12/2013;15:30:00;141096,29;141110,35;140843,10;140899,36;136806149,60;4863
WINFUT;13/12/2013;15:00:00;140857,16;141110,35;140702,44;141082,22;302194460,10;10742
WINFUT;13/12/2013;14:30:00;141208,82;141236,95;140843,10;140871,23;298368501,60;10606
WINFUT;13/12/2013;14:00:00;141321,34;141377,61;141124,42;141208,82;142488823,40;5065
WINFUT;13/12/2013;13:30:00;141363,54;141476,07;141152,55;141349,48;172027473,80;6115
WINFUT;13/12/2013;13:00:00;141236,95;141518,27;141110,35;141335,41;310127697,70;11024
WINFUT;13/12/2013;12:30:00;141757,39;141940,25;141082,22;141222,88;523706206,40;18616
WINFUT;13/12/2013;12:00:00;141912,12;141940,25;141715,19;141771,46;160155749,50;5693
WINFUT;13/12/2013;11:30:00;142151,24;142249,70;141672,99;141898,05;369683243,40;13139
WINFUT;13/12/2013;11:00:00;141743,32;142263,77;141687,06;142123,11;270123925,30;9601
WINFUT;13/12/2013;10:30:00;141701,13;141982,45;141588,60;141743,32;194448716,10;6912
WINFUT;13/12/2013;10:00:00;141954,31;142010,58;141588,60;141701,13;188231533,50;6691
WINFUT;13/12/2013;09:30:00;141729,26;142052,78;141701,13;141940,25;131742381,00;4682
WINFUT;13/12/2013;09:00:00;141588,60;141898,05;141391,67;141729,26;163587859,40;5815
WINFUT;12/12/2013;17:30:00;141082,22;141363,54;140969,69;141363,54;171436700,80;6094
WINFUT;12/12/2013;17:00:00;141040,02;141293,21;141025,96;141082,22;240641539,00;8554
WINFUT;12/12/2013;16:30:00;140941,56;141124,42;140744,64;141040,02;229416851,80;8155
WINFUT;12/12/2013;16:00:00;140814,97;141124,42;140716,50;140941,56;294148694,40;10456
WINFUT;12/12/2013;15:30:00;140688,37;140814,97;140407,05;140814,97;244805082,10;8702
WINFUT;12/12/2013;15:00:00;140618,04;140969,69;140463,32;140674,31;313137826,80;11131
WINFUT;12/12/2013;14:30:00;140547,71;140983,76;140547,71;140632,11;300365877,00;10677
WINFUT;12/12/2013;14:00:00;140505,51;140744,64;140336,72;140547,71;267620173,10;9513
WINFUT;12/12/2013;13:30:00;140646,17;140871,23;140435,18;140491,45;298593558,00;10614
WINFUT;12/12/2013;13:00:00;140716,50;140758,70;140153,86;140660,24;428282299,40;15224
WINFUT;12/12/2013;12:30:00;141068,15;141419,81;140589,91;140716,50;435990480,60;15498
WINFUT;12/12/2013;12:00:00;141124,42;141321,34;140927,49;141040,02;304445023,90;10822
WINFUT;12/12/2013;11:30:00;140758,70;141138,49;140364,85;141110,35;467639034,70;16623
WINFUT;12/12/2013;11:00:00;141054,09;141166,62;140561,78;140814,97;358908669,00;12758
WINFUT;12/12/2013;10:30:00;141335,41;141462,00;140927,49;141054,09;328976169,80;11694
WINFUT;12/12/2013;10:00:00;141054,09;141560,47;140955,63;141349,48;364591342,70;12960
WINFUT;12/12/2013;09:30:00;141208,82;141222,88;140814,97;141068,15;172449454,50;6130
WINFUT;12/12/2013;09:00:00;140519,58;141335,41;140407,05;141222,88;225422101,00;8013
WINFUT;11/12/2013;17:30:00;140829,03;140983,76;140660,24;140660,24;201594256,30;7166
WINFUT;11/12/2013;17:00:00;141096,29;141138,49;140589,91;140829,03;269448756,20;9578
WINFUT;11/12/2013;16:30:00;141321,34;141377,61;140997,82;141110,35;332858392,50;11831
WINFUT;11/12/2013;16:00:00;141377,61;141560,47;141279,15;141307,28;183336557,10;6517
WINFUT;11/12/2013;15:30:00;141476,07;141574,53;141279,15;141377,61;247280702,30;8788
WINFUT;11/12/2013;15:00:00;141813,65;141841,79;141363,54;141504,20;328469793,00;11676
WINFUT;11/12/2013;14:30:00;141813,65;141954,31;141715,19;141827,72;187528232,30;6665
WINFUT;11/12/2013;14:00:00;141883,98;141912,12;141630,80;141813,65;214141149,70;7612
WINFUT;11/12/2013;13:30:00;141743,32;142024,64;141616,73;141883,98;245311459,00;8719
WINFUT;11/12/2013;13:00:00;142587,29;142587,29;141532,33;141729,26;574540817,20;20419
WINFUT;11/12/2013;12:30:00;143192,12;143206,19;142348,16;142587,29;653451212,00;23217
WINFUT;11/12/2013;12:00:00;143318,72;143346,85;143051,46;143192,12;149578099,50;5316
WINFUT;11/12/2013;11:30:00;143346,85;143431,25;143107,73;143290,59;221821198,80;7883
WINFUT;11/12/2013;11:00:00;143360,92;143501,58;143304,65;143332,78;117338772,40;4169
WINFUT;11/12/2013;10:30:00;143389,05;143600,04;143290,59;143346,85;228122777,60;8108
WINFUT;11/12/2013;10:00:00;143614,11;143698,50;143220,26;143374,98;328019680,20;11650
WINFUT;11/12/2013;09:30:00;143656,30;143712,57;143571,91;143585,97;57726962,59;2047
WINFUT;11/12/2013;09:00:00;143346,85;143754,77;143346,85;143656,30;149184250,80;5287
WINFUT;10/12/2013;17:30:00;143656,30;143867,29;143628,17;143867,29;105016935,40;3720
WINFUT;10/12/2013;17:00:00;143684,44;143782,90;143571,91;143670,37;186121629,90;6605
WINFUT;10/12/2013;16:30:00;143839,16;143937,62;143670,37;143684,44;185052612,00;6564
WINFUT;10/12/2013;16:00:00;143825,10;143923,56;143754,77;143839,16;131292268,20;4656
WINFUT;10/12/2013;15:30:00;143853,23;143937,62;143684,44;143825,10;193576622,60;6862
WINFUT;10/12/2013;15:00:00;143909,49;144036,09;143726,63;143853,23;214816318,90;7624
WINFUT;10/12/2013;14:30:00;143895,43;144148,61;143698,50;143895,43;267029400,00;9478
WINFUT;10/12/2013;14:00:00;143670,37;143923,56;143600,04;143867,29;217685787,80;7730
WINFUT;10/12/2013;13:30:00;143796,96;144007,95;143600,04;143670,37;231189170,80;8211
WINFUT;10/12/2013;13:00:00;143754,77;143937,62;143754,77;143811,03;193210906,00;6853
WINFUT;10/12/2013;12:30:00;143782,90;144064,22;143642,24;143768,83;435090255,10;15445
WINFUT;10/12/2013;12:00:00;143585,97;143895,43;143557,84;143768,83;248715436,80;8834
WINFUT;10/12/2013;11:30:00;143979,82;143979,82;143332,78;143600,04;439000609,70;15592
WINFUT;10/12/2013;11:00:00;144092,35;144190,81;143768,83;143979,82;262922121,00;9337
WINFUT;10/12/2013;10:30:00;144289,27;144373,67;144050,15;144106,42;181620502,20;6444
WINFUT;10/12/2013;10:00:00;144078,28;144458,07;144064,22;144275,21;252569527,40;8961
WINFUT;10/12/2013;09:30:00;143909,49;144092,35;143853,23;144064,22;70217591,92;2495
WINFUT;10/12/2013;09:00:00;143839,16;144106,42;143839,16;143909,49;65041295,08;2312
WINFUT;09/12/2013;17:30:00;144106,42;144190,81;143979,82;144007,95;129154232,60;4581
WINFUT;09/12/2013;17:00:00;144064,22;144134,55;143965,76;144120,48;148424685,50;5268
WINFUT;09/12/2013;16:30:00;144106,42;144218,94;143951,69;144050,15;167245025,60;5936
WINFUT;09/12/2013;16:00:00;144275,21;144317,41;144036,09;144120,48;159452448,30;5655
WINFUT;09/12/2013;15:30:00;143895,43;144317,41;143796,96;144247,08;183392821,20;6513
WINFUT;09/12/2013;15:00:00;144204,88;144275,21;143853,23;143909,49;146399178,00;5200
WINFUT;09/12/2013;14:30:00;144120,48;144387,74;143881,36;144176,75;177456959,10;6301
WINFUT;09/12/2013;14:00:00;144092,35;144345,54;143951,69;144120,48;191044738,30;6772
WINFUT;09/12/2013;13:30:00;144162,68;144247,08;143754,77;144092,35;269054907,50;9551
WINFUT;09/12/2013;13:00:00;144415,87;144458,07;144022,02;144162,68;221764934,70;7866
WINFUT;09/12/2013;12:30:00;143979,82;144514,33;143698,50;144401,80;442601511,90;15701
WINFUT;09/12/2013;12:00:00;143670,37;144190,81;143614,11;143993,89;244805082,10;8684
WINFUT;09/12/2013;11:30:00;143923,56;143951,69;143529,71;143698,50;211806189,70;7523
WINFUT;09/12/2013;11:00:00;143473,45;144176,75;143417,18;143909,49;303572930,50;10768
WINFUT;09/12/2013;10:30:00;143389,05;143571,91;142938,94;143445,31;391373052,40;13896
WINFUT;09/12/2013;10:00:00;143979,82;144064,22;143262,45;143403,11;338597330,30;12027
WINFUT;09/12/2013;09:30:00;143768,83;144092,35;143656,30;143979,82;152953945,20;5433
WINFUT;09/12/2013;09:00:00;143487,51;143853,23;143374,98;143754,77;126425423,90;4486
WINFUT;06/12/2013;17:30:00;143614,11;143839,16;143557,84;143839,16;131348532,30;4661
WINFUT;06/12/2013;17:00:00;143557,84;143670,37;143360,92;143614,11;197599505,50;7017
WINFUT;06/12/2013;16:30:00;143796,96;144022,02;143403,11;143543,78;278985520,50;9910
WINFUT;06/12/2013;16:00:00;144022,02;144289,27;143796,96;143796,96;268267210,20;9517
WINFUT;06/12/2013;15:30:00;143881,36;144204,88;143684,44;144022,02;259996388,00;9235
WINFUT;06/12/2013;15:00:00;144036,09;144331,47;143628,17;143895,43;364141229,90;12926
WINFUT;06/12/2013;14:30:00;143360,92;144247,08;143360,92;144064,22;378460442,40;13433
WINFUT;06/12/2013;14:00:00;143403,11;143642,24;143149,93;143346,85;326359889,40;11596
WINFUT;06/12/2013;13:30:00;143192,12;143459,38;142910,80;143403,11;413597370,40;14696
WINFUT;06/12/2013;13:00:00;142938,94;143332,78;142404,43;143192,12;480354720,40;17065
WINFUT;06/12/2013;12:30:00;143754,77;144148,61;142826,41;142938,94;684762181,50;24318
WINFUT;06/12/2013;12:00:00;144261,14;144711,26;143712,57;143754,77;511046784,80;18125
WINFUT;06/12/2013;11:30:00;143389,05;144556,53;142263,77;144247,08;1302513825,00;46257
WINFUT;06/12/2013;11:00:00;143318,72;143585,97;142938,94;143389,05;351172355,80;12477
WINFUT;06/12/2013;10:30:00;143192,12;143417,18;142910,80;143304,65;204098008,60;7252
WINFUT;06/12/2013;10:00:00;143459,38;143684,44;142910,80;143206,19;348696735,50;12378
WINFUT;06/12/2013;09:30:00;143220,26;143515,64;143178,06;143473,45;143304652,70;5094
WINFUT;06/12/2013;09:00:00;143206,19;143515,64;142798,28;143220,26;180889068,90;6428
WINFUT;05/12/2013;17:30:00;142643,55;142756,08;142516,96;142516,96;157651997,20;5601
WINFUT;05/12/2013;17:00:00;142812,34;143023,33;142545,09;142643,55;300309612,90;10671
WINFUT;05/12/2013;16:30:00;143065,53;143163,99;142784,21;142826,41;218248428,70;7756
WINFUT;05/12/2013;16:00:00;143220,26;143290,59;142953,00;143051,46;216335449,50;7689
WINFUT;05/12/2013;15:30:00;143346,85;143431,25;142896,74;143206,19;226462986,80;8042
WINFUT;05/12/2013;15:00:00;142995,20;143459,38;142995,20;143332,78;281601800,90;10008
WINFUT;05/12/2013;14:30:00;143234,32;143360,92;142868,61;142967,07;331817506,70;11793
WINFUT;05/12/2013;14:00:00;143684,44;144007,95;143192,12;143248,39;444542623,20;15770
WINFUT;05/12/2013;13:30:00;142981,13;143895,43;142882,67;143670,37;684565257,10;24292
WINFUT;05/12/2013;13:00:00;142249,70;143023,33;142235,63;142995,20;465135282,40;16530
WINFUT;05/12/2013;12:30:00;141996,51;142657,62;141771,46;142249,70;567732861,60;20177
WINFUT;05/12/2013;12:00:00;142305,97;142376,30;141630,80;141996,51;433599256,50;15412
WINFUT;05/12/2013;11:30:00;143037,40;143051,46;142193,44;142305,97;509443258,10;18103
WINFUT;05/12/2013;11:00:00;142587,29;143332,78;142531,02;143051,46;465951111,80;16553
WINFUT;05/12/2013;10:30:00;142362,23;142798,28;142221,57;142573,22;354013692,60;12581
WINFUT;05/12/2013;10:00:00;142418,49;142460,69;141982,45;142376,30;325403399,70;11565
WINFUT;05/12/2013;09:30:00;142094,97;142685,75;141912,12;142432,56;225787817,60;8026
WINFUT;05/12/2013;09:00:00;142010,58;142348,16;141729,26;142094,97;168848552,40;6002
WINFUT;04/12/2013;17:30:00;141349,48;142038,71;141335,41;142038,71;248209059,90;8823
WINFUT;04/12/2013;17:00:00;141433,87;141588,60;141124,42;141363,54;275553410,60;9795
WINFUT;04/12/2013;16:30:00;141166,62;141672,99;140941,56;141419,81;456639403,90;16232
WINFUT;04/12/2013;16:00:00;141574,53;141771,46;140983,76;141194,75;488231693,80;17355
WINFUT;04/12/2013;15:30:00;141560,47;141855,85;141293,21;141574,53;317245105,80;11277
WINFUT;04/12/2013;15:00:00;141898,05;141912,12;141363,54;141560,47;441448097,90;15691
WINFUT;04/12/2013;14:30:00;141757,39;142390,36;141616,73;141912,12;402569607,50;14309
WINFUT;04/12/2013;14:00:00;142066,84;142080,91;141574,53;141743,32;305710966,10;10866
WINFUT;04/12/2013;13:30:00;142263,77;142305,97;141518,27;142052,78;431292428,60;15331
WINFUT;04/12/2013;13:00:00;141940,25;142770,14;141912,12;142263,77;537800362,50;19112
WINFUT;04/12/2013;12:30:00;141855,85;142038,71;141110,35;141926,18;677616641,30;24087
WINFUT;04/12/2013;12:00:00;142109,04;142207,50;141672,99;141841,79;242892102,80;8634
WINFUT;04/12/2013;11:30:00;141658,93;142151,24;141588,60;142123,11;291222961,40;10352
WINFUT;04/12/2013;11:00:00;142123,11;142193,44;141377,61;141658,93;524972148,60;18661
WINFUT;04/12/2013;10:30:00;142179,37;143023,33;142052,78;142123,11;538250475,30;19131
WINFUT;04/12/2013;10:00:00;142812,34;142826,41;141940,25;142179,37;536928269,00;19081
WINFUT;04/12/2013;09:30:00;142798,28;143009,27;142657,62;142812,34;139928807,00;4974
WINFUT;04/12/2013;09:00:00;142249,70;143360,92;142094,97;142798,28;314910145,80;11191
WINFUT;03/12/2013;17:30:00;141771,46;141982,45;141658,93;141785,52;237884598,30;8454
WINFUT;03/12/2013;17:00:00;141940,25;141940,25;141518,27;141771,46;235605902,40;8375
WINFUT;03/12/2013;16:30:00;141757,39;142249,70;141729,26;141954,31;453601142,70;16124
WINFUT;03/12/2013;16:00:00;142024,64;142165,30;141251,01;141743,32;512734707,70;18226
WINFUT;03/12/2013;15:30:00;142123,11;142531,02;141940,25;142052,78;346080455,10;12299
WINFUT;03/12/2013;15:00:00;142165,30;142320,03;141799,59;142151,24;353254127,30;12556
WINFUT;03/12/2013;14:30:00;142207,50;142404,43;141658,93;142151,24;509358861,90;18105
WINFUT;03/12/2013;14:00:00;143178,06;143417,18;141954,31;142179,37;752363492,90;26732
WINFUT;03/12/2013;13:30:00;144050,15;144261,14;143107,73;143178,06;464263188,90;16476
WINFUT;03/12/2013;13:00:00;143670,37;144415,87;143473,45;144078,28;537687834,30;19090
WINFUT;03/12/2013;12:30:00;143276,52;143796,96;142967,07;143642,24;622168374,60;22109
WINFUT;03/12/2013;12:00:00;143206,19;143332,78;142967,07;143276,52;280842235,60;9981
WINFUT;03/12/2013;11:30:00;143403,11;143459,38;143051,46;143192,12;221708670,60;7880
WINFUT;03/12/2013;11:00:00;142868,61;143571,91;142868,61;143403,11;499906493,80;17756
WINFUT;03/12/2013;10:30:00;142995,20;143023,33;142643,55;142896,74;299775104,00;10650
WINFUT;03/12/2013;10:00:00;142629,48;143163,99;142573,22;142967,07;491326219,10;17460
WINFUT;03/12/2013;09:30:00;142432,56;142770,14;142432,56;142615,42;190482097,30;6770
WINFUT;03/12/2013;09:00:00;142953,00;143262,45;142404,43;142446,63;251669301,80;8942
WINFUT;02/12/2013;17:30:00;143712,57;143979,82;143670,37;143754,77;207698910,70;7362
WINFUT;02/12/2013;17:00:00;144247,08;144303,34;143642,24;143698,50;277100673,20;9841
WINFUT;02/12/2013;16:30:00;144739,39;144767,52;144204,88;144247,08;338541066,20;12010
WINFUT;02/12/2013;16:00:00;144345,54;144837,85;144261,14;144739,39;344898909,00;12230
WINFUT;02/12/2013;15:30:00;145541,15;145625,55;144204,88;144331,47;723950124,40;25653
WINFUT;02/12/2013;15:00:00;145259,83;145667,74;145203,57;145541,15;301688083,20;10683
WINFUT;02/12/2013;14:30:00;145555,22;145625,55;145231,70;145259,83;321380516,90;11385
WINFUT;02/12/2013;14:00:00;145597,41;145639,61;145119,17;145555,22;296596182,50;10513
WINFUT;02/12/2013;13:30:00;145344,23;145695,88;145287,96;145597,41;339385027,60;12025
WINFUT;02/12/2013;13:00:00;146230,39;146427,31;145330,16;145372,36;500159682,20;17695
WINFUT;02/12/2013;12:30:00;145991,26;146497,64;145991,26;146230,39;578085455,30;20454
WINFUT;02/12/2013;12:00:00;145864,67;146061,59;145808,41;145991,26;174671886,30;6184
WINFUT;02/12/2013;11:30:00;145738,07;145991,26;145724,01;145864,67;210315191,20;7447
WINFUT;02/12/2013;11:00:00;145808,41;146103,79;145386,42;145738,07;347036944,70;12284
WINFUT;02/12/2013;10:30:00;145245,76;145850,60;145006,64;145794,34;460493494,50;16286
WINFUT;02/12/2013;10:00:00;145020,71;145513,02;144795,65;145245,76;415763538,10;14726
WINFUT;02/12/2013;09:30:00;145850,60;145878,74;144908,18;145034,77;308102190,20;10891
WINFUT;02/12/2013;09:00:00;146145,99;146272,58;145555,22;145864,67;235943487,00;8340
WINFUT;29/11/2013;17:30:00;147777,65;147833,91;147636,99;147665,12;80232601,03;2799
WINFUT;29/11/2013;17:00:00;148185,56;148269,96;147707,32;147749,52;153010209,30;5349
WINFUT;29/11/2013;16:30:00;147046,22;148804,47;146567,97;148241,83;703019880,70;24551
WINFUT;29/11/2013;16:00:00;147369,73;147510,39;146835,22;147060,28;199203032,20;7030
WINFUT;29/11/2013;15:30:00;147327,54;147636,99;146582,04;147383,80;619298905,70;21896
WINFUT;29/11/2013;15:00:00;147299,40;147411,93;146919,62;147313,47;383299154,60;13504
WINFUT;29/11/2013;14:30:00;147454,13;147496,33;147102,48;147285,34;241007255,60;8514
WINFUT;29/11/2013;14:00:00;147622,92;147735,45;147383,80;147468,20;241316708,10;8508
WINFUT;29/11/2013;13:30:00;147440,06;147636,99;147271,27;147594,79;236562392,00;8376
WINFUT;29/11/2013;13:00:00;147158,74;147636,99;147158,74;147440,06;369008074,20;13020
WINFUT;29/11/2013;12:30:00;146905,55;147355,67;146708,63;147158,74;482464624,00;17045
WINFUT;29/11/2013;12:00:00;147004,02;147215,01;146694,56;146905,55;274399996,60;9701
WINFUT;29/11/2013;11:30:00;146497,64;147018,08;146497,64;146961,82;255157675,80;9012
WINFUT;29/11/2013;11:00:00;147060,28;147186,88;146342,91;146525,77;374493823,60;13229
WINFUT;29/11/2013;10:30:00;146975,89;147411,93;146694,56;147060,28;341072950,50;12041
WINFUT;29/11/2013;10:00:00;146596,10;147271,27;146582,04;146961,82;438916213,60;15498
WINFUT;29/11/2013;09:30:00;146455,44;146680,50;146202,25;146596,10;132417550,20;4687
WINFUT;29/11/2013;09:00:00;146286,65;146849,29;146286,65;146455,44;120658354,10;4261
WINFUT;28/11/2013;17:30:00;146258,52;146455,44;146188,19;146441,38;88869139,78;3114
WINFUT;28/11/2013;17:00:00;145878,74;146469,51;145766,21;146258,52;113062701,10;3983
WINFUT;28/11/2013;16:30:00;146230,39;146244,45;145724,01;145864,67;122486937,20;4323
WINFUT;28/11/2013;16:00:00;146033,46;146652,37;146005,33;146216,32;189553739,70;6663
WINFUT;28/11/2013;15:30:00;145836,54;146230,39;145695,88;146033,46;133177115,40;4671
WINFUT;28/11/2013;15:00:00;147510,39;147510,39;145498,95;145808,41;667939216,70;23425
WINFUT;28/11/2013;14:30:00;147679,19;147679,19;147454,13;147552,59;52325609,36;1835
WINFUT;28/11/2013;14:00:00;147721,38;147847,98;147636,99;147679,19;61721713,41;2146
WINFUT;28/11/2013;13:30:00;147693,25;147763,58;147636,99;147735,45;31845478,39;1118
WINFUT;28/11/2013;13:00:00;147552,59;147721,38;147496,33;147693,25;46980520,24;1649
WINFUT;28/11/2013;12:30:00;147383,80;147833,91;147327,54;147524,46;133120851,40;4670
WINFUT;28/11/2013;12:00:00;147186,88;147622,92;147074,35;147369,73;181592370,10;6387
WINFUT;28/11/2013;11:30:00;147735,45;147777,65;147130,61;147215,01;248293456,00;8732
WINFUT;28/11/2013;11:00:00;147552,59;148002,70;147538,53;147679,19;240697803,10;8411
WINFUT;28/11/2013;10:30:00;147566,66;147749,52;147158,74;147580,72;231723679,80;8155
WINFUT;28/11/2013;10:00:00;147468,20;147862,04;147102,48;147594,79;355673483,40;12481
WINFUT;28/11/2013;09:30:00;147285,34;147651,05;147285,34;147468,20;136384168,90;4793
WINFUT;28/11/2013;09:00:00;146427,31;147651,05;146286,65;147341,60;209555625,90;7363
WINFUT;27/11/2013;17:30:00;145836,54;145836,54;145541,15;145583,35;209977606,60;7414
WINFUT;27/11/2013;17:00:00;145906,87;146131,92;145724,01;145822,47;245086402,60;8688
WINFUT;27/11/2013;16:30:00;145977,20;146258,52;145752,14;145906,87;321324252,80;11389
WINFUT;27/11/2013;16:00:00;146497,64;146553,90;145667,74;145935,00;581658225,40;20584
WINFUT;27/11/2013;15:30:00;146553,90;147032,15;146427,31;146483,57;498049778,60;17607
WINFUT;27/11/2013;15:00:00;146413,24;146680,50;146244,45;146553,90;278225955,20;9846
WINFUT;27/11/2013;14:30:00;146469,51;146736,76;146160,06;146399,18;319776990,10;11309
WINFUT;27/11/2013;14:00:00;146582,04;146680,50;146174,12;146441,38;352747750,40;12492
WINFUT;27/11/2013;13:30:00;145906,87;146793,03;145864,67;146567,97;583683732,80;20648
WINFUT;27/11/2013;13:00:00;145358,29;146174,12;145245,76;145920,93;513550537,10;18200
WINFUT;27/11/2013;12:30:00;145892,80;146005,33;145330,16;145386,42;442939096,50;15693
WINFUT;27/11/2013;12:00:00;146089,73;146160,06;145653,68;145864,67;377475820,70;13365
WINFUT;27/11/2013;11:30:00;146230,39;146413,24;145949,07;146089,73;326191097,10;11547
WINFUT;27/11/2013;11:00:00;146258,52;146511,71;146047,53;146258,52;287987775,80;10190
WINFUT;27/11/2013;10:30:00;145892,80;146469,51;145709,94;146244,45;422177645,00;14932
WINFUT;27/11/2013;10:00:00;145850,60;146371,05;145302,03;145892,80;702963616,60;24876
WINFUT;27/11/2013;09:30:00;145920,93;146047,53;145611,48;145836,54;165191386,10;5853
WINFUT;27/11/2013;09:00:00;145105,10;146075,66;145034,77;145906,87;172336926,30;6094
WINFUT;26/11/2013;17:30:00;144809,72;145302,03;144725,32;145203,57;240303954,40;8505
WINFUT;26/11/2013;17:00:00;145372,36;145442,69;144570,59;144809,72;451125522,50;15990
WINFUT;26/11/2013;16:30:00;145456,75;145709,94;145217,63;145372,36;321521177,10;11401
WINFUT;26/11/2013;16:00:00;145456,75;145724,01;145358,29;145470,82;251078528,80;8898
WINFUT;26/11/2013;15:30:00;145780,27;146075,66;145287,96;145456,75;440801060,80;15616
WINFUT;26/11/2013;15:00:00;145681,81;146005,33;145316,09;145794,34;395058350,70;13980
WINFUT;26/11/2013;14:30:00;145273,90;145864,67;145189,50;145681,81;382483325,20;13551
WINFUT;26/11/2013;14:00:00;145273,90;145470,82;145048,84;145273,90;251725565,90;8921
WINFUT;26/11/2013;13:30:00;145189,50;145484,89;144964,44;145287,96;350750375,00;12422
WINFUT;26/11/2013;13:00:00;145259,83;145386,42;145034,77;145189,50;257520767,80;9127
WINFUT;26/11/2013;12:30:00;146356,98;146694,56;144851,92;145287,96;939807329,10;33250
WINFUT;26/11/2013;12:00:00;146821,16;147215,01;145963,13;146371,05;631508214,50;22301
WINFUT;26/11/2013;11:30:00;147285,34;147454,13;146610,17;146807,09;457061384,60;16137
WINFUT;26/11/2013;11:00:00;147130,61;147890,18;146989,95;147285,34;587340899,10;20661
WINFUT;26/11/2013;10:30:00;146385,11;147299,40;146356,98;147158,74;552907272,30;19508
WINFUT;26/11/2013;10:00:00;146216,32;146652,37;145920,93;146385,11;441982606,80;15623
WINFUT;26/11/2013;09:30:00;146483,57;146666,43;146145,99;146244,45;167413817,90;5925
WINFUT;26/11/2013;09:00:00;146722,70;146961,82;146399,18;146469,51;204998234,10;7234
WINFUT;25/11/2013;17:30:00;147243,14;147566,66;147102,48;147566,66;144345538,50;5094
WINFUT;25/11/2013;17:00:00;147383,80;147440,06;147074,35;147257,21;172027473,80;6086
WINFUT;25/11/2013;16:30:00;147411,93;147510,39;147271,27;147383,80;187359440,00;6638
WINFUT;25/11/2013;16:00:00;147243,14;147552,59;147060,28;147426,00;211046624,40;7458
WINFUT;25/11/2013;15:30:00;147426,00;147482,26;146877,42;147215,01;202550745,90;7172
WINFUT;25/11/2013;15:00:00;147397,87;147580,72;147088,41;147411,93;255157675,80;9032
WINFUT;25/11/2013;14:30:00;147355,67;147636,99;147158,74;147397,87;252878979,90;8945
WINFUT;25/11/2013;14:00:00;147313,47;147426,00;146863,36;147341,60;368220376,90;13029
WINFUT;25/11/2013;13:30:00;147594,79;147665,12;147172,81;147327,54;355729747,50;12547
WINFUT;25/11/2013;13:00:00;147946,44;148101,17;147496,33;147594,79;379445064,00;13381
WINFUT;25/11/2013;12:30:00;148776,34;149156,12;147904,24;147946,44;572684102,10;20176
WINFUT;25/11/2013;12:00:00;148354,36;148902,93;147862,04;148790,40;446511866,60;15738
WINFUT;25/11/2013;11:30:00;147749,52;148452,82;147524,46;148354,36;390500958,90;13744
WINFUT;25/11/2013;11:00:00;147974,57;148044,90;147566,66;147763,58;263737950,40;9318
WINFUT;25/11/2013;10:30:00;148973,26;149001,39;147454,13;147988,64;504857734,20;17788
WINFUT;25/11/2013;10:00:00;149156,12;149409,31;148818,53;148987,33;347571453,60;12197
WINFUT;25/11/2013;09:30:00;148846,67;149268,65;148691,94;149142,05;123330898,60;4335
WINFUT;25/11/2013;09:00:00;148959,19;149099,85;148593,48;148860,73;113147097,20;3970
WINFUT;22/11/2013;17:30:00;148874,80;148902,93;148480,95;148523,15;138240884,10;4831
WINFUT;22/11/2013;17:00:00;148649,74;149001,39;148607,54;148874,80;208739796,50;7348
WINFUT;22/11/2013;16:30:00;149859,42;149859,42;148593,48;148649,74;583318016,20;20389
WINFUT;22/11/2013;16:00:00;150084,48;150140,74;149803,16;149887,55;245620911,50;8629
WINFUT;22/11/2013;15:30:00;149634,36;150295,47;149535,90;150070,41;471886973,90;16472
WINFUT;22/11/2013;15:00:00;149648,43;149732,83;149324,91;149634,36;253638545,20;8918
WINFUT;22/11/2013;14:30:00;149198,32;149775,02;149170,18;149634,36;284499401,90;9987
WINFUT;22/11/2013;14:00:00;149437,44;149704,69;149156,12;149184,25;220695916,90;7753
WINFUT;22/11/2013;13:30:00;149704,69;149760,96;149296,78;149437,44;239206804,50;8399
WINFUT;22/11/2013;13:00:00;149015,46;149831,29;149001,39;149704,69;480242192,20;16812
WINFUT;22/11/2013;12:30:00;149029,52;149324,91;148776,34;149015,46;460943607,20;16264
WINFUT;22/11/2013;12:00:00;149156,12;149338,98;148874,80;149029,52;294261222,60;10376
WINFUT;22/11/2013;11:30:00;148832,60;149549,97;148734,14;149170,18;558393021,70;19628
WINFUT;22/11/2013;11:00:00;147819,85;148902,93;147679,19;148846,67;473771821,10;16660
WINFUT;22/11/2013;10:30:00;147440,06;147932,37;147440,06;147791,71;352410165,90;12434
WINFUT;22/11/2013;10:00:00;147130,61;147651,05;146652,37;147426,00;523959394,80;18506
WINFUT;22/11/2013;09:30:00;147215,01;147440,06;147004,02;147102,48;175543979,80;6212
WINFUT;22/11/2013;09:00:00;147833,91;147833,91;147130,61;147215,01;179735655,00;6329
WINFUT;21/11/2013;17:30:00;148354,36;148368,42;147988,64;147988,64;146005329,40;5084
WINFUT;21/11/2013;17:00:00;148382,49;148621,61;148340,29;148368,42;176219149,00;6215
WINFUT;21/11/2013;16:30:00;148635,68;148706,01;148241,83;148382,49;300506537,20;10560
WINFUT;21/11/2013;16:00:00;148129,30;148832,60;148087,10;148649,74;301294234,60;10590
WINFUT;21/11/2013;15:30:00;148213,70;148424,69;148030,84;148143,37;229191795,40;8069
WINFUT;21/11/2013;15:00:00;148776,34;148860,73;148030,84;148213,70;378854291,00;13296
WINFUT;21/11/2013;14:30:00;148734,14;148959,19;148509,08;148776,34;250290831,50;8804
WINFUT;21/11/2013;14:00:00;148832,60;148917,00;148649,74;148720,07;164516217,00;5788
WINFUT;21/11/2013;13:30:00;148480,95;149029,52;148452,82;148804,47;325122079,30;11417
WINFUT;21/11/2013;13:00:00;148284,03;148762,27;148129,30;148480,95;330523432,50;11632
WINFUT;21/11/2013;12:30:00;148269,96;148509,08;147932,37;148269,96;414891444,60;14668
WINFUT;21/11/2013;12:00:00;148002,70;148523,15;147918,31;148284,03;425497226,70;14975
WINFUT;21/11/2013;11:30:00;147651,05;148002,70;147496,33;147988,64;233102150,10;8215
WINFUT;21/11/2013;11:00:00;148030,84;148087,10;147440,06;147651,05;327710227,70;11549
WINFUT;21/11/2013;10:30:00;147496,33;148199,63;147383,80;148016,77;402063230,70;14171
WINFUT;21/11/2013;10:00:00;146933,69;147594,79;146863,36;147482,26;379810780,70;13435
WINFUT;21/11/2013;09:30:00;146863,36;147074,35;146793,03;146947,75;127438177,60;4505
WINFUT;21/11/2013;09:00:00;147693,25;147693,25;146539,84;146863,36;317667086,50;11202
WINFUT;19/11/2013;17:30:00;149015,46;149156,12;148874,80;149071,72;256704938,40;8934
WINFUT;19/11/2013;17:00:00;149240,51;149437,44;148945,13;149029,52;365969813,00;12855
WINFUT;19/11/2013;16:30:00;149395,24;149521,84;149127,99;149254,58;329370018,50;11614
WINFUT;19/11/2013;16:00:00;149156,12;149521,84;149085,79;149381,18;313025298,60;11002
WINFUT;19/11/2013;15:30:00;149578,10;149662,50;148917,00;149156,12;423781171,80;14821
WINFUT;19/11/2013;15:00:00;149648,43;149845,35;149381,18;149592,17;358317896,00;12534
WINFUT;19/11/2013;14:30:00;149718,76;149887,55;149254,58;149648,43;542948527,30;18972
WINFUT;19/11/2013;14:00:00;150295,47;150436,13;149634,36;149718,76;338541066,20;11866
WINFUT;19/11/2013;13:30:00;150829,98;151012,83;150140,74;150295,47;375422181,20;13135
WINFUT;19/11/2013;13:00:00;151181,63;151280,09;150745,58;150801,84;362003194,20;12641
WINFUT;19/11/2013;12:30:00;151828,66;151884,93;151097,23;151181,63;489947748,80;17150
WINFUT;19/11/2013;12:00:00;152081,85;152124,05;151631,74;151814,60;257717692,10;9032
WINFUT;19/11/2013;11:30:00;151983,39;152250,64;151913,06;152095,92;220245804,10;7709
WINFUT;19/11/2013;11:00:00;151814,60;152053,72;151477,01;151997,46;331845638,70;11524
WINFUT;19/11/2013;10:30:00;151884,93;152208,45;151659,87;151828,66;323884269,10;11304
WINFUT;19/11/2013;10:00:00;152517,90;152546,03;151856,80;151898,99;411346806,50;14366
WINFUT;19/11/2013;09:30:00;152264,71;152588,23;152264,71;152517,90;105129463,50;3661
WINFUT;19/11/2013;09:00:00;152602,29;152602,29;152095,92;152278,78;125778386,80;4331
WINFUT;18/11/2013;17:30:00;153488,45;153516,59;152897,68;152897,68;221624274,50;7612
WINFUT;18/11/2013;17:00:00;153474,39;153530,65;153291,53;153474,39;201369199,90;7038
WINFUT;18/11/2013;16:30:00;153235,27;153558,78;153122,74;153488,45;478863721,80;16648
WINFUT;18/11/2013;16:00:00;152714,82;153263,40;152644,49;153235,27;438550497,00;15243
WINFUT;18/11/2013;15:30:00;152250,64;152799,22;152236,58;152728,89;401922570,40;13991
WINFUT;18/11/2013;15:00:00;152475,70;152742,95;152152,18;152278,78;237350089,40;8299
WINFUT;18/11/2013;14:30:00;152377,24;152672,62;152349,11;152461,63;213691037,00;7444
WINFUT;18/11/2013;14:00:00;152630,43;152686,69;152081,85;152377,24;305232721,30;10638
WINFUT;18/11/2013;13:30:00;152742,95;152757,02;152405,37;152630,43;215097639,40;7517
WINFUT;18/11/2013;13:00:00;152602,29;152869,55;152391,30;152728,89;232595773,20;8101
WINFUT;18/11/2013;12:30:00;152363,17;152658,56;152306,91;152602,29;365379040,00;12730
WINFUT;18/11/2013;12:00:00;152602,29;152728,89;152349,11;152377,24;240613406,90;8369
WINFUT;18/11/2013;11:30:00;153122,74;153136,80;152560,10;152658,56;212875207,60;7411
WINFUT;18/11/2013;11:00:00;152925,81;153207,13;152644,49;153136,80;305992286,60;10681
WINFUT;18/11/2013;10:30:00;152194,38;152939,88;152180,31;152939,88;262246951,90;9163
WINFUT;18/11/2013;10:00:00;152588,23;152588,23;152053,72;152236,58;327935284,10;11444
WINFUT;18/11/2013;09:30:00;152531,96;152728,89;152349,11;152546,03;191973095,90;6693
WINFUT;18/11/2013;09:00:00;151659,87;152630,43;151519,21;152531,96;223677914,00;7787
WINFUT;14/11/2013;17:30:00;151111,30;151364,48;150928,44;151266,02;221146029,70;7637
WINFUT;14/11/2013;17:00:00;150998,77;151153,49;150562,72;151097,23;262725196,70;9139
WINFUT;14/11/2013;16:30:00;151111,30;151195,69;150801,84;151026,90;300984782,00;10533
WINFUT;14/11/2013;16:00:00;150787,78;151139,43;150703,38;151097,23;292095054,90;10197
WINFUT;14/11/2013;15:30:00;150239,20;150942,50;150197,00;150745,58;312321997,40;10910
WINFUT;14/11/2013;15:00:00;149929,75;150407,99;149859,42;150225,14;244101780,90;8546
WINFUT;14/11/2013;14:30:00;150436,13;150506,46;149873,49;149915,68;321943157,80;11266
WINFUT;14/11/2013;14:00:00;150112,61;150590,85;150028,21;150436,13;394186257,20;13804
WINFUT;14/11/2013;13:30:00;149789,09;150337,66;149704,69;150112,61;302222592,20;10628
WINFUT;14/11/2013;13:00:00;150084,48;150337,66;149268,65;149775,02;597074587,70;20985
WINFUT;14/11/2013;12:30:00;149592,17;150211,07;149057,66;150084,48;624840919,10;21968
WINFUT;14/11/2013;12:00:00;149662,50;149943,82;149451,51;149578,10;198696655,30;6991
WINFUT;14/11/2013;11:30:00;149746,89;149775,02;149409,31;149676,56;238025258,50;8368
WINFUT;14/11/2013;11:00:00;149423,37;150042,28;149409,31;149718,76;371314902,20;12992
WINFUT;14/11/2013;10:30:00;148649,74;149465,57;148438,75;149437,44;344589456,50;12083
WINFUT;14/11/2013;10:00:00;148396,55;148945,13;148284,03;148677,87;321858761,70;11315
WINFUT;14/11/2013;09:30:00;148284,03;148607,54;148269,96;148396,55;169158004,90;5962
WINFUT;14/11/2013;09:00:00;148171,50;148480,95;147946,44;148255,89;219542502,90;7701
WINFUT;13/11/2013;17:30:00;147594,79;147890,18;147566,66;147890,18;232342584,80;8108
WINFUT;13/11/2013;17:00:00;147468,20;147693,25;147327,54;147608,86;185671517,10;6545
WINFUT;13/11/2013;16:30:00;147327,54;147538,53;147186,88;147468,20;345602210,20;12215
WINFUT;13/11/2013;16:00:00;147200,94;147383,80;146863,36;147327,54;344898909,00;12166
WINFUT;13/11/2013;15:30:00;146694,56;147341,60;146511,71;147172,81;430504731,20;15198
WINFUT;13/11/2013;15:00:00;146005,33;146807,09;146005,33;146708,63;371568090,60;13118
WINFUT;13/11/2013;14:30:00;146033,46;146160,06;145878,74;146005,33;241513632,50;8537
WINFUT;13/11/2013;14:00:00;146117,86;146371,05;145991,26;146047,53;291194829,30;10284
WINFUT;13/11/2013;13:30:00;145639,61;146174,12;145611,48;146117,86;405382812,30;14346
WINFUT;13/11/2013;13:00:00;145681,81;145738,07;145414,56;145639,61;258252201,10;9158
WINFUT;13/11/2013;12:30:00;144711,26;145836,54;144654,99;145667,74;558505549,80;19780
WINFUT;13/11/2013;12:00:00;144865,98;145048,84;144626,86;144739,39;220273936,20;7817
WINFUT;13/11/2013;11:30:00;144781,59;144992,58;144486,20;144865,98;290575924,30;10311
WINFUT;13/11/2013;11:00:00;145555,22;145583,35;144654,99;144809,72;436271801,10;15439
WINFUT;13/11/2013;10:30:00;145273,90;145555,22;144964,44;145555,22;331226733,70;11745
WINFUT;13/11/2013;10:00:00;144964,44;145344,23;144865,98;145245,76;244158045,00;8651
WINFUT;13/11/2013;09:30:00;145119,17;145344,23;144753,45;144964,44;164910065,60;5851
WINFUT;13/11/2013;09:00:00;144964,44;145428,62;144823,78;145119,17;190482097,30;6750
WINFUT;12/11/2013;17:30:00;145386,42;145695,88;145316,09;145695,88;181648634,20;6419
WINFUT;12/11/2013;17:00:00;145920,93;146047,53;145076,97;145386,42;295358372,40;10454
WINFUT;12/11/2013;16:30:00;145709,94;146075,66;145555,22;145920,93;318623576,20;11277
WINFUT;12/11/2013;16:00:00;146216,32;146244,45;145653,68;145724,01;247505758,70;8767
WINFUT;12/11/2013;15:30:00;145963,13;146258,52;145794,34;146230,39;243173423,30;8596
WINFUT;12/11/2013;15:00:00;146582,04;146666,43;145878,74;145977,20;368923678,10;13050
WINFUT;12/11/2013;14:30:00;147004,02;147172,81;146385,11;146596,10;346418039,60;12235
WINFUT;12/11/2013;14:00:00;146821,16;147186,88;146596,10;146989,95;248884229,10;8793
WINFUT;12/11/2013;13:30:00;147383,80;147482,26;146722,70;146835,22;308130322,20;10908
WINFUT;12/11/2013;13:00:00;147510,39;147721,38;147046,22;147369,73;290463396,10;10269
WINFUT;12/11/2013;12:30:00;147130,61;147594,79;146877,42;147496,33;329876395,40;11670
WINFUT;12/11/2013;12:00:00;147313,47;147496,33;146947,75;147116,55;414891444,60;14652
WINFUT;12/11/2013;11:30:00;148326,22;148509,08;147200,94;147313,47;402063230,70;14171
WINFUT;12/11/2013;11:00:00;148087,10;149085,79;148030,84;148354,36;500609795,00;17542
WINFUT;12/11/2013;10:30:00;148213,70;148368,42;147777,65;148087,10;224268687,00;7858
WINFUT;12/11/2013;10:00:00;147932,37;148382,49;147440,06;148185,56;435540367,80;15360
WINFUT;12/11/2013;09:30:00;147833,91;148016,77;147594,79;147932,37;128085214,80;4530
WINFUT;12/11/2013;09:00:00;148087,10;148312,16;147735,45;147833,91;156723639,70;5494
WINFUT;11/11/2013;17:30:00;148452,82;148677,87;148438,75;148537,21;139225505,80;4859
WINFUT;11/11/2013;17:00:00;148199,63;148509,08;148157,43;148438,75;157567601,10;5547
WINFUT;11/11/2013;16:30:00;148340,29;148466,88;148044,90;148171,50;239797577,50;8447
WINFUT;11/11/2013;16:00:00;148143,37;148382,49;148115,23;148340,29;202466349,80;7115
WINFUT;11/11/2013;15:30:00;148044,90;148326,22;147918,31;148115,23;177682015,50;6250
WINFUT;11/11/2013;15:00:00;148143,37;148298,09;147707,32;148058,97;298959274,60;10518
WINFUT;11/11/2013;14:30:00;148382,49;148438,75;148087,10;148143,37;166457328,30;5873
WINFUT;11/11/2013;14:00:00;148523,15;148734,14;148241,83;148382,49;310915395,00;10969
WINFUT;11/11/2013;13:30:00;147932,37;148607,54;147707,32;148523,15;377391424,50;13299
WINFUT;11/11/2013;13:00:00;148058,97;148157,43;147763,58;147904,24;265172684,90;9339
WINFUT;11/11/2013;12:30:00;147496,33;148115,23;147285,34;148030,84;373452937,80;13195
WINFUT;11/11/2013;12:00:00;147102,48;147524,46;147018,08;147468,20;176753657,90;6255
WINFUT;11/11/2013;11:30:00;147327,54;147383,80;146961,82;147130,61;193098377,80;6833
WINFUT;11/11/2013;11:00:00;147271,27;147440,06;147144,68;147313,47;117817017,20;4159
WINFUT;11/11/2013;10:30:00;147440,06;147707,32;147102,48;147257,21;264610043,90;9353
WINFUT;11/11/2013;10:00:00;147468,20;147693,25;146694,56;147411,93;375506577,30;13260
WINFUT;11/11/2013;09:30:00;147299,40;147622,92;146961,82;147454,13;129210496,70;4566
WINFUT;11/11/2013;09:00:00;147552,59;147552,59;146947,75;147299,40;156329791,00;5529
WINFUT;08/11/2013;17:30:00;147116,55;147327,54;147032,15;147074,35;124737501,00;4397
WINFUT;08/11/2013;17:00:00;147243,14;147397,87;146919,62;147116,55;226547382,90;7999
WINFUT;08/11/2013;16:30:00;147777,65;148002,70;147172,81;147229,07;375956690,10;13282
WINFUT;08/11/2013;16:00:00;147440,06;148030,84;147383,80;147763,58;275722202,90;9731
WINFUT;08/11/2013;15:30:00;147721,38;147946,44;147383,80;147440,06;214141149,70;7575
WINFUT;08/11/2013;15:00:00;147313,47;147932,37;147313,47;147721,38;287368870,80;10169
WINFUT;08/11/2013;14:30:00;147200,94;147594,79;147004,02;147299,40;312743978,10;11073
WINFUT;08/11/2013;14:00:00;147144,68;147327,54;146849,29;147200,94;246464872,90;8737
WINFUT;08/11/2013;13:30:00;146075,66;147243,14;146061,59;147130,61;332830260,40;11775
WINFUT;08/11/2013;13:00:00;145991,26;146708,63;145780,27;146075,66;480326588,30;17000
WINFUT;08/11/2013;12:30:00;147974,57;148016,77;145963,13;146005,33;665744917,00;23536
WINFUT;08/11/2013;12:00:00;147904,24;148537,21;147411,93;147988,64;445330320,60;15706
WINFUT;08/11/2013;11:30:00;148368,42;148480,95;147102,48;147918,31;701078769,30;24797
WINFUT;08/11/2013;11:00:00;148734,14;148762,27;147777,65;148354,36;372749636,60;13114
WINFUT;08/11/2013;10:30:00;148720,07;149184,25;148579,41;148706,01;262275083,90;9246
WINFUT;08/11/2013;10:00:00;148002,70;148846,67;147932,37;148734,14;283964893,00;9981
WINFUT;08/11/2013;09:30:00;148255,89;148284,03;147890,18;148002,70;135680867,70;4773
WINFUT;08/11/2013;09:00:00;148832,60;149029,52;148171,50;148269,96;169411193,30;5910
WINFUT;07/11/2013;17:30:00;148199,63;148734,14;148073,03;148734,14;188062741,20;6602
WINFUT;07/11/2013;17:00:00;148720,07;148874,80;148199,63;148199,63;274287468,40;9670
WINFUT;07/11/2013;16:30:00;149184,25;149324,91;148607,54;148706,01;357417670,40;12606
WINFUT;07/11/2013;16:00:00;148762,27;149338,98;148635,68;149170,18;336262370,30;11823
WINFUT;07/11/2013;15:30:00;149043,59;149198,32;148734,14;148762,27;217123146,80;7661
WINFUT;07/11/2013;15:00:00;148959,19;149254,58;148720,07;149043,59;333871146,20;11777
WINFUT;07/11/2013;14:30:00;148804,47;149381,18;148663,81;148973,26;421249287,40;14816
WINFUT;07/11/2013;14:00:00;148804,47;148888,86;148157,43;148804,47;456639403,90;16099
WINFUT;07/11/2013;13:30:00;149367,11;149367,11;148691,94;148790,40;327935284,10;11557
WINFUT;07/11/2013;13:00:00;150886,24;150956,57;148649,74;149338,98;902701157,70;31661
WINFUT;07/11/2013;12:30:00;151533,28;151617,67;150787,78;150900,31;383327286,70;13463
WINFUT;07/11/2013;12:00:00;151462,95;151856,80;151280,09;151505,14;309761981,00;10876
WINFUT;07/11/2013;11:30:00;151505,14;152419,44;151125,36;151477,01;733289964,40;25590
WINFUT;07/11/2013;11:00:00;150942,50;151772,40;150942,50;151462,95;490960502,50;17168
WINFUT;07/11/2013;10:30:00;149592,17;151280,09;149592,17;150970,64;602053960,20;21011
WINFUT;07/11/2013;10:00:00;149901,62;150267,33;148917,00;149620,30;583177356,00;20332
WINFUT;07/11/2013;09:30:00;149901,62;150112,61;149817,22;149901,62;90838383,14;3186
WINFUT;07/11/2013;09:00:00;150281,40;150731,51;149789,09;149859,42;206742421,10;7205
WINFUT;06/11/2013;17:30:00;150295,47;150562,72;150281,40;150393,93;160296409,80;5564
WINFUT;06/11/2013;17:00:00;150520,52;150618,99;150267,33;150267,33;184518103,10;6467
WINFUT;06/11/2013;16:30:00;150422,06;150618,99;150323,60;150520,52;234114903,80;8202
WINFUT;06/11/2013;16:00:00;150309,53;150492,39;150225,14;150422,06;142826407,90;5011
WINFUT;06/11/2013;15:30:00;150393,93;150450,19;150126,67;150323,60;175121999,10;6161
WINFUT;06/11/2013;15:00:00;150323,60;150478,32;150112,61;150365,80;208796060,60;7334
WINFUT;06/11/2013;14:30:00;150393,93;150731,51;150281,40;150323,60;211834321,80;7457
WINFUT;06/11/2013;14:00:00;150436,13;150478,32;150098,54;150379,86;237603277,80;8385
WINFUT;06/11/2013;13:30:00;150407,99;150731,51;150281,40;150422,06;258786710,00;9095
WINFUT;06/11/2013;13:00:00;150126,67;150520,52;149986,01;150393,93;258674181,80;9057
WINFUT;06/11/2013;12:30:00;150492,39;150618,99;149718,76;150154,81;544467657,90;19108
WINFUT;06/11/2013;12:00:00;151266,02;151280,09;150309,53;150492,39;522355868,10;18331
WINFUT;06/11/2013;11:30:00;151941,19;151955,26;151167,56;151251,96;325122079,30;11377
WINFUT;06/11/2013;11:00:00;151814,60;152081,85;151519,21;151941,19;259124294,50;9050
WINFUT;06/11/2013;10:30:00;152109,98;152194,38;151266,02;151814,60;366813774,50;12802
WINFUT;06/11/2013;10:00:00;152053,72;152250,64;151378,55;152138,12;376012954,20;13102
WINFUT;06/11/2013;09:30:00;152208,45;152503,83;151983,39;152025,59;152953945,20;5345
WINFUT;06/11/2013;09:00:00;152616,36;152982,08;152138,12;152250,64;228432230,10;7882
WINFUT;05/11/2013;17:30:00;151800,53;151913,06;151659,87;151730,20;168454703,70;5800
WINFUT;05/11/2013;17:00:00;151800,53;151969,32;151561,41;151828,66;247899607,40;8729
WINFUT;05/11/2013;16:30:00;152517,90;152658,56;151688,00;151800,53;503760584,40;17610
WINFUT;05/11/2013;16:00:00;152517,90;152799,22;152419,44;152517,90;189722532,00;6632
WINFUT;05/11/2013;15:30:00;153038,34;153038,34;152363,17;152503,83;301463026,90;10518
WINFUT;05/11/2013;15:00:00;152869,55;153193,07;152658,56;153024,28;258139672,90;9026
WINFUT;05/11/2013;14:30:00;152855,48;153136,80;152799,22;152869,55;183308425,10;6434
WINFUT;05/11/2013;14:00:00;152953,95;153066,47;152588,23;152855,48;227081891,80;7905
WINFUT;05/11/2013;13:30:00;152574,16;153179,00;152489,77;152953,95;242751442,60;8505
WINFUT;05/11/2013;13:00:00;152447,57;152728,89;152208,45;152588,23;337472048,40;11811
WINFUT;05/11/2013;12:30:00;152939,88;153291,53;152377,24;152461,63;482239567,60;16876
WINFUT;05/11/2013;12:00:00;152897,68;153249,33;152897,68;152925,81;277213201,40;9681
WINFUT;05/11/2013;11:30:00;152996,14;153094,61;152349,11;152897,68;497487137,60;17369
WINFUT;05/11/2013;11:00:00;153249,33;153277,46;152757,02;153010,21;330945413,20;11509
WINFUT;05/11/2013;10:30:00;153361,86;153643,18;153150,87;153263,40;255860977,00;8879
WINFUT;05/11/2013;10:00:00;154037,03;154262,09;153347,79;153347,79;349146848,30;12105
WINFUT;05/11/2013;09:30:00;153966,70;154177,69;153685,38;154008,90;186909327,20;6480
WINFUT;05/11/2013;09:00:00;153600,98;154022,96;153488,45;153952,63;154557472,00;5335
WINFUT;04/11/2013;17:30:00;154121,43;154219,89;153910,43;153910,43;143670369,40;4928
WINFUT;04/11/2013;17:00:00;154205,82;154248,02;153980,76;154121,43;211974982,00;7371
WINFUT;04/11/2013;16:30:00;153811,97;154304,28;153755,71;154219,89;278591671,80;9671
WINFUT;04/11/2013;16:00:00;154037,03;154149,56;153699,44;153811,97;223087141,00;7803
WINFUT;04/11/2013;15:30:00;153994,83;154163,62;153826,04;154037,03;214647526,60;7485
WINFUT;04/11/2013;15:00:00;154219,89;154360,55;153840,10;154008,90;270461509,90;9420
WINFUT;04/11/2013;14:30:00;153924,50;154304,28;153882,30;154205,82;268886115,20;9384
WINFUT;04/11/2013;14:00:00;153797,91;154121,43;153671,31;153924,50;185755913,20;6462
WINFUT;04/11/2013;13:30:00;153699,44;154149,56;153699,44;153811,97;282473894,40;9832
WINFUT;04/11/2013;13:00:00;153586,92;153882,30;153235,27;153699,44;316260484,10;11018
WINFUT;04/11/2013;12:30:00;153502,52;153966,70;153432,19;153572,85;363466060,70;12653
WINFUT;04/11/2013;12:00:00;153474,39;153769,77;153389,99;153516,59;200778426,90;6973
WINFUT;04/11/2013;11:30:00;153629,11;153727,58;153249,33;153474,39;237125033,00;8270
WINFUT;04/11/2013;11:00:00;152925,81;153811,97;152925,81;153629,11;376434934,90;13063
WINFUT;04/11/2013;10:30:00;152742,95;153136,80;152588,23;152925,81;222130651,40;7756
WINFUT;04/11/2013;10:00:00;153249,33;153446,26;152700,76;152700,76;386618736,30;13490
WINFUT;04/11/2013;09:30:00;153291,53;153432,19;153136,80;153235,27;68501536,99;2401
WINFUT;04/11/2013;09:00:00;152686,69;153516,59;152588,23;153305,60;168482835,70;5844
WINFUT;01/11/2013;17:30:00;152391,30;152588,23;152138,12;152138,12;118464054,30;4098
WINFUT;01/11/2013;17:00:00;152841,42;152897,68;152391,30;152405,37;211637397,40;7402
WINFUT;01/11/2013;16:30:00;152785,15;153291,53;152546,03;152841,42;488822466,80;17083
WINFUT;01/11/2013;16:00:00;152700,76;152996,14;152672,62;152799,22;163784783,70;5756
WINFUT;01/11/2013;15:30:00;152700,76;153052,41;152531,96;152672,62;242892102,80;8488
WINFUT;01/11/2013;15:00:00;152208,45;152869,55;152067,79;152700,76;221230425,80;7726
WINFUT;01/11/2013;14:30:00;152447,57;152700,76;152152,18;152208,45;200384578,20;7050
WINFUT;01/11/2013;14:00:00;152124,05;152672,62;151969,32;152447,57;266663683,40;9366
WINFUT;01/11/2013;13:30:00;152391,30;152700,76;151969,32;152109,98;291026037,00;10213
WINFUT;01/11/2013;13:00:00;152968,01;153094,61;152264,71;152377,24;317807746,80;11142
WINFUT;01/11/2013;12:30:00;152771,09;153249,33;152588,23;152953,95;345208361,60;12124
WINFUT;01/11/2013;12:00:00;153291,53;153404,06;152433,50;152785,15;457286441,00;15978
WINFUT;01/11/2013;11:30:00;152447,57;153516,59;152306,91;153319,66;508711824,80;17726
WINFUT;01/11/2013;11:00:00;152109,98;152489,77;151870,86;152447,57;360062082,90;12596
WINFUT;01/11/2013;10:30:00;153811,97;153854,17;152053,72;152067,79;555607948,90;19332
WINFUT;01/11/2013;10:00:00;152968,01;153854,17;152841,42;153826,04;401613117,90;13944
WINFUT;01/11/2013;09:30:00;153150,87;153179,00;152672,62;152982,08;189666267,90;6592
WINFUT;01/11/2013;09:00:00;153882,30;153882,30;152925,81;153136,80;154360547,60;5331
WINFUT;31/10/2013;17:30:00;153221,20;153347,79;152911,75;153066,47;185727781,20;6399
WINFUT;31/10/2013;17:00:00;153446,26;153811,97;153136,80;153221,20;361243629,00;12621
WINFUT;31/10/2013;16:30:00;153404,06;153966,70;153347,79;153446,26;483927490,50;16863
WINFUT;31/10/2013;16:00:00;153122,74;153586,92;152419,44;153404,06;434133765,40;15151
WINFUT;31/10/2013;15:30:00;153024,28;153305,60;152827,35;153094,61;438100384,20;15245
WINFUT;31/10/2013;15:00:00;152377,24;153080,54;152335,04;152996,14;379585724,30;13254
WINFUT;31/10/2013;14:30:00;152616,36;152968,01;152236,58;152377,24;319270613,30;11136
WINFUT;31/10/2013;14:00:00;152363,17;152771,09;152306,91;152630,43;268829851,10;9383
WINFUT;31/10/2013;13:30:00;151856,80;152602,29;151730,20;152363,17;308580435,00;10769
WINFUT;31/10/2013;13:00:00;152081,85;152222,51;151688,00;151856,80;190003852,50;6646
WINFUT;31/10/2013;12:30:00;151884,93;152250,64;151575,47;152109,98;342929665,70;12009
WINFUT;31/10/2013;12:00:00;152883,62;152911,75;151406,68;151898,99;682511617,60;23894
WINFUT;31/10/2013;11:30:00;153375,93;153994,83;152813,28;152869,55;557605324,30;19367
WINFUT;31/10/2013;11:00:00;152672,62;153558,78;152320,97;153361,86;573471799,40;19990
WINFUT;31/10/2013;10:30:00;152109,98;152841,42;152011,52;152658,56;367348283,40;12796
WINFUT;31/10/2013;10:00:00;151462,95;152349,11;151420,75;152067,79;335221484,50;11680
WINFUT;31/10/2013;09:30:00;151350,42;151575,47;151209,76;151448,88;108392781,10;3791
WINFUT;31/10/2013;09:00:00;151631,74;152194,38;151111,30;151350,42;183252161,00;6353
WINFUT;30/10/2013;17:30:00;152095,92;152728,89;152053,72;152728,89;154529339,90;5328
WINFUT;30/10/2013;17:00:00;151969,32;152531,96;151702,07;152095,92;339272499,40;11833
WINFUT;30/10/2013;16:30:00;151378,55;152250,64;150914,37;151997,46;793014302,40;27697
WINFUT;30/10/2013;16:00:00;152236,58;152855,48;151237,89;151364,48;881939706,20;30891
WINFUT;30/10/2013;15:30:00;152588,23;152813,28;152067,79;152194,38;285258967,20;9934
WINFUT;30/10/2013;15:00:00;153094,61;153179,00;152517,90;152574,16;246380476,80;8575
WINFUT;30/10/2013;14:30:00;152124,05;153263,40;152067,79;153108,67;406958207,00;14099
WINFUT;30/10/2013;14:00:00;151800,53;152124,05;151631,74;152124,05;229163663,40;8046
WINFUT;30/10/2013;13:30:00;152222,51;152503,83;151617,67;151800,53;356798765,40;12447
WINFUT;30/10/2013;13:00:00;152222,51;152433,50;152025,59;152208,45;305035797,00;10655
WINFUT;30/10/2013;12:30:00;151575,47;152306,91;151350,42;152222,51;453179162,00;15827
WINFUT;30/10/2013;12:00:00;151519,21;151688,00;151266,02;151561,41;202522613,90;7105
WINFUT;30/10/2013;11:30:00;151477,01;151842,73;151111,30;151505,14;456048630,90;15941
WINFUT;30/10/2013;11:00:00;151702,07;151870,86;151294,15;151505,14;340932290,30;11892
WINFUT;30/10/2013;10:30:00;152475,70;152757,02;151659,87;151702,07;481986379,20;16796
WINFUT;30/10/2013;10:00:00;152588,23;152686,69;152222,51;152475,70;259743199,60;8975
WINFUT;30/10/2013;09:30:00;152742,95;152883,62;152306,91;152588,23;178610373,00;6202
WINFUT;30/10/2013;09:00:00;152461,63;152827,35;152419,44;152742,95;134218001,20;4620
WINFUT;29/10/2013;17:30:00;152095,92;152250,64;152011,52;152138,12;149859419,90;5160
WINFUT;29/10/2013;17:00:00;151983,39;152236,58;151856,80;152095,92;156582979,40;5484
WINFUT;29/10/2013;16:30:00;151983,39;152250,64;151800,53;151997,46;260165180,30;9118
WINFUT;29/10/2013;16:00:00;152039,65;152419,44;151688,00;151969,32;409855808,00;14319
WINFUT;29/10/2013;15:30:00;151139,43;152166,25;151125,36;152039,65;353282259,40;12364
WINFUT;29/10/2013;15:00:00;151519,21;151561,41;150858,11;151139,43;446877583,20;15609
WINFUT;29/10/2013;14:30:00;151702,07;152025,59;151462,95;151519,21;280138934,40;9811
WINFUT;29/10/2013;14:00:00;151491,08;151772,40;151294,15;151744,27;212875207,60;7490
WINFUT;29/10/2013;13:30:00;151688,00;151772,40;151251,96;151491,08;203563499,70;7136
WINFUT;29/10/2013;13:00:00;151969,32;152306,91;151575,47;151688,00;225900345,80;7904
WINFUT;29/10/2013;12:30:00;152011,52;152306,91;151505,14;151983,39;392442070,20;13761
WINFUT;29/10/2013;12:00:00;151927,13;152025,59;151505,14;151983,39;393567352,20;13735
WINFUT;29/10/2013;11:30:00;152658,56;152939,88;151744,27;151828,66;402457079,30;14088
WINFUT;29/10/2013;11:00:00;152447,57;152841,42;152222,51;152644,49;264272459,30;9224
WINFUT;29/10/2013;10:30:00;152813,28;152841,42;152124,05;152461,63;362143854,50;12579
WINFUT;29/10/2013;10:00:00;152799,22;153038,34;152391,30;152785,15;388559847,60;13513
WINFUT;29/10/2013;09:30:00;152897,68;153052,41;152602,29;152799,22;223368461,50;7736
WINFUT;29/10/2013;09:00:00;153586,92;154163,62;152757,02;152925,81;250122039,20;8612
WINFUT;28/10/2013;17:30:00;154121,43;154332,42;153952,63;154332,42;174503094,00;5967
WINFUT;28/10/2013;17:00:00;154008,90;154177,69;153826,04;154135,49;174278037,60;6030
WINFUT;28/10/2013;16:30:00;153516,59;154388,68;153460,32;154008,90;481283078,00;16673
WINFUT;28/10/2013;16:00:00;153164,94;153586,92;153150,87;153502,52;335474672,90;11675
WINFUT;28/10/2013;15:30:00;152714,82;153207,13;152616,36;153150,87;295330240,40;10304
WINFUT;28/10/2013;15:00:00;152475,70;152757,02;152335,04;152714,82;195264545,50;6805
WINFUT;28/10/2013;14:30:00;152138,12;152531,96;152067,79;152489,77;217573259,60;7621
WINFUT;28/10/2013;14:00:00;152095,92;152391,30;151941,19;152109,98;228741682,70;8027
WINFUT;28/10/2013;13:30:00;151983,39;152306,91;151856,80;152095,92;248349720,10;8715
WINFUT;28/10/2013;13:00:00;151603,61;152067,79;151167,56;151997,46;306723719,80;10739
WINFUT;28/10/2013;12:30:00;151772,40;152138,12;151434,81;151589,54;384818285,20;13481
WINFUT;28/10/2013;12:00:00;151392,62;151941,19;151308,22;151800,53;327119454,70;11424
WINFUT;28/10/2013;11:30:00;151153,49;151688,00;150998,77;151406,68;396858801,80;13877
WINFUT;28/10/2013;11:00:00;150506,46;151322,29;150309,53;151181,63;352719618,40;12322
WINFUT;28/10/2013;10:30:00;150478,32;150844,04;150098,54;150506,46;344280004,00;12059
WINFUT;28/10/2013;10:00:00;150886,24;151350,42;150168,87;150492,39;489778956,50;17082
WINFUT;28/10/2013;09:30:00;150492,39;150928,44;150267,33;150886,24;201566124,20;7045
WINFUT;28/10/2013;09:00:00;150506,46;150872,17;150253,27;150492,39;140744636,40;4905
WINFUT;25/10/2013;17:30:00;149746,89;150464,26;149620,30;150281,40;219851955,50;7612
WINFUT;25/10/2013;17:00:00;149957,88;149986,01;149437,44;149760,96;289253718,00;10131
WINFUT;25/10/2013;16:30:00;150056,34;150211,07;149859,42;149957,88;212622019,10;7456
WINFUT;25/10/2013;16:00:00;149915,68;150182,94;149732,83;150070,41;333421033,40;11707
WINFUT;25/10/2013;15:30:00;150478,32;150478,32;149859,42;149915,68;441194909,50;15456
WINFUT;25/10/2013;15:00:00;150731,51;151209,76;150281,40;150492,39;341382403,00;11982
WINFUT;25/10/2013;14:30:00;150239,20;151111,30;150211,07;150731,51;356995689,70;12504
WINFUT;25/10/2013;14:00:00;150436,13;150759,65;150098,54;150225,14;315163334,30;11042
WINFUT;25/10/2013;13:30:00;150450,19;150801,84;150351,73;150464,26;171999341,80;6031
WINFUT;25/10/2013;13:00:00;150633,05;150886,24;150239,20;150436,13;265622797,60;9314
WINFUT;25/10/2013;12:30:00;151336,35;151477,01;150604,92;150647,12;382258268,80;13339
WINFUT;25/10/2013;12:00:00;151434,81;151856,80;151125,36;151350,42;438241044,50;15313
WINFUT;25/10/2013;11:30:00;151519,21;151589,54;150787,78;151448,88;497796590,20;17391
WINFUT;25/10/2013;11:00:00;151617,67;152067,79;151448,88;151519,21;330495300,40;11511
WINFUT;25/10/2013;10:30:00;150872,17;151884,93;150689,32;151589,54;361806269,90;12538
WINFUT;25/10/2013;10:00:00;151181,63;151195,69;150379,86;150872,17;230429605,50;7986
WINFUT;25/10/2013;09:30:00;150858,11;151322,29;150773,71;151153,49;154079227,10;5370
WINFUT;25/10/2013;09:00:00;151406,68;151688,00;150520,52;150844,04;180157635,70;6272
WINFUT;24/10/2013;17:30:00;151645,80;151659,87;150900,31;151547,34;248940493,20;8582
WINFUT;24/10/2013;17:00:00;151533,28;151969,32;151491,08;151631,74;336177974,10;11609
WINFUT;24/10/2013;16:30:00;151251,96;151772,40;150956,57;151547,34;394580105,90;13706
WINFUT;24/10/2013;16:00:00;151434,81;151716,14;151195,69;151251,96;371539958,50;12957
WINFUT;24/10/2013;15:30:00;151139,43;151519,21;151111,30;151434,81;292010658,70;10194
WINFUT;24/10/2013;15:00:00;151026,90;151336,35;150745,58;151125,36;350018941,80;12205
WINFUT;24/10/2013;14:30:00;151266,02;151519,21;150942,50;151026,90;382989702,10;13368
WINFUT;24/10/2013;14:00:00;152461,63;152475,70;151209,76;151251,96;450422221,30;15656
WINFUT;24/10/2013;13:30:00;152208,45;152475,70;152067,79;152475,70;202269425,40;7035
WINFUT;24/10/2013;13:00:00;152264,71;152320,97;151870,86;152222,51;358824272,80;12489
WINFUT;24/10/2013;12:30:00;153038,34;153108,67;152152,18;152292,84;423331059,00;14710
WINFUT;24/10/2013;12:00:00;153150,87;153305,60;152742,95;153024,28;311984412,80;10820
WINFUT;24/10/2013;11:30:00;153882,30;154093,29;152714,82;153136,80;717845470,00;24968
WINFUT;24/10/2013;11:00:00;153811,97;154177,69;153699,44;153854,17;298762350,20;10371
WINFUT;24/10/2013;10:30:00;154613,74;154726,26;153741,64;153783,84;481958247,10;16745
WINFUT;24/10/2013;10:00:00;154712,20;154782,53;154318,35;154627,80;226547382,90;7859
WINFUT;24/10/2013;09:30:00;154571,54;154895,06;154444,94;154726,26;166513592,40;5701
WINFUT;24/10/2013;09:00:00;154219,89;154726,26;154022,96;154571,54;204069876,50;6981
WINFUT;23/10/2013;17:30:00;153207,13;153643,18;153207,13;153643,18;216419845,60;7409
WINFUT;23/10/2013;17:00:00;153671,31;153713,51;153193,07;153207,13;253329092,60;8786
WINFUT;23/10/2013;16:30:00;154037,03;154149,56;153615,05;153685,38;375731633,70;13046
WINFUT;23/10/2013;16:00:00;154444,94;154473,08;153952,63;154037,03;435765424,20;15147
WINFUT;23/10/2013;15:30:00;154459,01;154698,13;154374,61;154459,01;197036864,50;6885
WINFUT;23/10/2013;15:00:00;154824,73;154937,25;154332,42;154444,94;280617179,30;9713
WINFUT;23/10/2013;14:30:00;154571,54;155035,72;154557,47;154810,66;235493374,20;8138
WINFUT;23/10/2013;14:00:00;154909,12;155190,44;154430,88;154599,67;302166328,10;10465
WINFUT;23/10/2013;13:30:00;154895,06;155077,91;154740,33;154895,06;175600243,90;6059
WINFUT;23/10/2013;13:00:00;154838,79;155091,98;154613,74;154895,06;317385766,00;10925
WINFUT;23/10/2013;12:30:00;155429,57;155556,16;154796,59;154852,86;421755664,30;14399
WINFUT;23/10/2013;12:00:00;155331,10;155654,62;155148,24;155443,63;352719618,40;12131
WINFUT;23/10/2013;11:30:00;155893,74;155950,01;155218,58;155288,91;569702105,00;19516
WINFUT;23/10/2013;11:00:00;156259,46;156273,53;155682,75;155893,74;302616440,80;10360
WINFUT;23/10/2013;10:30:00;155907,81;156301,66;155851,55;156203,20;300394009,00;10289
WINFUT;23/10/2013;10:00:00;155935,94;156034,40;155626,49;155907,81;235015129,40;8081
WINFUT;23/10/2013;09:30:00;156048,47;156048,47;155739,02;155950,01;140435183,80;4817
WINFUT;23/10/2013;09:00:00;156357,92;156414,19;155921,88;156062,54;161534219,90;5432
WINFUT;22/10/2013;17:30:00;157159,69;157258,15;157075,29;157117,49;105973425,00;3564
WINFUT;22/10/2013;17:00:00;157103,42;157201,88;156920,56;157159,69;224184290,90;7690
WINFUT;22/10/2013;16:30:00;156737,71;157412,87;156709,57;157103,42;326359889,40;11132
WINFUT;22/10/2013;16:00:00;156878,37;157286,28;156639,24;156765,84;387406433,60;13235
WINFUT;22/10/2013;15:30:00;156639,24;156962,76;156357,92;156892,43;344505060,40;11847
WINFUT;22/10/2013;15:00:00;157483,20;157539,47;156568,91;156639,24;406958207,00;13878
WINFUT;22/10/2013;14:30:00;157061,22;157553,54;156808,04;157483,20;383889927,60;13128
WINFUT;22/10/2013;14:00:00;156737,71;157145,62;156611,11;157061,22;280673443,30;9536
WINFUT;22/10/2013;13:30:00;156512,65;156822,10;156357,92;156723,64;229135531,30;7846
WINFUT;22/10/2013;13:00:00;156287,59;156779,90;156090,67;156540,78;289225586,00;9926
WINFUT;22/10/2013;12:30:00;156709,57;156948,70;156217,26;156287,59;351059827,60;11952
WINFUT;22/10/2013;12:00:00;156878,37;157370,68;156639,24;156709,57;431573749,10;14663
WINFUT;22/10/2013;11:30:00;156203,20;157047,16;155851,55;156850,23;522271472,00;17739
WINFUT;22/10/2013;11:00:00;155724,95;156414,19;155682,75;156175,06;424484473,00;14482
WINFUT;22/10/2013;10:30:00;154979,45;156189,13;154402,75;155710,89;660118507,40;22448
WINFUT;22/10/2013;10:00:00;154909,12;155232,64;154304,28;154979,45;440857324,90;15126
WINFUT;22/10/2013;09:30:00;154740,33;154937,25;154726,26;154909,12;109321138,70;3720
WINFUT;22/10/2013;09:00:00;154979,45;155148,24;154585,60;154768,46;149606231,50;5047
WINFUT;21/10/2013;17:30:00;155049,78;155091,98;154684,07;154852,86;170649003,40;5787
WINFUT;21/10/2013;17:00:00;154923,19;155204,51;154824,73;155049,78;182239407,20;6329
WINFUT;21/10/2013;16:30:00;154684,07;155134,18;154444,94;154951,32;374578219,70;12895
WINFUT;21/10/2013;16:00:00;154501,21;154937,25;154233,95;154670,00;373706126,20;12942
WINFUT;21/10/2013;15:30:00;153868,24;155063,85;153854,17;154501,21;749184571,50;26091
WINFUT;21/10/2013;15:00:00;153460,32;154346,48;153389,99;153868,24;410080864,40;14238
WINFUT;21/10/2013;14:30:00;153179,00;153502,52;153080,54;153446,26;154810660,40;5420
WINFUT;21/10/2013;14:00:00;153826,04;153854,17;153150,87;153179,00;260755953,30;9074
WINFUT;21/10/2013;13:30:00;153769,77;154051,10;153713,51;153826,04;157201884,50;5504
WINFUT;21/10/2013;13:00:00;153755,71;153896,37;153600,98;153755,71;154923188,60;5409
WINFUT;21/10/2013;12:30:00;154248,02;154262,09;153727,58;153741,64;233524130,80;8131
WINFUT;21/10/2013;12:00:00;153910,43;154487,14;153854,17;154262,09;337500180,40;11748
WINFUT;21/10/2013;11:30:00;153755,71;154065,16;153460,32;153910,43;373452937,80;12978
WINFUT;21/10/2013;11:00:00;153207,13;153868,24;153080,54;153741,64;303347874,10;10542
WINFUT;21/10/2013;10:30:00;152883,62;153361,86;152757,02;153179,00;233721055,20;8169
WINFUT;21/10/2013;10:00:00;153164,94;153319,66;152686,69;152869,55;284780722,40;9906
WINFUT;21/10/2013;09:30:00;153066,47;153249,33;152911,75;153179,00;94045436,62;3266
WINFUT;21/10/2013;09:00:00;152968,01;153389,99;152897,68;153066,47;130448306,80;4495
WINFUT;18/10/2013;17:30:00;152700,76;152799,22;152658,56;152771,09;99503053,94;3410
WINFUT;18/10/2013;17:00:00;152742,95;152897,68;152503,83;152686,69;142545087,40;4945
WINFUT;18/10/2013;16:30:00;152546,03;152785,15;152264,71;152728,89;270939754,70;9472
WINFUT;18/10/2013;16:00:00;152236,58;152644,49;152194,38;152546,03;217320071,20;7602
WINFUT;18/10/2013;15:30:00;152419,44;152925,81;152081,85;152264,71;375084596,60;13063
WINFUT;18/10/2013;15:00:00;153094,61;153094,61;152208,45;152447,57;418745535,20;14580
WINFUT;18/10/2013;14:30:00;153010,21;153150,87;152672,62;153094,61;270208321,50;9442
WINFUT;18/10/2013;14:00:00;153249,33;153544,72;152785,15;153010,21;282361366,20;9859
WINFUT;18/10/2013;13:30:00;153558,78;153713,51;153150,87;153249,33;211524869,30;7376
WINFUT;18/10/2013;13:00:00;153685,38;153868,24;153460,32;153530,65;111796758,90;3913
WINFUT;18/10/2013;12:30:00;153474,39;153938,57;153432,19;153685,38;203057122,80;7078
WINFUT;18/10/2013;12:00:00;153741,64;153826,04;153136,80;153488,45;329988923,60;11470
WINFUT;18/10/2013;11:30:00;153868,24;154191,76;153615,05;153741,64;263315969,70;9183
WINFUT;18/10/2013;11:00:00;154219,89;154290,22;153530,65;153854,17;366532454,00;12732
WINFUT;18/10/2013;10:30:00;154318,35;154388,68;153516,59;154233,95;607286521,20;21144
WINFUT;18/10/2013;10:00:00;153910,43;154810,66;153882,30;154318,35;417085744,30;14444
WINFUT;18/10/2013;09:30:00;153980,76;154149,56;153783,84;153924,50;122599465,40;4287
WINFUT;18/10/2013;09:00:00;154135,49;154430,88;153952,63;153994,83;133374039,80;4611
WINFUT;17/10/2013;17:30:00;153446,26;153910,43;153446,26;153910,43;120742750,20;4120
WINFUT;17/10/2013;17:00:00;153488,45;153544,72;153235,27;153460,32;133289643,60;4615
WINFUT;17/10/2013;16:30:00;152757,02;153811,97;152616,36;153516,59;418689271,10;14518
WINFUT;17/10/2013;16:00:00;153375,93;153404,06;152630,43;152785,15;281433008,60;9810
WINFUT;17/10/2013;15:30:00;152996,14;153586,92;152785,15;153404,06;273921751,80;9516
WINFUT;17/10/2013;15:00:00;153221,20;153404,06;152897,68;152996,14;262303216,00;9141
WINFUT;17/10/2013;14:30:00;153347,79;153896,37;153066,47;153221,20;334461919,20;11643
WINFUT;17/10/2013;14:00:00;153896,37;153938,57;153277,46;153347,79;204548121,30;7132
WINFUT;17/10/2013;13:30:00;153699,44;154022,96;153629,11;153896,37;158946071,50;5569
WINFUT;17/10/2013;13:00:00;153811,97;154107,36;153530,65;153685,38;177935203,90;6234
WINFUT;17/10/2013;12:30:00;152897,68;154135,49;152602,29;153840,10;443079756,70;15427
WINFUT;17/10/2013;12:00:00;152996,14;153193,07;152503,83;152897,68;422655889,80;14724
WINFUT;17/10/2013;11:30:00;153389,99;153840,10;152897,68;152953,95;433627388,60;15127
WINFUT;17/10/2013;11:00:00;154163,62;154177,69;153094,61;153404,06;544945902,70;18938
WINFUT;17/10/2013;10:30:00;153600,98;154276,15;153389,99;154163,62;536337496,00;18652
WINFUT;17/10/2013;10:00:00;152658,56;153657,25;152616,36;153600,98;444176906,60;15462
WINFUT;17/10/2013;09:30:00;152813,28;153150,87;152433,50;152630,43;251584905,70;8764
WINFUT;17/10/2013;09:00:00;153249,33;153600,98;152785,15;152813,28;206770553,10;7147
WINFUT;16/10/2013;17:30:00;153558,78;153600,98;153052,41;153052,41;125440802,20;4286
WINFUT;16/10/2013;17:00:00;154613,74;154641,87;153502,52;153600,98;274990769,60;9461
WINFUT;16/10/2013;16:30:00;155288,91;155331,10;154501,21;154627,80;408224149,20;14013
WINFUT;16/10/2013;16:00:00;155359,24;155696,82;155063,85;155274,84;320170838,80;10951
WINFUT;16/10/2013;15:30:00;155091,98;155443,63;154571,54;155359,24;350215866,10;12030
WINFUT;16/10/2013;15:00:00;154670,00;155359,24;154627,80;155077,91;238503503,30;8210
WINFUT;16/10/2013;14:30:00;155471,76;155471,76;154388,68;154627,80;371821279,00;12869
WINFUT;16/10/2013;14:00:00;155134,18;155612,42;154951,32;155457,70;309705716,90;10707
WINFUT;16/10/2013;13:30:00;154276,15;155218,58;154022,96;155134,18;247505758,70;8612
WINFUT;16/10/2013;13:00:00;153868,24;154585,60;153854,17;154276,15;188794174,40;6569
WINFUT;16/10/2013;12:30:00;153910,43;154205,82;153404,06;153868,24;350778507,10;12241
WINFUT;16/10/2013;12:00:00;154852,86;155921,88;153783,84;153910,43;592010819,10;20587
WINFUT;16/10/2013;11:30:00;155120,11;155499,90;154655,93;154866,92;389038092,40;13438
WINFUT;16/10/2013;11:00:00;153980,76;155668,69;153685,38;155091,98;506236204,60;17595
WINFUT;16/10/2013;10:30:00;153263,40;154191,76;152911,75;153966,70;355448427,10;12434
WINFUT;16/10/2013;10:00:00;153291,53;153826,04;153122,74;153263,40;202381953,60;7078
WINFUT;16/10/2013;09:30:00;152236,58;153586,92;152236,58;153319,66;137396922,70;4806
WINFUT;16/10/2013;09:00:00;153544,72;153586,92;152124,05;152236,58;78910394,77;2729
WINFUT;15/10/2013;17:30:00;152420,12;152684,13;152239,48;152475,70;172804867,40;5970
WINFUT;15/10/2013;17:00:00;152461,80;152711,92;152281,16;152420,12;213463201,50;7438
WINFUT;15/10/2013;16:30:00;152170,00;152642,45;152100,52;152447,91;486010215,70;16961
WINFUT;15/10/2013;16:00:00;151753,13;152211,69;151725,34;152170,00;387740995,50;13640
WINFUT;15/10/2013;15:30:00;151614,18;151836,51;151100,04;151725,34;572662769,10;20240
WINFUT;15/10/2013;15:00:00;152628,55;152628,55;151572,49;151628,07;510772058,30;18027
WINFUT;15/10/2013;14:30:00;151961,57;153017,63;151864,30;152614,66;684744150,60;24033
WINFUT;15/10/2013;14:00:00;151391,85;152058,83;151266,79;151947,67;339551281,80;11972
WINFUT;15/10/2013;13:30:00;151044,46;151405,74;150988,88;151405,74;182003711,30;6436
WINFUT;15/10/2013;13:00:00;151447,43;151503,01;151002,77;151044,46;202235609,60;7115
WINFUT;15/10/2013;12:30:00;151683,65;151780,92;151266,79;151447,43;202013281,00;7118
WINFUT;15/10/2013;12:00:00;151405,74;151919,88;150794,34;151683,65;482619705,30;17010
WINFUT;15/10/2013;11:30:00;150766,55;151586,39;150655,39;151405,74;432429034,60;15314
WINFUT;15/10/2013;11:00:00;150822,13;150905,51;150419,16;150766,55;240087045,60;8502
WINFUT;15/10/2013;10:30:00;150808,24;151113,94;150391,37;150780,45;431956586,40;15304
WINFUT;15/10/2013;10:00:00;151044,46;151197,31;150655,39;150794,34;313511050,10;11083
WINFUT;15/10/2013;09:30:00;150349,68;151086,15;150335,79;151044,46;264821097,10;9359
WINFUT;15/10/2013;09:00:00;150488,64;150488,64;150238,52;150363,58;154768463,60;5434
WINFUT;14/10/2013;17:30:00;150599,80;150919,40;150558,12;150919,40;175722929,70;6059
WINFUT;14/10/2013;17:00:00;150585,91;150822,13;150502,53;150613,70;246340036,20;8601
WINFUT;14/10/2013;16:30:00;150321,89;150710,97;150210,73;150599,80;308230747,00;10912
WINFUT;14/10/2013;16:00:00;150002,30;150627,59;149766,07;150294,10;477506148,60;16914
WINFUT;14/10/2013;15:30:00;150071,77;150474,74;149849,44;150016,19;415254153,90;14703
WINFUT;14/10/2013;15:00:00;149793,86;150210,73;149724,38;150071,77;316845978,40;11243
WINFUT;14/10/2013;14:30:00;149001,82;149821,65;148960,13;149779,97;353947055,60;12564
WINFUT;14/10/2013;14:00:00;149196,35;149335,31;148932,34;149029,61;241004150,90;8542
WINFUT;14/10/2013;13:30:00;148654,43;149238,04;148571,06;149182,46;402637008,60;14260
WINFUT;14/10/2013;13:00:00;148237,56;148668,32;148168,08;148640,53;216158935,20;7663
WINFUT;14/10/2013;12:30:00;148001,34;148362,62;147987,44;148251,46;263264797,20;9360
WINFUT;14/10/2013;12:00:00;147584,47;148140,29;147459,41;147987,44;410168388,30;14523
WINFUT;14/10/2013;11:30:00;147389,93;147640,05;147250,98;147598,37;204709014,70;7302
WINFUT;14/10/2013;11:00:00;147195,40;147501,10;147028,65;147403,83;260263361,80;9285
WINFUT;14/10/2013;10:30:00;146653,47;147376,04;146542,31;147167,61;420867949,90;14994
WINFUT;14/10/2013;10:00:00;146917,49;146973,07;146389,46;146639,58;280523051,10;9991
WINFUT;14/10/2013;09:30:00;146722,95;147056,44;146695,16;146945,28;108496333,60;3855
WINFUT;14/10/2013;09:00:00;146667,37;147056,44;146639,58;146709,05;119140313,10;4200
WINFUT;11/10/2013;17:30:00;147514,99;147556,68;147292,67;147292,67;85707656,99;3006
WINFUT;11/10/2013;17:00:00;147348,25;147653,95;147292,67;147514,99;168830744,50;5972
WINFUT;11/10/2013;16:30:00;147223,19;147667,85;147042,55;147362,14;382460692,40;13602
WINFUT;11/10/2013;16:00:00;147070,34;147278,77;146820,22;147209,29;200568145,40;7151
WINFUT;11/10/2013;15:30:00;147153,71;147320,46;146917,49;147056,44;192925601,40;6871
WINFUT;11/10/2013;15:00:00;146806,32;147445,52;146625,68;147139,82;264320857,80;9401
WINFUT;11/10/2013;14:30:00;146736,84;147042,55;146583,99;146792,43;176362124,30;6278
WINFUT;11/10/2013;14:00:00;146945,28;147125,92;146570,10;146722,95;229248528,70;8162
WINFUT;11/10/2013;13:30:00;147153,71;147223,19;146875,80;146931,38;137148925,80;4883
WINFUT;11/10/2013;13:00:00;147014,76;147264,87;146764,64;147139,82;207543703,80;7384
WINFUT;11/10/2013;12:30:00;146472,83;147084,23;146445,04;147014,76;359894344,30;12803
WINFUT;11/10/2013;12:00:00;146194,92;146500,62;145958,69;146445,04;237780386,90;8480
WINFUT;11/10/2013;11:30:00;146903,59;146917,49;146055,96;146181,02;385517710,00;13743
WINFUT;11/10/2013;11:00:00;147306,56;147389,93;146653,47;146903,59;362089838,80;12885
WINFUT;11/10/2013;10:30:00;146931,38;147459,41;146361,67;147334,35;568438526,60;20255
WINFUT;11/10/2013;10:00:00;146639,58;147000,86;146556,20;146931,38;244283497,10;8713
WINFUT;11/10/2013;09:30:00;146695,16;146875,80;146570,10;146653,47;146181023,30;5215
WINFUT;11/10/2013;09:00:00;147250,98;147292,67;146653,47;146736,84;128978351,50;4561
WINFUT;10/10/2013;17:30:00;146625,68;146792,43;146542,31;146625,68;111136485,20;3889
WINFUT;10/10/2013;17:00:00;146778,53;146861,90;146583,99;146653,47;128422530,10;4558
WINFUT;10/10/2013;16:30:00;146736,84;146834,11;146500,62;146778,53;240837404,50;8577
WINFUT;10/10/2013;16:00:00;146125,44;147139,82;146097,65;146709,05;557600009,70;19818
WINFUT;10/10/2013;15:30:00;146194,92;146347,77;145791,95;146111,55;270573848,40;9638
WINFUT;10/10/2013;15:00:00;145819,74;146361,67;145791,95;146194,92;253065474,90;9008
WINFUT;10/10/2013;14:30:00;145680,78;146264,40;145639,10;145847,53;272296894,70;9696
WINFUT;10/10/2013;14:00:00;146431,14;146472,83;145472,35;145680,78;337939399,80;12085
WINFUT;10/10/2013;13:30:00;146208,81;146514,52;146167,13;146431,14;191813958,70;6816
WINFUT;10/10/2013;13:00:00;146417,25;146514,52;146042,07;146181,02;139566748,80;4992
WINFUT;10/10/2013;12:30:00;146208,81;146709,05;146139,34;146389,46;241198688,40;8621
WINFUT;10/10/2013;12:00:00;146570,10;146597,89;145944,80;146208,81;328962884,50;11726
WINFUT;10/10/2013;11:30:00;146375,56;147125,92;146278,29;146570,10;438848771,60;15607
WINFUT;10/10/2013;11:00:00;146528,41;146667,37;146028,17;146389,46;388797056,20;13870
WINFUT;10/10/2013;10:30:00;146639,58;146959,17;146125,44;146486,73;513189881,30;18294
WINFUT;10/10/2013;10:00:00;147014,76;147264,87;146514,52;146625,68;421034696,30;14950
WINFUT;10/10/2013;09:30:00;146848,01;147125,92;146764,64;147014,76;204709014,70;7275
WINFUT;10/10/2013;09:00:00;147362,14;147542,79;146778,53;146806,32;223467986,30;7900
WINFUT;09/10/2013;17:30:00;145722,47;145791,95;145583,52;145791,95;115777593,70;4110
WINFUT;09/10/2013;17:00:00;145639,10;145778,05;145555,72;145722,47;137315672,20;4907
WINFUT;09/10/2013;16:30:00;145847,53;146153,23;145555,72;145639,10;350473171,90;12538
WINFUT;09/10/2013;16:00:00;145778,05;146375,56;145750,26;145833,63;492652281,30;17581
WINFUT;09/10/2013;15:30:00;145333,40;145917,01;145263,92;145778,05;383544544,10;13725
WINFUT;09/10/2013;15:00:00;145041,59;145625,20;144721,99;145347,29;578026445,40;20711
WINFUT;09/10/2013;14:30:00;144416,29;145347,29;144402,39;145027,69;395466912,70;14164
WINFUT;09/10/2013;14:00:00;143388,02;144638,62;143318,54;144416,29;477256029,00;17124
WINFUT;09/10/2013;13:30:00;144124,48;144430,19;143276,86;143374,13;352335173,60;12631
WINFUT;09/10/2013;13:00:00;144652,51;144777,57;144096,69;144124,48;232833576,60;8360
WINFUT;09/10/2013;12:30:00;144277,34;144666,41;144193,96;144624,72;239197731,40;8576
WINFUT;09/10/2013;12:00:00;145222,23;145375,08;143957,74;144263,44;655646901,30;23479
WINFUT;09/10/2013;11:30:00;144680,31;145500,14;144652,51;145194,44;460053357,20;16473
WINFUT;09/10/2013;11:00:00;145111,07;145124,96;144638,62;144680,31;346054392,00;12421
WINFUT;09/10/2013;10:30:00;144888,74;145166,65;144569,14;145083,28;434096498,70;15549
WINFUT;09/10/2013;10:00:00;144763,68;145194,44;144694,20;144888,74;321987326,10;11535
WINFUT;09/10/2013;09:30:00;144777,57;144958,22;144638,62;144749,78;176862363,50;6348
WINFUT;09/10/2013;09:00:00;144235,65;144833,16;144235,65;144791,47;179030066,90;6392
WINFUT;08/10/2013;17:30:00;144263,44;144319,02;143971,63;143971,63;126004707,10;4503
WINFUT;08/10/2013;17:00:00;144402,39;144471,87;144180,07;144249,54;125726796,40;4505
WINFUT;08/10/2013;16:30:00;144569,14;144735,89;144305,13;144402,39;252009414,30;9037
WINFUT;08/10/2013;16:00:00;143971,63;144596,93;143818,78;144569,14;382877558,50;13710
WINFUT;08/10/2013;15:30:00;143777,10;144110,59;143568,66;143957,74;286109056,00;10268
WINFUT;08/10/2013;15:00:00;143790,99;143957,74;143304,65;143763,20;402664799,60;14466
WINFUT;08/10/2013;14:30:00;143916,05;144027,22;143596,45;143763,20;237252356,60;8523
WINFUT;08/10/2013;14:00:00;143652,04;143971,63;143346,33;143902,16;268517309,30;9644
WINFUT;08/10/2013;13:30:00;143415,81;143707,62;143276,86;143665,93;185060728,90;6638
WINFUT;08/10/2013;13:00:00;143457,50;143485,29;143207,38;143401,92;150849922,90;5425
WINFUT;08/10/2013;12:30:00;143693,72;143763,20;143054,53;143471,39;303450683,10;10892
WINFUT;08/10/2013;12:00:00;143693,72;143846,57;143235,17;143693,72;394271896,80;14152
WINFUT;08/10/2013;11:30:00;143943,84;144221,75;143596,45;143707,62;317040515,90;11384
WINFUT;08/10/2013;11:00:00;143971,63;144055,01;143471,39;143957,74;491068190,30;17624
WINFUT;08/10/2013;10:30:00;144944,32;145027,69;143763,20;143943,84;656202722,70;23526
WINFUT;08/10/2013;10:00:00;144332,92;144986,01;144319,02;144944,32;258790435,10;9276
WINFUT;08/10/2013;09:30:00;144555,25;144624,72;144207,86;144332,92;222411925,70;7950
WINFUT;08/10/2013;09:00:00;144485,77;144847,05;144457,98;144555,25;137871493,60;4932
WINFUT;07/10/2013;17:30:00;144305,13;144444,08;144124,48;144193,96;102965910,90;3665
WINFUT;07/10/2013;17:00:00;144499,66;144499,66;144013,32;144277,34;172582538,90;6177
WINFUT;07/10/2013;16:30:00;144402,39;144735,89;144221,75;144513,56;264404231,10;9473
WINFUT;07/10/2013;16:00:00;144513,56;144833,16;144291,23;144388,50;295002198,10;10571
WINFUT;07/10/2013;15:30:00;145097,17;145124,96;144388,50;144513,56;236307460,20;8466
WINFUT;07/10/2013;15:00:00;144958,22;145166,65;144541,35;145097,17;338328474,80;12119
WINFUT;07/10/2013;14:30:00;144430,19;144986,01;144416,29;144944,32;242838361,50;8686
WINFUT;07/10/2013;14:00:00;144666,41;144833,16;144096,69;144444,08;452577559,70;16209
WINFUT;07/10/2013;13:30:00;145472,35;145486,25;144541,35;144666,41;384989679,70;13769
WINFUT;07/10/2013;13:00:00;145833,63;145986,49;145444,56;145458,46;183949086,10;6581
WINFUT;07/10/2013;12:30:00;145819,74;146125,44;145694,68;145833,63;165523607,30;5921
WINFUT;07/10/2013;12:00:00;146125,44;146181,02;145791,95;145819,74;240531702,70;8587
WINFUT;07/10/2013;11:30:00;145833,63;146278,29;145639,10;146111,55;260652436,70;9320
WINFUT;07/10/2013;11:00:00;145833,63;146222,71;145708,58;145805,84;299393187,00;10718
WINFUT;07/10/2013;10:30:00;145319,50;146181,02;145124,96;145819,74;597202283,10;21344
WINFUT;07/10/2013;10:00:00;145180,54;145416,77;145027,69;145319,50;170748328,30;6117
WINFUT;07/10/2013;09:30:00;145361,19;145583,52;145069,38;145180,54;152044938,80;5456
WINFUT;07/10/2013;09:00:00;145055,48;145430,66;144930,43;145375,08;132118742,30;4727
WINFUT;04/10/2013;17:30:00;146264,40;146542,31;146181,02;146194,92;144652514,50;5115
WINFUT;04/10/2013;17:00:00;146236,61;146375,56;146153,23;146264,40;117806341,80;4203
WINFUT;04/10/2013;16:30:00;145917,01;146306,08;145736,37;146250,50;312871855,50;11149
WINFUT;04/10/2013;16:00:00;145625,20;146042,07;145597,41;145930,90;278577676,30;9965
WINFUT;04/10/2013;15:30:00;145416,77;145791,95;145263,92;145625,20;268211607,50;9603
WINFUT;04/10/2013;15:00:00;144833,16;145569,62;144763,68;145430,66;474004473,90;16936
WINFUT;04/10/2013;14:30:00;144749,78;144986,01;144569,14;144833,16;220438759,80;7896
WINFUT;04/10/2013;14:00:00;144888,74;144916,53;144569,14;144763,68;165968264,40;5951
WINFUT;04/10/2013;13:30:00;144930,43;144999,90;144763,68;144874,84;141984571,80;5094
WINFUT;04/10/2013;13:00:00;144541,35;144986,01;144319,02;144930,43;218938042,10;7860
WINFUT;04/10/2013;12:30:00;144291,23;144680,31;144221,75;144541,35;204931343,30;7347
WINFUT;04/10/2013;12:00:00;144916,53;144930,43;144180,07;144291,23;313316512,60;11243
WINFUT;04/10/2013;11:30:00;144471,87;145222,23;144374,60;144916,53;486510455,00;17423
WINFUT;04/10/2013;11:00:00;144457,98;144777,57;144249,54;144499,66;448353317,20;16079
WINFUT;04/10/2013;10:30:00;144041,11;144694,20;143902,16;144457,98;481230151,90;17266
WINFUT;04/10/2013;10:00:00;144721,99;144847,05;143957,74;144041,11;374401282,40;13412
WINFUT;04/10/2013;09:30:00;144902,63;145111,07;144596,93;144735,89;177056901,00;6343
WINFUT;04/10/2013;09:00:00;144652,51;145041,59;144569,14;144888,74;155129747,50;5544
WINFUT;03/10/2013;17:30:00;144777,57;144805,37;144374,60;144374,60;126365991,00;4507
WINFUT;03/10/2013;17:00:00;144874,84;144958,22;144721,99;144791,47;156797211,60;5607
WINFUT;03/10/2013;16:30:00;144902,63;145069,38;144652,51;144902,63;232027635,60;8304
WINFUT;03/10/2013;16:00:00;144902,63;145124,96;144624,72;144930,43;286942788,10;10273
WINFUT;03/10/2013;15:30:00;145152,75;145236,13;144583,04;144916,53;309203434,40;11070
WINFUT;03/10/2013;15:00:00;145472,35;145514,04;144735,89;145124,96;360366792,50;12910
WINFUT;03/10/2013;14:30:00;145611,31;145736,37;145208,34;145486,25;285052995,40;10197
WINFUT;03/10/2013;14:00:00;145375,08;145652,99;145069,38;145597,41;242421495,40;8693
WINFUT;03/10/2013;13:30:00;144986,01;145430,66;144902,63;145388,98;244144541,70;8750
WINFUT;03/10/2013;13:00:00;144944,32;145097,17;144819,26;144958,22;180419620,30;6473
WINFUT;03/10/2013;12:30:00;145486,25;145597,41;144666,41;144958,22;415754393,20;14909
WINFUT;03/10/2013;12:00:00;145847,53;146083,75;145388,98;145514,04;365230229,60;13060
WINFUT;03/10/2013;11:30:00;146181,02;146194,92;145555,72;145847,53;440544026,80;15772
WINFUT;03/10/2013;11:00:00;146639,58;146764,64;145805,84;146222,71;622353200,60;22181
WINFUT;03/10/2013;10:30:00;147264,87;147681,74;146570,10;146653,47;669709182,20;23783
WINFUT;03/10/2013;10:00:00;147042,55;147431,62;146695,16;147264,87;415754393,20;14806
WINFUT;03/10/2013;09:30:00;146681,26;147153,71;146611,78;147028,65;189507299,90;6741
WINFUT;03/10/2013;09:00:00;147153,71;147153,71;146389,46;146597,89;197261008,20;6990
WINFUT;02/10/2013;17:30:00;146889,70;147139,82;146848,01;146875,80;129867665,70;4580
WINFUT;02/10/2013;17:00:00;146834,11;146973,07;146639,58;146875,80;164689875,30;5868
WINFUT;02/10/2013;16:30:00;146486,73;147084,23;146431,14;146848,01;342163642,30;12190
WINFUT;02/10/2013;16:00:00;146611,78;146820,22;146278,29;146458,93;303339518,80;10809
WINFUT;02/10/2013;15:30:00;147195,40;147320,46;146431,14;146597,89;413142032,70;14715
WINFUT;02/10/2013;15:00:00;147223,19;147514,99;147098,13;147209,29;204180984,40;7277
WINFUT;02/10/2013;14:30:00;147556,68;147681,74;147167,61;147223,19;202485729,20;7224
WINFUT;02/10/2013;14:00:00;147487,20;147681,74;147376,04;147570,58;183698966,50;6554
WINFUT;02/10/2013;13:30:00;147070,34;147501,10;147056,44;147445,52;174861406,50;6237
WINFUT;02/10/2013;13:00:00;147403,83;147681,74;146903,59;147070,34;227136407,40;8103
WINFUT;02/10/2013;12:30:00;147445,52;147709,53;147376,04;147389,93;159298407,90;5671
WINFUT;02/10/2013;12:00:00;147542,79;147751,22;147292,67;147431,62;254788521,20;9093
WINFUT;02/10/2013;11:30:00;146639,58;147570,58;146403,35;147528,89;564325448,40;20129
WINFUT;02/10/2013;11:00:00;146709,05;146806,32;146069,86;146667,37;435263723,60;15519
WINFUT;02/10/2013;10:30:00;146250,50;146820,22;146055,96;146722,95;578165400,80;20596
WINFUT;02/10/2013;10:00:00;146069,86;146695,16;145917,01;146250,50;437403636,00;15567
WINFUT;02/10/2013;09:30:00;146111,55;146292,19;145736,37;146083,75;242671615,00;8656
WINFUT;02/10/2013;09:00:00;146181,02;146333,87;145930,90;146125,44;146681262,50;5179
WINFUT;01/10/2013;17:30:00;146695,16;147070,34;146695,16;146875,80;97379905,99;3442
WINFUT;01/10/2013;17:00:00;146695,16;147014,76;146458,93;146695,16;242866152,50;8585
WINFUT;01/10/2013;16:30:00;146000,38;146722,95;146000,38;146722,95;347499527,50;12340
WINFUT;01/10/2013;16:00:00;145791,95;146083,75;145736,37;146014,28;215575322,70;7694
WINFUT;01/10/2013;15:30:00;145305,60;145972,59;145277,81;145805,84;262959095,50;9417
WINFUT;01/10/2013;15:00:00;146083,75;146111,55;145166,65;145277,81;380654272,90;13600
WINFUT;01/10/2013;14:30:00;146125,44;146181,02;145764,16;146069,86;254732939,00;9094
WINFUT;01/10/2013;14:00:00;145666,89;146333,87;145639,10;146097,65;247451678,90;8832
WINFUT;01/10/2013;13:30:00;145680,78;145750,26;145444,56;145694,68;125337721,50;4487
WINFUT;01/10/2013;13:00:00;145972,59;146111,55;145500,14;145625,20;216686965,50;7730
WINFUT;01/10/2013;12:30:00;145861,43;146236,61;145708,58;145972,59;201735370,30;7196
WINFUT;01/10/2013;12:00:00;145736,37;146153,23;145611,31;145875,32;330741512,90;11804
WINFUT;01/10/2013;11:30:00;145291,71;145819,74;145222,23;145736,37;363034735,20;13003
WINFUT;01/10/2013;11:00:00;145277,81;145569,62;144888,74;145277,81;487177440,60;17406
WINFUT;01/10/2013;10:30:00;143985,53;145305,60;143596,45;145152,75;675211813,90;24205
WINFUT;01/10/2013;10:00:00;144444,08;144860,95;143763,20;143971,63;527780192,50;18899
WINFUT;01/10/2013;09:30:00;144930,43;145097,17;144152,28;144471,87;303395100,90;10849
WINFUT;01/10/2013;09:00:00;144485,77;145013,80;144485,77;144958,22;117472848,90;4206
WINFUT;30/09/2013;17:30:00;144332,92;144694,20;144263,44;144263,44;109218901,40;3881
WINFUT;30/09/2013;17:00:00;144027,22;144638,62;143985,53;144346,81;184143623,60;6569
WINFUT;30/09/2013;16:30:00;144819,26;144986,01;144027,22;144027,22;308175164,80;10986
WINFUT;30/09/2013;16:00:00;145055,48;145069,38;144596,93;144791,47;230332380,40;8207
WINFUT;30/09/2013;15:30:00;145472,35;145555,72;144944,32;145055,48;181725800,60;6506
WINFUT;30/09/2013;15:00:00;145986,49;146111,55;145208,34;145444,56;281634693,90;10015
WINFUT;30/09/2013;14:30:00;146236,61;146375,56;145917,01;146000,38;191146973,00;6808
WINFUT;30/09/2013;14:00:00;145944,80;146375,56;145944,80;146222,71;189924166,00;6764
WINFUT;30/09/2013;13:30:00;145847,53;146125,44;145805,84;145930,90;122391868,10;4384
WINFUT;30/09/2013;13:00:00;146000,38;146028,17;145778,05;145833,63;103077075,10;3690
WINFUT;30/09/2013;12:30:00;145986,49;146125,44;145597,41;146000,38;255399924,70;9141
WINFUT;30/09/2013;12:00:00;146181,02;146292,19;145930,90;145972,59;180530784,60;6447
WINFUT;30/09/2013;11:30:00;146028,17;146389,46;145875,32;146181,02;252926519,50;9017
WINFUT;30/09/2013;11:00:00;146139,34;146333,87;145680,78;146000,38;427398851,10;15294
WINFUT;30/09/2013;10:30:00;146236,61;146903,59;145917,01;146153,23;521249291,30;18578
WINFUT;30/09/2013;10:00:00;146611,78;146667,37;146042,07;146236,61;382544065,60;13661
WINFUT;30/09/2013;09:30:00;146681,26;147028,65;146500,62;146625,68;178668783,00;6375
WINFUT;30/09/2013;09:00:00;146736,84;146959,17;146403,35;146681,26;125087601,80;4438
WINFUT;27/09/2013;17:30:00;148251,46;148320,94;148029,13;148029,13;138177195,40;4815
WINFUT;27/09/2013;17:00:00;148529,37;148682,22;148168,08;148251,46;173805345,90;6124
WINFUT;27/09/2013;16:30:00;149085,19;149224,15;148348,73;148557,16;342163642,30;12033
WINFUT;27/09/2013;16:00:00;149238,04;149363,10;149001,82;149057,40;171220776,50;6053
WINFUT;27/09/2013;15:30:00;148932,34;149488,16;148862,86;149251,94;270546057,30;9569
WINFUT;27/09/2013;15:00:00;148807,28;149251,94;148710,01;148932,34;215603113,80;7643
WINFUT;27/09/2013;14:30:00;148626,64;149015,71;148571,06;148807,28;203930864,80;7233
WINFUT;27/09/2013;14:00:00;149043,50;149126,88;148487,68;148640,53;259624167,20;9178
WINFUT;27/09/2013;13:30:00;149224,15;149349,21;148751,70;149057,40;191675003,30;6777
WINFUT;27/09/2013;13:00:00;149307,52;149335,31;149015,71;149224,15;110219379,90;3923
WINFUT;27/09/2013;12:30:00;149363,10;149585,43;149001,82;149321,41;251814876,80;8891
WINFUT;27/09/2013;12:00:00;149154,67;149377,00;148779,49;149349,21;278883378,00;9883
WINFUT;27/09/2013;11:30:00;149432,58;149710,49;148918,44;149126,88;342413761,90;12079
WINFUT;27/09/2013;11:00:00;148862,86;149863,34;148654,43;149432,58;554070543,90;19594
WINFUT;27/09/2013;10:30:00;148654,43;149085,19;148487,68;148876,76;579193670,30;20565
WINFUT;27/09/2013;10:00:00;148084,71;148821,17;147917,97;148654,43;419117112,50;14897
WINFUT;27/09/2013;09:30:00;147834,59;148334,83;147570,58;148098,61;258873808,30;9178
WINFUT;27/09/2013;09:00:00;147848,49;148126,40;147653,95;147806,80;158242347,20;5559
WINFUT;26/09/2013;17:30:00;148696,12;149210,25;148626,64;149210,25;173555226,30;6074
WINFUT;26/09/2013;17:00:00;148696,12;148821,17;148543,26;148682,22;178807738,30;6302
WINFUT;26/09/2013;16:30:00;148515,47;148765,59;148459,89;148682,22;193286885,30;6845
WINFUT;26/09/2013;16:00:00;148612,74;148654,43;148390,41;148487,68;179891590,00;6381
WINFUT;26/09/2013;15:30:00;148251,46;148682,22;148154,19;148626,64;255205387,20;9039
WINFUT;26/09/2013;15:00:00;148251,46;148557,16;148043,02;148279,25;282857500,90;10041
WINFUT;26/09/2013;14:30:00;148501,58;148598,85;148154,19;148265,35;216881503,00;7698
WINFUT;26/09/2013;14:00:00;148974,03;149043,50;148487,68;148501,58;172832658,50;6148
WINFUT;26/09/2013;13:30:00;148696,12;149071,29;148598,85;148960,13;185283057,40;6566
WINFUT;26/09/2013;13:00:00;148501,58;148737,80;148279,25;148710,01;164912203,80;5854
WINFUT;26/09/2013;12:30:00;148501,58;148682,22;148223,67;148487,68;195287842,30;6935
WINFUT;26/09/2013;12:00:00;148640,53;148640,53;147931,86;148501,58;557349890,00;19796
WINFUT;26/09/2013;11:30:00;149960,61;150196,83;148473,79;148640,53;584390600,20;20715
WINFUT;26/09/2013;11:00:00;150294,10;150669,28;149877,24;149960,61;441933580,20;15629
WINFUT;26/09/2013;10:30:00;149849,44;150377,47;149682,70;150335,79;347999766,80;12331
WINFUT;26/09/2013;10:00:00;150349,68;150474,74;149835,55;149849,44;329685452,30;11687
WINFUT;26/09/2013;09:30:00;150224,62;150502,53;150127,36;150335,79;161605066,60;5722
WINFUT;26/09/2013;09:00:00;150599,80;150599,80;150099,56;150252,41;118723447,00;4184
WINFUT;25/09/2013;17:30:00;150544,22;150627,59;150446,95;150488,64;81900280,52;2839
WINFUT;25/09/2013;17:00:00;150558,12;150627,59;150377,47;150572,01;104216509,00;3656
WINFUT;25/09/2013;16:30:00;149793,86;150655,39;149793,86;150516,43;283830188,30;9995
WINFUT;25/09/2013;16:00:00;149988,40;150308,00;149557,64;149807,76;277382660,30;9798
WINFUT;25/09/2013;15:30:00;150294,10;150349,68;149905,03;149946,71;174750242,30;6198
WINFUT;25/09/2013;15:00:00;150182,94;150488,64;150127,36;150266,31;267072173,70;9440
WINFUT;25/09/2013;14:30:00;150196,83;150210,73;149779,97;150169,04;311871377,00;11022
WINFUT;25/09/2013;14:00:00;150446,95;150558,12;150057,88;150210,73;179947172,20;6362
WINFUT;25/09/2013;13:30:00;150335,79;150516,43;150252,41;150433,06;113915592,10;4049
WINFUT;25/09/2013;13:00:00;150446,95;150585,91;150169,04;150349,68;198733934,90;7020
WINFUT;25/09/2013;12:30:00;150460,85;150752,65;150419,16;150446,95;267850323,60;9419
WINFUT;25/09/2013;12:00:00;149543,74;150502,53;149446,47;150474,74;404943667,30;14321
WINFUT;25/09/2013;11:30:00;149738,28;149766,07;149390,89;149543,74;239030985,00;8493
WINFUT;25/09/2013;11:00:00;149891,13;149946,71;149154,67;149752,18;589531948,00;20909
WINFUT;25/09/2013;10:30:00;150877,71;151058,36;149682,70;149821,65;713924773,10;25219
WINFUT;25/09/2013;10:00:00;150585,91;150988,88;150377,47;150891,61;283135411,60;9966
WINFUT;25/09/2013;09:30:00;150544,22;150766,55;150391,37;150599,80;129089515,80;4556
WINFUT;25/09/2013;09:00:00;150377,47;150710,97;150294,10;150530,33;111998008,30;3927
WINFUT;24/09/2013;17:30:00;150558,12;150849,92;150544,22;150849,92;102493462,70;3557
WINFUT;24/09/2013;17:00:00;150752,65;150822,13;150502,53;150572,01;124142705,50;4359
WINFUT;24/09/2013;16:30:00;151030,56;151058,36;150641,49;150766,55;253287803,40;8907
WINFUT;24/09/2013;16:00:00;151086,15;151169,52;150836,03;151030,56;175806302,90;6198
WINFUT;24/09/2013;15:30:00;150947,19;151211,21;150794,34;151100,04;174611286,90;6166
WINFUT;24/09/2013;15:00:00;150863,82;151266,79;150724,86;150974,98;256400403,20;9002
WINFUT;24/09/2013;14:30:00;150891,61;151100,04;150460,85;150891,61;268044861,10;9478
WINFUT;24/09/2013;14:00:00;151183,42;151225,10;150544,22;150905,51;272574805,40;9610
WINFUT;24/09/2013;13:30:00;150419,16;151308,48;150419,16;151169,52;338634176,50;11934
WINFUT;24/09/2013;13:00:00;150405,27;150558,12;150071,77;150405,27;163661605,70;5773
WINFUT;24/09/2013;12:30:00;150613,70;150697,07;150155,15;150419,16;200206861,50;7071
WINFUT;24/09/2013;12:00:00;150641,49;150849,92;150363,58;150627,59;280161767,20;9831
WINFUT;24/09/2013;11:30:00;150196,83;150724,86;149835,55;150641,49;324738642,00;11485
WINFUT;24/09/2013;11:00:00;149877,24;150294,10;149599,32;150182,94;420756785,60;14892
WINFUT;24/09/2013;10:30:00;150474,74;150613,70;149710,49;149891,13;587392035,70;20713
WINFUT;24/09/2013;10:00:00;150724,86;151127,83;150377,47;150488,64;365396976,00;12897
WINFUT;24/09/2013;09:30:00;150502,53;150822,13;150502,53;150738,76;106161883,80;3698
WINFUT;24/09/2013;09:00:00;150155,15;150530,33;149960,61;150516,43;107607019,40;3741
WINFUT;23/09/2013;17:30:00;150933,30;151141,73;150877,71;150877,71;102743582,30;3572
WINFUT;23/09/2013;17:00:00;150836,03;151072,25;150724,86;150947,19;129061724,70;4543
WINFUT;23/09/2013;16:30:00;150697,07;150988,88;150530,33;150836,03;240170418,80;8420
WINFUT;23/09/2013;16:00:00;151280,68;151322,37;150613,70;150710,97;255010849,70;8964
WINFUT;23/09/2013;15:30:00;150863,82;151364,06;150752,65;151294,58;271629909,00;9534
WINFUT;23/09/2013;15:00:00;150933,30;151183,42;150724,86;150849,92;275131583,70;9663
WINFUT;23/09/2013;14:30:00;150433,06;151016,67;150308,00;150933,30;264904470,30;9319
WINFUT;23/09/2013;14:00:00;150502,53;150655,39;150210,73;150433,06;237224565,50;8368
WINFUT;23/09/2013;13:30:00;150280,21;150599,80;150071,77;150516,43;239642388,50;8433
WINFUT;23/09/2013;13:00:00;149613,22;150294,10;149613,22;150266,31;197261008,20;6927
WINFUT;23/09/2013;12:30:00;149029,61;149696,59;148848,97;149654,91;230832619,60;8160
WINFUT;23/09/2013;12:00:00;149946,71;150127,36;148918,44;149043,50;367787008,00;13047
WINFUT;23/09/2013;11:30:00;150266,31;150460,85;149849,44;149932,82;260652436,70;9210
WINFUT;23/09/2013;11:00:00;149793,86;150697,07;149724,38;150280,21;447686331,50;15793
WINFUT;23/09/2013;10:30:00;149891,13;149960,61;149363,10;149766,07;492068668,80;17448
WINFUT;23/09/2013;10:00:00;149515,95;150085,67;149446,47;149905,03;308202955,90;10863
WINFUT;23/09/2013;09:30:00;149377,00;149724,38;149251,94;149474,26;151933774,60;5387
WINFUT;23/09/2013;09:00:00;148543,26;149502,06;148459,89;149363,10;146458934,00;5181
WINFUT;20/09/2013;17:30:00;149057,40;149099,09;148821,17;148960,13;117000400,70;4071
WINFUT;20/09/2013;17:00:00;148821,17;149196,35;148765,59;149099,09;179113440,10;6305
WINFUT;20/09/2013;16:30:00;149210,25;149404,79;148459,89;148848,97;432540198,90;15274
WINFUT;20/09/2013;16:00:00;149641,01;149696,59;149029,61;149210,25;283663441,90;10052
WINFUT;20/09/2013;15:30:00;149863,34;150030,09;149613,22;149627,12;189590673,10;6740
WINFUT;20/09/2013;15:00:00;149766,07;149891,13;149418,68;149877,24;272936089,30;9686
WINFUT;20/09/2013;14:30:00;149724,38;150043,98;149613,22;149793,86;238808656,40;8458
WINFUT;20/09/2013;14:00:00;149752,18;149905,03;149543,74;149668,80;196204947,60;6976
WINFUT;20/09/2013;13:30:00;149835,55;149988,40;149668,80;149766,07;131590712,00;4675
WINFUT;20/09/2013;13:00:00;149946,71;150057,88;149654,91;149835,55;249452635,90;8835
WINFUT;20/09/2013;12:30:00;150391,37;150391,37;149821,65;149932,82;278827795,90;9879
WINFUT;20/09/2013;12:00:00;150627,59;150822,13;150071,77;150363,58;273742030,30;9652
WINFUT;20/09/2013;11:30:00;150419,16;150822,13;150294,10;150627,59;236474206,60;8395
WINFUT;20/09/2013;11:00:00;150849,92;150919,40;150266,31;150419,16;309953793,20;11012
WINFUT;20/09/2013;10:30:00;152058,83;152114,42;150433,06;150863,82;686411614,80;24176
WINFUT;20/09/2013;10:00:00;151683,65;152267,27;151377,95;152072,73;366758738,40;12916
WINFUT;20/09/2013;09:30:00;151377,95;151739,24;151336,27;151697,55;158909332,90;5595
WINFUT;20/09/2013;09:00:00;151822,61;152100,52;151183,42;151377,95;189340553,50;6658
WINFUT;19/09/2013;17:30:00;152100,52;152225,58;152017,15;152044,94;88514554,96;3055
WINFUT;19/09/2013;17:00:00;151975,46;152295,06;151947,67;152114,42;149154667,70;5212
WINFUT;19/09/2013;16:30:00;152072,73;152128,31;151628,07;152017,15;256039119,30;9021
WINFUT;19/09/2013;16:00:00;151822,61;152253,37;151794,82;152072,73;245367348,70;8629
WINFUT;19/09/2013;15:30:00;151516,91;151864,30;151322,37;151808,71;301005069,00;10617
WINFUT;19/09/2013;15:00:00;151753,13;152072,73;151461,33;151530,80;227330944,90;8009
WINFUT;19/09/2013;14:30:00;152086,63;152350,64;151628,07;151767,03;304729072,30;10732
WINFUT;19/09/2013;14:00:00;152489,60;152614,66;151933,77;152072,73;216964876,20;7618
WINFUT;19/09/2013;13:30:00;152878,67;152948,15;152406,22;152489,60;138455106,10;4921
WINFUT;19/09/2013;13:00:00;152739,72;153490,07;152503,49;152906,46;340440596,00;11864
WINFUT;19/09/2013;12:30:00;152711,92;152948,15;152642,45;152753,61;196594022,50;6936
WINFUT;19/09/2013;12:00:00;152642,45;152767,51;152239,48;152698,03;199067427,70;7055
WINFUT;19/09/2013;11:30:00;152600,76;152739,72;152197,79;152656,34;336661010,60;11910
WINFUT;19/09/2013;11:00:00;152559,07;153017,63;152420,12;152642,45;301616472,50;10654
WINFUT;19/09/2013;10:30:00;152836,98;153392,81;152322,85;152572,97;497487927,30;17467
WINFUT;19/09/2013;10:00:00;153323,33;153503,97;152781,40;152809,19;256872851,30;8917
WINFUT;19/09/2013;09:30:00;153517,87;153615,13;153226,06;153323,33;106689914,10;3705
WINFUT;19/09/2013;09:00:00;153253,85;153712,40;153128,79;153573,45;195843663,70;6689
WINFUT;18/09/2013;17:30:00;153017,63;153545,66;152989,84;153545,66;184199205,70;6254
WINFUT;18/09/2013;17:00:00;152795,30;153142,69;152642,45;153017,63;215102874,50;7424
WINFUT;18/09/2013;16:30:00;152656,34;153531,76;152600,76;152767,51;568382944,40;19771
WINFUT;18/09/2013;16:00:00;151975,46;152795,30;151794,82;152684,13;550930153,10;19429
WINFUT;18/09/2013;15:30:00;151072,25;152156,10;150669,28;152003,25;640250649,00;22643
WINFUT;18/09/2013;15:00:00;148737,80;151739,24;148737,80;151072,25;1257434711,00;44196
WINFUT;18/09/2013;14:30:00;149112,98;149293,62;148626,64;148737,80;230415753,60;8145
WINFUT;18/09/2013;14:00:00;148848,97;149251,94;148793,38;149099,09;220383177,70;7826
WINFUT;18/09/2013;13:30:00;148446,00;148987,92;148446,00;148848,97;199539875,90;7109
WINFUT;18/09/2013;13:00:00;148765,59;148765,59;148251,46;148446,00;162939037,90;5797
WINFUT;18/09/2013;12:30:00;148668,32;148862,86;148487,68;148779,49;158937124,00;5654
WINFUT;18/09/2013;12:00:00;148821,17;148848,97;148418,20;148682,22;221050163,30;7840
WINFUT;18/09/2013;11:30:00;148793,38;149085,19;148543,26;148821,17;258401360,10;9199
WINFUT;18/09/2013;11:00:00;149210,25;149279,73;148640,53;148779,49;256761687,10;9110
WINFUT;18/09/2013;10:30:00;149029,61;149349,21;148682,22;149196,35;397162168,00;14088
WINFUT;18/09/2013;10:00:00;148557,16;149140,77;148362,62;149029,61;281440156,40;9984
WINFUT;18/09/2013;09:30:00;148473,79;148793,38;148320,94;148529,37;156713838,40;5582
WINFUT;18/09/2013;09:00:00;148668,32;148848,97;148154,19;148459,89;139983614,90;4921
WINFUT;17/09/2013;17:30:00;148807,28;149071,29;148737,80;149071,29;115360727,70;4044
WINFUT;17/09/2013;17:00:00;148668,32;148960,13;148473,79;148821,17;195065513,70;6858
WINFUT;17/09/2013;16:30:00;148293,14;148821,17;147973,55;148668,32;422535414,00;14906
WINFUT;17/09/2013;16:00:00;147806,80;148376,52;147806,80;148307,04;258929390,40;9191
WINFUT;17/09/2013;15:30:00;147834,59;148043,02;147640,05;147779,01;248229828,90;8796
WINFUT;17/09/2013;15:00:00;147653,95;147945,76;147473,31;147834,59;362840197,70;12875
WINFUT;17/09/2013;14:30:00;148181,98;148251,46;147626,16;147667,85;200568145,40;7134
WINFUT;17/09/2013;14:00:00;148223,67;148515,47;148070,82;148181,98;224329509,50;7969
WINFUT;17/09/2013;13:30:00;147709,53;148293,14;147598,37;148223,67;218271056,40;7739
WINFUT;17/09/2013;13:00:00;148112,50;148168,08;147667,85;147723,43;185199684,20;6568
WINFUT;17/09/2013;12:30:00;148070,82;148237,56;147945,76;148098,61;142734930,70;5071
WINFUT;17/09/2013;12:00:00;148001,34;148195,88;147792,91;148070,82;195343424,40;6958
WINFUT;17/09/2013;11:30:00;148209,77;148390,41;147862,38;148001,34;313316512,60;11135
WINFUT;17/09/2013;11:00:00;147209,29;148320,94;147070,34;148209,77;476366714,80;16913
WINFUT;17/09/2013;10:30:00;146653,47;147709,53;146639,58;147209,29;567271301,70;20199
WINFUT;17/09/2013;10:00:00;146556,20;146806,32;146153,23;146653,47;301949965,40;10783
WINFUT;17/09/2013;09:30:00;146458,93;146597,89;146222,71;146556,20;110830783,40;3952
WINFUT;17/09/2013;09:00:00;146861,90;146861,90;146306,08;146403,35;114638159,90;4077
WINFUT;16/09/2013;17:30:00;146875,80;147125,92;146750,74;146875,80;124142705,50;4371
WINFUT;16/09/2013;17:00:00;146792,43;147139,82;146667,37;146875,80;165190114,50;5851
WINFUT;16/09/2013;16:30:00;146722,95;146903,59;146597,89;146792,43;190007539,20;6774
WINFUT;16/09/2013;16:00:00;146681,26;146861,90;146542,31;146722,95;160159931,00;5719
WINFUT;16/09/2013;15:30:00;146556,20;146764,64;146097,65;146695,16;385962367,10;13772
WINFUT;16/09/2013;15:00:00;147014,76;147014,76;146347,77;146583,99;319319383,50;11402
WINFUT;16/09/2013;14:30:00;147125,92;147348,25;146667,37;147028,65;317401799,80;11308
WINFUT;16/09/2013;14:00:00;147959,65;147973,55;147084,23;147125,92;286553713,10;10187
WINFUT;16/09/2013;13:30:00;148084,71;148195,88;147792,91;147973,55;108135049,70;3863
WINFUT;16/09/2013;13:00:00;148293,14;148432,10;147987,44;148084,71;135898327,70;4838
WINFUT;16/09/2013;12:30:00;147890,17;148348,73;147876,28;148279,25;159993184,60;5685
WINFUT;16/09/2013;12:00:00;148112,50;148112,50;147723,43;147890,17;248702277,00;8787
WINFUT;16/09/2013;11:30:00;148571,06;148821,17;147987,44;148098,61;332825843,10;11804
WINFUT;16/09/2013;11:00:00;148612,74;148737,80;148307,04;148598,85;244144541,70;8688
WINFUT;16/09/2013;10:30:00;149071,29;149182,46;148432,10;148626,64;351334695,10;12532
WINFUT;16/09/2013;10:00:00;149168,56;149404,79;148710,01;149071,29;242310331,10;8572
WINFUT;16/09/2013;09:30:00;149154,67;149279,73;149057,40;149154,67;98630504,10;3510
WINFUT;16/09/2013;09:00:00;149363,10;149432,58;148862,86;149112,98;183226518,30;6451
WINFUT;13/09/2013;17:30:00;147626,16;147792,91;147376,04;147792,91;121585927,10;4258
WINFUT;13/09/2013;17:00:00;147376,04;147667,85;147042,55;147626,16;174444540,50;6154
WINFUT;13/09/2013;16:30:00;146861,90;147389,93;146736,84;147348,25;242504868,60;8626
WINFUT;13/09/2013;16:00:00;146973,07;147028,65;146778,53;146848,01;120613239,70;4298
WINFUT;13/09/2013;15:30:00;146848,01;147167,61;146820,22;146986,96;130423487,10;4649
WINFUT;13/09/2013;15:00:00;146959,17;147250,98;146667,37;146861,90;298114797,80;10601
WINFUT;13/09/2013;14:30:00;146153,23;146959,17;145903,11;146959,17;306868984,60;10923
WINFUT;13/09/2013;14:00:00;146361,67;146458,93;146083,75;146153,23;115722011,60;4137
WINFUT;13/09/2013;13:30:00;146292,19;146514,52;146167,13;146361,67;116444579,40;4160
WINFUT;13/09/2013;13:00:00;146389,46;146556,20;146014,28;146292,19;167719101,80;5968
WINFUT;13/09/2013;12:30:00;146222,71;146514,52;146167,13;146361,67;162494380,80;5806
WINFUT;13/09/2013;12:00:00;146083,75;146597,89;146083,75;146222,71;349028036,30;12438
WINFUT;13/09/2013;11:30:00;146014,28;146153,23;145652,99;146083,75;221467029,40;7915
WINFUT;13/09/2013;11:00:00;145430,66;146264,40;145222,23;146014,28;471781188,40;16854
WINFUT;13/09/2013;10:30:00;144930,43;145680,78;144666,41;145444,56;463249330,20;16576
WINFUT;13/09/2013;10:00:00;145597,41;145778,05;144888,74;144916,53;351668187,90;12558
WINFUT;13/09/2013;09:30:00;145375,08;145694,68;145250,02;145583,52;136537522,30;4891
WINFUT;13/09/2013;09:00:00;145527,93;145791,95;145208,34;145375,08;139455584,60;4967
WINFUT;12/09/2013;17:30:00;145680,78;146014,28;145597,41;146014,28;98769459,44;3501
WINFUT;12/09/2013;17:00:00;145458,46;145972,59;145444,56;145680,78;227053034,20;8105
WINFUT;12/09/2013;16:30:00;145514,04;145569,62;145152,75;145444,56;228275841,30;8180
WINFUT;12/09/2013;16:00:00;145527,93;145652,99;145124,96;145514,04;250258576,90;8963
WINFUT;12/09/2013;15:30:00;144999,90;145583,52;144791,47;145514,04;287276280,90;10291
WINFUT;12/09/2013;15:00:00;145138,86;145194,44;144694,20;144986,01;198428233,10;7113
WINFUT;12/09/2013;14:30:00;145152,75;145263,92;144819,26;145111,07;191063599,80;6857
WINFUT;12/09/2013;14:00:00;144805,37;145250,02;144624,72;145166,65;197344381,40;7077
WINFUT;12/09/2013;13:30:00;144860,95;144930,43;144471,87;144819,26;235640474,60;8458
WINFUT;12/09/2013;13:00:00;145166,65;145250,02;144652,51;144847,05;249035769,90;8940
WINFUT;12/09/2013;12:30:00;145402,87;145583,52;144902,63;145124,96;313955707,20;11242
WINFUT;12/09/2013;12:00:00;146028,17;146139,34;145277,81;145444,56;300338083,30;10748
WINFUT;12/09/2013;11:30:00;146028,17;146250,50;145791,95;146028,17;205459373,60;7358
WINFUT;12/09/2013;11:00:00;146319,98;146347,77;145694,68;146014,28;309481345,10;11091
WINFUT;12/09/2013;10:30:00;146986,96;147000,86;145847,53;146319,98;547484060,50;19567
WINFUT;12/09/2013;10:00:00;146764,64;147250,98;146250,50;146986,96;445296299,60;15827
WINFUT;12/09/2013;09:30:00;146403,35;147014,76;146292,19;146764,64;177056901,00;6327
WINFUT;12/09/2013;09:00:00;146458,93;146848,01;146264,40;146361,67;116083295,50;4123
WINFUT;11/09/2013;17:30:00;146375,56;146875,80;146375,56;146875,80;123614675,20;4364
WINFUT;11/09/2013;17:00:00;146069,86;146458,93;145903,11;146375,56;146709053,60;5214
WINFUT;11/09/2013;16:30:00;145625,20;146181,02;145583,52;146055,96;284691711,50;10170
WINFUT;11/09/2013;16:00:00;145861,43;146278,29;145486,25;145639,10;345998809,80;12383
WINFUT;11/09/2013;15:30:00;145889,22;146153,23;145583,52;145861,43;299837844,10;10707
WINFUT;11/09/2013;15:00:00;146986,96;146986,96;145652,99;145847,53;561157266,50;19994
WINFUT;11/09/2013;14:30:00;147403,83;147584,47;146917,49;146959,17;281773649,20;10035
WINFUT;11/09/2013;14:00:00;147765,11;147834,59;147209,29;147431,62;199428711,60;7103
WINFUT;11/09/2013;13:30:00;147334,35;147834,59;147139,82;147765,11;191230346,20;6832
WINFUT;11/09/2013;13:00:00;147403,83;147709,53;147070,34;147334,35;211628990,90;7527
WINFUT;11/09/2013;12:30:00;147389,93;147723,43;147320,46;147403,83;246784693,30;8794
WINFUT;11/09/2013;12:00:00;147014,76;147487,20;147000,86;147417,73;338995460,40;12071
WINFUT;11/09/2013;11:30:00;146722,95;147167,61;146264,40;147000,86;479090239,60;17095
WINFUT;11/09/2013;11:00:00;147473,31;147779,01;146611,78;146736,84;515496540,00;18373
WINFUT;11/09/2013;10:30:00;147806,80;148251,46;147431,62;147473,31;522055232,30;18588
WINFUT;11/09/2013;10:00:00;147042,55;148098,61;147028,65;147806,80;361756346,00;12838
WINFUT;11/09/2013;09:30:00;147473,31;147514,99;147000,86;147042,55;175139317,20;6235
WINFUT;11/09/2013;09:00:00;147042,55;147640,05;146959,17;147473,31;154212642,20;5460
WINFUT;10/09/2013;17:30:00;147765,11;147904,07;147626,16;147904,07;93155663,49;3259
WINFUT;10/09/2013;17:00:00;147459,41;147792,91;147292,67;147765,11;143818782,40;5101
WINFUT;10/09/2013;16:30:00;147445,52;147556,68;146848,01;147459,41;346026600,90;12339
WINFUT;10/09/2013;16:00:00;147640,05;147876,28;147431,62;147445,52;246173289,70;8760
WINFUT;10/09/2013;15:30:00;147403,83;147681,74;147042,55;147640,05;292084135,80;10400
WINFUT;10/09/2013;15:00:00;147904,07;147904,07;146820,22;147417,73;554626365,30;19745
WINFUT;10/09/2013;14:30:00;148557,16;148612,74;147834,59;147904,07;388102279,40;13773
WINFUT;10/09/2013;14:00:00;148487,68;148765,59;148348,73;148529,37;225357779,00;8037
WINFUT;10/09/2013;13:30:00;149126,88;149307,52;148418,20;148487,68;238475163,60;8473
WINFUT;10/09/2013;13:00:00;149029,61;149377,00;148890,65;149126,88;137204508,00;4886
WINFUT;10/09/2013;12:30:00;149015,71;149307,52;148807,28;149043,50;215352994,20;7660
WINFUT;10/09/2013;12:00:00;148737,80;149071,29;148571,06;149015,71;209433496,40;7476
WINFUT;10/09/2013;11:30:00;148640,53;148821,17;148293,14;148723,91;287026161,30;10231
WINFUT;10/09/2013;11:00:00;148946,23;149112,98;148515,47;148626,64;329518705,90;11720
WINFUT;10/09/2013;10:30:00;148765,59;149182,46;148181,98;148918,44;444129074,70;15809
WINFUT;10/09/2013;10:00:00;149029,61;149029,61;148307,04;148779,49;347360572,20;12361
WINFUT;10/09/2013;09:30:00;149182,46;149349,21;148821,17;149029,61;200318025,80;7120
WINFUT;10/09/2013;09:00:00;148960,13;149585,43;148821,17;149196,35;191035808,70;6736
WINFUT;09/09/2013;17:30:00;147987,44;148098,61;147820,70;147987,44;126588319,60;4432
WINFUT;09/09/2013;17:00:00;148487,68;148501,58;147904,07;147931,86;200151279,40;7073
WINFUT;09/09/2013;16:30:00;148251,46;148501,58;147904,07;148501,58;301727636,80;10704
WINFUT;09/09/2013;16:00:00;147917,97;148390,41;147765,11;148251,46;272435850,00;9673
WINFUT;09/09/2013;15:30:00;148223,67;148293,14;147834,59;147917,97;323738163,50;11514
WINFUT;09/09/2013;15:00:00;148501,58;148793,38;148209,77;148251,46;392771179,00;13989
WINFUT;09/09/2013;14:30:00;148334,83;148640,53;148223,67;148487,68;236363042,40;8414
WINFUT;09/09/2013;14:00:00;148209,77;148876,76;148112,50;148293,14;321153594,10;11409
WINFUT;09/09/2013;13:30:00;148140,29;148515,47;148015,23;148209,77;221717149,00;7893
WINFUT;09/09/2013;13:00:00;147473,31;148404,31;147473,31;148140,29;370121457,80;13160
WINFUT;09/09/2013;12:30:00;147570,58;147792,91;147223,19;147473,31;247368305,70;8831
WINFUT;09/09/2013;12:00:00;147028,65;147820,70;147000,86;147584,47;409418029,40;14548
WINFUT;09/09/2013;11:30:00;146514,52;147112,02;146500,62;147028,65;278133019,20;9940
WINFUT;09/09/2013;11:00:00;146500,62;146848,01;146208,81;146528,41;353029950,30;12637
WINFUT;09/09/2013;10:30:00;146250,50;146667,37;146069,86;146486,73;483786930,20;17302
WINFUT;09/09/2013;10:00:00;146236,61;146375,56;145611,31;146236,61;407027997,50;14575
WINFUT;09/09/2013;09:30:00;145527,93;146292,19;145472,35;146250,50;217326160,10;7776
WINFUT;09/09/2013;09:00:00;147153,71;147153,71;145347,29;145541,83;311454511,00;11073
WINFUT;06/09/2013;17:30:00;146375,56;146611,78;146125,44;146181,02;100603670,00;3560
WINFUT;06/09/2013;17:00:00;146361,67;146514,52;146014,28;146389,46;184838400,30;6573
WINFUT;06/09/2013;16:30:00;146639,58;146820,22;146292,19;146361,67;283413322,30;10106
WINFUT;06/09/2013;16:00:00;146014,28;146681,26;145944,80;146639,58;411196657,80;14649
WINFUT;06/09/2013;15:30:00;146292,19;146417,25;145680,78;145986,49;340940835,20;12180
WINFUT;06/09/2013;15:00:00;145583,52;146389,46;145583,52;146278,29;277855108,50;9938
WINFUT;06/09/2013;14:30:00;145875,32;145944,80;145305,60;145611,31;259790913,60;9309
WINFUT;06/09/2013;14:00:00;145847,53;146181,02;145750,26;145875,32;231610769,60;8281
WINFUT;06/09/2013;13:30:00;145819,74;146153,23;145319,50;145833,63;243838839,90;8719
WINFUT;06/09/2013;13:00:00;145541,83;145972,59;145541,83;145791,95;226386048,60;8109
WINFUT;06/09/2013;12:30:00;145138,86;145680,78;144763,68;145569,62;273686448,10;9803
WINFUT;06/09/2013;12:00:00;144374,60;145277,81;144332,92;145124,96;304034295,50;10891
WINFUT;06/09/2013;11:30:00;145180,54;145222,23;144124,48;144346,81;594506549,40;21268
WINFUT;06/09/2013;11:00:00;146194,92;146570,10;144555,25;145166,65;887563372,60;31693
WINFUT;06/09/2013;10:30:00;146028,17;146445,04;145291,71;146194,92;789516481,00;28199
WINFUT;06/09/2013;10:00:00;145514,04;147167,61;145500,14;145972,59;843570110,30;30018
WINFUT;06/09/2013;09:30:00;143902,16;145625,20;143290,75;145486,25;629773416,00;22554
WINFUT;06/09/2013;09:00:00;143346,33;144013,32;143012,84;143818,78;193370258,50;6926
WINFUT;05/09/2013;17:30:00;143207,38;143360,23;143068,42;143360,23;111414395,90;3982
WINFUT;05/09/2013;17:00:00;142734,93;143360,23;142568,18;143193,48;190507778,40;6826
WINFUT;05/09/2013;16:30:00;143374,13;143415,81;142345,86;142748,83;450493229,50;16153
WINFUT;05/09/2013;16:00:00;143610,35;143804,89;143179,59;143374,13;382432901,40;13704
WINFUT;05/09/2013;15:30:00;143096,21;143860,47;143082,32;143610,35;446074449,50;15993
WINFUT;05/09/2013;15:00:00;142345,86;143346,33;142248,59;143082,32;495625925,60;17779
WINFUT;05/09/2013;14:30:00;142276,38;142832,20;142109,63;142373,65;376513403,60;13534
WINFUT;05/09/2013;14:00:00;142484,81;142707,14;142151,32;142276,38;291000284,10;10463
WINFUT;05/09/2013;13:30:00;141942,89;142762,72;141831,72;142484,81;357309774,90;12836
WINFUT;05/09/2013;13:00:00;141123,05;141998,47;141053,57;141970,68;354363921,60;12742
WINFUT;05/09/2013;12:30:00;141192,53;141248,11;141039,68;141150,84;117333893,60;4221
WINFUT;05/09/2013;12:00:00;141039,68;141275,90;140664,50;141178,63;295113362,40;10619
WINFUT;05/09/2013;11:30:00;141067,47;141400,96;140928,51;141053,57;390770222,10;14056
WINFUT;05/09/2013;11:00:00;140803,45;141234,21;140483,85;141081,36;399802319,50;14383
WINFUT;05/09/2013;10:30:00;140706,18;141248,11;140539,44;140789,56;389686370,40;14021
WINFUT;05/09/2013;10:00:00;141275,90;141484,33;140539,44;140706,18;393299209,40;14150
WINFUT;05/09/2013;09:30:00;141387,06;141776,14;141053,57;141262,00;292667748,30;10528
WINFUT;05/09/2013;09:00:00;142595,98;142595,98;141192,53;141387,06;258151240,50;9271
WINFUT;04/09/2013;17:30:00;141831,72;142179,11;141748,35;142179,11;97907936,30;3506
WINFUT;04/09/2013;17:00:00;141706,66;141998,47;141637,18;141845,62;185838878,80;6679
WINFUT;04/09/2013;16:30:00;141331,48;141776,14;141039,68;141664,97;321514878,00;11564
WINFUT;04/09/2013;16:00:00;141414,85;142179,11;140900,72;141345,38;724457588,30;26036
WINFUT;04/09/2013;15:30:00;141317,59;141553,81;141220,32;141414,85;197511127,80;7106
WINFUT;04/09/2013;15:00:00;141373,17;141595,50;140886,82;141303,69;376152119,70;13534
WINFUT;04/09/2013;14:30:00;141206,42;141553,81;141150,84;141387,06;199984533,00;7196
WINFUT;04/09/2013;14:00:00;141400,96;141414,85;141039,68;141192,53;184171414,70;6623
WINFUT;04/09/2013;13:30:00;141414,85;141664,97;141331,48;141400,96;203708536,20;7330
WINFUT;04/09/2013;13:00:00;141456,54;141581,60;141192,53;141414,85;221189118,70;7958
WINFUT;04/09/2013;12:30:00;141039,68;141512,12;141039,68;141456,54;272519223,20;9803
WINFUT;04/09/2013;12:00:00;140622,81;141317,59;140497,75;141011,88;375290596,60;13503
WINFUT;04/09/2013;11:30:00;140317,11;140817,35;140205,94;140636,70;305368266,80;10987
WINFUT;04/09/2013;11:00:00;140483,85;140706,18;139969,72;140289,32;379459257,00;13653
WINFUT;04/09/2013;10:30:00;140414,38;140622,81;139955,82;140483,85;398051482,20;14323
WINFUT;04/09/2013;10:00:00;140845,14;140956,30;140122,57;140428,27;358087924,90;12884
WINFUT;04/09/2013;09:30:00;140789,56;141095,26;140539,44;140817,35;166329548,30;5985
WINFUT;04/09/2013;09:00:00;140956,30;141178,63;140706,18;140747,87;106995615,90;3850
WINFUT;03/09/2013;17:30:00;141790,03;141859,51;141581,60;141581,60;98408175,55;3532
WINFUT;03/09/2013;17:00:00;141289,80;141915,09;141289,80;141776,14;184532698,60;6634
WINFUT;03/09/2013;16:30:00;141762,24;141901,20;141123,05;141289,80;258512524,40;9301
WINFUT;03/09/2013;16:00:00;141595,50;142040,15;141539,91;141762,24;351084575,50;12627
WINFUT;03/09/2013;15:30:00;141498,23;141664,97;141248,11;141581,60;252704191,00;9091
WINFUT;03/09/2013;15:00:00;141400,96;141692,77;141303,69;141512,12;240142627,80;8640
WINFUT;03/09/2013;14:30:00;141539,91;141706,66;141039,68;141387,06;247868545,00;8919
WINFUT;03/09/2013;14:00:00;141248,11;141928,99;141081,36;141553,81;305701759,70;10992
WINFUT;03/09/2013;13:30:00;141706,66;141734,45;141053,57;141275,90;232361128,40;8361
WINFUT;03/09/2013;13:00:00;141512,12;141720,56;141262,00;141692,77;253426758,80;9117
WINFUT;03/09/2013;12:30:00;140956,30;141581,60;140595,02;141526,02;403915397,70;14532
WINFUT;03/09/2013;12:00:00;141234,21;142290,27;140831,24;140942,41;568883183,70;20451
WINFUT;03/09/2013;11:30:00;141595,50;141776,14;141025,78;141262,00;326767390,00;11755
WINFUT;03/09/2013;11:00:00;141206,42;141776,14;140928,51;141609,39;491874131,30;17699
WINFUT;03/09/2013;10:30:00;141345,38;141998,47;141025,78;141206,42;720761376,10;25927
WINFUT;03/09/2013;10:00:00;141025,78;141790,03;140817,35;141373,17;462471180,30;16636
WINFUT;03/09/2013;09:30:00;140414,38;141095,26;140372,69;141039,68;240809613,40;8665
WINFUT;03/09/2013;09:00:00;140525,54;140525,54;140108,67;140414,38;174472331,60;6278
WINFUT;02/09/2013;17:30:00;140956,30;141039,68;140525,54;140525,54;69755583,34;2510
WINFUT;02/09/2013;17:00:00;141178,63;141470,44;140650,60;140942,41;151489117,50;5451
WINFUT;02/09/2013;16:30:00;140511,65;141553,81;140483,85;141206,42;269239877,10;9684
WINFUT;02/09/2013;16:00:00;140275,42;140706,18;140219,84;140511,65;147098128,50;5293
WINFUT;02/09/2013;15:30:00;140205,94;140483,85;140066,99;140289,32;98741668,38;3553
WINFUT;02/09/2013;15:00:00;140483,85;140483,85;140011,41;140205,94;120863359,30;4349
WINFUT;02/09/2013;14:30:00;140733,97;140872,93;140428,27;140483,85;72673645,60;2615
WINFUT;02/09/2013;14:00:00;140372,69;140914,62;140344,90;140720,08;122919898,50;4423
WINFUT;02/09/2013;13:30:00;140192,05;140525,54;140192,05;140372,69;94017186,64;3383
WINFUT;02/09/2013;13:00:00;140233,73;140650,60;140066,99;140205,94;124253869,80;4471
WINFUT;02/09/2013;12:30:00;140650,60;140664,50;139858,56;140233,73;163383695,00;5879
WINFUT;02/09/2013;12:00:00;140622,81;140817,35;140469,96;140664,50;111970217,20;4029
WINFUT;02/09/2013;11:30:00;140622,81;141025,78;140428,27;140622,81;246784693,30;8880
WINFUT;02/09/2013;11:00:00;140678,39;141025,78;140289,32;140650,60;245089438,10;8819
WINFUT;02/09/2013;10:30:00;141470,44;141845,62;140442,17;140650,60;387435293,80;13939
WINFUT;02/09/2013;10:00:00;141400,96;141734,45;140706,18;141470,44;356420460,70;12824
WINFUT;02/09/2013;09:30:00;141512,12;141706,66;141289,80;141387,06;109274483,60;3931
WINFUT;02/09/2013;09:00:00;141192,53;142067,95;141164,74;141512,12;214713799,60;7717
WINFUT;30/08/2013;17:30:00;139080,41;139650,12;138816,39;139372,21;146875800,00;5285
WINFUT;30/08/2013;17:00:00;137148,93;139775,18;137079,45;139038,72;606151007,30;21812
WINFUT;30/08/2013;16:30:00;137023,87;137246,19;136523,63;137148,93;326461688,30;11754
WINFUT;30/08/2013;16:00:00;136843,22;137273,99;136342,98;137037,76;315456424,90;11352
WINFUT;30/08/2013;15:30:00;136273,51;136898,81;136078,97;136843,22;371594384,40;13374
WINFUT;30/08/2013;15:00:00;136857,12;136857,12;136078,97;136259,61;367314559,80;13227
WINFUT;30/08/2013;14:30:00;137454,63;137482,42;136815,43;136829,33;208016151,90;7485
WINFUT;30/08/2013;14:00:00;136968,28;137704,75;136398,57;137440,73;575719786,70;20721
WINFUT;30/08/2013;13:30:00;137190,61;137538,00;136940,49;136968,28;283496695,50;10201
WINFUT;30/08/2013;13:00:00;136773,75;137412,94;136759,85;137204,51;225635689,70;8123
WINFUT;30/08/2013;12:30:00;136871,02;137121,13;136440,25;136787,64;264293066,80;9510
WINFUT;30/08/2013;12:00:00;136440,25;136982,18;136190,13;136884,91;261319422,40;9404
WINFUT;30/08/2013;11:30:00;136620,90;136801,54;136037,28;136412,46;323098968,90;11630
WINFUT;30/08/2013;11:00:00;136857,12;136884,91;135578,73;136565,31;567326883,80;20418
WINFUT;30/08/2013;10:30:00;138288,36;138302,26;136801,54;136857,12;668792077,00;24066
WINFUT;30/08/2013;10:00:00;138107,72;138705,23;137788,12;138288,36;401164081,90;14435
WINFUT;30/08/2013;09:30:00;138121,61;138204,99;137913,18;138093,82;116583534,70;4195
WINFUT;30/08/2013;09:00:00;138107,72;138566,27;137385,15;138204,99;203458416,60;7321
WINFUT;29/08/2013;17:30:00;137107,24;137176,72;136982,18;137093,34;78454187,96;2823
WINFUT;29/08/2013;17:00:00;137162,82;137190,61;136759,85;137121,13;139483375,60;5019
WINFUT;29/08/2013;16:30:00;136857,12;137440,73;136690,37;137121,13;363896258,30;13097
WINFUT;29/08/2013;16:00:00;136996,07;137385,15;136537,52;136829,33;388936011,50;14000
WINFUT;29/08/2013;15:30:00;136940,49;137232,30;136718,16;136968,28;281829231,40;10143
WINFUT;29/08/2013;15:00:00;136648,69;137190,61;136356,88;136940,49;459247416,20;16527
WINFUT;29/08/2013;14:30:00;137426,84;137468,52;136565,31;136690,37;463721778,40;16689
WINFUT;29/08/2013;14:00:00;138135,51;138191,09;137329,57;137426,84;319513921,00;11498
WINFUT;29/08/2013;13:30:00;138441,21;138580,17;137788,12;138135,51;201985489,90;7268
WINFUT;29/08/2013;13:00:00;138691,33;138774,70;138107,72;138469,00;203625163,00;7327
WINFUT;29/08/2013;12:30:00;138594,06;138955,35;138288,36;138691,33;226247093,20;8141
WINFUT;29/08/2013;12:00:00;137982,66;139024,82;137982,66;138594,06;526223892,70;18935
WINFUT;29/08/2013;11:30:00;137121,13;138093,82;137065,55;137982,66;446435733,40;16064
WINFUT;29/08/2013;11:00:00;137593,58;137690,85;136759,85;137079,45;503268469,60;18111
WINFUT;29/08/2013;10:30:00;137635,27;138274,46;137357,36;137593,58;701085299,20;25228
WINFUT;29/08/2013;10:00:00;138010,45;138191,09;137204,51;137635,27;421257024,80;15158
WINFUT;29/08/2013;09:30:00;138066,03;138594,06;137704,75;138038,24;282023768,80;10148
WINFUT;29/08/2013;09:00:00;137871,49;138413,42;137871,49;138038,24;140011405,90;5038
WINFUT;28/08/2013;17:30:00;137176,72;137426,84;136982,18;137426,84;94684172,29;3409
WINFUT;28/08/2013;17:00:00;137107,24;137260,09;136745,96;137204,51;152711924,50;5495
WINFUT;28/08/2013;16:30:00;137218,40;137607,48;136829,33;137093,34;372094623,70;13392
WINFUT;28/08/2013;16:00:00;135995,60;137343,46;135981,70;137232,30;459942193,00;16561
WINFUT;28/08/2013;15:30:00;136690,37;136773,75;135801,06;135995,60;484426124,80;17446
WINFUT;28/08/2013;15:00:00;137482,42;137496,31;136676,48;136690,37;334965755,40;12056
WINFUT;28/08/2013;14:30:00;137649,17;137802,02;137176,72;137496,31;289610730,70;10422
WINFUT;28/08/2013;14:00:00;137760,33;138038,24;137482,42;137649,17;227191989,60;8175
WINFUT;28/08/2013;13:30:00;137954,87;138121,61;137635,27;137774,22;245172811,30;8824
WINFUT;28/08/2013;13:00:00;138496,79;138524,58;137802,02;137954,87;326294941,90;11741
WINFUT;28/08/2013;12:30:00;138594,06;138830,29;138330,05;138482,90;271240834,00;9760
WINFUT;28/08/2013;12:00:00;138246,67;139135,99;138079,93;138566,27;527585655,10;18984
WINFUT;28/08/2013;11:30:00;137857,60;138385,63;137593,58;138246,67;457913444,90;16477
WINFUT;28/08/2013;11:00:00;137009,97;138149,40;136954,39;137857,60;498043748,70;17921
WINFUT;28/08/2013;10:30:00;136676,48;137482,42;136481,94;136982,18;601037450,60;21630
WINFUT;28/08/2013;10:00:00;137968,76;138107,72;136620,90;136676,48;598897538,30;21552
WINFUT;28/08/2013;09:30:00;137899,28;138066,03;137635,27;137954,87;196288320,80;7064
WINFUT;28/08/2013;09:00:00;137412,94;137927,08;137065,55;137871,49;209989317,80;7556
WINFUT;27/08/2013;17:30:00;137538,00;137843,70;137426,84;137579,69;122364077,10;4404
WINFUT;27/08/2013;17:00:00;137510,21;137607,48;137301,78;137538,00;130256740,70;4687
WINFUT;27/08/2013;16:30:00;137162,82;137621,37;137079,45;137524,11;346165556,20;12458
WINFUT;27/08/2013;16:00:00;137454,63;137718,64;136871,02;137176,72;400663842,70;14418
WINFUT;27/08/2013;15:30:00;137204,51;137496,31;136954,39;137454,63;350278634,50;12607
WINFUT;27/08/2013;15:00:00;138274,46;138399,52;137023,87;137204,51;620602363,20;22331
WINFUT;27/08/2013;14:30:00;138330,05;138719,12;138274,46;138288,36;279661528,00;10063
WINFUT;27/08/2013;14:00:00;138385,63;138538,48;138177,20;138330,05;215019501,30;7737
WINFUT;27/08/2013;13:30:00;138621,85;138691,33;138191,09;138385,63;269684534,20;9704
WINFUT;27/08/2013;13:00:00;138802,49;138816,39;138455,11;138607,96;235334772,80;8468
WINFUT;27/08/2013;12:30:00;139413,90;139441,69;138691,33;138830,29;298753992,40;10750
WINFUT;27/08/2013;12:00:00;138927,55;139441,69;138858,08;139400,00;235973967,40;8491
WINFUT;27/08/2013;11:30:00;138885,87;139177,67;138496,79;138927,55;460108939,40;16556
WINFUT;27/08/2013;11:00:00;139552,85;139636,23;138719,12;138871,97;450020781,30;16193
WINFUT;27/08/2013;10:30:00;139427,79;139900,24;139386,11;139552,85;444184656,80;15983
WINFUT;27/08/2013;10:00:00;138983,14;139775,18;138983,14;139441,69;332158857,40;11952
WINFUT;27/08/2013;09:30:00;139080,41;139497,27;138774,70;138983,14;250397532,20;9010
WINFUT;27/08/2013;09:00:00;139761,29;140053,09;138399,52;139024,82;234639996,10;8443
WINFUT;26/08/2013;17:30:00;141234,21;141414,85;141220,32;141345,38;79204546,83;2850
WINFUT;26/08/2013;17:00:00;141303,69;141484,33;141234,21;141248,11;104355464,30;3755
WINFUT;26/08/2013;16:30:00;141526,02;141706,66;141262,00;141317,59;245867588,00;8843
WINFUT;26/08/2013;16:00:00;142415,33;142484,81;141109,15;141512,12;528113685,40;18976
WINFUT;26/08/2013;15:30:00;142331,96;142498,71;142123,53;142401,44;243310809,60;8745
WINFUT;26/08/2013;15:00:00;142818,30;142846,09;141928,99;142318,06;454439561,30;16324
WINFUT;26/08/2013;14:30:00;143151,80;143179,59;142651,56;142832,20;246895857,50;8861
WINFUT;26/08/2013;14:00:00;143040,63;143457,50;142971,15;143124,01;235557101,40;8440
WINFUT;26/08/2013;13:30:00;143179,59;143360,23;142832,20;143040,63;157575361,60;5664
WINFUT;26/08/2013;13:00:00;142929,47;143318,54;142609,87;143165,69;236251878,10;8469
WINFUT;26/08/2013;12:30:00;143165,69;143318,54;142707,14;142943,36;179141231,20;6437
WINFUT;26/08/2013;12:00:00;143179,59;143568,66;142734,93;143151,80;330435811,10;11859
WINFUT;26/08/2013;11:30:00;143012,84;143429,71;142762,72;143179,59;309926002,20;11130
WINFUT;26/08/2013;11:00:00;142582,08;143207,38;142387,54;142998,95;463471658,70;16620
WINFUT;26/08/2013;10:30:00;143707,62;143721,51;142331,96;142595,98;668458584,10;23984
WINFUT;26/08/2013;10:00:00;143193,48;144180,07;142929,47;143679,83;439765876,80;15765
WINFUT;26/08/2013;09:30:00;143401,92;143902,16;143068,42;143207,38;235862803,10;8458
WINFUT;26/08/2013;09:00:00;143401,92;143679,83;143235,17;143457,50;100687043,20;3611
WINFUT;23/08/2013;17:30:00;143679,83;143957,74;143652,04;143902,16;95573486,50;3412
WINFUT;23/08/2013;17:00:00;143262,96;143902,16;143082,32;143652,04;174889197,60;6236
WINFUT;23/08/2013;16:30:00;143040,63;143624,24;143026,74;143276,86;346499049,10;12393
WINFUT;23/08/2013;16:00:00;143124,01;143165,69;142637,66;143040,63;321848370,80;11553
WINFUT;23/08/2013;15:30:00;142318,06;143221,27;142290,27;143124,01;381349049,70;13687
WINFUT;23/08/2013;15:00:00;142429,23;142623,77;142123,53;142290,27;267600204,00;9611
WINFUT;23/08/2013;14:30:00;142276,38;142929,47;142123,53;142429,23;411113284,60;14771
WINFUT;23/08/2013;14:00:00;141414,85;142540,39;141317,59;142276,38;521527202,00;18733
WINFUT;23/08/2013;13:30:00;141164,74;141526,02;140720,08;141414,85;242782779,30;8733
WINFUT;23/08/2013;13:00:00;140970,20;141400,96;140942,41;141136,94;241421016,90;8682
WINFUT;23/08/2013;12:30:00;140886,82;141206,42;140747,87;140984,09;196093783,30;7055
WINFUT;23/08/2013;12:00:00;141414,85;141720,56;140581,12;140886,82;528919626,40;19023
WINFUT;23/08/2013;11:30:00;140997,99;141623,29;140886,82;141428,75;473921100,70;17048
WINFUT;23/08/2013;11:00:00;140900,72;141192,53;140469,96;141039,68;535339363,30;19258
WINFUT;23/08/2013;10:30:00;141498,23;141637,18;140733,97;140900,72;512606268,80;18444
WINFUT;23/08/2013;10:00:00;140622,81;141915,09;140400,48;141498,23;490706906,40;17645
WINFUT;23/08/2013;09:30:00;140733,97;140914,62;140386,59;140650,60;186311327,00;6704
WINFUT;23/08/2013;09:00:00;140747,87;141081,36;140344,90;140747,87;272491432,10;9802
WINFUT;22/08/2013;17:30:00;141706,66;141748,35;141400,96;141623,29;124893064,40;4484
WINFUT;22/08/2013;17:00:00;140789,56;141817,83;140678,39;141817,83;251425801,80;9041
WINFUT;22/08/2013;16:30:00;141081,36;141387,06;140678,39;140775,66;282301679,50;10154
WINFUT;22/08/2013;16:00:00;140872,93;141442,65;140678,39;141081,36;308175164,80;11086
WINFUT;22/08/2013;15:30:00;140553,33;141192,53;140442,17;140845,14;348777916,70;12547
WINFUT;22/08/2013;15:00:00;140483,85;140803,45;140372,69;140539,44;316012246,30;11370
WINFUT;22/08/2013;14:30:00;139955,82;140539,44;139886,35;140511,65;269517787,80;9698
WINFUT;22/08/2013;14:00:00;139844,66;140122,57;139608,44;139969,72;205125880,70;7381
WINFUT;22/08/2013;13:30:00;140372,69;140456,06;139413,90;139830,76;319958578,10;11513
WINFUT;22/08/2013;13:00:00;140636,70;140900,72;140205,94;140386,59;362895779,80;13049
WINFUT;22/08/2013;12:30:00;139802,97;140733,97;139789,08;140636,70;375235014,50;13501
WINFUT;22/08/2013;12:00:00;140761,76;140803,45;139677,91;139816,87;413975764,70;14895
WINFUT;22/08/2013;11:30:00;140775,66;141136,94;140414,38;140733,97;377069225,00;13568
WINFUT;22/08/2013;11:00:00;141095,26;141512,12;140122,57;140789,56;820892597,90;29535
WINFUT;22/08/2013;10:30:00;140553,33;141498,23;140192,05;141081,36;783068952,90;28168
WINFUT;22/08/2013;10:00:00;140192,05;140956,30;140080,88;140553,33;440682982,10;15857
WINFUT;22/08/2013;09:30:00;140414,38;140553,33;139928,03;140205,94;221328074,00;7964
WINFUT;22/08/2013;09:00:00;139677,91;140803,45;139677,91;140317,11;386295860,00;13900
WINFUT;21/08/2013;17:30:00;138149,40;138246,67;137857,60;138149,40;108440751,50;3902
WINFUT;21/08/2013;17:00:00;138552,37;138566,27;137913,18;138163,30;143485289,60;5163
WINFUT;21/08/2013;16:30:00;139219,36;139386,11;138288,36;138552,37;439988205,40;15832
WINFUT;21/08/2013;16:00:00;140108,67;140289,32;139135,99;139219,36;407027997,50;14645
WINFUT;21/08/2013;15:30:00;138649,64;140984,09;138649,64;140122,57;837845150,10;30146
WINFUT;21/08/2013;15:00:00;139622,33;139664,02;137426,84;138663,54;1227642685,00;44174
WINFUT;21/08/2013;14:30:00;139261,05;139691,81;138969,24;139594,54;226441630,70;8148
WINFUT;21/08/2013;14:00:00;139205,46;139427,79;138830,29;139233,26;275465076,50;9912
WINFUT;21/08/2013;13:30:00;139205,46;139511,17;138997,03;139205,46;186422491,30;6708
WINFUT;21/08/2013;13:00:00;138927,55;139594,54;138607,96;139219,36;274547971,30;9879
WINFUT;21/08/2013;12:30:00;139511,17;139955,82;138719,12;138913,66;420701203,50;15138
WINFUT;21/08/2013;12:00:00;139010,93;139789,08;138955,35;139497,27;330130109,40;11879
WINFUT;21/08/2013;11:30:00;139677,91;139789,08;138816,39;138997,03;451271379,40;16238
WINFUT;21/08/2013;11:00:00;139622,33;140011,41;139302,73;139677,91;428760613,50;15428
WINFUT;21/08/2013;10:30:00;139024,82;139928,03;138496,79;139594,54;678241040,40;24405
WINFUT;21/08/2013;10:00:00;138274,46;139052,61;138121,61;139010,93;419923053,50;15110
WINFUT;21/08/2013;09:30:00;138816,39;139038,72;138232,78;138274,46;358504790,90;12900
WINFUT;21/08/2013;09:00:00;139427,79;139747,39;138788,60;138830,29;210739676,70;7583
WINFUT;20/08/2013;17:30:00;139441,69;139941,93;139427,79;139941,93;138316150,70;4976
WINFUT;20/08/2013;17:00:00;139080,41;139552,85;138983,14;139441,69;167135489,30;6014
WINFUT;20/08/2013;16:30:00;139636,23;139830,76;139094,30;139094,30;309064479,00;11121
WINFUT;20/08/2013;16:00:00;139775,18;140025,30;139511,17;139664,02;252287324,90;9077
WINFUT;20/08/2013;15:30:00;139830,76;140066,99;139455,58;139775,18;354975325,10;12773
WINFUT;20/08/2013;15:00:00;140178,15;140247,63;139608,44;139802,97;398801841,00;14350
WINFUT;20/08/2013;14:30:00;140859,03;140900,72;140164,26;140178,15;300449247,60;10810
WINFUT;20/08/2013;14:00:00;141053,57;141289,80;140747,87;140886,82;190924644,50;6865
WINFUT;20/08/2013;13:30:00;141262,00;141289,80;140872,93;140997,99;129284053,30;4650
WINFUT;20/08/2013;13:00:00;141025,78;141317,59;140859,03;141275,90;199234174,10;7162
WINFUT;20/08/2013;12:30:00;140900,72;141428,75;140831,24;141011,88;283135411,60;10184
WINFUT;20/08/2013;12:00:00;141053,57;141164,74;140664,50;140886,82;296169423,00;10648
WINFUT;20/08/2013;11:30:00;141123,05;141623,29;140845,14;141025,78;372205787,90;13384
WINFUT;20/08/2013;11:00:00;141150,84;141678,87;141039,68;141123,05;589782067,60;21215
WINFUT;20/08/2013;10:30:00;140720,08;141234,21;140150,36;141164,74;620963647,10;22340
WINFUT;20/08/2013;10:00:00;140581,12;141011,88;140233,73;140720,08;395411330,60;14226
WINFUT;20/08/2013;09:30:00;140845,14;140845,14;140066,99;140581,12;339051042,60;12199
WINFUT;20/08/2013;09:00:00;141470,44;141470,44;140692,29;140817,35;196899724,30;7084
WINFUT;19/08/2013;17:30:00;141915,09;142123,53;141790,03;141998,47;73396213,39;2640
WINFUT;19/08/2013;17:00:00;141762,24;141984,57;141595,50;141873,41;133925161,80;4815
WINFUT;19/08/2013;16:30:00;141512,12;141984,57;141303,69;141776,14;366842111,60;13187
WINFUT;19/08/2013;16:00:00;142054,05;142206,90;141470,44;141512,12;329157422,00;11829
WINFUT;19/08/2013;15:30:00;142373,65;142373,65;141762,24;142040,15;318040994,30;11431
WINFUT;19/08/2013;15:00:00;142443,12;142901,68;141817,83;142373,65;486732783,50;17473
WINFUT;19/08/2013;14:30:00;142262,48;142484,81;141651,08;142443,12;471308740,20;16929
WINFUT;19/08/2013;14:00:00;142790,51;142832,20;142206,90;142276,38;219438281,30;7875
WINFUT;19/08/2013;13:30:00;142985,05;143054,53;142443,12;142818,30;300810531,50;10802
WINFUT;19/08/2013;13:00:00;142873,89;143638,14;142818,30;142985,05;418894784,00;14993
WINFUT;19/08/2013;12:30:00;142484,81;143082,32;142318,06;142873,89;311815794,90;11184
WINFUT;19/08/2013;12:00:00;142220,80;142832,20;141984,57;142526,50;413197614,80;14834
WINFUT;19/08/2013;11:30:00;141400,96;142234,69;141150,84;142193,00;439904832,20;15804
WINFUT;19/08/2013;11:00:00;141359,27;141553,81;140761,76;141387,06;319347174,60;11484
WINFUT;19/08/2013;10:30:00;141373,17;141720,56;140706,18;141373,17;531281867,30;19113
WINFUT;19/08/2013;10:00:00;140942,41;141498,23;140622,81;141373,17;398190437,50;14325
WINFUT;19/08/2013;09:30:00;140970,20;141039,68;140483,85;140942,41;192647690,70;6932
WINFUT;19/08/2013;09:00:00;141095,26;141512,12;140400,48;140970,20;295752557,00;10639
WINFUT;16/08/2013;17:30:00;142081,84;142234,69;141817,83;142234,69;128922769,40;4618
WINFUT;16/08/2013;17:00:00;141970,68;142429,23;141720,56;142054,05;205542746,80;7378
WINFUT;16/08/2013;16:30:00;141317,59;142554,29;141248,11;141984,57;674183544,40;24221
WINFUT;16/08/2013;16:00:00;141428,75;141456,54;140872,93;141289,80;316873769,40;11402
WINFUT;16/08/2013;15:30:00;140442,17;141512,12;140442,17;141428,75;540591875,40;19444
WINFUT;16/08/2013;15:00:00;140497,75;140761,76;139858,56;140456,06;515885615,00;18562
WINFUT;16/08/2013;14:30:00;141289,80;141303,69;140108,67;140497,75;491318309,90;17676
WINFUT;16/08/2013;14:00:00;141248,11;141539,91;141053,57;141248,11;252148369,60;9071
WINFUT;16/08/2013;13:30:00;141053,57;141623,29;140984,09;141234,21;288915954,00;10390
WINFUT;16/08/2013;13:00:00;141428,75;141442,65;140845,14;141039,68;281829231,40;10138
WINFUT;16/08/2013;12:30:00;140914,62;141678,87;140775,66;141442,65;362729033,40;13044
WINFUT;16/08/2013;12:00:00;140789,56;141345,38;140664,50;140928,51;483759139,20;17404
WINFUT;16/08/2013;11:30:00;140289,32;141164,74;139872,45;140817,35;550763406,70;19814
WINFUT;16/08/2013;11:00:00;139789,08;140469,96;139386,11;140303,21;545955551,70;19645
WINFUT;16/08/2013;10:30:00;140289,32;140747,87;139455,58;139761,29;724096304,40;26055
WINFUT;16/08/2013;10:00:00;139400,00;140608,91;139330,52;140289,32;449159258,20;16161
WINFUT;16/08/2013;09:30:00;139969,72;140122,57;139358,32;139400,00;243255227,50;8753
WINFUT;16/08/2013;09:00:00;139650,12;140400,48;139288,84;139983,61;162216470,10;5837
WINFUT;15/08/2013;17:30:00;140094,78;140108,67;139705,70;140066,99;116055504,40;4176
WINFUT;15/08/2013;17:00:00;140080,88;140289,32;139789,08;140108,67;192341989,00;6921
WINFUT;15/08/2013;16:30:00;140914,62;140956,30;139886,35;140080,88;465139122,90;16735
WINFUT;15/08/2013;16:00:00;141581,60;141581,60;140761,76;140928,51;413086450,50;14859
WINFUT;15/08/2013;15:30:00;141512,12;141887,30;141275,90;141623,29;382960931,70;13772
WINFUT;15/08/2013;15:00:00;140636,70;141776,14;140608,91;141526,02;437042352,10;15721
WINFUT;15/08/2013;14:30:00;140164,26;141067,47;140136,47;140608,91;378820062,40;13629
WINFUT;15/08/2013;14:00:00;139830,76;140789,56;139719,60;140164,26;439904832,20;15826
WINFUT;15/08/2013;13:30:00;139802,97;140094,78;139483,38;139816,87;326433897,20;11745
WINFUT;15/08/2013;13:00:00;140233,73;140331,00;139705,70;139789,08;344414718,90;12392
WINFUT;15/08/2013;12:30:00;138455,11;140775,66;138385,63;140247,63;703975570,40;25330
WINFUT;15/08/2013;12:00:00;137440,73;138816,39;137121,13;138496,79;546261253,50;19656
WINFUT;15/08/2013;11:30:00;137635,27;137829,81;137246,19;137426,84;263959573,90;9500
WINFUT;15/08/2013;11:00:00;137843,70;138246,67;137204,51;137607,48;540703039,70;19458
WINFUT;15/08/2013;10:30:00;137260,09;137968,76;137079,45;137857,60;674405872,90;24270
WINFUT;15/08/2013;10:00:00;136579,21;137426,84;136273,51;137260,09;462193269,60;16635
WINFUT;15/08/2013;09:30:00;137260,09;137287,88;136176,24;136579,21;396328435,90;14267
WINFUT;15/08/2013;09:00:00;137246,19;138121,61;135120,18;137260,09;230082260,80;8284
WINFUT;14/08/2013;17:30:00;139205,46;139372,21;138677,43;138677,43;133952952,90;4820
WINFUT;14/08/2013;17:00:00;139761,29;139775,18;139052,61;139219,36;160687961,30;5782
WINFUT;14/08/2013;16:30:00;139900,24;140066,99;139552,85;139747,39;270295937,70;9726
WINFUT;14/08/2013;16:00:00;139636,23;140011,41;139122,09;139914,14;311843585,90;11221
WINFUT;14/08/2013;15:30:00;139566,75;139914,14;139052,61;139608,44;374734775,20;13484
WINFUT;14/08/2013;15:00:00;139372,21;139719,60;139219,36;139525,06;417810932,30;15034
WINFUT;14/08/2013;14:30:00;140525,54;140525,54;138538,48;139358,32;701946822,40;25258
WINFUT;14/08/2013;14:00:00;139719,60;141136,94;139705,70;140539,44;592811294,20;21328
WINFUT;14/08/2013;13:30:00;139789,08;139928,03;139372,21;139705,70;172916031,70;6222
WINFUT;14/08/2013;13:00:00;139135,99;140025,30;139122,09;139789,08;243783257,80;8772
WINFUT;14/08/2013;12:30:00;139233,26;139483,38;139038,72;139149,88;236224087,00;8500
WINFUT;14/08/2013;12:00:00;139455,58;139636,23;138997,03;139205,46;283746815,10;10210
WINFUT;14/08/2013;11:30:00;140205,94;140428,27;139427,79;139455,58;425314520,90;15304
WINFUT;14/08/2013;11:00:00;139747,39;140372,69;139497,27;140178,15;398329392,90;14333
WINFUT;14/08/2013;10:30:00;138760,81;139955,82;138746,91;139733,50;509438087,00;18331
WINFUT;14/08/2013;10:00:00;138496,79;138941,45;138413,42;138733,02;156852793,80;5644
WINFUT;14/08/2013;09:30:00;138844,18;138983,14;138399,52;138510,69;94600799,09;3404
WINFUT;14/08/2013;09:00:00;139024,82;140622,81;138121,61;138899,76;86013358,75;3095
WINFUT;13/08/2013;17:30:00;139096,62;139316,47;139055,40;139302,73;92199777,37;3353
WINFUT;13/08/2013;17:00:00;139027,92;139275,25;138918,00;139110,36;167388627,10;6090
WINFUT;13/08/2013;16:30:00;139041,66;139371,44;138890,51;139014,18;270608407,70;9845
WINFUT;13/08/2013;16:00:00;138890,51;139467,62;138739,37;139055,40;443383370,50;16129
WINFUT;13/08/2013;15:30:00;138643,18;138931,74;138121,04;138904,25;416534135,80;15154
WINFUT;13/08/2013;15:00:00;138931,74;139192,81;138533,26;138629,44;276187112,50;10049
WINFUT;13/08/2013;14:30:00;138615,70;139110,36;138285,93;138918,00;317821289,20;11564
WINFUT;13/08/2013;14:00:00;138203,48;138849,29;138189,74;138629,44;343956010,00;12515
WINFUT;13/08/2013;13:30:00;138134,78;138395,85;137708,82;138189,74;271762622,50;9889
WINFUT;13/08/2013;13:00:00;137695,08;138189,74;137324,08;138148,52;373993076,10;13609
WINFUT;13/08/2013;12:30:00;138148,52;138382,11;137543,93;137695,08;317024331,40;11536
WINFUT;13/08/2013;12:00:00;138395,85;138601,96;138011,11;138134,78;269948856,40;9823
WINFUT;13/08/2013;11:30:00;138052,33;138615,70;137942,41;138395,85;438326810,40;15950
WINFUT;13/08/2013;11:00:00;138725,63;138739,37;137530,19;138052,33;698794616,60;25428
WINFUT;13/08/2013;10:30:00;138643,18;139302,73;138285,93;138670,66;667520891,90;24288
WINFUT;13/08/2013;10:00:00;138945,48;139453,88;138505,78;138643,18;423459424,60;15404
WINFUT;13/08/2013;09:30:00;139632,51;139728,69;138547,00;138959,22;462482877,30;16827
WINFUT;13/08/2013;09:00:00;139055,40;139893,58;138972,96;139618,77;230238371,00;8374
WINFUT;12/08/2013;17:30:00;138368,37;139055,40;138189,74;139055,40;119900932,50;4358
WINFUT;12/08/2013;17:00:00;138505,78;138505,78;138189,74;138368,37;145815802,90;5306
WINFUT;12/08/2013;16:30:00;137983,63;138615,70;137736,30;138560,74;385095523,20;14013
WINFUT;12/08/2013;16:00:00;138354,63;138821,81;137859,97;137997,37;479631211,40;17452
WINFUT;12/08/2013;15:30:00;138794,33;139014,18;138107,30;138382,11;487765677,60;17749
WINFUT;12/08/2013;15:00:00;139371,44;139467,62;138437,07;138794,33;451985018,90;16442
WINFUT;12/08/2013;14:30:00;139605,03;139934,80;139137,85;139398,92;344862893,00;12542
WINFUT;12/08/2013;14:00:00;139563,81;139962,28;139082,88;139618,77;366353273,30;13327
WINFUT;12/08/2013;13:30:00;139027,92;139769,92;138821,81;139550,07;430824414,20;15672
WINFUT;12/08/2013;13:00:00;139742,43;139921,06;138918,00;139041,66;382155023,60;13901
WINFUT;12/08/2013;12:30:00;140237,10;140292,06;139481,36;139728,69;421975434,10;15337
WINFUT;12/08/2013;12:00:00;141130,24;141308,87;140209,62;140250,84;432143516,90;15696
WINFUT;12/08/2013;11:30:00;140690,54;141336,35;140580,61;141130,24;482104528,90;17524
WINFUT;12/08/2013;11:00:00;139577,55;140924,13;139563,81;140649,32;705939755,90;25638
WINFUT;12/08/2013;10:30:00;139124,11;140223,36;139014,18;139536,32;790884468,80;28769
WINFUT;12/08/2013;10:00:00;138299,67;139247,77;138011,11;139151,59;655676449,50;23859
WINFUT;12/08/2013;09:30:00;136953,08;138505,78;136925,60;138299,67;438876436,50;15969
WINFUT;12/08/2013;09:00:00;137351,56;137557,67;136609,57;136966,82;162744286,60;5922
WINFUT;09/08/2013;17:30:00;137227,90;137461,49;137117,97;137461,49;92584515,63;3369
WINFUT;09/08/2013;17:00:00;137269,12;137434,00;137063,01;137227,90;151421989,10;5510
WINFUT;09/08/2013;16:30:00;137241,64;137447,75;137035,53;137296,60;288333849,20;10492
WINFUT;09/08/2013;16:00:00;137008,04;137310,34;136925,60;137241,64;162524436,20;5914
WINFUT;09/08/2013;15:30:00;136994,30;137736,30;136966,82;137008,04;336398651,20;12241
WINFUT;09/08/2013;15:00:00;137021,79;137227,90;136719,49;136994,30;226143656,60;8229
WINFUT;09/08/2013;14:30:00;137186,67;137269,12;136815,68;136980,56;184289629,50;6706
WINFUT;09/08/2013;14:00:00;136554,60;137365,30;136513,38;137214,15;263957931,90;9605
WINFUT;09/08/2013;13:30:00;136692,01;137049,27;136307,27;136540,86;205422752,80;7475
WINFUT;09/08/2013;13:00:00;136884,38;137090,49;136279,79;136705,75;305069963,80;11101
WINFUT;09/08/2013;12:30:00;135070,61;137255,38;134878,24;136856,90;699756462,30;25466
WINFUT;09/08/2013;12:00:00;134589,69;135153,06;134204,95;135070,61;364072325,00;13265
WINFUT;09/08/2013;11:30:00;134259,91;134850,76;134108,77;134589,69;304465375,10;11094
WINFUT;09/08/2013;11:00:00;134960,69;135098,09;134136,25;134259,91;510795011,00;18606
WINFUT;09/08/2013;10:30:00;134685,87;135702,68;134493,51;134933,21;536764844,00;19552
WINFUT;09/08/2013;10:00:00;135675,20;135730,16;134562,21;134699,62;406228646,50;14795
WINFUT;09/08/2013;09:30:00;135194,28;136032,46;135139,32;135675,20;253872293,10;9241
WINFUT;09/08/2013;09:00:00;134933,21;135537,79;134933,21;135208,02;205834972,40;7498
WINFUT;08/08/2013;17:30:00;134493,51;134713,36;134342,36;134713,36;127843029,60;4678
WINFUT;08/08/2013;17:00:00;134273,65;134644,65;134246,17;134507,25;228754380,60;8343
WINFUT;08/08/2013;16:30:00;134699,62;134878,24;134246,17;134259,91;380918364,80;13872
WINFUT;08/08/2013;16:00:00;134342,36;134782,06;134040,06;134685,87;431071746,00;15719
WINFUT;08/08/2013;15:30:00;134699,62;134933,21;134232,43;134342,36;507662142,30;18512
WINFUT;08/08/2013;15:00:00;134891,98;135537,79;134575,95;134699,62;597690896,60;21763
WINFUT;08/08/2013;14:30:00;134466,02;134919,47;134191,21;134878,24;441569604,40;16093
WINFUT;08/08/2013;14:00:00;133531,66;134507,25;133504,18;134466,02;631410457,50;23030
WINFUT;08/08/2013;13:30:00;133531,66;133765,25;133311,81;133531,66;298721782,40;10907
WINFUT;08/08/2013;13:00:00;132679,74;133998,84;132679,74;133517,92;578811240,20;21154
WINFUT;08/08/2013;12:30:00;132528,59;132995,77;132377,44;132652,26;314853308,30;11485
WINFUT;08/08/2013;12:00:00;131649,19;132940,81;131470,56;132528,59;720972029,60;26373
WINFUT;08/08/2013;11:30:00;130879,71;131717,89;130371,31;131662,93;640946470,20;23457
WINFUT;08/08/2013;11:00:00;130865,97;130962,16;130288,87;130879,71;453111752,40;16628
WINFUT;08/08/2013;10:30:00;131607,97;131690,41;130536,20;130852,23;595217579,10;21783
WINFUT;08/08/2013;10:00:00;131058,34;131772,86;131003,38;131580,49;454238485,90;16620
WINFUT;08/08/2013;09:30:00;131195,75;131443,08;131044,60;131058,34;144579144,20;5290
WINFUT;08/08/2013;09:00:00;130536,20;131937,74;130426,27;131182,01;228094829,30;8363
WINFUT;07/08/2013;17:30:00;130261,38;130522,46;130137,72;130261,38;91952445,62;3419
WINFUT;07/08/2013;17:00:00;130096,50;130330,09;130027,79;130261,38;138808070,20;5091
WINFUT;07/08/2013;16:30:00;130014,05;130673,60;129904,13;130096,50;328401591,50;12055
WINFUT;07/08/2013;16:00:00;129890,39;130330,09;129862,91;130027,79;265496885,00;9754
WINFUT;07/08/2013;15:30:00;130027,79;130110,24;129711,76;129876,65;243924060,80;8950
WINFUT;07/08/2013;15:00:00;130151,46;130536,20;129849,16;130041,53;355058457,10;13014
WINFUT;07/08/2013;14:30:00;130646,12;130701,09;129890,39;130151,46;374872477,80;13778
WINFUT;07/08/2013;14:00:00;130412,53;130673,60;130385,05;130659,86;182173569,00;6677
WINFUT;07/08/2013;13:30:00;130343,83;130522,46;130192,68;130385,05;187724792,60;6898
WINFUT;07/08/2013;13:00:00;130604,90;130811,01;130288,87;130343,83;242027850,70;8865
WINFUT;07/08/2013;12:30:00;130165,20;130742,31;130069,02;130604,90;314303682,20;11502
WINFUT;07/08/2013;12:00:00;129972,83;130316,35;129931,61;130178,94;272724468,10;10006
WINFUT;07/08/2013;11:30:00;129972,83;130206,42;129670,54;129945,35;405788945,60;14888
WINFUT;07/08/2013;11:00:00;129959,09;130508,72;129711,76;130000,31;515824089,80;18916
WINFUT;07/08/2013;10:30:00;129656,80;130440,01;129258,32;129972,83;655594005,60;24062
WINFUT;07/08/2013;10:00:00;128997,24;129931,61;128983,50;129656,80;348655313,10;12798
WINFUT;07/08/2013;09:30:00;129436,95;129615,57;128914,80;128983,50;302459239,80;11121
WINFUT;07/08/2013;09:00:00;129162,13;129835,42;128969,76;129409,46;193523347,90;7132
WINFUT;06/08/2013;17:30:00;129450,69;129656,80;129354,50;129354,50;122236843,40;4560
WINFUT;06/08/2013;17:00:00;129807,94;129972,83;129272,06;129464,43;288251405,30;10665
WINFUT;06/08/2013;16:30:00;130096,50;130178,94;129684,28;129821,68;368057114,20;13523
WINFUT;06/08/2013;16:00:00;129972,83;130123,98;129821,68;130110,24;301112655,90;11044
WINFUT;06/08/2013;15:30:00;130481,23;130604,90;129505,65;129959,09;465615746,00;17147
WINFUT;06/08/2013;15:00:00;130481,23;130563,68;130178,94;130481,23;235294931,10;8631
WINFUT;06/08/2013;14:30:00;130604,90;130742,31;130398,79;130453,75;156341142,60;5728
WINFUT;06/08/2013;14:00:00;130893,45;130893,45;130549,94;130604,90;133696547,50;4888
WINFUT;06/08/2013;13:30:00;130673,60;130907,20;130467,49;130879,71;179123144,20;6558
WINFUT;06/08/2013;13:00:00;130398,79;130701,09;130151,46;130687,34;275390154,70;10111
WINFUT;06/08/2013;12:30:00;130907,20;130920,94;130000,31;130398,79;413676080,10;15201
WINFUT;06/08/2013;12:00:00;130494,98;131030,86;130426,27;130907,20;307213505,60;11272
WINFUT;06/08/2013;11:30:00;130563,68;130797,27;130220,16;130494,98;400210240,80;14703
WINFUT;06/08/2013;11:00:00;131223,23;131223,23;130247,64;130563,68;721659062,20;26478
WINFUT;06/08/2013;10:30:00;132789,66;133146,92;130811,01;131209,49;1059624148,00;38762
WINFUT;06/08/2013;10:00:00;132707,22;133050,74;132336,22;132748,44;363247885,90;13250
WINFUT;06/08/2013;09:30:00;132569,81;132954,55;132556,07;132693,48;200393674,10;7306
WINFUT;06/08/2013;09:00:00;132322,48;132707,22;132102,63;132569,81;145238695,50;5324
WINFUT;05/08/2013;17:30:00;132720,96;132940,81;132693,48;132940,81;89204315,15;3276
WINFUT;05/08/2013;17:00:00;132624,78;132927,07;132583,55;132748,44;172527631,10;6302
WINFUT;05/08/2013;16:30:00;132542,33;132817,15;132267,52;132624,78;296248465,00;10829
WINFUT;05/08/2013;16:00:00;132446,15;132748,44;132308,74;132514,85;215398466,50;7873
WINFUT;05/08/2013;15:30:00;132542,33;132830,89;132322,48;132459,89;201135669,30;7342
WINFUT;05/08/2013;15:00:00;132885,85;133146,92;132267,52;132556,07;334859698,10;12232
WINFUT;05/08/2013;14:30:00;132734,70;133078,22;132556,07;132899,59;198442501,40;7246
WINFUT;05/08/2013;14:00:00;132720,96;132803,41;132404,93;132720,96;205917416,30;7526
WINFUT;05/08/2013;13:30:00;133284,33;133311,81;132597,30;132748,44;231475029,70;8462
WINFUT;05/08/2013;13:00:00;133243,11;133366,77;132968,29;133270,59;166701594,50;6077
WINFUT;05/08/2013;12:30:00;133105,70;133504,18;132762,18;133243,11;282287962,20;10304
WINFUT;05/08/2013;12:00:00;133256,85;133449,22;132858,37;133119,44;250739424,30;9146
WINFUT;05/08/2013;11:30:00;133284,33;133696,55;132982,03;133256,85;382347392,70;13948
WINFUT;05/08/2013;11:00:00;132927,07;133655,33;132927,07;133270,59;428818279,00;15654
WINFUT;05/08/2013;10:30:00;132720,96;133037,00;132226,30;132968,29;441844417,40;16139
WINFUT;05/08/2013;10:00:00;132253,78;132982,03;132226,30;132679,74;332578749,80;12139
WINFUT;05/08/2013;09:30:00;132418,67;132569,81;132006,45;132253,78;179920102,10;6575
WINFUT;05/08/2013;09:00:00;132240,04;132830,89;132185,08;132418,67;149498297,70;5462
WINFUT;02/08/2013;17:30:00;133050,74;133146,92;132817,15;132844,63;131525524,40;4829
WINFUT;02/08/2013;17:00:00;132872,11;133201,88;132762,18;133050,74;179068181,60;6556
WINFUT;02/08/2013;16:30:00;133353,03;133394,25;132597,30;132885,85;517885187,60;18925
WINFUT;02/08/2013;16:00:00;133998,84;134163,73;133215,62;133380,51;428351096,80;15654
WINFUT;02/08/2013;15:30:00;134177,47;134191,21;133724,03;134012,58;409388996,50;14932
WINFUT;02/08/2013;15:00:00;134452,28;134493,51;134067,55;134163,73;260825063,20;9502
WINFUT;02/08/2013;14:30:00;134507,25;134768,32;134246,17;134438,54;212705298,60;7745
WINFUT;02/08/2013;14:00:00;134287,40;134795,80;134163,73;134493,51;235047599,30;8562
WINFUT;02/08/2013;13:30:00;134397,32;134603,43;134081,29;134301,14;203718912,00;7419
WINFUT;02/08/2013;13:00:00;134246,17;134507,25;134012,58;134424,80;311060888,20;11334
WINFUT;02/08/2013;12:30:00;135070,61;135194,28;134218,69;134259,91;277341327,30;10100
WINFUT;02/08/2013;12:00:00;135304,20;135579,02;134974,43;135043,13;274593196,90;9993
WINFUT;02/08/2013;11:30:00;135881,31;135950,01;135221,76;135317,94;323757251,00;11784
WINFUT;02/08/2013;11:00:00;135029,39;135963,76;134754,58;135867,57;491997798,60;17904
WINFUT;02/08/2013;10:30:00;134424,80;135180,54;134246,17;135029,39;533137311,70;19411
WINFUT;02/08/2013;10:00:00;134328,62;134589,69;133875,18;134424,80;329638250,20;12012
WINFUT;02/08/2013;09:30:00;134685,87;134878,24;134081,29;134328,62;372728936,00;13582
WINFUT;02/08/2013;09:00:00;135001,91;135001,91;134383,58;134658,39;134218692,30;4888
WINFUT;01/08/2013;17:30:00;135070,61;135249,24;134823,28;134960,69;115256592,00;4201
WINFUT;01/08/2013;17:00:00;134878,24;135345,43;134754,58;135098,09;177584191,20;6469
WINFUT;01/08/2013;16:30:00;134782,06;135180,54;134754,58;134878,24;261896834,10;9531
WINFUT;01/08/2013;16:00:00;135098,09;135166,80;134699,62;134782,06;264452595,40;9628
WINFUT;01/08/2013;15:30:00;134452,28;135235,50;134342,36;135084,35;486803832,00;17718
WINFUT;01/08/2013;15:00:00;134356,10;134617,17;134177,47;134466,02;281491004,30;10248
WINFUT;01/08/2013;14:30:00;134095,03;134466,02;133861,44;134369,84;231694880,20;8447
WINFUT;01/08/2013;14:00:00;133792,73;134136,25;133559,14;134095,03;188466787,80;6869
WINFUT;01/08/2013;13:30:00;133669,07;133985,10;133504,18;133792,73;203444098,90;7420
WINFUT;01/08/2013;13:00:00;133751,51;133778,99;133256,85;133669,07;261457133,20;9535
WINFUT;01/08/2013;12:30:00;133778,99;134177,47;133751,51;133765,25;252031045,70;9189
WINFUT;01/08/2013;12:00:00;134369,84;134479,76;133517,92;133778,99;372948786,50;13591
WINFUT;01/08/2013;11:30:00;134534,73;134768,32;134177,47;134369,84;309714304,30;11275
WINFUT;01/08/2013;11:00:00;134177,47;134864,50;133902,66;134548,47;686537954,70;25020
WINFUT;01/08/2013;10:30:00;133806,47;134411,06;133669,07;134204,95;439343618,70;16015
WINFUT;01/08/2013;10:00:00;133943,88;134328,62;133600,36;133833,95;397379666,40;14490
WINFUT;01/08/2013;09:30:00;134218,69;134273,65;133778,99;133943,88;231722361,50;8439
WINFUT;01/08/2013;09:00:00;133888,92;134575,95;133888,92;134218,69;214821359,10;7840
WINFUT;31/07/2013;17:30:00;132267,52;132556,07;132253,78;132377,44;96844117,86;3559
WINFUT;31/07/2013;17:00:00;132349,96;132473,63;132143,85;132267,52;167361145,80;6107
WINFUT;31/07/2013;16:30:00;133545,40;133545,40;132006,45;132377,44;555122355,50;20297
WINFUT;31/07/2013;16:00:00;133820,21;134081,29;133078,22;133531,66;491777948,10;17937
WINFUT;31/07/2013;15:30:00;132803,41;133861,44;132775,92;133847,69;672907227,60;24561
WINFUT;31/07/2013;15:00:00;132391,19;133215,62;132088,89;132817,15;723472828,30;26421
WINFUT;31/07/2013;14:30:00;132130,11;132473,63;131978,97;132391,19;165272566,60;6041
WINFUT;31/07/2013;14:00:00;132047,67;132281,26;132033,93;132130,11;93738730,43;3418
WINFUT;31/07/2013;13:30:00;132295,00;132322,48;132020,19;132061,41;173544439,40;6339
WINFUT;31/07/2013;13:00:00;132157,59;132459,89;132102,63;132308,74;138395850,60;5048
WINFUT;31/07/2013;12:30:00;132652,26;132734,70;131910,26;132171,34;399330839,00;14578
WINFUT;31/07/2013;12:00:00;133119,44;133476,70;132652,26;132652,26;348188130,90;12712
WINFUT;31/07/2013;11:30:00;133064,48;133201,88;132693,48;133146,92;323977101,50;11811
WINFUT;31/07/2013;11:00:00;132885,85;133229,37;132583,55;133050,74;344423192,20;12568
WINFUT;31/07/2013;10:30:00;133476,70;133943,88;132679,74;132858,37;574798969,70;20956
WINFUT;31/07/2013;10:00:00;132240,04;133545,40;132143,85;133462,96;406888197,80;14852
WINFUT;31/07/2013;09:30:00;132817,15;132940,81;131649,19;132295,00;467731806,50;17107
WINFUT;31/07/2013;09:00:00;132899,59;133765,25;132720,96;132817,15;271570253,30;9907
WINFUT;30/07/2013;17:30:00;133064,48;133353,03;133037,00;133339,29;101186164,00;3714
WINFUT;30/07/2013;17:00:00;133201,88;133270,59;132954,55;133064,48;137406523,60;5030
WINFUT;30/07/2013;16:30:00;133751,51;133820,21;133050,74;133215,62;363687586,80;13291
WINFUT;30/07/2013;16:00:00;133655,33;134012,58;133421,73;133724,03;264177782,40;9640
WINFUT;30/07/2013;15:30:00;133517,92;133847,69;133504,18;133655,33;266458730,70;9713
WINFUT;30/07/2013;15:00:00;133462,96;133545,40;133160,66;133504,18;253157779,20;9251
WINFUT;30/07/2013;14:30:00;133600,36;133696,55;133284,33;133449,22;348435462,70;12729
WINFUT;30/07/2013;14:00:00;133751,51;134122,51;133462,96;133600,36;293390409,30;10698
WINFUT;30/07/2013;13:30:00;133820,21;133998,84;133559,14;133751,51;209572429,90;7641
WINFUT;30/07/2013;13:00:00;134026,32;134204,95;133600,36;133847,69;217377120,40;7921
WINFUT;30/07/2013;12:30:00;133820,21;134163,73;133614,10;134026,32;249585209,50;9101
WINFUT;30/07/2013;12:00:00;134699,62;134795,80;133737,77;133820,21;551687192,40;20116
WINFUT;30/07/2013;11:30:00;134644,65;134974,43;134562,21;134713,36;356487484,90;12986
WINFUT;30/07/2013;11:00:00;134809,54;134837,02;134246,17;134658,39;525112770,80;19129
WINFUT;30/07/2013;10:30:00;135826,35;135922,53;134754,58;134795,80;617807211,60;22487
WINFUT;30/07/2013;10:00:00;135826,35;136293,53;135702,68;135812,61;412851640,90;15023
WINFUT;30/07/2013;09:30:00;135372,91;136114,90;135317,94;135812,61;270828258,10;9858
WINFUT;30/07/2013;09:00:00;135235,50;135675,20;135221,76;135345,43;156615955,70;5700
WINFUT;29/07/2013;17:30:00;135084,35;135208,02;135001,91;135111,83;82663764,62;3009
WINFUT;29/07/2013;17:00:00;135276,72;135331,69;135015,65;135084,35;110722176,80;4032
WINFUT;29/07/2013;16:30:00;135276,72;135524,05;135015,65;135235,50;258599077,50;9413
WINFUT;29/07/2013;16:00:00;135208,02;135304,20;134850,76;135262,98;245380569,90;8930
WINFUT;29/07/2013;15:30:00;135153,06;135400,39;135098,09;135208,02;191517212,70;6969
WINFUT;29/07/2013;15:00:00;135111,83;135331,69;134891,98;135125,58;241945406,80;8804
WINFUT;29/07/2013;14:30:00;134974,43;135304,20;134672,13;135125,58;247194336,00;8999
WINFUT;29/07/2013;14:00:00;135166,80;135262,98;134878,24;134974,43;189785890,50;6907
WINFUT;29/07/2013;13:30:00;135111,83;135427,87;135070,61;135180,54;186295764,80;6779
WINFUT;29/07/2013;13:00:00;135015,65;135290,46;134850,76;135098,09;192369133,10;7005
WINFUT;29/07/2013;12:30:00;134891,98;135345,43;134823,28;135029,39;246589747,30;8974
WINFUT;29/07/2013;12:00:00;134960,69;135001,91;134466,02;134878,24;244693537,30;8910
WINFUT;29/07/2013;11:30:00;134960,69;135015,65;134438,54;134960,69;329280993,30;11985
WINFUT;29/07/2013;11:00:00;135262,98;135386,65;134438,54;134946,95;495625330,80;18044
WINFUT;29/07/2013;10:30:00;135125,58;135592,76;134960,69;135221,76;424393788,90;15450
WINFUT;29/07/2013;10:00:00;135098,09;135730,16;134520,99;135125,58;562789639,50;20490
WINFUT;29/07/2013;09:30:00;135056,87;135469,09;134878,24;135084,35;199266940,60;7252
WINFUT;29/07/2013;09:00:00;135455,35;135455,35;134782,06;135043,13;165464935,80;6021
WINFUT;26/07/2013;17:30:00;135853,83;135963,76;135730,16;135730,16;77827054,99;2836
WINFUT;26/07/2013;17:00:00;135908,79;135963,76;135675,20;135853,83;131745374,90;4796
WINFUT;26/07/2013;16:30:00;135111,83;135977,50;135001,91;135895,05;389822307,60;14190
WINFUT;26/07/2013;16:00:00;135111,83;135208,02;134740,84;135111,83;238400318,50;8677
WINFUT;26/07/2013;15:30:00;135139,32;135345,43;134988,17;135125,58;240351491,20;8747
WINFUT;26/07/2013;15:00:00;135070,61;135249,24;134782,06;135125,58;273988608,10;9972
WINFUT;26/07/2013;14:30:00;134946,95;135125,58;134644,65;135056,87;267448057,60;9734
WINFUT;26/07/2013;14:00:00;135098,09;135510,31;134864,50;134946,95;259093741,00;9429
WINFUT;26/07/2013;13:30:00;134727,10;135400,39;134644,65;135098,09;285640681,40;10396
WINFUT;26/07/2013;13:00:00;134191,21;134782,06;134191,21;134740,84;233865903,20;8518
WINFUT;26/07/2013;12:30:00;133957,62;134301,14;133861,44;134191,21;275252748,20;10035
WINFUT;26/07/2013;12:00:00;133847,69;133957,62;133366,77;133943,88;473970062,70;17266
WINFUT;26/07/2013;11:30:00;134479,76;134795,80;133792,73;133847,69;585296828,10;21316
WINFUT;26/07/2013;11:00:00;134837,02;135153,06;134397,32;134493,51;454430855,00;16542
WINFUT;26/07/2013;10:30:00;135180,54;135579,02;134383,58;134850,76;589803762,10;21469
WINFUT;26/07/2013;10:00:00;134232,43;135633,98;134163,73;135166,80;568285900,50;20690
WINFUT;26/07/2013;09:30:00;134356,10;134603,43;134122,51;134246,17;159666380,50;5817
WINFUT;26/07/2013;09:00:00;134850,76;134850,76;134081,29;134383,58;191050030,50;6962
WINFUT;25/07/2013;17:30:00;135194,28;135317,94;134946,95;134946,95;129766720,90;4727
WINFUT;25/07/2013;17:00:00;134850,76;135290,46;134727,10;135194,28;166206931,00;6050
WINFUT;25/07/2013;16:30:00;134933,21;135015,65;134493,51;134837,02;366463198,60;13359
WINFUT;25/07/2013;16:00:00;134589,69;135208,02;134383,58;134946,95;492877200,30;17941
WINFUT;25/07/2013;15:30:00;134108,77;135125,58;134095,03;134603,43;510822492,30;18608
WINFUT;25/07/2013;15:00:00;133696,55;134603,43;133696,55;134108,77;537314470,10;19592
WINFUT;25/07/2013;14:30:00;133833,95;134053,80;133325,55;133696,55;293472853,20;10701
WINFUT;25/07/2013;14:00:00;133778,99;134095,03;133517,92;133861,44;263463268,40;9616
WINFUT;25/07/2013;13:30:00;133325,55;133930,14;133188,14;133751,51;257912044,90;9401
WINFUT;25/07/2013;13:00:00;133311,81;133545,40;133146,92;133311,81;173461995,40;6317
WINFUT;25/07/2013;12:30:00;133174,40;133655,33;133050,74;133311,81;355525639,30;12965
WINFUT;25/07/2013;12:00:00;133559,14;133888,92;132940,81;133160,66;490513808,10;17883
WINFUT;25/07/2013;11:30:00;133655,33;133751,51;133174,40;133559,14;326010718,00;11900
WINFUT;25/07/2013;11:00:00;133050,74;134204,95;133050,74;133682,81;643254899,80;23468
WINFUT;25/07/2013;10:30:00;132212,56;133504,18;131896,52;133037,00;759583262,70;27730
WINFUT;25/07/2013;10:00:00;131759,12;132295,00;131456,82;132171,34;331974161,10;12143
WINFUT;25/07/2013;09:30:00;131621,71;132006,45;131415,60;131745,37;210644200,70;7695
WINFUT;25/07/2013;09:00:00;132198,82;132459,89;131470,56;131553,01;253762367,90;9283
WINFUT;24/07/2013;17:30:00;132913,33;133078,22;132844,63;133009,51;77662167,16;2838
WINFUT;24/07/2013;17:00:00;132652,26;133091,96;132638,52;132913,33;199102052,80;7286
WINFUT;24/07/2013;16:30:00;132707,22;132720,96;132130,11;132638,52;437722221,70;15992
WINFUT;24/07/2013;16:00:00;132597,30;132899,59;132349,96;132679,74;310731112,60;11343
WINFUT;24/07/2013;15:30:00;132198,82;132707,22;131910,26;132597,30;290614797,50;10628
WINFUT;24/07/2013;15:00:00;132198,82;132446,15;131992,71;132212,56;295039287,60;10789
WINFUT;24/07/2013;14:30:00;132349,96;132404,93;131731,63;132198,82;397407147,70;14545
WINFUT;24/07/2013;14:00:00;132418,67;132556,07;132047,67;132349,96;290669760,10;10619
WINFUT;24/07/2013;13:30:00;132927,07;132954,55;132295,00;132418,67;254669250,90;9296
WINFUT;24/07/2013;13:00:00;132954,55;133201,88;132666,00;132927,07;174643691,60;6362
WINFUT;24/07/2013;12:30:00;132817,15;133215,62;132720,96;132954,55;257692194,40;9406
WINFUT;24/07/2013;12:00:00;133407,99;133545,40;132789,66;132803,41;292208713,20;10656
WINFUT;24/07/2013;11:30:00;133119,44;133655,33;133037,00;133421,73;271212996,40;9879
WINFUT;24/07/2013;11:00:00;133064,48;133353,03;132652,26;133105,70;418237976,70;15255
WINFUT;24/07/2013;10:30:00;133943,88;134122,51;132872,11;133160,66;513048478,00;18709
WINFUT;24/07/2013;10:00:00;134040,06;134040,06;133229,37;133916,40;349809527,90;12763
WINFUT;24/07/2013;09:30:00;134383,58;134520,99;133861,44;134040,06;193633273,10;7053
WINFUT;24/07/2013;09:00:00;134218,69;134891,98;134108,77;134356,10;162359548,30;5915
WINFUT;23/07/2013;17:30:00;134053,80;134383,58;133930,14;134383,58;107781677,10;3931
WINFUT;23/07/2013;17:00:00;133998,84;134301,14;133682,81;134053,80;207648738,50;7587
WINFUT;23/07/2013;16:30:00;134672,13;134699,62;133641,58;133998,84;449841477,10;16404
WINFUT;23/07/2013;16:00:00;134699,62;134988,17;134438,54;134658,39;239966752,90;8736
WINFUT;23/07/2013;15:30:00;134878,24;134946,95;134493,51;134685,87;197150880,10;7181
WINFUT;23/07/2013;15:00:00;134383,58;135001,91;134383,58;134864,50;289405620,10;10538
WINFUT;23/07/2013;14:30:00;134548,47;134644,65;134177,47;134397,32;209544948,60;7634
WINFUT;23/07/2013;14:00:00;134246,17;134658,39;134191,21;134548,47;150267774,30;5475
WINFUT;23/07/2013;13:30:00;134823,28;134837,02;134095,03;134246,17;188274418,70;6856
WINFUT;23/07/2013;13:00:00;134397,32;134864,50;134356,10;134823,28;135427869,70;4935
WINFUT;23/07/2013;12:30:00;135180,54;135221,76;134342,36;134383,58;281848261,30;10261
WINFUT;23/07/2013;12:00:00;134630,91;135317,94;134232,43;135180,54;371574721,20;13525
WINFUT;23/07/2013;11:30:00;134246,17;134905,72;134026,32;134630,91;386634476,20;14086
WINFUT;23/07/2013;11:00:00;135153,06;135180,54;134136,25;134246,17;513350772,30;18696
WINFUT;23/07/2013;10:30:00;135359,17;135606,50;134933,21;135153,06;412411940,10;15007
WINFUT;23/07/2013;10:00:00;134685,87;135427,87;134397,32;135345,43;420408999,70;15300
WINFUT;23/07/2013;09:30:00;134919,47;134988,17;134438,54;134740,84;159996156,10;5824
WINFUT;23/07/2013;09:00:00;134287,40;134988,17;134246,17;134905,72;233426202,40;8504
WINFUT;22/07/2013;17:30:00;133710,29;133916,40;133586,62;133833,95;107589308,00;3941
WINFUT;22/07/2013;17:00:00;133256,85;133861,44;133229,37;133710,29;183602596,90;6710
WINFUT;22/07/2013;16:30:00;133916,40;133957,62;133091,96;133243,11;465560783,40;16988
WINFUT;22/07/2013;16:00:00;133875,18;134438,54;133737,77;133943,88;457343873,30;16684
WINFUT;22/07/2013;15:30:00;132899,59;133930,14;132872,11;133861,44;472486072,20;17252
WINFUT;22/07/2013;15:00:00;132611,04;133009,51;132528,59;132872,11;211441158,60;7713
WINFUT;22/07/2013;14:30:00;132666,00;132720,96;132322,48;132624,78;202537215,90;7401
WINFUT;22/07/2013;14:00:00;132720,96;133105,70;132501,11;132666,00;206274673,30;7537
WINFUT;22/07/2013;13:30:00;131676,67;133105,70;131539,27;132707,22;532697610,90;19477
WINFUT;22/07/2013;13:00:00;131498,04;131704,15;131346,90;131676,67;146282985,10;5339
WINFUT;22/07/2013;12:30:00;131525,52;131800,34;131291,93;131498,04;152741091,70;5571
WINFUT;22/07/2013;12:00:00;131511,78;132088,89;131374,38;131498,04;263820525,40;9629
WINFUT;22/07/2013;11:30:00;131814,08;131869,04;131456,82;131511,78;266843468,90;9735
WINFUT;22/07/2013;11:00:00;130975,90;132047,67;130742,31;131814,08;566856872,60;20745
WINFUT;22/07/2013;10:30:00;131044,60;131319,41;130618,64;131044,60;397049890,70;14526
WINFUT;22/07/2013;10:00:00;130536,20;131140,79;129917,87;131030,86;461246218,60;16910
WINFUT;22/07/2013;09:30:00;130412,53;130604,90;130082,76;130536,20;187340054,30;6857
WINFUT;22/07/2013;09:00:00;130481,23;130659,86;130275,13;130385,05;117565021,60;4318
WINFUT;19/07/2013;17:30:00;130288,87;130673,60;130275,13;130673,60;122291806,00;4539
WINFUT;19/07/2013;17:00:00;130178,94;130398,79;130041,53;130330,09;162359548,30;5976
WINFUT;19/07/2013;16:30:00;129519,39;130288,87;129505,65;130165,20;314111313,10;11571
WINFUT;19/07/2013;16:00:00;129698,02;129807,94;129299,54;129519,39;191737063,10;7032
WINFUT;19/07/2013;15:30:00;129354,50;129849,16;129285,80;129684,28;221939017,00;8130
WINFUT;19/07/2013;15:00:00;129533,13;130069,02;129313,28;129354,50;279704719,50;10252
WINFUT;19/07/2013;14:30:00;129629,31;129711,76;129395,72;129546,87;164695459,20;6059
WINFUT;19/07/2013;14:00:00;130069,02;130233,90;129464,43;129615,57;245408051,20;9027
WINFUT;19/07/2013;13:30:00;130014,05;130192,68;129890,39;130055,27;131195748,80;4824
WINFUT;19/07/2013;13:00:00;129725,50;130069,02;129601,83;130014,05;164585534,00;6039
WINFUT;19/07/2013;12:30:00;130110,24;130330,09;129588,09;129711,76;265029702,80;9724
WINFUT;19/07/2013;12:00:00;129698,02;130151,46;129698,02;130096,50;288004073,60;10573
WINFUT;19/07/2013;11:30:00;129203,35;129917,87;129175,87;129670,54;314743383,10;11553
WINFUT;19/07/2013;11:00:00;129780,46;130000,31;129052,21;129203,35;429175536,00;15772
WINFUT;19/07/2013;10:30:00;129725,50;130069,02;129299,54;129766,72;468886021,30;17183
WINFUT;19/07/2013;10:00:00;129766,72;129931,61;129354,50;129739,24;337387978,20;12374
WINFUT;19/07/2013;09:30:00;130288,87;130536,20;129629,31;129725,50;273658832,50;10022
WINFUT;19/07/2013;09:00:00;130178,94;130756,05;129835,42;130288,87;179260550,70;6589
WINFUT;18/07/2013;17:30:00;130151,46;130467,49;129986,57;130467,49;117070358,10;4349
WINFUT;18/07/2013;17:00:00;130948,42;131030,86;130137,72;130165,20;265799179,30;9777
WINFUT;18/07/2013;16:30:00;130852,23;131127,05;130687,34;130975,90;287509410,10;10514
WINFUT;18/07/2013;16:00:00;130659,86;130962,16;130330,09;130879,71;252663115,70;9237
WINFUT;18/07/2013;15:30:00;130838,49;131223,23;130591,16;130659,86;322025928,80;11780
WINFUT;18/07/2013;15:00:00;130165,20;131030,86;130082,76;130838,49;329720694,10;12061
WINFUT;18/07/2013;14:30:00;130371,31;130728,57;130055,27;130151,46;260055586,70;9514
WINFUT;18/07/2013;14:00:00;130797,27;131044,60;130206,42;130385,05;303283679,00;11086
WINFUT;18/07/2013;13:30:00;130659,86;130838,49;130412,53;130783,53;247359223,90;9041
WINFUT;18/07/2013;13:00:00;130865,97;131140,79;130632,38;130673,60;266238880,20;9738
WINFUT;18/07/2013;12:30:00;131388,12;131745,37;130838,49;130865,97;292703376,70;10708
WINFUT;18/07/2013;12:00:00;131814,08;132033,93;131305,67;131346,90;336508576,40;12306
WINFUT;18/07/2013;11:30:00;130632,38;132006,45;130398,79;131786,60;534401451,80;19575
WINFUT;18/07/2013;11:00:00;129931,61;130948,42;129739,24;130632,38;486996201,10;17881
WINFUT;18/07/2013;10:30:00;129629,31;130330,09;129560,61;129862,91;456739284,60;16828
WINFUT;18/07/2013;10:00:00;129203,35;129643,06;128777,39;129601,83;356762298,00;13127
WINFUT;18/07/2013;09:30:00;129739,24;129821,68;129052,21;129203,35;212073228,60;7786
WINFUT;18/07/2013;09:00:00;129821,68;129986,57;129313,28;129739,24;147492162,50;5433
WINFUT;17/07/2013;17:30:00;129849,16;130371,31;129821,68;130357,57;109155742,40;4046
WINFUT;17/07/2013;17:00:00;129986,57;130178,94;129711,76;129849,16;166921444,90;6132
WINFUT;17/07/2013;16:30:00;129615,57;130261,38;129299,54;130000,31;482709117,60;17738
WINFUT;17/07/2013;16:00:00;130316,35;130385,05;129491,91;129588,09;358850877,20;13171
WINFUT;17/07/2013;15:30:00;130357,57;130426,27;129835,42;130330,09;310621187,40;11385
WINFUT;17/07/2013;15:00:00;130316,35;130536,20;130096,50;130371,31;273933645,50;10052
WINFUT;17/07/2013;14:30:00;129739,24;130398,79;129533,13;130343,83;255905909,60;9391
WINFUT;17/07/2013;14:00:00;130220,16;130302,61;129629,31;129711,76;232629244,50;8527
WINFUT;17/07/2013;13:30:00;129752,98;130371,31;129752,98;130220,16;248650845,20;9123
WINFUT;17/07/2013;13:00:00;129450,69;129945,35;129381,98;129766,72;268684716,30;9892
WINFUT;17/07/2013;12:30:00;129890,39;129945,35;129148,39;129423,20;380423701,40;13996
WINFUT;17/07/2013;12:00:00;129945,35;130467,49;129711,76;129862,91;378802304,40;13868
WINFUT;17/07/2013;11:30:00;130426,27;130673,60;129313,28;129959,09;563751485,20;20678
WINFUT;17/07/2013;11:00:00;130343,83;130920,94;130261,38;130426,27;434479427,80;15894
WINFUT;17/07/2013;10:30:00;129780,46;130398,79;129546,87;130288,87;553500958,50;20322
WINFUT;17/07/2013;10:00:00;129670,54;130151,46;129464,43;129780,46;357311924,10;13110
WINFUT;17/07/2013;09:30:00;127678,14;130027,79;127568,22;129670,54;620775192,50;22847
WINFUT;17/07/2013;09:00:00;128612,51;128612,51;127650,66;127788,07;213035074,30;7878
WINFUT;16/07/2013;17:30:00;128502,58;128708,69;128365,17;128708,69;77991942,82;2895
WINFUT;16/07/2013;17:00:00;128214,03;128653,73;128131,58;128502,58;168542841,90;6212
WINFUT;16/07/2013;16:30:00;128282,73;128667,47;128186,55;128227,77;319470167,50;11805
WINFUT;16/07/2013;16:00:00;128159,06;128378,92;127884,25;128282,73;294654549,30;10902
WINFUT;16/07/2013;15:30:00;128117,84;128433,88;127733,10;128172,81;301469912,90;11137
WINFUT;16/07/2013;15:00:00;127705,62;128241,51;127403,33;128117,84;355772971,00;13176
WINFUT;16/07/2013;14:30:00;127224,70;127746,85;127087,29;127705,62;231997174,50;8613
WINFUT;16/07/2013;14:00:00;127733,10;127746,85;127059,81;127238,44;261127357,50;9699
WINFUT;16/07/2013;13:30:00;127870,51;128021,66;127513,25;127733,10;187834717,80;6932
WINFUT;16/07/2013;13:00:00;127238,44;127870,51;126798,74;127843,03;345989626,50;12837
WINFUT;16/07/2013;12:30:00;127444,55;127458,29;126977,37;127224,70;204708238,90;7613
WINFUT;16/07/2013;12:00:00;127485,77;127678,14;126963,63;127403,33;384545897,10;14285
WINFUT;16/07/2013;11:30:00;127554,48;128241,51;127362,11;127472,03;455392700,70;16844
WINFUT;16/07/2013;11:00:00;127746,85;128282,73;127238,44;127540,74;532065540,90;19784
WINFUT;16/07/2013;10:30:00;129175,87;129175,87;127581,96;127719,36;659358944,40;24409
WINFUT;16/07/2013;10:00:00;129299,54;129849,16;128997,24;129203,35;423706756,30;15661
WINFUT;16/07/2013;09:30:00;128639,99;129491,91;128214,03;129313,28;308037944,70;11383
WINFUT;16/07/2013;09:00:00;128378,92;128749,91;127540,74;128639,99;214409139,50;7962
WINFUT;15/07/2013;17:30:00;128337,69;128392,66;128076,62;128131,58;108221378,00;4056
WINFUT;15/07/2013;17:00:00;127746,85;128420,14;127746,85;128323,95;313946425,20;11621
WINFUT;15/07/2013;16:30:00;128186,55;128186,55;127417,07;127733,10;462565321,20;17125
WINFUT;15/07/2013;16:00:00;127829,29;128475,10;127705,62;128172,81;394988792,90;14559
WINFUT;15/07/2013;15:30:00;127925,47;128172,81;127581,96;127829,29;341345286,00;12635
WINFUT;15/07/2013;15:00:00;127156,00;128186,55;127142,26;127925,47;509888127,90;18893
WINFUT;15/07/2013;14:30:00;126853,70;127389,59;126853,70;127156,00;307680687,70;11456
WINFUT;15/07/2013;14:00:00;126359,04;127059,81;126304,08;126853,70;266486212,00;9890
WINFUT;15/07/2013;13:30:00;126894,92;126908,67;126207,89;126317,82;221993979,60;8233
WINFUT;15/07/2013;13:00:00;126647,59;127169,74;126647,59;126881,18;329006180,20;12268
WINFUT;15/07/2013;12:30:00;126180,41;126730,04;126015,52;126675,07;346236958,30;12888
WINFUT;15/07/2013;12:00:00;125534,60;126276,60;125452,16;126194,15;280364270,80;10476
WINFUT;15/07/2013;11:30:00;126015,52;126125,45;125424,67;125534,60;371822053,00;13906
WINFUT;15/07/2013;11:00:00;125946,82;126427,74;125658,27;126015,52;391828442,80;14623
WINFUT;15/07/2013;10:30:00;125094,90;126056,74;125094,90;125905,60;575238670,60;21571
WINFUT;15/07/2013;10:00:00;124613,98;125149,86;124421,61;125108,64;241917925,50;8979
WINFUT;15/07/2013;09:30:00;124545,27;124820,09;124297,94;124627,72;131195748,80;4878
WINFUT;15/07/2013;09:00:00;123693,35;124696,42;123665,87;124545,27;158072464,80;5914
WINFUT;12/07/2013;17:30:00;124352,90;124490,31;123775,80;124009,39;141528719,40;5336
WINFUT;12/07/2013;17:00:00;124160,53;124435,35;124050,61;124352,90;113222975,50;4208
WINFUT;12/07/2013;16:30:00;124723,90;124723,90;124009,39;124201,76;469078390,40;17577
WINFUT;12/07/2013;16:00:00;125314,75;125493,38;124641,46;124696,42;352557658,40;13145
WINFUT;12/07/2013;15:30:00;125355,97;125713,23;125163,60;125314,75;216470237,40;8028
WINFUT;12/07/2013;15:00:00;125534,60;125589,56;125191,08;125355,97;170411570,60;6329
WINFUT;12/07/2013;14:30:00;125328,49;125713,23;125259,79;125534,60;195914221,40;7299
WINFUT;12/07/2013;14:00:00;125754,45;125754,45;125149,86;125328,49;342224687,80;12692
WINFUT;12/07/2013;13:30:00;125974,30;126249,11;125589,56;125740,71;281683373,50;10451
WINFUT;12/07/2013;13:00:00;125933,08;126152,93;125891,86;125960,56;125836894,40;4655
WINFUT;12/07/2013;12:30:00;126468,96;126523,93;125795,67;125960,56;301140137,20;11148
WINFUT;12/07/2013;12:00:00;126853,70;127101,03;126427,74;126482,71;239966752,90;8903
WINFUT;12/07/2013;11:30:00;126249,11;126963,63;126194,15;126853,70;355443195,40;13134
WINFUT;12/07/2013;11:00:00;126949,89;126949,89;126139,19;126262,85;475371609,20;17616
WINFUT;12/07/2013;10:30:00;126798,74;127265,92;126702,56;126922,41;414857776,20;15406
WINFUT;12/07/2013;10:00:00;126853,70;127114,78;126441,48;126826,22;317161737,90;11753
WINFUT;12/07/2013;09:30:00;126881,18;126991,11;126633,85;126839,96;150212811,60;5556
WINFUT;12/07/2013;09:00:00;127788,07;127788,07;126785,00;126936,15;202097515,00;7531
WINFUT;11/07/2013;17:30:00;127966,70;128268,99;127870,51;128268,99;104566364,50;3889
WINFUT;11/07/2013;17:00:00;127485,77;128062,88;127472,03;127980,44;148866227,70;5518
WINFUT;11/07/2013;16:30:00;127417,07;127843,03;127046,07;127485,77;329500843,70;12200
WINFUT;11/07/2013;16:00:00;127568,22;127746,85;127265,92;127417,07;250519573,90;9256
WINFUT;11/07/2013;15:30:00;127774,33;128062,88;127403,33;127540,74;268299978,10;9907
WINFUT;11/07/2013;15:00:00;127417,07;128200,29;127238,44;127760,59;405184356,90;14993
WINFUT;11/07/2013;14:30:00;126606,37;127623,18;126455,22;127417,07;405788945,60;15030
WINFUT;11/07/2013;14:00:00;126867,44;127087,29;126537,67;126606,37;186020951,70;6884
WINFUT;11/07/2013;13:30:00;126427,74;126949,89;126249,11;126881,18;174341397,20;6431
WINFUT;11/07/2013;13:00:00;126771,26;126798,74;126180,41;126455,22;169202393,20;6228
WINFUT;11/07/2013;12:30:00;127059,81;127156,00;126427,74;126785,00;216497718,70;7995
WINFUT;11/07/2013;12:00:00;126661,33;127156,00;126578,89;127046,07;249310396,50;9236
WINFUT;11/07/2013;11:30:00;126001,78;126798,74;125507,12;126647,59;491063434,20;18304
WINFUT;11/07/2013;11:00:00;126565,15;126592,63;125658,27;126001,78;493344382,50;18360
WINFUT;11/07/2013;10:30:00;127444,55;127581,96;126317,82;126565,15;640314400,20;23769
WINFUT;11/07/2013;10:00:00;127417,07;127554,48;126839,96;127444,55;379159561,30;14038
WINFUT;11/07/2013;09:30:00;127403,33;127980,44;127142,26;127403,33;280996340,90;10406
WINFUT;11/07/2013;09:00:00;127073,55;128447,62;126991,11;127348,37;253185260,50;9456
WINFUT;10/07/2013;17:30:00;124531,53;125520,86;124284,20;125520,86;142490565,00;5349
WINFUT;10/07/2013;17:00:00;124174,28;124765,12;124146,79;124545,27;171483341,50;6398
WINFUT;10/07/2013;16:30:00;124050,61;124339,16;123569,69;124146,79;325323685,40;12157
WINFUT;10/07/2013;16:00:00;123720,83;124119,31;123555,95;124036,87;373993076,10;13946
WINFUT;10/07/2013;15:30:00;124559,01;124655,20;123239,91;123720,83;544954272,80;20461
WINFUT;10/07/2013;15:00:00;124105,57;125067,42;123817,02;124545,27;707973372,40;26290
WINFUT;10/07/2013;14:30:00;124737,64;124930,01;124023,13;124119,31;336975758,60;12519
WINFUT;10/07/2013;14:00:00;124751,38;125191,08;124572,75;124737,64;254311994,00;9502
WINFUT;10/07/2013;13:30:00;124256,72;124957,49;124188,02;124751,38;277176439,50;10358
WINFUT;10/07/2013;13:00:00;124545,27;124545,27;124078,09;124270,46;198305094,90;7405
WINFUT;10/07/2013;12:30:00;124050,61;124613,98;124036,87;124531,53;229304006,70;8514
WINFUT;10/07/2013;12:00:00;125067,42;125122,38;123995,65;124064,35;392845251,10;14708
WINFUT;10/07/2013;11:30:00;125081,16;125287,27;124613,98;125081,16;384408490,50;14284
WINFUT;10/07/2013;11:00:00;125122,38;125754,45;124861,31;125053,68;525332621,20;19577
WINFUT;10/07/2013;10:30:00;124050,61;125177,34;124050,61;125108,64;602747456,60;22494
WINFUT;10/07/2013;10:00:00;123885,72;124256,72;123583,43;124064,35;298364525,40;11111
WINFUT;10/07/2013;09:30:00;124105,57;124352,90;123803,28;123899,46;172225336,70;6436
WINFUT;10/07/2013;09:00:00;123267,39;124160,53;123267,39;124078,09;205010533,30;7666
WINFUT;08/07/2013;17:30:00;122923,88;123143,73;122745,25;123143,73;63426851,31;2458
WINFUT;08/07/2013;17:00:00;123198,69;123226,17;122882,65;122923,88;126221632,60;4708
WINFUT;08/07/2013;16:30:00;124050,61;124078,09;122662,80;123198,69;513982842,30;19519
WINFUT;08/07/2013;16:00:00;124682,68;124710,16;123899,46;124036,87;397214778,60;14864
WINFUT;08/07/2013;15:30:00;124792,60;125218,56;124517,79;124655,20;366435717,30;13678
WINFUT;08/07/2013;15:00:00;124188,02;125163,60;124188,02;124765,12;402601114,30;14994
WINFUT;08/07/2013;14:30:00;124009,39;124517,79;123968,17;124188,02;236229295,50;8759
WINFUT;08/07/2013;14:00:00;124146,79;124613,98;123899,46;124009,39;296001133,20;11005
WINFUT;08/07/2013;13:30:00;124119,31;124504,05;124119,31;124146,79;189785890,50;7053
WINFUT;08/07/2013;13:00:00;124078,09;124366,64;123885,72;124091,83;206741855,50;7721
WINFUT;08/07/2013;12:30:00;124407,87;124476,57;123775,80;124091,83;374680108,70;13992
WINFUT;08/07/2013;12:00:00;123267,39;124407,87;123006,32;124407,87;389410088,00;14644
WINFUT;08/07/2013;11:30:00;123871,98;123940,68;122978,84;123253,65;351183593,10;13283
WINFUT;08/07/2013;11:00:00;123528,46;124270,46;123336,10;123885,72;524068481,20;19666
WINFUT;08/07/2013;10:30:00;123171,21;123610,91;122113,18;123528,46;812594699,50;30784
WINFUT;08/07/2013;10:00:00;122717,77;123267,39;122360,51;123157,47;354398905,80;13466
WINFUT;08/07/2013;09:30:00;123473,50;123500,98;122662,80;122717,77;196161553,20;7431
WINFUT;08/07/2013;09:00:00;124009,39;124188,02;123033,80;123500,98;217459564,30;8219
WINFUT;05/07/2013;17:30:00;123404,80;124050,61;122978,84;124050,61;234965155,40;8858
WINFUT;05/07/2013;17:00:00;122827,69;123775,80;122566,62;123432,28;346649177,90;13162
WINFUT;05/07/2013;16:30:00;121632,25;122978,84;121247,52;122841,43;463774498,60;17734
WINFUT;05/07/2013;16:00:00;121962,03;123459,76;121453,63;121659,74;860714464,10;32834
WINFUT;05/07/2013;15:30:00;121398,66;122085,70;121233,78;121962,03;664635354,90;25223
WINFUT;05/07/2013;15:00:00;120587,97;121522,33;120326,89;121384,92;391910886,70;14807
WINFUT;05/07/2013;14:30:00;120203,23;120752,85;119928,41;120629,19;347198803,90;13188
WINFUT;05/07/2013;14:00:00;121426,14;121522,33;120093,30;120216,97;464763825,60;17685
WINFUT;05/07/2013;13:30:00;121220,04;121659,74;121220,04;121426,14;174368878,50;6568
WINFUT;05/07/2013;13:00:00;122058,21;122168,14;121110,11;121206,29;305866921,60;11656
WINFUT;05/07/2013;12:30:00;122264,32;122346,77;121783,40;122044,47;282480331,30;10679
WINFUT;05/07/2013;12:00:00;122800,21;123075,02;122140,66;122278,07;357751625,00;13567
WINFUT;05/07/2013;11:30:00;122786,47;123184,95;122511,66;122786,47;270196188,10;10168
WINFUT;05/07/2013;11:00:00;123212,43;123239,91;122333,03;122745,25;498950568,70;18886
WINFUT;05/07/2013;10:30:00;123954,42;124380,39;123116,25;123239,91;676040096,30;25327
WINFUT;05/07/2013;10:00:00;123555,95;124174,28;123253,65;123954,42;354426387,10;13128
WINFUT;05/07/2013;09:30:00;125424,67;125424,67;123253,65;123597,17;614317085,90;22894
WINFUT;05/07/2013;09:00:00;125039,94;125589,56;124435,35;125424,67;181678905,60;6751
WINFUT;04/07/2013;17:30:00;125053,68;125314,75;124902,53;125314,75;97283818,74;3694
WINFUT;04/07/2013;17:00:00;125122,38;125246,05;124723,90;125026,20;103659481,40;3861
WINFUT;04/07/2013;16:30:00;124600,24;125575,82;124449,09;125122,38;167443589,70;6240
WINFUT;04/07/2013;16:00:00;124311,68;124916,27;124311,68;124613,98;111738985,00;4164
WINFUT;04/07/2013;15:30:00;124270,46;124682,68;124188,02;124284,20;111684022,40;4202
WINFUT;04/07/2013;15:00:00;124792,60;124847,57;124188,02;124284,20;153785381,30;5769
WINFUT;04/07/2013;14:30:00;125438,42;125644,53;124559,01;124820,09;137104229,30;5141
WINFUT;04/07/2013;14:00:00;125053,68;125726,97;124861,31;125438,42;107589308,00;3997
WINFUT;04/07/2013;13:30:00;125342,23;125397,19;124943,75;125053,68;62794781,31;2355
WINFUT;04/07/2013;13:00:00;125108,64;125644,53;124847,57;125342,23;167196258,00;6239
WINFUT;04/07/2013;12:30:00;125314,75;125864,38;125094,90;125094,90;103412149,70;3847
WINFUT;04/07/2013;12:00:00;125177,34;125672,01;124765,12;125328,49;185856063,90;6945
WINFUT;04/07/2013;11:30:00;125672,01;125919,34;124943,75;125177,34;192011876,10;7162
WINFUT;04/07/2013;11:00:00;125465,90;126111,71;125191,08;125672,01;218971036,10;8180
WINFUT;04/07/2013;10:30:00;125589,56;125713,23;124806,35;125520,86;207648738,50;7772
WINFUT;04/07/2013;10:00:00;125026,20;125891,86;124545,27;125548,34;319607574,00;11937
WINFUT;04/07/2013;09:30:00;124600,24;125136,12;124490,31;125012,46;132872108,40;4910
WINFUT;04/07/2013;09:00:00;123940,68;124875,05;123940,68;124545,27;190857661,30;7148
WINFUT;03/07/2013;17:30:00;122346,77;123075,02;122264,32;123075,02;119131456,00;4573
WINFUT;03/07/2013;17:00:00;121948,29;122594,10;121934,55;122346,77;173846733,70;6673
WINFUT;03/07/2013;16:30:00;121852,11;122113,18;121508,59;121948,29;93738730,43;3570
WINFUT;03/07/2013;16:00:00;121989,51;122195,62;121302,48;121907,07;218229040,90;8357
WINFUT;03/07/2013;15:30:00;122113,18;122511,66;121646,00;121989,51;237988099,00;9070
WINFUT;03/07/2013;15:00:00;123088,76;123129,99;121893,33;122113,18;256373091,80;9835
WINFUT;03/07/2013;14:30:00;124242,98;124311,68;122978,84;123061,28;257664713,10;9894
WINFUT;03/07/2013;14:00:00;124215,50;124600,24;123954,42;124242,98;174671172,90;6580
WINFUT;03/07/2013;13:30:00;125026,20;125108,64;123940,68;124215,50;356460003,60;13338
WINFUT;03/07/2013;13:00:00;124613,98;125287,27;124380,39;125026,20;272669505,50;10163
WINFUT;03/07/2013;12:30:00;124613,98;124916,27;124215,50;124586,49;304465375,10;11335
WINFUT;03/07/2013;12:00:00;123817,02;124655,20;123789,54;124613,98;494636003,80;18580
WINFUT;03/07/2013;11:30:00;123432,28;123940,68;123129,99;123844,50;335161992,50;12599
WINFUT;03/07/2013;11:00:00;123047,54;123624,65;122442,95;123418,54;529372373,00;20005
WINFUT;03/07/2013;10:30:00;123514,72;123871,98;122470,43;123116,25;713607039,90;26917
WINFUT;03/07/2013;10:00:00;121769,66;123610,91;121769,66;123528,46;596893938,70;22664
WINFUT;03/07/2013;09:30:00;122016,99;122552,88;121618,51;121769,66;265414441,10;10038
WINFUT;03/07/2013;09:00:00;121563,55;122264,32;121000,18;121989,51;287976592,30;11069
WINFUT;02/07/2013;17:30:00;123542,21;123610,91;122333,03;122333,03;259725811,00;9940
WINFUT;02/07/2013;17:00:00;123954,42;124023,13;123336,10;123528,46;235597225,40;8799
WINFUT;02/07/2013;16:30:00;123707,09;124133,05;123226,17;123968,17;442888707,00;16644
WINFUT;02/07/2013;16:00:00;123981,91;124352,90;123555,95;123720,83;418292939,30;15611
WINFUT;02/07/2013;15:30:00;122415,47;124174,28;122374,25;124009,39;596701569,60;22363
WINFUT;02/07/2013;15:00:00;124462,83;124476,57;122374,25;122415,47;712837563,40;26614
WINFUT;02/07/2013;14:30:00;124655,20;124957,49;124091,83;124449,09;505601044,40;18843
WINFUT;02/07/2013;14:00:00;125933,08;125946,82;124504,05;124655,20;426207555,00;15837
WINFUT;02/07/2013;13:30:00;125672,01;126001,78;125438,42;125933,08;256070797,50;9518
WINFUT;02/07/2013;13:00:00;126043,00;126249,11;125520,86;125672,01;321476302,70;11989
WINFUT;02/07/2013;12:30:00;126785,00;126867,44;126001,78;126070,49;375806842,20;13999
WINFUT;02/07/2013;12:00:00;127169,74;127238,44;126688,81;126771,26;345659850,90;12796
WINFUT;02/07/2013;11:30:00;127444,55;127540,74;126908,67;127169,74;304465375,10;11310
WINFUT;02/07/2013;11:00:00;128255,25;128475,10;127375,85;127444,55;606402470,10;22530
WINFUT;02/07/2013;10:30:00;128268,99;128708,69;128062,88;128268,99;522557009,40;19335
WINFUT;02/07/2013;10:00:00;127884,25;128530,06;127856,77;128282,73;325928274,10;12031
WINFUT;02/07/2013;09:30:00;128214,03;128406,40;127829,29;127884,25;195254670,10;7174
WINFUT;02/07/2013;09:00:00;129574,35;129601,83;127952,95;128200,29;261759427,50;9663
WINFUT;01/07/2013;17:30:00;129381,98;129739,24;129203,35;129739,24;181459055,10;6727
WINFUT;01/07/2013;17:00:00;128914,80;129505,65;128887,32;129381,98;189483596,10;6968
WINFUT;01/07/2013;16:30:00;129423,20;129423,20;128667,47;128901,06;514477505,80;18978
WINFUT;01/07/2013;16:00:00;129656,80;129835,42;129285,80;129436,95;279512350,40;10289
WINFUT;01/07/2013;15:30:00;129395,72;129794,20;129107,17;129656,80;388283354,50;14323
WINFUT;01/07/2013;15:00:00;129574,35;129807,94;129010,99;129409,46;457014097,60;16839
WINFUT;01/07/2013;14:30:00;130316,35;130343,83;129533,13;129588,09;332276455,50;12195
WINFUT;01/07/2013;14:00:00;129643,06;130330,09;129175,87;130302,61;343763640,90;12649
WINFUT;01/07/2013;13:30:00;129340,76;129780,46;129079,69;129629,31;270663370,30;9969
WINFUT;01/07/2013;13:00:00;129574,35;129780,46;129203,35;129340,76;335079548,60;12323
WINFUT;01/07/2013;12:30:00;129189,61;129670,54;128901,06;129601,83;291741531,00;10757
WINFUT;01/07/2013;12:00:00;128956,02;129684,28;128942,28;129175,87;395043755,50;14602
WINFUT;01/07/2013;11:30:00;128255,25;129217,09;128104,10;128983,50;398863656,80;14776
WINFUT;01/07/2013;11:00:00;127952,95;128653,73;127843,03;128255,25;378472528,70;14019
WINFUT;01/07/2013;10:30:00;128983,50;129739,24;127664,40;127925,47;781018680,40;28871
WINFUT;01/07/2013;10:00:00;128736,17;129533,13;128722,43;128969,76;399165951,20;14698
WINFUT;01/07/2013;09:30:00;128859,84;129120,91;128639,99;128736,17;172472668,50;6340
WINFUT;01/07/2013;09:00:00;130220,16;130536,20;128543,80;128859,84;394274278,90;14601
WINFUT;28/06/2013;17:30:00;129327,02;129656,80;129162,13;129272,06;248403513,40;9187
WINFUT;28/06/2013;17:00:00;130137,72;130206,42;129107,17;129327,02;433545063,40;16000
WINFUT;28/06/2013;16:30:00;130137,72;130467,49;129904,13;130123,98;412411940,10;15187
WINFUT;28/06/2013;16:00:00;130069,02;130206,42;129588,09;130123,98;380835920,90;14008
WINFUT;28/06/2013;15:30:00;129780,46;130110,24;129409,46;130082,76;447862823,20;16497
WINFUT;28/06/2013;15:00:00;130027,79;130536,20;129601,83;129794,20;486638944,10;17932
WINFUT;28/06/2013;14:30:00;129986,57;130371,31;129574,35;130014,05;405898870,80;14951
WINFUT;28/06/2013;14:00:00;129574,35;130014,05;129464,43;129972,83;231475029,70;8499
WINFUT;28/06/2013;13:30:00;129340,76;129780,46;129107,17;129560,61;237493435,50;8735
WINFUT;28/06/2013;13:00:00;129574,35;129629,31;129038,47;129340,76;282370406,10;10415
WINFUT;28/06/2013;12:30:00;129093,43;129656,80;128887,32;129588,09;285365868,30;10550
WINFUT;28/06/2013;12:00:00;129794,20;130069,02;128969,76;129093,43;473447917,90;17481
WINFUT;28/06/2013;11:30:00;129574,35;130027,79;129560,61;129807,94;476745674,40;17525
WINFUT;28/06/2013;11:00:00;129093,43;129711,76;129065,95;129574,35;509860646,60;18771
WINFUT;28/06/2013;10:30:00;129423,20;130123,98;128887,32;129079,69;700251125,80;25850
WINFUT;28/06/2013;10:00:00;129862,91;129931,61;129120,91;129395,72;361159306,70;13345
WINFUT;28/06/2013;09:30:00;130096,50;130192,68;129629,31;129890,39;216415274,70;7968
WINFUT;28/06/2013;09:00:00;130948,42;131278,19;129739,24;130069,02;234855230,20;8636
WINFUT;27/06/2013;17:30:00;130769,79;131044,60;130673,60;130948,42;142270714,60;5243
WINFUT;27/06/2013;17:00:00;130893,45;131003,38;130536,20;130742,31;260192993,20;9549
WINFUT;27/06/2013;16:30:00;131649,19;131690,41;130591,16;130893,45;517885187,60;18923
WINFUT;27/06/2013;16:00:00;130948,42;131704,15;130687,34;131649,19;392460512,80;14373
WINFUT;27/06/2013;15:30:00;131003,38;131278,19;130728,57;130934,68;390646746,70;14256
WINFUT;27/06/2013;15:00:00;130659,86;131085,82;130247,64;131003,38;555177318,10;20341
WINFUT;27/06/2013;14:30:00;131127,05;131456,82;130536,20;130646,12;370475469,10;13538
WINFUT;27/06/2013;14:00:00;131319,41;131484,30;130920,94;131154,53;302129464,20;11048
WINFUT;27/06/2013;13:30:00;130549,94;131484,30;130481,23;131333,16;384216121,40;14048
WINFUT;27/06/2013;13:00:00;130701,09;130783,53;130220,16;130549,94;316337298,70;11607
WINFUT;27/06/2013;12:30:00;130714,83;130783,53;130343,83;130687,34;315897597,90;11566
WINFUT;27/06/2013;12:00:00;131360,64;131484,30;130673,60;130742,31;423047205,00;15469
WINFUT;27/06/2013;11:30:00;131951,48;132088,89;131305,67;131346,90;421453289,30;15399
WINFUT;27/06/2013;11:00:00;131662,93;132006,45;131127,05;131937,74;470754750,00;17186
WINFUT;27/06/2013;10:30:00;130811,01;131800,34;130604,90;131635,45;652818393,80;23849
WINFUT;27/06/2013;10:00:00;129931,61;131017,12;129835,42;130783,53;491338247,20;18010
WINFUT;27/06/2013;09:30:00;130123,98;130467,49;129876,65;129945,35;222763456,10;8220
WINFUT;27/06/2013;09:00:00;130426,27;130481,23;129986,57;130137,72;119928413,80;4414
WINFUT;26/06/2013;17:30:00;129327,02;129794,20;129230,84;129725,50;164695459,20;6072
WINFUT;26/06/2013;17:00:00;129876,65;130110,24;129162,13;129340,76;221334428,30;8136
WINFUT;26/06/2013;16:30:00;130275,13;130659,86;129835,42;129862,91;350936261,40;12864
WINFUT;26/06/2013;16:00:00;129670,54;130275,13;129670,54;130275,13;294929362,40;10842
WINFUT;26/06/2013;15:30:00;130027,79;130082,76;129395,72;129670,54;418760121,50;15378
WINFUT;26/06/2013;15:00:00;130275,13;130371,31;129849,16;130041,53;226748245,30;8287
WINFUT;26/06/2013;14:30:00;130123,98;130426,27;129670,54;130275,13;377263351,30;13840
WINFUT;26/06/2013;14:00:00;129766,72;130206,42;129588,09;130123,98;274153496,00;10049
WINFUT;26/06/2013;13:30:00;129588,09;129931,61;129203,35;129780,46;315512859,60;11591
WINFUT;26/06/2013;13:00:00;129107,17;129835,42;129038,47;129601,83;319690017,90;11777
WINFUT;26/06/2013;12:30:00;129835,42;129959,09;129065,95;129120,91;359620353,70;13276
WINFUT;26/06/2013;12:00:00;130288,87;130398,79;129684,28;129862,91;427361769,80;15732
WINFUT;26/06/2013;11:30:00;130907,20;131058,34;130206,42;130261,38;356487484,90;13025
WINFUT;26/06/2013;11:00:00;130989,64;131388,12;130398,79;130948,42;506782740,50;18520
WINFUT;26/06/2013;10:30:00;130027,79;131182,01;129890,39;131003,38;708413073,30;25969
WINFUT;26/06/2013;10:00:00;130151,46;130151,46;129450,69;130014,05;397489591,60;14652
WINFUT;26/06/2013;09:30:00;130000,31;130357,57;129794,20;130137,72;247606555,60;9134
WINFUT;26/06/2013;09:00:00;129162,13;130220,16;129024,73;130000,31;246177527,80;9162
WINFUT;25/06/2013;17:30:00;128997,24;129134,65;128749,91;128749,91;199321903,20;7416
WINFUT;25/06/2013;17:00:00;128887,32;129739,24;128846,10;128997,24;388365798,40;14406
WINFUT;25/06/2013;16:30:00;128653,73;129272,06;128530,06;128901,06;477212856,60;17648
WINFUT;25/06/2013;16:00:00;128475,10;128736,17;128214,03;128626,25;340658253,40;12603
WINFUT;25/06/2013;15:30:00;127843,03;128983,50;127760,59;128488,84;597828303,10;22123
WINFUT;25/06/2013;15:00:00;127952,95;128351,43;127678,14;127843,03;507662142,30;18740
WINFUT;25/06/2013;14:30:00;127801,81;128214,03;127568,22;127952,95;281491004,30;10356
WINFUT;25/06/2013;14:00:00;128145,32;128159,06;127513,25;127815,55;314770864,40;11589
WINFUT;25/06/2013;13:30:00;127307,14;128296,47;127238,44;128131,58;349727084,00;12895
WINFUT;25/06/2013;13:00:00;127856,77;127884,25;127197,22;127320,88;244253836,40;9002
WINFUT;25/06/2013;12:30:00;128090,36;128337,69;127472,03;127856,77;494306228,20;18229
WINFUT;25/06/2013;12:00:00;128241,51;128557,54;127884,25;128090,36;424970896,30;15677
WINFUT;25/06/2013;11:30:00;127197,22;128406,40;127101,03;128241,51;538523647,50;19903
WINFUT;25/06/2013;11:00:00;127911,73;128310,21;126730,04;127197,22;885942301,90;32964
WINFUT;25/06/2013;10:30:00;128406,40;128557,54;127458,29;127801,81;565153031,80;20820
WINFUT;25/06/2013;10:00:00;128214,03;128653,73;127403,33;128378,92;484330514,50;17890
WINFUT;25/06/2013;09:30:00;128227,77;128516,32;127994,18;128241,51;225016923,10;8304
WINFUT;25/06/2013;09:00:00;127417,07;128310,21;127265,92;128227,77;243649247,70;9046
WINFUT;24/06/2013;17:30:00;126510,19;126812,48;126029,26;126812,48;167498552,30;6281
WINFUT;24/06/2013;17:00:00;126345,30;126675,07;125946,82;126523,93;286712452,20;10632
WINFUT;24/06/2013;16:30:00;126015,52;127210,96;125919,34;126345,30;727924799,70;26914
WINFUT;24/06/2013;16:00:00;127334,63;127595,70;125836,89;126001,78;642512904,60;23853
WINFUT;24/06/2013;15:30:00;127458,29;128310,21;127224,70;127348,37;695991523,60;25857
WINFUT;24/06/2013;15:00:00;126386,52;127568,22;126262,85;127458,29;634350957,10;23587
WINFUT;24/06/2013;14:30:00;126152,93;126785,00;126111,71;126400,26;403645403,90;15007
WINFUT;24/06/2013;14:00:00;125754,45;126496,45;125658,27;126194,15;439123768,30;16313
WINFUT;24/06/2013;13:30:00;125191,08;125864,38;125191,08;125768,19;425822816,80;15826
WINFUT;24/06/2013;13:00:00;124902,53;125301,01;124600,24;125177,34;326835157,10;12175
WINFUT;24/06/2013;12:30:00;124421,61;125507,12;124394,13;124916,27;458278237,70;16999
WINFUT;24/06/2013;12:00:00;125397,19;125452,16;124394,13;124435,35;535061003,10;19963
WINFUT;24/06/2013;11:30:00;125479,64;125933,08;125204,82;125369,71;432720624,30;16056
WINFUT;24/06/2013;11:00:00;125507,12;126180,41;125122,38;125479,64;562047644,30;20916
WINFUT;24/06/2013;10:30:00;126537,67;126771,26;125342,23;125534,60;772087256,40;28617
WINFUT;24/06/2013;10:00:00;126496,45;127128,52;126166,67;126523,93;417166205,80;15462
WINFUT;24/06/2013;09:30:00;126056,74;126936,15;126029,26;126468,96;276159631,20;10271
WINFUT;24/06/2013;09:00:00;127101,03;127238,44;125974,30;126111,71;236641515,00;8836
WINFUT;21/06/2013;17:30:00;129285,80;129574,35;128956,02;129574,35;173544439,40;6436
WINFUT;21/06/2013;17:00:00;129711,76;129931,61;128681,21;129285,80;340163589,90;12542
WINFUT;21/06/2013;16:30:00;129711,76;129917,87;129313,28;129711,76;324966428,40;11993
WINFUT;21/06/2013;16:00:00;129272,06;130522,46;129134,65;129725,50;582273884,60;21431
WINFUT;21/06/2013;15:30:00;129491,91;129533,13;128626,25;129244,58;498263536,00;18380
WINFUT;21/06/2013;15:00:00;129821,68;129986,57;129285,80;129505,65;343901047,40;12658
WINFUT;21/06/2013;14:30:00;130412,53;130701,09;129313,28;129835,42;449841477,10;16515
WINFUT;21/06/2013;14:00:00;131099,56;131305,67;130123,98;130412,53;495460443,00;18129
WINFUT;21/06/2013;13:30:00;129849,16;131140,79;129464,43;131099,56;390316971,10;14328
WINFUT;21/06/2013;13:00:00;129478,17;130357,57;129478,17;129835,42;331479497,60;12158
WINFUT;21/06/2013;12:30:00;129904,13;130261,38;128942,28;129436,95;467869213,00;17202
WINFUT;21/06/2013;12:00:00;130178,94;130494,98;129491,91;129904,13;498483386,50;18308
WINFUT;21/06/2013;11:30:00;129381,98;130371,31;129299,54;130137,72;527833419,90;19401
WINFUT;21/06/2013;11:00:00;130302,61;130646,12;129203,35;129340,76;641853353,30;23566
WINFUT;21/06/2013;10:30:00;130756,05;131030,86;130027,79;130316,35;729683603,20;26716
WINFUT;21/06/2013;10:00:00;131704,15;131704,15;130563,68;130797,27;472431109,60;17274
WINFUT;21/06/2013;09:30:00;132459,89;132514,85;131333,16;131717,89;323564881,90;11842
WINFUT;21/06/2013;09:00:00;132762,18;133311,81;131635,45;132487,37;309192159,50;11314
WINFUT;20/06/2013;17:30:00;132597,30;133050,74;132514,85;132927,07;225429142,70;8275
WINFUT;20/06/2013;17:00:00;131154,53;132707,22;130687,34;132611,04;559711733,40;20527
WINFUT;20/06/2013;16:30:00;130275,13;131264,45;129505,65;131195,75;658452061,30;24199
WINFUT;20/06/2013;16:00:00;128694,95;130357,57;128447,62;130288,87;621104968,20;22935
WINFUT;20/06/2013;15:30:00;128914,80;129436,95;128433,88;128653,73;490238995,10;18124
WINFUT;20/06/2013;15:00:00;130604,90;130948,42;128612,51;128887,32;778023218,20;28626
WINFUT;20/06/2013;14:30:00;129752,98;130646,12;129450,69;130577,42;418430345,80;15399
WINFUT;20/06/2013;14:00:00;129643,06;130467,49;129478,17;129766,72;437392446,10;16057
WINFUT;20/06/2013;13:30:00;129354,50;130110,24;129354,50;129656,80;384903154,00;14145
WINFUT;20/06/2013;13:00:00;130069,02;131360,64;129272,06;129340,76;628387513,90;23081
WINFUT;20/06/2013;12:30:00;129285,80;130522,46;128791,13;130069,02;898913477,70;33178
WINFUT;20/06/2013;12:00:00;128007,92;129327,02;127540,74;129299,54;820316946,20;30406
WINFUT;20/06/2013;11:30:00;127128,52;128159,06;126771,26;128007,92;751256427,40;28012
WINFUT;20/06/2013;11:00:00;126716,30;127499,51;126235,37;127142,26;717894123,40;26645
WINFUT;20/06/2013;10:30:00;127678,14;127829,29;125754,45;126743,78;1131212947,00;42039
WINFUT;20/06/2013;10:00:00;129093,43;129217,09;127540,74;127678,14;649135899,00;24022
WINFUT;20/06/2013;09:30:00;129285,80;129340,76;128763,65;129079,69;235899519,80;8729
WINFUT;20/06/2013;09:00:00;129656,80;129656,80;128708,69;129285,80;256070797,50;9468
WINFUT;19/06/2013;17:30:00;131209,49;131772,86;131099,56;131635,45;214628989,90;7919
WINFUT;19/06/2013;17:00:00;131882,78;132253,78;131195,75;131209,49;329033661,50;12048
WINFUT;19/06/2013;16:30:00;132336,22;132830,89;130920,94;131882,78;824191810,10;30116
WINFUT;19/06/2013;16:00:00;131800,34;132363,70;131429,34;132322,48;800612850,70;29262
WINFUT;19/06/2013;15:30:00;134040,06;134685,87;131635,45;131800,34;1196343639,00;43637
WINFUT;19/06/2013;15:00:00;135359,17;135757,65;133517,92;134053,80;1122528854,00;40915
WINFUT;19/06/2013;14:30:00;134933,21;135386,65;134891,98;135359,17;213859513,40;7783
WINFUT;19/06/2013;14:00:00;135043,13;135139,32;134727,10;134933,21;207291481,60;7546
WINFUT;19/06/2013;13:30:00;134905,72;135372,91;134713,36;135043,13;230046001,90;8373
WINFUT;19/06/2013;13:00:00;134988,17;135180,54;134699,62;134919,47;247469149,10;9011
WINFUT;19/06/2013;12:30:00;135331,69;135496,57;134974,43;134974,43;208170883,30;7576
WINFUT;19/06/2013;12:00:00;135359,17;135551,54;135056,87;135345,43;262116684,50;9540
WINFUT;19/06/2013;11:30:00;135620,24;135991,24;135125,58;135372,91;476498342,70;17346
WINFUT;19/06/2013;11:00:00;135936,27;136032,46;135372,91;135633,98;607529203,60;22114
WINFUT;19/06/2013;10:30:00;135908,79;136760,71;135537,79;135922,53;746282311,20;27158
WINFUT;19/06/2013;10:00:00;136540,86;136719,49;135812,61;135867,57;421288401,50;15331
WINFUT;19/06/2013;09:30:00;135812,61;136637,05;135730,16;136540,86;298364525,40;10857
WINFUT;19/06/2013;09:00:00;135524,05;135840,09;135455,35;135812,61;157907577,00;5747
WINFUT;18/06/2013;17:30:00;136004,98;136307,27;135798,87;135798,87;161754959,60;5889
WINFUT;18/06/2013;17:00:00;136128,64;136444,68;135936,27;136004,98;252690597,00;9195
WINFUT;18/06/2013;16:30:00;136169,86;136224,83;135688,94;136114,90;330517652,00;12027
WINFUT;18/06/2013;16:00:00;135757,65;136224,83;135510,31;136169,86;334172665,50;12160
WINFUT;18/06/2013;15:30:00;136101,16;136389,72;135688,94;135757,65;411834832,70;14990
WINFUT;18/06/2013;15:00:00;135139,32;136266,05;134823,28;136073,68;554160509,90;20167
WINFUT;18/06/2013;14:30:00;135771,39;135798,87;134946,95;135139,32;396967446,80;14446
WINFUT;18/06/2013;14:00:00;135496,57;135922,53;135455,35;135757,65;308862383,80;11239
WINFUT;18/06/2013;13:30:00;135235,50;135579,02;134946,95;135469,09;257252493,60;9362
WINFUT;18/06/2013;13:00:00;135290,46;135551,54;135029,39;135221,76;235927001,10;8585
WINFUT;18/06/2013;12:30:00;135359,17;135675,20;134727,10;135276,72;487463383,30;17746
WINFUT;18/06/2013;12:00:00;134191,21;135400,39;134067,55;135359,17;587193038,10;21389
WINFUT;18/06/2013;11:30:00;133847,69;134342,36;133600,36;134246,17;508816357,10;18563
WINFUT;18/06/2013;11:00:00;133971,36;133985,10;133064,48;133861,44;780441573,00;28476
WINFUT;18/06/2013;10:30:00;134012,58;134878,24;133957,62;133971,36;846753961,30;30863
WINFUT;18/06/2013;10:00:00;133765,25;134617,17;133449,22;134026,32;636247167,10;23200
WINFUT;18/06/2013;09:30:00;133765,25;134053,80;133504,18;133751,51;255933390,90;9330
WINFUT;18/06/2013;09:00:00;134754,58;135070,61;133435,48;133765,25;347803392,70;12694
WINFUT;17/06/2013;17:30:00;135139,32;135359,17;134919,47;135317,94;152713610,40;5565
WINFUT;17/06/2013;17:00:00;135977,50;136156,12;135125,58;135153,06;257087605,70;9362
WINFUT;17/06/2013;16:30:00;135496,57;136197,35;135414,13;135950,01;425300672,00;15478
WINFUT;17/06/2013;16:00:00;135221,76;135688,94;134933,21;135455,35;430164862,90;15654
WINFUT;17/06/2013;15:30:00;135730,16;136197,35;135043,13;135249,24;566911835,30;20638
WINFUT;17/06/2013;15:00:00;136884,38;136980,56;135579,02;135730,16;522089827,20;18998
WINFUT;17/06/2013;14:30:00;137365,30;137447,75;136746,97;136884,38;398341512,00;14495
WINFUT;17/06/2013;14:00:00;137530,19;137667,60;137117,97;137392,78;274428309,00;9986
WINFUT;17/06/2013;13:30:00;136705,75;137695,08;136692,01;137543,93;429065610,70;15613
WINFUT;17/06/2013;13:00:00;136499,64;136815,68;136389,72;136692,01;174176509,40;6338
WINFUT;17/06/2013;12:30:00;137090,49;137227,90;136417,20;136499,64;356707335,40;12980
WINFUT;17/06/2013;12:00:00;137186,67;137406,52;136856,90;137090,49;319854905,70;11639
WINFUT;17/06/2013;11:30:00;137585,15;137681,34;137049,27;137172,93;354481349,70;12899
WINFUT;17/06/2013;11:00:00;137708,82;138024,85;137406,52;137598,89;375477066,50;13663
WINFUT;17/06/2013;10:30:00;137131,71;137901,19;137063,01;137695,08;557375822,50;20282
WINFUT;17/06/2013;10:00:00;136953,08;137310,34;136692,01;137131,71;386799364,10;14075
WINFUT;17/06/2013;09:30:00;136966,82;137063,01;136637,05;136966,82;209544948,60;7627
WINFUT;17/06/2013;09:00:00;136678,27;137172,93;136527,12;136953,08;157495357,40;5731
WINFUT;14/06/2013;17:30:00;136073,68;136142,38;135620,24;135675,20;156973212,60;5717
WINFUT;14/06/2013;17:00:00;136692,01;136870,64;135895,05;136087,42;270938183,30;9859
WINFUT;14/06/2013;16:30:00;136582,08;136746,97;136142,38;136705,75;341894912,10;12441
WINFUT;14/06/2013;16:00:00;136197,35;136692,01;136032,46;136582,08;374130482,60;13614
WINFUT;14/06/2013;15:30:00;137049,27;137296,60;136169,86;136211,09;460861480,30;16772
WINFUT;14/06/2013;15:00:00;136719,49;137337,82;136458,42;137049,27;431264115,10;15693
WINFUT;14/06/2013;14:30:00;136650,79;136939,34;136444,68;136733,23;269536636,80;9808
WINFUT;14/06/2013;14:00:00;136801,93;137131,71;136444,68;136664,53;357174517,60;12997
WINFUT;14/06/2013;13:30:00;137379,04;137392,78;136719,49;136843,16;327247376,70;11908
WINFUT;14/06/2013;13:00:00;137447,75;137612,63;137145,45;137392,78;295176694,10;10741
WINFUT;14/06/2013;12:30:00;137763,78;137859,97;137008,04;137447,75;413813486,60;15058
WINFUT;14/06/2013;12:00:00;137640,11;137997,37;137310,34;137736,30;442421524,80;16098
WINFUT;14/06/2013;11:30:00;137640,11;138121,04;137420,26;137640,11;447642972,70;16289
WINFUT;14/06/2013;11:00:00;139041,66;139055,40;137585,15;137653,86;656693257,80;23895
WINFUT;14/06/2013;10:30:00;139234,03;139453,88;138313,41;139041,66;777968255,60;28299
WINFUT;14/06/2013;10:00:00;139000,44;139508,84;138601,96;139261,51;486886275,90;17712
WINFUT;14/06/2013;09:30:00;138478,29;139055,40;138038,59;139014,18;363605142,90;13230
WINFUT;14/06/2013;09:00:00;139618,77;139687,47;138340,89;138478,29;272449655,10;9913
WINFUT;13/06/2013;17:30:00;139096,62;139453,88;138890,51;139453,88;168735211,00;6137
WINFUT;13/06/2013;17:00:00;138409,59;139275,25;138382,11;139124,11;320596901,00;11666
WINFUT;13/06/2013;16:30:00;138849,29;139124,11;138368,37;138437,07;497136802,50;18088
WINFUT;13/06/2013;16:00:00;138670,66;138863,03;138244,70;138835,55;425877779,40;15497
WINFUT;13/06/2013;15:30:00;138519,52;138849,29;138299,67;138670,66;402628595,60;14651
WINFUT;13/06/2013;15:00:00;137956,15;138533,26;137928,67;138533,26;434314539,90;15804
WINFUT;13/06/2013;14:30:00;137763,78;138189,74;137406,52;137942,41;577684506,70;21021
WINFUT;13/06/2013;14:00:00;137818,74;138052,33;137612,63;137763,78;361489082,40;13154
WINFUT;13/06/2013;13:30:00;136746,97;137901,19;136733,23;137818,74;520440949,00;18938
WINFUT;13/06/2013;13:00:00;136884,38;137269,12;136623,31;136733,23;378060309,20;13757
WINFUT;13/06/2013;12:30:00;136801,93;136925,60;136389,72;136898,12;228039866,60;8298
WINFUT;13/06/2013;12:00:00;136142,38;136925,60;135661,46;136815,68;587687701,60;21386
WINFUT;13/06/2013;11:30:00;136568,34;137049,27;136114,90;136183,61;525992172,50;19140
WINFUT;13/06/2013;11:00:00;137186,67;137214,15;136307,27;136568,34;550120758,10;20018
WINFUT;13/06/2013;10:30:00;135977,50;137214,15;135276,72;137159,19;927054333,70;33735
WINFUT;13/06/2013;10:00:00;135469,09;136114,90;135098,09;135991,24;608710899,70;22153
WINFUT;13/06/2013;09:30:00;134782,06;135716,42;134328,62;135482,83;419309747,60;15268
WINFUT;13/06/2013;09:00:00;134658,39;135043,13;133971,36;134740,84;257334937,50;9378
WINFUT;12/06/2013;17:30:00;135276,72;135867,57;135262,98;135867,57;115943624,70;4228
WINFUT;12/06/2013;17:00:00;135675,20;135702,68;134878,24;135249,24;181184242,10;6595
WINFUT;12/06/2013;16:30:00;134960,69;135853,83;134644,65;135647,72;474904427,00;17290
WINFUT;12/06/2013;16:00:00;134960,69;135084,35;134218,69;134946,95;470397493,00;17140
WINFUT;12/06/2013;15:30:00;135180,54;135386,65;134617,17;134974,43;455172850,20;16569
WINFUT;12/06/2013;15:00:00;136128,64;136266,05;135015,65;135194,28;509805684,00;18560
WINFUT;12/06/2013;14:30:00;137172,93;137502,71;136032,46;136211,09;478559440,60;17415
WINFUT;12/06/2013;14:00:00;136279,79;137186,67;136087,42;137172,93;317299144,40;11546
WINFUT;12/06/2013;13:30:00;136238,57;136513,38;135977,50;136293,53;304740188,10;11089
WINFUT;12/06/2013;13:00:00;136623,31;136637,05;135743,90;136252,31;401117123,80;14596
WINFUT;12/06/2013;12:30:00;137269,12;137502,71;136499,64;136623,31;433077881,20;15760
WINFUT;12/06/2013;12:00:00;137461,49;137901,19;137227,90;137269,12;357806587,60;13020
WINFUT;12/06/2013;11:30:00;137901,19;138052,33;137296,60;137434,00;393312433,30;14312
WINFUT;12/06/2013;11:00:00;137887,45;138052,33;137475,23;137914,93;375971730,00;13681
WINFUT;12/06/2013;10:30:00;138450,81;138849,29;137873,71;137901,19;465258489,10;16930
WINFUT;12/06/2013;10:00:00;138986,70;139000,44;138450,81;138450,81;215920611,30;7855
WINFUT;12/06/2013;09:30:00;138835,55;138986,70;138533,26;138986,70;93628805,21;3407
WINFUT;12/06/2013;09:00:00;138423,33;139330,21;138176,00;138849,29;111876391,60;4071
WINFUT;11/06/2013;17:30:00;137698,59;137698,59;137159,19;137159,19;171860453,60;6215
WINFUT;11/06/2013;17:00:00;137781,57;138127,34;137643,27;137657,10;203173190,40;7346
WINFUT;11/06/2013;16:30:00;138293,31;138376,29;137615,61;137781,57;395392455,20;14294
WINFUT;11/06/2013;16:00:00;138099,68;138514,60;137809,24;138293,31;384687482,50;13907
WINFUT;11/06/2013;15:30:00;138265,65;138403,96;137892,22;138072,02;282561489,40;10215
WINFUT;11/06/2013;15:00:00;137795,40;138376,29;137504,96;138251,82;399928929,40;14458
WINFUT;11/06/2013;14:30:00;138196,50;138307,14;137643,27;137781,57;405516537,90;14660
WINFUT;11/06/2013;14:00:00;138763,55;139123,15;137864,56;138196,50;596546361,30;21566
WINFUT;11/06/2013;13:30:00;139579,57;139773,20;138735,89;138763,55;375946471,10;13591
WINFUT;11/06/2013;13:00:00;138652,91;139662,55;138486,94;139565,74;424962522,00;15363
WINFUT;11/06/2013;12:30:00;139081,66;139289,12;138486,94;138639,08;445874561,70;16119
WINFUT;11/06/2013;12:00:00;138860,37;139468,92;138805,05;139054,00;614747581,10;22224
WINFUT;11/06/2013;11:30:00;137836,90;139026,34;137809,24;138860,37;686722617,40;24826
WINFUT;11/06/2013;11:00:00;137698,59;137933,71;137283,67;137836,90;558594881,80;20194
WINFUT;11/06/2013;10:30:00;138473,11;138611,42;137684,76;137698,59;902205143,30;32616
WINFUT;11/06/2013;10:00:00;139289,12;139468,92;138459,28;138459,28;597874109,90;21614
WINFUT;11/06/2013;09:30:00;139455,09;139510,41;138943,35;139289,12;366071341,30;13234
WINFUT;11/06/2013;09:00:00;140257,27;140409,41;139178,48;139455,09;397550046,60;14366
WINFUT;10/06/2013;17:30:00;141640,34;141916,96;141488,21;141903,13;192523540,50;6906
WINFUT;10/06/2013;17:00:00;142497,85;142580,83;141488,21;141668,00;340456858,70;12268
WINFUT;10/06/2013;16:30:00;142912,77;143147,89;141944,62;142525,51;587252121,40;21155
WINFUT;10/06/2013;16:00:00;143341,52;143355,35;142649,99;142926,60;369777972,60;13334
WINFUT;10/06/2013;15:30:00;142165,91;143438,34;142152,08;143313,86;798253496,00;28755
WINFUT;10/06/2013;15:00:00;142055,26;142235,06;141598,85;142152,08;358907031,30;12959
WINFUT;10/06/2013;14:30:00;141750,99;142138,25;141529,70;142069,10;337884345,90;12201
WINFUT;10/06/2013;14:00:00;141875,47;142248,89;141681,84;141750,99;295977282,10;10679
WINFUT;10/06/2013;13:30:00;142124,42;142221,23;141668,00;141861,63;255729904,00;9225
WINFUT;10/06/2013;13:00:00;142193,57;142580,83;142041,43;142138,25;277499448,10;10023
WINFUT;10/06/2013;12:30:00;141681,84;142414,86;141529,70;142193,57;383995946,80;13859
WINFUT;10/06/2013;12:00:00;142359,54;142815,95;141640,34;141681,84;522330749,40;18843
WINFUT;10/06/2013;11:30:00;142248,89;142719,14;141986,11;142373,37;428835121,90;15477
WINFUT;10/06/2013;11:00:00;141889,30;142276,56;141349,90;142276,56;516300558,00;18650
WINFUT;10/06/2013;10:30:00;142401,03;142829,78;141557,36;141875,47;802209080,20;28951
WINFUT;10/06/2013;10:00:00;141792,48;142663,82;141778,65;142401,03;560282228,90;20212
WINFUT;10/06/2013;09:30:00;142013,77;142179,74;141253,08;141764,82;303584174,90;10962
WINFUT;10/06/2013;09:00:00;142871,28;143147,89;141764,82;142013,77;294345257,80;10594
WINFUT;07/06/2013;17:30:00;142497,85;142871,28;142345,71;142705,31;182178166,40;6514
WINFUT;07/06/2013;17:00:00;143203,21;143230,88;142152,08;142511,68;239630952,80;8611
WINFUT;07/06/2013;16:30:00;142815,95;143244,71;142788,29;143230,88;244444041,30;8800
WINFUT;07/06/2013;16:00:00;142705,31;143286,20;142567,00;142829,78;386264183,90;13921
WINFUT;07/06/2013;15:30:00;142165,91;142829,78;142069,10;142719,14;374535738,30;13499
WINFUT;07/06/2013;15:00:00;143493,66;143521,32;142124,42;142165,91;655465203,50;23597
WINFUT;07/06/2013;14:30:00;144116,04;144309,67;143452,17;143479,83;339710000,20;12241
WINFUT;07/06/2013;14:00:00;144157,53;144420,32;143922,41;144129,87;272852328,10;9834
WINFUT;07/06/2013;13:30:00;145098,02;145098,02;144060,72;144157,53;377301881,10;13594
WINFUT;07/06/2013;13:00:00;145305,48;145429,96;144987,38;145098,02;204971183,20;7336
WINFUT;07/06/2013;12:30:00;145167,18;145499,11;144959,71;145305,48;205164813,20;7358
WINFUT;07/06/2013;12:00:00;145429,96;145651,25;144807,58;145153,34;349944728,60;12554
WINFUT;07/06/2013;11:30:00;145748,07;146093,83;145236,33;145429,96;424713569,10;15166
WINFUT;07/06/2013;11:00:00;144779,92;146052,34;144752,25;145706,57;693527328,70;24856
WINFUT;07/06/2013;10:30:00;144862,90;144932,05;143936,24;144779,92;691922965,90;24928
WINFUT;07/06/2013;10:00:00;143853,26;144959,71;143521,32;144849,07;524903262,20;18876
WINFUT;07/06/2013;09:30:00;144544,79;144918,22;143106,40;143880,92;659033527,70;23700
WINFUT;07/06/2013;09:00:00;145028,87;145028,87;143894,75;144447,98;333707470,20;11972
WINFUT;06/06/2013;17:30:00;146342,79;146425,77;145969,36;146135,33;191278776,20;6707
WINFUT;06/06/2013;17:00:00;146204,48;146467,26;145997,02;146356,62;226242821,50;8015
WINFUT;06/06/2013;16:30:00;146080,00;146411,94;145665,08;146218,31;405073955,10;14393
WINFUT;06/06/2013;16:00:00;145651,25;146259,80;145637,42;146052,34;514447242,30;18255
WINFUT;06/06/2013;15:30:00;145540,60;145720,40;145153,34;145651,25;298688102,10;10617
WINFUT;06/06/2013;15:00:00;145236,33;145568,27;144710,76;145526,77;476661731,30;17086
WINFUT;06/06/2013;14:30:00;144669,27;145360,81;144641,61;145222,50;271303288,10;9713
WINFUT;06/06/2013;14:00:00;144641,61;144918,22;144489,47;144696,93;275563148,10;9899
WINFUT;06/06/2013;13:30:00;144669,27;144779,92;144447,98;144627,78;239575629,90;8599
WINFUT;06/06/2013;13:00:00;145125,68;145319,31;144420,32;144696,93;398241582,30;14302
WINFUT;06/06/2013;12:30:00;145263,99;145582,10;144987,38;145125,68;347289231,50;12420
WINFUT;06/06/2013;12:00:00;145167,18;145305,48;144862,90;145277,82;196949369,00;7090
WINFUT;06/06/2013;11:30:00;145305,48;145319,31;144669,27;145167,18;437437826,10;15726
WINFUT;06/06/2013;11:00:00;145443,79;145720,40;145015,04;145277,82;498624905,40;17826
WINFUT;06/06/2013;10:30:00;144890,56;145582,10;144544,79;145443,79;744452018,10;26670
WINFUT;06/06/2013;10:00:00;146384,28;146384,28;144572,45;144890,56;791697737,50;28296
WINFUT;06/06/2013;09:30:00;146633,23;146716,22;146190,65;146356,62;257002329,70;9160
WINFUT;06/06/2013;09:00:00;146992,83;147158,80;146411,94;146633,23;175401116,40;6247
WINFUT;05/06/2013;17:30:00;146245,97;146287,46;145775,73;146273,63;198332440,40;6976
WINFUT;05/06/2013;17:00:00;145955,53;146245,97;145844,88;146232,14;201264551,80;7140
WINFUT;05/06/2013;16:30:00;146328,96;146522,59;145914,03;145969,36;304690632,00;10870
WINFUT;05/06/2013;16:00:00;146757,71;146799,20;145997,02;146328,96;525179876,50;18682
WINFUT;05/06/2013;15:30:00;146577,91;147061,98;146550,25;146757,71;301066984,90;10745
WINFUT;05/06/2013;15:00:00;146743,88;147366,26;146467,26;146577,91;529467397,80;18799
WINFUT;05/06/2013;14:30:00;146494,92;146896,01;146398,11;146730,05;246048404,10;8718
WINFUT;05/06/2013;14:00:00;146757,71;147006,66;146328,96;146522,59;289974752,20;10335
WINFUT;05/06/2013;13:30:00;146564,08;146826,86;146411,94;146757,71;179992913,50;6426
WINFUT;05/06/2013;13:00:00;146854,52;146965,17;146328,96;146564,08;416055542,10;14801
WINFUT;05/06/2013;12:30:00;147324,77;147504,57;146826,86;146868,35;262451631,10;9321
WINFUT;05/06/2013;12:00:00;148237,59;148251,42;146730,05;147366,26;801019638,80;28520
WINFUT;05/06/2013;11:30:00;148942,96;148970,62;148016,30;148209,93;591180044,20;20883
WINFUT;05/06/2013;11:00:00;149344,05;150049,42;148804,65;148956,79;786165451,90;27701
WINFUT;05/06/2013;10:30:00;149108,93;149703,65;148901,47;149302,56;560143921,80;19808
WINFUT;05/06/2013;10:00:00;148528,04;149164,25;148514,21;149122,76;374480415,40;13248
WINFUT;05/06/2013;09:30:00;148555,70;148680,18;148500,38;148528,04;112913950,10;4014
WINFUT;05/06/2013;09:00:00;148292,92;148818,48;147988,64;148555,70;267928593,90;9481
WINFUT;04/06/2013;17:30:00;149579,17;149634,50;149261,07;149634,50;117173810,00;4035
WINFUT;04/06/2013;17:00:00;148832,31;149703,65;148832,31;149565,34;318770299,00;11148
WINFUT;04/06/2013;16:30:00;148776,99;149191,91;148680,18;148832,31;323362096,10;11417
WINFUT;04/06/2013;16:00:00;148472,72;148915,30;148458,89;148776,99;271967162,40;9592
WINFUT;04/06/2013;15:30:00;148265,26;148859,98;148196,10;148500,38;349834082,90;12311
WINFUT;04/06/2013;15:00:00;148168,44;148334,41;147822,67;148265,26;424907199,10;15017
WINFUT;04/06/2013;14:30:00;148873,81;148998,28;148043,96;148196,10;616600896,80;21678
WINFUT;04/06/2013;14:00:00;149537,68;149648,33;148818,48;148901,47;290500319,30;10324
WINFUT;04/06/2013;13:30:00;148998,28;149537,68;148915,30;149537,68;231387847,20;8224
WINFUT;04/06/2013;13:00:00;148859,98;149108,93;148694,01;148970,62;181099370,70;6419
WINFUT;04/06/2013;12:30:00;149122,76;149150,42;148624,85;148873,81;303390544,90;10687
WINFUT;04/06/2013;12:00:00;149371,71;149496,19;148901,47;149122,76;257389589,70;9113
WINFUT;04/06/2013;11:30:00;149440,87;149814,30;149357,88;149357,88;341701623,00;12046
WINFUT;04/06/2013;11:00:00;149178,08;149537,68;148859,98;149427,04;356694117,10;12662
WINFUT;04/06/2013;10:30:00;149869,62;149966,43;149081,27;149164,25;540393662,00;19150
WINFUT;04/06/2013;10:00:00;149938,77;150063,25;149523,85;149883,45;364245687,00;12864
WINFUT;04/06/2013;09:30:00;149523,85;149994,09;149440,87;149938,77;253129729,80;8860
WINFUT;04/06/2013;09:00:00;148818,48;149620,67;148790,82;149551,51;207737326,00;7342
WINFUT;03/06/2013;17:30:00;149205,74;149288,73;148859,98;148859,98;118031314,30;4142
WINFUT;03/06/2013;17:00:00;149012,11;149496,19;148818,48;149205,74;248814547,00;8743
WINFUT;03/06/2013;16:30:00;148583,36;149219,57;148528,04;149025,94;353844990,00;12486
WINFUT;03/06/2013;16:00:00;148486,55;148818,48;148431,22;148597,19;238164897,10;8479
WINFUT;03/06/2013;15:30:00;148818,48;149219,57;148403,56;148500,38;421975087,70;14959
WINFUT;03/06/2013;15:00:00;148306,75;148984,45;148279,09;148832,31;336224660,20;11911
WINFUT;03/06/2013;14:30:00;148182,27;148348,24;148043,96;148292,92;195759927,60;6961
WINFUT;03/06/2013;14:00:00;148583,36;148901,47;147933,32;148209,93;319406511,80;11328
WINFUT;03/06/2013;13:30:00;148569,53;149012,11;148375,90;148569,53;239243692,80;8517
WINFUT;03/06/2013;13:00:00;148694,01;148818,48;148334,41;148541,87;221346748,70;7862
WINFUT;03/06/2013;12:30:00;148016,30;148818,48;147947,15;148652,52;297222046,40;10569
WINFUT;03/06/2013;12:00:00;147753,52;148292,92;147546,06;148043,96;389085649,60;13845
WINFUT;03/06/2013;11:30:00;147725,86;147919,49;147172,63;147725,86;401616276,50;14288
WINFUT;03/06/2013;11:00:00;147241,78;147988,64;146771,54;147712,03;612036761,10;21784
WINFUT;03/06/2013;10:30:00;148514,21;148514,21;147158,80;147241,78;758282732,20;26896
WINFUT;03/06/2013;10:00:00;148611,02;149122,76;148458,89;148514,21;394147690,90;13933
WINFUT;03/06/2013;09:30:00;148555,70;148652,52;148320,58;148624,85;108045538,70;3860
WINFUT;03/06/2013;09:00:00;148265,26;148942,96;148265,26;148514,21;270030862,40;9514
WINFUT;31/05/2013;17:30:00;147739,69;148196,10;147435,41;147836,50;224887411,50;7864
WINFUT;31/05/2013;17:00:00;146992,83;147850,33;146813,03;147767,35;299766897,80;10553
WINFUT;31/05/2013;16:30:00;147103,48;147380,09;146923,68;147020,49;366624569,80;13008
WINFUT;31/05/2013;16:00:00;146771,54;147435,41;146716,22;147089,64;483134505,50;17207
WINFUT;31/05/2013;15:30:00;147269,44;147532,23;146218,31;146785,37;606255522,60;21646
WINFUT;31/05/2013;15:00:00;148126,95;148209,93;147227,95;147269,44;408531633,60;14551
WINFUT;31/05/2013;14:30:00;148472,72;148486,55;148057,79;148126,95;178720487,80;6346
WINFUT;31/05/2013;14:00:00;148375,90;148790,82;148113,12;148472,72;205828687,50;7345
WINFUT;31/05/2013;13:30:00;148818,48;148942,96;148209,93;148403,56;192744831,90;6842
WINFUT;31/05/2013;13:00:00;148956,79;149122,76;148597,19;148804,65;207350066,00;7368
WINFUT;31/05/2013;12:30:00;149427,04;149510,02;148873,81;148970,62;243946135,60;8660
WINFUT;31/05/2013;12:00:00;148652,52;149883,45;148652,52;149427,04;427673341,90;15184
WINFUT;31/05/2013;11:30:00;148638,68;149136,59;148458,89;148666,35;395945683,80;14082
WINFUT;31/05/2013;11:00:00;150104,74;150146,23;148458,89;148624,85;874543715,10;31079
WINFUT;31/05/2013;10:30:00;151072,89;151308,01;150063,25;150090,91;539729787,70;18920
WINFUT;31/05/2013;10:00:00;150616,48;151404,83;150464,34;151086,72;350387311,50;12371
WINFUT;31/05/2013;09:30:00;150519,66;150740,95;150450,51;150616,48;103426080,20;3629
WINFUT;31/05/2013;09:00:00;149938,77;150699,46;149924,94;150519,66;146882183,90;5118
WINFUT;29/05/2013;17:30:00;151377,17;151418,66;150754,78;150754,78;257168298,30;8826
WINFUT;29/05/2013;17:00:00;151667,61;151805,92;151308,01;151391,00;180988724,90;6340
WINFUT;29/05/2013;16:30:00;151792,09;151944,23;151446,32;151653,78;219493433,00;7744
WINFUT;29/05/2013;16:00:00;151321,84;151833,58;151225,03;151792,09;292187666,40;10310
WINFUT;29/05/2013;15:30:00;151916,56;152027,21;151238,86;151308,01;317857471,80;11252
WINFUT;29/05/2013;15:00:00;152359,15;152372,98;151792,09;151930,39;228455735,80;8038
WINFUT;29/05/2013;14:30:00;152220,84;152483,62;152096,36;152345,32;266600845,30;9288
WINFUT;29/05/2013;14:00:00;152054,87;152262,33;151861,24;152220,84;230558004,30;8077
WINFUT;29/05/2013;13:30:00;151819,75;152082,53;151709,10;152054,87;151971886,70;5385
WINFUT;29/05/2013;13:00:00;152027,21;152179,35;151778,26;151819,75;218940204,50;7665
WINFUT;29/05/2013;12:30:00;151861,24;152124,02;151529,30;152013,38;371382335,50;13089
WINFUT;29/05/2013;12:00:00;152289,99;152372,98;151861,24;151861,24;508970279,50;17786
WINFUT;29/05/2013;11:30:00;153271,97;153327,30;152207,01;152289,99;838722165,50;28932
WINFUT;29/05/2013;11:00:00;153576,25;154018,83;153258,14;153271,97;457851960,10;15813
WINFUT;29/05/2013;10:30:00;153783,71;154295,45;153562,42;153590,08;624318435,30;21712
WINFUT;29/05/2013;10:00:00;153590,08;153797,54;153313,47;153797,54;387398302,40;13484
WINFUT;29/05/2013;09:30:00;153631,57;153714,56;153479,43;153590,08;165498325,10;5702
WINFUT;29/05/2013;09:00:00;154018,83;154074,16;153368,79;153631,57;247874058,40;8523
WINFUT;28/05/2013;17:30:00;154945,49;155139,12;154419,92;154419,92;259076936,80;8665
WINFUT;28/05/2013;17:00:00;155623,20;155623,20;154931,66;154959,32;307650404,80;10447
WINFUT;28/05/2013;16:30:00;155429,57;155733,84;155222,10;155609,36;283142379,40;9703
WINFUT;28/05/2013;16:00:00;155927,47;155968,96;155263,60;155415,73;328258168,90;11241
WINFUT;28/05/2013;15:30:00;155789,16;156051,95;155664,69;155899,81;215814463,10;7358
WINFUT;28/05/2013;15:00:00;156439,21;156508,36;155526,38;155802,99;579977165,80;19714
WINFUT;28/05/2013;14:30:00;156743,48;156798,81;156287,07;156425,38;327981554,60;11203
WINFUT;28/05/2013;14:00:00;156909,45;157020,10;156701,99;156743,48;156093439,50;5373
WINFUT;28/05/2013;13:30:00;156757,31;156950,94;156646,67;156923,28;200019787,60;6746
WINFUT;28/05/2013;13:00:00;156646,67;156812,64;156439,21;156771,14;224140553,00;7599
WINFUT;28/05/2013;12:30:00;156978,61;157020,10;156591,35;156660,50;333928761,70;11367
WINFUT;28/05/2013;12:00:00;157172,24;157227,56;156701,99;156964,77;476910684,20;16017
WINFUT;28/05/2013;11:30:00;157559,50;157614,82;157006,27;157172,24;385572648,20;13034
WINFUT;28/05/2013;11:00:00;157407,36;157808,45;157282,88;157587,16;432126831,90;14607
WINFUT;28/05/2013;10:30:00;157545,66;157822,28;157269,05;157407,36;457215747,30;15644
WINFUT;28/05/2013;10:00:00;157656,31;157919,09;157476,51;157559,50;399431023,70;13536
WINFUT;28/05/2013;09:30:00;157338,20;157683,97;157282,88;157656,31;233683745,70;7832
WINFUT;28/05/2013;09:00:00;157255,22;157448,85;157061,59;157365,87;201347536,10;6807
WINFUT;27/05/2013;17:30:00;156646,67;156646,67;156148,76;156148,76;145914033,90;4852
WINFUT;27/05/2013;17:00:00;156619,01;156771,14;156563,68;156619,01;89595366,05;2988
WINFUT;27/05/2013;16:30:00;156522,19;156715,82;156508,36;156605,18;67327916,32;2253
WINFUT;27/05/2013;16:00:00;156605,18;156646,67;156480,70;156522,19;51782193,66;1736
WINFUT;27/05/2013;15:30:00;156591,35;156757,31;156563,68;156619,01;55101565,04;1834
WINFUT;27/05/2013;15:00:00;156577,51;156798,81;156453,04;156577,51;86829223,23;2893
WINFUT;27/05/2013;14:30:00;156701,99;156729,65;156536,02;156619,01;41796418,06;1384
WINFUT;27/05/2013;14:00:00;156701,99;156757,31;156591,35;156674,33;48407499,41;1604
WINFUT;27/05/2013;13:30:00;156522,19;156701,99;156439,21;156688,16;39140920,95;1305
WINFUT;27/05/2013;13:00:00;156591,35;156646,67;156439,21;156522,19;32806453,89;1095
WINFUT;27/05/2013;12:30:00;156619,01;156632,84;156453,04;156591,35;46775475,15;1575
WINFUT;27/05/2013;12:00:00;156632,84;156812,64;156522,19;156632,84;81545890,44;2743
WINFUT;27/05/2013;11:30:00;156356,22;156771,14;156273,24;156619,01;167545270,80;5606
WINFUT;27/05/2013;11:00:00;156287,07;156425,38;156148,76;156370,05;141128606,90;4743
WINFUT;27/05/2013;10:30:00;156494,53;156536,02;156190,25;156245,58;122512465,70;4098
WINFUT;27/05/2013;10:00:00;156107,27;156563,68;155955,13;156508,36;202785930,40;6765
WINFUT;27/05/2013;09:30:00;156010,46;156190,25;155899,81;156107,27;75875297,65;2507
WINFUT;27/05/2013;09:00:00;156425,38;156425,38;155872,15;156010,46;96649030,25;3233
WINFUT;24/05/2013;17:30:00;156563,68;156605,18;156162,59;156287,07;139745535,40;4578
WINFUT;24/05/2013;17:00:00;156328,56;156632,84;156259,41;156563,68;261428158,20;8797
WINFUT;24/05/2013;16:30:00;156217,92;156397,72;155858,32;156328,56;305631120,60;10433
WINFUT;24/05/2013;16:00:00;155996,62;156411,55;155830,66;156204,09;394120029,50;13436
WINFUT;24/05/2013;15:30:00;155996,62;156231,75;155816,83;155996,62;345601884,40;11766
WINFUT;24/05/2013;15:00:00;155526,38;156121,10;155443,40;156010,46;417964180,60;14327
WINFUT;24/05/2013;14:30:00;155415,73;155623,20;155305,09;155512,55;185746490,60;6472
WINFUT;24/05/2013;14:00:00;154931,66;155609,36;154917,83;155443,40;335643770,20;11680
WINFUT;24/05/2013;13:30:00;155125,29;155180,61;154862,51;154959,32;148320578,20;5165
WINFUT;24/05/2013;13:00:00;155263,60;155305,09;154834,84;155125,29;190199980,50;6604
WINFUT;24/05/2013;12:30:00;155042,31;155374,24;154959,32;155249,77;207377727,50;7211
WINFUT;24/05/2013;12:00:00;155263,60;155429,57;154959,32;155056,14;328728413,10;11364
WINFUT;24/05/2013;11:30:00;155083,80;155484,89;154945,49;155249,77;377606156,80;13027
WINFUT;24/05/2013;11:00:00;155816,83;156051,95;154821,01;155069,97;695823227,20;23996
WINFUT;24/05/2013;10:30:00;155650,86;156176,42;155318,92;155830,66;688078027,30;23450
WINFUT;24/05/2013;10:00:00;155401,90;155955,13;155125,29;155650,86;498320629,70;17271
WINFUT;24/05/2013;09:30:00;155277,43;155567,87;155180,61;155415,73;194515163,30;6750
WINFUT;24/05/2013;09:00:00;154986,98;155291,26;154904,00;155249,77;180463157,80;6163
WINFUT;23/05/2013;17:30:00;155844,49;156287,07;155747,67;156287,07;179826945,00;5932
WINFUT;23/05/2013;17:00:00;155650,86;156024,29;155526,38;155844,49;281676323,70;9513
WINFUT;23/05/2013;16:30:00;155733,84;155802,99;155318,92;155637,03;396222298,00;13577
WINFUT;23/05/2013;16:00:00;155180,61;155872,15;155139,12;155720,01;487062428,40;16656
WINFUT;23/05/2013;15:30:00;154848,68;155443,40;154751,86;155180,61;373207989,70;12900
WINFUT;23/05/2013;15:00:00;154834,84;155374,24;154641,21;154862,51;417189660,60;14459
WINFUT;23/05/2013;14:30:00;154793,35;155028,47;154406,09;154821,01;370884429,80;12859
WINFUT;23/05/2013;14:00:00;154821,01;155152,95;154710,37;154807,18;304635309,20;10596
WINFUT;23/05/2013;13:30:00;155180,61;155249,77;154793,35;154821,01;328119861,70;11434
WINFUT;23/05/2013;13:00:00;154419,92;155457,23;154336,94;155166,78;558871496,10;19338
WINFUT;23/05/2013;12:30:00;154336,94;154765,69;154226,29;154406,09;310029287,70;10744
WINFUT;23/05/2013;12:00:00;153852,86;154668,88;153686,90;154350,77;502552828,20;17392
WINFUT;23/05/2013;11:30:00;154184,80;154502,91;153756,05;153839,03;450106760,20;15593
WINFUT;23/05/2013;11:00:00;153659,23;154530,57;153202,82;154143,31;824670160,00;28466
WINFUT;23/05/2013;10:30:00;153742,22;153894,36;153437,94;153617,74;530573855,00;18408
WINFUT;23/05/2013;10:00:00;153659,23;154309,28;153493,27;153742,22;535331620,60;18584
WINFUT;23/05/2013;09:30:00;153617,74;153963,51;153327,30;153700,73;366154325,50;12669
WINFUT;23/05/2013;09:00:00;153880,53;154060,32;153410,28;153576,25;355698305,70;12203
WINFUT;22/05/2013;17:30:00;156107,27;156646,67;156010,46;156646,67;194127903,40;6400
WINFUT;22/05/2013;17:00:00;155996,62;156342,39;155913,64;156093,44;230447358,60;7824
WINFUT;22/05/2013;16:30:00;155318,92;156010,46;155263,60;155982,79;368837484,10;12626
WINFUT;22/05/2013;16:00:00;155858,32;155913,64;155097,63;155318,92;449387563,10;15482
WINFUT;22/05/2013;15:30:00;155360,41;156065,78;155000,81;155858,32;569244531,60;19546
WINFUT;22/05/2013;15:00:00;156010,46;156217,92;155125,29;155332,75;867711342,30;29947
WINFUT;22/05/2013;14:30:00;156466,87;156715,82;155637,03;156065,78;650873406,40;22104
WINFUT;22/05/2013;14:00:00;157103,08;157241,39;156453,04;156466,87;368505546,90;12642
WINFUT;22/05/2013;13:30:00;157310,54;157379,70;156715,82;157103,08;438931543,20;14949
WINFUT;22/05/2013;13:00:00;157199,90;157573,33;157172,24;157324,37;187212546,30;6404
WINFUT;22/05/2013;12:30:00;157352,03;157600,99;157158,40;157186,07;275231210,90;9360
WINFUT;22/05/2013;12:00:00;157020,10;157462,68;156992,44;157338,20;328119861,70;11212
WINFUT;22/05/2013;11:30:00;157448,85;157794,62;156867,96;157047,76;1144629900,00;39065
WINFUT;22/05/2013;11:00:00;156231,75;158181,88;156204,09;157462,68;1330984942,00;44916
WINFUT;22/05/2013;10:30:00;155872,15;156287,07;155471,06;156259,41;596463377,00;20421
WINFUT;22/05/2013;10:00:00;155996,62;156162,59;155637,03;155872,15;410467933,60;14073
WINFUT;22/05/2013;09:30:00;155567,87;156065,78;155526,38;155968,96;166660105,10;5690
WINFUT;22/05/2013;09:00:00;155650,86;155872,15;155484,89;155581,70;161044835,20;5455
WINFUT;21/05/2013;17:30:00;155318,92;155775,33;155235,94;155595,53;185359230,60;6252
WINFUT;21/05/2013;17:00:00;155152,95;155540,21;154973,15;155332,75;228234444,40;7827
WINFUT;21/05/2013;16:30:00;155429,57;155457,23;155042,31;155139,12;307346129,10;10580
WINFUT;21/05/2013;16:00:00;154945,49;155637,03;154834,84;155415,73;417742889,20;14403
WINFUT;21/05/2013;15:30:00;155056,14;155222,10;154793,35;154959,32;255674581,20;8835
WINFUT;21/05/2013;15:00:00;154876,34;155388,07;154710,37;155056,14;368699176,90;12734
WINFUT;21/05/2013;14:30:00;154959,32;155042,31;154585,89;154890,17;222425544,40;7704
WINFUT;21/05/2013;14:00:00;154779,52;155249,77;154738,03;154986,98;304718293,40;10579
WINFUT;21/05/2013;13:30:00;154917,83;154959,32;154544,40;154765,69;204362631,80;7109
WINFUT;21/05/2013;13:00:00;153977,34;155042,31;153977,34;154931,66;515581360,90;17741
WINFUT;21/05/2013;12:30:00;153714,56;154101,82;153700,73;153949,68;239935228,50;8280
WINFUT;21/05/2013;12:00:00;153562,42;153866,69;153354,96;153714,56;350774571,40;12042
WINFUT;21/05/2013;11:30:00;153216,65;153562,42;152912,38;153562,42;334952234,50;11660
WINFUT;21/05/2013;11:00:00;153728,39;153769,88;152967,70;153230,48;568165735,90;19672
WINFUT;21/05/2013;10:30:00;154032,66;154433,75;153354,96;153686,90;658729252,00;22795
WINFUT;21/05/2013;10:00:00;154406,09;154530,57;153880,53;154018,83;487394365,50;16863
WINFUT;21/05/2013;09:30:00;153465,60;154406,09;153382,62;154378,43;245578159,90;8425
WINFUT;21/05/2013;09:00:00;153714,56;154060,32;153424,11;153437,94;223863938,70;7719
WINFUT;20/05/2013;17:30:00;153714,56;154046,49;153645,40;153935,85;188319003,40;6417
WINFUT;20/05/2013;17:00:00;153617,74;153894,36;153534,76;153728,39;277914369,50;9552
WINFUT;20/05/2013;16:30:00;152926,21;153673,06;152884,71;153617,74;403109993,70;13903
WINFUT;20/05/2013;16:00:00;153202,82;153285,80;152787,90;152898,54;288093775,10;10001
WINFUT;20/05/2013;15:30:00;153313,47;153493,27;152981,53;153175,16;353679021,40;12221
WINFUT;20/05/2013;15:00:00;152857,05;153493,27;152594,27;153313,47;399071425,10;13858
WINFUT;20/05/2013;14:30:00;152691,08;152898,54;152511,28;152884,71;224638458,70;7825
WINFUT;20/05/2013;14:00:00;152621,93;152843,22;152359,15;152691,08;307041853,40;10641
WINFUT;20/05/2013;13:30:00;152829,39;153244,31;152566,61;152635,76;282146568,00;9782
WINFUT;20/05/2013;13:00:00;153036,85;153244,31;152815,56;152829,39;312850753,30;10840
WINFUT;20/05/2013;12:30:00;151875,07;153050,68;151473,98;153023,02;715379857,00;24850
WINFUT;20/05/2013;12:00:00;151792,09;152137,86;151722,93;151875,07;292574926,40;10300
WINFUT;20/05/2013;11:30:00;151432,49;152068,70;151335,67;151792,09;549881531,90;19294
WINFUT;20/05/2013;11:00:00;151100,55;151501,64;150989,91;151404,83;375697518,30;13244
WINFUT;20/05/2013;10:30:00;151819,75;152068,70;150768,61;151100,55;754022872,30;26508
WINFUT;20/05/2013;10:00:00;151875,07;152013,38;151487,81;151805,92;372212178,30;13051
WINFUT;20/05/2013;09:30:00;151833,58;152082,53;151778,26;151847,41;133881312,70;4701
WINFUT;20/05/2013;09:00:00;152414,47;152414,47;151750,60;151847,41;154267785,30;5314
WINFUT;17/05/2013;17:30:00;152317,65;152594,27;152165,52;152594,27;130285327,00;4407
WINFUT;17/05/2013;17:00:00;152137,86;152359,15;151999,55;152345,32;190476594,80;6557
WINFUT;17/05/2013;16:30:00;152124,02;152428,30;151999,55;152165,52;252742469,80;8722
WINFUT;17/05/2013;16:00:00;151709,10;152289,99;151653,78;152124,02;386568459,60;13510
WINFUT;17/05/2013;15:30:00;151902,73;151958,06;151446,32;151722,93;289421523,60;10215
WINFUT;17/05/2013;15:00:00;151515,47;152027,21;151432,49;151916,56;305326844,90;10802
WINFUT;17/05/2013;14:30:00;151930,39;151944,23;151418,66;151529,30;320098047,50;11279
WINFUT;17/05/2013;14:00:00;151750,60;152013,38;151639,95;151944,23;175096840,70;6172
WINFUT;17/05/2013;13:30:00;152165,52;152262,33;151722,93;151750,60;289034263,60;10054
WINFUT;17/05/2013;13:00:00;152359,15;152538,95;152096,36;152151,69;178803472,10;6189
WINFUT;17/05/2013;12:30:00;152276,16;152635,76;152054,87;152372,98;203809403,20;7083
WINFUT;17/05/2013;12:00:00;152359,15;152483,62;151999,55;152276,16;330913666,00;11407
WINFUT;17/05/2013;11:30:00;153216,65;153258,14;152331,49;152331,49;402280150,80;13874
WINFUT;17/05/2013;11:00:00;153161,33;153493,27;152787,90;153188,99;402584426,50;13924
WINFUT;17/05/2013;10:30:00;152331,49;153382,62;152317,65;153161,33;696182825,80;23879
WINFUT;17/05/2013;10:00:00;152580,44;152704,91;152124,02;152303,82;338907818,70;11732
WINFUT;17/05/2013;09:30:00;152497,45;152732,58;152331,49;152566,61;248897531,30;8581
WINFUT;17/05/2013;09:00:00;152013,38;152774,07;151944,23;152511,28;245716467,00;8453
WINFUT;16/05/2013;17:30:00;151072,89;151432,49;151059,06;151391,00;108571105,80;3748
WINFUT;16/05/2013;17:00:00;151321,84;151446,32;150920,75;151086,72;240958701,40;8448
WINFUT;16/05/2013;16:30:00;151515,47;151695,27;151086,72;151335,67;424409293,40;14840
WINFUT;16/05/2013;16:00:00;151529,30;151861,24;151363,34;151501,64;371161044,10;13049
WINFUT;16/05/2013;15:30:00;152068,70;152303,82;151529,30;151543,13;465348207,20;16282
WINFUT;16/05/2013;15:00:00;152525,12;152538,95;151805,92;152068,70;368533208,40;12809
WINFUT;16/05/2013;14:30:00;152635,76;152677,25;152082,53;152525,12;335920384,50;11573
WINFUT;16/05/2013;14:00:00;152898,54;153078,34;152566,61;152635,76;207682003,20;7217
WINFUT;16/05/2013;13:30:00;152649,59;153106,01;152386,81;152870,88;285134002,20;9851
WINFUT;16/05/2013;13:00:00;152760,24;152801,73;152483,62;152635,76;174681919,30;6027
WINFUT;16/05/2013;12:30:00;152967,70;153133,67;152511,28;152760,24;305160876,30;10462
WINFUT;16/05/2013;12:00:00;152511,28;153548,59;152511,28;152967,70;867656019,40;29866
WINFUT;16/05/2013;11:30:00;151709,10;152621,93;151543,13;152497,45;680996701,70;23567
WINFUT;16/05/2013;11:00:00;150962,24;151916,56;150699,46;151695,27;584983884,30;20514
WINFUT;16/05/2013;10:30:00;151709,10;151888,90;150616,48;150976,08;683679860,30;23950
WINFUT;16/05/2013;10:00:00;151308,01;151750,60;151017,57;151695,27;398462873,70;13992
WINFUT;16/05/2013;09:30:00;150906,92;151418,66;150713,29;151294,18;220572228,70;7765
WINFUT;16/05/2013;09:00:00;151128,21;151377,17;150906,92;150948,41;109069011,50;3827
WINFUT;15/05/2013;17:30:00;151252,69;151501,64;151169,71;151183,54;168098499,40;5831
WINFUT;15/05/2013;17:00:00;150837,77;151349,50;150699,46;151252,69;218884881,60;7631
WINFUT;15/05/2013;16:30:00;150657,97;150989,91;150602,65;150851,60;241594914,20;8515
WINFUT;15/05/2013;16:00:00;150810,11;150851,60;150395,19;150644,14;383802316,80;13494
WINFUT;15/05/2013;15:30:00;151294,18;151446,32;150754,78;150782,45;375780502,60;13139
WINFUT;15/05/2013;15:00:00;151225,03;151473,98;151114,38;151280,35;246269695,60;8684
WINFUT;15/05/2013;14:30:00;151861,24;151916,56;151059,06;151225,03;404354757,90;14225
WINFUT;15/05/2013;14:00:00;151888,90;152082,53;151695,27;151861,24;182537764,90;6445
WINFUT;15/05/2013;13:30:00;151833,58;152082,53;151722,93;151930,39;178084275,00;6328
WINFUT;15/05/2013;13:00:00;152220,84;152428,30;151681,44;151819,75;274982258,10;9681
WINFUT;15/05/2013;12:30:00;152414,47;152469,79;152068,70;152234,67;307982342,00;10719
WINFUT;15/05/2013;12:00:00;151792,09;152594,27;151750,60;152442,13;487836948,30;16964
WINFUT;15/05/2013;11:30:00;151888,90;152110,19;151391,00;151778,26;523603175,10;18442
WINFUT;15/05/2013;11:00:00;151031,40;152041,04;151017,57;151902,73;761989363,60;26741
WINFUT;15/05/2013;10:30:00;150561,15;151169,71;150339,86;151017,57;548111200,50;19314
WINFUT;15/05/2013;10:00:00;150574,98;151017,57;150229,22;150547,32;486536861,20;17104
WINFUT;15/05/2013;09:30:00;150727,12;150810,11;150339,86;150561,15;225634270,10;7938
WINFUT;15/05/2013;09:00:00;150740,95;150879,26;150478,17;150754,78;155097628,10;5429
WINFUT;14/05/2013;17:30:00;150699,46;151183,54;150644,14;151183,54;199743173,30;6860
WINFUT;14/05/2013;17:00:00;150284,54;150837,77;150173,89;150699,46;237777637,10;8263
WINFUT;14/05/2013;16:30:00;150367,52;150671,80;150173,89;150270,71;275148226,70;9670
WINFUT;14/05/2013;16:00:00;150146,23;150588,82;150021,76;150381,35;338271605,90;11881
WINFUT;14/05/2013;15:30:00;150602,65;150727,12;150063,25;150132,40;400205543,70;14029
WINFUT;14/05/2013;15:00:00;151031,40;151031,40;150422,85;150616,48;517683629,40;18209
WINFUT;14/05/2013;14:30:00;151985,72;152110,19;150851,60;151017,57;510519319,50;17953
WINFUT;14/05/2013;14:00:00;151875,07;152124,02;151778,26;151985,72;232632611,50;8179
WINFUT;14/05/2013;13:30:00;151529,30;151985,72;151391,00;151875,07;213490903,10;7474
WINFUT;14/05/2013;13:00:00;151543,13;151875,07;151501,64;151515,47;188567956,30;6629
WINFUT;14/05/2013;12:30:00;151391,00;151916,56;151391,00;151570,80;513174816,60;18061
WINFUT;14/05/2013;12:00:00;150644,14;151432,49;150367,52;151377,17;521224292,20;18353
WINFUT;14/05/2013;11:30:00;150270,71;150644,14;150063,25;150644,14;333707470,20;11705
WINFUT;14/05/2013;11:00:00;150353,69;150602,65;150077,08;150284,54;344910348,70;12139
WINFUT;14/05/2013;10:30:00;150685,63;151017,57;150229,22;150312,20;630542256,60;22277
WINFUT;14/05/2013;10:00:00;150699,46;151128,21;150422,85;150685,63;431462957,60;15161
WINFUT;14/05/2013;09:30:00;150270,71;150727,12;150215,39;150671,80;260266378,30;9144
WINFUT;14/05/2013;09:00:00;150450,51;150671,80;149980,26;150270,71;241594914,20;8442
WINFUT;13/05/2013;17:30:00;150326,03;150547,32;150160,06;150353,69;145167175,40;5037
WINFUT;13/05/2013;17:00:00;150561,15;150713,29;150270,71;150312,20;162676859,40;5712
WINFUT;13/05/2013;16:30:00;150422,85;150685,63;150353,69;150602,65;205552073,20;7239
WINFUT;13/05/2013;16:00:00;150699,46;150713,29;150132,40;150422,85;300569079,20;10564
WINFUT;13/05/2013;15:30:00;150519,66;150740,95;150339,86;150685,63;183671883,50;6467
WINFUT;13/05/2013;15:00:00;150796,28;150837,77;150353,69;150519,66;272465068,10;9564
WINFUT;13/05/2013;14:30:00;150989,91;151197,37;150657,97;150810,11;250612539,80;8882
WINFUT;13/05/2013;14:00:00;151100,55;151155,87;150823,94;151003,74;180463157,80;6365
WINFUT;13/05/2013;13:30:00;151404,83;151543,13;151072,89;151100,55;183229300,60;6490
WINFUT;13/05/2013;13:00:00;150962,24;151570,80;150865,43;151404,83;373622911,20;13166
WINFUT;13/05/2013;12:30:00;150796,28;150989,91;150492,00;150962,24;213352596,00;7500
WINFUT;13/05/2013;12:00:00;150920,75;151059,06;150519,66;150782,45;266822136,80;9379
WINFUT;13/05/2013;11:30:00;150588,82;150962,24;150478,17;150920,75;255646919,70;9056
WINFUT;13/05/2013;11:00:00;150298,37;150796,28;150173,89;150574,98;343250663,00;12087
WINFUT;13/05/2013;10:30:00;151114,38;151211,20;150035,59;150284,54;559701338,90;19670
WINFUT;13/05/2013;10:00:00;151280,35;151404,83;150754,78;151128,21;362005111,30;12728
WINFUT;13/05/2013;09:30:00;151391,00;151598,46;151086,72;151280,35;256310794,00;8992
WINFUT;13/05/2013;09:00:00;151308,01;151764,43;151308,01;151335,67;120022937,10;4213
WINFUT;10/05/2013;17:30:00;152096,36;152124,02;151944,23;152013,38;117561070,00;4043
WINFUT;10/05/2013;17:00:00;151709,10;152124,02;151667,61;152124,02;169924153,60;5926
WINFUT;10/05/2013;16:30:00;151847,41;152041,04;151598,46;151709,10;228428074,40;8035
WINFUT;10/05/2013;16:00:00;151861,24;152207,01;151709,10;151861,24;205745703,20;7277
WINFUT;10/05/2013;15:30:00;152276,16;152442,13;151833,58;151847,41;354176927,10;12418
WINFUT;10/05/2013;15:00:00;151902,73;152345,32;151875,07;152248,50;260432346,80;9173
WINFUT;10/05/2013;14:30:00;151750,60;152082,53;151667,61;151888,90;168098499,40;5943
WINFUT;10/05/2013;14:00:00;152027,21;152137,86;151487,81;151764,43;318023440,40;11195
WINFUT;10/05/2013;13:30:00;152248,50;152483,62;152027,21;152041,04;196949369,00;6841
WINFUT;10/05/2013;13:00:00;151958,06;152400,64;151861,24;152220,84;226021530,10;7879
WINFUT;10/05/2013;12:30:00;151985,72;152179,35;151584,63;151930,39;398988440,90;14105
WINFUT;10/05/2013;12:00:00;151681,44;152096,36;151308,01;151985,72;414091580,70;14629
WINFUT;10/05/2013;11:30:00;151930,39;151999,55;151487,81;151695,27;420509032,00;14870
WINFUT;10/05/2013;11:00:00;152124,02;152497,45;151584,63;151958,06;531597327,80;18758
WINFUT;10/05/2013;10:30:00;152552,78;152774,07;151446,32;152124,02;814103494,40;28563
WINFUT;10/05/2013;10:00:00;152041,04;152746,41;151999,55;152538,95;480479008,40;16719
WINFUT;10/05/2013;09:30:00;152594,27;152594,27;151722,93;152068,70;317912794,70;11066
WINFUT;10/05/2013;09:00:00;153230,48;153258,14;152442,13;152608,10;202315686,10;6990
WINFUT;09/05/2013;17:30:00;152704,91;153313,47;152594,27;153313,47;165664293,70;5637
WINFUT;09/05/2013;17:00:00;152898,54;153133,67;152649,59;152760,24;284857388,00;9964
WINFUT;09/05/2013;16:30:00;152718,75;152953,87;152220,84;152940,04;464435380,10;16238
WINFUT;09/05/2013;16:00:00;151930,39;152829,39;151764,43;152718,75;612230391,10;21470
WINFUT;09/05/2013;15:30:00;152940,04;153050,68;151888,90;151916,56;703070521,40;24499
WINFUT;09/05/2013;15:00:00;153866,69;153963,51;152760,24;152953,87;591263028,50;20564
WINFUT;09/05/2013;14:30:00;154572,06;154765,69;153659,23;153852,86;460286165,80;16097
WINFUT;09/05/2013;14:00:00;154627,38;154876,34;154461,42;154558,23;208871444,60;7291
WINFUT;09/05/2013;13:30:00;154364,60;154696,54;154267,79;154627,38;213380257,40;7407
WINFUT;09/05/2013;13:00:00;154613,55;154917,83;154323,11;154350,77;220461583,00;7767
WINFUT;09/05/2013;12:30:00;155111,46;155139,12;154489,08;154613,55;269394649,60;9373
WINFUT;09/05/2013;12:00:00;154184,80;155180,61;153963,51;155097,63;508306405,20;17713
WINFUT;09/05/2013;11:30:00;153742,22;154599,72;153742,22;154184,80;509883106,70;17708
WINFUT;09/05/2013;11:00:00;154641,21;154765,69;153534,76;153783,71;699778811,50;24169
WINFUT;09/05/2013;10:30:00;154627,38;154959,32;154032,66;154641,21;577653605,80;19948
WINFUT;09/05/2013;10:00:00;154212,46;155000,81;153935,85;154613,55;602825505,50;20813
WINFUT;09/05/2013;09:30:00;154295,45;154447,58;153880,53;154226,29;188816909,10;6600
WINFUT;09/05/2013;09:00:00;153991,17;154295,45;153673,06;154295,45;182648410,60;6294
WINFUT;08/05/2013;17:30:00;154267,79;154323,11;153949,68;154129,48;209535318,90;7084
WINFUT;08/05/2013;17:00:00;154682,71;154751,86;154170,97;154281,62;212163154,60;7324
WINFUT;08/05/2013;16:30:00;154807,18;154986,98;154364,60;154668,88;349419161,50;12103
WINFUT;08/05/2013;16:00:00;154323,11;155014,64;154267,79;154821,01;366707554,10;12715
WINFUT;08/05/2013;15:30:00;154724,20;154724,20;154143,31;154336,94;448557720,30;15575
WINFUT;08/05/2013;15:00:00;155139,12;155305,09;154627,38;154738,03;575274723,00;19762
WINFUT;08/05/2013;14:30:00;155968,96;156107,27;155042,31;155139,12;556907534,70;19197
WINFUT;08/05/2013;14:00:00;155982,79;156217,92;155913,64;155968,96;182344134,90;6303
WINFUT;08/05/2013;13:30:00;156231,75;156287,07;155872,15;155982,79;256172486,90;8830
WINFUT;08/05/2013;13:00:00;156397,72;156480,70;156162,59;156217,92;166909058,00;5777
WINFUT;08/05/2013;12:30:00;156356,22;156619,01;155955,13;156383,88;340512181,60;11727
WINFUT;08/05/2013;12:00:00;156204,09;156466,87;155816,83;156383,88;313735919,00;10721
WINFUT;08/05/2013;11:30:00;156010,46;156480,70;155789,16;156217,92;389832508,10;13306
WINFUT;08/05/2013;11:00:00;156881,79;156950,94;155692,35;156010,46;734466242,50;25116
WINFUT;08/05/2013;10:30:00;156480,70;157130,74;156300,90;156867,96;685284223,10;23456
WINFUT;08/05/2013;10:00:00;156342,39;156854,13;156204,09;156480,70;446676743,10;15301
WINFUT;08/05/2013;09:30:00;156038,12;156771,14;156038,12;156383,88;340318551,60;11615
WINFUT;08/05/2013;09:00:00;156328,56;156508,36;155816,83;156051,95;202675284,70;6865
WINFUT;07/05/2013;17:30:00;155830,66;155858,32;155595,53;155858,32;150588815,30;5012
WINFUT;07/05/2013;17:00:00;155623,20;155872,15;155457,23;155844,49;187378514,90;6364
WINFUT;07/05/2013;16:30:00;155747,67;155830,66;155374,24;155609,36;227100325,80;7867
WINFUT;07/05/2013;16:00:00;155802,99;156148,76;155512,55;155775,33;366043679,80;12481
WINFUT;07/05/2013;15:30:00;155650,86;156287,07;155291,26;155789,16;610626028,30;20892
WINFUT;07/05/2013;15:00:00;155567,87;155913,64;155415,73;155637,03;418794023,50;14439
WINFUT;07/05/2013;14:30:00;155222,10;155733,84;155083,80;155540,21;361673174,20;12549
WINFUT;07/05/2013;14:00:00;154821,01;155346,58;154724,20;155222,10;326432514,60;11347
WINFUT;07/05/2013;13:30:00;154917,83;154973,15;154378,43;154793,35;237888282,80;8320
WINFUT;07/05/2013;13:00:00;154475,25;155042,31;154447,58;154917,83;413317060,70;14324
WINFUT;07/05/2013;12:30:00;154433,75;154613,55;154101,82;154461,42;256615069,70;8973
WINFUT;07/05/2013;12:00:00;154115,65;154821,01;154115,65;154419,92;484047332,70;16721
WINFUT;07/05/2013;11:30:00;153603,91;154212,46;153410,28;154129,48;332601013,10;11603
WINFUT;07/05/2013;11:00:00;153977,34;154115,65;153341,13;153645,40;455970983,00;15883
WINFUT;07/05/2013;10:30:00;152677,25;154489,08;152663,42;153991,17;1074342211,00;37264
WINFUT;07/05/2013;10:00:00;153106,01;153202,82;152469,79;152649,59;410246642,20;14304
WINFUT;07/05/2013;09:30:00;153451,77;153562,42;152870,88;153133,67;253848926,90;8830
WINFUT;07/05/2013;09:00:00;153451,77;153603,91;153133,67;153437,94;243918474,20;8379
WINFUT;06/05/2013;17:30:00;153078,34;153188,99;152829,39;152912,38;153963509,60;5225
WINFUT;06/05/2013;17:00:00;152829,39;153271,97;152746,41;153078,34;187267869,10;6476
WINFUT;06/05/2013;16:30:00;152801,73;153119,84;152608,10;152787,90;460562780,10;16080
WINFUT;06/05/2013;16:00:00;152207,01;152815,56;152082,53;152787,90;422141056,30;14748
WINFUT;06/05/2013;15:30:00;152082,53;152400,64;151944,23;152179,35;336667243,00;11870
WINFUT;06/05/2013;15:00:00;151805,92;152137,86;151750,60;152068,70;231138894,30;8187
WINFUT;06/05/2013;14:30:00;151432,49;152013,38;151238,86;151819,75;298107212,10;10570
WINFUT;06/05/2013;14:00:00;151321,84;151446,32;150920,75;151404,83;359792197,10;12808
WINFUT;06/05/2013;13:30:00;151612,29;151805,92;151280,35;151321,84;299268992,10;10692
WINFUT;06/05/2013;13:00:00;151266,52;151764,43;151197,37;151584,63;265356081,10;9428
WINFUT;06/05/2013;12:30:00;151819,75;151833,58;151100,55;151266,52;447949168,80;15918
WINFUT;06/05/2013;12:00:00;152124,02;152386,81;151805,92;151833,58;343886875,80;12186
WINFUT;06/05/2013;11:30:00;152317,65;152538,95;151902,73;152124,02;361839142,70;12704
WINFUT;06/05/2013;11:00:00;151999,55;152497,45;151709,10;152317,65;666640420,50;23396
WINFUT;06/05/2013;10:30:00;153341,13;153341,13;151792,09;151999,55;802458033,10;28046
WINFUT;06/05/2013;10:00:00;153562,42;153686,90;152926,21;153341,13;438018716,10;15219
WINFUT;06/05/2013;09:30:00;153797,54;153908,19;153285,80;153548,59;160768220,90;5608
WINFUT;06/05/2013;09:00:00;153562,42;153963,51;153354,96;153769,88;188927554,80;6505
WINFUT;03/05/2013;17:30:00;153548,59;153756,05;152981,53;153756,05;167158010,80;5668
WINFUT;03/05/2013;17:00:00;153659,23;153728,39;153175,16;153534,76;296281557,80;10223
WINFUT;03/05/2013;16:30:00;154406,09;154489,08;153590,08;153673,06;510353350,90;17663
WINFUT;03/05/2013;16:00:00;154530,57;154751,86;154143,31;154433,75;241982174,20;8387
WINFUT;03/05/2013;15:30:00;154710,37;154807,18;154240,12;154558,23;325547348,90;11277
WINFUT;03/05/2013;15:00:00;154502,91;154890,17;154461,42;154710,37;214763328,80;7469
WINFUT;03/05/2013;14:30:00;154807,18;155042,31;154475,25;154502,91;344661395,80;11998
WINFUT;03/05/2013;14:00:00;155277,43;155305,09;154765,69;154807,18;198526070,40;6922
WINFUT;03/05/2013;13:30:00;155222,10;155415,73;155083,80;155249,77;131557752,70;4574
WINFUT;03/05/2013;13:00:00;155180,61;155388,07;154876,34;155208,27;227985491,50;7939
WINFUT;03/05/2013;12:30:00;155111,46;155540,21;155069,97;155166,78;215067604,50;7511
WINFUT;03/05/2013;12:00:00;155830,66;155858,32;155000,81;155097,63;357385652,80;12357
WINFUT;03/05/2013;11:30:00;155802,99;156107,27;155623,20;155830,66;336279983,10;11423
WINFUT;03/05/2013;11:00:00;155540,21;155830,66;155097,63;155775,33;369529019,80;12690
WINFUT;03/05/2013;10:30:00;155000,81;155872,15;154876,34;155498,72;607721578,30;20784
WINFUT;03/05/2013;10:00:00;154890,17;155291,26;154613,55;154986,98;398324566,60;13846
WINFUT;03/05/2013;09:30:00;153825,20;155166,78;153825,20;154890,17;598565645,60;20657
WINFUT;03/05/2013;09:00:00;153119,84;154060,32;153050,68;153825,20;273931123,80;9397
WINFUT;02/05/2013;17:30:00;153050,68;153354,96;152967,70;153285,80;102955835,90;3509
WINFUT;02/05/2013;17:00:00;153092,17;153133,67;152801,73;153036,85;126329742,70;4373
WINFUT;02/05/2013;16:30:00;153216,65;153396,45;152843,22;153106,01;255619258,30;8870
WINFUT;02/05/2013;16:00:00;152981,53;153507,10;152926,21;153202,82;264719868,20;9177
WINFUT;02/05/2013;15:30:00;153023,02;153271,97;152774,07;152953,87;235924321,40;8216
WINFUT;02/05/2013;15:00:00;153659,23;153659,23;152829,39;153009,19;317774487,60;11029
WINFUT;02/05/2013;14:30:00;153603,91;153686,90;153078,34;153659,23;231609138,60;8014
WINFUT;02/05/2013;14:00:00;154087,99;154170,97;153175,16;153631,57;324385568,90;11304
WINFUT;02/05/2013;13:30:00;154046,49;154226,29;153866,69;154087,99;213020658,80;7480
WINFUT;02/05/2013;13:00:00;153368,79;154378,43;153341,13;154046,49;526175687,90;18282
WINFUT;02/05/2013;12:30:00;152649,59;153493,27;152594,27;153396,45;339156771,60;11867
WINFUT;02/05/2013;12:00:00;152926,21;153244,31;152525,12;152621,93;566948633,10;19735
WINFUT;02/05/2013;11:30:00;153839,03;153839,03;152746,41;152926,21;477463912,80;16495
WINFUT;02/05/2013;11:00:00;153341,13;154018,83;153188,99;153839,03;446427790,30;15441
WINFUT;02/05/2013;10:30:00;154046,49;154489,08;153299,64;153313,47;747965019,50;26038
WINFUT;02/05/2013;10:00:00;153894,36;154184,80;153368,79;154060,32;513423769,50;17820
WINFUT;02/05/2013;09:30:00;153852,86;154682,71;153742,22;153922,02;445376656,00;15384
WINFUT;02/05/2013;09:00:00;153797,54;154350,77;153673,06;153852,86;248620917,00;8527
WINFUT;30/04/2013;17:30:00;155000,81;155042,31;154765,69;155028,47;197364290,50;6753
WINFUT;30/04/2013;17:00:00;154392,26;155069,97;154267,79;155014,64;325077104,60;11230
WINFUT;30/04/2013;16:30:00;154350,77;154821,01;154295,45;154350,77;370829106,90;12827
WINFUT;30/04/2013;16:00:00;154392,26;154392,26;154060,32;154336,94;240211842,80;8387
WINFUT;30/04/2013;15:30:00;154115,65;154627,38;153839,03;154392,26;367758688,40;12799
WINFUT;30/04/2013;15:00:00;154350,77;154364,60;153742,22;154101,82;351798044,30;12206
WINFUT;30/04/2013;14:30:00;154295,45;154433,75;154018,83;154350,77;294511226,40;10214
WINFUT;30/04/2013;14:00:00;153977,34;154724,20;153866,69;154295,45;641219567,90;22288
WINFUT;30/04/2013;13:30:00;153078,34;154046,49;152940,04;154018,83;434229100,40;15048
WINFUT;30/04/2013;13:00:00;153354,96;153479,43;152953,87;153078,34;208954428,90;7246
WINFUT;30/04/2013;12:30:00;153354,96;153576,25;153078,34;153341,13;373318635,50;12987
WINFUT;30/04/2013;12:00:00;152926,21;153437,94;152857,05;153313,47;585896711,40;20205
WINFUT;30/04/2013;11:30:00;151736,76;153064,51;151667,61;152926,21;757148613,60;26210
WINFUT;30/04/2013;11:00:00;151529,30;151875,07;151114,38;151750,60;555967046,10;19637
WINFUT;30/04/2013;10:30:00;151833,58;152552,78;151321,84;151473,98;811918241,50;28411
WINFUT;30/04/2013;10:00:00;151971,89;152289,99;151612,29;151833,58;496909896,80;17500
WINFUT;30/04/2013;09:30:00;151847,41;152096,36;151778,26;151985,72;132027997,00;4666
WINFUT;30/04/2013;09:00:00;152054,87;152054,87;151460,15;151875,07;144337332,50;5056
WINFUT;29/04/2013;17:30:00;151958,06;152179,35;151778,26;152096,36;139385936,90;4786
WINFUT;29/04/2013;17:00:00;152566,61;152621,93;151930,39;151958,06;222397883,00;7713
WINFUT;29/04/2013;16:30:00;152760,24;152912,38;152386,81;152580,44;328866720,30;11317
WINFUT;29/04/2013;16:00:00;153313,47;153313,47;152580,44;152746,41;237279731,40;8146
WINFUT;29/04/2013;15:30:00;152953,87;153534,76;152829,39;153299,64;334067068,80;11506
WINFUT;29/04/2013;15:00:00;153119,84;153271,97;152774,07;152967,70;267320042,50;9210
WINFUT;29/04/2013;14:30:00;152497,45;153299,64;152345,32;153133,67;503216702,40;17352
WINFUT;29/04/2013;14:00:00;151515,47;152608,10;151487,81;152483,62;351991674,30;12291
WINFUT;29/04/2013;13:30:00;151031,40;151556,97;150948,41;151543,13;210531130,30;7364
WINFUT;29/04/2013;13:00:00;151059,06;151225,03;150644,14;151031,40;180988724,90;6390
WINFUT;29/04/2013;12:30:00;151335,67;151432,49;150865,43;151045,23;202536977,50;7083
WINFUT;29/04/2013;12:00:00;151446,32;151487,81;150948,41;151308,01;267734963,90;9457
WINFUT;29/04/2013;11:30:00;151321,84;151626,12;151072,89;151418,66;292713233,60;10338
WINFUT;29/04/2013;11:00:00;151556,97;151971,89;151294,18;151321,84;379625441,10;13420
WINFUT;29/04/2013;10:30:00;151999,55;152151,69;151155,87;151515,47;558207621,80;19639
WINFUT;29/04/2013;10:00:00;152054,87;152193,18;151681,44;151985,72;329060350,30;11589
WINFUT;29/04/2013;09:30:00;151971,89;152414,47;151930,39;152054,87;247735751,30;8582
WINFUT;29/04/2013;09:00:00;151211,20;152262,33;151183,54;151958,06;396111652,30;13814
WINFUT;26/04/2013;17:30:00;150243,05;150395,19;149745,14;149745,14;142954261,10;4984
WINFUT;26/04/2013;17:00:00;150533,49;150616,48;150035,59;150243,05;238469172,80;8402
WINFUT;26/04/2013;16:30:00;150685,63;150865,43;150395,19;150519,66;163838639,40;5769
WINFUT;26/04/2013;16:00:00;150492,00;150976,08;150478,17;150671,80;244084442,70;8586
WINFUT;26/04/2013;15:30:00;150395,19;150810,11;150326,03;150492,00;246269695,60;8711
WINFUT;26/04/2013;15:00:00;150505,83;150740,95;150201,56;150409,02;238718125,70;8432
WINFUT;26/04/2013;14:30:00;150713,29;151031,40;150478,17;150492,00;312546477,60;11014
WINFUT;26/04/2013;14:00:00;150492,00;150754,78;150104,74;150685,63;261428158,20;9189
WINFUT;26/04/2013;13:30:00;150215,39;150533,49;150201,56;150492,00;173354170,70;6088
WINFUT;26/04/2013;13:00:00;150229,22;150395,19;149994,09;150201,56;334924573,10;11780
WINFUT;26/04/2013;12:30:00;150976,08;151211,20;150160,06;150229,22;606615121,20;21256
WINFUT;26/04/2013;12:00:00;151570,80;151778,26;150893,09;150976,08;401007725,10;14058
WINFUT;26/04/2013;11:30:00;151805,92;152110,19;151487,81;151556,97;333071257,40;11713
WINFUT;26/04/2013;11:00:00;152096,36;152511,28;151681,44;151847,41;446787388,80;15614
WINFUT;26/04/2013;10:30:00;151902,73;152359,15;151460,15;152082,53;602714859,80;21010
WINFUT;26/04/2013;10:00:00;151584,63;152276,16;151308,01;151930,39;536604046,30;18831
WINFUT;26/04/2013;09:30:00;151667,61;151805,92;151031,40;151570,80;261345174,00;9173
WINFUT;26/04/2013;09:00:00;151778,26;152013,38;151584,63;151750,60;171888115,10;5990
WINFUT;25/04/2013;17:30:00;152165,52;152608,10;151999,55;152608,10;150339862,50;5127
WINFUT;25/04/2013;17:00:00;152497,45;152511,28;152110,19;152151,69;139551905,40;4839
WINFUT;25/04/2013;16:30:00;152110,19;152608,10;152054,87;152469,79;269560618,10;9388
WINFUT;25/04/2013;16:00:00;152442,13;152497,45;151792,09;152137,86;533976210,60;18684
WINFUT;25/04/2013;15:30:00;153050,68;153354,96;152372,98;152469,79;373982509,70;13042
WINFUT;25/04/2013;15:00:00;153313,47;153479,43;152857,05;153050,68;271330949,60;9411
WINFUT;25/04/2013;14:30:00;152981,53;153313,47;152774,07;153299,64;233656084,30;8140
WINFUT;25/04/2013;14:00:00;152718,75;153133,67;152608,10;152995,36;253157391,20;8771
WINFUT;25/04/2013;13:30:00;153437,94;153451,77;152566,61;152718,75;357109038,50;12357
WINFUT;25/04/2013;13:00:00;153576,25;153783,71;153354,96;153451,77;217723101,60;7523
WINFUT;25/04/2013;12:30:00;154087,99;154198,63;153534,76;153562,42;249008177,00;8611
WINFUT;25/04/2013;12:00:00;153811,37;154170,97;153659,23;154101,82;304662970,60;10566
WINFUT;25/04/2013;11:30:00;152774,07;153935,85;152746,41;153811,37;601636064,10;20797
WINFUT;25/04/2013;11:00:00;152386,81;152898,54;152248,50;152760,24;449913130,20;15547
WINFUT;25/04/2013;10:30:00;152455,96;152483,62;151778,26;152372,98;631482745,20;21996
WINFUT;25/04/2013;10:00:00;153285,80;153645,40;152359,15;152442,13;563822891,70;19658
WINFUT;25/04/2013;09:30:00;153188,99;153396,45;153092,17;153313,47;117837684,30;4065
WINFUT;25/04/2013;09:00:00;152967,70;153507,10;152967,70;153133,67;227349278,70;7843
WINFUT;24/04/2013;17:30:00;152497,45;152608,10;152027,21;152027,21;158804259,50;5466
WINFUT;24/04/2013;17:00:00;152981,53;153106,01;152276,16;152497,45;232604950,00;7938
WINFUT;24/04/2013;16:30:00;153465,60;153493,27;152940,04;152995,36;257002329,70;8847
WINFUT;24/04/2013;16:00:00;153106,01;153520,93;152967,70;153437,94;329973177,40;11436
WINFUT;24/04/2013;15:30:00;153133,67;153133,67;152746,41;153092,17;288702326,50;9980
WINFUT;24/04/2013;15:00:00;153050,68;153313,47;153036,85;153147,50;160574590,90;5579
WINFUT;24/04/2013;14:30:00;153230,48;153341,13;153023,02;153064,51;150173893,90;5213
WINFUT;24/04/2013;14:00:00;153133,67;153424,11;153078,34;153244,31;163174765,20;5627
WINFUT;24/04/2013;13:30:00;153327,30;153368,79;152746,41;153119,84;317165936,10;10966
WINFUT;24/04/2013;13:00:00;153437,94;153493,27;153119,84;153354,96;205690380,40;7124
WINFUT;24/04/2013;12:30:00;153548,59;153590,08;153299,64;153437,94;186327380,60;6462
WINFUT;24/04/2013;12:00:00;153894,36;154226,29;153396,45;153507,10;412625525,00;14223
WINFUT;24/04/2013;11:30:00;153756,05;154046,49;153590,08;153880,53;402944025,10;13919
WINFUT;24/04/2013;11:00:00;153313,47;153880,53;153050,68;153756,05;524488340,80;18090
WINFUT;24/04/2013;10:30:00;152857,05;153631,57;152857,05;153313,47;682850017,40;23511
WINFUT;24/04/2013;10:00:00;151944,23;152940,04;151667,61;152843,22;466482325,80;16227
WINFUT;24/04/2013;09:30:00;152483,62;152511,28;151653,78;151971,89;340539843,00;11949
WINFUT;24/04/2013;09:00:00;152455,96;152857,05;152276,16;152621,93;195400329,10;6730
WINFUT;23/04/2013;17:30:00;152013,38;152635,76;151930,39;152635,76;154682706,70;5271
WINFUT;23/04/2013;17:00:00;152179,35;152455,96;151722,93;152027,21;204086017,50;7137
WINFUT;23/04/2013;16:30:00;152289,99;152552,78;151916,56;152165,52;280708173,70;9801
WINFUT;23/04/2013;16:00:00;151985,72;152580,44;151944,23;152303,82;310720823,40;10801
WINFUT;23/04/2013;15:30:00;151833,58;152234,67;151598,46;151971,89;413842627,80;14520
WINFUT;23/04/2013;15:00:00;153368,79;153396,45;151819,75;151861,24;592729084,20;20515
WINFUT;23/04/2013;14:30:00;152926,21;153354,96;152635,76;153354,96;272160792,40;9398
WINFUT;23/04/2013;14:00:00;152912,38;153188,99;151487,81;152926,21;1106401807,00;38755
WINFUT;23/04/2013;13:30:00;153064,51;153106,01;152691,08;152898,54;271994823,80;9476
WINFUT;23/04/2013;13:00:00;152967,70;153106,01;152621,93;153078,34;268509483,90;9229
WINFUT;23/04/2013;12:30:00;152774,07;153216,65;152774,07;152953,87;384936435,30;13370
WINFUT;23/04/2013;12:00:00;152054,87;152967,70;152054,87;152801,73;606421491,20;20929
WINFUT;23/04/2013;11:30:00;152054,87;152331,49;151888,90;152027,21;491681886,90;17079
WINFUT;23/04/2013;11:00:00;150989,91;152068,70;150976,08;152054,87;773717809,20;26951
WINFUT;23/04/2013;10:30:00;150906,92;151225,03;150339,86;150976,08;577598283,00;20243
WINFUT;23/04/2013;10:00:00;150464,34;151128,21;150104,74;150906,92;501197418,20;17547
WINFUT;23/04/2013;09:30:00;150602,65;150851,60;150422,85;150422,85;124393442,80;4370
WINFUT;23/04/2013;09:00:00;150713,29;150893,09;150270,71;150616,48;241318299,90;8413
WINFUT;22/04/2013;17:30:00;150201,56;151100,55;150160,06;151100,55;171417870,80;5928
WINFUT;22/04/2013;17:00:00;150339,86;150353,69;150021,76;150243,05;170200767,90;5953
WINFUT;22/04/2013;16:30:00;150395,19;150561,15;150173,89;150353,69;176507573,60;6220
WINFUT;22/04/2013;16:00:00;150298,37;150547,32;150049,42;150395,19;206188286,10;7297
WINFUT;22/04/2013;15:30:00;150450,51;150699,46;150146,23;150298,37;334454328,80;11781
WINFUT;22/04/2013;15:00:00;149883,45;150519,66;149731,31;150464,34;342863403,00;12037
WINFUT;22/04/2013;14:30:00;150063,25;150339,86;149828,13;149883,45;271441595,30;9568
WINFUT;22/04/2013;14:00:00;149800,46;150063,25;149523,85;150049,42;238939417,10;8441
WINFUT;22/04/2013;13:30:00;149427,04;149855,79;149316,39;149786,63;253738281,20;8981
WINFUT;22/04/2013;13:00:00;149274,90;149648,33;149205,74;149440,87;230281390,10;8149
WINFUT;22/04/2013;12:30:00;148528,04;149427,04;148472,72;149261,07;318936267,50;11243
WINFUT;22/04/2013;12:00:00;148624,85;148735,50;148292,92;148486,55;244969608,40;8677
WINFUT;22/04/2013;11:30:00;148389,73;148721,67;148085,46;148611,02;373235651,20;13202
WINFUT;22/04/2013;11:00:00;149205,74;149219,57;148182,27;148375,90;629712413,80;22174
WINFUT;22/04/2013;10:30:00;149537,68;149924,94;148721,67;149164,25;657512149,10;23221
WINFUT;22/04/2013;10:00:00;149316,39;149786,63;149164,25;149523,85;305824750,60;10816
WINFUT;22/04/2013;09:30:00;149510,02;149689,82;148942,96;149344,05;214127116,00;7595
WINFUT;22/04/2013;09:00:00;150090,91;150243,05;149247,24;149537,68;173796753,60;6113
WINFUT;19/04/2013;17:30:00;149689,82;149758,97;149371,71;149371,71;103204788,70;3573
WINFUT;19/04/2013;17:00:00;149828,13;149980,26;149413,20;149689,82;186050766,30;6543
WINFUT;19/04/2013;16:30:00;148998,28;150146,23;148915,30;149828,13;479621504,20;16760
WINFUT;19/04/2013;16:00:00;149039,78;149233,41;148790,82;149012,11;203283836,10;7206
WINFUT;19/04/2013;15:30:00;148998,28;149205,74;148707,84;149025,94;249423098,40;8836
WINFUT;19/04/2013;15:00:00;148638,68;149178,08;148569,53;149012,11;301620213,50;10677
WINFUT;19/04/2013;14:30:00;148320,58;148652,52;148126,95;148638,68;209452334,60;7418
WINFUT;19/04/2013;14:00:00;148209,93;148348,24;147919,49;148320,58;139939165,40;4958
WINFUT;19/04/2013;13:30:00;148597,19;148638,68;148030,13;148223,76;177531046,40;6303
WINFUT;19/04/2013;13:00:00;148445,05;148680,18;148168,44;148583,36;174792565,00;6219
WINFUT;19/04/2013;12:30:00;148666,35;148984,45;148265,26;148445,05;204528600,40;7249
WINFUT;19/04/2013;12:00:00;148334,41;149164,25;148320,58;148666,35;393041233,80;13890
WINFUT;19/04/2013;11:30:00;148472,72;148486,55;147767,35;148320,58;401229016,50;14199
WINFUT;19/04/2013;11:00:00;148320,58;148901,47;148113,12;148458,89;466731278,60;16495
WINFUT;19/04/2013;10:30:00;149012,11;149081,27;148071,63;148334,41;660416599,10;23321
WINFUT;19/04/2013;10:00:00;148956,79;149454,70;148624,85;149053,61;464380057,20;16385
WINFUT;19/04/2013;09:30:00;148818,48;149039,78;148403,56;148929,13;250391248,40;8850
WINFUT;19/04/2013;09:00:00;148929,13;149316,39;148666,35;148804,65;210863067,40;7419
WINFUT;18/04/2013;17:30:00;147435,41;147808,84;147200,29;147615,21;138141172,60;4862
WINFUT;18/04/2013;17:00:00;147559,89;147864,16;147352,43;147449,24;169370925,10;5987
WINFUT;18/04/2013;16:30:00;147324,77;147753,52;147297,11;147559,89;198664377,60;7053
WINFUT;18/04/2013;16:00:00;147227,95;147684,37;147075,81;147297,11;377135912,60;13409
WINFUT;18/04/2013;15:30:00;147463,07;147656,70;147020,49;147227,95;283557300,80;10035
WINFUT;18/04/2013;15:00:00;148320,58;148403,56;147214,12;147435,41;471682674,30;16699
WINFUT;18/04/2013;14:30:00;147725,86;148500,38;147684,37;148320,58;473812604,20;16740
WINFUT;18/04/2013;14:00:00;147753,52;147878,00;147504,57;147725,86;212937674,60;7545
WINFUT;18/04/2013;13:30:00;147407,75;147850,33;147324,77;147767,35;282284875,10;9972
WINFUT;18/04/2013;13:00:00;147061,98;147629,04;147020,49;147449,24;423524127,70;15013
WINFUT;18/04/2013;12:30:00;146370,45;147131,14;146135,33;147020,49;376389054,00;13398
WINFUT;18/04/2013;12:00:00;146564,08;146937,51;146232,14;146384,28;369777972,60;13159
WINFUT;18/04/2013;11:30:00;145761,90;146826,86;145761,90;146591,74;538457362,00;19137
WINFUT;18/04/2013;11:00:00;145886,37;145969,36;145236,33;145761,90;546451514,80;19476
WINFUT;18/04/2013;10:30:00;146771,54;146813,03;145692,74;145914,03;698257432,90;24839
WINFUT;18/04/2013;10:00:00;147366,26;147725,86;146522,59;146771,54;576049243,00;20459
WINFUT;18/04/2013;09:30:00;147269,44;147518,40;146979,00;147352,43;216478337,40;7704
WINFUT;18/04/2013;09:00:00;147504,57;148043,96;147269,44;147269,44;235730691,40;8339
WINFUT;17/04/2013;17:30:00;146647,06;147144,97;146605,57;147144,97;83841788,98;2960
WINFUT;17/04/2013;17:00:00;146190,65;146702,38;145955,53;146660,89;204832876,10;7269
WINFUT;17/04/2013;16:30:00;146716,22;146730,05;146121,49;146190,65;420675000,60;14897
WINFUT;17/04/2013;16:00:00;146384,28;147297,11;146024,68;146716,22;537295582,00;19096
WINFUT;17/04/2013;15:30:00;146411,94;146481,09;145734,23;146384,28;396111652,30;14074
WINFUT;17/04/2013;15:00:00;146882,18;146909,85;145941,70;146467,26;536687030,60;19078
WINFUT;17/04/2013;14:30:00;146854,52;147490,74;146605,57;146854,52;460396811,50;16326
WINFUT;17/04/2013;14:00:00;146439,60;146992,83;146342,79;146868,35;239354338,50;8544
WINFUT;17/04/2013;13:30:00;146522,59;146647,06;146135,33;146453,43;302781993,50;10797
WINFUT;17/04/2013;13:00:00;146937,51;147214,12;146481,09;146550,25;288342727,90;10267
WINFUT;17/04/2013;12:30:00;147200,29;147214,12;146647,06;146923,68;333569163,10;11855
WINFUT;17/04/2013;12:00:00;147380,09;147559,89;146730,05;147255,61;452485643,10;16009
WINFUT;17/04/2013;11:30:00;148099,29;148237,59;147380,09;147380,09;468501610,00;16645
WINFUT;17/04/2013;11:00:00;148292,92;148472,72;147808,84;148113,12;437244196,10;15522
WINFUT;17/04/2013;10:30:00;148043,96;148652,52;147629,04;148306,75;556215998,90;19708
WINFUT;17/04/2013;10:00:00;147601,38;148348,24;147255,61;148057,79;207626680,30;7387
WINFUT;17/04/2013;09:30:00;147891,83;147988,64;147131,14;147629,04;121627299,90;4320
WINFUT;17/04/2013;09:00:00;148016,30;148043,96;147117,31;147891,83;78226519,05;2751
WINFUT;16/04/2013;17:30:00;149510,25;149731,91;149344,00;149371,71;153167654,70;5287
WINFUT;16/04/2013;17:00:00;149579,52;149621,08;149219,32;149510,25;175610816,80;6153
WINFUT;16/04/2013;16:30:00;149621,08;149981,28;149260,88;149565,67;363884010,40;12794
WINFUT;16/04/2013;16:00:00;149150,05;149634,93;149108,49;149621,08;281204509,30;9885
WINFUT;16/04/2013;15:30:00;149260,88;149551,81;148956,10;149177,76;293091073,00;10336
WINFUT;16/04/2013;15:00:00;149579,52;150008,99;149163,91;149247,03;393087828,70;13828
WINFUT;16/04/2013;14:30:00;149371,71;149745,77;149330,15;149565,67;258124072,20;9099
WINFUT;16/04/2013;14:00:00;149122,34;149842,74;148942,24;149357,86;469200626,80;16561
WINFUT;16/04/2013;13:30:00;148582,05;149302,44;148415,80;149136,20;248675778,00;8801
WINFUT;16/04/2013;13:00:00;148734,44;148817,56;148401,95;148568,19;204537559,20;7230
WINFUT;16/04/2013;12:30:00;148568,19;149039,22;148388,09;148720,58;320216820,80;11292
WINFUT;16/04/2013;12:00:00;147903,21;148692,88;147473,74;148554,34;514862764,10;18193
WINFUT;16/04/2013;11:30:00;148582,05;148776,00;147376,76;147903,21;622645357,60;21983
WINFUT;16/04/2013;11:00:00;148166,43;148914,54;148124,87;148582,05;457979045,70;16188
WINFUT;16/04/2013;10:30:00;148526,63;148692,88;147861,65;148166,43;518547875,90;18291
WINFUT;16/04/2013;10:00:00;148665,17;148983,81;148124,87;148526,63;420878559,20;14850
WINFUT;16/04/2013;09:30:00;148776,00;148983,81;148609,75;148665,17;177190150,50;6224
WINFUT;16/04/2013;09:00:00;148512,78;149344,00;148304,97;148831,41;276134017,20;9698
WINFUT;15/04/2013;17:30:00;147196,67;147224,37;146642,51;146850,32;207419150,30;7268
WINFUT;15/04/2013;17:00:00;147473,74;147833,94;147016,57;147155,10;260146727,60;9160
WINFUT;15/04/2013;16:30:00;148014,04;148138,72;147349,06;147473,74;451190681,80;15875
WINFUT;15/04/2013;16:00:00;148540,48;148595,90;147861,65;148014,04;541378944,50;19141
WINFUT;15/04/2013;15:30:00;148595,90;149122,34;148415,80;148526,63;346289679,50;12236
WINFUT;15/04/2013;15:00:00;148623,61;148734,44;148318,82;148595,90;393725103,70;13896
WINFUT;15/04/2013;14:30:00;148706,73;149025,37;148429,65;148623,61;309604807,10;10959
WINFUT;15/04/2013;14:00:00;149122,34;149260,88;148637,46;148706,73;212074028,40;7511
WINFUT;15/04/2013;13:30:00;149413,27;149427,13;148582,05;149150,05;432626584,80;15289
WINFUT;15/04/2013;13:00:00;149440,98;149565,67;149219,32;149413,27;153333900,40;5425
WINFUT;15/04/2013;12:30:00;149828,89;150008,99;149288,59;149413,27;257043475,50;9066
WINFUT;15/04/2013;12:00:00;149815,03;150175,23;149662,64;149815,03;208305793,80;7325
WINFUT;15/04/2013;11:30:00;149759,62;150078,26;149399,42;149828,89;313456164,60;11092
WINFUT;15/04/2013;11:00:00;149953,57;150008,99;149094,64;149787,33;477014172,10;16829
WINFUT;15/04/2013;10:30:00;150036,70;150286,06;149427,13;149981,28;600035949,80;21152
WINFUT;15/04/2013;10:00:00;149468,69;150078,26;149136,20;150036,70;309300023,40;10953
WINFUT;15/04/2013;09:30:00;149925,86;150036,70;149191,61;149468,69;243411332,60;8581
WINFUT;15/04/2013;09:00:00;150092,11;150161,38;149510,25;149925,86;194479697,60;6820
WINFUT;12/04/2013;17:30:00;152225,60;152461,11;151616,03;151699,15;140782354,10;4877
WINFUT;12/04/2013;17:00:00;152807,46;152987,56;152059,35;152211,74;194258036,70;6723
WINFUT;12/04/2013;16:30:00;152779,75;153195,36;152294,87;152793,60;430216022,90;14854
WINFUT;12/04/2013;16:00:00;151241,98;154262,11;151200,41;152765,89;1052057860,00;36466
WINFUT;12/04/2013;15:30:00;151186,56;151602,17;151117,29;151241,98;193260562,90;6815
WINFUT;12/04/2013;15:00:00;151616,03;151726,86;151061,88;151186,56;184671204,50;6483
WINFUT;12/04/2013;14:30:00;151422,08;151976,23;151255,83;151616,03;333655010,50;11718
WINFUT;12/04/2013;14:00:00;151075,73;151477,49;150992,61;151408,22;210854893,70;7402
WINFUT;12/04/2013;13:30:00;151200,41;151338,95;150923,34;151061,88;157129842,60;5539
WINFUT;12/04/2013;13:00:00;151532,91;151740,71;151048,02;151214,27;202182412,50;7055
WINFUT;12/04/2013;12:30:00;151172,71;151560,61;151075,73;151532,91;244187145,60;8555
WINFUT;12/04/2013;12:00:00;151782,27;151809,98;150881,78;151200,41;483857951,20;16941
WINFUT;12/04/2013;11:30:00;152031,64;152156,33;151616,03;151796,13;328695348,70;11533
WINFUT;12/04/2013;11:00:00;152211,74;152391,84;151699,15;152031,64;549774349,60;19224
WINFUT;12/04/2013;10:30:00;152862,87;153320,05;152142,47;152239,45;662100990,80;22752
WINFUT;12/04/2013;10:00:00;152862,87;152932,14;152184,03;152849,02;383029967,20;13342
WINFUT;12/04/2013;09:30:00;152571,94;152973,70;152017,79;152862,87;271811630,40;9401
WINFUT;12/04/2013;09:00:00;152738,19;152932,14;152294,87;152599,65;149925864,60;5163
WINFUT;11/04/2013;17:30:00;153472,44;153527,85;153084,53;153126,09;167575610,60;5659
WINFUT;11/04/2013;17:00:00;153375,46;153680,25;153320,05;153458,58;173920652,80;5985
WINFUT;11/04/2013;16:30:00;153444,73;153610,98;153070,68;153389,32;347758182,70;11963
WINFUT;11/04/2013;16:00:00;153555,56;153680,25;153223,07;153417,02;261338154,70;9049
WINFUT;11/04/2013;15:30:00;153403,17;153569,42;153112,24;153555,56;241748876,10;8355
WINFUT;11/04/2013;15:00:00;153236,92;153472,44;152752,04;153403,17;386438002,90;13309
WINFUT;11/04/2013;14:30:00;153375,46;153721,81;153153,80;153223,07;274693221,60;9509
WINFUT;11/04/2013;14:00:00;153430,88;153486,29;153181,51;153389,32;156243199,10;5377
WINFUT;11/04/2013;13:30:00;153264,63;153541,71;153153,80;153430,88;216728906,50;7475
WINFUT;11/04/2013;13:00:00;153292,34;153458,58;153112,24;153264,63;160011433,80;5547
WINFUT;11/04/2013;12:30:00;153971,18;153985,03;153264,63;153320,05;326783523,80;11221
WINFUT;11/04/2013;12:00:00;153929,61;154275,96;153874,20;153971,18;272919934,70;9451
WINFUT;11/04/2013;11:30:00;153901,91;154317,52;153583,27;153915,76;451467757,90;15503
WINFUT;11/04/2013;11:00:00;154456,06;154497,62;153444,73;153915,76;614804104,60;21171
WINFUT;11/04/2013;10:30:00;154996,36;155065,63;153985,03;154428,35;685763287,60;23616
WINFUT;11/04/2013;10:00:00;156090,81;156104,66;154622,30;154996,36;602585049,70;20712
WINFUT;11/04/2013;09:30:00;156021,54;156506,42;155966,12;156090,81;203678623,30;6820
WINFUT;11/04/2013;09:00:00;155869,15;156340,18;155647,49;155993,83;163336346,70;5474
WINFUT;10/04/2013;17:30:00;155716,75;155910,71;155536,66;155772,17;102351902,40;3445
WINFUT;10/04/2013;17:00:00;155578,22;156270,91;155578,22;155744,46;229391283,20;7592
WINFUT;10/04/2013;16:30:00;155869,15;156464,86;155425,82;155564,36;546116945,40;18456
WINFUT;10/04/2013;16:00:00;156894,33;157282,23;155495,09;155896,85;772571222,20;26010
WINFUT;10/04/2013;15:30:00;157891,80;157988,78;156672,67;156880,47;646750976,20;21827
WINFUT;10/04/2013;15:00:00;157351,50;158058,05;157351,50;157891,80;536059083,90;18132
WINFUT;10/04/2013;14:30:00;157379,21;157559,31;157143,70;157337,65;158044193,60;5343
WINFUT;10/04/2013;14:00:00;157351,50;157531,60;157199,11;157379,21;171593213,70;5791
WINFUT;10/04/2013;13:30:00;157462,33;157767,12;157254,53;157351,50;241831999,00;8176
WINFUT;10/04/2013;13:00:00;157587,02;157919,51;157434,63;157476,19;230610417,90;7798
WINFUT;10/04/2013;12:30:00;157711,70;157974,92;157490,04;157573,16;259176961,30;8726
WINFUT;10/04/2013;12:00:00;157420,77;158030,34;157268,38;157683,99;406248942,30;13574
WINFUT;10/04/2013;11:30:00;157226,82;157434,63;156866,62;157379,21;268791501,10;9075
WINFUT;10/04/2013;11:00:00;157573,16;157739,41;156991,30;157157,55;384470762,80;12899
WINFUT;10/04/2013;10:30:00;156381,74;157780,97;156284,76;157545,46;806429918,60;26952
WINFUT;10/04/2013;10:00:00;155813,73;156741,94;155633,63;156395,59;481613635,00;16247
WINFUT;10/04/2013;09:30:00;155107,19;156049,25;155093,33;155786,02;331992554,00;11312
WINFUT;10/04/2013;09:00:00;154885,53;155273,43;154746,99;155134,89;165442124,90;5671
WINFUT;09/04/2013;17:30:00;154885,53;155051,77;154608,45;154608,45;132747147,90;4453
WINFUT;09/04/2013;17:00:00;155162,60;155301,14;154733,13;154913,23;225179726,80;7631
WINFUT;09/04/2013;16:30:00;155952,27;156021,54;155093,33;155176,46;291013002,40;9897
WINFUT;09/04/2013;16:00:00;155952,27;156049,25;155689,05;155952,27;248260163,90;8433
WINFUT;09/04/2013;15:30:00;155564,36;155979,98;155342,70;155979,98;259287791,70;8944
WINFUT;09/04/2013;15:00:00;155605,92;155661,34;155273,43;155564,36;316420878,60;10897
WINFUT;09/04/2013;14:30:00;155979,98;156090,81;155550,51;155619,78;338088227,70;11595
WINFUT;09/04/2013;14:00:00;155786,02;156187,78;155758,32;155966,12;276023186,70;9322
WINFUT;09/04/2013;13:30:00;155772,17;155910,71;155467,39;155799,88;181651075,30;6282
WINFUT;09/04/2013;13:00:00;155758,32;155910,71;155536,66;155772,17;165719200,90;5709
WINFUT;09/04/2013;12:30:00;155037,92;155938,42;155037,92;155744,46;516580635,70;17779
WINFUT;09/04/2013;12:00:00;154511,47;155079,48;154400,64;155037,92;337700321,20;11658
WINFUT;09/04/2013;11:30:00;154234,40;154830,11;154026,59;154511,47;497961123,40;17148
WINFUT;09/04/2013;11:00:00;153417,02;154262,11;153375,46;154206,69;560164702,50;19206
WINFUT;09/04/2013;10:30:00;153943,47;153957,32;153361,61;153417,02;423870980,80;14592
WINFUT;09/04/2013;10:00:00;153832,64;154331,37;153638,68;153957,32;452021910,10;15607
WINFUT;09/04/2013;09:30:00;153514,00;153957,32;153278,49;153804,93;188245485,90;6494
WINFUT;09/04/2013;09:00:00;152862,87;153874,20;152835,16;153514,00;248952854,10;8468
WINFUT;08/04/2013;17:30:00;152765,89;152835,16;152405,70;152419,55;126041906,90;4255
WINFUT;08/04/2013;17:00:00;152461,11;152918,29;152336,43;152779,75;370145929,70;12730
WINFUT;08/04/2013;16:30:00;151449,78;152599,65;151325,10;152447,26;474049458,10;16491
WINFUT;08/04/2013;16:00:00;151685,30;151726,86;151228,12;151463,64;300849203,10;10541
WINFUT;08/04/2013;15:30:00;151934,67;152031,64;151560,61;151685,30;317695428,50;11144
WINFUT;08/04/2013;15:00:00;151560,61;152114,77;151449,78;151948,52;363025074,50;12736
WINFUT;08/04/2013;14:30:00;150881,78;151616,03;150867,92;151560,61;324012763,00;11341
WINFUT;08/04/2013;14:00:00;151020,32;151131,15;150687,82;150895,63;112603717,20;3988
WINFUT;08/04/2013;13:30:00;150812,51;151145,00;150701,68;151006,46;177494934,20;6240
WINFUT;08/04/2013;13:00:00;150840,22;150992,61;150549,29;150826,36;184671204,50;6512
WINFUT;08/04/2013;12:30:00;151435,93;151449,78;150757,09;150867,92;331161325,80;11603
WINFUT;08/04/2013;12:00:00;151422,08;151893,10;151214,27;151422,08;238922700,20;8403
WINFUT;08/04/2013;11:30:00;151311,24;151505,20;151061,88;151422,08;315949849,20;11065
WINFUT;08/04/2013;11:00:00;151809,98;151962,37;151172,71;151297,39;402259046,90;14115
WINFUT;08/04/2013;10:30:00;152184,03;152197,89;151228,12;151796,13;561550082,80;19750
WINFUT;08/04/2013;10:00:00;152322,57;152807,46;152031,64;152211,74;390926635,40;13564
WINFUT;08/04/2013;09:30:00;152502,67;152530,38;152239,45;152308,72;94288988,60;3256
WINFUT;08/04/2013;09:00:00;153029,12;153112,24;152364,13;152488,82;131361767,50;4495
WINFUT;05/04/2013;17:30:00;152973,70;153001,41;152544,23;152821,31;132026750,10;4478
WINFUT;05/04/2013;17:00:00;152571,94;153361,61;152405,70;153015,26;266796553,40;9051
WINFUT;05/04/2013;16:30:00;151588,32;153126,09;151505,20;152599,65;664871751,50;22980
WINFUT;05/04/2013;16:00:00;151671,44;151768,42;151325,10;151574,47;290043236,20;10169
WINFUT;05/04/2013;15:30:00;150867,92;151976,23;150784,80;151699,15;433513228,20;15153
WINFUT;05/04/2013;15:00:00;150964,90;151228,12;150715,53;150867,92;280816602,80;9868
WINFUT;05/04/2013;14:30:00;151560,61;151685,30;150895,63;150964,90;271257478,20;9546
WINFUT;05/04/2013;14:00:00;151269,68;151643,74;151089,58;151560,61;213348578,40;7506
WINFUT;05/04/2013;13:30:00;150964,90;151352,81;150909,48;151255,83;190794585,80;6733
WINFUT;05/04/2013;13:00:00;150535,43;151366,66;150452,31;150964,90;349808545,70;12303
WINFUT;05/04/2013;12:30:00;150826,36;150895,63;150396,89;150535,43;235764032,90;8306
WINFUT;05/04/2013;12:00:00;150147,53;150992,61;150008,99;150840,22;462800169,40;16272
WINFUT;05/04/2013;11:30:00;149759,62;150701,68;149676,50;150161,38;527663678,80;18614
WINFUT;05/04/2013;11:00:00;149427,13;150050,55;149094,64;149773,47;451079851,40;16025
WINFUT;05/04/2013;10:30:00;149759,62;149870,45;149247,03;149413,27;568560107,60;20159
WINFUT;05/04/2013;10:00:00;150452,31;150590,85;149759,62;149759,62;327864120,50;11572
WINFUT;05/04/2013;09:30:00;150036,70;150563,14;148859,12;150480,02;495522854,00;17436
WINFUT;05/04/2013;09:00:00;150452,31;150452,31;149801,18;150064,40;204038822,20;7199
WINFUT;04/04/2013;17:30:00;151214,27;151588,32;150978,75;151588,32;177494934,20;6138
WINFUT;04/04/2013;17:00:00;151255,83;151768,42;151158,85;151200,41;229723774,50;8047
WINFUT;04/04/2013;16:30:00;151048,02;151255,83;150618,55;151255,83;341607093,90;11953
WINFUT;04/04/2013;16:00:00;151422,08;151532,91;150867,92;151034,17;463659105,30;16311
WINFUT;04/04/2013;15:30:00;152142,47;152142,47;151380,51;151422,08;341579386,30;12046
WINFUT;04/04/2013;15:00:00;151754,57;152253,30;151588,32;152128,62;357732921,50;12584
WINFUT;04/04/2013;14:30:00;151754,57;152184,03;151325,10;151740,71;358536442,10;12630
WINFUT;04/04/2013;14:00:00;151837,69;151865,40;151366,66;151754,57;328556810,70;11566
WINFUT;04/04/2013;13:30:00;151948,52;152197,89;151629,88;151823,84;238396255,60;8388
WINFUT;04/04/2013;13:00:00;152447,26;152447,26;151726,86;151948,52;391453079,90;13737
WINFUT;04/04/2013;12:30:00;153084,53;153126,09;152267,16;152447,26;380148376,00;13185
WINFUT;04/04/2013;12:00:00;152890,58;153320,05;152696,63;153112,24;314813837,30;10818
WINFUT;04/04/2013;11:30:00;152571,94;153223,07;152530,38;152890,58;332408168,10;11518
WINFUT;04/04/2013;11:00:00;152918,29;153333,90;152502,67;152585,79;589784135,00;20297
WINFUT;04/04/2013;10:30:00;152945,99;153029,12;152364,13;152932,14;619957719,60;21450
WINFUT;04/04/2013;10:00:00;153638,68;153707,95;152904,43;152932,14;417221155,00;14266
WINFUT;04/04/2013;09:30:00;153735,66;153804,93;153417,02;153610,98;271950168,40;9251
WINFUT;04/04/2013;09:00:00;154262,11;154469,91;153597,12;153804,93;138150131,40;4734
WINFUT;03/04/2013;17:30:00;154095,86;154165,13;153888,05;154054,30;148734437,50;5033
WINFUT;03/04/2013;17:00:00;152682,77;154109,71;152627,36;154109,71;380453159,70;12998
WINFUT;03/04/2013;16:30:00;152696,63;152765,89;152100,91;152641,21;412178370,40;14263
WINFUT;03/04/2013;16:00:00;153236,92;153264,63;152516,53;152668,92;238950407,80;8270
WINFUT;03/04/2013;15:30:00;152876,72;153306,19;152641,21;153223,07;319801206,70;11006
WINFUT;03/04/2013;15:00:00;152599,65;153056,82;152474,96;152876,72;331521524,70;11460
WINFUT;03/04/2013;14:30:00;152752,04;152821,31;152308,72;152599,65;379815884,70;13094
WINFUT;03/04/2013;14:00:00;152890,58;153278,49;152641,21;152752,04;281481585,40;9690
WINFUT;03/04/2013;13:30:00;152945,99;153126,09;152613,50;152918,29;238728746,90;8203
WINFUT;03/04/2013;13:00:00;153181,51;153430,88;152862,87;152945,99;217615549,90;7492
WINFUT;03/04/2013;12:30:00;153264,63;153500,15;152876,72;153181,51;268763793,50;9225
WINFUT;03/04/2013;12:00:00;152377,99;153444,73;152377,99;153264,63;562935463,20;19337
WINFUT;03/04/2013;11:30:00;152322,57;152655,06;152225,60;152377,99;366682478,70;12654
WINFUT;03/04/2013;11:00:00;152031,64;152558,09;151491,34;152308,72;577371126,80;20200
WINFUT;03/04/2013;10:30:00;152087,06;152710,48;151893,10;152017,79;538746721,80;18862
WINFUT;03/04/2013;10:00:00;151879,25;152281,01;151532,91;152087,06;332047969,20;11729
WINFUT;03/04/2013;09:30:00;151809,98;152045,50;151643,74;151893,10;138371792,30;4871
WINFUT;03/04/2013;09:00:00;152100,91;152336,43;151366,66;151823,84;172175073,50;5979
WINFUT;02/04/2013;17:30:00;151879,25;152114,77;151754,57;152114,77;181401706,80;6229
WINFUT;02/04/2013;17:00:00;152641,21;152641,21;151699,15;151865,40;239753928,40;8322
WINFUT;02/04/2013;16:30:00;152752,04;152987,56;152211,74;152655,06;372140877,40;12789
WINFUT;02/04/2013;16:00:00;153084,53;153264,63;152696,63;152724,33;271035817,40;9343
WINFUT;02/04/2013;15:30:00;153236,92;153403,17;152890,58;153070,68;304894513,80;10532
WINFUT;02/04/2013;15:00:00;154026,59;154165,13;153195,36;153236,92;362554045,20;12417
WINFUT;02/04/2013;14:30:00;153749,51;154095,86;153583,27;154012,74;245517110,80;8428
WINFUT;02/04/2013;14:00:00;154068,15;154151,27;153652,54;153749,51;213847315,30;7371
WINFUT;02/04/2013;13:30:00;154331,37;154372,94;154026,59;154068,15;128895790,50;4411
WINFUT;02/04/2013;13:00:00;154303,67;154442,20;154248,25;154317,52;102601270,90;3521
WINFUT;02/04/2013;12:30:00;154428,35;154553,04;154123,57;154303,67;185530140,40;6369
WINFUT;02/04/2013;12:00:00;154553,04;154705,43;154303,67;154442,20;273917408,50;9384
WINFUT;02/04/2013;11:30:00;154289,81;154608,45;154220,54;154525,33;293395856,70;10089
WINFUT;02/04/2013;11:00:00;154275,96;154525,33;153901,91;154289,81;522593186,60;18072
WINFUT;02/04/2013;10:30:00;155508,95;155522,80;154234,40;154234,40;709453292,10;24381
WINFUT;02/04/2013;10:00:00;155301,14;155661,34;155287,29;155495,09;265771371,90;9070
WINFUT;02/04/2013;09:30:00;155550,51;155619,78;155162,60;155301,14;187054058,80;6363
WINFUT;02/04/2013;09:00:00;155578,22;155758,32;155439,68;155564,36;167187704,10;5692
WINFUT;01/04/2013;17:30:00;155134,89;155162,60;154705,43;154871,67;144384343,10;4886
WINFUT;01/04/2013;17:00:00;154996,36;155301,14;154982,50;155162,60;86724811,73;2975
WINFUT;01/04/2013;16:30:00;155204,16;155301,14;154968,65;154968,65;216313292,40;7402
WINFUT;01/04/2013;16:00:00;155605,92;155633,63;155107,19;155190,31;276411093,20;9479
WINFUT;01/04/2013;15:30:00;155772,17;155855,29;155578,22;155619,78;125543169,90;4357
WINFUT;01/04/2013;15:00:00;155675,19;155924,56;155647,49;155772,17;167492487,80;5748
WINFUT;01/04/2013;14:30:00;155605,92;155855,29;155522,80;155661,34;165192756,40;5680
WINFUT;01/04/2013;14:00:00;155661,34;155772,17;155467,39;155605,92;135684154,30;4701
WINFUT;01/04/2013;13:30:00;155134,89;155661,34;155037,92;155647,49;169986172,50;5846
WINFUT;01/04/2013;13:00:00;155134,89;155259,58;155024,06;155107,19;85090062,88;2938
WINFUT;01/04/2013;12:30:00;155190,31;155301,14;154940,94;155107,19;171316137,70;5926
WINFUT;01/04/2013;12:00:00;154996,36;155218,02;154940,94;155190,31;167935809,50;5807
WINFUT;01/04/2013;11:30:00;155093,33;155273,43;154899,38;155010,21;214152099,00;7423
WINFUT;01/04/2013;11:00:00;155411,97;155536,66;154885,53;155093,33;464240965,00;15983
WINFUT;01/04/2013;10:30:00;155744,46;156104,66;155356,56;155411,97;377239077,20;12882
WINFUT;01/04/2013;10:00:00;155578,22;155772,17;155245,73;155730,61;247512058,50;8524
WINFUT;01/04/2013;09:30:00;155481,24;155813,73;155342,70;155564,36;161895551,10;5527
WINFUT;01/04/2013;09:00:00;155827,59;155827,59;155342,70;155481,24;77248809,94;2621
WINFUT;28/03/2013;17:30:00;156326,32;156340,18;155633,63;155633,63;167852686,70;5523
WINFUT;28/03/2013;17:00:00;156118,51;156367,88;155910,71;156326,32;139563219,40;4618
WINFUT;28/03/2013;16:30:00;155689,05;156326,32;155619,78;156118,51;282395936,50;9571
WINFUT;28/03/2013;16:00:00;155910,71;155938,42;155592,07;155689,05;141059430,20;4914
WINFUT;28/03/2013;15:30:00;155896,85;155924,56;155522,80;155910,71;170429494,20;5952
WINFUT;28/03/2013;15:00:00;155495,09;155979,98;155398,12;155896,85;285942510,20;9875
WINFUT;28/03/2013;14:30:00;155176,46;155550,51;155079,48;155495,09;216950567,40;7485
WINFUT;28/03/2013;14:00:00;155204,16;155231,87;154871,67;155176,46;175610816,80;6050
WINFUT;28/03/2013;13:30:00;155273,43;155384,26;155024,06;155204,16;135656446,70;4739
WINFUT;28/03/2013;13:00:00;155439,68;155467,39;155121,04;155259,58;159180205,60;5548
WINFUT;28/03/2013;12:30:00;155370,41;155578,22;155148,75;155439,68;180736724,20;6220
WINFUT;28/03/2013;12:00:00;155536,66;155619,78;155121,04;155370,41;278406041,00;9612
WINFUT;28/03/2013;11:30:00;155204,16;155633,63;155121,04;155550,51;319884329,50;11034
WINFUT;28/03/2013;11:00:00;155218,02;155356,56;154760,84;155190,31;466984018,20;16087
WINFUT;28/03/2013;10:30:00;155744,46;155979,98;154940,94;155218,02;660272288,70;22660
WINFUT;28/03/2013;10:00:00;155051,77;155910,71;155010,21;155744,46;353078043,40;12118
WINFUT;28/03/2013;09:30:00;155204,16;155522,80;154927,09;155079,48;218141994,50;7421
WINFUT;28/03/2013;09:00:00;155661,34;155827,59;155093,33;155273,43;142084611,70;4835
WINFUT;27/03/2013;17:30:00;155245,73;155550,51;155204,16;155481,24;159872895,70;5340
WINFUT;27/03/2013;17:00:00;155218,02;155301,14;154996,36;155245,73;198220224,60;6640
WINFUT;27/03/2013;16:30:00;155536,66;155592,07;155051,77;155218,02;288740978,60;9836
WINFUT;27/03/2013;16:00:00;155647,49;155689,05;155204,16;155522,80;327725582,50;11267
WINFUT;27/03/2013;15:30:00;155605,92;155910,71;155439,68;155647,49;412704814,90;14088
WINFUT;27/03/2013;15:00:00;155093,33;155661,34;155093,33;155605,92;428331905,60;14595
WINFUT;27/03/2013;14:30:00;154719,28;155342,70;154705,43;155107,19;309937298,40;10581
WINFUT;27/03/2013;14:00:00;154691,57;154774,70;154414,50;154719,28;199938096,30;6849
WINFUT;27/03/2013;13:30:00;154843,96;155010,21;154650,01;154691,57;159124790,30;5486
WINFUT;27/03/2013;13:00:00;155190,31;155342,70;154788,55;154857,82;268265056,60;9233
WINFUT;27/03/2013;12:30:00;155093,33;155495,09;154996,36;155176,46;349420639,20;11976
WINFUT;27/03/2013;12:00:00;154442,20;155218,02;154359,08;155093,33;468230860,50;16024
WINFUT;27/03/2013;11:30:00;154123,57;154608,45;153888,05;154442,20;414672055,10;14243
WINFUT;27/03/2013;11:00:00;153763,37;154248,25;153444,73;154109,71;559915334,00;19251
WINFUT;27/03/2013;10:30:00;153292,34;154026,59;152779,75;153804,93;742231391,90;25467
WINFUT;27/03/2013;10:00:00;153153,80;153569,42;152973,70;153292,34;334292285,50;11483
WINFUT;27/03/2013;09:30:00;153112,24;153417,02;153029,12;153112,24;142721886,60;4859
WINFUT;27/03/2013;09:00:00;153624,83;153624,83;152807,46;153126,09;294254792,50;10037
WINFUT;26/03/2013;17:30:00;154594,60;154663,87;154289,81;154663,87;157240673,00;5273
WINFUT;26/03/2013;17:00:00;154151,27;154830,11;154054,30;154608,45;345015129,60;11602
WINFUT;26/03/2013;16:30:00;153569,42;154386,79;153541,71;154095,86;535477224,10;18230
WINFUT;26/03/2013;16:00:00;153361,61;153610,98;153209,22;153527,85;381561464,00;13074
WINFUT;26/03/2013;15:30:00;153430,88;153514,00;152987,56;153375,46;358259366,00;12351
WINFUT;26/03/2013;15:00:00;153888,05;153998,88;153389,32;153444,73;232827026,50;7959
WINFUT;26/03/2013;14:30:00;153777,22;153971,18;153555,56;153901,91;256129124,50;8777
WINFUT;26/03/2013;14:00:00;153527,85;153874,20;153500,15;153777,22;220469433,50;7486
WINFUT;26/03/2013;13:30:00;153361,61;153638,68;153292,34;153527,85;191625814,00;6568
WINFUT;26/03/2013;13:00:00;153694,10;153832,64;153306,19;153361,61;250698433,40;8600
WINFUT;26/03/2013;12:30:00;153569,42;153804,93;153514,00;153680,25;182094397,00;6235
WINFUT;26/03/2013;12:00:00;153707,95;153971,18;153333,90;153569,42;432377216,30;14819
WINFUT;26/03/2013;11:30:00;154026,59;154192,84;153403,17;153707,95;521069268,20;17808
WINFUT;26/03/2013;11:00:00;153874,20;154178,98;153500,15;154012,74;479840348,10;16502
WINFUT;26/03/2013;10:30:00;153195,36;154123,57;153167,65;153888,05;730483366,30;25043
WINFUT;26/03/2013;10:00:00;152184,03;153320,05;152184,03;153181,51;576373652,90;19877
WINFUT;26/03/2013;09:30:00;152114,77;152281,01;152017,79;152197,89;193676177,00;6751
WINFUT;26/03/2013;09:00:00;151948,52;152128,62;151657,59;152114,77;142749594,30;4989
WINFUT;25/03/2013;17:30:00;152059,35;152184,03;151671,44;151671,44;132386949,00;4567
WINFUT;25/03/2013;17:00:00;151990,08;152225,60;151851,54;152073,20;154663865,50;5391
WINFUT;25/03/2013;16:30:00;151699,15;152087,06;151671,44;151976,23;223849761,60;7852
WINFUT;25/03/2013;16:00:00;152197,89;152253,30;151463,64;151685,30;340360251,50;11980
WINFUT;25/03/2013;15:30:00;151934,67;152502,67;151865,40;152211,74;349919376,10;12231
WINFUT;25/03/2013;15:00:00;152253,30;152253,30;151713,01;151934,67;365241683,10;12770
WINFUT;25/03/2013;14:30:00;152087,06;152488,82;151754,57;152253,30;381118142,30;13338
WINFUT;25/03/2013;14:00:00;152267,16;152267,16;151546,76;152087,06;558751614,50;19627
WINFUT;25/03/2013;13:30:00;152322,57;152627,36;152184,03;152267,16;228504639,70;7938
WINFUT;25/03/2013;13:00:00;152558,09;152696,63;152294,87;152336,43;232272874,30;8043
WINFUT;25/03/2013;12:30:00;152377,99;152890,58;152142,47;152544,23;386798201,80;13357
WINFUT;25/03/2013;12:00:00;153195,36;153320,05;152308,72;152364,13;568255323,90;19444
WINFUT;25/03/2013;11:30:00;153569,42;153735,66;153153,80;153223,07;380259206,40;13129
WINFUT;25/03/2013;11:00:00;153707,95;153860,34;153458,58;153583,27;290264897,00;10024
WINFUT;25/03/2013;10:30:00;153167,65;153915,76;153084,53;153694,10;523091923,50;17993
WINFUT;25/03/2013;10:00:00;153375,46;153486,29;153139,95;153153,80;221550030,20;7659
WINFUT;25/03/2013;09:30:00;153735,66;153804,93;153223,07;153347,75;185059111,00;6323
WINFUT;25/03/2013;09:00:00;154220,54;154442,20;153610,98;153721,81;196973382,30;6696
WINFUT;22/03/2013;17:30:00;153098,39;153541,71;153084,53;153444,73;137402026,00;4617
WINFUT;22/03/2013;17:00:00;153084,53;153486,29;152945,99;153070,68;186195122,90;6426
WINFUT;22/03/2013;16:30:00;153084,53;153278,49;152724,33;153070,68;319690376,30;11040
WINFUT;22/03/2013;16:00:00;153195,36;153458,58;152793,60;153098,39;404309409,80;13985
WINFUT;22/03/2013;15:30:00;153694,10;153749,51;153112,24;153195,36;456704495,80;15763
WINFUT;22/03/2013;15:00:00;153985,03;154026,59;153583,27;153694,10;286552077,60;9884
WINFUT;22/03/2013;14:30:00;154372,94;154497,62;153915,76;153998,88;179018852,60;6199
WINFUT;22/03/2013;14:00:00;154178,98;154456,06;153874,20;154372,94;206477091,70;7138
WINFUT;22/03/2013;13:30:00;154137,42;154372,94;153985,03;154151,27;149371712,50;5192
WINFUT;22/03/2013;13:00:00;154040,44;154262,11;153832,64;154123,57;205895231,90;7122
WINFUT;22/03/2013;12:30:00;154691,57;154774,70;153957,32;154068,15;265660541,50;9208
WINFUT;22/03/2013;12:00:00;154746,99;155051,77;154456,06;154691,57;268874624,00;9269
WINFUT;22/03/2013;11:30:00;155093,33;155107,19;154442,20;154746,99;325065652,10;11192
WINFUT;22/03/2013;11:00:00;154345,23;155204,16;154317,52;155121,04;486517881,50;16721
WINFUT;22/03/2013;10:30:00;154525,33;154733,13;154082,01;154386,79;464518041,10;16001
WINFUT;22/03/2013;10:00:00;155024,06;155051,77;154414,50;154511,47;362249261,50;12401
WINFUT;22/03/2013;09:30:00;154940,94;155273,43;154788,55;155010,21;148651314,70;5041
WINFUT;22/03/2013;09:00:00;154663,87;155051,77;154663,87;154954,80;168074347,60;5673
WINFUT;21/03/2013;17:30:00;154220,54;154691,57;154123,57;154691,57;140394447,60;4742
WINFUT;21/03/2013;17:00:00;154123,57;154663,87;154068,15;154165,13;264801605,60;9062
WINFUT;21/03/2013;16:30:00;154192,84;154386,79;153943,47;154109,71;284695667,90;9762
WINFUT;21/03/2013;16:00:00;154012,74;154289,81;153929,61;154178,98;215232695,70;7379
WINFUT;21/03/2013;15:30:00;154109,71;154386,79;153832,64;154026,59;347314861,00;11938
WINFUT;21/03/2013;15:00:00;154234,40;154386,79;153680,25;154095,86;481752173,00;16563
WINFUT;21/03/2013;14:30:00;154594,60;154691,57;154151,27;154234,40;340360251,50;11701
WINFUT;21/03/2013;14:00:00;154553,04;154746,99;154289,81;154580,74;342549152,50;11895
WINFUT;21/03/2013;13:30:00;154788,55;154982,50;154553,04;154566,89;221300661,70;7669
WINFUT;21/03/2013;13:00:00;154719,28;154996,36;154594,60;154774,70;212018613,20;7303
WINFUT;21/03/2013;12:30:00;154580,74;154871,67;154456,06;154705,43;253635439,80;8774
WINFUT;21/03/2013;12:00:00;154428,35;154871,67;154289,81;154566,89;365851250,50;12580
WINFUT;21/03/2013;11:30:00;153901,91;154553,04;153888,05;154428,35;367098092,80;12673
WINFUT;21/03/2013;11:00:00;154386,79;154553,04;153541,71;153901,91;544232828,10;18817
WINFUT;21/03/2013;10:30:00;154511,47;154760,84;153929,61;154359,08;568587815,20;19608
WINFUT;21/03/2013;10:00:00;155259,58;155356,56;154400,64;154553,04;462855584,60;15870
WINFUT;21/03/2013;09:30:00;155716,75;155758,32;155231,87;155273,43;162782194,50;5570
WINFUT;21/03/2013;09:00:00;155328,85;155786,02;155065,63;155716,75;175610816,80;5989
WINFUT;20/03/2013;17:30:00;155190,31;155689,05;155107,19;155564,36;186721567,50;6256
WINFUT;20/03/2013;17:00:00;155204,16;155356,56;154760,84;155204,16;216147046,70;7422
WINFUT;20/03/2013;16:30:00;155093,33;155647,49;155079,48;155231,87;330191559,50;11366
WINFUT;20/03/2013;16:00:00;155301,14;155370,41;154927,09;155107,19;364161086,40;12608
WINFUT;20/03/2013;15:30:00;155716,75;155744,46;155176,46;155301,14;293451271,90;10225
WINFUT;20/03/2013;15:00:00;155508,95;155869,15;155218,02;155716,75;354352593,40;12253
WINFUT;20/03/2013;14:30:00;156007,68;156035,39;155453,53;155481,24;241527215,30;8331
WINFUT;20/03/2013;14:00:00;156049,25;156104,66;155786,02;156007,68;194784481,30;6610
WINFUT;20/03/2013;13:30:00;156395,59;156423,30;155993,83;156063,10;171371552,90;5820
WINFUT;20/03/2013;13:00:00;155883,00;156423,30;155855,29;156409,44;195726540,00;6641
WINFUT;20/03/2013;12:30:00;155702,90;155993,83;155633,63;155869,15;162505118,50;5610
WINFUT;20/03/2013;12:00:00;156118,51;156187,78;155661,34;155716,75;194673650,90;6682
WINFUT;20/03/2013;11:30:00;155772,17;156146,22;155522,80;156118,51;361196372,40;12357
WINFUT;20/03/2013;11:00:00;155176,46;155786,02;155134,89;155758,32;371004865,50;12751
WINFUT;20/03/2013;10:30:00;156229,35;156464,86;155051,77;155190,31;738407742,00;25239
WINFUT;20/03/2013;10:00:00;156367,88;156492,57;155772,17;156215,49;481585927,40;16330
WINFUT;20/03/2013;09:30:00;156686,52;156880,47;156270,91;156367,88;248066210,70;8322
WINFUT;20/03/2013;09:00:00;156894,33;157185,26;156464,86;156700,37;255436434,30;8551
WINFUT;19/03/2013;17:30:00;156132,37;156326,32;155952,27;156076,95;134548142,40;4444
WINFUT;19/03/2013;17:00:00;156506,42;156769,64;156076,95;156132,37;210051373,10;7030
WINFUT;19/03/2013;16:30:00;156547,98;156631,11;156146,22;156506,42;293922301,20;9883
WINFUT;19/03/2013;16:00:00;156575,69;157365,36;156284,76;156547,98;777669422,00;26075
WINFUT;19/03/2013;15:30:00;156229,35;156644,96;156090,81;156575,69;220718802,00;7424
WINFUT;19/03/2013;15:00:00;156506,42;156644,96;155938,42;156215,49;328750763,90;11075
WINFUT;19/03/2013;14:30:00;156007,68;156686,52;155772,17;156506,42;459336718,50;15464
WINFUT;19/03/2013;14:00:00;156270,91;156340,18;155827,59;155993,83;298272395,60;10168
WINFUT;19/03/2013;13:30:00;156229,35;156464,86;156063,10;156298,61;212683595,80;7260
WINFUT;19/03/2013;13:00:00;155772,17;156340,18;155675,19;156243,20;316143802,50;10817
WINFUT;19/03/2013;12:30:00;156728,08;156908,18;155633,63;155786,02;608403647,30;20692
WINFUT;19/03/2013;12:00:00;156714,23;156769,64;156437,15;156728,08;209608051,30;7124
WINFUT;19/03/2013;11:30:00;157365,36;157365,36;156381,74;156714,23;566260376,10;19160
WINFUT;19/03/2013;11:00:00;157642,43;158016,49;157212,97;157351,50;485908314,10;16394
WINFUT;19/03/2013;10:30:00;157088,28;157780,97;156991,30;157642,43;503225568,90;17067
WINFUT;19/03/2013;10:00:00;157545,46;157725,56;157032,87;157074,43;350445820,70;11946
WINFUT;19/03/2013;09:30:00;157683,99;157850,24;157503,90;157545,46;145409524,60;4839
WINFUT;19/03/2013;09:00:00;157490,04;157822,53;157420,77;157683,99;171925705,00;5769
WINFUT;18/03/2013;17:30:00;158030,34;158348,98;157947,22;158141,17;155218017,70;5071
WINFUT;18/03/2013;17:00:00;157587,02;158265,85;157545,46;158044,19;210522402,40;6917
WINFUT;18/03/2013;16:30:00;158113,46;158224,29;157462,33;157600,87;457341770,70;15338
WINFUT;18/03/2013;16:00:00;158321,27;158847,71;158002,63;158099,61;503530352,60;16930
WINFUT;18/03/2013;15:30:00;158127,32;158695,32;157794,83;158321,27;614859519,80;20653
WINFUT;18/03/2013;15:00:00;157199,11;158141,17;157157,55;158099,61;531570451,40;17821
WINFUT;18/03/2013;14:30:00;157212,97;157323,80;157032,87;157212,97;203124471,20;6898
WINFUT;18/03/2013;14:00:00;157240,67;157545,46;157157,55;157185,26;196751721,40;6604
WINFUT;18/03/2013;13:30:00;157240,67;157351,50;156935,89;157240,67;244796713,00;8278
WINFUT;18/03/2013;13:00:00;157531,60;157642,43;157185,26;157240,67;264385991,50;8863
WINFUT;18/03/2013;12:30:00;157129,84;157545,46;156880,47;157545,46;295390804,40;9946
WINFUT;18/03/2013;12:00:00;157199,11;157323,80;156977,45;157129,84;253746270,20;8551
WINFUT;18/03/2013;11:30:00;157060,57;157434,63;156922,04;157185,26;412289200,80;13878
WINFUT;18/03/2013;11:00:00;156852,77;157102,13;156478,71;157032,87;536696358,80;18048
WINFUT;18/03/2013;10:30:00;156035,39;156977,45;155786,02;156852,77;617768818,60;20803
WINFUT;18/03/2013;10:00:00;156215,49;156603,40;155966,12;156035,39;337894274,40;11520
WINFUT;18/03/2013;09:30:00;156049,25;156423,30;156007,68;156229,35;132802563,10;4487
WINFUT;18/03/2013;09:00:00;156049,25;156367,88;155938,42;156063,10;169736804,00;5724
WINFUT;15/03/2013;17:30:00;157767,12;157850,24;157600,87;157739,41;136404552,10;4470
WINFUT;15/03/2013;17:00:00;158044,19;158113,46;157683,99;157767,12;146406998,50;4768
WINFUT;15/03/2013;16:30:00;157974,92;158238,15;157864,09;158058,05;237897518,70;7943
WINFUT;15/03/2013;16:00:00;157836,39;158182,73;157822,53;157988,78;275191958,50;9322
WINFUT;15/03/2013;15:30:00;158362,83;158529,08;157683,99;157864,09;437336878,10;14747
WINFUT;15/03/2013;15:00:00;158321,27;158861,57;158307,42;158348,98;225817001,80;7626
WINFUT;15/03/2013;14:30:00;158515,22;158639,91;158238,15;158335,12;232522242,80;7823
WINFUT;15/03/2013;14:00:00;158653,76;158875,42;158348,98;158515,22;193648469,40;6587
WINFUT;15/03/2013;13:30:00;158820,01;158958,54;158445,95;158639,91;182177519,80;6226
WINFUT;15/03/2013;13:00:00;158875,42;159180,21;158626,05;158820,01;156354029,60;5302
WINFUT;15/03/2013;12:30:00;159041,67;159457,28;158792,30;158875,42;254189591,90;8604
WINFUT;15/03/2013;12:00:00;159055,52;159401,87;158972,40;159055,52;269595021,80;9122
WINFUT;15/03/2013;11:30:00;158598,35;159291,04;158556,78;159041,67;372888982,80;12573
WINFUT;15/03/2013;11:00:00;158501,37;158930,84;158099,61;158626,05;465044485,60;15606
WINFUT;15/03/2013;10:30:00;159083,23;159083,23;158210,44;158501,37;639879489,50;21372
WINFUT;15/03/2013;10:00:00;159678,94;159789,77;158861,57;159069,38;446923710,30;15136
WINFUT;15/03/2013;09:30:00;159097,08;159706,65;159041,67;159665,09;213791900,10;7071
WINFUT;15/03/2013;09:00:00;158986,25;159291,04;158903,13;159152,50;156603398,00;5185
WINFUT;14/03/2013;17:30:00;158972,40;159180,21;158764,59;158889,28;135684154,30;4381
WINFUT;14/03/2013;17:00:00;158695,32;159069,38;158639,91;158972,40;183008748,10;5942
WINFUT;14/03/2013;16:30:00;158265,85;158889,28;158210,44;158723,03;323347780,50;10738
WINFUT;14/03/2013;16:00:00;158348,98;158653,76;157974,92;158238,15;360392851,80;11989
WINFUT;14/03/2013;15:30:00;157836,39;158390,54;157490,04;158348,98;425450314,40;14184
WINFUT;14/03/2013;15:00:00;158168,88;158432,10;157711,70;157794,83;406719971,70;13605
WINFUT;14/03/2013;14:30:00;158695,32;158820,01;158127,32;158168,88;363579226,70;12246
WINFUT;14/03/2013;14:00:00;159083,23;159194,06;158432,10;158709,18;240806817,50;8162
WINFUT;14/03/2013;13:30:00;158889,28;159138,64;158806,15;159069,38;156132368,70;5266
WINFUT;14/03/2013;13:00:00;158806,15;159069,38;158639,91;158916,98;178991145,00;6027
WINFUT;14/03/2013;12:30:00;158612,20;158903,13;158348,98;158806,15;269982928,30;9107
WINFUT;14/03/2013;12:00:00;159595,82;159900,60;158279,71;158598,35;535227855,60;17842
WINFUT;14/03/2013;11:30:00;160191,53;160219,24;159471,14;159595,82;418772781,00;13936
WINFUT;14/03/2013;11:00:00;160468,61;160496,32;159748,21;160205,39;513449676,10;17278
WINFUT;14/03/2013;10:30:00;160260,80;160773,39;160163,83;160454,76;415281622,40;14160
WINFUT;14/03/2013;10:00:00;160330,07;160648,71;160177,68;160246,95;320937218,60;10835
WINFUT;14/03/2013;09:30:00;160066,85;160537,88;160053,00;160316,22;175001249,50;5862
WINFUT;14/03/2013;09:00:00;159956,02;160177,68;159651,23;160066,85;161535352,20;5423
WINFUT;13/03/2013;17:30:00;159457,28;159609,67;159069,38;159415,72;129283697,00;4224
WINFUT;13/03/2013;17:00:00;159789,77;160094,56;159097,08;159443,43;259287791,70;8388
WINFUT;13/03/2013;16:30:00;160690,27;160870,37;159720,50;159762,07;306501555,10;10019
WINFUT;13/03/2013;16:00:00;160510,17;160911,93;160233,09;160676,42;305864280,10;10146
WINFUT;13/03/2013;15:30:00;159914,46;160759,54;159581,97;160510,17;615496794,80;20669
WINFUT;13/03/2013;15:00:00;161092,03;161369,11;159318,74;159914,46;836215596,80;28052
WINFUT;13/03/2013;14:30:00;161507,64;161576,91;160911,93;161064,32;279929959,40;9363
WINFUT;13/03/2013;14:00:00;161341,40;161632,33;161216,71;161535,35;164694019,50;5563
WINFUT;13/03/2013;13:30:00;161452,23;161549,21;161258,28;161313,69;112991623,70;3863
WINFUT;13/03/2013;13:00:00;161272,13;161535,35;161244,42;161466,08;101991703,50;3490
WINFUT;13/03/2013;12:30:00;161604,62;161729,31;161216,71;161258,28;166578136,80;5580
WINFUT;13/03/2013;12:00:00;161466,08;161673,89;161147,45;161632,33;297635120,60;9944
WINFUT;13/03/2013;11:30:00;161369,11;161618,48;161258,28;161466,08;249368468,20;8382
WINFUT;13/03/2013;11:00:00;162186,48;162214,19;161285,98;161382,96;430991835,90;14305
WINFUT;13/03/2013;10:30:00;162269,60;162325,02;161701,60;162172,63;546255483,50;17219
WINFUT;13/03/2013;10:00:00;161798,57;162366,58;161590,77;162269,60;439082457,30;13899
WINFUT;13/03/2013;09:30:00;161341,40;161812,43;161175,15;161798,57;226925306,10;7483
WINFUT;13/03/2013;09:00:00;161258,28;161493,79;161022,76;161341,40;152530379,70;5016
WINFUT;12/03/2013;17:30:00;161867,84;162006,38;161770,87;161867,84;126983965,50;4005
WINFUT;12/03/2013;17:00:00;162422,00;162449,70;161798,57;161867,84;195421756,30;6281
WINFUT;12/03/2013;16:30:00;162325,02;162477,41;162228,04;162394,29;143941021,40;4545
WINFUT;12/03/2013;16:00:00;162103,36;162518,97;161881,70;162325,02;370478421,00;11515
WINFUT;12/03/2013;15:30:00;162172,63;162435,85;162047,94;162103,36;244270268,40;7620
WINFUT;12/03/2013;15:00:00;161923,26;162241,90;161673,89;162172,63;288740978,60;9021
WINFUT;12/03/2013;14:30:00;161840,14;162061,80;161576,91;161909,40;292010476,30;9131
WINFUT;12/03/2013;14:00:00;162172,63;162200,33;161660,04;161826,28;249396175,80;7763
WINFUT;12/03/2013;13:30:00;162172,63;162241,90;161826,28;162172,63;206006062,40;6429
WINFUT;12/03/2013;13:00:00;162422,00;162546,68;161964,82;162158,77;225152019,20;7039
WINFUT;12/03/2013;12:30:00;162117,21;162588,24;161853,99;162422,00;450581114,50;14023
WINFUT;12/03/2013;12:00:00;162408,14;162422,00;162089,50;162103,36;313622410,20;9774
WINFUT;12/03/2013;11:30:00;163086,98;163086,98;162338,87;162408,14;273003057,50;8599
WINFUT;12/03/2013;11:00:00;162615,95;163377,91;162588,24;163100,83;452382109,00;14396
WINFUT;12/03/2013;10:30:00;162768,34;162920,73;162241,90;162574,39;382115616,10;12256
WINFUT;12/03/2013;10:00:00;162200,33;163003,86;161978,67;162768,34;469366872,40;15162
WINFUT;12/03/2013;09:30:00;162144,92;162269,60;161867,84;162200,33;123160315,70;3963
WINFUT;12/03/2013;09:00:00;162532,83;162546,68;161923,26;162117,21;206809583,00;6610
WINFUT;11/03/2013;17:30:00;162380,43;163308,64;162366,58;163225,52;205618155,90;6567
WINFUT;11/03/2013;17:00:00;161576,91;162505,12;161479,94;162380,43;288048288,40;9270
WINFUT;11/03/2013;16:30:00;161784,72;161812,43;161105,88;161576,91;273861993,30;9079
WINFUT;11/03/2013;16:00:00;161687,74;162006,38;161493,79;161784,72;241111601,20;7687
WINFUT;11/03/2013;15:30:00;161673,89;162047,94;161299,84;161673,89;412760230,10;13407
WINFUT;11/03/2013;15:00:00;160981,20;161909,40;160898,08;161673,89;460860636,90;15113
WINFUT;11/03/2013;14:30:00;161244,42;161396,81;160814,95;160995,05;199217698,50;6715
WINFUT;11/03/2013;14:00:00;161244,42;161563,06;161105,88;161230,57;177661179,80;6028
WINFUT;11/03/2013;13:30:00;161119,74;161327,55;160745,69;161230,57;208001010,10;7031
WINFUT;11/03/2013;13:00:00;161008,91;161272,13;160870,37;161133,59;231607891,80;7819
WINFUT;11/03/2013;12:30:00;160870,37;161022,76;160579,44;160995,05;187857579,40;6331
WINFUT;11/03/2013;12:00:00;160898,08;161147,45;160607,15;160870,37;312043076,60;10424
WINFUT;11/03/2013;11:30:00;161272,13;161479,94;160773,39;160898,08;368455765,60;12216
WINFUT;11/03/2013;11:00:00;161701,60;161757,01;161105,88;161272,13;336231818,00;11225
WINFUT;11/03/2013;10:30:00;161202,86;162089,50;161175,15;161687,74;611756267,80;19702
WINFUT;11/03/2013;10:00:00;161840,14;161840,14;161022,76;161175,15;349697715,30;11547
WINFUT;11/03/2013;09:30:00;161660,04;161853,99;161549,21;161840,14;92487994,10;2981
WINFUT;11/03/2013;09:00:00;161479,94;161937,11;161396,81;161673,89;147210519,10;4717
WINFUT;08/03/2013;17:30:00;162768,34;162934,59;162394,29;162934,59;199716435,40;6346
WINFUT;08/03/2013;17:00:00;162297,31;162920,73;162255,75;162754,49;386382587,70;12050
WINFUT;08/03/2013;16:30:00;162726,78;163017,71;162103,36;162311,17;356430663,90;11144
WINFUT;08/03/2013;16:00:00;162463,56;162962,29;162131,07;162699,07;456510542,50;14202
WINFUT;08/03/2013;15:30:00;162006,38;162491,26;161770,87;162463,56;330440928,00;10281
WINFUT;08/03/2013;15:00:00;162241,90;162311,17;161549,21;161992,53;454377056,70;14219
WINFUT;08/03/2013;14:30:00;162463,56;162505,12;162117,21;162269,60;251501954,00;7820
WINFUT;08/03/2013;14:00:00;162726,78;162782,19;162269,60;162477,41;321823862,10;10017
WINFUT;08/03/2013;13:30:00;162685,22;163031,56;162491,26;162740,63;256655569,00;7940
WINFUT;08/03/2013;13:00:00;162990,00;163128,54;162518,97;162657,51;280761187,60;8752
WINFUT;08/03/2013;12:30:00;163391,76;163419,47;162754,49;162948,44;320438481,70;9966
WINFUT;08/03/2013;12:00:00;162699,07;163544,15;162435,85;163391,76;560968223,10;17516
WINFUT;08/03/2013;11:30:00;162920,73;163031,56;162061,80;162712,93;587068789,40;18290
WINFUT;08/03/2013;11:00:00;162311,17;163100,83;162006,38;162934,59;516220436,80;16205
WINFUT;08/03/2013;10:30:00;163225,52;164333,82;162269,60;162311,17;909917833,00;28650
WINFUT;08/03/2013;10:00:00;162422,00;163391,76;162297,31;163197,81;377433030,50;12019
WINFUT;08/03/2013;09:30:00;162879,17;162906,88;162144,92;162422,00;269872097,80;8601
WINFUT;08/03/2013;09:00:00;164901,83;165137,34;162657,51;162893,02;397327092,70;12603
WINFUT;07/03/2013;17:30:00;163544,15;164001,33;163502,59;163751,96;195394048,70;6079
WINFUT;07/03/2013;17:00:00;164001,33;164070,60;163280,93;163516,45;404281702,20;12691
WINFUT;07/03/2013;16:30:00;164139,87;164416,94;163599,57;164001,33;514280904,30;16037
WINFUT;07/03/2013;16:00:00;164444,65;164555,48;163932,06;164139,87;404946684,80;12533
WINFUT;07/03/2013;15:30:00;165081,93;165539,10;164209,14;164444,65;623753661,90;19256
WINFUT;07/03/2013;15:00:00;164763,29;165262,03;164666,31;165109,63;516248144,40;16014
WINFUT;07/03/2013;14:30:00;164306,11;164818,70;164084,45;164763,29;452465231,80;14035
WINFUT;07/03/2013;14:00:00;163613,42;164389,24;163544,15;164306,11;336702847,30;10406
WINFUT;07/03/2013;13:30:00;163904,35;163973,62;163100,83;163613,42;400873666,50;12515
WINFUT;07/03/2013;13:00:00;163336,35;163945,91;163183,95;163890,50;372695029,60;11590
WINFUT;07/03/2013;12:30:00;164126,01;164416,94;163308,64;163322,49;512313664,20;15957
WINFUT;07/03/2013;12:00:00;164001,33;164472,36;163779,67;164112,16;507021511,10;15840
WINFUT;07/03/2013;11:30:00;163710,40;164167,57;163156,25;164001,33;715909164,70;22408
WINFUT;07/03/2013;11:00:00;163987,48;164610,90;163530,30;163710,40;609733612,40;19003
WINFUT;07/03/2013;10:30:00;164042,89;164306,11;163502,59;164001,33;475379423,30;14748
WINFUT;07/03/2013;10:00:00;163280,93;164416,94;163253,22;164084,45;658055680,00;20604
WINFUT;07/03/2013;09:30:00;162934,59;163391,76;162934,59;163280,93;167908101,90;5364
WINFUT;07/03/2013;09:00:00;161853,99;163474,88;161853,99;162962,29;369591777,50;11798
WINFUT;06/03/2013;17:30:00;161202,86;161216,71;160759,54;161022,76;173560453,90;5730
WINFUT;06/03/2013;17:00:00;161313,69;161950,97;161008,91;161202,86;504527826,40;16792
WINFUT;06/03/2013;16:30:00;160565,59;161479,94;160496,32;161313,69;459447548,90;15346
WINFUT;06/03/2013;16:00:00;160302,36;160745,69;159956,02;160593,29;394362378,70;13187
WINFUT;06/03/2013;15:30:00;159471,14;160565,59;159374,16;160330,07;627383358,50;20800
WINFUT;06/03/2013;15:00:00;158944,69;159554,26;158916,98;159471,14;278599994,20;9392
WINFUT;06/03/2013;14:30:00;158598,35;159194,06;158445,95;158944,69;335982449,50;11321
WINFUT;06/03/2013;14:00:00;158210,44;158736,88;158016,49;158598,35;314287392,80;10533
WINFUT;06/03/2013;13:30:00;157199,11;158459,81;157157,55;158210,44;439581194,30;14665
WINFUT;06/03/2013;13:00:00;157115,99;157448,48;156922,04;157212,97;225235142,00;7543
WINFUT;06/03/2013;12:30:00;157490,04;157490,04;156977,45;157115,99;354408008,60;11889
WINFUT;06/03/2013;12:00:00;158071,90;158252,00;157379,21;157503,90;427001940,40;14292
WINFUT;06/03/2013;11:30:00;157808,68;158404,39;157559,31;158113,46;451938787,30;15202
WINFUT;06/03/2013;11:00:00;158155,02;158321,27;157683,99;157822,53;246902491,20;8393
WINFUT;06/03/2013;10:30:00;158044,19;158210,44;157448,48;158155,02;380674820,60;12897
WINFUT;06/03/2013;10:00:00;158238,15;158570,64;157739,41;158044,19;462883292,20;15703
WINFUT;06/03/2013;09:30:00;157808,68;158335,12;157628,58;158224,29;248260163,90;8341
WINFUT;06/03/2013;09:00:00;156838,91;157905,66;156741,94;157767,12;421959155,80;14166
WINFUT;05/03/2013;17:30:00;155813,73;155869,15;155328,85;155550,51;273197010,70;9325
WINFUT;05/03/2013;17:00:00;156354,03;156354,03;155758,32;155813,73;443515674,50;15038
WINFUT;05/03/2013;16:30:00;156534,13;156838,91;156243,20;156381,74;357067938,90;11990
WINFUT;05/03/2013;16:00:00;157199,11;157462,33;156451,01;156534,13;391397664,70;13106
WINFUT;05/03/2013;15:30:00;157268,38;157517,75;157143,70;157212,97;183590607,80;6205
WINFUT;05/03/2013;15:00:00;157351,50;157517,75;156991,30;157282,23;287715797,10;9673
WINFUT;05/03/2013;14:30:00;157683,99;157919,51;157226,82;157351,50;386050096,40;12983
WINFUT;05/03/2013;14:00:00;158030,34;158252,00;157573,16;157670,14;312708059,20;10474
WINFUT;05/03/2013;13:30:00;158473,66;158542,93;157850,24;158030,34;430299145,70;14546
WINFUT;05/03/2013;13:00:00;158681,47;158889,28;158432,10;158473,66;310768526,60;10411
WINFUT;05/03/2013;12:30:00;159194,06;159374,16;158598,35;158695,32;443266306,10;14930
WINFUT;05/03/2013;12:00:00;159069,38;159318,74;158861,57;159180,21;397410215,50;13291
WINFUT;05/03/2013;11:30:00;158210,44;159263,33;158182,73;159069,38;764591431,20;25530
WINFUT;05/03/2013;11:00:00;158265,85;158376,68;158085,76;158210,44;177688887,40;6111
WINFUT;05/03/2013;10:30:00;158058,05;158445,95;157877,95;158265,85;292481505,60;10025
WINFUT;05/03/2013;10:00:00;157919,51;158348,98;157822,53;158058,05;301514185,70;10240
WINFUT;05/03/2013;09:30:00;157628,58;157919,51;157545,46;157919,51;117258595,30;3929
WINFUT;05/03/2013;09:00:00;157462,33;157933,36;157406,92;157656,29;236761506,80;7903
WINFUT;04/03/2013;17:30:00;157406,92;157462,33;156741,94;156741,94;227590288,70;7611
WINFUT;04/03/2013;17:00:00;157462,33;157711,70;157296,09;157406,92;282174275,60;9660
WINFUT;04/03/2013;16:30:00;156991,30;157517,75;156935,89;157462,33;412150662,80;13917
WINFUT;04/03/2013;16:00:00;156547,98;157019,01;156464,86;156991,30;305448666,00;10356
WINFUT;04/03/2013;15:30:00;156769,64;156811,21;156464,86;156534,13;227230089,80;7704
WINFUT;04/03/2013;15:00:00;156631,11;156811,21;156270,91;156769,64;327919535,70;11166
WINFUT;04/03/2013;14:30:00;156284,76;156700,37;156132,37;156631,11;267904857,70;9111
WINFUT;04/03/2013;14:00:00;156755,79;156894,33;156104,66;156284,76;282866965,80;9623
WINFUT;04/03/2013;13:30:00;156686,52;156797,35;156506,42;156769,64;130308878,50;4466
WINFUT;04/03/2013;13:00:00;156589,54;156825,06;156478,71;156658,81;246237508,60;8376
WINFUT;04/03/2013;12:30:00;156132,37;156617,25;156076,95;156575,69;283365702,70;9593
WINFUT;04/03/2013;12:00:00;156783,50;156852,77;155938,42;156132,37;519683887,80;17504
WINFUT;04/03/2013;11:30:00;156852,77;156935,89;156506,42;156783,50;381035019,50;12917
WINFUT;04/03/2013;11:00:00;156783,50;156991,30;156631,11;156866,62;188051532,70;6490
WINFUT;04/03/2013;10:30:00;157199,11;157379,21;156589,54;156769,64;369647192,70;12629
WINFUT;04/03/2013;10:00:00;157296,09;157462,33;156949,74;157199,11;214650835,90;7388
WINFUT;04/03/2013;09:30:00;157309,94;157614,73;157074,43;157309,94;168711622,60;5685
WINFUT;04/03/2013;09:00:00;157933,36;157933,36;156977,45;157296,09;260811710,20;8739
WINFUT;01/03/2013;17:30:00;158445,95;158653,76;158182,73;158653,76;191321030,30;6376
WINFUT;01/03/2013;17:00:00;158432,10;158736,88;158348,98;158445,95;317806259,00;10859
WINFUT;01/03/2013;16:30:00;157725,56;158695,32;157656,29;158459,81;350501235,90;11945
WINFUT;01/03/2013;16:00:00;157961,07;158141,17;157670,14;157725,56;258595101,60;8783
WINFUT;01/03/2013;15:30:00;158390,54;158459,81;157656,29;157961,07;363523811,50;12330
WINFUT;01/03/2013;15:00:00;158265,85;158418,25;157836,39;158390,54;279154146,40;9408
WINFUT;01/03/2013;14:30:00;157961,07;158529,08;157891,80;158252,00;324816283,70;10942
WINFUT;01/03/2013;14:00:00;157490,04;158196,59;157434,63;157961,07;298992793,40;10170
WINFUT;01/03/2013;13:30:00;158127,32;158376,68;157254,53;157490,04;550300794,20;18660
WINFUT;01/03/2013;13:00:00;158709,18;158889,28;158058,05;158099,61;366821016,80;12323
WINFUT;01/03/2013;12:30:00;158459,81;158889,28;158376,68;158709,18;546892758,40;18323
WINFUT;01/03/2013;12:00:00;157891,80;158487,52;157767,12;158445,95;622673065,20;20886
WINFUT;01/03/2013;11:30:00;157656,29;157891,80;157157,55;157877,95;474437364,60;16085
WINFUT;01/03/2013;11:00:00;158127,32;158182,73;157296,09;157670,14;367264338,50;12615
WINFUT;01/03/2013;10:30:00;157822,53;158293,56;157517,75;158099,61;299436115,10;10226
WINFUT;01/03/2013;10:00:00;157517,75;158030,34;157282,23;157822,53;385966973,60;13280
WINFUT;01/03/2013;09:30:00;157725,56;158044,19;157420,77;157503,90;186250538,20;6291
WINFUT;01/03/2013;09:00:00;158639,91;158709,18;157587,02;157711,70;329997606,30;11010
WINFUT;28/02/2013;17:30:00;159484,99;159942,16;159041,67;159041,67;305088467,10;10240
WINFUT;28/02/2013;17:00:00;159859,04;159872,90;159166,35;159498,84;548610630,10;18492
WINFUT;28/02/2013;16:30:00;160787,25;160828,81;159734,36;159872,90;514890471,70;17213
WINFUT;28/02/2013;16:00:00;160814,95;161175,15;160648,71;160787,25;257292844,00;8684
WINFUT;28/02/2013;15:30:00;161008,91;161105,88;160621,00;160814,95;247955380,20;8337
WINFUT;28/02/2013;15:00:00;160621,00;161092,03;160371,63;160995,05;366904139,60;12351
WINFUT;28/02/2013;14:30:00;160343,93;160911,93;160260,80;160621,00;242358443,50;8152
WINFUT;28/02/2013;14:00:00;160233,09;160454,76;160066,85;160343,93;141475044,30;4808
WINFUT;28/02/2013;13:30:00;160787,25;160801,10;160108,41;160205,39;226869890,90;7571
WINFUT;28/02/2013;13:00:00;160371,63;160870,37;160274,66;160801,10;277602520,40;9304
WINFUT;28/02/2013;12:30:00;160704,12;160704,12;160205,39;160371,63;277186906,20;9223
WINFUT;28/02/2013;12:00:00;160371,63;160731,83;159969,87;160662,56;380979604,20;12814
WINFUT;28/02/2013;11:30:00;159969,87;160593,29;159762,07;160357,78;493112292,10;16483
WINFUT;28/02/2013;11:00:00;160025,29;160427,05;159540,40;159969,87;485742068,50;16441
WINFUT;28/02/2013;10:30:00;159595,82;160094,56;159180,21;160025,29;553265508,20;18707
WINFUT;28/02/2013;10:00:00;158667,61;159581,97;158515,22;159581,97;371752970,90;12596
WINFUT;28/02/2013;09:30:00;158916,98;159000,11;158626,05;158653,76;145270986,50;4886
WINFUT;28/02/2013;09:00:00;159041,67;159194,06;158792,30;158930,84;189824819,50;6289
WINFUT;27/02/2013;17:30:00;159637,38;159706,65;159332,60;159332,60;151782274,30;5103
WINFUT;27/02/2013;17:00:00;159734,36;159762,07;159291,04;159623,53;263194564,40;8941
WINFUT;27/02/2013;16:30:00;159110,94;159803,63;158903,13;159720,50;379760469,50;12738
WINFUT;27/02/2013;16:00:00;158667,61;159318,74;158529,08;159097,08;321408247,90;10784
WINFUT;27/02/2013;15:30:00;158764,59;158903,13;158501,37;158653,76;206671044,90;6965
WINFUT;27/02/2013;15:00:00;159872,90;159886,75;158390,54;158736,88;631317838,70;21107
WINFUT;27/02/2013;14:30:00;159872,90;160136,12;159692,80;159872,90;283725901,60;9506
WINFUT;27/02/2013;14:00:00;159194,06;160053,00;159124,79;159886,75;286912276,50;9600
WINFUT;27/02/2013;13:30:00;159388,01;159540,40;159110,94;159194,06;159097082,70;5360
WINFUT;27/02/2013;13:00:00;159304,89;159526,55;159055,52;159360,31;319053101,30;10742
WINFUT;27/02/2013;12:30:00;159166,35;159706,65;159138,64;159291,04;452298986,10;15037
WINFUT;27/02/2013;12:00:00;158903,13;159235,62;158681,47;159180,21;372778152,40;12602
WINFUT;27/02/2013;11:30:00;158238,15;159124,79;158196,59;158889,28;578340893,00;19417
WINFUT;27/02/2013;11:00:00;158598,35;158736,88;158196,59;158196,59;198608131,10;6849
WINFUT;27/02/2013;10:30:00;158058,05;158861,57;158016,49;158626,05;368040151,50;12527
WINFUT;27/02/2013;10:00:00;158764,59;158903,13;157850,24;158002,63;403090275,10;13796
WINFUT;27/02/2013;09:30:00;158418,25;158903,13;158348,98;158723,03;176940782,00;5938
WINFUT;27/02/2013;09:00:00;158944,69;158986,25;158265,85;158390,54;158986252,30;5312
WINFUT;26/02/2013;17:30:00;158889,28;159277,18;158626,05;159083,23;259814236,30;8804
WINFUT;26/02/2013;17:00:00;158459,81;159180,21;158376,68;158861,57;418606535,30;14216
WINFUT;26/02/2013;16:30:00;158113,46;158584,49;158002,63;158459,81;464490333,50;15750
WINFUT;26/02/2013;16:00:00;157434,63;158168,88;157323,80;158127,32;349060440,30;11790
WINFUT;26/02/2013;15:30:00;157212,97;157767,12;157199,11;157434,63;384221394,30;12997
WINFUT;26/02/2013;15:00:00;157337,65;157490,04;156908,18;157240,67;415641821,30;14130
WINFUT;26/02/2013;14:30:00;156520,28;157448,48;156409,44;157351,50;424286594,90;14394
WINFUT;26/02/2013;14:00:00;156298,61;156797,35;156173,93;156520,28;306390724,60;10303
WINFUT;26/02/2013;13:30:00;156714,23;156866,62;156049,25;156340,18;463853058,50;15520
WINFUT;26/02/2013;13:00:00;156908,18;157088,28;156589,54;156714,23;344987422,00;11608
WINFUT;26/02/2013;12:30:00;156631,11;157199,11;156520,28;156922,04;441631557,20;14822
WINFUT;26/02/2013;12:00:00;157365,36;157780,97;156603,40;156631,11;619375859,90;20832
WINFUT;26/02/2013;11:30:00;157102,13;157836,39;157032,87;157379,21;810558352,20;27065
WINFUT;26/02/2013;11:00:00;157046,72;157240,67;156672,67;157074,43;322211768,60;10977
WINFUT;26/02/2013;10:30:00;156451,01;157074,43;156409,44;157019,01;453573536,10;15458
WINFUT;26/02/2013;10:00:00;156464,86;156492,57;155993,83;156437,15;255381019,10;8786
WINFUT;26/02/2013;09:30:00;156506,42;156769,64;156187,78;156506,42;200935570,20;6825
WINFUT;26/02/2013;09:00:00;156561,84;156838,91;156160,08;156520,28;217033690,20;7274
WINFUT;25/02/2013;17:30:00;157683,99;157711,70;156769,64;156769,64;259093838,50;8702
WINFUT;25/02/2013;17:00:00;158445,95;158556,78;157559,31;157683,99;363080489,70;12252
WINFUT;25/02/2013;16:30:00;158459,81;158653,76;157961,07;158432,10;377654691,30;12720
WINFUT;25/02/2013;16:00:00;158861,57;158903,13;158265,85;158473,66;520127209,50;17661
WINFUT;25/02/2013;15:30:00;158515,22;159318,74;158321,27;158875,42;656781130,10;22292
WINFUT;25/02/2013;15:00:00;158002,63;158612,20;157988,78;158515,22;504971148,20;17085
WINFUT;25/02/2013;14:30:00;157448,48;158127,32;157309,94;158002,63;319496423,00;10912
WINFUT;25/02/2013;14:00:00;157393,06;157614,73;157282,23;157490,04;220552556,30;7510
WINFUT;25/02/2013;13:30:00;157656,29;157711,70;157129,84;157379,21;301043156,40;10263
WINFUT;25/02/2013;13:00:00;157545,46;157780,97;157088,28;157642,43;505719253,60;17176
WINFUT;25/02/2013;12:30:00;157545,46;157919,51;157268,38;157517,75;459142765,20;15640
WINFUT;25/02/2013;12:00:00;157711,70;158002,63;157490,04;157573,16;321214294,70;10949
WINFUT;25/02/2013;11:30:00;157780,97;157891,80;157282,23;157697,85;441797802,90;15039
WINFUT;25/02/2013;11:00:00;157656,29;158085,76;157434,63;157767,12;290957587,20;9927
WINFUT;25/02/2013;10:30:00;157808,68;158141,17;157531,60;157656,29;275219666,10;9398
WINFUT;25/02/2013;10:00:00;158335,12;158529,08;157780,97;157822,53;259315499,30;8833
WINFUT;25/02/2013;09:30:00;158252,00;158542,93;158155,02;158307,42;97835562,37;3324
WINFUT;25/02/2013;09:00:00;158432,10;158723,03;158030,34;158265,85;271146647,80;9013
WINFUT;22/02/2013;17:30:00;157628,58;158141,17;157531,60;157656,29;219416544,40;7429
WINFUT;22/02/2013;17:00:00;157753,26;158210,44;157476,19;157628,58;488623659,70;16655
WINFUT;22/02/2013;16:30:00;157642,43;157864,09;157296,09;157753,26;365601882,00;12291
WINFUT;22/02/2013;16:00:00;157531,60;157711,70;157462,33;157614,73;153112239,50;5172
WINFUT;22/02/2013;15:30:00;157351,50;157697,85;157157,55;157531,60;225207434,40;7562
WINFUT;22/02/2013;15:00:00;157656,29;157794,83;157240,67;157351,50;252942749,60;8501
WINFUT;22/02/2013;14:30:00;157296,09;157891,80;157296,09;157656,29;359533916,00;12092
WINFUT;22/02/2013;14:00:00;157212,97;157462,33;157019,01;157323,80;212240274,10;7220
WINFUT;22/02/2013;13:30:00;156894,33;157462,33;156866,62;157212,97;256794107,10;8629
WINFUT;22/02/2013;13:00:00;156783,50;157088,28;156561,84;156908,18;204537559,20;6955
WINFUT;22/02/2013;12:30:00;156714,23;157074,43;156451,01;156769,64;264496822,00;8947
WINFUT;22/02/2013;12:00:00;156478,71;157074,43;156367,88;156714,23;341302310,20;11588
WINFUT;22/02/2013;11:30:00;157642,43;157642,43;156367,88;156478,71;797618899,40;26737
WINFUT;22/02/2013;11:00:00;157670,14;157891,80;157212,97;157642,43;443460259,30;15206
WINFUT;22/02/2013;10:30:00;156908,18;157780,97;156561,84;157670,14;516054191,20;17439
WINFUT;22/02/2013;10:00:00;157503,90;157753,26;156769,64;156894,33;433928842,30;14679
WINFUT;22/02/2013;09:30:00;157171,40;157559,31;157115,99;157503,90;139812587,90;4750
WINFUT;22/02/2013;09:00:00;157240,67;157379,21;156963,60;157171,40;180071741,70;6073
WINFUT;21/02/2013;17:30:00;156229,35;156520,28;156049,25;156132,37;222325843,20;7541
WINFUT;21/02/2013;17:00:00;154871,67;156478,71;154691,57;156243,20;506273405,70;17483
WINFUT;21/02/2013;16:30:00;154871,67;155245,73;154566,89;154885,53;409324486,80;14214
WINFUT;21/02/2013;16:00:00;155453,53;155633,63;154663,87;154885,53;435896082,50;15134
WINFUT;21/02/2013;15:30:00;155245,73;155508,95;155121,04;155439,68;192650995,50;6731
WINFUT;21/02/2013;15:00:00;155675,19;155910,71;155107,19;155259,58;352523891,30;12306
WINFUT;21/02/2013;14:30:00;155522,80;155702,90;155107,19;155689,05;288491610,10;10093
WINFUT;21/02/2013;14:00:00;155716,75;155786,02;155051,77;155522,80;284390884,20;9903
WINFUT;21/02/2013;13:30:00;155675,19;155841,44;155495,09;155716,75;139036774,80;4847
WINFUT;21/02/2013;13:00:00;155966,12;156104,66;155467,39;155633,63;216756614,10;7549
WINFUT;21/02/2013;12:30:00;156132,37;156229,35;155633,63;155979,98;369148455,80;12617
WINFUT;21/02/2013;12:00:00;155314,99;156381,74;154899,38;156132,37;760490705,30;26301
WINFUT;21/02/2013;11:30:00;156284,76;156284,76;154968,65;155370,41;839679047,70;28954
WINFUT;21/02/2013;11:00:00;156617,25;156644,96;156090,81;156284,76;340858988,50;11744
WINFUT;21/02/2013;10:30:00;156644,96;156755,79;156187,78;156617,25;369758023,20;12599
WINFUT;21/02/2013;10:00:00;155896,85;156672,67;155689,05;156658,81;371974631,80;12707
WINFUT;21/02/2013;09:30:00;155758,32;155979,98;155467,39;155883,00;145714308,30;5056
WINFUT;21/02/2013;09:00:00;155633,63;155979,98;155356,56;155772,17;204066529,80;7046
WINFUT;20/02/2013;17:30:00;156547,98;156644,96;156049,25;156049,25;284972744,00;9494
WINFUT;20/02/2013;17:00:00;157171,40;157171,40;156132,37;156534,13;610481717,80;20681
WINFUT;20/02/2013;16:30:00;157836,39;157877,95;157046,72;157185,26;373526257,80;12565
WINFUT;20/02/2013;16:00:00;158362,83;158584,49;157614,73;157864,09;700088120,70;23476
WINFUT;20/02/2013;15:30:00;158293,56;158390,54;158071,90;158348,98;208915361,20;7013
WINFUT;20/02/2013;15:00:00;158639,91;158806,15;158210,44;158307,42;354103224,90;11901
WINFUT;20/02/2013;14:30:00;159512,70;159526,55;158626,05;158653,76;467482755,10;15674
WINFUT;20/02/2013;14:00:00;159346,45;159692,80;159291,04;159540,40;142583348,60;4833
WINFUT;20/02/2013;13:30:00;159692,80;159762,07;159346,45;159374,16;234267822,10;7871
WINFUT;20/02/2013;13:00:00;159859,04;159928,31;159512,70;159678,94;255685802,80;8613
WINFUT;20/02/2013;12:30:00;160399,34;160468,61;159706,65;159886,75;329775945,40;11094
WINFUT;20/02/2013;12:00:00;159886,75;160634,85;159872,90;160385,49;388710026,80;12966
WINFUT;20/02/2013;11:30:00;160122,26;160246,95;159831,33;159886,75;306861754,00;10315
WINFUT;20/02/2013;11:00:00;160246,95;160413,19;159969,87;160136,12;298327810,80;10157
WINFUT;20/02/2013;10:30:00;159415,72;160260,80;159221,77;160260,80;440052223,60;14956
WINFUT;20/02/2013;10:00:00;159734,36;159886,75;159124,79;159415,72;335178928,90;11464
WINFUT;20/02/2013;09:30:00;159678,94;159942,16;159498,84;159734,36;108364453,20;3699
WINFUT;20/02/2013;09:00:00;159775,92;159859,04;159291,04;159678,94;194341159,60;6479
WINFUT;19/02/2013;17:30:00;160025,29;160039,14;159457,28;159637,38;232965564,50;7827
WINFUT;19/02/2013;17:00:00;159942,16;160233,09;159845,19;160039,14;211630706,70;7237
WINFUT;19/02/2013;16:30:00;159997,58;160122,26;159678,94;159942,16;309466269,10;10424
WINFUT;19/02/2013;16:00:00;160149,97;160357,78;159997,58;159997,58;244602759,70;8266
WINFUT;19/02/2013;15:30:00;160260,80;160454,76;159817,48;160136,12;413702288,80;13901
WINFUT;19/02/2013;15:00:00;161230,57;161341,40;160219,24;160260,80;569280505,40;18977
WINFUT;19/02/2013;14:30:00;161382,96;161507,64;161161,30;161230,57;191237907,50;6396
WINFUT;19/02/2013;14:00:00;161646,18;161701,60;161299,84;161382,96;187275719,60;6280
WINFUT;19/02/2013;13:30:00;161660,04;161729,31;161535,35;161660,04;107533225,00;3463
WINFUT;19/02/2013;13:00:00;161618,48;161784,72;161452,23;161673,89;161618475,00;5400
WINFUT;19/02/2013;12:30:00;161757,01;161853,99;161424,52;161618,48;261836891,60;8525
WINFUT;19/02/2013;12:00:00;161757,01;161909,40;161493,79;161743,16;231303108,10;7476
WINFUT;19/02/2013;11:30:00;161590,77;161909,40;161382,96;161770,87;443266306,10;14479
WINFUT;19/02/2013;11:00:00;161840,14;162089,50;161563,06;161590,77;318138750,20;10192
WINFUT;19/02/2013;10:30:00;161715,45;161937,11;161618,48;161826,28;198912914,80;6295
WINFUT;19/02/2013;10:00:00;161105,88;161978,67;161092,03;161701,60;395720051,50;12849
WINFUT;19/02/2013;09:30:00;161313,69;161452,23;161008,91;161078,18;186333661,00;6182
WINFUT;19/02/2013;09:00:00;160759,54;161355,25;160759,54;161313,69;260396096,00;8505
WINFUT;18/02/2013;17:30:00;160814,95;160856,52;160565,59;160621,00;112853085,70;3683
WINFUT;18/02/2013;17:00:00;160731,83;160842,66;160440,90;160801,10;118366899,60;3858
WINFUT;18/02/2013;16:30:00;161036,62;161036,62;160634,85;160717,98;75281569,80;2485
WINFUT;18/02/2013;16:00:00;160828,81;161119,74;160814,95;161050,47;73425160,09;2400
WINFUT;18/02/2013;15:30:00;160828,81;160898,08;160579,44;160814,95;78689605,53;2599
WINFUT;18/02/2013;15:00:00;161202,86;161258,28;160773,39;160842,66;89357034,45;2922
WINFUT;18/02/2013;14:30:00;160898,08;161244,42;160856,52;161202,86;117147764,90;3830
WINFUT;18/02/2013;14:00:00;160898,08;160939,64;160773,39;160925,78;32307070,44;1069
WINFUT;18/02/2013;13:30:00;160787,25;160953,49;160745,69;160898,08;41173504,87;1355
WINFUT;18/02/2013;13:00:00;160537,88;160870,37;160440,90;160801,10;94482941,85;3184
WINFUT;18/02/2013;12:30:00;160787,25;160828,81;160510,17;160510,17;49652032,78;1693
WINFUT;18/02/2013;12:00:00;160648,71;160870,37;160634,85;160759,54;93901082,09;3166
WINFUT;18/02/2013;11:30:00;160468,61;160773,39;160246,95;160662,56;165913154,20;5495
WINFUT;18/02/2013;11:00:00;161189,01;161189,01;160316,22;160468,61;328445980,30;10883
WINFUT;18/02/2013;10:30:00;160995,05;161244,42;160967,35;161189,01;115263647,50;3870
WINFUT;18/02/2013;10:00:00;161493,79;161535,35;160870,37;160995,05;199827265,90;6679
WINFUT;18/02/2013;09:30:00;161355,25;161660,04;161285,98;161535,35;79687079,40;2653
WINFUT;18/02/2013;09:00:00;161660,04;161729,31;161133,59;161382,96;140726938,90;4623
WINFUT;15/02/2013;17:30:00;161743,16;161895,55;161535,35;161535,35;176248091,80;5539
WINFUT;15/02/2013;17:00:00;162144,92;162158,77;161618,48;161743,16;346954662,10;10872
WINFUT;15/02/2013;16:30:00;161673,89;162172,63;161673,89;162144,92;277907304,00;8629
WINFUT;15/02/2013;16:00:00;161729,31;161853,99;161590,77;161673,89;132359241,40;4143
WINFUT;15/02/2013;15:30:00;161770,87;161784,72;161507,64;161715,45;183812268,70;5926
WINFUT;15/02/2013;15:00:00;162006,38;162103,36;161466,08;161757,01;280345573,50;8973
WINFUT;15/02/2013;14:30:00;162020,24;162117,21;161701,60;162020,24;298604886,90;9359
WINFUT;15/02/2013;14:00:00;162699,07;162809,90;161950,97;162006,38;268874624,00;8450
WINFUT;15/02/2013;13:30:00;162948,44;162990,00;162546,68;162712,93;276577338,90;8642
WINFUT;15/02/2013;13:00:00;162796,05;163280,93;162796,05;162934,59;400347221,90;12380
WINFUT;15/02/2013;12:30:00;162255,75;163003,86;161992,53;162809,90;438528305,20;13724
WINFUT;15/02/2013;12:00:00;161978,67;162422,00;161867,84;162255,75;318249580,70;10075
WINFUT;15/02/2013;11:30:00;161701,60;162020,24;161673,89;161978,67;161673890,20;5131
WINFUT;15/02/2013;11:00:00;161978,67;162075,65;161604,62;161701,60;190766878,20;6035
WINFUT;15/02/2013;10:30:00;161549,21;162144,92;161549,21;161978,67;262197090,50;8230
WINFUT;15/02/2013;10:00:00;161660,04;161909,40;161341,40;161563,06;260229850,40;8531
WINFUT;15/02/2013;09:30:00;161770,87;161923,26;161576,91;161673,89;122218257,00;3845
WINFUT;15/02/2013;09:00:00;161950,97;162047,94;161563,06;161770,87;182454595,90;5763
WINFUT;14/02/2013;17:30:00;162255,75;162560,53;162214,19;162449,70;177661179,80;5603
WINFUT;14/02/2013;17:00:00;162103,36;162338,87;162020,24;162255,75;193315978,10;6161
WINFUT;14/02/2013;16:30:00;162255,75;162297,31;162061,80;162103,36;156160076,30;4871
WINFUT;14/02/2013;16:00:00;162422,00;162588,24;162172,63;162228,04;178714068,90;5569
WINFUT;14/02/2013;15:30:00;162283,46;162546,68;162061,80;162435,85;256433908,20;7988
WINFUT;14/02/2013;15:00:00;162241,90;162408,14;162158,77;162269,60;151394367,80;4731
WINFUT;14/02/2013;14:30:00;162172,63;162311,17;162061,80;162214,19;118145238,70;3688
WINFUT;14/02/2013;14:00:00;162047,94;162352,73;161964,82;162186,48;187081766,40;5812
WINFUT;14/02/2013;13:30:00;161812,43;162269,60;161757,01;162047,94;199605605,00;6269
WINFUT;14/02/2013;13:00:00;161992,53;162214,19;161701,60;161812,43;227534873,50;7115
WINFUT;14/02/2013;12:30:00;161978,67;162103,36;161757,01;161978,67;243411332,60;7574
WINFUT;14/02/2013;12:00:00;161964,82;162144,92;161881,70;161964,82;202736564,70;6341
WINFUT;14/02/2013;11:30:00;161673,89;162006,38;161632,33;161964,82;332131092,10;10517
WINFUT;14/02/2013;11:00:00;161507,64;161798,57;161369,11;161632,33;150673970,00;5188
WINFUT;14/02/2013;10:30:00;161923,26;162103,36;161258,28;161507,64;408881165,10;13374
WINFUT;14/02/2013;10:00:00;162685,22;162754,49;161895,55;161937,11;329027840,00;10398
WINFUT;14/02/2013;09:30:00;162352,73;162823,76;162311,17;162657,51;128591006,80;4002
WINFUT;14/02/2013;09:00:00;162435,85;162643,66;162200,33;162366,58;151311245,00;4716
WINFUT;13/02/2013;17:30:00;163253,22;163474,88;163045,42;163474,88;99775094,90;3117
WINFUT;13/02/2013;17:00:00;163170,10;163419,47;162990,00;163253,22;186749275,10;5824
WINFUT;13/02/2013;16:30:00;163100,83;163267,08;162934,59;163183,95;185474725,10;5788
WINFUT;13/02/2013;16:00:00;163516,45;163696,55;163059,27;163114,69;131805089,30;4108
WINFUT;13/02/2013;15:30:00;163280,93;163682,69;163225,52;163530,30;130419708,90;4009
WINFUT;13/02/2013;15:00:00;163364,05;163973,62;163267,08;163267,08;195116972,60;5994
WINFUT;13/02/2013;14:30:00;163280,93;163571,86;163183,95;163350,20;217864918,40;6813
WINFUT;13/02/2013;14:00:00;163059,27;163474,88;162879,17;163280,93;205119418,90;6468
WINFUT;13/02/2013;13:30:00;163862,79;163876,65;162879,17;163045,42;238756454,50;7564
WINFUT;13/02/2013;13:00:00;163696,55;164167,57;163544,15;163876,65;244602759,70;7659
WINFUT;08/02/2013;17:30:00;162961,12;163253,94;162640,42;163142,39;230518807,50;7267
WINFUT;08/02/2013;17:00:00;163100,56;163267,89;162807,74;162947,18;327037751,80;10178
WINFUT;08/02/2013;16:30:00;162333,65;163142,39;162291,82;163114,51;291508963,90;9430
WINFUT;08/02/2013;16:00:00;162528,87;162668,30;162249,99;162347,60;187571921,10;6315
WINFUT;08/02/2013;15:30:00;162445,20;162570,70;162222,10;162542,81;173907002,60;5766
WINFUT;08/02/2013;15:00:00;162570,70;162765,91;162347,60;162445,20;237128166,00;7628
WINFUT;08/02/2013;14:30:00;162208,16;162724,08;162054,78;162570,70;288329778,80;9479
WINFUT;08/02/2013;14:00:00;162779,85;162821,69;161622,52;162194,22;574651651,10;18781
WINFUT;08/02/2013;13:30:00;162835,63;163240,00;162779,85;162779,85;169389213,30;5250
WINFUT;08/02/2013;13:00:00;162975,07;163504,93;162751,97;162821,69;279824064,20;8692
WINFUT;08/02/2013;12:30:00;163240,00;163477,04;162640,42;162919,29;572504306,80;17875
WINFUT;08/02/2013;12:00:00;163184,22;163463,10;163142,39;163240,00;191141532,40;5974
WINFUT;08/02/2013;11:30:00;162528,87;163546,76;162500,98;163184,22;508083977,10;15958
WINFUT;08/02/2013;11:00:00;162236,05;162696,19;162110,55;162514,92;178062253,30;6015
WINFUT;08/02/2013;10:30:00;162487,04;162779,85;161957,17;162236,05;232080512,50;7820
WINFUT;08/02/2013;10:00:00;162612,53;162919,29;162277,88;162514,92;247586011,80;8137
WINFUT;08/02/2013;09:30:00;161957,17;162738,02;161915,34;162612,53;134446064,70;4562
WINFUT;08/02/2013;09:00:00;162668,30;162807,74;161887,45;161915,34;172652061,20;5723
WINFUT;07/02/2013;17:30:00;162765,91;162891,41;162249,99;162584,64;219754198,30;7146
WINFUT;07/02/2013;17:00:00;162417,32;162947,18;162361,54;162793,80;274943736,20;9093
WINFUT;07/02/2013;16:30:00;162668,30;162793,80;162347,60;162403,37;236765627,40;7815
WINFUT;07/02/2013;16:00:00;162389,43;162793,80;162249,99;162668,30;237685917,80;7886
WINFUT;07/02/2013;15:30:00;162821,69;162975,07;162236,05;162375,48;349041059,20;11192
WINFUT;07/02/2013;15:00:00;162431,26;162849,57;162361,54;162835,63;257932307,20;8428
WINFUT;07/02/2013;14:30:00;162542,81;162556,75;161971,11;162445,20;357128459,90;11961
WINFUT;07/02/2013;14:00:00;162459,15;162640,42;162236,05;162542,81;284062977,70;9476
WINFUT;07/02/2013;13:30:00;163365,49;163574,65;162417,32;162459,15;556329505,40;17503
WINFUT;07/02/2013;13:00:00;163825,64;163853,53;163142,39;163393,38;538788212,20;16769
WINFUT;07/02/2013;12:30:00;165164,24;165164,24;163616,48;163825,64;875363519,20;27265
WINFUT;07/02/2013;12:00:00;165429,18;165749,88;165122,41;165178,19;291759952,20;9187
WINFUT;07/02/2013;11:30:00;165373,40;165763,83;165052,69;165443,12;504319152,60;15882
WINFUT;07/02/2013;11:00:00;164773,82;165373,40;164745,93;165359,46;311113938,70;9791
WINFUT;07/02/2013;10:30:00;164773,82;165080,58;164690,15;164759,87;260358527,40;8310
WINFUT;07/02/2013;10:00:00;164592,55;164996,92;164550,72;164759,87;247390798,70;7782
WINFUT;07/02/2013;09:30:00;164801,70;164843,54;164481,00;164578,60;123151591,40;3881
WINFUT;07/02/2013;09:00:00;164592,55;165080,58;164592,55;164801,70;185787115,40;5749
WINFUT;06/02/2013;17:30:00;164439,17;164508,89;164146,35;164397,33;208989589,10;6587
WINFUT;06/02/2013;17:00:00;163825,64;164467,05;163714,09;164453,11;338137012,00;10615
WINFUT;06/02/2013;16:30:00;163951,13;164118,46;163797,75;163825,64;161524913,30;5029
WINFUT;06/02/2013;16:00:00;163755,92;164090,57;163644,37;163965,08;254083819,90;7831
WINFUT;06/02/2013;15:30:00;163853,53;164160,29;163616,48;163755,92;309803222,00;9611
WINFUT;06/02/2013;15:00:00;163909,30;164188,18;163825,64;163839,58;226056793,40;7038
WINFUT;06/02/2013;14:30:00;163783,81;163965,08;163574,65;163923,25;155361756,20;4824
WINFUT;06/02/2013;14:00:00;163532,82;163881,41;163504,93;163797,75;264458002,90;8212
WINFUT;06/02/2013;13:30:00;163755,92;163755,92;163309,72;163504,93;323830679,10;10000
WINFUT;06/02/2013;13:00:00;163811,70;163937,19;163574,65;163755,92;372829172,30;11456
WINFUT;06/02/2013;12:30:00;164118,46;164425,22;163783,81;163797,75;496510627,80;15323
WINFUT;06/02/2013;12:00:00;164216,07;164411,28;164006,91;164118,46;283337900,40;8786
WINFUT;06/02/2013;11:30:00;164648,32;164676,21;164132,40;164216,07;400131121,50;12491
WINFUT;06/02/2013;11:00:00;165457,06;165471,01;164313,67;164634,38;734921622,90;22940
WINFUT;06/02/2013;10:30:00;166098,48;166307,63;165429,18;165443,12;412262222,60;12854
WINFUT;06/02/2013;10:00:00;165554,67;166168,20;165317,63;166084,53;448794963,70;13973
WINFUT;06/02/2013;09:30:00;165498,89;165610,45;165178,19;165568,61;114701652,00;3571
WINFUT;06/02/2013;09:00:00;165275,79;165624,39;165206,07;165512,84;189858703,30;5832
WINFUT;05/02/2013;17:30:00;165666,22;165861,43;165373,40;165373,40;208933814,00;6418
WINFUT;05/02/2013;17:00:00;165373,40;165861,43;165331,57;165652,28;363821481,20;11276
WINFUT;05/02/2013;16:30:00;165498,89;165708,05;165220,02;165387,34;291257975,60;8984
WINFUT;05/02/2013;16:00:00;165220,02;165582,56;165192,13;165512,84;276756429,50;8504
WINFUT;05/02/2013;15:30:00;165094,52;165415,23;164899,31;165220,02;418620592,80;12943
WINFUT;05/02/2013;15:00:00;165373,40;165624,39;165094,52;165094,52;262756860,00;8115
WINFUT;05/02/2013;14:30:00;165847,49;166126,37;165261,85;165373,40;413796040,00;12744
WINFUT;05/02/2013;14:00:00;166056,65;166363,41;165666,22;165875,38;312285217,40;9599
WINFUT;05/02/2013;13:30:00;165652,28;166210,03;165526,78;166084,53;354507026,60;10851
WINFUT;05/02/2013;13:00:00;166140,31;166265,80;165471,01;165652,28;484602627,50;14921
WINFUT;05/02/2013;12:30:00;166586,51;166670,17;166084,53;166112,42;556970919,90;17134
WINFUT;05/02/2013;12:00:00;166558,62;166851,44;166488,90;166544,68;242845121,70;7492
WINFUT;05/02/2013;11:30:00;166056,65;166586,51;166014,82;166572,57;249036166,40;7732
WINFUT;05/02/2013;11:00:00;166488,90;166698,06;165931,15;166042,70;309329133,00;9620
WINFUT;05/02/2013;10:30:00;166516,79;166851,44;166210,03;166488,90;341622960,60;10640
WINFUT;05/02/2013;10:00:00;165805,66;167283,70;165401,29;166502,85;859244493,00;26667
WINFUT;05/02/2013;09:30:00;166168,20;166433,13;165596,50;165777,77;258713159,60;8046
WINFUT;05/02/2013;09:00:00;166614,40;166725,95;165917,21;166168,20;234925046,50;7311
WINFUT;04/02/2013;17:30:00;166084,53;166182,14;165735,94;166182,14;309022369,50;9529
WINFUT;04/02/2013;17:00:00;165972,98;166237,92;165749,88;166084,53;474395770,00;14699
WINFUT;04/02/2013;16:30:00;165763,83;166028,76;165331,57;165972,98;412652648,80;12657
WINFUT;04/02/2013;16:00:00;165373,40;165972,98;165345,51;165763,83;291174312,80;8938
WINFUT;04/02/2013;15:30:00;165554,67;165582,56;165233,96;165401,29;193121551,20;5995
WINFUT;04/02/2013;15:00:00;165666,22;165680,16;165178,19;165540,73;333674997,90;10328
WINFUT;04/02/2013;14:30:00;165638,33;165847,49;165373,40;165680,16;298257760,30;9253
WINFUT;04/02/2013;14:00:00;165401,29;165749,88;165247,91;165652,28;321571784,40;10026
WINFUT;04/02/2013;13:30:00;165624,39;165708,05;165261,85;165373,40;372522408,80;11575
WINFUT;04/02/2013;13:00:00;165972,98;166196,08;165568,61;165638,33;384012095,30;11855
WINFUT;04/02/2013;12:30:00;165972,98;166126,37;165554,67;165986,93;571221477,70;17550
WINFUT;04/02/2013;12:00:00;166182,14;166293,69;165861,43;165959,04;220562938,40;6828
WINFUT;04/02/2013;11:30:00;166293,69;166586,51;165945,10;166182,14;344885808,50;10687
WINFUT;04/02/2013;11:00:00;167227,93;167283,70;166056,65;166307,63;526545560,80;16438
WINFUT;04/02/2013;10:30:00;167130,32;167381,31;166656,23;167227,93;323579690,80;10056
WINFUT;04/02/2013;10:00:00;167395,25;167423,14;166893,27;167144,26;353363635,40;10957
WINFUT;04/02/2013;09:30:00;167464,97;167771,73;167213,98;167381,31;174130103,40;5379
WINFUT;04/02/2013;09:00:00;167590,46;167729,90;167339,48;167478,91;194711143,80;6013
WINFUT;01/02/2013;17:30:00;168427,09;168427,09;168162,16;168385,26;223156484,10;6828
WINFUT;01/02/2013;17:00:00;168845,41;168873,29;168231,88;168427,09;318950351,10;9722
WINFUT;01/02/2013;16:30:00;168287,65;168915,12;168190,05;168859,35;351327841,50;10661
WINFUT;01/02/2013;16:00:00;168343,43;168385,26;168120,33;168287,65;154274140,30;4732
WINFUT;01/02/2013;15:30:00;167883,28;168399,20;167883,28;168343,43;294409273,10;8979
WINFUT;01/02/2013;15:00:00;167883,28;168217,93;167743,85;167883,28;230128381,30;7082
WINFUT;01/02/2013;14:30:00;167576,52;168036,67;167562,58;167869,34;221622666,80;6833
WINFUT;01/02/2013;14:00:00;167771,73;167841,45;167576,52;167576,52;133944088,10;4141
WINFUT;01/02/2013;13:30:00;167897,23;168078,50;167478,91;167743,85;267832401,10;8286
WINFUT;01/02/2013;13:00:00;167827,51;168580,47;167813,56;167897,23;357463111,00;11175
WINFUT;01/02/2013;12:30:00;168427,09;168454,98;167660,18;167771,73;453954167,60;14053
WINFUT;01/02/2013;12:00:00;168468,92;168510,75;168050,61;168441,04;318253161,30;9942
WINFUT;01/02/2013;11:30:00;167841,45;168733,85;167548,63;168454,98;525151181,30;16723
WINFUT;01/02/2013;11:00:00;167297,64;168231,88;167186,09;167841,45;360196094,60;11119
WINFUT;01/02/2013;10:30:00;166767,78;167464,97;166530,74;167297,64;331193002,50;10199
WINFUT;01/02/2013;10:00:00;166795,67;167283,70;166684,12;166767,78;396422072,30;12245
WINFUT;01/02/2013;09:30:00;166628,34;166935,11;166544,68;166823,56;146354065,10;4494
WINFUT;01/02/2013;09:00:00;167186,09;167325,53;166516,79;166628,34;218638694,80;6838
WINFUT;31/01/2013;17:30:00;166656,23;167186,09;166614,40;167186,09;306763474,80;9392
WINFUT;31/01/2013;17:00:00;166042,70;166670,17;165540,73;166670,17;378350914,80;11688
WINFUT;31/01/2013;16:30:00;165317,63;166419,19;165289,74;166028,76;383733219,40;11827
WINFUT;31/01/2013;16:00:00;165568,61;165596,50;165136,36;165303,68;229068652,90;7099
WINFUT;31/01/2013;15:30:00;165680,16;165847,49;165289,74;165540,73;236291538,40;7299
WINFUT;31/01/2013;15:00:00;165582,56;165959,04;165540,73;165666,22;230295706,80;7097
WINFUT;31/01/2013;14:30:00;165401,29;165791,71;165108,47;165610,45;294520823,40;9170
WINFUT;31/01/2013;14:00:00;165708,05;165735,94;164955,09;165415,23;440540237,50;13731
WINFUT;31/01/2013;13:30:00;166140,31;166405,24;165708,05;165722,00;218527144,40;6713
WINFUT;31/01/2013;13:00:00;166363,41;166544,68;165959,04;166126,37;278290246,90;8652
WINFUT;31/01/2013;12:30:00;166098,48;166753,84;165708,05;166391,30;586392325,90;18131
WINFUT;31/01/2013;12:00:00;165457,06;166321,58;165457,06;166098,48;332420056,40;10269
WINFUT;31/01/2013;11:30:00;165066,64;165638,33;164704,10;165471,01;373526362,00;11702
WINFUT;31/01/2013;11:00:00;165457,06;165512,84;164913,26;165038,75;355148441,10;11089
WINFUT;31/01/2013;10:30:00;165945,10;165986,93;165373,40;165498,89;287353713,20;9016
WINFUT;31/01/2013;10:00:00;165610,45;166140,31;165457,06;165945,10;422134429,00;13074
WINFUT;31/01/2013;09:30:00;165359,46;165680,16;165094,52;165596,50;210495518,90;6474
WINFUT;31/01/2013;09:00:00;165317,63;165484,95;164899,31;165373,40;168998787,00;5221
WINFUT;30/01/2013;17:30:00;165582,56;165708,05;165164,24;165373,40;299178050,70;9155
WINFUT;30/01/2013;17:00:00;166447,07;166530,74;165289,74;165568,61;440372911,90;13735
WINFUT;30/01/2013;16:30:00;166600,45;166823,56;166377,35;166447,07;226140456,10;6933
WINFUT;30/01/2013;16:00:00;166907,22;166921,16;166544,68;166572,57;142784453,70;4360
WINFUT;30/01/2013;15:30:00;166642,29;166962,99;166516,79;166893,27;184866825,00;5658
WINFUT;30/01/2013;15:00:00;166670,17;166837,50;166419,19;166628,34;233753767,80;7192
WINFUT;30/01/2013;14:30:00;166461,02;167018,77;166335,52;166698,06;223128596,60;6868
WINFUT;30/01/2013;14:00:00;166558,62;166823,56;166223,97;166461,02;207204783,50;6402
WINFUT;30/01/2013;13:30:00;166182,14;166670,17;165931,15;166558,62;260609515,70;7972
WINFUT;30/01/2013;13:00:00;166307,63;166614,40;166042,70;166210,03;352080806,30;10789
WINFUT;30/01/2013;12:30:00;166488,90;167158,21;166210,03;166307,63;483821775,00;14813
WINFUT;30/01/2013;12:00:00;166698,06;166879,33;166265,80;166447,07;244100063,20;7580
WINFUT;30/01/2013;11:30:00;166572,57;167102,43;165666,22;166684,12;650366454,20;20210
WINFUT;30/01/2013;11:00:00;166907,22;167186,09;166265,80;166628,34;403477632,20;12600
WINFUT;30/01/2013;10:30:00;167130,32;167367,36;166753,84;166879,33;364630221,20;11310
WINFUT;30/01/2013;10:00:00;168454,98;168566,53;166935,11;167088,49;515808839,10;15991
WINFUT;30/01/2013;09:30:00;168538,64;168705,97;168259,77;168468,92;168357372,50;5158
WINFUT;30/01/2013;09:00:00;168998,79;169124,28;168427,09;168552,59;202770656,90;6232
WINFUT;29/01/2013;17:30:00;168608,36;168775,69;168482,87;168608,36;173711789,50;5356
WINFUT;29/01/2013;17:00:00;168162,16;168705,97;168148,22;168580,47;376370896,00;11531
WINFUT;29/01/2013;16:30:00;167855,40;168217,93;167799,62;168162,16;262226995,80;8019
WINFUT;29/01/2013;16:00:00;167702,01;167966,95;167492,86;167841,45;235984774,90;7209
WINFUT;29/01/2013;15:30:00;167478,91;167785,68;167367,36;167702,01;223546910,40;6936
WINFUT;29/01/2013;15:00:00;168092,44;168092,44;167269,76;167464,97;406154840,70;12483
WINFUT;29/01/2013;14:30:00;167980,89;168315,54;167715,96;168092,44;328543681,50;10133
WINFUT;29/01/2013;14:00:00;167464,97;168008,78;167116,37;167966,95;365996713,10;11294
WINFUT;29/01/2013;13:30:00;167451,03;167688,07;167074,54;167478,91;266549572,00;8268
WINFUT;29/01/2013;13:00:00;167715,96;167715,96;166907,22;167451,03;472359976,10;14659
WINFUT;29/01/2013;12:30:00;167925,11;168148,22;167548,63;167729,90;425257838,90;13138
WINFUT;29/01/2013;12:00:00;167283,70;167994,83;167227,93;167925,11;337690810,60;10451
WINFUT;29/01/2013;11:30:00;167785,68;167813,56;166767,78;167269,76;546624624,60;17103
WINFUT;29/01/2013;11:00:00;167743,85;168287,65;167715,96;167813,56;347702454,90;10832
WINFUT;29/01/2013;10:30:00;167423,14;168008,78;167367,36;167757,79;353252085,10;10980
WINFUT;29/01/2013;10:00:00;167172,15;167409,19;167046,66;167409,19;255004110,40;7901
WINFUT;29/01/2013;09:30:00;166893,27;167213,98;166656,23;167158,21;142115151,60;4378
WINFUT;29/01/2013;09:00:00;167046,66;167325,53;166474,96;166907,22;303305413,80;9228
WINFUT;28/01/2013;17:30:00;167213,98;167534,69;167200,04;167200,04;204945888,80;6189
WINFUT;28/01/2013;17:00:00;167715,96;167715,96;166935,11;167227,93;345582998,20;10806
WINFUT;28/01/2013;16:30:00;167548,63;167771,73;167255,81;167715,96;279740401,50;8517
WINFUT;28/01/2013;16:00:00;167688,07;167813,56;167478,91;167548,63;194069729,20;5923
WINFUT;28/01/2013;15:30:00;167855,40;168050,61;167618,35;167688,07;155305981,00;4699
WINFUT;28/01/2013;15:00:00;168036,67;168287,65;167688,07;167841,45;227451172,80;6872
WINFUT;28/01/2013;14:30:00;167980,89;168301,60;167911,17;168064,55;226168343,70;6814
WINFUT;28/01/2013;14:00:00;168231,88;168287,65;167534,69;167953,00;469431779,30;14077
WINFUT;28/01/2013;13:30:00;168399,20;168747,80;168106,38;168245,82;306484599,00;9166
WINFUT;28/01/2013;13:00:00;169040,62;169138,22;168134,27;168399,20;459671123,20;13764
WINFUT;28/01/2013;12:30:00;170518,66;170560,49;168943,01;169040,62;698388881,80;21034
WINFUT;28/01/2013;12:00:00;170560,49;170672,04;170211,90;170518,66;189384614,30;5783
WINFUT;28/01/2013;11:30:00;170421,05;170797,54;170309,50;170588,38;256844691,20;7910
WINFUT;28/01/2013;11:00:00;171076,41;171174,02;170072,46;170462,89;323049826,60;9941
WINFUT;28/01/2013;10:30:00;170602,32;171090,36;170407,11;171062,47;289445282,30;8867
WINFUT;28/01/2013;10:00:00;170630,21;170950,92;170267,67;170630,21;363068516,30;11245
WINFUT;28/01/2013;09:30:00;170992,75;171215,85;170574,44;170602,32;163393381,70;5073
WINFUT;28/01/2013;09:00:00;171229,79;171327,40;170853,31;170992,75;155222318,30;4793
WINFUT;24/01/2013;17:30:00;170462,89;170881,20;170253,73;170532,60;309858997,20;9633
WINFUT;24/01/2013;17:00:00;170281,62;170811,48;169835,41;170476,83;429301539,20;13123
WINFUT;24/01/2013;16:30:00;171940,93;171968,82;170044,57;170267,67;901828840,80;27256
WINFUT;24/01/2013;16:00:00;172136,14;172289,52;171648,11;171940,93;439731497,40;13439
WINFUT;24/01/2013;15:30:00;173181,93;173181,93;171954,87;172150,08;953169891,50;29267
WINFUT;24/01/2013;15:00:00;173586,30;173656,01;173126,15;173167,98;323551803,20;9828
WINFUT;24/01/2013;14:30:00;173767,56;173781,51;173488,69;173572,35;196774825,30;5994
WINFUT;24/01/2013;14:00:00;173865,17;174046,44;173683,90;173767,56;206256605,40;6322
WINFUT;24/01/2013;13:30:00;173739,68;173948,83;173669,96;173837,28;163588594,90;5012
WINFUT;24/01/2013;13:00:00;173781,51;174018,55;173572,35;173725,73;325699147,50;9931
WINFUT;24/01/2013;12:30:00;173223,76;173851,23;173195,87;173823,34;549190282,70;16864
WINFUT;24/01/2013;12:00:00;173209,81;173405,03;173181,93;173223,76;183026244,10;5739
WINFUT;24/01/2013;11:30:00;173265,59;173446,86;173042,49;173167,98;258908372,80;8062
WINFUT;24/01/2013;11:00:00;173558,41;173600,24;173140,09;173237,70;214204568,20;6727
WINFUT;24/01/2013;10:30:00;173363,19;173683,90;173307,42;173572,35;247864887,70;7775
WINFUT;24/01/2013;10:00:00;173126,15;173460,80;172958,82;173349,25;341037321,30;10599
WINFUT;24/01/2013;09:30:00;173154,04;173195,87;173056,43;173098,26;53823046,04;1682
WINFUT;24/01/2013;09:00:00;173181,93;173307,42;173042,49;173167,98;156449372,20;4759
WINFUT;23/01/2013;17:30:00;173126,15;173516,58;173070,37;173516,58;225722142,30;6857
WINFUT;23/01/2013;17:00:00;173098,26;173223,76;172875,16;173154,04;210160867,90;6462
WINFUT;23/01/2013;16:30:00;172986,71;173181,93;172958,82;173098,26;126051900,60;3819
WINFUT;23/01/2013;16:00:00;173070,37;173265,59;172958,82;173000,66;222375631,70;6785
WINFUT;23/01/2013;15:30:00;172889,11;173084,32;172763,61;173070,37;140664997,00;4347
WINFUT;23/01/2013;15:00:00;172666,00;173042,49;172638,12;172903,05;221288015,70;6834
WINFUT;23/01/2013;14:30:00;172568,40;172735,72;172540,51;172624,17;107422991,40;3306
WINFUT;23/01/2013;14:00:00;172707,84;172875,16;172456,85;172582,34;162668304,40;5012
WINFUT;23/01/2013;13:30:00;172930,94;172944,88;172415,02;172707,84;294130397,20;9043
WINFUT;23/01/2013;13:00:00;172847,27;173307,42;172707,84;172930,94;331248777,60;10279
WINFUT;23/01/2013;12:30:00;172944,88;173209,81;172596,29;172847,27;394469941,10;12053
WINFUT;23/01/2013;12:00:00;172693,89;173126,15;172526,57;172944,88;291508963,90;9023
WINFUT;23/01/2013;11:30:00;172233,75;172749,67;172233,75;172679,95;160381522,20;4998
WINFUT;23/01/2013;11:00:00;172526,57;172763,61;172233,75;172233,75;315771166,00;9752
WINFUT;23/01/2013;10:30:00;172317,41;172638,12;172136,14;172512,62;280883792,60;8614
WINFUT;23/01/2013;10:00:00;171982,76;172373,19;171940,93;172317,41;212308212,20;6521
WINFUT;23/01/2013;09:30:00;172136,14;172261,63;171982,76;171996,70;122705389,90;3786
WINFUT;23/01/2013;09:00:00;172554,45;172582,34;172122,20;172122,20;150565091,00;4622
WINFUT;22/01/2013;17:30:00;172415,02;172484,74;172233,75;172345,30;221399566,10;6726
WINFUT;22/01/2013;17:00:00;172303,47;172554,45;172219,80;172415,02;219977299,00;6750
WINFUT;22/01/2013;16:30:00;172442,90;172526,57;172219,80;172289,52;153214411,90;4715
WINFUT;22/01/2013;16:00:00;172373,19;172568,40;172303,47;172456,85;160827723,60;4937
WINFUT;22/01/2013;15:30:00;172582,34;172721,78;172233,75;172359,24;284007202,50;8681
WINFUT;22/01/2013;15:00:00;172233,75;172610,23;172233,75;172582,34;336826295,40;10173
WINFUT;22/01/2013;14:30:00;172247,69;172303,47;172038,53;172247,69;150732416,50;4615
WINFUT;22/01/2013;14:00:00;172080,37;172317,41;171926,98;172275,58;203663059,70;6293
WINFUT;22/01/2013;13:30:00;171940,93;172136,14;171871,21;172094,31;213116952,20;6521
WINFUT;22/01/2013;13:00:00;172359,24;172359,24;171899,10;171926,98;315743278,40;9702
WINFUT;22/01/2013;12:30:00;172512,62;172624,17;171954,87;172359,24;558365299,40;17008
WINFUT;22/01/2013;12:00:00;172345,30;172512,62;172052,48;172512,62;214790207,60;6656
WINFUT;22/01/2013;11:30:00;172261,63;172442,90;172150,08;172359,24;157927414,40;4905
WINFUT;22/01/2013;11:00:00;172484,74;172498,68;172136,14;172261,63;272461740,80;8477
WINFUT;22/01/2013;10:30:00;172930,94;173028,54;172275,58;172512,62;491351423,90;15090
WINFUT;22/01/2013;10:00:00;173237,70;173307,42;172875,16;172916,99;267330424,50;8235
WINFUT;22/01/2013;09:30:00;173167,98;173363,19;173140,09;173223,76;104857333,20;3160
WINFUT;22/01/2013;09:00:00;173042,49;173391,08;172903,05;173181,93;151875807,60;4599
WINFUT;21/01/2013;17:30:00;173195,87;173251,64;172972,77;172972,77;100144330,70;3033
WINFUT;21/01/2013;17:00:00;173321,36;173391,08;173140,09;173195,87;71364339,28;2234
WINFUT;21/01/2013;16:30:00;173223,76;173405,03;173167,98;173335,31;64810755,96;2036
WINFUT;21/01/2013;16:00:00;173349,25;173377,14;173070,37;173237,70;106725801,70;3368
WINFUT;21/01/2013;15:30:00;173321,36;173460,80;173293,48;173363,19;29086754,93;937
WINFUT;21/01/2013;15:00:00;173321,36;173516,58;173279,53;173307,42;91638616,21;2885
WINFUT;21/01/2013;14:30:00;173195,87;173335,31;173112,21;173321,36;46879036,47;1453
WINFUT;21/01/2013;14:00:00;173195,87;173265,59;173070,37;173195,87;43671963,78;1388
WINFUT;21/01/2013;13:30:00;173279,53;173335,31;173181,93;173195,87;37425143,93;1174
WINFUT;21/01/2013;13:00:00;173195,87;173363,19;173154,04;173265,59;94064836,42;2893
WINFUT;21/01/2013;12:30:00;173084,32;173223,76;172958,82;173209,81;60627617,66;1867
WINFUT;21/01/2013;12:00:00;172958,82;173237,70;172930,94;173084,32;130848565,80;4046
WINFUT;21/01/2013;11:30:00;172958,82;173028,54;172791,50;172958,82;109068359,10;3402
WINFUT;21/01/2013;11:00:00;172944,88;173154,04;172944,88;172958,82;59930427,95;1867
WINFUT;21/01/2013;10:30:00;173223,76;173293,48;172916,99;172958,82;105247759,50;3235
WINFUT;21/01/2013;10:00:00;173237,70;173307,42;173028,54;173223,76;141752613,00;4373
WINFUT;21/01/2013;09:30:00;173265,59;173446,86;173154,04;173251,64;55775177,24;1748
WINFUT;21/01/2013;09:00:00;173642,07;173642,07;173209,81;173265,59;74292536,09;2259
WINFUT;18/01/2013;17:30:00;172986,71;173321,36;172958,82;173167,98;227674273,50;6926
WINFUT;18/01/2013;17:00:00;173307,42;173321,36;172819,39;172972,77;186010216,10;5734
WINFUT;18/01/2013;16:30:00;173516,58;173516,58;173140,09;173307,42;199758797,30;6095
WINFUT;18/01/2013;16:00:00;173642,07;173781,51;173446,86;173502,63;229291753,60;6971
WINFUT;18/01/2013;15:30:00;173181,93;173739,68;173070,37;173628,13;285596795,10;8666
WINFUT;18/01/2013;15:00:00;173237,70;173349,25;173028,54;173195,87;136230870,40;4169
WINFUT;18/01/2013;14:30:00;173000,66;173279,53;172930,94;173223,76;170448941,70;5211
WINFUT;18/01/2013;14:00:00;173126,15;173237,70;172763,61;172986,71;338276450,00;10322
WINFUT;18/01/2013;13:30:00;173405,03;173558,41;173042,49;173112,21;234423070,00;7130
WINFUT;18/01/2013;13:00:00;173474,75;173669,96;173321,36;173432,91;260079651,50;7958
WINFUT;18/01/2013;12:30:00;173781,51;174004,61;173293,48;173474,75;404872011,60;12394
WINFUT;18/01/2013;12:00:00;173879,12;174088,27;173725,73;173781,51;122203413,30;3775
WINFUT;18/01/2013;11:30:00;173865,17;174213,77;173767,56;173879,12;222208306,10;6824
WINFUT;18/01/2013;11:00:00;173795,45;174018,55;173405,03;173851,23;377737387,90;11601
WINFUT;18/01/2013;10:30:00;174241,65;174283,49;173767,56;173823,34;270760597,90;8317
WINFUT;18/01/2013;10:00:00;174604,19;174618,14;173962,78;174241,65;462404106,90;13824
WINFUT;18/01/2013;09:30:00;174492,64;174701,80;174422,92;174590,25;139577381,10;3955
WINFUT;18/01/2013;09:00:00;174506,59;174562,36;174325,32;174478,70;162975067,90;4633
WINFUT;17/01/2013;17:30:00;174032,50;174436,87;174004,61;174297,43;240028475,30;7144
WINFUT;17/01/2013;17:00:00;173990,67;174283,49;173893,06;174060,38;309970547,50;9390
WINFUT;17/01/2013;16:30:00;174088,27;174144,05;173739,68;173990,67;248701515,30;7606
WINFUT;17/01/2013;16:00:00;174018,55;174255,60;174018,55;174074,33;153549062,90;4646
WINFUT;17/01/2013;15:30:00;174353,20;174395,04;173948,83;174004,61;258517946,50;7759
WINFUT;17/01/2013;15:00:00;173781,51;174422,92;173753,62;174353,20;335599241,50;10029
WINFUT;17/01/2013;14:30:00;174116,16;174144,05;173725,73;173753,62;177392951,20;5431
WINFUT;17/01/2013;14:00:00;173781,51;174116,16;173725,73;174102,22;132940135,00;4085
WINFUT;17/01/2013;13:30:00;173934,89;173962,78;173669,96;173767,56;135533680,70;4171
WINFUT;17/01/2013;13:00:00;173851,23;174116,16;173558,41;173934,89;296751830,50;9058
WINFUT;17/01/2013;12:30:00;174032,50;174102,22;173739,68;173865,17;266354358,90;8112
WINFUT;17/01/2013;12:00:00;174088,27;174297,43;173976,72;174032,50;218778132,70;6709
WINFUT;17/01/2013;11:30:00;173502,63;174185,88;173502,63;174074,33;456603488,50;14160
WINFUT;17/01/2013;11:00:00;173209,81;173628,13;173126,15;173488,69;232052624,90;7211
WINFUT;17/01/2013;10:30:00;173251,64;173446,86;173028,54;173209,81;278401797,20;8622
WINFUT;17/01/2013;10:00:00;172303,47;173251,64;172205,86;173223,76;404286372,20;12473
WINFUT;17/01/2013;09:30:00;172387,13;172484,74;172205,86;172345,30;140804434,90;4362
WINFUT;17/01/2013;09:00:00;172666,00;172666,00;172261,63;172387,13;155612744,50;4833
WINFUT;16/01/2013;17:30:00;172387,13;172777,56;172387,13;172666,00;236068437,70;7165
WINFUT;16/01/2013;17:00:00;172261,63;172568,40;171926,98;172387,13;254418471,00;7824
WINFUT;16/01/2013;16:30:00;171982,76;172387,13;171940,93;172261,63;297058594,00;9032
WINFUT;16/01/2013;16:00:00;171829,38;172052,48;171717,83;172010,65;163644370,00;5044
WINFUT;16/01/2013;15:30:00;171703,88;171843,32;171452,89;171829,38;174659967,50;5326
WINFUT;16/01/2013;15:00:00;171578,39;171787,55;171564,45;171703,88;111159928,20;3405
WINFUT;16/01/2013;14:30:00;171926,98;171982,76;171564,45;171564,45;161887451,90;4906
WINFUT;16/01/2013;14:00:00;171425,01;171982,76;171285,57;171913,04;232443051,20;7076
WINFUT;16/01/2013;13:30:00;171857,26;171926,98;171369,23;171411,06;219252221,70;6691
WINFUT;16/01/2013;13:00:00;171857,26;172094,31;171676,00;171857,26;279545188,30;8534
WINFUT;16/01/2013;12:30:00;171606,28;171899,10;171480,78;171857,26;372327195,70;11311
WINFUT;16/01/2013;12:00:00;171508,67;171620,22;171383,18;171606,28;120502270,40;3701
WINFUT;16/01/2013;11:30:00;171787,55;171843,32;171187,96;171494,73;297225919,50;9234
WINFUT;16/01/2013;11:00:00;171592,33;171899,10;171550,50;171843,32;142031488,80;4427
WINFUT;16/01/2013;10:30:00;171885,15;172177,97;171508,67;171592,33;354395476,20;10881
WINFUT;16/01/2013;10:00:00;172373,19;172456,85;171815,43;171871,21;280047164,90;8595
WINFUT;16/01/2013;09:30:00;172303,47;172470,79;172247,69;172359,24;127585717,90;3889
WINFUT;16/01/2013;09:00:00;172359,24;172763,61;172164,03;172317,41;244685702,60;7401
WINFUT;15/01/2013;17:30:00;172596,29;172819,39;172554,45;172819,39;185340914,00;5612
WINFUT;15/01/2013;17:00:00;172763,61;172833,33;172345,30;172610,23;334985714,50;10144
WINFUT;15/01/2013;16:30:00;173405,03;173446,86;172624,17;172777,56;373721575,10;11311
WINFUT;15/01/2013;16:00:00;173432,91;173502,63;173279,53;173405,03;173209812,90;5298
WINFUT;15/01/2013;15:30:00;173335,31;173739,68;173251,64;173446,86;282696485,90;8567
WINFUT;15/01/2013;15:00:00;173237,70;173460,80;173181,93;173335,31;132884359,80;4032
WINFUT;15/01/2013;14:30:00;173293,48;173377,14;173098,26;173237,70;217495303,70;6606
WINFUT;15/01/2013;14:00:00;173474,75;173600,24;173237,70;173279,53;147079142,40;4542
WINFUT;15/01/2013;13:30:00;173391,08;173544,46;173321,36;173460,80;115872930,70;3572
WINFUT;15/01/2013;13:00:00;173223,76;173669,96;173223,76;173377,14;404983562,00;12266
WINFUT;15/01/2013;12:30:00;173140,09;173321,36;172875,16;173209,81;327428178,00;9963
WINFUT;15/01/2013;12:00:00;173223,76;173432,91;172986,71;173126,15;195436221,10;5984
WINFUT;15/01/2013;11:30:00;172791,50;173265,59;172763,61;173223,76;205838291,60;6415
WINFUT;15/01/2013;11:00:00;173028,54;173167,98;172749,67;172805,44;330467925,20;10206
WINFUT;15/01/2013;10:30:00;173446,86;173516,58;172958,82;173028,54;245968531,60;7608
WINFUT;15/01/2013;10:00:00;173572,35;173781,51;173056,43;173446,86;385936338,90;11857
WINFUT;15/01/2013;09:30:00;173432,91;173628,13;173293,48;173572,35;136175095,20;4163
WINFUT;15/01/2013;09:00:00;173042,49;173600,24;172930,94;173432,91;233140240,90;7116
WINFUT;14/01/2013;17:30:00;173544,46;173683,90;173307,42;173307,42;192759012,60;5828
WINFUT;14/01/2013;17:00:00;172944,88;173600,24;172861,22;173530,52;328515794,00;9940
WINFUT;14/01/2013;16:30:00;172986,71;173209,81;172847,27;172944,88;242733571,40;7360
WINFUT;14/01/2013;16:00:00;173293,48;173307,42;172819,39;172986,71;230965009,00;7025
WINFUT;14/01/2013;15:30:00;173098,26;173391,08;173084,32;173293,48;153465400,20;4665
WINFUT;14/01/2013;15:00:00;173251,64;173628,13;173056,43;173112,21;181882853,00;5518
WINFUT;14/01/2013;14:30:00;173460,80;173558,41;173112,21;173237,70;224244100,10;6784
WINFUT;14/01/2013;14:00:00;173293,48;173628,13;173265,59;173432,91;223184371,70;6764
WINFUT;14/01/2013;13:30:00;173028,54;173418,97;172986,71;173307,42;235984774,90;7221
WINFUT;14/01/2013;13:00:00;173642,07;173642,07;172805,44;173014,60;378629790,70;11463
WINFUT;14/01/2013;12:30:00;174018,55;174283,49;173363,19;173628,13;487028847,70;14721
WINFUT;14/01/2013;12:00:00;173920,95;174088,27;173628,13;174046,44;157007123,90;4807
WINFUT;14/01/2013;11:30:00;173976,72;174116,16;173683,90;173907,00;244239501,10;7412
WINFUT;14/01/2013;11:00:00;173056,43;174157,99;172833,33;173976,72;502952660,80;15362
WINFUT;14/01/2013;10:30:00;173042,49;173223,76;172540,51;173042,49;368116169,80;11289
WINFUT;14/01/2013;10:00:00;173195,87;173349,25;172916,99;173042,49;204025598,40;6223
WINFUT;14/01/2013;09:30:00;173042,49;173474,75;173042,49;173181,93;183193569,70;5619
WINFUT;14/01/2013;09:00:00;173307,42;173349,25;172889,11;173000,66;248115876,00;7530
WINFUT;11/01/2013;17:30:00;171982,76;172847,27;171940,93;172624,17;254502133,80;7717
WINFUT;11/01/2013;17:00:00;171313,46;172136,14;171118,24;172024,59;441432640,30;13390
WINFUT;11/01/2013;16:30:00;171466,84;172038,53;171229,79;171299,51;367223767,00;11138
WINFUT;11/01/2013;16:00:00;171843,32;171857,26;171466,84;171466,84;108064405,90;3304
WINFUT;11/01/2013;15:30:00;172066,42;172094,31;171620,22;171829,38;206647031,70;6255
WINFUT;11/01/2013;15:00:00;172289,52;172373,19;171940,93;172066,42;193567752,60;5839
WINFUT;11/01/2013;14:30:00;171773,60;172331,35;171703,88;172303,47;250095894,80;7568
WINFUT;11/01/2013;14:00:00;171536,56;171885,15;171536,56;171759,66;182133841,30;5506
WINFUT;11/01/2013;13:30:00;171620,22;171689,94;171257,68;171522,61;243458648,70;7371
WINFUT;11/01/2013;13:00:00;171620,22;171885,15;171452,89;171606,28;188296998,40;5735
WINFUT;11/01/2013;12:30:00;172010,65;172052,48;171411,06;171634,16;377012310,60;11397
WINFUT;11/01/2013;12:00:00;171857,26;172010,65;171676,00;171996,70;138573427,90;4215
WINFUT;11/01/2013;11:30:00;171801,49;171926,98;171508,67;171885,15;249872794,00;7635
WINFUT;11/01/2013;11:00:00;171968,82;172066,42;171759,66;171843,32;154525128,60;4768
WINFUT;11/01/2013;10:30:00;171773,60;172108,25;171731,77;171954,87;166293690,90;5118
WINFUT;11/01/2013;10:00:00;172540,51;172624,17;171689,94;171773,60;371016479,00;11324
WINFUT;11/01/2013;09:30:00;172261,63;172833,33;172233,75;172526,57;148194645,90;4520
WINFUT;11/01/2013;09:00:00;172763,61;172833,33;172205,86;172289,52;183388782,80;5628
WINFUT;10/01/2013;17:30:00;172554,45;173181,93;172428,96;173126,15;201822478,90;6096
WINFUT;10/01/2013;17:00:00;172777,56;172847,27;172191,92;172540,51;232917140,20;7162
WINFUT;10/01/2013;16:30:00;172373,19;172986,71;171954,87;172791,50;299931015,60;9132
WINFUT;10/01/2013;16:00:00;172484,74;172679,95;172247,69;172373,19;223379584,90;6866
WINFUT;10/01/2013;15:30:00;172038,53;172512,62;172024,59;172484,74;259410349,40;7970
WINFUT;10/01/2013;15:00:00;171954,87;172094,31;171731,77;172038,53;180070159,70;5488
WINFUT;10/01/2013;14:30:00;171689,94;172052,48;171606,28;171982,76;190555893,10;5832
WINFUT;10/01/2013;14:00:00;171494,73;171759,66;171118,24;171662,05;269951857,90;8293
WINFUT;10/01/2013;13:30:00;172442,90;172442,90;171341,34;171494,73;529668970,70;16227
WINFUT;10/01/2013;13:00:00;172721,78;172735,72;172010,65;172456,85;338137012,00;10353
WINFUT;10/01/2013;12:30:00;173474,75;173544,46;172456,85;172721,78;470826158,70;14299
WINFUT;10/01/2013;12:00:00;173251,64;173488,69;173056,43;173460,80;203746722,50;6204
WINFUT;10/01/2013;11:30:00;172401,07;173391,08;172247,69;173265,59;481395554,80;14649
WINFUT;10/01/2013;11:00:00;172428,96;172707,84;172150,08;172401,07;346893714,90;10709
WINFUT;10/01/2013;10:30:00;172749,67;173014,60;172233,75;172415,02;373665799,90;11469
WINFUT;10/01/2013;10:00:00;172679,95;173112,21;172512,62;172763,61;296389291,90;9113
WINFUT;10/01/2013;09:30:00;172638,12;172930,94;172540,51;172679,95;116374907,30;3565
WINFUT;10/01/2013;09:00:00;172847,27;172889,11;172345,30;172666,00;201766703,70;6055
WINFUT;09/01/2013;17:30:00;172247,69;172289,52;172024,59;172066,42;153995264,40;4668
WINFUT;09/01/2013;17:00:00;171648,11;172303,47;171606,28;172233,75;291369525,90;8863
WINFUT;09/01/2013;16:30:00;171411,06;171759,66;171369,23;171648,11;141585287,40;4316
WINFUT;09/01/2013;16:00:00;171564,45;171829,38;171313,46;171425,01;319424440,10;9776
WINFUT;09/01/2013;15:30:00;171383,18;171592,33;170992,75;171564,45;332280618,40;10208
WINFUT;09/01/2013;15:00:00;171871,21;171982,76;171271,63;171383,18;375506380,80;11509
WINFUT;09/01/2013;14:30:00;172777,56;172805,44;171745,71;171885,15;335236702,80;10305
WINFUT;09/01/2013;14:00:00;172638,12;172833,33;172512,62;172819,39;113195722,20;3520
WINFUT;09/01/2013;13:30:00;172903,05;172944,88;172387,13;172638,12;248506302,20;7694
WINFUT;09/01/2013;13:00:00;172652,06;173209,81;172624,17;172930,94;412847862,00;12728
WINFUT;09/01/2013;12:30:00;172108,25;172735,72;171940,93;172638,12;430974794,60;13217
WINFUT;09/01/2013;12:00:00;171982,76;172303,47;171829,38;172122,20;265183080,20;8209
WINFUT;09/01/2013;11:30:00;171452,89;172010,65;171174,02;171954,87;346726389,30;10707
WINFUT;09/01/2013;11:00:00;172038,53;172066,42;171411,06;171438,95;247335023,50;7684
WINFUT;09/01/2013;10:30:00;171536,56;172164,03;171508,67;172066,42;315771166,00;9735
WINFUT;09/01/2013;10:00:00;171648,11;171829,38;171020,64;171522,61;431030569,70;13135
WINFUT;09/01/2013;09:30:00;171592,33;171745,71;171536,56;171648,11;101761810,90;3153
WINFUT;09/01/2013;09:00:00;171229,79;171759,66;171229,79;171620,22;175050393,80;5307
WINFUT;08/01/2013;17:30:00;171341,34;171452,89;170811,48;170811,48;273131043,00;8158
WINFUT;08/01/2013;17:00:00;171717,83;171926,98;171285,57;171327,40;264792654,00;7995
WINFUT;08/01/2013;16:30:00;171620,22;171885,15;171425,01;171717,83;257123567,10;7758
WINFUT;08/01/2013;16:00:00;171285,57;171620,22;171271,63;171620,22;135645231,10;4098
WINFUT;08/01/2013;15:30:00;171578,39;171634,16;171174,02;171299,51;182775255,80;5516
WINFUT;08/01/2013;15:00:00;171592,33;171829,38;171522,61;171578,39;153911601,60;4655
WINFUT;08/01/2013;14:30:00;171285,57;171773,60;171090,36;171578,39;275334162,50;8337
WINFUT;08/01/2013;14:00:00;171411,06;171522,61;171006,69;171285,57;195854534,90;5942
WINFUT;08/01/2013;13:30:00;171215,85;171564,45;171090,36;171397,12;241283416,80;7302
WINFUT;08/01/2013;13:00:00;171564,45;171745,71;170950,92;171229,79;497570356,20;15042
WINFUT;08/01/2013;12:30:00;172484,74;172624,17;171522,61;171578,39;455543760,10;13806
WINFUT;08/01/2013;12:00:00;172317,41;172735,72;172247,69;172484,74;259772888,00;7940
WINFUT;08/01/2013;11:30:00;173669,96;173669,96;172289,52;172345,30;745658344,60;22706
WINFUT;08/01/2013;11:00:00;174144,05;174283,49;173544,46;173669,96;250820972,10;7721
WINFUT;08/01/2013;10:30:00;173642,07;174381,09;173405,03;174157,99;353921387,20;10833
WINFUT;08/01/2013;10:00:00;173614,18;173879,12;173321,36;173642,07;240000587,70;7327
WINFUT;08/01/2013;09:30:00;173460,80;173656,01;173251,64;173628,13;134641277,90;4049
WINFUT;08/01/2013;09:00:00;173516,58;173697,85;173237,70;173446,86;233502779,50;7079
WINFUT;07/01/2013;17:30:00;173460,80;173530,52;173265,59;173432,91;155194430,70;4690
WINFUT;07/01/2013;17:00:00;173251,64;173516,58;173181,93;173432,91;196356511,50;5915
WINFUT;07/01/2013;16:30:00;173405,03;173474,75;172986,71;173251,64;217076989,80;6573
WINFUT;07/01/2013;16:00:00;173544,46;173767,56;173335,31;173418,97;164425222,50;5033
WINFUT;07/01/2013;15:30:00;173223,76;173628,13;173223,76;173544,46;125661474,30;3850
WINFUT;07/01/2013;15:00:00;173377,14;173516,58;173126,15;173237,70;225387491,20;6858
WINFUT;07/01/2013;14:30:00;173753,62;173962,78;173349,25;173377,14;213033289,50;6470
WINFUT;07/01/2013;14:00:00;173530,52;173809,40;173405,03;173739,68;126247113,70;3863
WINFUT;07/01/2013;13:30:00;173851,23;173920,95;173391,08;173544,46;189161513,60;5748
WINFUT;07/01/2013;13:00:00;173572,35;173893,06;173446,86;173879,12;186930506,50;5644
WINFUT;07/01/2013;12:30:00;173418,97;173558,41;173042,49;173558,41;263063623,50;7993
WINFUT;07/01/2013;12:00:00;172889,11;173432,91;172875,16;173418,97;183862871,80;5616
WINFUT;07/01/2013;11:30:00;173363,19;173586,30;172638,12;172889,11;584049768,50;17807
WINFUT;07/01/2013;11:00:00;174785,46;174938,84;173335,31;173363,19;551393402,20;16352
WINFUT;07/01/2013;10:30:00;175050,39;175050,39;174548,42;174799,41;293126444,00;8387
WINFUT;07/01/2013;10:00:00;175217,72;175580,26;174869,12;175064,34;339782379,80;9724
WINFUT;07/01/2013;09:30:00;175078,28;175468,71;174980,67;175231,66;108677932,90;3072
WINFUT;07/01/2013;09:00:00;174576,30;175301,38;174520,53;175120,11;193874516,10;5459
WINFUT;04/01/2013;17:30:00;175161,94;175315,33;174994,62;175134,06;180321148,00;5028
WINFUT;04/01/2013;17:00:00;175301,38;175357,16;174715,74;175175,89;392908236,10;10921
WINFUT;04/01/2013;16:30:00;175412,93;175705,75;175231,66;175329,27;207901973,20;5794
WINFUT;04/01/2013;16:00:00;175496,60;175677,86;175273,49;175398,99;137820463,00;3867
WINFUT;04/01/2013;15:30:00;175496,60;175608,15;175357,16;175524,48;92586794,22;2607
WINFUT;04/01/2013;15:00:00;175412,93;175747,58;175398,99;175524,48;158736154,40;4473
WINFUT;04/01/2013;14:30:00;175496,60;175775,47;175357,16;175412,93;203997710,80;5754
WINFUT;04/01/2013;14:00:00;175134,06;175775,47;175036,45;175510,54;245215566,70;6888
WINFUT;04/01/2013;13:30:00;175636,03;175636,03;175050,39;175120,11;300182003,90;8368
WINFUT;04/01/2013;13:00:00;175859,13;176082,23;175552,37;175622,09;207344221,40;5850
WINFUT;04/01/2013;12:30:00;175580,26;175970,68;175398,99;175831,25;323328702,50;9071
WINFUT;04/01/2013;12:00:00;175873,08;176054,35;175426,88;175580,26;257932307,20;7442
WINFUT;04/01/2013;11:30:00;176235,62;177030,41;175719,70;175887,02;694735607,70;19887
WINFUT;04/01/2013;11:00:00;175817,30;176416,89;175273,49;176291,39;495283573,90;14321
WINFUT;04/01/2013;10:30:00;176333,22;176402,94;175733,64;175817,30;329185096,10;9507
WINFUT;04/01/2013;10:00:00;176932,81;177281,40;176277,45;176333,22;412736311,60;11904
WINFUT;04/01/2013;09:30:00;176807,31;177030,41;176653,93;176918,86;163504932,10;4637
WINFUT;04/01/2013;09:00:00;177086,19;177225,63;176723,65;176807,31;233865318,20;6614
WINFUT;03/01/2013;17:30:00;177392,95;177657,88;177225,63;177657,88;200511762,20;5716
WINFUT;03/01/2013;17:00:00;177867,04;177922,82;177044,36;177406,90;571416690,90;16176
WINFUT;03/01/2013;16:30:00;177880,98;178145,92;177783,38;177880,98;289584720,20;8184
WINFUT;03/01/2013;16:00:00;177379,01;177936,76;177365,06;177853,10;305787409,20;8648
WINFUT;03/01/2013;15:30:00;177239,57;177448,73;176904,92;177365,06;269589319,20;7666
WINFUT;03/01/2013;15:00:00;177058,30;177323,23;176960,69;177239,57;221204352,90;6334
WINFUT;03/01/2013;14:30:00;176807,31;177183,79;176751,54;177072,24;206730694,50;5873
WINFUT;03/01/2013;14:00:00;176779,42;176988,58;176681,82;176807,31;231885299,40;6604
WINFUT;03/01/2013;13:30:00;176361,11;176835,20;176305,34;176793,37;331081452,10;9426
WINFUT;03/01/2013;13:00:00;176207,73;176416,89;176082,23;176319,28;192452249,10;5498
WINFUT;03/01/2013;12:30:00;175942,80;176235,62;175412,93;176179,84;508279190,20;14495
WINFUT;03/01/2013;12:00:00;176096,18;176151,95;175887,02;175970,68;178954656,20;5101
WINFUT;03/01/2013;11:30:00;176416,89;176500,55;176040,40;176096,18;218806020,30;6170
WINFUT;03/01/2013;11:00:00;175803,36;176556,32;175761,53;176416,89;358996928,30;10177
WINFUT;03/01/2013;10:30:00;175566,31;175942,80;175510,54;175775,47;254446358,60;7307
WINFUT;03/01/2013;10:00:00;175259,55;175636,03;175008,56;175580,26;282947474,20;8078
WINFUT;03/01/2013;09:30:00;175315,33;175510,54;175189,83;175245,61;155138655,50;4393
WINFUT;03/01/2013;09:00:00;175733,64;175733,64;174924,90;175329,27;214371893,70;6069
WINFUT;02/01/2013;17:30:00;176040,40;176082,23;175649,98;175998,57;249454480,20;7060
WINFUT;02/01/2013;17:00:00;175942,80;176110,12;175775,47;176026,46;259717112,80;7345
WINFUT;02/01/2013;16:30:00;175942,80;176040,40;175594,20;175956,74;169695976,80;4799
WINFUT;02/01/2013;16:00:00;176068,29;176319,28;175817,30;175928,85;221092802,60;6297
WINFUT;02/01/2013;15:30:00;175775,47;176221,67;175705,75;176110,12;204722788,10;5832
WINFUT;02/01/2013;15:00:00;175608,15;175956,74;175510,54;175775,47;149477475,00;4245
WINFUT;02/01/2013;14:30:00;175914,91;176012,52;175566,31;175622,09;156170496,30;4451
WINFUT;02/01/2013;14:00:00;175761,53;176026,46;175426,88;175914,91;243932737,70;6920
WINFUT;02/01/2013;13:30:00;175956,74;175998,57;175691,81;175775,47;194990019,60;5526
WINFUT;02/01/2013;13:00:00;176375,05;176444,77;175900,97;175956,74;245187679,20;6976
WINFUT;02/01/2013;12:30:00;175482,65;176626,04;175412,93;176361,11;600419783,00;17028
WINFUT;02/01/2013;12:00:00;175092,23;175524,48;174994,62;175482,65;186846843,80;5418
WINFUT;02/01/2013;11:30:00;175580,26;175622,09;175022,51;175078,28;254753122,10;7354
WINFUT;02/01/2013;11:00:00;175064,34;175622,09;174994,62;175594,20;290588673,40;8418
WINFUT;02/01/2013;10:30:00;174576,30;175357,16;174548,42;175078,28;358913265,60;10406
WINFUT;02/01/2013;10:00:00;174785,46;174938,84;174157,99;174590,25;289724158,20;8452
WINFUT;02/01/2013;09:30:00;174715,74;175008,56;174632,08;174757,57;190332792,30;5327
WINFUT;02/01/2013;09:00:00;175343,21;175691,81;174436,87;174729,69;428632237,10;11890
WINFUT;28/12/2012;17:30:00;170783,59;171160,08;170685,99;170727,82;147999432,80;4471
WINFUT;28/12/2012;17:00:00;170867,26;170936,97;170672,04;170755,71;135171142,00;4094
WINFUT;28/12/2012;16:30:00;171020,64;171383,18;170783,59;170867,26;176779424,30;5349
WINFUT;28/12/2012;16:00:00;171257,68;171411,06;171020,64;171034,58;176416885,60;5297
WINFUT;28/12/2012;15:30:00;170923,03;171425,01;170741,76;171243,74;225610591,90;6799
WINFUT;28/12/2012;15:00:00;170560,49;170964,86;170421,05;170923,03;163560707,30;4924
WINFUT;28/12/2012;14:30:00;170532,60;170713,87;170448,94;170560,49;87399702,74;2665
WINFUT;28/12/2012;14:00:00;170672,04;170755,71;170253,73;170518,66;173795452,30;5307
WINFUT;28/12/2012;13:30:00;170016,68;170825,42;169891,19;170685,99;384820835,40;11689
WINFUT;28/12/2012;13:00:00;169988,80;170309,50;169807,53;169988,80;196272848,70;6023
WINFUT;28/12/2012;12:30:00;169640,20;170281,62;169640,20;169974,85;242426807,90;7442
WINFUT;28/12/2012;12:00:00;169919,08;169988,80;169542,60;169612,31;121338898,10;3727
WINFUT;28/12/2012;11:30:00;169988,80;170184,01;169654,15;169919,08;139884144,50;4397
WINFUT;28/12/2012;11:00:00;170142,18;170156,12;169723,86;169974,85;215543172,50;6647
WINFUT;28/12/2012;10:30:00;170267,67;170574,44;170030,63;170128,23;217327978,10;6594
WINFUT;28/12/2012;10:00:00;170086,40;170448,94;169960,91;170225,84;182719480,60;5528
WINFUT;28/12/2012;09:30:00;170086,40;170184,01;169863,30;170114,29;102514775,80;3097
WINFUT;28/12/2012;09:00:00;169626,26;170490,77;169626,26;170072,46;145461662,20;4386
WINFUT;27/12/2012;17:30:00;169682,03;170532,60;169500,76;170142,18;179400857,60;5348
WINFUT;27/12/2012;17:00:00;169291,61;169863,30;169277,66;169682,03;147497456,20;4435
WINFUT;27/12/2012;16:30:00;169361,33;169612,31;169263,72;169277,66;115343066,50;3517
WINFUT;27/12/2012;16:00:00;169403,16;169695,98;169180,06;169361,33;206368155,80;6203
WINFUT;27/12/2012;15:30:00;169319,49;169500,76;169054,56;169389,21;274358096,90;8414
WINFUT;27/12/2012;15:00:00;169695,98;169695,98;169082,45;169333,44;281441544,40;8606
WINFUT;27/12/2012;14:30:00;169709,92;170016,68;169542,60;169668,09;208654938,10;6374
WINFUT;27/12/2012;14:00:00;170170,07;170267,67;169403,16;169709,92;296333516,70;9105
WINFUT;27/12/2012;13:30:00;170197,95;170337,39;169723,86;170156,12;263872363,50;8077
WINFUT;27/12/2012;13:00:00;170978,81;170978,81;170030,63;170197,95;398764629,70;12226
WINFUT;27/12/2012;12:30:00;170909,09;171271,63;170811,48;170978,81;301297507,50;9131
WINFUT;27/12/2012;12:00:00;170923,03;170978,81;170672,04;170936,97;133637324,70;4081
WINFUT;27/12/2012;11:30:00;170936,97;171201,91;170755,71;170909,09;170114290,60;5241
WINFUT;27/12/2012;11:00:00;171132,19;171243,74;170769,65;170895,14;152266233,90;4734
WINFUT;27/12/2012;10:30:00;171271,63;171452,89;170950,92;171146,13;180488473,60;5583
WINFUT;27/12/2012;10:00:00;171201,91;171801,49;171118,24;171285,57;304086266,30;9439
WINFUT;27/12/2012;09:30:00;171174,02;171480,78;171048,52;171174,02;122789052,70;3729
WINFUT;27/12/2012;09:00:00;171243,74;171564,45;171006,69;171187,96;103909155,20;3152
WINFUT;26/12/2012;17:30:00;171257,68;171369,23;171104,30;171146,13;150927629,60;4525
WINFUT;26/12/2012;17:00:00;171508,67;171745,71;171118,24;171201,91;251490274,20;7567
WINFUT;26/12/2012;16:30:00;171703,88;172024,59;171466,84;171522,61;207762535,20;6295
WINFUT;26/12/2012;16:00:00;171648,11;171815,43;171299,51;171731,77;196328623,90;5966
WINFUT;26/12/2012;15:30:00;171243,74;171759,66;171160,08;171676,00;172122197,00;5256
WINFUT;26/12/2012;15:00:00;171257,68;171411,06;171132,19;171271,63;122621727,20;3774
WINFUT;26/12/2012;14:30:00;171466,84;171508,67;171048,52;171229,79;270927923,50;8277
WINFUT;26/12/2012;14:00:00;171578,39;171787,55;171369,23;171466,84;175440820,00;5368
WINFUT;26/12/2012;13:30:00;171996,70;171996,70;171494,73;171606,28;123291029,30;3758
WINFUT;26/12/2012;13:00:00;172024,59;172191,92;171731,77;172010,65;173962777,80;5322
WINFUT;26/12/2012;12:30:00;171801,49;172164,03;171592,33;171996,70;221232240,50;6780
WINFUT;26/12/2012;12:00:00;171564,45;171885,15;171438,95;171801,49;139047516,90;4293
WINFUT;26/12/2012;11:30:00;171425,01;171592,33;171327,40;171522,61;119554092,40;3667
WINFUT;26/12/2012;11:00:00;171676,00;171801,49;171425,01;171425,01;166070590,20;5058
WINFUT;26/12/2012;10:30:00;171299,51;171676,00;171229,79;171662,05;150230439,90;4581
WINFUT;26/12/2012;10:00:00;170783,59;171452,89;170685,99;171285,57;208822263,60;6259
WINFUT;26/12/2012;09:30:00;170769,65;170895,14;170727,82;170755,71;39182062,01;1171
WINFUT;26/12/2012;09:00:00;170964,86;171062,47;170532,60;170755,71;144206720,80;4361
WINFUT;21/12/2012;17:30:00;170923,03;171299,51;170867,26;171229,79;152182571,10;4611
WINFUT;21/12/2012;17:00:00;170602,32;171062,47;170588,38;170923,03;232303613,20;6990
WINFUT;21/12/2012;16:30:00;170504,72;170699,93;170267,67;170644,15;174994618,60;5292
WINFUT;21/12/2012;16:00:00;170365,28;170574,44;170156,12;170490,77;165986927,50;5003
WINFUT;21/12/2012;15:30:00;170407,11;170741,76;170197,95;170393,17;266410134,10;8032
WINFUT;21/12/2012;15:00:00;170197,95;170755,71;170044,57;170421,05;287493151,10;8687
WINFUT;21/12/2012;14:30:00;170100,35;170448,94;169542,60;170225,84;292122490,80;9041
WINFUT;21/12/2012;14:00:00;170030,63;170337,39;169668,09;170128,23;319508102,80;9782
WINFUT;21/12/2012;13:30:00;170616,27;170644,15;169933,02;170016,68;302942875,20;9323
WINFUT;21/12/2012;13:00:00;169737,81;170797,54;169528,65;170588,38;442157717,60;13622
WINFUT;21/12/2012;12:30:00;169626,26;170030,63;169431,04;169709,92;371267467,30;11495
WINFUT;21/12/2012;12:00:00;169612,31;169849,36;169333,44;169626,26;202910094,80;6277
WINFUT;21/12/2012;11:30:00;169375,27;169654,15;168929,07;169598,37;374781303,50;11634
WINFUT;21/12/2012;11:00:00;169919,08;170086,40;169263,72;169305,55;273437806,40;8487
WINFUT;21/12/2012;10:30:00;169988,80;170337,39;169751,75;169905,13;224913402,20;6966
WINFUT;21/12/2012;10:00:00;169458,93;170184,01;169235,83;170002,74;340005480,50;10462
WINFUT;21/12/2012;09:30:00;169807,53;169946,97;169333,44;169431,04;190583780,60;5746
WINFUT;21/12/2012;09:00:00;170058,52;170086,40;168998,79;169779,64;338360112,70;10284
WINFUT;20/12/2012;17:30:00;172205,86;172568,40;172024,59;172456,85;208961701,50;6229
WINFUT;20/12/2012;17:00:00;171564,45;172289,52;171480,78;172205,86;392991898,90;11900
WINFUT;20/12/2012;16:30:00;171187,96;171689,94;171146,13;171564,45;297170144,40;8964
WINFUT;20/12/2012;16:00:00;170741,76;171383,18;170490,77;171201,91;413712377,20;12590
WINFUT;20/12/2012;15:30:00;170602,32;170825,42;170351,34;170741,76;195715096,90;6026
WINFUT;20/12/2012;15:00:00;170741,76;170923,03;170435,00;170616,27;169695976,80;5216
WINFUT;20/12/2012;14:30:00;170365,28;170797,54;170295,56;170741,76;194571705,80;5982
WINFUT;20/12/2012;14:00:00;170881,20;171062,47;170309,50;170379,22;232777702,20;7109
WINFUT;20/12/2012;13:30:00;170769,65;171090,36;170560,49;170895,14;228064699,70;6940
WINFUT;20/12/2012;13:00:00;170532,60;171160,08;170532,60;170769,65;273354143,70;8450
WINFUT;20/12/2012;12:30:00;170713,87;170881,20;170351,34;170462,89;413210400,60;12628
WINFUT;20/12/2012;12:00:00;171397,12;171648,11;170532,60;170713,87;454735020,10;13872
WINFUT;20/12/2012;11:30:00;170713,87;171452,89;170713,87;171397,12;369398998,90;11369
WINFUT;20/12/2012;11:00:00;171034,58;171160,08;170504,72;170699,93;317667522,00;9714
WINFUT;20/12/2012;10:30:00;171452,89;171480,78;170839,37;171048,52;345332009,90;10518
WINFUT;20/12/2012;10:00:00;171369,23;171815,43;171327,40;171480,78;230016831,00;7058
WINFUT;20/12/2012;09:30:00;171383,18;171578,39;171257,68;171369,23;122733277,50;3733
WINFUT;20/12/2012;09:00:00;170825,42;171508,67;170825,42;171397,12;236988728,10;7140
WINFUT;19/12/2012;17:30:00;171564,45;171620,22;171118,24;171508,67;200009785,60;6061
WINFUT;19/12/2012;17:00:00;171243,74;171648,11;170895,14;171564,45;445281127,50;13640
WINFUT;19/12/2012;16:30:00;171425,01;171522,61;170755,71;171257,68;396338409,50;12107
WINFUT;19/12/2012;16:00:00;171564,45;171676,00;171174,02;171425,01;283839877,00;8627
WINFUT;19/12/2012;15:30:00;171787,55;171968,82;171466,84;171536,56;349124722,00;10542
WINFUT;19/12/2012;15:00:00;171299,51;171801,49;171160,08;171773,60;450384556,20;13705
WINFUT;19/12/2012;14:30:00;171146,13;171731,77;171146,13;171299,51;358857490,40;11003
WINFUT;19/12/2012;14:00:00;170936,97;171369,23;170895,14;171118,24;265071529,80;8153
WINFUT;19/12/2012;13:30:00;170672,04;171187,96;170546,55;170964,86;370570277,60;11319
WINFUT;19/12/2012;13:00:00;170281,62;170839,37;170197,95;170699,93;341009433,70;10408
WINFUT;19/12/2012;12:30:00;171048,52;171132,19;170253,73;170267,67;507470450,10;15420
WINFUT;19/12/2012;12:00:00;170699,93;171327,40;170644,15;171034,58;423110494,60;12990
WINFUT;19/12/2012;11:30:00;170142,18;170811,48;169877,25;170713,87;435883010,20;13418
WINFUT;19/12/2012;11:00:00;169821,47;170295,56;169556,54;170197,95;273186818,10;8465
WINFUT;19/12/2012;10:30:00;170616,27;170658,10;169723,86;169807,53;533378020,00;16391
WINFUT;19/12/2012;10:00:00;170616,27;171160,08;170504,72;170602,32;377932601,00;11578
WINFUT;19/12/2012;09:30:00;170769,65;170783,59;170560,49;170588,38;94511037,84;2871
WINFUT;19/12/2012;09:00:00;170783,59;170936,97;170616,27;170769,65;134446064,70;4099
WINFUT;18/12/2012;17:30:00;169933,02;170616,27;169891,19;170476,83;321906435,50;9698
WINFUT;18/12/2012;17:00:00;169946,97;170030,63;169765,70;169946,97;270927923,50;8297
WINFUT;18/12/2012;16:30:00;170044,57;170323,45;169863,30;169960,91;272489628,40;8235
WINFUT;18/12/2012;16:00:00;170044,57;170267,67;169905,13;170030,63;298229872,70;9080
WINFUT;18/12/2012;15:30:00;169919,08;170239,78;169849,36;170044,57;439703609,80;13273
WINFUT;18/12/2012;15:00:00;169514,71;169946,97;169431,04;169905,13;292791792,90;8930
WINFUT;18/12/2012;14:30:00;169431,04;169849,36;169403,16;169514,71;356682258,50;10840
WINFUT;18/12/2012;14:00:00;169277,66;169695,98;169221,89;169431,04;452894439,20;13765
WINFUT;18/12/2012;13:30:00;168817,52;169458,93;168719,91;169291,61;484323751,60;14753
WINFUT;18/12/2012;13:00:00;168022,72;168859,35;167897,23;168817,52;538063134,90;16360
WINFUT;18/12/2012;12:30:00;168106,38;168343,43;167757,79;168022,72;408608948,50;12532
WINFUT;18/12/2012;12:00:00;168022,72;168636,25;167897,23;168106,38;366470802,10;11372
WINFUT;18/12/2012;11:30:00;168357,37;168594,42;167827,51;168050,61;456966027,20;14134
WINFUT;18/12/2012;11:00:00;168831,46;169026,67;168106,38;168357,37;469013465,40;14401
WINFUT;18/12/2012;10:30:00;168301,60;169054,56;168231,88;168831,46;370375064,50;11386
WINFUT;18/12/2012;10:00:00;168343,43;168608,36;168162,16;168301,60;287744139,40;8742
WINFUT;18/12/2012;09:30:00;168468,92;168594,42;168273,71;168329,48;139716819,00;4217
WINFUT;18/12/2012;09:00:00;167966,95;168650,19;167966,95;168468,92;212112999,10;6459
WINFUT;17/12/2012;17:30:00;167297,64;167506,80;167158,21;167492,86;181576089,50;5479
WINFUT;17/12/2012;17:00:00;167869,34;167994,83;167213,98;167283,70;444611825,40;13537
WINFUT;17/12/2012;16:30:00;167994,83;168162,16;167715,96;167869,34;218276156,10;6670
WINFUT;17/12/2012;16:00:00;168008,78;168120,33;167813,56;168022,72;251239285,90;7619
WINFUT;17/12/2012;15:30:00;168190,05;168343,43;168008,78;168022,72;251657599,70;7644
WINFUT;17/12/2012;15:00:00;168162,16;168357,37;167925,11;168190,05;333842323,40;10068
WINFUT;17/12/2012;14:30:00;167855,40;168566,53;167785,68;168162,16;411286157,00;12498
WINFUT;17/12/2012;14:00:00;168217,93;168371,32;167813,56;167841,45;324304768,10;9842
WINFUT;17/12/2012;13:30:00;168134,27;168510,75;168120,33;168217,93;275640925,90;8398
WINFUT;17/12/2012;13:00:00;168231,88;168552,59;167994,83;168134,27;366191926,20;11144
WINFUT;17/12/2012;12:30:00;167743,85;168357,37;167743,85;168231,88;525290619,30;16054
WINFUT;17/12/2012;12:00:00;167841,45;167939,06;167646,24;167729,90;207790422,80;6331
WINFUT;17/12/2012;11:30:00;167980,89;168162,16;167771,73;167827,51;267469862,50;8185
WINFUT;17/12/2012;11:00:00;167269,76;168148,22;167158,21;167980,89;423640358,70;13085
WINFUT;17/12/2012;10:30:00;167102,43;167325,53;166837,50;167269,76;211248483,80;6514
WINFUT;17/12/2012;10:00:00;167074,54;167227,93;166712,00;167102,43;285513132,30;8780
WINFUT;17/12/2012;09:30:00;167325,53;167395,25;166949,05;167074,54;164369447,30;4975
WINFUT;17/12/2012;09:00:00;167492,86;167911,17;167144,26;167297,64;148334083,90;4474
WINFUT;14/12/2012;17:30:00;167520,74;167799,62;167367,36;167646,24;210132980,30;6417
WINFUT;14/12/2012;17:00:00;167464,97;167771,73;167381,31;167520,74;246024306,80;7537
WINFUT;14/12/2012;16:30:00;167618,35;167897,23;167395,25;167464,97;331555541,10;9998
WINFUT;14/12/2012;16:00:00;167743,85;167799,62;167367,36;167604,41;199340483,50;6023
WINFUT;14/12/2012;15:30:00;167729,90;167799,62;167353,42;167715,96;233865318,20;7172
WINFUT;14/12/2012;15:00:00;167520,74;167855,40;167395,25;167715,96;227116521,70;6961
WINFUT;14/12/2012;14:30:00;168092,44;168120,33;166949,05;167520,74;447484247,00;13649
WINFUT;14/12/2012;14:00:00;167827,51;168245,82;167590,46;168078,50;343602979,40;10557
WINFUT;14/12/2012;13:30:00;167144,26;168427,09;167004,82;167827,51;614112589,00;18745
WINFUT;14/12/2012;13:00:00;166823,56;167186,09;166670,17;167130,32;297504795,40;9128
WINFUT;14/12/2012;12:30:00;167255,81;167283,70;166544,68;166837,50;576854770,60;17657
WINFUT;14/12/2012;12:00:00;167255,81;167590,46;167186,09;167241,87;253581843,30;7854
WINFUT;14/12/2012;11:30:00;167534,69;167604,41;166990,88;167269,76;317388646,10;9920
WINFUT;14/12/2012;11:00:00;167074,54;167715,96;166907,22;167520,74;297504795,40;9260
WINFUT;14/12/2012;10:30:00;167353,42;167590,46;166962,99;167074,54;366415026,90;11291
WINFUT;14/12/2012;10:00:00;167674,13;167827,51;167213,98;167367,36;388920310,90;12027
WINFUT;14/12/2012;09:30:00;167813,56;167855,40;167492,86;167688,07;123793005,90;3772
WINFUT;14/12/2012;09:00:00;167451,03;167883,28;167353,42;167771,73;219335884,50;6698
WINFUT;13/12/2012;17:30:00;166586,51;166879,33;166363,41;166851,44;240725665,00;7401
WINFUT;13/12/2012;17:00:00;166935,11;166962,99;166321,58;166586,51;360921171,90;11097
WINFUT;13/12/2012;16:30:00;166976,94;167102,43;166461,02;166935,11;292345591,50;8941
WINFUT;13/12/2012;16:00:00;166879,33;167241,87;166600,45;166990,88;318699362,80;9876
WINFUT;13/12/2012;15:30:00;166823,56;167269,76;166377,35;166893,27;498546421,80;15198
WINFUT;13/12/2012;15:00:00;168134,27;168134,27;166656,23;166837,50;652597461,30;19881
WINFUT;13/12/2012;14:30:00;167562,58;168162,16;167478,91;168106,38;446536069,00;13635
WINFUT;13/12/2012;14:00:00;168176,10;168287,65;167325,53;167562,58;458946045,90;14084
WINFUT;13/12/2012;13:30:00;168385,26;168441,04;167994,83;168190,05;257123567,10;7840
WINFUT;13/12/2012;13:00:00;168120,33;168789,63;168064,55;168399,20;419122569,40;12822
WINFUT;13/12/2012;12:30:00;167353,42;168357,37;167130,32;168120,33;663975597,50;20252
WINFUT;13/12/2012;12:00:00;167227,93;167548,63;167158,21;167353,42;220088849,40;6836
WINFUT;13/12/2012;11:30:00;167464,97;167576,52;167186,09;167241,87;294297722,70;9088
WINFUT;13/12/2012;11:00:00;166990,88;167548,63;166628,34;167451,03;383063917,30;11897
WINFUT;13/12/2012;10:30:00;166823,56;167353,42;166628,34;167018,77;423584583,60;13034
WINFUT;13/12/2012;10:00:00;166349,47;166879,33;166140,31;166823,56;286517085,50;8828
WINFUT;13/12/2012;09:30:00;166419,19;166809,61;166265,80;166391,30;144652922,20;4468
WINFUT;13/12/2012;09:00:00;166502,85;167102,43;166363,41;166419,19;235510685,90;7199
WINFUT;12/12/2012;17:30:00;167255,81;167478,91;166781,72;167046,66;252800990,90;7560
WINFUT;12/12/2012;17:00:00;167757,79;167785,68;166962,99;167269,76;395306568,70;11918
WINFUT;12/12/2012;16:30:00;168134,27;168315,54;167576,52;167743,85;259549787,30;7804
WINFUT;12/12/2012;16:00:00;168190,05;168496,81;167771,73;168134,27;412764199,20;12388
WINFUT;12/12/2012;15:30:00;167325,53;168580,47;166851,44;168203,99;788354242,70;23841
WINFUT;12/12/2012;15:00:00;167144,26;167423,14;167116,37;167269,76;146130964,40;4437
WINFUT;12/12/2012;14:30:00;167423,14;167743,85;167088,49;167144,26;224606638,80;6799
WINFUT;12/12/2012;14:00:00;167130,32;167618,35;167060,60;167381,31;184197522,80;5589
WINFUT;12/12/2012;13:30:00;167046,66;167269,76;166823,56;167116,37;198950057,20;6020
WINFUT;12/12/2012;13:00:00;167632,30;167674,13;166670,17;167074,54;473447592,00;14455
WINFUT;12/12/2012;12:30:00;167827,51;167966,95;167409,19;167618,35;439843047,70;13493
WINFUT;12/12/2012;12:00:00;167548,63;167855,40;167200,04;167841,45;247028260,00;7642
WINFUT;12/12/2012;11:30:00;166962,99;167576,52;166907,22;167548,63;217690516,80;6793
WINFUT;12/12/2012;11:00:00;167200,04;167395,25;166795,67;166935,11;198224979,90;6216
WINFUT;12/12/2012;10:30:00;167855,40;168106,38;166921,16;167186,09;393019786,40;12155
WINFUT;12/12/2012;10:00:00;167464,97;167994,83;167437,08;167841,45;182635817,90;5671
WINFUT;12/12/2012;09:30:00;167297,64;167715,96;167255,81;167478,91;57113781,50;1775
WINFUT;12/12/2012;09:00:00;167729,90;167911,17;167311,59;167311,59;69635308,79;2139
WINFUT;11/12/2012;17:30:00;167467,32;167664,17;167045,48;167186,09;303690938,10;9239
WINFUT;11/12/2012;17:00:00;167101,73;167523,56;167087,67;167453,25;303465961,00;9261
WINFUT;11/12/2012;16:30:00;167523,56;167692,29;166975,18;167115,79;443739171,40;13412
WINFUT;11/12/2012;16:00:00;167453,25;167537,62;167270,46;167509,50;208722487,50;6329
WINFUT;11/12/2012;15:30:00;167692,29;167917,27;167425,13;167425,13;234651096,10;7148
WINFUT;11/12/2012;15:00:00;168015,70;168100,06;167636,05;167692,29;326216768,40;10006
WINFUT;11/12/2012;14:30:00;167832,90;168029,76;167664,17;168029,76;286817656,90;8779
WINFUT;11/12/2012;14:00:00;167382,95;167861,03;167340,77;167832,90;431787263,90;13217
WINFUT;11/12/2012;13:30:00;167368,89;167467,32;167101,73;167368,89;257092560,00;7874
WINFUT;11/12/2012;13:00:00;166722,08;167551,68;166567,41;167382,95;584996656,50;17860
WINFUT;11/12/2012;12:30:00;165976,84;166848,63;165667,50;166708,02;604316563,40;18571
WINFUT;11/12/2012;12:00:00;166075,27;166201,82;165765,93;165976,84;379592581,00;11700
WINFUT;11/12/2012;11:30:00;166581,47;166722,08;166061,21;166075,27;344889866,10;10678
WINFUT;11/12/2012;11:00:00;166201,82;166736,14;165934,66;166623,65;313449319,00;9834
WINFUT;11/12/2012;10:30:00;166876,75;167045,48;165948,72;166215,88;585446610,70;18060
WINFUT;11/12/2012;10:00:00;167284,52;167453,25;166736,14;166862,69;437411691,00;13389
WINFUT;11/12/2012;09:30:00;167031,42;167326,70;167003,30;167284,52;215021845,80;6542
WINFUT;11/12/2012;09:00:00;166623,65;167129,85;166426,80;167017,36;193395923,80;5932
WINFUT;10/12/2012;17:30:00;166483,04;166609,59;166215,88;166370,55;340502813,00;10334
WINFUT;10/12/2012;17:00:00;165878,41;166553,35;165864,35;166468,98;332066172,50;10186
WINFUT;10/12/2012;16:30:00;165667,50;166173,70;165639,38;165878,41;293988801,40;8951
WINFUT;10/12/2012;16:00:00;165836,23;165920,60;165583,13;165639,38;199048473,00;6058
WINFUT;10/12/2012;15:30:00;166145,57;166229,94;165709,68;165822,17;249893293,40;7617
WINFUT;10/12/2012;15:00:00;165878,41;166342,43;165864,35;166145,57;274612650,30;8451
WINFUT;10/12/2012;14:30:00;165920,60;166061,21;165667,50;165906,54;282008771,80;8584
WINFUT;10/12/2012;14:00:00;165667,50;166019,03;165456,58;165934,66;243565813,00;7500
WINFUT;10/12/2012;13:30:00;165597,19;165765,93;165301,91;165653,44;214346914,50;6573
WINFUT;10/12/2012;13:00:00;165709,68;165808,11;165372,22;165583,13;319383089,50;9607
WINFUT;10/12/2012;12:30:00;165540,95;165836,23;165344,09;165723,74;376358535,40;11576
WINFUT;10/12/2012;12:00:00;165400,34;165667,50;165161,30;165540,95;268088314,90;8358
WINFUT;10/12/2012;11:30:00;164936,32;165498,77;164711,35;165414,40;322926478,50;10031
WINFUT;10/12/2012;11:00:00;164387,94;165175,36;164303,57;164936,32;350654903,90;11005
WINFUT;10/12/2012;10:30:00;163600,52;164486,37;163530,22;164387,94;357854170,50;11668
WINFUT;10/12/2012;10:00:00;164177,03;164177,03;163473,97;163600,52;234313630,50;7829
WINFUT;10/12/2012;09:30:00;163783,32;164331,70;163727,07;164177,03;142635469,80;4556
WINFUT;10/12/2012;09:00:00;163966,11;164177,03;163656,77;163755,19;174104139,00;5628
WINFUT;07/12/2012;17:30:00;164387,94;164767,59;164331,70;164739,47;228857936,30;7046
WINFUT;07/12/2012;17:00:00;164416,06;164472,31;163937,99;164373,88;293960679,30;9060
WINFUT;07/12/2012;16:30:00;164669,16;164978,51;164219,21;164373,88;396128396,50;12106
WINFUT;07/12/2012;16:00:00;164064,54;164880,08;164050,48;164683,22;382011084,60;11699
WINFUT;07/12/2012;15:30:00;163937,99;164219,21;163825,50;164092,66;201860686,50;6475
WINFUT;07/12/2012;15:00:00;163825,50;164205,15;163797,38;163952,05;177872505,20;5768
WINFUT;07/12/2012;14:30:00;164008,29;164331,70;163670,83;163825,50;327369775,90;10434
WINFUT;07/12/2012;14:00:00;164064,54;164177,03;163713,01;164008,29;312830632,00;10331
WINFUT;07/12/2012;13:30:00;164472,31;164514,49;163909,87;164064,54;404902502,70;12756
WINFUT;07/12/2012;13:00:00;164233,27;164626,98;164036,41;164472,31;347645835,40;10762
WINFUT;07/12/2012;12:30:00;164669,16;164964,45;164162,96;164219,21;520934432,50;16095
WINFUT;07/12/2012;12:00:00;164598,86;164866,02;164120,78;164655,10;359935208,50;11143
WINFUT;07/12/2012;11:30:00;163206,81;164598,86;163206,81;164570,74;752604582,30;24167
WINFUT;07/12/2012;11:00:00;162574,06;163277,12;162391,27;163178,69;318286326,20;10695
WINFUT;07/12/2012;10:30:00;162770,92;163052,14;162447,51;162574,06;327622875,10;10943
WINFUT;07/12/2012;10:00:00;162405,33;162869,35;162152,23;162770,92;278184161,40;9354
WINFUT;07/12/2012;09:30:00;162208,48;162545,94;162053,80;162433,45;117128693,10;3853
WINFUT;07/12/2012;09:00:00;162363,15;162574,06;162124,11;162222,54;134086340,70;4407
WINFUT;06/12/2012;17:30:00;162110,05;162714,67;162011,62;162686,55;208441266,10;6828
WINFUT;06/12/2012;17:00:00;162264,72;162349,09;161913,19;162124,11;210606670,50;6994
WINFUT;06/12/2012;16:30:00;162124,11;162363,15;161871,01;162278,78;252789873,30;8324
WINFUT;06/12/2012;16:00:00;161561,67;162349,09;161505,42;162124,11;325654325,70;10744
WINFUT;06/12/2012;15:30:00;161702,28;161772,58;161449,18;161575,73;254758422,80;8424
WINFUT;06/12/2012;15:00:00;162110,05;162405,33;161505,42;161702,28;401640335,00;13156
WINFUT;06/12/2012;14:30:00;162194,41;162517,82;162081,93;162095,99;313674296,10;10325
WINFUT;06/12/2012;14:00:00;162180,35;162250,66;161856,95;162236,60;295254297,50;9776
WINFUT;06/12/2012;13:30:00;161800,70;162433,45;161631,97;162166,29;369159268,80;12181
WINFUT;06/12/2012;13:00:00;161294,51;161997,56;161196,08;161800,70;443992270,60;14798
WINFUT;06/12/2012;12:30:00;161083,59;161702,28;160900,80;161336,69;635728988,40;21148
WINFUT;06/12/2012;12:00:00;160858,61;161111,71;160760,19;161055,47;157146491,50;5325
WINFUT;06/12/2012;11:30:00;161617,91;161800,70;160633,64;160886,74;408811479,50;13571
WINFUT;06/12/2012;11:00:00;161435,12;161674,16;161252,32;161575,73;193199068,80;6520
WINFUT;06/12/2012;10:30:00;161702,28;161702,28;161083,59;161435,12;411173738,80;13681
WINFUT;06/12/2012;10:00:00;162419,39;162658,43;161660,09;161688,22;324501318,10;10790
WINFUT;06/12/2012;09:30:00;162081,93;162602,19;161871,01;162461,58;167186093,80;5541
WINFUT;06/12/2012;09:00:00;162545,94;162799,04;162039,74;162067,87;194548931,30;6290
WINFUT;05/12/2012;17:30:00;162405,33;162503,76;161969,44;161969,44;200004625,60;6617
WINFUT;05/12/2012;17:00:00;162025,68;162630,31;161983,50;162391,27;215415555,70;7207
WINFUT;05/12/2012;16:30:00;162405,33;162770,92;161955,38;162025,68;261845200,90;8600
WINFUT;05/12/2012;16:00:00;162644,37;162869,35;162278,78;162419,39;281530695,50;9293
WINFUT;05/12/2012;15:30:00;161786,64;162827,16;161772,58;162630,31;457181552,00;14913
WINFUT;05/12/2012;15:00:00;161828,83;162433,45;161744,46;161758,52;435471263,60;14247
WINFUT;05/12/2012;14:30:00;161280,45;161913,19;161266,38;161828,83;325541837,10;10660
WINFUT;05/12/2012;14:00:00;161055,47;161407,00;160914,86;161266,38;301244312,30;9940
WINFUT;05/12/2012;13:30:00;161828,83;162039,74;160886,74;161069,53;537385881,60;17762
WINFUT;05/12/2012;13:00:00;162025,68;162363,15;161561,67;161828,83;422450715,00;14032
WINFUT;05/12/2012;12:30:00;162081,93;162447,51;161758,52;161997,56;386088794,20;12789
WINFUT;05/12/2012;12:00:00;161885,07;162095,99;161617,91;162081,93;221855524,60;7395
WINFUT;05/12/2012;11:30:00;162447,51;162475,64;161828,83;161885,07;246912347,10;8214
WINFUT;05/12/2012;11:00:00;162728,74;162799,04;162138,17;162447,51;350992369,50;11591
WINFUT;05/12/2012;10:30:00;163108,38;163178,69;162574,06;162770,92;262351399,30;8794
WINFUT;05/12/2012;10:00:00;163544,28;163614,58;163009,96;163108,38;225736379,30;7605
WINFUT;05/12/2012;09:30:00;163206,81;163600,52;162911,53;163572,40;179447344,70;5974
WINFUT;05/12/2012;09:00:00;162644,37;163220,87;162461,58;163206,81;195139496,20;6427
WINFUT;04/12/2012;17:30:00;161927,25;162067,87;161533,54;161772,58;189036992,80;6216
WINFUT;04/12/2012;17:00:00;162475,64;162630,31;161814,77;161899,13;342583851,10;11434
WINFUT;04/12/2012;16:30:00;162756,86;162784,98;162039,74;162475,64;400852915,20;13117
WINFUT;04/12/2012;16:00:00;162841,22;162967,77;162208,48;162784,98;379648825,20;12552
WINFUT;04/12/2012;15:30:00;163445,85;163586,46;162602,19;162841,22;395875297,30;13168
WINFUT;04/12/2012;15:00:00;164134,84;164162,96;162756,86;163403,67;770434016,00;25304
WINFUT;04/12/2012;14:30:00;163881,74;164500,43;163839,56;164134,84;302144220,60;9462
WINFUT;04/12/2012;14:00:00;164289,51;164570,74;163867,68;163867,68;363675452,50;11076
WINFUT;04/12/2012;13:30:00;163966,11;164486,37;163769,25;164289,51;332516126,60;10440
WINFUT;04/12/2012;13:00:00;164036,41;164458,25;163811,44;163980,17;417248120,00;13001
WINFUT;04/12/2012;12:30:00;164233,27;164683,22;163530,22;164008,29;823416118,80;25743
WINFUT;04/12/2012;12:00:00;163909,87;164542,61;163853,62;164205,15;310355884,10;9720
WINFUT;04/12/2012;11:30:00;164120,78;164402,00;163713,01;163923,93;358472857,40;11638
WINFUT;04/12/2012;11:00:00;164598,86;164641,04;164050,48;164134,84;236057202,90;7317
WINFUT;04/12/2012;10:30:00;164134,84;164866,02;163867,68;164598,86;416882532,30;12929
WINFUT;04/12/2012;10:00:00;163769,25;164303,57;163277,12;164134,84;305068922,70;9891
WINFUT;04/12/2012;09:30:00;163459,91;163839,56;163361,48;163797,38;150397179,10;4967
WINFUT;04/12/2012;09:00:00;163952,05;164022,35;163038,08;163473,97;179109879,10;5803
WINFUT;03/12/2012;17:30:00;163839,56;164092,66;163727,07;164022,35;146994400,70;4804
WINFUT;03/12/2012;17:00:00;163614,58;163895,80;163473,97;163867,68;157765178,50;5261
WINFUT;03/12/2012;16:30:00;163375,54;163755,19;162813,10;163642,70;371380917,50;12215
WINFUT;03/12/2012;16:00:00;163586,46;163586,46;162714,67;163389,61;339602904,70;11094
WINFUT;03/12/2012;15:30:00;163867,68;163923,93;163389,61;163586,46;231557661,30;7602
WINFUT;03/12/2012;15:00:00;163558,34;164317,64;163220,87;163895,80;418232394,70;13413
WINFUT;03/12/2012;14:30:00;162306,90;163656,77;162138,17;163558,34;397393892,60;13066
WINFUT;03/12/2012;14:00:00;161983,50;162489,70;161646,03;162292,84;349361285,60;11474
WINFUT;03/12/2012;13:30:00;163614,58;163656,77;161885,07;161983,50;587780747,90;19116
WINFUT;03/12/2012;13:00:00;164036,41;164036,41;163192,75;163600,52;518375318,20;16948
WINFUT;03/12/2012;12:30:00;164106,72;164402,00;163502,09;164036,41;539129454,00;17306
WINFUT;03/12/2012;12:00:00;164120,78;164359,82;163741,13;164106,72;218846456,20;6998
WINFUT;03/12/2012;11:30:00;163895,80;164205,15;163741,13;164078,60;146150736,70;4889
WINFUT;03/12/2012;11:00:00;163811,44;164261,39;163544,28;163895,80;268482024,80;8769
WINFUT;03/12/2012;10:30:00;163403,67;164373,88;163305,24;163797,38;462946589,70;14978
WINFUT;03/12/2012;10:00:00;162869,35;163403,67;162377,21;163375,54;333219180,00;11168
WINFUT;03/12/2012;09:30:00;162813,10;162939,65;162264,72;162869,35;210325449,20;6932
WINFUT;03/12/2012;09:00:00;162770,92;162995,90;162489,70;162799,04;154390522,30;5036
WINFUT;30/11/2012;17:30:00;162489,70;162588,12;161927,25;162124,11;140048233,30;4633
WINFUT;30/11/2012;17:00:00;162503,76;162658,43;162053,80;162489,70;374080642,50;12457
WINFUT;30/11/2012;16:30:00;162588,12;163066,20;162335,03;162503,76;410583174,00;13479
WINFUT;30/11/2012;16:00:00;161167,96;162897,47;161125,77;162602,19;579794061,50;18998
WINFUT;30/11/2012;15:30:00;160802,37;161224,20;160718,00;161153,90;406786685,70;13361
WINFUT;30/11/2012;15:00:00;160352,41;160802,37;160127,44;160802,37;339490416,20;11155
WINFUT;30/11/2012;14:30:00;160071,19;160535,21;159466,57;160352,41;366178322,50;12097
WINFUT;30/11/2012;14:00:00;160478,96;160718,00;159733,73;160057,13;395762808,70;13147
WINFUT;30/11/2012;13:30:00;161055,47;161266,38;160014,95;160493,03;311705746,60;10417
WINFUT;30/11/2012;13:00:00;160760,19;161294,51;160408,66;161055,47;418260516,90;13938
WINFUT;30/11/2012;12:30:00;160844,55;161069,53;160366,48;160760,19;512525914,10;16964
WINFUT;30/11/2012;12:00:00;162011,62;162081,93;160788,31;160844,55;518122219,00;17379
WINFUT;30/11/2012;11:30:00;163178,69;163206,81;161997,56;162011,62;305265777,60;10268
WINFUT;30/11/2012;11:00:00;163024,02;163361,48;162714,67;163192,75;196629969,30;6646
WINFUT;30/11/2012;10:30:00;162335,03;163066,20;162292,84;163052,14;232654424,50;7864
WINFUT;30/11/2012;10:00:00;163164,63;163670,83;161913,19;162335,03;421522684,60;14172
WINFUT;30/11/2012;09:30:00;162306,90;163305,24;162124,11;163150,57;226805020,40;7544
WINFUT;30/11/2012;09:00:00;163375,54;163459,91;162222,54;162292,84;216287341,90;7139
WINFUT;29/11/2012;17:30:00;162686,55;162869,35;162602,19;162855,28;131077272,20;4284
WINFUT;29/11/2012;17:00:00;162813,10;162883,41;162475,64;162686,55;199498427,10;6688
WINFUT;29/11/2012;16:30:00;162152,23;162897,47;162110,05;162799,04;387269923,90;12780
WINFUT;29/11/2012;16:00:00;161856,95;162194,41;161660,09;162152,23;340615301,60;11188
WINFUT;29/11/2012;15:30:00;161547,61;161955,38;161097,65;161842,89;312408800,00;10217
WINFUT;29/11/2012;15:00:00;160057,13;161646,03;159986,83;161575,73;546244354,20;17861
WINFUT;29/11/2012;14:30:00;161547,61;161674,16;159424,38;160071,19;1060766940,00;34753
WINFUT;29/11/2012;14:00:00;161336,69;161913,19;161280,45;161561,67;320451730,60;10557
WINFUT;29/11/2012;13:30:00;161027,35;161421,06;160661,76;161280,45;310102784,90;10260
WINFUT;29/11/2012;13:00:00;161238,26;161646,03;160718,00;161027,35;615762272,40;20272
WINFUT;29/11/2012;12:30:00;160141,50;161421,06;160085,25;161210,14;704318876,20;23184
WINFUT;29/11/2012;12:00:00;159789,97;160268,05;159663,42;160127,44;195251984,70;6629
WINFUT;29/11/2012;11:30:00;160099,32;160521,15;159550,93;159789,97;444301614,10;14847
WINFUT;29/11/2012;11:00:00;160324,29;160450,84;159832,16;160071,19;242440927,60;8187
WINFUT;29/11/2012;10:30:00;160099,32;160408,66;159663,42;160352,41;295338663,90;9931
WINFUT;29/11/2012;10:00:00;160450,84;160985,16;159902,46;160099,32;373602566,20;12551
WINFUT;29/11/2012;09:30:00;160296,17;160619,58;160183,68;160408,66;164317636,00;5534
WINFUT;29/11/2012;09:00:00;160436,78;160774,25;160296,17;160296,17;194492687,10;6468
WINFUT;28/11/2012;17:30:00;158847,88;159227,53;158608,84;158608,84;165976842,00;5630
WINFUT;28/11/2012;17:00:00;159143,16;159424,38;158847,88;158861,94;246378026,50;8346
WINFUT;28/11/2012;16:30:00;158847,88;159536,87;158791,64;159157,22;565508016,80;18797
WINFUT;28/11/2012;16:00:00;158721,33;158876,00;158243,25;158847,88;355998109,50;11855
WINFUT;28/11/2012;15:30:00;158932,25;159227,53;158636,96;158735,39;411848670,10;13790
WINFUT;28/11/2012;15:00:00;157891,73;159058,80;157512,08;158876,00;685111457,80;23028
WINFUT;28/11/2012;14:30:00;158440,11;158454,17;157793,30;157947,97;355520033,20;12151
WINFUT;28/11/2012;14:00:00;158285,44;158636,96;158088,58;158426,05;365362780,60;12272
WINFUT;28/11/2012;13:30:00;157273,04;158735,39;157160,55;158327,62;855812818,50;28679
WINFUT;28/11/2012;13:00:00;156977,76;157469,90;156809,03;157273,04;480129214,30;16597
WINFUT;28/11/2012;12:30:00;157652,69;157807,36;156654,35;156963,70;564776841,30;19329
WINFUT;28/11/2012;12:00:00;157512,08;157933,91;157301,16;157624,57;191005542,30;6597
WINFUT;28/11/2012;11:30:00;157455,84;157652,69;157090,25;157483,96;231810760,50;7992
WINFUT;28/11/2012;11:00:00;157610,51;157751,12;157132,43;157455,84;229336012,60;7944
WINFUT;28/11/2012;10:30:00;157947,97;158060,46;157540,20;157568,32;209594273,70;7251
WINFUT;28/11/2012;10:00:00;157301,16;158130,77;156949,64;157947,97;405633678,20;13906
WINFUT;28/11/2012;09:30:00;157765,18;157835,48;157216,80;157315,22;145728904,60;4972
WINFUT;28/11/2012;09:00:00;157483,96;158046,40;157062,13;157765,18;174638459,60;5929
WINFUT;27/11/2012;17:30:00;157441,77;157554,26;157062,13;157062,13;252311797,00;8527
WINFUT;27/11/2012;17:00:00;158060,46;158299,50;157258,98;157483,96;467446131,40;15955
WINFUT;27/11/2012;16:30:00;159382,20;159452,51;157863,61;158046,40;765343909,60;25273
WINFUT;27/11/2012;16:00:00;160605,51;160675,82;159283,77;159382,20;772486931,90;25249
WINFUT;27/11/2012;15:30:00;160802,37;160858,61;160535,21;160619,58;189683801,90;6245
WINFUT;27/11/2012;15:00:00;160999,22;161153,90;160521,15;160788,31;287858175,90;9465
WINFUT;27/11/2012;14:30:00;160633,64;161266,38;160605,51;160957,04;323095211,40;10661
WINFUT;27/11/2012;14:00:00;160802,37;160914,86;160464,90;160633,64;224189661,80;7435
WINFUT;27/11/2012;13:30:00;160647,70;160942,98;160408,66;160802,37;388591664,20;12837
WINFUT;27/11/2012;13:00:00;161533,54;161646,03;160577,39;160675,82;536401606,90;17662
WINFUT;27/11/2012;12:30:00;161322,63;161646,03;161055,47;161477,30;455128636,10;15111
WINFUT;27/11/2012;12:00:00;161575,73;161646,03;161041,41;161308,57;293117015,20;9860
WINFUT;27/11/2012;11:30:00;161392,93;161871,01;161378,87;161533,54;309540342,20;10444
WINFUT;27/11/2012;11:00:00;161519,48;161899,13;161238,26;161364,81;336425103,40;11307
WINFUT;27/11/2012;10:30:00;160928,92;161631,97;160914,86;161477,30;398940610,00;13275
WINFUT;27/11/2012;10:00:00;160282,11;160999,22;160155,56;160942,98;322842112,10;10776
WINFUT;27/11/2012;09:30:00;160155,56;160380,54;160043,07;160296,17;135633058,10;4520
WINFUT;27/11/2012;09:00:00;159663,42;160197,74;159565,00;160169,62;127308906,10;4249
WINFUT;26/11/2012;17:30:00;159874,34;159930,58;159565,00;159705,61;148147408,30;4852
WINFUT;26/11/2012;17:00:00;160043,07;160155,56;159761,85;159874,34;245337507,50;8173
WINFUT;26/11/2012;16:30:00;160155,56;160422,72;160043,07;160057,13;275625047,10;9035
WINFUT;26/11/2012;16:00:00;160141,50;160408,66;159874,34;160183,68;281727550,50;9251
WINFUT;26/11/2012;15:30:00;159621,24;160211,80;159424,38;160141,50;427428333,00;14060
WINFUT;26/11/2012;15:00:00;159719,67;159958,71;159382,20;159607,18;305265777,60;10097
WINFUT;26/11/2012;14:30:00;159340,02;159874,34;159255,65;159719,67;313196219,80;10425
WINFUT;26/11/2012;14:00:00;159438,45;159663,42;159072,86;159368,14;286198970,00;9556
WINFUT;26/11/2012;13:30:00;159494,69;159789,97;159382,20;159466,57;234397996,90;7806
WINFUT;26/11/2012;13:00:00;160014,95;160239,93;159072,86;159494,69;638625568,30;21193
WINFUT;26/11/2012;12:30:00;159972,77;160324,29;159719,67;159972,77;535220477,20;17757
WINFUT;26/11/2012;12:00:00;160661,76;160788,31;159846,22;159958,71;291935885,50;9820
WINFUT;26/11/2012;11:30:00;160211,80;160858,61;160183,68;160661,76;282514970,30;9513
WINFUT;26/11/2012;11:00:00;160858,61;161069,53;160169,62;160183,68;299107030,00;10089
WINFUT;26/11/2012;10:30:00;160900,80;161097,65;160507,09;160858,61;266682208,10;8986
WINFUT;26/11/2012;10:00:00;161111,71;161322,63;160675,82;160928,92;242244072,60;8261
WINFUT;26/11/2012;09:30:00;161097,65;161533,54;160928,92;161111,71;155740384,80;5183
WINFUT;26/11/2012;09:00:00;161139,83;161322,63;160788,31;161097,65;133411409,40;4422
WINFUT;23/11/2012;17:30:00;162025,68;162081,93;161716,34;161716,34;92690557,63;2907
WINFUT;23/11/2012;17:00:00;162067,87;162405,33;161997,56;161997,56;132174035,50;4252
WINFUT;23/11/2012;16:30:00;161392,93;162236,60;161322,63;162039,74;172248078,10;5634
WINFUT;23/11/2012;16:00:00;161491,36;161772,58;161069,53;161392,93;176297665,60;5820
WINFUT;23/11/2012;15:30:00;161041,41;161589,79;160858,61;161547,61;330913164,90;10827
WINFUT;23/11/2012;15:00:00;160774,25;161167,96;160661,76;161083,59;196180015,20;6494
WINFUT;23/11/2012;14:30:00;160746,12;160844,55;160464,90;160788,31;196629969,30;6499
WINFUT;23/11/2012;14:00:00;160521,15;161055,47;160324,29;160760,19;306868739,30;10127
WINFUT;23/11/2012;13:30:00;161294,51;161421,06;160464,90;160577,39;309709075,00;10199
WINFUT;23/11/2012;13:00:00;161139,83;161533,54;160942,98;161336,69;314068006,00;10339
WINFUT;23/11/2012;12:30:00;160774,25;161224,20;160746,12;161111,71;317948860,60;10521
WINFUT;23/11/2012;12:00:00;160085,25;161336,69;159958,71;160746,12;531789576,70;17697
WINFUT;23/11/2012;11:30:00;159719,67;160282,11;159565,00;160057,13;358332246,80;11965
WINFUT;23/11/2012;11:00:00;159100,98;159902,46;159058,80;159733,73;320001776,50;10679
WINFUT;23/11/2012;10:30:00;158861,94;159396,26;158636,96;159072,86;285720893,70;9524
WINFUT;23/11/2012;10:00:00;159354,08;159368,14;158693,21;158833,82;277818573,70;9216
WINFUT;23/11/2012;09:30:00;159480,63;159508,75;159171,29;159354,08;96318313,07;3226
WINFUT;23/11/2012;09:00:00;159115,04;159536,87;158946,31;159494,69;124102982,70;4108
WINFUT;22/11/2012;17:30:00;159157,22;159494,69;159115,04;159494,69;73483139,29;2359
WINFUT;22/11/2012;17:00:00;158861,94;159269,71;158861,94;159143,16;75254833,81;2452
WINFUT;22/11/2012;16:30:00;158890,06;159030,67;158805,70;158847,88;81919779,85;2659
WINFUT;22/11/2012;16:00:00;158749,45;158904,12;158651,03;158890,06;54472575,89;1760
WINFUT;22/11/2012;15:30:00;159058,80;159058,80;158608,84;158777,58;82819688,17;2689
WINFUT;22/11/2012;15:00:00;158946,31;159143,16;158805,70;159030,67;50676087,64;1672
WINFUT;22/11/2012;14:30:00;158974,43;159129,10;158777,58;158960,37;70277215,87;2304
WINFUT;22/11/2012;14:00:00;158749,45;159002,55;158608,84;158918,19;87150497,00;2875
WINFUT;22/11/2012;13:30:00;159213,47;159255,65;158665,09;158707,27;149244171,50;4869
WINFUT;22/11/2012;13:00:00;159241,59;159522,81;159185,35;159213,47;62431140,15;2082
WINFUT;22/11/2012;12:30:00;159227,53;159396,26;159143,16;159241,59;56384881,08;1874
WINFUT;22/11/2012;12:00:00;159199,41;159705,61;159199,41;159255,65;167411070,90;5547
WINFUT;22/11/2012;11:30:00;159368,14;159480,63;159115,04;159213,47;103236358,30;3439
WINFUT;22/11/2012;11:00:00;159340,02;159593,12;158946,31;159340,02;146516324,40;4877
WINFUT;22/11/2012;10:30:00;159368,14;159410,32;158819,76;159368,14;219858853,00;7264
WINFUT;22/11/2012;10:00:00;159340,02;159761,85;159269,71;159340,02;190330611,10;6265
WINFUT;22/11/2012;09:30:00;159382,20;159494,69;159199,41;159354,08;66874437,51;2204
WINFUT;22/11/2012;09:00:00;159143,16;159522,81;159044,74;159396,26;135914279,40;4428
WINFUT;21/11/2012;17:30:00;158313,56;158510,42;158144,83;158454,17;153434369,70;5111
WINFUT;21/11/2012;17:00:00;158510,42;158679,15;158088,58;158313,56;240191156,80;8057
WINFUT;21/11/2012;16:30:00;158552,60;159058,80;158440,11;158496,35;307965502,60;10274
WINFUT;21/11/2012;16:00:00;158974,43;159044,74;158468,23;158510,42;295591763,10;9837
WINFUT;21/11/2012;15:30:00;158876,00;159227,53;158665,09;158988,49;370368520,60;12281
WINFUT;21/11/2012;15:00:00;157891,73;159199,41;157821,42;158890,06;547819193,80;18239
WINFUT;21/11/2012;14:30:00;158524,48;158693,21;157638,63;157877,67;324895028,00;10975
WINFUT;21/11/2012;14:00:00;158327,62;158552,60;157990,16;158496,35;205291587,00;6931
WINFUT;21/11/2012;13:30:00;158060,46;158426,05;157933,91;158341,68;216934151,00;7345
WINFUT;21/11/2012;13:00:00;159016,61;159072,86;157821,42;158088,58;608450517,30;20467
WINFUT;21/11/2012;12:30:00;159368,14;159874,34;158763,51;159002,55;525462096,30;17449
WINFUT;21/11/2012;12:00:00;159171,29;159747,79;159129,10;159368,14;284033565,60;9592
WINFUT;21/11/2012;11:30:00;158440,11;159368,14;158299,50;159199,41;325823058,50;10891
WINFUT;21/11/2012;11:00:00;158876,00;159269,71;158158,89;158383,87;340812156,50;11468
WINFUT;21/11/2012;10:30:00;158833,82;158974,43;158313,56;158890,06;388619786,40;13164
WINFUT;21/11/2012;10:00:00;159719,67;160099,32;158524,48;158833,82;447029461,20;15030
WINFUT;21/11/2012;09:30:00;159227,53;159818,09;159072,86;159705,61;164205147,50;5477
WINFUT;21/11/2012;09:00:00;159508,75;159804,03;159129,10;159241,59;146825667,90;4887
WINFUT;19/11/2012;17:30:00;159227,53;159227,53;158918,19;159016,61;146938156,40;4864
WINFUT;19/11/2012;17:00:00;159199,41;159283,77;158918,19;159255,65;170926337,80;5669
WINFUT;19/11/2012;16:30:00;159199,41;159382,20;158890,06;159171,29;229814088,90;7700
WINFUT;19/11/2012;16:00:00;159340,02;159396,26;158876,00;159171,29;165442521,40;5555
WINFUT;19/11/2012;15:30:00;159804,03;159860,28;159016,61;159311,90;252339919,20;8403
WINFUT;19/11/2012;15:00:00;159607,18;159972,77;159565,00;159832,16;213643861,10;7066
WINFUT;19/11/2012;14:30:00;159649,36;159747,79;159494,69;159579,06;105036175,00;3498
WINFUT;19/11/2012;14:00:00;159550,93;159733,73;159368,14;159649,36;171207559,10;5703
WINFUT;19/11/2012;13:30:00;158960,37;159649,36;158890,06;159550,93;188390183,70;6270
WINFUT;19/11/2012;13:00:00;159157,22;159283,77;158693,21;158918,19;231163951,40;7753
WINFUT;19/11/2012;12:30:00;158440,11;159382,20;158355,74;159143,16;364744093,60;12007
WINFUT;19/11/2012;12:00:00;158566,66;158861,94;158355,74;158440,11;157202735,80;5276
WINFUT;19/11/2012;11:30:00;157793,30;158636,96;157765,18;158552,60;245112530,40;8218
WINFUT;19/11/2012;11:00:00;157751,12;158004,22;157582,38;157765,18;185381115,30;6319
WINFUT;19/11/2012;10:30:00;157483,96;157849,54;157301,16;157751,12;214121937,40;7299
WINFUT;19/11/2012;10:00:00;157765,18;158088,58;157427,71;157483,96;196348748,00;6671
WINFUT;19/11/2012;09:30:00;157990,16;158144,83;157708,93;157779,24;124299837,60;4207
WINFUT;19/11/2012;09:00:00;157301,16;158018,28;157076,19;158004,22;170729482,80;5739
WINFUT;16/11/2012;17:30:00;155459,16;155656,02;155177,94;155515,41;155656018,40;5302
WINFUT;16/11/2012;17:00:00;156218,46;156274,71;155262,31;155445,10;307796769,80;10486
WINFUT;16/11/2012;16:30:00;156766,84;156907,45;156190,34;156246,58;271462971,10;9265
WINFUT;16/11/2012;16:00:00;157048,06;157146,49;156288,77;156738,72;275428192,20;9323
WINFUT;16/11/2012;15:30:00;156823,09;157582,38;156780,90;157048,06;408361525,30;13906
WINFUT;16/11/2012;15:00:00;157005,88;157427,71;156316,89;156823,09;492249854,60;16739
WINFUT;16/11/2012;14:30:00;155459,16;157146,49;155402,92;156977,76;619136928,60;21176
WINFUT;16/11/2012;14:00:00;156345,01;156555,93;155416,98;155501,35;324501318,10;11131
WINFUT;16/11/2012;13:30:00;156612,17;157062,13;156330,95;156359,07;286761412,70;9740
WINFUT;16/11/2012;13:00:00;157132,43;157202,74;156105,97;156569,99;563933177,20;19197
WINFUT;16/11/2012;12:30:00;157638,63;157807,36;156809,03;157146,49;494499625,40;17069
WINFUT;16/11/2012;12:00:00;158032,34;158144,83;157399,59;157652,69;365503391,20;12491
WINFUT;16/11/2012;11:30:00;158327,62;158636,96;157905,79;158018,28;251496255,10;8582
WINFUT;16/11/2012;11:00:00;158032,34;158566,66;157821,42;158327,62;307881136,20;10501
WINFUT;16/11/2012;10:30:00;157216,80;158032,34;157104,31;158032,34;321098539,80;11006
WINFUT;16/11/2012;10:00:00;157287,10;157610,51;156949,64;157216,80;247081079,90;8490
WINFUT;16/11/2012;09:30:00;157062,13;157413,65;156541,87;157315,22;146994400,70;5008
WINFUT;16/11/2012;09:00:00;156907,45;157048,06;156443,44;157048,06;152478217,10;5154
WINFUT;14/11/2012;17:30:00;158215,13;158271,38;157540,20;157540,20;203041816,20;6830
WINFUT;14/11/2012;17:00:00;158369,80;158721,33;158046,40;158215,13;307796769,80;10291
WINFUT;14/11/2012;16:30:00;158454,17;158946,31;158158,89;158383,87;330941287,10;11098
WINFUT;14/11/2012;16:00:00;158426,05;158791,64;158032,34;158454,17;278774726,30;9381
WINFUT;14/11/2012;15:30:00;158636,96;158665,09;158229,19;158426,05;247446667,70;8225
WINFUT;14/11/2012;15:00:00;159382,20;159410,32;158299,50;158636,96;403693250,80;13406
WINFUT;14/11/2012;14:30:00;159213,47;159480,63;158594,78;159354,08;325401226,40;10733
WINFUT;14/11/2012;14:00:00;158777,58;159255,65;158496,35;159213,47;259089231,60;8668
WINFUT;14/11/2012;13:30:00;159297,83;159691,54;158524,48;158777,58;510726097,40;16916
WINFUT;14/11/2012;13:00:00;159593,12;160071,19;159297,83;159297,83;407967815,40;13571
WINFUT;14/11/2012;12:30:00;160577,39;160816,43;159452,51;159607,18;543291530,00;18016
WINFUT;14/11/2012;12:00:00;161266,38;161392,93;160493,03;160591,45;336903179,70;11312
WINFUT;14/11/2012;11:30:00;161477,30;161646,03;161027,35;161280,45;300597503,20;10182
WINFUT;14/11/2012;11:00:00;161224,20;161772,58;160675,82;161589,79;253746025,90;8550
WINFUT;14/11/2012;10:30:00;161097,65;161308,57;160619,58;161224,20;266850940,90;9010
WINFUT;14/11/2012;10:00:00;161603,85;161871,01;160942,98;161055,47;304872067,70;10293
WINFUT;14/11/2012;09:30:00;161969,44;162039,74;161294,51;161561,67;166426796,10;5562
WINFUT;14/11/2012;09:00:00;162264,72;162264,72;161575,73;161941,32;137460996,90;4549
WINFUT;13/11/2012;17:30:00;161969,44;162124,11;161744,46;161927,25;123090585,80;3814
WINFUT;13/11/2012;17:00:00;162419,39;162588,12;161814,77;161969,44;357066750,70;11059
WINFUT;13/11/2012;16:30:00;161983,50;162475,64;161814,77;162405,33;360019574,90;11147
WINFUT;13/11/2012;16:00:00;161167,96;162124,11;161027,35;161969,44;410217586,20;12703
WINFUT;13/11/2012;15:30:00;161505,42;161561,67;160985,16;161182,02;352876552,50;10928
WINFUT;13/11/2012;15:00:00;161674,16;161941,32;161294,51;161505,42;330266355,80;10228
WINFUT;13/11/2012;14:30:00;161252,32;161842,89;161182,02;161674,16;381589252,60;11816
WINFUT;13/11/2012;14:00:00;160844,55;161266,38;160577,39;161238,26;330406966,50;10233
WINFUT;13/11/2012;13:30:00;159986,83;160942,98;159958,71;160830,49;434430744,60;13453
WINFUT;13/11/2012;13:00:00;161027,35;161153,90;159916,52;160000,89;629232775,20;19486
WINFUT;13/11/2012;12:30:00;160141,50;161336,69;159733,73;160971,10;670122359,80;20753
WINFUT;13/11/2012;12:00:00;160436,78;160746,12;159902,46;160155,56;323826386,90;10028
WINFUT;13/11/2012;11:30:00;160099,32;160605,51;159691,54;160450,84;369777955,80;11453
WINFUT;13/11/2012;11:00:00;160774,25;160957,04;160000,89;160099,32;350176827,60;10844
WINFUT;13/11/2012;10:30:00;160816,43;161069,53;160141,50;160788,31;339968492,50;10529
WINFUT;13/11/2012;10:00:00;160282,11;160928,92;159888,40;160816,43;420060333,50;13009
WINFUT;13/11/2012;09:30:00;159958,71;160436,78;159691,54;160282,11;268510146,90;8317
WINFUT;13/11/2012;09:00:00;159789,97;160029,01;159269,71;159958,71;189796290,50;5878
WINFUT;12/11/2012;17:30:00;160942,98;160985,16;160577,39;160577,39;182006459,00;5911
WINFUT;12/11/2012;17:00:00;161477,30;161491,36;160886,74;160985,16;237688286,70;7834
WINFUT;12/11/2012;16:30:00;161674,16;161758,52;161407,00;161477,30;199189083,60;6576
WINFUT;12/11/2012;16:00:00;161336,69;161913,19;161322,63;161646,03;301891121,40;9877
WINFUT;12/11/2012;15:30:00;161210,14;161730,40;161196,08;161322,63;296379182,90;9742
WINFUT;12/11/2012;15:00:00;161224,20;161280,45;160985,16;161196,08;201691953,70;6637
WINFUT;12/11/2012;14:30:00;161167,96;161350,75;160928,92;161196,08;151297087,40;4985
WINFUT;12/11/2012;14:00:00;161139,83;161477,30;160942,98;161167,96;210156716,40;6989
WINFUT;12/11/2012;13:30:00;161364,81;161702,28;161041,41;161111,71;236760256,30;7821
WINFUT;12/11/2012;13:00:00;161885,07;161983,50;161196,08;161336,69;252480529,90;8350
WINFUT;12/11/2012;12:30:00;161730,40;162110,05;161378,87;161927,25;467389887,10;15330
WINFUT;12/11/2012;12:00:00;162335,03;162531,88;161716,34;161730,40;276018757,00;9197
WINFUT;12/11/2012;11:30:00;161589,79;162349,09;161589,79;162349,09;263616895,40;8781
WINFUT;12/11/2012;11:00:00;161983,50;162053,80;161364,81;161603,85;322842112,10;10822
WINFUT;12/11/2012;10:30:00;162855,28;162883,41;161660,09;161997,56;348517621,60;11552
WINFUT;12/11/2012;10:00:00;161969,44;162939,65;161786,64;162883,41;268791368,30;8929
WINFUT;12/11/2012;09:30:00;162152,23;162531,88;161871,01;161969,44;128855623,50;4231
WINFUT;12/11/2012;09:00:00;162208,48;162686,55;161983,50;162180,35;83775840,77;2793
WINFUT;09/11/2012;17:30:00;162194,41;162320,96;161786,64;161828,83;128715012,80;4240
WINFUT;09/11/2012;17:00:00;162208,48;162208,48;161617,91;162166,29;224583371,70;7442
WINFUT;09/11/2012;16:30:00;162222,54;162363,15;161575,73;162194,41;559377391,30;18447
WINFUT;09/11/2012;16:00:00;163642,70;163980,17;162124,11;162236,60;698272617,10;23172
WINFUT;09/11/2012;15:30:00;164177,03;164331,70;163614,58;163642,70;287014511,90;9164
WINFUT;09/11/2012;15:00:00;163417,73;164233,27;163417,73;164205,15;370565375,60;11943
WINFUT;09/11/2012;14:30:00;163108,38;163614,58;162925,59;163403,67;205994640,40;6878
WINFUT;09/11/2012;14:00:00;162770,92;163516,16;162756,86;163108,38;281671306,20;9352
WINFUT;09/11/2012;13:30:00;163319,30;163642,70;162756,86;162784,98;364519116,50;12082
WINFUT;09/11/2012;13:00:00;162616,25;163713,01;162363,15;163319,30;508026372,50;16733
WINFUT;09/11/2012;12:30:00;162053,80;162967,77;161786,64;162686,55;608984837,80;19941
WINFUT;09/11/2012;12:00:00;161463,24;162447,51;161350,75;162011,62;429059416,80;14300
WINFUT;09/11/2012;11:30:00;161224,20;161927,25;161097,65;161463,24;425712882,70;14222
WINFUT;09/11/2012;11:00:00;161280,45;161435,12;160493,03;161210,14;460190620,50;15483
WINFUT;09/11/2012;10:30:00;162475,64;162489,70;161041,41;161280,45;555862124,40;18686
WINFUT;09/11/2012;10:00:00;162067,87;162784,98;161871,01;162489,70;325541837,10;10881
WINFUT;09/11/2012;09:30:00;162194,41;162475,64;162067,87;162081,93;136279867,20;4547
WINFUT;09/11/2012;09:00:00;161561,67;162264,72;161322,63;162222,54;129249333,40;4294
WINFUT;08/11/2012;17:30:00;162053,80;162250,66;161842,89;161842,89;197557999,80;6473
WINFUT;08/11/2012;17:00:00;162799,04;162967,77;161997,56;162067,87;331475607,60;11004
WINFUT;08/11/2012;16:30:00;162658,43;162883,41;162124,11;162813,10;529174218,10;17521
WINFUT;08/11/2012;16:00:00;163600,52;163628,64;162517,82;162658,43;569332627,20;18759
WINFUT;08/11/2012;15:30:00;164514,49;164542,61;163389,61;163628,64;449447964,80;14454
WINFUT;08/11/2012;15:00:00;164556,67;164612,92;164177,03;164500,43;315642845,50;9374
WINFUT;08/11/2012;14:30:00;164669,16;164669,16;164036,41;164570,74;371690261,00;11037
WINFUT;08/11/2012;14:00:00;164598,86;164936,32;164134,84;164669,16;539804385,20;15999
WINFUT;08/11/2012;13:30:00;165442,52;165695,62;164359,82;164598,86;737221774,40;21851
WINFUT;08/11/2012;13:00:00;166159,64;166286,19;165062,87;165442,52;554962216,10;16532
WINFUT;08/11/2012;12:30:00;165076,93;166904,87;165006,63;166173,70;763150383,00;22722
WINFUT;08/11/2012;12:00:00;166497,10;166665,83;164964,45;165090,99;603051067,30;17965
WINFUT;08/11/2012;11:30:00;166581,47;166876,75;166187,76;166483,04;381898596,10;11385
WINFUT;08/11/2012;11:00:00;166173,70;166623,65;166004,96;166581,47;224864593,10;6790
WINFUT;08/11/2012;10:30:00;165526,89;166483,04;165217,54;166173,70;484853733,00;14580
WINFUT;08/11/2012;10:00:00;165906,54;165948,72;165386,28;165512,83;244465721,30;7383
WINFUT;08/11/2012;09:30:00;165301,91;166004,96;165175,36;165794,05;158468231,90;4919
WINFUT;08/11/2012;09:00:00;164880,08;165372,22;164866,02;165301,91;132145913,30;4086
WINFUT;07/11/2012;17:30:00;165203,48;165498,77;165119,12;165301,91;143057301,80;4268
WINFUT;07/11/2012;17:00:00;165372,22;165470,64;164978,51;165203,48;248571553,10;7469
WINFUT;07/11/2012;16:30:00;165555,01;165751,86;165287,85;165372,22;311761990,90;9331
WINFUT;07/11/2012;16:00:00;164809,77;165625,32;164598,86;165555,01;529708538,70;15807
WINFUT;07/11/2012;15:30:00;164851,96;165147,24;164725,41;164809,77;255939552,50;7576
WINFUT;07/11/2012;15:00:00;165048,81;165358,15;164809,77;164880,08;276693688,30;8244
WINFUT;07/11/2012;14:30:00;164823,83;165175,36;164641,04;165034,75;358107269,70;10589
WINFUT;07/11/2012;14:00:00;164950,38;165540,95;164725,41;164795,71;434796332,40;13001
WINFUT;07/11/2012;13:30:00;165203,48;165555,01;164894,14;164936,32;454341216,40;13472
WINFUT;07/11/2012;13:00:00;165597,19;165681,56;164964,45;165231,61;501811380,60;14923
WINFUT;07/11/2012;12:30:00;166145,57;166201,82;165540,95;165611,25;697288342,40;20772
WINFUT;07/11/2012;12:00:00;166229,94;166525,22;166019,03;166173,70;312943120,50;9438
WINFUT;07/11/2012;11:30:00;166764,26;167186,09;166145,57;166258,06;469836512,80;14191
WINFUT;07/11/2012;11:00:00;167411,07;167439,19;166553,35;166792,38;561120963,70;16851
WINFUT;07/11/2012;10:30:00;167045,48;167846,96;166989,24;167425,13;455128636,10;13636
WINFUT;07/11/2012;10:00:00;167481,38;167523,56;166834,57;167073,61;482716450,80;14449
WINFUT;07/11/2012;09:30:00;167368,89;167664,17;167186,09;167509,50;171573146,90;5263
WINFUT;07/11/2012;09:00:00;168184,43;168423,47;167256,40;167368,89;209594273,70;6438
WINFUT;06/11/2012;17:30:00;168198,49;168310,98;168100,06;168156,31;146178858,80;4351
WINFUT;06/11/2012;17:00:00;168296,92;168353,16;167931,33;168198,49;291654664,20;8636
WINFUT;06/11/2012;16:30:00;168254,73;168521,90;167973,51;168310,98;385891939,30;11435
WINFUT;06/11/2012;16:00:00;168184,43;168564,08;168100,06;168254,73;317048952,30;9410
WINFUT;06/11/2012;15:30:00;168015,70;168381,28;167987,57;168198,49;514325730,70;15202
WINFUT;06/11/2012;15:00:00;167411,07;168057,88;167270,46;168015,70;568067131,10;16869
WINFUT;06/11/2012;14:30:00;166398,67;167537,62;166398,67;167397,01;576053817,50;17134
WINFUT;06/11/2012;14:00:00;165976,84;166454,92;165906,54;166384,61;265951032,60;7933
WINFUT;06/11/2012;13:30:00;165512,83;166215,88;165330,03;166004,96;356251208,80;10566
WINFUT;06/11/2012;13:00:00;165990,90;166033,09;165273,79;165498,77;257486269,90;7686
WINFUT;06/11/2012;12:30:00;165681,56;166089,33;165400,34;165976,84;501473915,00;14951
WINFUT;06/11/2012;12:00:00;165484,70;165906,54;165456,58;165695,62;340109103,20;10240
WINFUT;06/11/2012;11:30:00;164823,83;165569,07;164795,71;165484,70;381982962,50;11566
WINFUT;06/11/2012;11:00:00;164528,55;164922,26;164303,57;164837,90;331503729,80;9905
WINFUT;06/11/2012;10:30:00;164598,86;164711,35;164331,70;164528,55;264123093,80;7917
WINFUT;06/11/2012;10:00:00;165259,73;165372,22;164486,37;164612,92;348770720,80;10441
WINFUT;06/11/2012;09:30:00;164908,20;165344,09;164851,96;165245,67;134339439,90;4144
WINFUT;06/11/2012;09:00:00;165020,69;165189,42;164711,35;164908,20;110998067,60;3437
WINFUT;05/11/2012;17:30:00;164387,94;164978,51;164275,45;164711,35;173035497,90;5135
WINFUT;05/11/2012;17:00:00;164275,45;164486,37;164261,39;164416,06;192467893,30;5736
WINFUT;05/11/2012;16:30:00;164416,06;164584,80;164106,72;164275,45;319551822,30;9459
WINFUT;05/11/2012;16:00:00;163923,93;164500,43;163923,93;164402,00;257964346,20;7877
WINFUT;05/11/2012;15:30:00;163698,95;164008,29;163614,58;163923,93;186140412,90;6114
WINFUT;05/11/2012;15:00:00;164317,64;164359,82;163670,83;163713,01;230123432,40;7234
WINFUT;05/11/2012;14:30:00;164205,15;164317,64;163895,80;164275,45;243481446,60;7617
WINFUT;05/11/2012;14:00:00;164612,92;164880,08;164148,90;164191,09;309034143,80;9202
WINFUT;05/11/2012;13:30:00;164233,27;164725,41;164177,03;164598,86;361256948,80;10803
WINFUT;05/11/2012;13:00:00;163853,62;164331,70;163572,40;164205,15;345536675,20;10915
WINFUT;05/11/2012;12:30:00;163839,56;164078,60;163417,73;163853,62;400431083,20;13226
WINFUT;05/11/2012;12:00:00;163656,77;163980,17;163277,12;163853,62;266457231,10;8891
WINFUT;05/11/2012;11:30:00;163459,91;164036,41;163459,91;163670,83;392950595,20;13130
WINFUT;05/11/2012;11:00:00;162995,90;163600,52;162911,53;163459,91;294888709,70;9923
WINFUT;05/11/2012;10:30:00;163136,51;163164,63;162560,00;162995,90;267047795,90;8975
WINFUT;05/11/2012;10:00:00;163108,38;163319,30;162827,16;163136,51;211112869,00;7036
WINFUT;01/11/2012;17:30:00;165358,15;165920,60;165301,91;165920,60;182765756,70;5534
WINFUT;01/11/2012;17:00:00;164978,51;165442,52;164950,38;165344,09;233188745,10;7061
WINFUT;01/11/2012;16:30:00;164106,72;165175,36;164106,72;164964,45;573157237,60;17414
WINFUT;01/11/2012;16:00:00;163783,32;164191,09;163741,13;164120,78;323798264,70;10227
WINFUT;01/11/2012;15:30:00;163558,34;163867,68;163473,97;163783,32;220336929,30;7194
WINFUT;01/11/2012;15:00:00;163502,09;163741,13;163361,48;163544,28;208947464,60;6836
WINFUT;01/11/2012;14:30:00;163586,46;163670,83;163319,30;163516,16;265641689,10;8699
WINFUT;01/11/2012;14:00:00;163234,93;163614,58;163206,81;163558,34;232007615,40;7539
WINFUT;01/11/2012;13:30:00;163094,32;163305,24;163052,14;163248,99;125424723,00;4107
WINFUT;01/11/2012;13:00:00;163248,99;163305,24;162995,90;163122,45;184453084,80;6101
WINFUT;01/11/2012;12:30:00;162841,22;163319,30;162799,04;163248,99;298741442,30;9804
WINFUT;01/11/2012;12:00:00;162630,31;162995,90;162560,00;162827,16;378102107,80;12492
WINFUT;01/11/2012;11:30:00;161913,19;162630,31;161575,73;162630,31;513678921,60;17052
WINFUT;01/11/2012;11:00:00;161561,67;161969,44;161280,45;161913,19;332600493,10;11108
WINFUT;01/11/2012;10:30:00;161646,03;162222,54;161449,18;161561,67;501052082,90;16711
WINFUT;01/11/2012;10:00:00;161885,07;161885,07;161196,08;161631,97;334456554,00;11229
WINFUT;01/11/2012;09:30:00;161871,01;161969,44;161744,46;161828,83;59365827,41;1981
WINFUT;01/11/2012;09:00:00;161631,97;162124,11;161519,48;161871,01;157427712,90;5273
WINFUT;31/10/2012;17:30:00;161491,36;161505,42;161153,90;161182,02;162714674,30;5327
WINFUT;31/10/2012;17:00:00;161350,75;161631,97;161224,20;161463,24;317105196,60;10555
WINFUT;31/10/2012;16:30:00;161336,69;161561,67;161210,14;161350,75;162714674,30;5410
WINFUT;31/10/2012;16:00:00;161505,42;161646,03;161308,57;161322,63;142832324,70;4776
WINFUT;31/10/2012;15:30:00;161252,32;161631,97;161252,32;161491,36;221264959,80;7357
WINFUT;31/10/2012;15:00:00;161224,20;161350,75;160928,92;161224,20;187040321,20;6200
WINFUT;31/10/2012;14:30:00;161252,32;161294,51;160957,04;161224,20;215162456,40;7164
WINFUT;31/10/2012;14:00:00;161631,97;161674,16;161238,26;161266,38;170701360,70;5708
WINFUT;31/10/2012;13:30:00;161547,61;161856,95;161505,42;161617,91;194520809,20;6378
WINFUT;31/10/2012;13:00:00;161421,06;161660,09;161069,53;161561,67;316402143,20;10325
WINFUT;31/10/2012;12:30:00;162011,62;162152,23;161280,45;161435,12;384598321,00;12296
WINFUT;31/10/2012;12:00:00;162208,48;162278,78;161646,03;162025,68;387748000,20;12402
WINFUT;31/10/2012;11:30:00;162517,82;162770,92;162067,87;162236,60;570148169,10;18486
WINFUT;31/10/2012;11:00:00;163530,22;163530,22;162447,51;162517,82;377286565,90;12346
WINFUT;31/10/2012;10:30:00;163277,12;163642,70;163136,51;163530,22;253886636,60;8349
WINFUT;31/10/2012;10:00:00;163825,50;164050,48;163248,99;163277,12;283752344,20;9329
WINFUT;31/10/2012;09:30:00;164050,48;164233,27;163741,13;163811,44;116706861,10;3726
WINFUT;31/10/2012;09:00:00;164373,88;164373,88;163741,13;164036,41;121768845,40;3894
WINFUT;30/10/2012;17:30:00;163263,06;163713,01;163206,81;163713,01;77026528,32;2448
WINFUT;30/10/2012;17:00:00;163248,99;163488,03;163122,45;163248,99;137011042,70;4333
WINFUT;30/10/2012;16:30:00;162939,65;163516,16;162911,53;163263,06;263504406,90;8412
WINFUT;30/10/2012;16:00:00;162714,67;163108,38;162714,67;162953,71;151578308,70;4858
WINFUT;30/10/2012;15:30:00;162799,04;163009,96;162560,00;162714,67;145053973,40;4739
WINFUT;30/10/2012;15:00:00;162560,00;162869,35;162489,70;162799,04;109254495,30;3524
WINFUT;30/10/2012;14:30:00;162363,15;162714,67;162306,90;162545,94;72189521,07;2345
WINFUT;30/10/2012;14:00:00;162560,00;162588,12;162264,72;162349,09;64202834,67;2070
WINFUT;30/10/2012;13:30:00;162574,06;162602,19;162377,21;162545,94;36165065,87;1176
WINFUT;30/10/2012;13:00:00;162517,82;162644,37;162377,21;162560,00;74720513,24;2383
WINFUT;30/10/2012;12:30:00;162236,60;162531,88;162110,05;162475,64;73426895,02;2373
WINFUT;30/10/2012;12:00:00;162419,39;162433,45;162067,87;162250,66;116538128,30;3707
WINFUT;30/10/2012;11:30:00;162602,19;162813,10;162349,09;162419,39;109338861,70;3506
WINFUT;30/10/2012;11:00:00;162574,06;162939,65;162461,58;162588,12;334765897,50;10798
WINFUT;30/10/2012;10:30:00;162152,23;162630,31;161871,01;162588,12;262520132,10;8465
WINFUT;30/10/2012;10:00:00;162433,45;162700,61;162011,62;162124,11;188305817,30;6114
WINFUT;30/10/2012;09:30:00;162391,27;162728,74;162377,21;162433,45;76660940,57;2493
WINFUT;30/10/2012;09:00:00;162588,12;162742,80;162349,09;162391,27;151072110,30;4825
WINFUT;29/10/2012;17:30:00;161955,38;162222,54;161913,19;162152,23;90412664,68;2858
WINFUT;29/10/2012;17:00:00;161463,24;162067,87;161421,06;161941,32;229954699,60;7290
WINFUT;29/10/2012;16:30:00;161167,96;161646,03;161139,83;161449,18;110716846,30;3593
WINFUT;29/10/2012;16:00:00;161266,38;161308,57;160900,80;161153,90;108663930,40;3512
WINFUT;29/10/2012;15:30:00;161589,79;161603,85;161210,14;161266,38;111588632,50;3590
WINFUT;29/10/2012;15:00:00;161308,57;161646,03;161196,08;161603,85;226973753,20;7232
WINFUT;29/10/2012;14:30:00;160886,74;161350,75;160872,67;161294,51;165864353,40;5406
WINFUT;29/10/2012;14:00:00;160732,06;160985,16;160605,51;160872,67;78038925,19;2532
WINFUT;29/10/2012;13:30:00;160830,49;160900,80;160703,94;160718,00;29725096,91;968
WINFUT;29/10/2012;13:00:00;160774,25;160971,10;160661,76;160830,49;63556025,56;2061
WINFUT;29/10/2012;12:30:00;160549,27;160802,37;160464,90;160760,19;48426316,82;1577
WINFUT;29/10/2012;12:00:00;160661,76;160661,76;160324,29;160535,21;78179535,87;2549
WINFUT;29/10/2012;11:30:00;160746,12;160914,86;160675,82;160675,82;42633156,97;1425
WINFUT;29/10/2012;11:00:00;160774,25;160971,10;160380,54;160746,12;170223284,40;5533
WINFUT;29/10/2012;10:30:00;160507,09;160999,22;160408,66;160732,06;217552837,90;7031
WINFUT;29/10/2012;10:00:00;160057,13;160746,12;160043,07;160493,03;200707678,90;6544
WINFUT;29/10/2012;09:30:00;160183,68;160324,29;159860,28;160071,19;98483717,48;3185
WINFUT;29/10/2012;09:00:00;160521,15;160577,39;160014,95;160169,62;117213059,50;3868
WINFUT;26/10/2012;17:30:00;162292,84;162489,70;161983,50;161983,50;136083012,30;4422
WINFUT;26/10/2012;17:00:00;162320,96;162531,88;162124,11;162306,90;205347831,30;6796
WINFUT;26/10/2012;16:30:00;162081,93;162503,76;161927,25;162320,96;338112431,60;11264
WINFUT;26/10/2012;16:00:00;161969,44;162208,48;161660,09;162095,99;225258303,00;7455
WINFUT;26/10/2012;15:30:00;161660,09;162095,99;161407,00;161955,38;418063661,90;13968
WINFUT;26/10/2012;15:00:00;162349,09;162349,09;161603,85;161660,09;312943120,50;10303
WINFUT;26/10/2012;14:30:00;162419,39;162560,00;161997,56;162335,03;258245567,60;8469
WINFUT;26/10/2012;14:00:00;162545,94;162560,00;162166,29;162447,51;201410732,30;6670
WINFUT;26/10/2012;13:30:00;162686,55;162911,53;162447,51;162545,94;181781482,00;6036
WINFUT;26/10/2012;13:00:00;162278,78;162770,92;162152,23;162686,55;228886058,40;7636
WINFUT;26/10/2012;12:30:00;162489,70;162841,22;162124,11;162292,84;332263027,40;11005
WINFUT;26/10/2012;12:00:00;163192,75;163389,61;162489,70;162517,82;488340877,80;16148
WINFUT;26/10/2012;11:30:00;162953,71;163811,44;162728,74;163164,63;555130948,90;18279
WINFUT;26/10/2012;11:00:00;163164,63;163277,12;162630,31;162939,65;339518538,30;11340
WINFUT;26/10/2012;10:30:00;162208,48;163305,24;161871,01;163192,75;790231999,20;26235
WINFUT;26/10/2012;10:00:00;162166,29;162686,55;162081,93;162208,48;255911430,40;8509
WINFUT;26/10/2012;09:30:00;161730,40;162335,03;161477,30;162166,29;164880078,70;5487
WINFUT;26/10/2012;09:00:00;161378,87;161997,56;161196,08;161730,40;142747958,30;4694
WINFUT;25/10/2012;17:30:00;163263,06;163530,22;162841,22;163403,67;300288159,70;9676
WINFUT;25/10/2012;17:00:00;163952,05;164120,78;163164,63;163277,12;313618051,80;10226
WINFUT;25/10/2012;16:30:00;163558,34;164078,60;163516,16;163980,17;346295972,90;11353
WINFUT;25/10/2012;16:00:00;164148,90;164219,21;163417,73;163530,22;323235822,00;10542
WINFUT;25/10/2012;15:30:00;164205,15;164219,21;163727,07;164148,90;282543092,40;9059
WINFUT;25/10/2012;15:00:00;164219,21;164317,64;163797,38;164219,21;367640673,50;11561
WINFUT;25/10/2012;14:30:00;163516,16;164317,64;163164,63;164219,21;507576418,30;16423
WINFUT;25/10/2012;14:00:00;163741,13;163923,93;163319,30;163516,16;383979634,10;12491
WINFUT;25/10/2012;13:30:00;163656,77;163937,99;163248,99;163769,25;499111655,60;16295
WINFUT;25/10/2012;13:00:00;164247,33;164430,12;163572,40;163642,70;435583752,20;13835
WINFUT;25/10/2012;12:30:00;164697,28;164725,41;163895,80;164275,45;544922613,80;16570
WINFUT;25/10/2012;12:00:00;164753,53;165020,69;164275,45;164683,22;435021309,50;13140
WINFUT;25/10/2012;11:30:00;165048,81;165147,24;164387,94;164767,59;584912290,10;17667
WINFUT;25/10/2012;11:00:00;164697,28;165203,48;164542,61;165048,81;465477581,90;14245
WINFUT;25/10/2012;10:30:00;163825,50;164922,26;163530,22;164697,28;794787785,10;25121
WINFUT;25/10/2012;10:00:00;164064,54;164402,00;163642,70;163825,50;481169733,30;15365
WINFUT;25/10/2012;09:30:00;163966,11;164092,66;163727,07;164064,54;202254396,40;6610
WINFUT;25/10/2012;09:00:00;162742,80;164134,84;162742,80;163966,11;385723206,50;12689
WINFUT;24/10/2012;17:30:00;161885,07;161997,56;160858,61;160858,61;233132500,80;7674
WINFUT;24/10/2012;17:00:00;162194,41;162363,15;161744,46;161871,01;362916154,80;11877
WINFUT;24/10/2012;16:30:00;162728,74;162784,98;162110,05;162194,41;399671785,50;13252
WINFUT;24/10/2012;16:00:00;162855,28;163375,54;162320,96;162700,61;515225639,10;16874
WINFUT;24/10/2012;15:30:00;163192,75;163192,75;162770,92;162855,28;217805937,20;7243
WINFUT;24/10/2012;15:00:00;163333,36;163375,54;162953,71;163220,87;237688286,70;7873
WINFUT;24/10/2012;14:30:00;163206,81;163502,09;163178,69;163319,30;220674394,90;7265
WINFUT;24/10/2012;14:00:00;162827,16;163234,93;162644,37;163178,69;234116775,60;7717
WINFUT;24/10/2012;13:30:00;163291,18;163319,30;162714,67;162827,16;168620322,70;5594
WINFUT;24/10/2012;13:00:00;163417,73;163558,34;163052,14;163277,12;174975925,20;5830
WINFUT;24/10/2012;12:30:00;163361,48;163600,52;163122,45;163389,61;267694605,00;8852
WINFUT;24/10/2012;12:00:00;163586,46;163783,32;162756,86;163375,54;548803468,50;18095
WINFUT;24/10/2012;11:30:00;163966,11;164317,64;163206,81;163614,58;496693152,00;16081
WINFUT;24/10/2012;11:00:00;163431,79;164331,70;163291,18;163952,05;417051265,10;13448
WINFUT;24/10/2012;10:30:00;164036,41;164036,41;163038,08;163431,79;481619687,50;15870
WINFUT;24/10/2012;10:00:00;163713,01;164416,06;163600,52;164036,41;346492827,80;11023
WINFUT;24/10/2012;09:30:00;163755,19;163923,93;163389,61;163713,01;146516324,40;4870
WINFUT;24/10/2012;09:00:00;163980,17;164177,03;163502,09;163741,13;139317057,80;4560
WINFUT;23/10/2012;17:30:00;163052,14;163094,32;162714,67;162883,41;166004964,10;5359
WINFUT;23/10/2012;17:00:00;163319,30;163614,58;163009,96;163038,08;318370692,60;10350
WINFUT;23/10/2012;16:30:00;162799,04;163375,54;162560,00;163319,30;409036456,50;13416
WINFUT;23/10/2012;16:00:00;163361,48;163727,07;162784,98;162827,16;455213002,50;14945
WINFUT;23/10/2012;15:30:00;163839,56;163839,56;162897,47;163361,48;535192355,10;17452
WINFUT;23/10/2012;15:00:00;164008,29;164275,45;163713,01;163839,56;263307551,90;8448
WINFUT;23/10/2012;14:30:00;163839,56;164191,09;163825,50;163994,23;230742119,30;7219
WINFUT;23/10/2012;14:00:00;163642,70;164022,35;163516,16;163839,56;181247161,40;5942
WINFUT;23/10/2012;13:30:00;163544,28;163698,95;163305,24;163614,58;222249234,50;7273
WINFUT;23/10/2012;13:00:00;163558,34;163797,38;163530,22;163558,34;167298582,30;5592
WINFUT;23/10/2012;12:30:00;163713,01;163727,07;163291,18;163558,34;289320527,00;9595
WINFUT;23/10/2012;12:00:00;164303,57;164416,06;163642,70;163727,07;459853154,90;14718
WINFUT;23/10/2012;11:30:00;164683,22;164767,59;164106,72;164317,64;555468414,50;16986
WINFUT;23/10/2012;11:00:00;164739,47;164978,51;164472,31;164683,22;278212283,60;8571
WINFUT;23/10/2012;10:30:00;165217,54;165259,73;164598,86;164739,47;389519694,70;11926
WINFUT;23/10/2012;10:00:00;165062,87;165330,03;164880,08;165217,54;189374458,50;5834
WINFUT;23/10/2012;09:30:00;165358,15;165400,34;164823,83;165048,81;192749114,70;5920
WINFUT;23/10/2012;09:00:00;165695,62;165695,62;165105,06;165372,22;159255651,70;4928
WINFUT;22/10/2012;17:30:00;166834,57;167664,17;166736,14;167664,17;200173358,40;5929
WINFUT;22/10/2012;17:00:00;166581,47;166862,69;166426,80;166848,63;246884225,00;7376
WINFUT;22/10/2012;16:30:00;166342,43;166708,02;166244,00;166609,59;257739369,10;7939
WINFUT;22/10/2012;16:00:00;166370,55;166820,51;166187,76;166356,49;411679937,20;12541
WINFUT;22/10/2012;15:30:00;166314,31;166483,04;165990,90;166342,43;372505802,90;11282
WINFUT;22/10/2012;15:00:00;167059,54;167270,46;166244,00;166300,25;536317240,50;16394
WINFUT;22/10/2012;14:30:00;166961,12;167186,09;166806,44;167045,48;150481545,50;4644
WINFUT;22/10/2012;14:00:00;166932,99;167143,91;166820,51;166947,06;140863775,20;4338
WINFUT;22/10/2012;13:30:00;166989,24;167256,40;166820,51;166932,99;211000380,40;6407
WINFUT;22/10/2012;13:00:00;167523,56;167664,17;166637,71;166975,18;362438078,50;11043
WINFUT;22/10/2012;12:30:00;167579,80;167593,86;167186,09;167509,50;248824652,30;7558
WINFUT;22/10/2012;12:00:00;167298,58;167861,03;167298,58;167565,74;457294040,50;13874
WINFUT;22/10/2012;11:30:00;166609,59;167467,32;166595,53;167326,70;760675635,10;22758
WINFUT;22/10/2012;11:00:00;166581,47;166862,69;166356,49;166623,65;285917748,60;8637
WINFUT;22/10/2012;10:30:00;166736,14;167003,30;166440,86;166595,53;327622875,10;9898
WINFUT;22/10/2012;10:00:00;167256,40;167481,38;166019,03;166778,32;463677765,20;14110
WINFUT;22/10/2012;09:30:00;167495,44;167537,62;167017,36;167256,40;153743713,20;4721
WINFUT;22/10/2012;09:00:00;167003,30;167650,11;166989,24;167481,38;126999562,60;3909
WINFUT;19/10/2012;17:30:00;166483,04;166483,04;166483,04;166483,04;19235540,48;586
WINFUT;19/10/2012;17:00:00;167059,54;167143,91;166539,28;166651,77;289967336,10;8557
WINFUT;19/10/2012;16:30:00;167045,48;167242,34;166918,93;167101,73;297475946,20;8939
WINFUT;19/10/2012;16:00:00;166961,12;167228,28;166736,14;167031,42;230657752,90;6987
WINFUT;19/10/2012;15:30:00;166806,44;167284,52;166679,90;166961,12;362409956,40;11025
WINFUT;19/10/2012;15:00:00;166820,51;167270,46;166679,90;166792,38;389069740,50;11753
WINFUT;19/10/2012;14:30:00;167523,56;167565,74;166637,71;166820,51;479454283,10;14543
WINFUT;19/10/2012;14:00:00;167326,70;167678,23;167270,46;167523,56;171854368,20;5181
WINFUT;19/10/2012;13:30:00;167186,09;167495,44;167143,91;167326,70;206894548,70;6288
WINFUT;19/10/2012;13:00:00;167861,03;168001,64;167045,48;167186,09;422113249,40;12750
WINFUT;19/10/2012;12:30:00;167734,48;167987,57;167495,44;167875,09;208328777,60;6303
WINFUT;19/10/2012;12:00:00;167945,39;168015,70;167382,95;167692,29;368793681,10;11192
WINFUT;19/10/2012;11:30:00;167832,90;168071,94;167565,74;167945,39;298122755,30;9052
WINFUT;19/10/2012;11:00:00;168184,43;168310,98;167481,38;167832,90;533842492,60;16259
WINFUT;19/10/2012;10:30:00;169337,44;169365,56;167762,60;168198,49;878001183,20;26735
WINFUT;19/10/2012;10:00:00;169590,54;169801,45;169098,40;169323,38;332825470,10;10285
WINFUT;19/10/2012;09:30:00;169154,64;169801,45;169140,58;169590,54;205235342,70;6396
WINFUT;19/10/2012;09:00:00;169295,25;169492,11;168901,54;169140,58;174638459,60;5351
WINFUT;18/10/2012;17:30:00;169829,57;169829,57;169829,57;169829,57;24100669,87;716
WINFUT;18/10/2012;17:00:00;169674,90;169773,33;169632,72;169703,02;125621578,00;3725
WINFUT;18/10/2012;16:30:00;169379,62;169970,19;169323,38;169646,78;398490655,80;12006
WINFUT;18/10/2012;16:00:00;169084,34;169463,99;168789,06;169407,74;341571454,20;10328
WINFUT;18/10/2012;15:30:00;168873,42;169210,89;168606,26;169084,34;353551483,80;10761
WINFUT;18/10/2012;15:00:00;168845,30;169351,50;168789,06;168887,48;362269345,70;10961
WINFUT;18/10/2012;14:30:00;169210,89;169365,56;168831,24;168845,30;298741442,30;9056
WINFUT;18/10/2012;14:00:00;169351,50;169393,68;168915,61;169210,89;265360467,80;8058
WINFUT;18/10/2012;13:30:00;169801,45;169913,94;169182,77;169337,44;396437740,00;12089
WINFUT;18/10/2012;13:00:00;169899,88;170054,55;169590,54;169801,45;236507157,10;7171
WINFUT;18/10/2012;12:30:00;169126,52;169984,25;169098,40;169913,94;402540243,30;12224
WINFUT;18/10/2012;12:00:00;168971,85;169365,56;168873,42;169098,40;351976644,20;10702
WINFUT;18/10/2012;11:30:00;168606,26;169084,34;168521,90;168957,79;372618291,40;11352
WINFUT;18/10/2012;11:00:00;169239,01;169660,84;168395,35;168634,38;680077595,60;20866
WINFUT;18/10/2012;10:30:00;169421,80;169576,48;169084,34;169239,01;539157576,10;16539
WINFUT;18/10/2012;10:00:00;169745,21;169885,82;169295,25;169407,74;393006839,50;12104
WINFUT;18/10/2012;09:30:00;170462,32;170462,32;169590,54;169759,27;308359212,50;9459
WINFUT;18/10/2012;09:00:00;170167,04;170715,42;169998,31;170462,32;183750031,40;5633
WINFUT;17/10/2012;17:00:00;170602,93;171066,95;170462,32;170841,97;230826485,80;6894
WINFUT;17/10/2012;16:30:00;170377,96;170687,30;170293,59;170631,06;209763006,50;6350
WINFUT;17/10/2012;16:00:00;170490,44;170504,51;170167,04;170392,02;202563739,90;6131
WINFUT;17/10/2012;15:30:00;170462,32;170574,81;170335,77;170504,51;181275283,50;5503
WINFUT;17/10/2012;15:00:00;170279,53;170518,57;169801,45;170448,26;347645835,40;10569
WINFUT;17/10/2012;14:30:00;170940,40;170982,58;170110,80;170265,47;409795754,20;12452
WINFUT;17/10/2012;14:00:00;171277,86;171334,11;170940,40;170968,52;164402002,40;5010
WINFUT;17/10/2012;13:30:00;171235,68;171390,35;171081,01;171263,80;103405091,10;3116
WINFUT;17/10/2012;13:00:00;170884,15;171390,35;170870,09;171207,56;188783893,60;5738
WINFUT;17/10/2012;12:30:00;170349,83;171109,13;170237,35;170884,15;237519553,90;7249
WINFUT;17/10/2012;12:00:00;170729,48;170827,91;170279,53;170335,77;225567646,50;6838
WINFUT;17/10/2012;11:30:00;170546,69;170940,40;170532,63;170687,30;184762428,30;5639
WINFUT;17/10/2012;11:00:00;170434,20;171052,89;170392,02;170574,81;360638261,90;11024
WINFUT;17/10/2012;10:30:00;170195,16;170588,87;169773,33;170462,32;362297467,80;11056
WINFUT;17/10/2012;10:00:00;170307,65;170392,02;169970,19;170167,04;154784232,20;4784
WINFUT;17/10/2012;09:30:00;170237,35;170602,93;170138,92;170293,59;143844721,60;4396
WINFUT;17/10/2012;09:00:00;169717,09;170377,96;169717,09;170223,28;85406924,61;2619
WINFUT;16/10/2012;17:00:00;169248,42;169773,60;169248,42;169745,21;247911180,20;7348
WINFUT;16/10/2012;16:30:00;169120,68;169291,00;168751,63;169276,81;372988090,80;11148
WINFUT;16/10/2012;16:00:00;169333,58;169390,36;168964,54;169106,48;320782816,50;9674
WINFUT;16/10/2012;15:30:00;169532,30;169631,66;169234,23;169333,58;262672867,40;7917
WINFUT;16/10/2012;15:00:00;170242,00;170298,77;169432,94;169532,30;525061856,10;15800
WINFUT;16/10/2012;14:30:00;170312,97;170710,40;170199,41;170242,00;232666899,50;7045
WINFUT;16/10/2012;14:00:00;170171,03;170355,55;170114,25;170312,97;170838140,70;5131
WINFUT;16/10/2012;13:30:00;170540,07;170639,43;170029,09;170171,03;199169224,80;6020
WINFUT;16/10/2012;13:00:00;170426,52;170724,59;170156,83;170511,68;252424850,00;7600
WINFUT;16/10/2012;12:30:00;170951,69;170965,89;170341,35;170440,71;354734696,90;10685
WINFUT;16/10/2012;12:00:00;171107,83;171164,60;170667,81;170951,69;412532379,60;12395
WINFUT;16/10/2012;11:30:00;171051,05;171320,73;170923,30;171107,83;335658055,10;10084
WINFUT;16/10/2012;11:00:00;171306,54;171519,45;170923,30;171065,24;606336299,00;18286
WINFUT;16/10/2012;10:30:00;170483,29;171405,90;170369,74;171334,93;721392295,00;21796
WINFUT;16/10/2012;10:00:00;170227,80;170795,56;170128,44;170469,10;441885426,70;13568
WINFUT;16/10/2012;09:30:00;170185,22;170312,97;169929,73;170256,19;127035672,90;3847
WINFUT;16/10/2012;09:00:00;170327,16;170611,04;169901,34;170213,61;183527514,10;5548
WINFUT;15/10/2012;17:00:00;169220,03;169560,69;169191,64;169418,75;153180891,90;4579
WINFUT;15/10/2012;16:30:00;169376,17;169475,52;168992,93;169234,23;250749966,20;7547
WINFUT;15/10/2012;16:00:00;168964,54;169404,55;168666,47;169347,78;348290652,70;10506
WINFUT;15/10/2012;15:30:00;169262,61;169291,00;168751,63;168950,35;303948815,60;9167
WINFUT;15/10/2012;15:00:00;169631,66;169702,63;169220,03;169248,42;250238984,70;7492
WINFUT;15/10/2012;14:30:00;169262,61;169901,34;169248,42;169603,27;361718110,50;10884
WINFUT;15/10/2012;14:00:00;169333,58;169432,94;169120,68;169248,42;169021317,70;5091
WINFUT;15/10/2012;13:30:00;169078,09;169475,52;169035,51;169347,78;242602650,40;7316
WINFUT;15/10/2012;13:00:00;168453,56;169248,42;168212,26;169106,48;481770369,80;14470
WINFUT;15/10/2012;12:30:00;168311,62;168581,31;168098,71;168467,75;266476840,60;8047
WINFUT;15/10/2012;12:00:00;167644,51;168340,01;167587,73;168283,23;436633672,70;13117
WINFUT;15/10/2012;11:30:00;167034,17;167885,80;166906,42;167658,70;589530685,90;17813
WINFUT;15/10/2012;11:00:00;167715,48;168027,74;166977,39;167034,17;563101588,40;16993
WINFUT;15/10/2012;10:30:00;167843,22;167914,19;167403,21;167729,67;484240113,70;14694
WINFUT;15/10/2012;10:00:00;168325,82;168567,11;167658,70;167829,03;446257157,10;13541
WINFUT;15/10/2012;09:30:00;168737,44;169191,64;168098,71;168311,62;296170542,00;8952
WINFUT;15/10/2012;09:00:00;168694,86;169092,29;168481,95;168680,66;142365117,20;4299
WINFUT;11/10/2012;17:00:00;167970,97;168623,89;167942,58;168425,17;242574262,60;7225
WINFUT;11/10/2012;16:30:00;167843,22;168056,13;167701,28;167970,97;255575902,40;7731
WINFUT;11/10/2012;16:00:00;167445,79;167900,00;167431,60;167829,03;185060458,50;5634
WINFUT;11/10/2012;15:30:00;167601,92;167644,51;167360,63;167445,79;164961853,70;5016
WINFUT;11/10/2012;15:00:00;167800,64;168098,71;167346,43;167616,12;356182477,80;10798
WINFUT;11/10/2012;14:30:00;168013,55;168098,71;167729,67;167814,83;213675421,20;6448
WINFUT;11/10/2012;14:00:00;168183,88;168325,82;167985,16;168027,74;147134277,70;4422
WINFUT;11/10/2012;13:30:00;168141,29;168254,85;167843,22;168198,07;128937659,50;3874
WINFUT;11/10/2012;13:00:00;167956,77;168340,01;167843,22;168127,10;154089303,40;4657
WINFUT;11/10/2012;12:30:00;168340,01;168481,95;167644,51;167970,97;294694373,30;8908
WINFUT;11/10/2012;12:00:00;168410,98;168439,37;167928,39;168354,20;292792386,70;8860
WINFUT;11/10/2012;11:30:00;168269,04;168723,25;168254,85;168368,40;395272560,80;11912
WINFUT;11/10/2012;11:00:00;167743,86;168382,59;167743,86;168254,85;488100862,60;14763
WINFUT;11/10/2012;10:30:00;167800,64;167885,80;167247,08;167758,06;459769778,40;13810
WINFUT;11/10/2012;10:00:00;167247,08;167900,00;167204,49;167814,83;400950132,80;12210
WINFUT;11/10/2012;09:30:00;167133,52;167630,31;167090,94;167232,88;235023091,90;7083
WINFUT;11/10/2012;09:00:00;166636,74;167303,85;166409,63;167161,91;182704266,10;5572
WINFUT;10/10/2012;17:00:00;166338,66;166466,41;165827,68;165827,68;234795989,00;6960
WINFUT;10/10/2012;16:30:00;166097,37;166466,41;166040,59;166352,86;220488507,60;6618
WINFUT;10/10/2012;16:00:00;166125,76;166409,63;165941,23;166111,56;316950455,40;9379
WINFUT;10/10/2012;15:30:00;166040,59;166225,11;165884,46;166111,56;217678109,50;6476
WINFUT;10/10/2012;15:00:00;166381,25;166764,48;165941,23;166083,17;357289604,30;10763
WINFUT;10/10/2012;14:30:00;166239,31;166594,16;166139,95;166352,86;199850533,50;6003
WINFUT;10/10/2012;14:00:00;166054,79;166494,80;165856,07;166239,31;307525686,00;9258
WINFUT;10/10/2012;13:30:00;166537,38;166537,38;165955,43;166040,59;279648807,60;8414
WINFUT;10/10/2012;13:00:00;166622,54;166835,45;166395,44;166551,57;170724589,30;5122
WINFUT;10/10/2012;12:30:00;166438,02;166750,29;166310,28;166650,93;277434554,50;8336
WINFUT;10/10/2012;12:00:00;166821,26;166878,03;166367,05;166452,22;282004999,90;8491
WINFUT;10/10/2012;11:30:00;167616,12;167758,06;166665,13;166849,65;554727169,70;16695
WINFUT;10/10/2012;11:00:00;167076,75;167644,51;167005,78;167587,73;361121965,40;10984
WINFUT;10/10/2012;10:30:00;168212,26;168240,65;166863,84;167076,75;829890695,40;25114
WINFUT;10/10/2012;10:00:00;167970,97;168652,28;167786,45;168212,26;557651119,30;16921
WINFUT;10/10/2012;09:30:00;167871,61;168127,10;167630,31;167970,97;174755665,40;5328
WINFUT;10/10/2012;09:00:00;167829,03;168198,07;167601,92;167871,61;158148767,30;4826
WINFUT;09/10/2012;17:00:00;167900,00;167914,19;167431,60;167772,25;214896099,20;6351
WINFUT;09/10/2012;16:30:00;167644,51;168112,91;167601,92;167900,00;353655958,30;10557
WINFUT;09/10/2012;16:00:00;167800,64;167956,77;167545,15;167658,70;317915642,70;9522
WINFUT;09/10/2012;15:30:00;167772,25;167956,77;167176,11;167829,03;329327562,30;9974
WINFUT;09/10/2012;15:00:00;167687,09;167885,80;167459,99;167772,25;263354176,00;7951
WINFUT;09/10/2012;14:30:00;167176,11;168254,85;167161,91;167715,48;413951772,60;12441
WINFUT;09/10/2012;14:00:00;167062,56;167417,40;166963,20;167218,69;200389902,80;6066
WINFUT;09/10/2012;13:30:00;167346,43;167403,21;167034,17;167076,75;146651684,10;4401
WINFUT;09/10/2012;13:00:00;166892,23;167417,40;166849,65;167346,43;233802413,90;7002
WINFUT;09/10/2012;12:30:00;166963,20;167119,33;166707,71;166892,23;237010242,10;7086
WINFUT;09/10/2012;12:00:00;166622,54;167161,91;166466,41;166949,00;451083093,30;13460
WINFUT;09/10/2012;11:30:00;167530,96;167701,28;166565,77;166636,74;585244119,10;17594
WINFUT;09/10/2012;11:00:00;167559,34;167914,19;167374,82;167530,96;354479206,20;10675
WINFUT;09/10/2012;10:30:00;168056,13;168410,98;167374,82;167545,15;776720233,90;23385
WINFUT;09/10/2012;10:00:00;168992,93;169688,43;167999,35;167999,35;620047635,30;18895
WINFUT;09/10/2012;09:30:00;169149,06;169560,69;168737,44;168964,54;276071937,20;8382
WINFUT;09/10/2012;09:00:00;169078,09;169390,36;168907,77;169149,06;203370628,10;6174
WINFUT;08/10/2012;17:00:00;168481,95;168723,25;168340,01;168623,89;213788972,70;6312
WINFUT;08/10/2012;16:30:00;168027,74;168567,11;168027,74;168510,34;350362966,50;10361
WINFUT;08/10/2012;16:00:00;167729,67;168396,78;167715,48;168027,74;388828516,60;11581
WINFUT;08/10/2012;15:30:00;167601,92;167843,22;167346,43;167729,67;242631038,30;7264
WINFUT;08/10/2012;15:00:00;167601,92;167758,06;167176,11;167573,54;339575579,80;10122
WINFUT;08/10/2012;14:30:00;168056,13;168297,43;167389,02;167601,92;348943573,50;10537
WINFUT;08/10/2012;14:00:00;167956,77;168169,68;167772,25;168056,13;141144439,30;4255
WINFUT;08/10/2012;13:30:00;167843,22;167999,35;167758,06;167914,19;113579827,30;3430
WINFUT;08/10/2012;13:00:00;168112,91;168169,68;167715,48;167814,83;255206860,20;7723
WINFUT;08/10/2012;12:30:00;167289,66;168112,91;167161,91;168084,52;379602462,20;11482
WINFUT;08/10/2012;12:00:00;166807,06;167445,79;166792,87;167261,27;298697061,50;9010
WINFUT;08/10/2012;11:30:00;166636,74;167247,08;166636,74;166807,06;362115540,50;10903
WINFUT;08/10/2012;11:00:00;166906,42;167161,91;166494,80;166636,74;383519986,80;11542
WINFUT;08/10/2012;10:30:00;165813,49;167019,97;165330,90;166849,65;669357347,90;20576
WINFUT;08/10/2012;10:00:00;165756,71;166111,56;165401,87;165785,10;342896959,40;10811
WINFUT;08/10/2012;09:30:00;166012,20;166139,95;165600,58;165785,10;137681120,40;4226
WINFUT;08/10/2012;09:00:00;165614,77;166253,50;165572,19;166040,59;173620151,00;5308
WINFUT;05/10/2012;17:00:00;166196,73;167062,56;165955,43;166863,84;249444124,70;7510
WINFUT;05/10/2012;16:30:00;166537,38;166551,57;165955,43;166210,92;466043495,50;13983
WINFUT;05/10/2012;16:00:00;166622,54;166778,68;166225,11;166523,19;357488319,30;10752
WINFUT;05/10/2012;15:30:00;167431,60;167616,12;166537,38;166551,57;340143337,00;10251
WINFUT;05/10/2012;15:00:00;167658,70;167885,80;167218,69;167403,21;224150541,50;6793
WINFUT;05/10/2012;14:30:00;167843,22;168141,29;167374,82;167701,28;336310975,90;10155
WINFUT;05/10/2012;14:00:00;168368,40;168510,34;167800,64;167843,22;180206134,50;5405
WINFUT;05/10/2012;13:30:00;168269,04;168538,72;167956,77;168368,40;157637785,90;4760
WINFUT;05/10/2012;13:00:00;168269,04;168311,62;167772,25;168269,04;251629989,90;7570
WINFUT;05/10/2012;12:30:00;168524,53;168581,31;167985,16;168254,85;211432780,30;6365
WINFUT;05/10/2012;12:00:00;168453,56;168709,05;168056,13;168524,53;241495523,90;7310
WINFUT;05/10/2012;11:30:00;168751,63;168936,15;168070,32;168467,75;324586789,70;9836
WINFUT;05/10/2012;11:00:00;168481,95;169092,29;168013,55;168751,63;461473050,00;14006
WINFUT;05/10/2012;10:30:00;168680,66;168950,35;167672,89;168467,75;752505389,40;22698
WINFUT;05/10/2012;10:00:00;167857,42;168822,60;167743,86;168638,08;523585687,40;16033
WINFUT;05/10/2012;09:30:00;166835,45;168283,23;166636,74;167843,22;555550417,60;16988
WINFUT;05/10/2012;09:00:00;166352,86;166920,62;166154,14;166807,06;183328799,00;5633
WINFUT;04/10/2012;17:00:00;166182,53;166239,31;165558,00;165785,10;165813489,50;4922
WINFUT;04/10/2012;16:30:00;166778,68;166963,20;165785,10;166210,92;375770101,10;11349
WINFUT;04/10/2012;16:00:00;167019,97;167417,40;166665,13;166750,29;248791203,90;7559
WINFUT;04/10/2012;15:30:00;166537,38;167119,33;166395,44;166991,59;321293798,00;9662
WINFUT;04/10/2012;15:00:00;166721,90;166849,65;166281,89;166551,57;338014247,50;10211
WINFUT;04/10/2012;14:30:00;167516,76;167672,89;166054,79;166707,71;429196053,40;13056
WINFUT;04/10/2012;14:00:00;167204,49;167885,80;167076,75;167488,37;321889943,10;9676
WINFUT;04/10/2012;13:30:00;167275,46;167346,43;166949,00;167204,49;194570391,50;5887
WINFUT;04/10/2012;13:00:00;166480,60;167772,25;166210,92;167232,88;607074383,30;18190
WINFUT;04/10/2012;12:30:00;165813,49;166594,16;165699,94;166494,80;349937148,60;10525
WINFUT;04/10/2012;12:00:00;165799,30;166139,95;165628,97;165799,30;386983305,70;11571
WINFUT;04/10/2012;11:30:00;165430,25;165955,43;165160,57;165827,68;385563912,70;12217
WINFUT;04/10/2012;11:00:00;165444,45;166040,59;165132,18;165430,25;538801580,30;16556
WINFUT;04/10/2012;10:30:00;166736,09;167247,08;165117,99;165401,87;962121346,70;29502
WINFUT;04/10/2012;10:00:00;166693,51;167431,60;166395,44;166721,90;434532971,00;13287
WINFUT;04/10/2012;09:30:00;167119,33;167616,12;166565,77;166665,13;377359821,20;11404
WINFUT;04/10/2012;09:00:00;167346,43;167346,43;166707,71;167105,14;195535578,80;5919
WINFUT;03/10/2012;17:00:00;166636,74;166807,06;166267,70;166466,41;236839914,90;7036
WINFUT;03/10/2012;16:30:00;166849,65;166906,42;166352,86;166650,93;347524180,50;10312
WINFUT;03/10/2012;16:00:00;167076,75;167133,52;166608,35;166835,45;388005268,70;11617
WINFUT;03/10/2012;15:30:00;167502,57;167701,28;167048,36;167062,56;258386300,50;7754
WINFUT;03/10/2012;15:00:00;167048,36;167829,03;166991,59;167516,76;370120917,00;11054
WINFUT;03/10/2012;14:30:00;167346,43;167360,63;167048,36;167062,56;277888760,30;8321
WINFUT;03/10/2012;14:00:00;167829,03;167885,80;167318,05;167346,43;157439070,80;4750
WINFUT;03/10/2012;13:30:00;167985,16;168041,94;167729,67;167843,22;85901663,96;2562
WINFUT;03/10/2012;13:00:00;167800,64;168027,74;167687,09;167970,97;76987875,97;2308
WINFUT;03/10/2012;12:30:00;167701,28;168070,32;167516,76;167800,64;203995161,00;6090
WINFUT;03/10/2012;12:00:00;167062,56;167970,97;167019,97;167687,09;342499529,30;10195
WINFUT;03/10/2012;11:30:00;167829,03;167970,97;166934,81;167062,56;402965670,80;12081
WINFUT;03/10/2012;11:00:00;167318,05;167871,61;166863,84;167786,45;501812198,90;15014
WINFUT;03/10/2012;10:30:00;168623,89;168709,05;166807,06;167318,05;913379391,30;27581
WINFUT;03/10/2012;10:00:00;169007,12;169106,48;168396,78;168623,89;379318583,60;11477
WINFUT;03/10/2012;09:30:00;169177,45;169248,42;168723,25;168950,35;201724132,20;6132
WINFUT;03/10/2012;09:00:00;169021,32;169305,20;168510,34;169163,26;144749697,50;4450
WINFUT;02/10/2012;17:00:00;168467,75;168765,83;168354,20;168737,44;174585338,20;5207
WINFUT;02/10/2012;16:30:00;168709,05;168836,80;168410,98;168425,17;323848705,40;9731
WINFUT;02/10/2012;16:00:00;168013,55;168709,05;167928,39;168709,05;288080002,00;8776
WINFUT;02/10/2012;15:30:00;168240,65;168269,04;167928,39;167999,35;205414554,00;6202
WINFUT;02/10/2012;15:00:00;168226,46;168510,34;168084,52;168269,04;224178929,40;6768
WINFUT;02/10/2012;14:30:00;168254,85;168751,63;168183,88;168226,46;255575902,40;7706
WINFUT;02/10/2012;14:00:00;168041,94;168595,50;168041,94;168240,65;206152638,40;6248
WINFUT;02/10/2012;13:30:00;168396,78;168410,98;167942,58;168027,74;241637463,20;7277
WINFUT;02/10/2012;13:00:00;168410,98;168552,92;168169,68;168382,59;203739670,30;6182
WINFUT;02/10/2012;12:30:00;169447,14;169475,52;168098,71;168410,98;593533374,20;17773
WINFUT;02/10/2012;12:00:00;169461,33;169759,40;169262,61;169447,14;264489690,40;7900
WINFUT;02/10/2012;11:30:00;169731,01;170043,28;169305,20;169475,52;377700475,60;11283
WINFUT;02/10/2012;11:00:00;169631,66;169986,50;169063,90;169731,01;526481249,10;15824
WINFUT;02/10/2012;10:30:00;170611,04;170909,11;169447,14;169645,85;830770719,10;24969
WINFUT;02/10/2012;10:00:00;170071,67;170838,14;169958,12;170653,62;420026774,60;12721
WINFUT;02/10/2012;09:30:00;170355,55;170568,46;169943,92;170085,86;240076130,90;7285
WINFUT;02/10/2012;09:00:00;170043,28;170412,32;169915,54;170355,55;157552622,30;4769
WINFUT;01/10/2012;17:00:00;169418,75;169489,72;169291,00;169461,33;164961853,70;4911
WINFUT;01/10/2012;16:30:00;170100,06;170100,06;169291,00;169432,94;410885883,80;12317
WINFUT;01/10/2012;16:00:00;171022,66;171079,44;169759,40;170128,44;553818758,20;16543
WINFUT;01/10/2012;15:30:00;170540,07;171192,99;170469,10;171036,86;301649399,00;9101
WINFUT;01/10/2012;15:00:00;170426,52;170596,84;169915,54;170554,26;332478614,80;9910
WINFUT;01/10/2012;14:30:00;170426,52;170653,62;170043,28;170383,93;329128847,30;9795
WINFUT;01/10/2012;14:00:00;170497,49;170696,20;169844,57;170483,29;342187262,90;10221
WINFUT;01/10/2012;13:30:00;171178,80;171391,70;169901,34;170525,87;366004677,30;10988
WINFUT;01/10/2012;13:00:00;170909,11;171405,90;170823,95;171178,80;154486733,40;4649
WINFUT;01/10/2012;12:30:00;170809,75;171235,57;170682,01;170923,30;184577864,90;5541
WINFUT;01/10/2012;12:00:00;170781,36;171079,44;170426,52;170809,75;332705717,70;9927
WINFUT;01/10/2012;11:30:00;170965,89;171150,41;170525,87;170809,75;286405118,20;8556
WINFUT;01/10/2012;11:00:00;169801,98;171349,12;169801,98;170909,11;703309228,30;21104
WINFUT;01/10/2012;10:30:00;168836,80;170327,16;168666,47;169801,98;713727572,80;21441
WINFUT;01/10/2012;10:00:00;169106,48;169560,69;168694,86;168865,18;358936100,20;10872
WINFUT;01/10/2012;09:30:00;169092,29;169560,69;168765,83;169106,48;219211053,90;6614
WINFUT;01/10/2012;09:00:00;169205,84;169333,58;168496,14;169049,71;226591897,50;6819
WINFUT;28/09/2012;17:00:00;168127,10;168623,89;168127,10;168453,56;196443990,30;5803
WINFUT;28/09/2012;16:30:00;168382,59;168453,56;167374,82;168127,10;449039167,40;13391
WINFUT;28/09/2012;16:00:00;169376,17;169447,14;168112,91;168396,78;450657275,40;13537
WINFUT;28/09/2012;15:30:00;169376,17;169532,30;169134,87;169376,17;175351810,40;5261
WINFUT;28/09/2012;15:00:00;169560,69;169830,37;169347,78;169361,97;203626118,80;6096
WINFUT;28/09/2012;14:30:00;169163,26;169816,18;169078,09;169518,11;368304093,90;10964
WINFUT;28/09/2012;14:00:00;168950,35;169191,64;168751,63;169149,06;141257990,70;4222
WINFUT;28/09/2012;13:30:00;169134,87;169305,20;168921,96;168978,74;123941396,20;3692
WINFUT;28/09/2012;13:00:00;168765,83;169617,46;168709,05;169149,06;345026048,90;10293
WINFUT;28/09/2012;12:30:00;168496,14;168907,77;168396,78;168751,63;141541869,30;4228
WINFUT;28/09/2012;12:00:00;168552,92;169149,06;168410,98;168510,34;415257614,20;12414
WINFUT;28/09/2012;11:30:00;168169,68;168879,38;168141,29;168552,92;389453049,50;11674
WINFUT;28/09/2012;11:00:00;168311,62;168737,44;167900,00;168198,07;625923922,30;18776
WINFUT;28/09/2012;10:30:00;169475,52;169589,07;167829,03;168311,62;955421811,80;28881
WINFUT;28/09/2012;10:00:00;170383,93;170540,07;169191,64;169475,52;423717196,40;12946
WINFUT;28/09/2012;09:30:00;170568,46;170639,43;169660,04;170383,93;413781445,50;12452
WINFUT;28/09/2012;09:00:00;171036,86;171377,51;170454,90;170554,26;263836769,60;7944
WINFUT;27/09/2012;17:00:00;171604,61;171760,75;171377,51;171760,75;174869216,80;5176
WINFUT;27/09/2012;16:30:00;171519,45;171845,91;171349,12;171618,81;320924755,80;9544
WINFUT;27/09/2012;16:00:00;171320,73;171689,78;171079,44;171547,84;322117045,90;9618
WINFUT;27/09/2012;15:30:00;172129,79;172143,98;171320,73;171320,73;313004542,90;9430
WINFUT;27/09/2012;15:00:00;172257,53;172371,09;171604,61;172087,21;280188176,90;8527
WINFUT;27/09/2012;14:30:00;172456,25;173080,78;172087,21;172257,53;481997472,70;14335
WINFUT;27/09/2012;14:00:00;172044,62;172654,96;172030,43;172456,25;242886529,00;7242
WINFUT;27/09/2012;13:30:00;171547,84;172470,44;171547,84;172016,24;444553885,60;13277
WINFUT;27/09/2012;13:00:00;171249,76;171590,42;171150,41;171562,03;254241673,00;7675
WINFUT;27/09/2012;12:30:00;171022,66;171263,96;170383,93;171192,99;308576036,80;9265
WINFUT;27/09/2012;12:00:00;171547,84;171647,19;170710,40;171008,47;347069974,80;10380
WINFUT;27/09/2012;11:30:00;171448,48;171689,78;170838,14;171590,42;527105782,10;15817
WINFUT;27/09/2012;11:00:00;171803,33;172073,01;171136,21;171462,67;541441651,30;16344
WINFUT;27/09/2012;10:30:00;172853,68;173137,56;171533,64;171803,33;730760288,80;22122
WINFUT;27/09/2012;10:00:00;173208,53;173322,08;172626,58;172839,48;328958520,20;9897
WINFUT;27/09/2012;09:30:00;173194,33;173322,08;172598,19;173208,53;262985133,80;7930
WINFUT;27/09/2012;09:00:00;173265,30;173506,60;172839,48;173307,88;177793166,40;5389
WINFUT;26/09/2012;17:00:00;172087,21;172442,05;172030,43;172427,86;183016532,60;5429
WINFUT;26/09/2012;16:30:00;172073,01;172257,53;171760,75;172115,59;241098093,90;7201
WINFUT;26/09/2012;16:00:00;172257,53;172356,89;171831,72;172087,21;234852764,70;7007
WINFUT;26/09/2012;15:30:00;172115,59;172527,22;171817,52;172257,53;375429446,80;11204
WINFUT;26/09/2012;15:00:00;171363,32;172371,09;171320,73;172115,59;362200704,10;10850
WINFUT;26/09/2012;14:30:00;171505,26;172115,59;171207,18;171377,51;532896905,50;15934
WINFUT;26/09/2012;14:00:00;171207,18;171505,26;170937,50;171505,26;243283959,10;7276
WINFUT;26/09/2012;13:30:00;171405,90;171420,09;170596,84;171207,18;236641199,90;7128
WINFUT;26/09/2012;13:00:00;171008,47;171590,42;170994,27;171405,90;187586978,00;5603
WINFUT;26/09/2012;12:30:00;171405,90;171505,26;170909,11;171036,86;225711873,80;6759
WINFUT;26/09/2012;12:00:00;170369,74;171533,64;170369,74;171434,29;444156455,50;13242
WINFUT;26/09/2012;11:30:00;170142,64;170965,89;170014,89;170369,74;476688942,90;14244
WINFUT;26/09/2012;11:00:00;171093,63;171192,99;170071,67;170142,64;457356810,40;13765
WINFUT;26/09/2012;10:30:00;171576,23;171576,23;170185,22;171093,63;703820209,70;21220
WINFUT;26/09/2012;10:00:00;171434,29;171647,19;170809,75;171547,84;433454232,30;13331
WINFUT;26/09/2012;09:30:00;171845,91;171888,49;171349,12;171420,09;159965590,40;4915
WINFUT;26/09/2012;09:00:00;171505,26;171874,30;170923,30;171860,10;261367025,80;7988
WINFUT;25/09/2012;17:00:00;172200,76;172427,86;171916,88;171916,88;255547514,50;7539
WINFUT;25/09/2012;16:30:00;172371,09;172612,38;171959,46;172200,76;283254065,80;8408
WINFUT;25/09/2012;16:00:00;172371,09;172683,35;171916,88;172413,67;531761391,10;15760
WINFUT;25/09/2012;15:30:00;173364,66;173520,79;172328,50;172399,47;416620231,40;12291
WINFUT;25/09/2012;15:00:00;173620,15;173634,34;172967,23;173364,66;294126616,10;8723
WINFUT;25/09/2012;14:30:00;173208,53;173833,06;173194,33;173620,15;236839914,90;7057
WINFUT;25/09/2012;14:00:00;172967,23;173591,76;172768,52;173194,33;241779402,50;7192
WINFUT;25/09/2012;13:30:00;172967,23;173350,47;172541,41;172967,23;357885749,40;10661
WINFUT;25/09/2012;13:00:00;173236,91;173520,79;172796,90;172981,42;319675690,00;9534
WINFUT;25/09/2012;12:30:00;174003,39;174116,94;173222,72;173222,72;289385843,50;8604
WINFUT;25/09/2012;12:00:00;174145,33;174528,56;173833,06;173989,19;283481168,70;8429
WINFUT;25/09/2012;11:30:00;174429,20;174500,17;173762,09;174131,13;485744670,20;14431
WINFUT;25/09/2012;11:00:00;174613,73;175323,42;174358,24;174443,40;634099625,90;18966
WINFUT;25/09/2012;10:30:00;175692,46;175735,05;174202,10;174599,53;808457861,20;24012
WINFUT;25/09/2012;10:00:00;175820,21;176203,45;175522,14;175678,27;234228231,80;7026
WINFUT;25/09/2012;09:30:00;175919,57;176274,42;175507,94;175749,24;206124250,50;6224
WINFUT;25/09/2012;09:00:00;176089,89;176416,36;175493,75;175891,18;232865614,50;6974
WINFUT;24/09/2012;17:00:00;176004,73;176572,49;175876,99;176416,36;227074491,10;6654
WINFUT;24/09/2012;16:30:00;176629,26;176686,04;175791,82;175976,34;345849296,80;10239
WINFUT;24/09/2012;16:00:00;176118,28;176671,85;175820,21;176643,46;402738568,00;12038
WINFUT;24/09/2012;15:30:00;175323,42;176402,16;175295,03;176132,48;533691765,50;15879
WINFUT;24/09/2012;15:00:00;175025,35;175351,81;174542,76;175295,03;385109707,00;11508
WINFUT;24/09/2012;14:30:00;175408,59;175408,59;174670,50;175053,74;324075808,30;9663
WINFUT;24/09/2012;14:00:00;175479,56;175593,11;175082,13;175394,39;214044463,40;6386
WINFUT;24/09/2012;13:30:00;175465,36;175664,08;175195,68;175479,56;237719938,50;7107
WINFUT;24/09/2012;13:00:00;175891,18;175919,57;175408,59;175465,36;204988736,10;6104
WINFUT;24/09/2012;12:30:00;175976,34;176075,70;175806,02;175919,57;120506465,10;3616
WINFUT;24/09/2012;12:00:00;176132,48;176487,32;175848,60;175990,54;371739025,00;11063
WINFUT;24/09/2012;11:30:00;175110,51;176246,03;175110,51;176118,28;513280894,30;15227
WINFUT;24/09/2012;11:00:00;174883,41;175408,59;174741,47;175124,71;440267318,70;13023
WINFUT;24/09/2012;10:30:00;174925,99;175011,16;174315,65;174883,41;373243581,60;11086
WINFUT;24/09/2012;10:00:00;174542,76;175124,71;174372,43;174925,99;315190408,10;9421
WINFUT;24/09/2012;09:30:00;174542,76;174925,99;174301,46;174514,37;159908814,60;4820
WINFUT;24/09/2012;09:00:00;174301,46;175011,16;174031,77;174542,76;201894459,40;6022
WINFUT;21/09/2012;17:00:00;174925,99;175380,20;174727,28;175224,07;257137234,70;7549
WINFUT;21/09/2012;16:30:00;175138,90;175408,59;174769,86;174940,19;283083738,60;8438
WINFUT;21/09/2012;16:00:00;175635,69;175706,66;175110,51;175153,10;335260625,10;10082
WINFUT;21/09/2012;15:30:00;175720,85;175990,54;175607,30;175635,69;154543509,10;4741
WINFUT;21/09/2012;15:00:00;176558,29;176572,49;175550,53;175692,46;426442431,00;12667
WINFUT;21/09/2012;14:30:00;176913,14;176984,11;176345,39;176558,29;229544234,90;6922
WINFUT;21/09/2012;14:00:00;176742,82;177126,05;176671,85;176884,75;120875507,30;3651
WINFUT;21/09/2012;13:30:00;176686,04;176927,34;176629,26;176742,82;83772574,47;2530
WINFUT;21/09/2012;13:00:00;176827,98;177409,93;176586,68;176657,65;350675233,00;10419
WINFUT;21/09/2012;12:30:00;176600,88;176913,14;176572,49;176827,98;111223635,00;3355
WINFUT;21/09/2012;12:00:00;176643,46;176927,34;176402,16;176586,68;225484770,90;6734
WINFUT;21/09/2012;11:30:00;176771,20;177097,66;176473,13;176643,46;395244173,00;11821
WINFUT;21/09/2012;11:00:00;176572,49;176842,17;176160,86;176714,43;306503723,00;9209
WINFUT;21/09/2012;10:30:00;176827,98;177040,89;176118,28;176586,68;698369740,60;20789
WINFUT;21/09/2012;10:00:00;177111,86;177409,93;176657,65;176813,79;359787736,00;10794
WINFUT;21/09/2012;09:30:00;176430,55;177140,25;176430,55;177097,66;219012338,90;6596
WINFUT;21/09/2012;09:00:00;176572,49;176813,79;176302,80;176458,94;155338369,20;4664
WINFUT;20/09/2012;17:00:00;175976,34;176231,83;175876,99;175990,54;192753568,50;5671
WINFUT;20/09/2012;16:30:00;176430,55;176430,55;175848,60;175962,15;246520175,10;7353
WINFUT;20/09/2012;16:00:00;175891,18;176671,85;175834,40;176430,55;424540444,30;12688
WINFUT;20/09/2012;15:30:00;175209,87;176004,73;175096,32;175905,37;398310061,80;11799
WINFUT;20/09/2012;15:00:00;175295,03;175408,59;174982,77;175209,87;247513750,20;7363
WINFUT;20/09/2012;14:30:00;175252,45;175436,97;175153,10;175280,84;145459394,00;4314
WINFUT;20/09/2012;14:00:00;175025,35;175366,00;174925,99;175266,65;127064060,80;3802
WINFUT;20/09/2012;13:30:00;175082,13;175295,03;174897,60;175039,54;126240812,80;3732
WINFUT;20/09/2012;13:00:00;175323,42;175408,59;174982,77;175067,93;119399338,60;3543
WINFUT;20/09/2012;12:30:00;175181,48;175507,94;175096,32;175465,36;120165810,80;3584
WINFUT;20/09/2012;12:00:00;174996,96;175394,39;174741,47;175153,10;297987365,00;8828
WINFUT;20/09/2012;11:30:00;174102,74;175550,53;174088,55;174982,77;750319524,20;22278
WINFUT;20/09/2012;11:00:00;174244,68;174571,14;173762,09;174159,52;476121185,70;14224
WINFUT;20/09/2012;10:30:00;174812,44;174826,64;173960,81;174173,71;633957686,60;18956
WINFUT;20/09/2012;10:00:00;174315,65;174968,57;174088,55;174840,83;346615769,00;10423
WINFUT;20/09/2012;09:30:00;174869,22;174954,38;174003,39;174315,65;295915051,30;8903
WINFUT;20/09/2012;09:00:00;174656,31;175153,10;174514,37;174869,22;204137100,30;6124
WINFUT;19/09/2012;17:00:00;175990,54;176175,06;175664,08;175720,85;178616414,30;5203
WINFUT;19/09/2012;16:30:00;176274,42;176643,46;175919,57;175976,34;296255705,60;8786
WINFUT;19/09/2012;16:00:00;175905,37;176544,10;175763,43;176260,22;349851985,00;10392
WINFUT;19/09/2012;15:30:00;175962,15;176061,51;175323,42;175905,37;315474286,70;9349
WINFUT;19/09/2012;15:00:00;175862,79;176089,89;175408,59;175947,96;408614855,00;12131
WINFUT;19/09/2012;14:30:00;176643,46;176671,85;175607,30;175862,79;457924567,60;13539
WINFUT;19/09/2012;14:00:00;177651,23;177736,39;176231,83;176671,85;473481114,80;13862
WINFUT;19/09/2012;13:30:00;177381,54;177736,39;177282,18;177637,03;160504959,70;4513
WINFUT;19/09/2012;13:00:00;177821,55;177949,30;177197,02;177395,74;305481760,10;8679
WINFUT;19/09/2012;12:30:00;178119,63;178204,79;177793,17;177835,75;136233339,50;3779
WINFUT;19/09/2012;12:00:00;178091,24;178275,76;177608,65;178119,63;305197881,50;8516
WINFUT;19/09/2012;11:30:00;178133,82;178403,51;177793,17;178105,43;320385386,50;8967
WINFUT;19/09/2012;11:00:00;177324,77;178474,47;177324,77;178133,82;803915803,60;22618
WINFUT;19/09/2012;10:30:00;177310,57;177566,06;176771,20;177338,96;705835747,80;20976
WINFUT;19/09/2012;10:00:00;177168,63;177949,30;177026,69;177338,96;606449850,40;17181
WINFUT;19/09/2012;09:30:00;177126,05;177466,71;176742,82;177168,63;232184305,90;6930
WINFUT;19/09/2012;09:00:00;176799,59;177168,63;176629,26;177097,66;154940939,20;4657
WINFUT;18/09/2012;17:00:00;176629,26;176657,65;176317,00;176600,88;193349713,60;5685
WINFUT;18/09/2012;16:30:00;176302,80;176742,82;176217,64;176629,26;291969138,80;8617
WINFUT;18/09/2012;16:00:00;176047,31;176643,46;175933,76;176288,61;311556762,10;9250
WINFUT;18/09/2012;15:30:00;176047,31;176288,61;175933,76;176047,31;151023414,50;4503
WINFUT;18/09/2012;15:00:00;175962,15;176487,32;175947,96;176047,31;247854404,50;7387
WINFUT;18/09/2012;14:30:00;176317,00;176444,74;175891,18;175976,34;275759670,80;8177
WINFUT;18/09/2012;14:00:00;176544,10;176927,34;176175,06;176302,80;318596951,30;9493
WINFUT;18/09/2012;13:30:00;176373,77;176572,49;176217,64;176544,10;122351676,00;3635
WINFUT;18/09/2012;13:00:00;176515,71;176785,40;176132,48;176359,58;199509879,20;5965
WINFUT;18/09/2012;12:30:00;176771,20;176884,75;176331,19;176558,29;218643296,70;6529
WINFUT;18/09/2012;12:00:00;176246,03;177055,08;176089,89;176799,59;335913545,80;10031
WINFUT;18/09/2012;11:30:00;175947,96;176544,10;175876,99;176217,64;323621602,50;9692
WINFUT;18/09/2012;11:00:00;176118,28;176657,65;175635,69;175933,76;570595983,40;16962
WINFUT;18/09/2012;10:30:00;176189,25;176402,16;175337,62;176118,28;823702142,00;24477
WINFUT;18/09/2012;10:00:00;176771,20;177409,93;176132,48;176189,25;578203929,80;17387
WINFUT;18/09/2012;09:30:00;175976,34;177225,41;175876,99;176771,20;272778945,50;8272
WINFUT;18/09/2012;09:00:00;176331,19;176572,49;175720,85;175976,34;134586843,60;4065
WINFUT;17/09/2012;17:00:00;176444,74;176870,56;176231,83;176813,79;131776445,50;3907
WINFUT;17/09/2012;16:30:00;175678,27;176657,65;175649,88;176458,94;350476517,90;10415
WINFUT;17/09/2012;16:00:00;176643,46;176827,98;175564,72;175678,27;538546089,60;15995
WINFUT;17/09/2012;15:30:00;177140,25;177353,15;176586,68;176657,65;345224763,90;10274
WINFUT;17/09/2012;15:00:00;177679,61;177693,81;176444,74;177182,83;616385601,30;18238
WINFUT;17/09/2012;14:30:00;178077,04;178204,79;177608,65;177708,00;331172773,20;9233
WINFUT;17/09/2012;14:00:00;178119,63;178417,70;178020,27;178077,04;174642113,90;4889
WINFUT;17/09/2012;13:30:00;178588,03;178715,77;178105,43;178148,01;219523320,40;6157
WINFUT;17/09/2012;13:00:00;178148,01;178630,61;178034,46;178588,03;168226457,60;4698
WINFUT;17/09/2012;12:30:00;178176,40;178488,67;178020,27;178133,82;196472378,20;5501
WINFUT;17/09/2012;12:00:00;178829,32;179070,62;178148,01;178162,21;337531653,80;9431
WINFUT;17/09/2012;11:30:00;178332,54;179028,04;177864,14;178829,32;600573563,40;16758
WINFUT;17/09/2012;11:00:00;177509,29;178786,74;176799,59;178304,15;720143229,20;20598
WINFUT;17/09/2012;10:30:00;177935,11;178659,00;177367,35;177480,90;815923868,40;22753
WINFUT;17/09/2012;10:00:00;177083,47;177991,88;176544,10;177935,11;504878087,80;14805
WINFUT;17/09/2012;09:30:00;176714,43;177097,66;176331,19;177083,47;173307884,50;5256
WINFUT;17/09/2012;09:00:00;176444,74;176941,53;175976,34;176728,62;164479260,10;4975
WINFUT;14/09/2012;17:00:00;177608,65;177764,78;177381,54;177424,12;160561735,40;4444
WINFUT;14/09/2012;16:30:00;176629,26;177778,97;176515,71;177608,65;357090889,30;10482
WINFUT;14/09/2012;16:00:00;177580,26;177651,23;176473,13;176657,65;330917282,50;9777
WINFUT;14/09/2012;15:30:00;177821,55;177977,69;177381,54;177566,06;206209414,10;5732
WINFUT;14/09/2012;15:00:00;177736,39;178304,15;177566,06;177778,97;298924164,40;8307
WINFUT;14/09/2012;14:30:00;177225,41;177821,55;176998,31;177679,61;329526277,40;9457
WINFUT;14/09/2012;14:00:00;178289,95;178616,41;177140,25;177197,02;319476975,00;9034
WINFUT;14/09/2012;13:30:00;178545,44;178744,16;178233,18;178360,92;128767332,40;3619
WINFUT;14/09/2012;13:00:00;178218,98;178616,41;177764,78;178545,44;210155326,60;5853
WINFUT;14/09/2012;12:30:00;179184,17;179340,30;177849,94;178218,98;418153175,90;11706
WINFUT;14/09/2012;12:00:00;178204,79;179212,56;178062,85;179184,17;463914406,00;12996
WINFUT;14/09/2012;11:30:00;179624,18;179794,51;177495,09;178204,79;1040670555,00;28978
WINFUT;14/09/2012;11:00:00;180617,76;181043,58;179595,80;179624,18;716225704,50;19918
WINFUT;14/09/2012;10:30:00;178616,41;181071,96;178517,06;180575,18;1136706685,00;31629
WINFUT;14/09/2012;10:00:00;177566,06;178701,58;177566,06;178602,22;381504448,80;10754
WINFUT;14/09/2012;09:30:00;178531,25;178815,13;177523,48;177566,06;403107610,10;11038
WINFUT;14/09/2012;09:00:00;178289,95;178829,32;177849,94;178488,67;306418559,40;8442
WINFUT;13/09/2012;17:00:00;177253,80;177424,12;176842,17;177126,05;222276942,80;6545
WINFUT;13/09/2012;16:30:00;176998,31;177353,15;176827,98;177239,60;251260947,70;7413
WINFUT;13/09/2012;16:00:00;176771,20;177523,48;176586,68;176955,72;391866017,60;11636
WINFUT;13/09/2012;15:30:00;176913,14;177537,68;176473,13;176799,59;483757520,00;14595
WINFUT;13/09/2012;15:00:00;175507,94;176955,72;175209,87;176898,95;565457780,70;16919
WINFUT;13/09/2012;14:30:00;175266,65;176458,94;175252,45;175479,56;704075700,50;20885
WINFUT;13/09/2012;14:00:00;172882,07;175408,59;172867,87;175252,45;931888275,90;27499
WINFUT;13/09/2012;13:30:00;171718,16;173378,85;171036,86;172867,87;1141021640,00;34114
WINFUT;13/09/2012;13:00:00;172101,40;172129,79;171476,87;171661,39;190851581,90;5747
WINFUT;13/09/2012;12:30:00;172058,82;172143,98;171718,16;172115,59;189318637,50;5642
WINFUT;13/09/2012;12:00:00;171519,45;172172,37;171476,87;172030,43;389481437,40;11558
WINFUT;13/09/2012;11:30:00;170781,36;171647,19;170781,36;171519,45;288136777,70;8597
WINFUT;13/09/2012;11:00:00;170454,90;171448,48;170454,90;170795,56;492898410,90;14747
WINFUT;13/09/2012;10:30:00;170469,10;170781,36;170100,06;170483,29;553478103,90;16536
WINFUT;13/09/2012;10:00:00;170653,62;171008,47;170383,93;170469,10;344089249,50;10370
WINFUT;13/09/2012;09:30:00;170994,27;171292,35;170511,68;170667,81;278768783,90;8409
WINFUT;13/09/2012;09:00:00;171122,02;171391,70;170710,40;170994,27;141797360,00;4337
WINFUT;12/09/2012;17:00:00;171377,51;171874,30;171221,38;171746,55;199878921,30;5921
WINFUT;12/09/2012;16:30:00;170497,49;171448,48;170327,16;171377,51;333046372,00;9924
WINFUT;12/09/2012;16:00:00;170242,00;170525,87;169972,31;170497,49;289016801,30;8599
WINFUT;12/09/2012;15:30:00;170611,04;170738,78;170085,86;170227,80;290748460,80;8628
WINFUT;12/09/2012;15:00:00;170894,92;170894,92;170426,52;170625,23;227869351,20;6775
WINFUT;12/09/2012;14:30:00;170540,07;171022,66;170227,80;170866,53;239792252,30;7181
WINFUT;12/09/2012;14:00:00;170625,23;170866,53;170312,97;170540,07;195762681,70;5833
WINFUT;12/09/2012;13:30:00;170639,43;170866,53;170625,23;170625,23;122663942,50;3619
WINFUT;12/09/2012;13:00:00;170412,32;170667,81;170242,00;170639,43;137936611,10;4087
WINFUT;12/09/2012;12:30:00;170270,38;170582,65;170242,00;170412,32;161754025,50;4816
WINFUT;12/09/2012;12:00:00;169844,57;170682,01;169660,04;170256,19;443929352,60;13187
WINFUT;12/09/2012;11:30:00;170667,81;170696,20;168964,54;169858,76;860634747,70;25703
WINFUT;12/09/2012;11:00:00;170909,11;171022,66;170114,25;170696,20;812006343,70;24119
WINFUT;12/09/2012;10:30:00;171079,44;171462,67;170809,75;170909,11;511747949,90;15255
WINFUT;12/09/2012;10:00:00;170710,40;171079,44;170497,49;171079,44;403732143,10;12101
WINFUT;12/09/2012;09:30:00;170738,78;171122,02;170469,10;170710,40;299066103,70;9009
WINFUT;12/09/2012;09:00:00;170540,07;170809,75;170440,71;170738,78;167431597,50;5087
WINFUT;11/09/2012;17:00:00;169958,12;170128,44;169773,60;169972,31;218927175,30;6461
WINFUT;11/09/2012;16:30:00;169830,37;170185,22;169801,98;169958,12;284134089,40;8445
WINFUT;11/09/2012;16:00:00;169858,76;170000,70;169674,24;169844,57;186394687,90;5546
WINFUT;11/09/2012;15:30:00;169631,66;170071,67;169390,36;169887,15;303721712,70;8991
WINFUT;11/09/2012;15:00:00;169560,69;169872,95;169305,20;169645,85;186990833,00;5591
WINFUT;11/09/2012;14:30:00;169262,61;169702,63;169149,06;169560,69;204676469,70;6103
WINFUT;11/09/2012;14:00:00;169319,39;169432,94;169134,87;169262,61;109662302,70;3274
WINFUT;11/09/2012;13:30:00;169191,64;169390,36;169049,71;169305,20;137425629,60;4067
WINFUT;11/09/2012;13:00:00;169333,58;169390,36;169134,87;169191,64;102565337,70;3062
WINFUT;11/09/2012;12:30:00;169333,58;169589,07;169120,68;169319,39;230878464,30;6927
WINFUT;11/09/2012;12:00:00;168723,25;169404,55;168510,34;169319,39;254695878,70;7634
WINFUT;11/09/2012;11:30:00;168325,82;168879,38;168084,52;168723,25;329838543,80;9873
WINFUT;11/09/2012;11:00:00;167999,35;168510,34;167772,25;168311,62;306872765,20;9194
WINFUT;11/09/2012;10:30:00;167502,57;168368,40;167318,05;167985,16;538091883,80;16060
WINFUT;11/09/2012;10:00:00;167048,36;167900,00;166863,84;167445,79;352463668,10;10598
WINFUT;11/09/2012;09:30:00;167176,11;167403,21;166778,68;167034,17;163797951,40;4989
WINFUT;11/09/2012;09:00:00;167261,27;167516,76;166807,06;167176,11;165983816,70;5100
WINFUT;10/09/2012;17:00:00;166622,54;166835,45;166438,02;166438,02;204875184,70;6071
WINFUT;10/09/2012;16:30:00;167346,43;167431,60;166579,96;166636,74;332563778,40;9897
WINFUT;10/09/2012;16:00:00;167658,70;167687,09;167176,11;167346,43;244618188,50;7329
WINFUT;10/09/2012;15:30:00;168297,43;168311,62;167587,73;167658,70;189460576,80;5696
WINFUT;10/09/2012;15:00:00;167786,45;168467,75;167758,06;168297,43;205698432,60;6178
WINFUT;10/09/2012;14:30:00;167786,45;168098,71;167630,31;167800,64;152272480,30;4572
WINFUT;10/09/2012;14:00:00;168112,91;168325,82;167715,48;167772,25;138390816,90;4151
WINFUT;10/09/2012;13:30:00;168368,40;168396,78;167843,22;168112,91;129846071,00;3889
WINFUT;10/09/2012;13:00:00;168496,14;168552,92;168183,88;168354,20;115368262,50;3449
WINFUT;10/09/2012;12:30:00;168552,92;168765,83;168368,40;168453,56;135268152,30;4029
WINFUT;10/09/2012;12:00:00;168538,72;168595,50;168368,40;168481,95;113523051,60;3382
WINFUT;10/09/2012;11:30:00;169291,00;169319,39;168368,40;168567,11;304147530,60;9074
WINFUT;10/09/2012;11:00:00;168751,63;169447,14;168439,37;169333,58;334068334,90;10014
WINFUT;10/09/2012;10:30:00;168893,57;169503,91;168552,92;168751,63;542832656,40;16135
WINFUT;10/09/2012;10:00:00;169560,69;170043,28;168680,66;168850,99;464766041,80;14013
WINFUT;10/09/2012;09:30:00;169518,11;169745,21;169404,55;169546,49;100322696,80;3031
WINFUT;10/09/2012;09:00:00;168623,89;169901,34;168623,89;169518,11;216400655,80;6520
WINFUT;06/09/2012;17:00:00;166537,38;166977,39;166210,92;166821,26;217536170,20;6436
WINFUT;06/09/2012;16:30:00;166466,41;166807,06;166423,83;166523,19;283566332,20;8342
WINFUT;06/09/2012;16:00:00;166494,80;166622,54;166168,34;166438,02;224775074,40;6618
WINFUT;06/09/2012;15:30:00;165643,16;166523,19;165614,77;166523,19;370575122,70;10919
WINFUT;06/09/2012;15:00:00;165430,25;165856,07;165416,06;165643,16;315559450,30;9651
WINFUT;06/09/2012;14:30:00;165203,15;165628,97;164990,24;165401,87;186451463,60;5955
WINFUT;06/09/2012;14:00:00;165231,54;165487,03;165075,41;165217,34;170894916,40;5493
WINFUT;06/09/2012;13:30:00;164933,47;165444,45;164848,30;165259,93;152897013,30;4906
WINFUT;06/09/2012;13:00:00;165146,37;165160,57;164834,11;164933,47;92005053,84;2991
WINFUT;06/09/2012;12:30:00;164791,53;165302,51;164663,78;165146,37;200333127,10;6435
WINFUT;06/09/2012;12:00:00;164848,30;164990,24;164365,71;164763,14;219523320,40;7056
WINFUT;06/09/2012;11:30:00;164706,36;165004,44;164280,55;164848,30;352775934,60;11345
WINFUT;06/09/2012;11:00:00;164578,62;165217,34;164436,68;164663,78;408444527,80;13130
WINFUT;06/09/2012;10:30:00;163712,79;164933,47;163712,79;164578,62;682302212,00;21981
WINFUT;06/09/2012;10:00:00;163017,29;164081,83;162960,51;163684,40;437570472,00;14449
WINFUT;06/09/2012;09:30:00;163102,45;163812,15;162108,87;163045,67;664133981,60;21704
WINFUT;06/09/2012;09:00:00;163712,79;163939,89;162861,15;163173,42;241126481,70;7810
WINFUT;05/09/2012;17:00:00;162222,43;162492,11;162094,68;162151,46;149263367,20;4888
WINFUT;05/09/2012;16:30:00;162250,81;162861,15;162094,68;162265,01;377132718,40;12219
WINFUT;05/09/2012;16:00:00;161867,58;162421,14;161626,28;162279,20;236385709,10;7683
WINFUT;05/09/2012;15:30:00;161895,96;162321,78;161739,83;161810,80;260487002,20;8480
WINFUT;05/09/2012;15:00:00;161626,28;161966,93;161470,15;161895,96;147957525,60;4862
WINFUT;05/09/2012;14:30:00;161711,44;161739,83;161328,21;161612,09;189716067,50;6229
WINFUT;05/09/2012;14:00:00;161938,55;162137,26;161711,44;161725,64;129363477,40;4220
WINFUT;05/09/2012;13:30:00;161668,86;162108,87;161470,15;161938,55;127518266,50;4186
WINFUT;05/09/2012;13:00:00;161683,06;161768,22;161526,92;161683,06;75227828,65;2456
WINFUT;05/09/2012;12:30:00;161825,00;162023,71;161470,15;161683,06;129107986,70;4222
WINFUT;05/09/2012;12:00:00;161299,82;161895,96;161101,10;161839,19;224718298,70;7363
WINFUT;05/09/2012;11:30:00;162052,10;162605,66;161243,04;161299,82;418948036,00;13625
WINFUT;05/09/2012;11:00:00;161399,18;162066,29;161271,43;162037,90;402738568,00;13172
WINFUT;05/09/2012;10:30:00;161995,32;162037,90;160405,60;161427,57;921526707,10;29861
WINFUT;05/09/2012;10:00:00;162577,27;162634,05;161895,96;161995,32;249955106,20;8357
WINFUT;05/09/2012;09:30:00;161754,03;162832,76;161697,25;162463,72;325211322,70;10484
WINFUT;05/09/2012;09:00:00;160292,05;162250,81;160235,28;161825,00;386415548,50;12513
WINFUT;04/09/2012;17:00:00;160561,74;161030,14;160320,44;160902,39;226449958,20;7413
WINFUT;04/09/2012;16:30:00;161654,67;161711,44;160476,57;160575,93;442084141,70;14434
WINFUT;04/09/2012;16:00:00;161782,41;161938,55;161470,15;161654,67;224689910,90;7369
WINFUT;04/09/2012;15:30:00;161853,38;162477,92;161697,25;161782,41;446427484,30;14420
WINFUT;04/09/2012;15:00:00;161271,43;161881,77;161200,46;161839,19;206692007,70;6770
WINFUT;04/09/2012;14:30:00;161257,24;161427,57;161129,49;161243,04;94020591,89;3101
WINFUT;04/09/2012;14:00:00;161512,73;161526,92;161015,94;161285,63;138447592,60;4561
WINFUT;04/09/2012;13:30:00;161526,92;161654,67;161314,01;161498,53;77214978,84;2523
WINFUT;04/09/2012;13:00:00;161512,73;161654,67;161328,21;161526,92;61062286,58;2004
WINFUT;04/09/2012;12:30:00;161612,09;161768,22;161342,40;161526,92;126467915,70;4107
WINFUT;04/09/2012;12:00:00;161441,76;161796,61;161257,24;161583,70;182732654,00;5953
WINFUT;04/09/2012;11:30:00;161314,01;161910,16;160973,36;161455,95;418891260,20;13535
WINFUT;04/09/2012;11:00:00;162123,07;162194,04;160874,00;161328,21;630409204,10;20331
WINFUT;04/09/2012;10:30:00;163173,42;163329,55;161739,83;162137,26;646590284,20;20932
WINFUT;04/09/2012;10:00:00;162932,12;163343,75;162577,27;163173,42;268861420,80;8970
WINFUT;04/09/2012;09:30:00;162889,54;163343,75;162563,08;162889,54;188296674,50;6155
WINFUT;04/09/2012;09:00:00;163145,03;163514,07;162775,99;162846,96;148184628,50;4856
WINFUT;03/09/2012;17:00:00;163471,49;163797,95;163159,22;163159,22;109577139,10;3509
WINFUT;03/09/2012;16:30:00;163414,72;163797,95;163343,75;163457,30;75341380,09;2435
WINFUT;03/09/2012;16:00:00;163315,36;163599,24;163230,19;163457,30;39913330,98;1295
WINFUT;03/09/2012;15:30:00;163627,62;163797,95;163216,00;163301,16;83886125,91;2732
WINFUT;03/09/2012;15:00:00;163499,88;163641,82;163457,30;163641,82;34633189,04;1119
WINFUT;03/09/2012;14:30:00;163613,43;163641,82;163443,10;163485,68;22284470,00;719
WINFUT;03/09/2012;14:00:00;163301,16;163684,40;163286,97;163641,82;50643942,01;1645
WINFUT;03/09/2012;13:30:00;163230,19;163329,55;163130,84;163272,78;20694749,84;666
WINFUT;03/09/2012;13:00:00;163216,00;163301,16;163088,25;163216,00;31311809,44;1016
WINFUT;03/09/2012;12:30:00;163443,10;163570,85;163187,61;163230,19;37982956,51;1233
WINFUT;03/09/2012;12:00:00;163187,61;163570,85;163159,22;163428,91;69351541,66;2243
WINFUT;03/09/2012;11:30:00;163698,59;163897,31;163088,25;163173,42;110230059,90;3548
WINFUT;03/09/2012;11:00:00;163258,58;163698,59;163003,09;163684,40;92430871,73;2983
WINFUT;03/09/2012;10:30:00;164025,05;164025,05;162804,38;163230,19;257477889,00;8186
WINFUT;03/09/2012;10:00:00;163812,15;164493,45;163599,24;163996,67;235761176,20;7503
WINFUT;03/09/2012;09:30:00;163982,47;163996,67;163627,62;163812,15;37102932,85;1202
WINFUT;03/09/2012;09:00:00;163315,36;164181,19;162605,66;163982,47;99669776,00;3196
WINFUT;31/08/2012;17:00:00;164039,25;164166,99;162946,32;163485,68;252879055,70;8304
WINFUT;31/08/2012;16:30:00;163145,03;164308,93;162861,15;164010,86;402170810,80;12914
WINFUT;31/08/2012;16:00:00;162875,35;163315,36;162747,60;163145,03;200304739,20;6483
WINFUT;31/08/2012;15:30:00;162988,90;163116,64;162591,47;162875,35;163514072,80;5324
WINFUT;31/08/2012;15:00:00;162350,17;163059,87;162279,20;162988,90;218302642,40;7104
WINFUT;31/08/2012;14:30:00;162435,33;162690,82;161995,32;162321,78;256910131,80;8335
WINFUT;31/08/2012;14:00:00;163428,91;163485,68;162293,39;162435,33;302756525,50;9782
WINFUT;31/08/2012;13:30:00;163357,94;163698,59;163216,00;163443,10;92118605,28;2982
WINFUT;31/08/2012;13:00:00;163570,85;163627,62;162988,90;163372,13;200389902,80;6534
WINFUT;31/08/2012;12:30:00;164394,10;164564,42;163542,46;163570,85;194400064,40;6290
WINFUT;31/08/2012;12:00:00;164834,11;164947,66;164209,58;164351,51;210836635,30;6836
WINFUT;31/08/2012;11:30:00;164720,56;165047,02;164124,41;164791,53;419799671,70;13540
WINFUT;31/08/2012;11:00:00;164096,02;165373,48;163116,64;164677,98;892457538,60;28755
WINFUT;31/08/2012;10:30:00;163769,56;164876,69;163599,24;164252,16;287625796,20;9115
WINFUT;31/08/2012;10:00:00;165117,99;166338,66;161810,80;163769,56;1236376461,00;39459
WINFUT;31/08/2012;09:30:00;165330,90;165628,97;164976,05;165089,60;216116777,20;7034
WINFUT;31/08/2012;09:00:00;164692,17;165373,48;164649,59;165302,51;137737896,10;4499
WINFUT;30/08/2012;17:00:00;163726,98;163769,56;163343,75;163343,75;119115460,00;3863
WINFUT;30/08/2012;16:30:00;163684,40;163968,28;163499,88;163726,98;256030108,20;8255
WINFUT;30/08/2012;16:00:00;163783,76;164166,99;163514,07;163641,82;240785827,40;7742
WINFUT;30/08/2012;15:30:00;163414,72;163939,89;163088,25;163769,56;251090620,50;8086
WINFUT;30/08/2012;15:00:00;163485,68;163741,18;163343,75;163400,52;208111400,70;6724
WINFUT;30/08/2012;14:30:00;162988,90;163585,04;162960,51;163485,68;187388263,00;6066
WINFUT;30/08/2012;14:00:00;163329,55;163528,27;162932,12;162988,90;152442807,50;4941
WINFUT;30/08/2012;13:30:00;163017,29;163372,13;162974,70;163315,36;132486142,00;4321
WINFUT;30/08/2012;13:00:00;162946,32;163074,06;162790,18;163003,09;124026559,80;4039
WINFUT;30/08/2012;12:30:00;163443,10;163570,85;162775,99;162932,12;331740530,40;10657
WINFUT;30/08/2012;12:00:00;163797,95;164053,44;163230,19;163428,91;296511196,30;9617
WINFUT;30/08/2012;11:30:00;164223,77;164422,48;163457,30;163769,56;375088792,50;12104
WINFUT;30/08/2012;11:00:00;163769,56;164748,94;163585,04;164223,77;614171348,30;19643
WINFUT;30/08/2012;10:30:00;164110,22;164138,61;163613,43;163769,56;395528051,60;12893
WINFUT;30/08/2012;10:00:00;163145,03;164223,77;163088,25;164110,22;333528965,60;11093
WINFUT;30/08/2012;09:30:00;163471,49;163797,95;163045,67;163116,64;257279174,00;8358
WINFUT;30/08/2012;09:00:00;163244,39;163627,62;162832,76;163485,68;154884163,40;5094
WINFUT;29/08/2012;17:00:00;164237,96;164308,93;163656,01;163656,01;224746686,60;7342
WINFUT;29/08/2012;16:30:00;164521,84;164649,59;163982,47;164252,16;225626710,20;7328
WINFUT;29/08/2012;16:00:00;164621,20;164621,20;163939,89;164536,04;304232694,20;9875
WINFUT;29/08/2012;15:30:00;164550,23;164876,69;164323,13;164592,81;253929406,50;8250
WINFUT;29/08/2012;15:00:00;164635,39;164706,36;164124,41;164550,23;283906986,60;9253
WINFUT;29/08/2012;14:30:00;164578,62;164961,85;164237,96;164621,20;250352536,20;8143
WINFUT;29/08/2012;14:00:00;164237,96;164748,94;163741,18;164564,42;260373450,70;8481
WINFUT;29/08/2012;13:30:00;163925,70;164564,42;163854,73;164252,16;215094814,20;7022
WINFUT;29/08/2012;13:00:00;163585,04;164025,05;163528,27;163911,50;148723997,90;4863
WINFUT;29/08/2012;12:30:00;164081,83;164365,71;163485,68;163570,85;241779402,50;7886
WINFUT;29/08/2012;12:00:00;163712,79;164408,29;163670,21;164053,44;469251323,60;15177
WINFUT;29/08/2012;11:30:00;164777,33;164777,33;163116,64;163684,40;769538105,30;25012
WINFUT;29/08/2012;11:00:00;165401,87;165714,13;164536,04;164763,14;761220462,40;24528
WINFUT;29/08/2012;10:30:00;166949,00;166963,20;165217,34;165401,87;917722733,90;27490
WINFUT;29/08/2012;10:00:00;167729,67;167885,80;166849,65;166963,20;384797440,50;11549
WINFUT;29/08/2012;09:30:00;167772,25;168084,52;167417,40;167772,25;250778354,10;7639
WINFUT;29/08/2012;09:00:00;167431,60;167914,19;166963,20;167772,25;194513615,80;5944
WINFUT;28/08/2012;17:00:00;167488,37;167630,31;167275,46;167545,15;178644802,20;5308
WINFUT;28/08/2012;16:30:00;167261,27;167616,12;167218,69;167488,37;143500631,60;4262
WINFUT;28/08/2012;16:00:00;167289,66;167715,48;167204,49;167318,05;234370171,10;6905
WINFUT;28/08/2012;15:30:00;167644,51;167687,09;167090,94;167247,08;147588483,50;4420
WINFUT;28/08/2012;15:00:00;167346,43;167687,09;167190,30;167616,12;200020860,60;5937
WINFUT;28/08/2012;14:30:00;167374,82;167502,57;167161,91;167332,24;128511841,60;3796
WINFUT;28/08/2012;14:00:00;167687,09;167743,86;167204,49;167403,21;152471195,40;4545
WINFUT;28/08/2012;13:30:00;167459,99;167857,42;167346,43;167672,89;123373639,00;3648
WINFUT;28/08/2012;13:00:00;167658,70;167970,97;167417,40;167488,37;161839189,10;4842
WINFUT;28/08/2012;12:30:00;167573,54;167786,45;167275,46;167630,31;237861877,80;6973
WINFUT;28/08/2012;12:00:00;167318,05;167672,89;167062,56;167573,54;311585149,90;9202
WINFUT;28/08/2012;11:30:00;167900,00;168183,88;167247,08;167289,66;413809833,30;12228
WINFUT;28/08/2012;11:00:00;167672,89;168340,01;167076,75;167900,00;662288770,80;19632
WINFUT;28/08/2012;10:30:00;167204,49;168212,26;167062,56;167715,48;852941637,60;25295
WINFUT;28/08/2012;10:00:00;166154,14;167545,15;165941,23;167204,49;635575794,60;18887
WINFUT;28/08/2012;09:30:00;166849,65;166863,84;166026,40;166154,14;201184762,90;6140
WINFUT;28/08/2012;09:00:00;166508,99;167232,88;165785,10;166835,45;183754616,90;5563
WINFUT;27/08/2012;17:00:00;166579,96;166807,06;166267,70;166807,06;185060458,50;5467
WINFUT;27/08/2012;16:30:00;166551,57;166807,06;166310,28;166565,77;277037124,50;8176
WINFUT;27/08/2012;16:00:00;166452,22;166750,29;165955,43;166551,57;370489959,20;10965
WINFUT;27/08/2012;15:30:00;166636,74;166863,84;166267,70;166438,02;229884889,20;6820
WINFUT;27/08/2012;15:00:00;166835,45;166920,62;166423,83;166665,13;236158606,30;6993
WINFUT;27/08/2012;14:30:00;167161,91;167204,49;166608,35;166849,65;212965724,70;6343
WINFUT;27/08/2012;14:00:00;166665,13;167318,05;166594,16;167133,52;286802548,30;8515
WINFUT;27/08/2012;13:30:00;166466,41;166792,87;166253,50;166679,32;179893868,00;5303
WINFUT;27/08/2012;13:00:00;166863,84;166991,59;166310,28;166466,41;199197612,70;5884
WINFUT;27/08/2012;12:30:00;166665,13;167048,36;166665,13;166863,84;265398101,90;7867
WINFUT;27/08/2012;12:00:00;166097,37;166778,68;165927,04;166650,93;282970187,20;8602
WINFUT;27/08/2012;11:30:00;166139,95;166636,74;165912,85;166111,56;328248823,70;9852
WINFUT;27/08/2012;11:00:00;165884,46;166210,92;165543,80;166139,95;393143471,30;11688
WINFUT;27/08/2012;10:30:00;166068,98;166565,77;165742,52;165884,46;589615849,50;17415
WINFUT;27/08/2012;10:00:00;167161,91;167303,85;165983,82;166054,79;515069329,50;15465
WINFUT;27/08/2012;09:30:00;166650,93;167176,11;166579,96;167161,91;145658109,00;4437
WINFUT;27/08/2012;09:00:00;167786,45;167871,61;166523,19;166650,93;204818409,00;6238
WINFUT;24/08/2012;17:00:00;167545,15;167601,92;166920,62;167062,56;236556036,30;6948
WINFUT;24/08/2012;16:30:00;167715,48;168439,37;167389,02;167516,76;605285948,10;17851
WINFUT;24/08/2012;16:00:00;166991,59;167857,42;166863,84;167701,28;407394177,00;11952
WINFUT;24/08/2012;15:30:00;167758,06;167857,42;166778,68;166991,59;417415091,50;12370
WINFUT;24/08/2012;15:00:00;168212,26;168354,20;167374,82;167772,25;364613672,20;10836
WINFUT;24/08/2012;14:30:00;166594,16;168581,31;166494,80;168198,07;797897577,40;23431
WINFUT;24/08/2012;14:00:00;167360,63;167403,21;166438,02;166594,16;409693593,60;12071
WINFUT;24/08/2012;13:30:00;167218,69;167587,73;166878,03;167403,21;210354041,60;6212
WINFUT;24/08/2012;13:00:00;167232,88;167360,63;166835,45;167204,49;228493884,10;6719
WINFUT;24/08/2012;12:30:00;167999,35;168226,46;166707,71;167232,88;511123416,90;15048
WINFUT;24/08/2012;12:00:00;167459,99;168694,86;166807,06;167985,16;894785343,10;26338
WINFUT;24/08/2012;11:30:00;166083,17;167970,97;166054,79;167445,79;967742142,90;28611
WINFUT;24/08/2012;11:00:00;165586,39;166508,99;165558,00;166040,59;494658458,20;14628
WINFUT;24/08/2012;10:30:00;166438,02;166807,06;165558,00;165558,00;766841258,70;22787
WINFUT;24/08/2012;10:00:00;166579,96;167147,72;166253,50;166423,83;434987176,80;13245
WINFUT;24/08/2012;09:30:00;167488,37;167587,73;166367,05;166565,77;293587246,80;9008
WINFUT;24/08/2012;09:00:00;167346,43;167743,86;166750,29;167374,82;209332078,70;6473
WINFUT;23/08/2012;17:00:00;167289,66;168198,07;167275,46;167999,35;300343557,40;8939
WINFUT;23/08/2012;16:30:00;167133,52;167445,79;166863,84;167318,05;333898007,80;9895
WINFUT;23/08/2012;16:00:00;167672,89;167772,25;167062,56;167133,52;350249415,10;10370
WINFUT;23/08/2012;15:30:00;167190,30;167956,77;167062,56;167701,28;396266135,90;11710
WINFUT;23/08/2012;15:00:00;167119,33;167374,82;166778,68;167176,11;182817817,60;5426
WINFUT;23/08/2012;14:30:00;166750,29;167332,24;166494,80;167147,72;289243904,20;8622
WINFUT;23/08/2012;14:00:00;167885,80;168056,13;166707,71;166778,68;516062904,60;15266
WINFUT;23/08/2012;13:30:00;168269,04;168595,50;167800,64;167885,80;200276351,40;5926
WINFUT;23/08/2012;13:00:00;168780,02;168865,18;168084,52;168297,43;201213150,80;5929
WINFUT;23/08/2012;12:30:00;168325,82;168865,18;168183,88;168780,02;175266646,80;5168
WINFUT;23/08/2012;12:00:00;168538,72;168567,11;168041,94;168297,43;246151132,90;7277
WINFUT;23/08/2012;11:30:00;168254,85;168879,38;167928,39;168467,75;525572837,60;15562
WINFUT;23/08/2012;11:00:00;167843,22;168680,66;167190,30;168240,65;773200139,30;22983
WINFUT;23/08/2012;10:30:00;169007,12;169262,61;167630,31;167829,03;750177584,90;22246
WINFUT;23/08/2012;10:00:00;168822,60;169220,03;168382,59;168992,93;298072528,60;9250
WINFUT;23/08/2012;09:30:00;169376,17;169702,63;168481,95;168850,99;270876958,90;8352
WINFUT;23/08/2012;09:00:00;170298,77;170298,77;169234,23;169390,36;226875776,10;6978
WINFUT;22/08/2012;17:00:00;170156,83;170752,98;170014,89;170582,65;239366434,40;7133
WINFUT;22/08/2012;16:30:00;170142,64;170823,95;169958,12;170142,64;417273152,20;12256
WINFUT;22/08/2012;16:00:00;170242,00;170497,49;169844,57;170156,83;425959837,30;12472
WINFUT;22/08/2012;15:30:00;169503,91;171008,47;169376,17;170199,41;861287668,40;25389
WINFUT;22/08/2012;15:00:00;167772,25;169660,04;167772,25;169532,30;1051003736,00;31049
WINFUT;22/08/2012;14:30:00;167885,80;168198,07;167616,12;167772,25;245015618,50;7297
WINFUT;22/08/2012;14:00:00;167687,09;168141,29;167389,02;167914,19;315644613,90;9404
WINFUT;22/08/2012;13:30:00;168652,28;168652,28;167502,57;167701,28;406372214,00;12049
WINFUT;22/08/2012;13:00:00;168538,72;168780,02;168368,40;168623,89;178843517,20;5277
WINFUT;22/08/2012;12:30:00;168567,11;168609,69;168226,46;168538,72;159766875,30;4734
WINFUT;22/08/2012;12:00:00;168368,40;168723,25;168212,26;168567,11;258755342,70;7645
WINFUT;22/08/2012;11:30:00;169432,94;169660,04;168155,49;168340,01;592908841,20;17511
WINFUT;22/08/2012;11:00:00;169986,50;170128,44;168893,57;169432,94;597621226,00;17712
WINFUT;22/08/2012;10:30:00;169461,33;170469,10;168723,25;170000,70;952213983,60;28128
WINFUT;22/08/2012;10:00:00;168680,66;169787,79;168198,07;169475,52;681848006,20;20424
WINFUT;22/08/2012;09:30:00;169191,64;169319,39;168340,01;168680,66;290180703,60;8886
WINFUT;22/08/2012;09:00:00;168297,43;169447,14;168141,29;169191,64;235874727,70;7258
WINFUT;21/08/2012;17:00:00;168780,02;169475,52;168581,31;169432,94;207288152,80;6184
WINFUT;21/08/2012;16:30:00;168354,20;168879,38;168084,52;168765,83;291543320,90;8589
WINFUT;21/08/2012;16:00:00;169120,68;169333,58;168240,65;168382,59;408075485,60;11971
WINFUT;21/08/2012;15:30:00;169291,00;169546,49;168552,92;169120,68;362229091,90;10677
WINFUT;21/08/2012;15:00:00;169858,76;170000,70;169120,68;169248,42;323564826,80;9560
WINFUT;21/08/2012;14:30:00;170383,93;170611,04;169418,75;169872,95;450401784,70;13338
WINFUT;21/08/2012;14:00:00;171306,54;171320,73;170100,06;170383,93;587940965,80;17309
WINFUT;21/08/2012;13:30:00;171647,19;171718,16;171164,60;171306,54;254156509,40;7462
WINFUT;21/08/2012;13:00:00;171647,19;172044,62;171462,67;171633,00;233546923,10;6905
WINFUT;21/08/2012;12:30:00;171888,49;171973,66;171434,29;171675,58;273147987,70;8081
WINFUT;21/08/2012;12:00:00;172143,98;172513,02;171746,55;171916,88;356665071,40;10517
WINFUT;21/08/2012;11:30:00;172285,92;172796,90;172101,40;172172,37;337645205,30;9933
WINFUT;21/08/2012;11:00:00;171987,85;172527,22;171931,07;172243,34;522563724,50;15361
WINFUT;21/08/2012;10:30:00;171405,90;172229,15;171292,35;171959,46;626860721,60;18475
WINFUT;21/08/2012;10:00:00;171689,78;171888,49;171349,12;171391,70;334039947,10;9941
WINFUT;21/08/2012;09:30:00;171306,54;171831,72;171221,38;171732,36;178389311,40;5420
WINFUT;21/08/2012;09:00:00;170937,50;171562,03;170937,50;171235,57;185486276,40;5720
WINFUT;20/08/2012;17:00:00;170298,77;170369,74;170100,06;170171,03;222106615,60;6556
WINFUT;20/08/2012;16:30:00;170327,16;170568,46;170185,22;170270,38;189432188,90;5573
WINFUT;20/08/2012;16:00:00;170454,90;170625,23;170213,61;170298,77;176373773,40;5218
WINFUT;20/08/2012;15:30:00;170398,13;170752,98;170029,09;170454,90;330832118,90;9793
WINFUT;20/08/2012;15:00:00;169574,88;170653,62;169447,14;170398,13;558786633,70;16424
WINFUT;20/08/2012;14:30:00;169333,58;169589,07;168794,21;169532,30;240161294,50;7099
WINFUT;20/08/2012;14:00:00;169120,68;169461,33;169106,48;169333,58;118661254,30;3488
WINFUT;20/08/2012;13:30:00;169177,45;169447,14;168921,96;169134,87;171746552,20;5061
WINFUT;20/08/2012;13:00:00;169674,24;169901,34;169106,48;169163,26;206379741,30;6137
WINFUT;20/08/2012;12:30:00;168794,21;169929,73;168439,37;169674,24;379403747,20;11203
WINFUT;20/08/2012;12:00:00;169049,71;169120,68;168709,05;168836,80;169390359,80;5017
WINFUT;20/08/2012;11:30:00;168581,31;169120,68;168254,85;169063,90;330264361,70;9801
WINFUT;20/08/2012;11:00:00;168964,54;168964,54;168013,55;168581,31;499881824,40;14807
WINFUT;20/08/2012;10:30:00;170029,09;170085,86;168723,25;168950,35;591404284,70;17560
WINFUT;20/08/2012;10:00:00;170227,80;170454,90;169546,49;170000,70;332819269,10;10024
WINFUT;20/08/2012;09:30:00;170525,87;170582,65;169830,37;170213,61;189545740,30;5853
WINFUT;20/08/2012;09:00:00;170029,09;170611,04;169475,52;170540,07;136204951,70;4214
WINFUT;17/08/2012;17:00:00;169943,92;170171,03;169674,24;170128,44;204080324,60;6076
WINFUT;17/08/2012;16:30:00;169461,33;169943,92;169149,06;169915,54;250040269,70;7369
WINFUT;17/08/2012;16:00:00;169688,43;169958,12;169007,12;169447,14;327226860,70;9705
WINFUT;17/08/2012;15:30:00;169660,04;170000,70;169489,72;169674,24;206322965,50;6092
WINFUT;17/08/2012;15:00:00;169376,17;169787,79;169319,39;169660,04;192867120,00;5733
WINFUT;17/08/2012;14:30:00;169872,95;169943,92;169234,23;169376,17;210893411,00;6270
WINFUT;17/08/2012;14:00:00;169432,94;170298,77;169418,75;169844,57;252368074,20;7469
WINFUT;17/08/2012;13:30:00;169404,55;169801,98;169319,39;169475,52;125275625,60;3700
WINFUT;17/08/2012;13:00:00;169887,15;169943,92;169333,58;169418,75;145005188,20;4276
WINFUT;17/08/2012;12:30:00;169489,72;170057,47;169489,72;169887,15;181114546,00;5290
WINFUT;17/08/2012;12:00:00;169816,18;170100,06;169276,81;169503,91;315445898,90;9303
WINFUT;17/08/2012;11:30:00;169887,15;170100,06;169404,55;169801,98;290436194,30;8573
WINFUT;17/08/2012;11:00:00;169532,30;170469,10;169347,78;169844,57;459116857,70;13665
WINFUT;17/08/2012;10:30:00;170284,58;170838,14;169134,87;169603,27;766472216,50;22676
WINFUT;17/08/2012;10:00:00;171292,35;171945,27;170057,47;170284,58;702542756,00;20990
WINFUT;17/08/2012;09:30:00;170256,19;171349,12;170213,61;171320,73;257477889,00;7892
WINFUT;17/08/2012;09:00:00;170540,07;171746,55;169901,34;170298,77;236726363,50;7269
WINFUT;16/08/2012;17:00:00;170823,95;170823,95;170355,55;170355,55;276270652,20;8175
WINFUT;16/08/2012;16:30:00;170724,59;171107,83;170540,07;170781,36;357317992,20;10455
WINFUT;16/08/2012;16:00:00;170199,41;170880,72;170142,64;170724,59;319335035,70;9449
WINFUT;16/08/2012;15:30:00;170071,67;170454,90;170057,47;170199,41;329611440,90;9791
WINFUT;16/08/2012;15:00:00;168850,99;170156,83;168836,80;170071,67;460110432,80;13716
WINFUT;16/08/2012;14:30:00;169177,45;169319,39;168737,44;168850,99;170412322,80;5065
WINFUT;16/08/2012;14:00:00;169021,32;169248,42;168765,83;169163,26;179723540,80;5352
WINFUT;16/08/2012;13:30:00;169007,12;169035,51;168638,08;168992,93;178871905,00;5303
WINFUT;16/08/2012;13:00:00;169149,06;169276,81;168936,15;169021,32;121556816,00;3618
WINFUT;16/08/2012;12:30:00;168638,08;169418,75;168467,75;169149,06;284162477,30;8438
WINFUT;16/08/2012;12:00:00;169106,48;169163,26;168552,92;168638,08;343407940,80;10170
WINFUT;16/08/2012;11:30:00;167871,61;169447,14;167843,22;169078,09;583342132,50;17236
WINFUT;16/08/2012;11:00:00;168680,66;168680,66;167332,24;167885,80;677958869,40;20189
WINFUT;16/08/2012;10:30:00;169106,48;169447,14;168127,10;168609,69;679179547,40;20194
WINFUT;16/08/2012;10:00:00;169191,64;169617,46;168964,54;169120,68;319079544,90;9530
WINFUT;16/08/2012;09:30:00;169361,97;170312,97;168666,47;169177,45;327340412,20;9902
WINFUT;16/08/2012;09:00:00;166608,35;170029,09;166608,35;169475,52;422297803,40;12689
WINFUT;15/08/2012;17:00:00;166963,20;167119,33;166352,86;166352,86;184833355,60;5491
WINFUT;15/08/2012;16:30:00;166679,32;167232,88;166565,77;166949,00;228437108,40;6726
WINFUT;15/08/2012;16:00:00;166977,39;167247,08;166508,99;166721,90;338638780,40;9930
WINFUT;15/08/2012;15:30:00;167062,56;167417,40;166494,80;166963,20;384201295,50;11293
WINFUT;15/08/2012;15:00:00;165827,68;167133,52;165714,13;167090,94;388573025,90;11362
WINFUT;15/08/2012;14:30:00;166097,37;166296,08;165799,30;165841,88;179638377,30;5283
WINFUT;15/08/2012;14:00:00;165912,85;166182,53;165501,22;166111,56;285979300,30;8395
WINFUT;15/08/2012;13:30:00;166154,14;166324,47;165912,85;165912,85;150313718,00;4432
WINFUT;15/08/2012;13:00:00;166650,93;166736,09;166097,37;166168,34;150995026,60;4434
WINFUT;15/08/2012;12:30:00;166565,77;166863,84;166239,31;166650,93;187842468,80;5522
WINFUT;15/08/2012;12:00:00;166778,68;167261,27;166409,63;166565,77;300258393,80;8833
WINFUT;15/08/2012;11:30:00;165941,23;166863,84;165685,74;166736,09;334579316,40;9807
WINFUT;15/08/2012;11:00:00;165927,04;166452,22;165316,70;165884,46;441431221,00;13169
WINFUT;15/08/2012;10:30:00;166608,35;167005,78;165912,85;165927,04;461018844,30;13498
WINFUT;15/08/2012;10:00:00;166551,57;167459,99;166182,53;166636,74;311386434,90;9256
WINFUT;15/08/2012;09:30:00;167090,94;167374,82;166352,86;166537,38;123685905,50;3678
WINFUT;15/08/2012;09:00:00;166068,98;167743,86;165643,16;167204,49;107107395,30;3210
WINFUT;14/08/2012;17:00:00;166362,83;166836,39;166176,28;166750,29;270531535,80;8885
WINFUT;14/08/2012;16:30:00;167654,36;167783,51;165760,12;166362,83;738809971,80;23533
WINFUT;14/08/2012;16:00:00;169232,89;169290,29;167238,20;167668,71;742713248,80;21748
WINFUT;14/08/2012;15:30:00;169663,40;169692,10;168788,03;169218,54;360507810,40;10572
WINFUT;14/08/2012;15:00:00;169821,25;169864,30;169419,44;169649,05;168988933,00;4910
WINFUT;14/08/2012;14:30:00;169606,00;169993,45;169448,14;169821,25;197947804,20;5770
WINFUT;14/08/2012;14:00:00;169720,80;169979,10;169591,64;169591,64;175130854,20;5117
WINFUT;14/08/2012;13:30:00;169433,79;169821,25;169175,49;169706,45;222285884,20;6462
WINFUT;14/08/2012;13:00:00;169878,65;170136,96;169189,84;169433,79;230752551,20;6790
WINFUT;14/08/2012;12:30:00;169763,85;170280,46;169735,15;169907,35;279313909,00;8178
WINFUT;14/08/2012;12:00:00;169505,54;169864,30;169419,44;169720,80;211523171,90;6186
WINFUT;14/08/2012;11:30:00;169735,15;169763,85;169031,98;169519,89;441586909,60;13025
WINFUT;14/08/2012;11:00:00;170136,96;170524,41;169505,54;169735,15;516093579,10;15173
WINFUT;14/08/2012;10:30:00;170481,36;171141,48;169907,35;170136,96;653684092,80;19177
WINFUT;14/08/2012;10:00:00;169232,89;170825,77;169218,54;170467,01;572203185,80;17098
WINFUT;14/08/2012;09:30:00;170237,41;170596,16;168845,43;169275,94;451689508,80;13609
WINFUT;14/08/2012;09:00:00;170481,36;170682,27;169792,55;170294,81;184171532,50;5564
WINFUT;13/08/2012;17:00:00;169821,25;170022,15;169347,69;169347,69;179321136,80;5238
WINFUT;13/08/2012;16:30:00;169964,75;170280,46;169362,04;169792,55;291884756,90;8482
WINFUT;13/08/2012;16:00:00;170237,41;170309,16;169591,64;169950,40;306349842,20;8961
WINFUT;13/08/2012;15:30:00;170323,51;170553,11;169921,70;170237,41;232417184,00;6801
WINFUT;13/08/2012;15:00:00;170624,87;170667,92;170065,20;170266,11;212240686,10;6199
WINFUT;13/08/2012;14:30:00;169964,75;170682,27;169591,64;170624,87;327616961,70;9583
WINFUT;13/08/2012;14:00:00;170122,61;170380,91;169692,10;169964,75;273889502,00;8016
WINFUT;13/08/2012;13:30:00;169075,03;170237,41;169017,63;170151,31;398880467,30;11622
WINFUT;13/08/2012;13:00:00;169161,14;169304,64;168874,13;169075,03;141063282,20;4119
WINFUT;13/08/2012;12:30:00;168917,18;169390,74;168831,08;169175,49;152371305,30;4472
WINFUT;13/08/2012;12:00:00;168673,23;169419,44;168328,82;168931,53;335940125,90;9824
WINFUT;13/08/2012;11:30:00;168945,88;169433,79;168400,57;168687,58;487880922,60;14280
WINFUT;13/08/2012;11:00:00;170911,87;171227,58;168328,82;168917,18;861935400,20;25387
WINFUT;13/08/2012;10:30:00;169591,64;171026,67;169204,19;170854,47;768601159,40;22533
WINFUT;13/08/2012;10:00:00;169505,54;170108,26;168630,18;169562,94;497409510,60;14834
WINFUT;13/08/2012;09:30:00;169046,33;169936,05;168988,93;169491,19;249838427,60;7638
WINFUT;13/08/2012;09:00:00;170194,36;170467,01;168701,93;169031,98;263069388,60;8073
WINFUT;10/08/2012;17:00:00;170467,01;170481,36;169950,40;170093,90;244327919,00;7210
WINFUT;10/08/2012;16:30:00;170438,31;170667,92;170280,46;170438,31;247140574,40;7237
WINFUT;10/08/2012;16:00:00;170337,86;170538,76;170108,26;170423,96;242749387,80;7115
WINFUT;10/08/2012;15:30:00;169921,70;170452,66;169849,95;170309,16;246652664,80;7221
WINFUT;10/08/2012;15:00:00;169907,35;170050,85;169821,25;169907,35;122924524,50;3616
WINFUT;10/08/2012;14:30:00;169878,65;170108,26;169806,90;169907,35;145196163,80;4281
WINFUT;10/08/2012;14:00:00;169620,35;170036,50;169462,49;169835,60;209600234,00;6126
WINFUT;10/08/2012;13:30:00;169849,95;169907,35;169606,00;169634,70;155183960,70;4524
WINFUT;10/08/2012;13:00:00;169505,54;169849,95;169390,74;169849,95;169046334,20;5004
WINFUT;10/08/2012;12:30:00;169204,19;169720,80;168974,58;169462,49;303135378,80;8916
WINFUT;10/08/2012;12:00:00;168988,93;169261,59;168343,17;169189,84;393456060,30;11515
WINFUT;10/08/2012;11:30:00;168443,62;168988,93;168228,37;168945,88;437827135,40;12829
WINFUT;10/08/2012;11:00:00;167410,40;168615,83;167152,10;168429,27;618899006,80;18335
WINFUT;10/08/2012;10:30:00;167883,96;168027,46;166836,39;167424,75;669670308,10;20731
WINFUT;10/08/2012;10:00:00;167525,20;168414,92;167223,85;167855,26;458835949,80;13759
WINFUT;10/08/2012;09:30:00;167640,01;168113,57;166979,89;167539,55;337489956,40;10541
WINFUT;10/08/2012;09:00:00;167324,30;167869,61;167152,10;167668,71;186697182,30;5762
WINFUT;09/08/2012;17:00:00;169161,14;169175,49;168701,93;169161,14;165114356,60;4832
WINFUT;09/08/2012;16:30:00;169103,74;169419,44;168917,18;169132,44;278682496,60;8074
WINFUT;09/08/2012;16:00:00;168501,02;169204,19;168257,07;169075,03;354538092,70;10378
WINFUT;09/08/2012;15:30:00;168199,67;168831,08;168156,62;168486,67;263356394,30;7658
WINFUT;09/08/2012;15:00:00;168371,87;168457,97;167826,56;168199,67;277419671,60;8146
WINFUT;09/08/2012;14:30:00;168544,07;168888,48;168285,77;168414,92;240252438,60;7043
WINFUT;09/08/2012;14:00:00;168658,88;168788,03;168013,11;168544,07;234627127,60;6846
WINFUT;09/08/2012;13:30:00;167941,36;168816,73;167826,56;168644,53;298399785,40;8703
WINFUT;09/08/2012;13:00:00;167353,00;168041,81;166822,04;167898,31;329425097,40;9934
WINFUT;09/08/2012;12:30:00;168587,13;168716,28;166994,24;167324,30;498901940,00;14973
WINFUT;09/08/2012;12:00:00;169692,10;169735,15;168386,22;168558,42;444198661,10;13005
WINFUT;09/08/2012;11:30:00;169907,35;169936,05;169275,94;169663,40;363062160,80;10601
WINFUT;09/08/2012;11:00:00;169433,79;170280,46;169433,79;169893,00;350692216,80;10238
WINFUT;09/08/2012;10:30:00;168931,53;170151,31;168615,83;169362,04;703336072,10;20578
WINFUT;09/08/2012;10:00:00;167984,41;169290,29;167941,36;168988,93;526138777,20;15683
WINFUT;09/08/2012;09:30:00;168328,82;168888,48;167654,36;167970,06;321848147,90;9713
WINFUT;09/08/2012;09:00:00;168414,92;168658,88;167955,71;168328,82;132252208,50;4063
WINFUT;08/08/2012;17:00:00;169462,49;169649,05;168888,48;168888,48;301470746,00;8780
WINFUT;08/08/2012;16:30:00;169275,94;169649,05;168802,38;169419,44;344263290,00;9964
WINFUT;08/08/2012;16:00:00;168802,38;169462,49;168529,72;169218,54;384759788,70;11219
WINFUT;08/08/2012;15:30:00;168386,22;169046,33;168142,27;168788,03;355026002,30;10379
WINFUT;08/08/2012;15:00:00;168874,13;169003,28;168127,92;168386,22;392451540,50;11401
WINFUT;08/08/2012;14:30:00;168859,78;169189,84;168601,48;168902,83;259912326,30;7537
WINFUT;08/08/2012;14:00:00;168945,88;169046,33;168687,58;168831,08;158025316,80;4607
WINFUT;08/08/2012;13:30:00;169089,39;169132,44;168630,18;168888,48;203113906,10;5886
WINFUT;08/08/2012;13:00:00;169146,79;169347,69;168845,43;169132,44;228198200,80;6614
WINFUT;08/08/2012;12:30:00;168716,28;169663,40;168701,93;169132,44;343689278,70;10043
WINFUT;08/08/2012;12:00:00;168472,32;169247,24;168343,17;168673,23;369232782,50;10679
WINFUT;08/08/2012;11:30:00;168673,23;168974,58;168328,82;168443,62;388605664,60;11363
WINFUT;08/08/2012;11:00:00;167955,71;169304,64;167812,21;168630,18;538508721,20;15794
WINFUT;08/08/2012;10:30:00;167109,05;168472,32;166750,29;167941,36;746128616,20;22560
WINFUT;08/08/2012;10:00:00;165745,77;167582,61;165559,22;167066,00;588849514,10;19266
WINFUT;08/08/2012;09:30:00;165430,06;166291,08;165257,86;165760,12;321733345,70;10508
WINFUT;08/08/2012;09:00:00;165171,76;165659,67;164597,75;165458,76;230867353,50;7456
WINFUT;07/08/2012;17:00:00;165674,02;166061,48;165616,62;165874,92;151768593,40;4964
WINFUT;07/08/2012;16:30:00;166735,94;166750,29;165602,27;165659,67;372016737,40;12064
WINFUT;07/08/2012;16:00:00;166994,24;167051,64;166592,44;166721,59;195221250,40;6362
WINFUT;07/08/2012;15:30:00;166922,49;167324,30;166621,14;166994,24;227939895,70;7418
WINFUT;07/08/2012;15:00:00;166965,54;167467,80;166822,04;166922,49;245131534,80;7903
WINFUT;07/08/2012;14:30:00;167984,41;168386,22;166233,68;166979,89;565056744,80;17489
WINFUT;07/08/2012;14:00:00;168127,92;168285,77;167740,46;167984,41;180641362,90;5330
WINFUT;07/08/2012;13:30:00;168687,58;168716,28;168084,87;168127,92;191719781,40;5622
WINFUT;07/08/2012;13:00:00;168701,93;169046,33;168486,67;168687,58;202798199,90;5901
WINFUT;07/08/2012;12:30:00;167955,71;168888,48;167754,81;168687,58;321360238,30;9461
WINFUT;07/08/2012;12:00:00;168515,37;168658,88;167740,46;167970,06;475338775,30;13827
WINFUT;07/08/2012;11:30:00;169247,24;169433,79;168343,17;168544,07;534662845,30;15579
WINFUT;07/08/2012;11:00:00;170538,76;170710,97;169017,63;169247,24;738551666,70;21628
WINFUT;07/08/2012;10:30:00;169376,39;170667,92;169232,89;170524,41;639907821,10;18891
WINFUT;07/08/2012;10:00:00;168859,78;169620,35;168816,73;169405,09;358240465,70;10684
WINFUT;07/08/2012;09:30:00;168558,42;169247,24;168515,37;168859,78;246910969,90;7477
WINFUT;07/08/2012;09:00:00;168013,11;168630,18;167998,76;168558,42;138853338,70;4276
WINFUT;06/08/2012;17:00:00;167984,41;168185,32;167611,31;167611,31;188361815,10;5541
WINFUT;06/08/2012;16:30:00;168960,23;169118,09;167898,31;168013,11;643237086,80;18687
WINFUT;06/08/2012;16:00:00;169376,39;169835,60;168917,18;168945,88;423448151,80;12302
WINFUT;06/08/2012;15:30:00;169405,09;169620,35;168917,18;169390,74;422902841,10;12230
WINFUT;06/08/2012;15:00:00;168199,67;169462,49;168185,32;169419,44;534748947,00;15576
WINFUT;06/08/2012;14:30:00;168156,62;168558,42;167970,06;168199,67;302963175,40;8775
WINFUT;06/08/2012;14:00:00;167711,76;168257,07;167525,20;168127,92;228657409,90;6637
WINFUT;06/08/2012;13:30:00;167439,10;167754,81;167410,40;167711,76;94080455,58;2747
WINFUT;06/08/2012;13:00:00;167740,46;167783,51;167396,05;167439,10;125966784,50;3688
WINFUT;06/08/2012;12:30:00;167396,05;167812,21;167338,65;167754,81;177914809,10;5227
WINFUT;06/08/2012;12:00:00;167467,80;167984,41;167367,35;167381,70;345870521,70;10113
WINFUT;06/08/2012;11:30:00;167051,64;167611,31;166951,19;167424,75;230695150,10;7372
WINFUT;06/08/2012;11:00:00;167080,35;167482,15;166879,44;167051,64;345612216,60;11214
WINFUT;06/08/2012;10:30:00;165013,90;167668,71;164784,30;167094,70;945884556,00;30362
WINFUT;06/08/2012;10:00:00;163808,48;165028,25;163722,38;165013,90;320040012,30;10561
WINFUT;06/08/2012;09:30:00;163908,93;163995,03;163464,07;163808,48;110267574,80;3615
WINFUT;06/08/2012;09:00:00;164310,74;164310,74;163449,72;163851,53;145655372,80;4689
WINFUT;03/08/2012;17:00:00;164798,65;165530,51;164669,50;165013,90;309191198,30;10010
WINFUT;03/08/2012;16:30:00;164755,60;165028,25;164296,39;164784,30;325206114,20;10564
WINFUT;03/08/2012;16:00:00;164612,10;164942,15;164439,89;164755,60;231269161,40;7538
WINFUT;03/08/2012;15:30:00;164899,10;165013,90;164382,49;164597,75;237324980,80;7670
WINFUT;03/08/2012;15:00:00;164942,15;165171,76;164841,70;164913,45;200100346,60;6473
WINFUT;03/08/2012;14:30:00;164626,45;164999,55;164497,29;164956,50;158427124,70;5156
WINFUT;03/08/2012;14:00:00;164741,25;164999,55;164497,29;164626,45;132625315,80;4315
WINFUT;03/08/2012;13:30:00;164913,45;165114,36;164669,50;164726,90;131018084,10;4293
WINFUT;03/08/2012;13:00:00;164942,15;165243,51;164813,00;164899,10;267288371,80;8623
WINFUT;03/08/2012;12:30:00;164396,84;165013,90;164353,79;164956,50;204979442,90;6686
WINFUT;03/08/2012;12:00:00;164497,29;164856,05;164282,04;164382,49;261404755,80;8453
WINFUT;03/08/2012;11:30:00;164813,00;164884,75;164267,69;164468,59;222400686,50;7275
WINFUT;03/08/2012;11:00:00;164554,70;165028,25;164267,69;164798,65;467847927,50;15287
WINFUT;03/08/2012;10:30:00;163736,73;164655,15;163334,92;164540,35;633622397,20;20550
WINFUT;03/08/2012;10:00:00;163593,23;164066,79;163234,47;163736,73;358068262,30;11924
WINFUT;03/08/2012;09:30:00;161842,49;163880,23;161842,49;163550,18;377527246,10;12312
WINFUT;03/08/2012;09:00:00;161354,58;161985,99;161239,78;161756,39;131649496,60;4294
WINFUT;02/08/2012;17:00:00;159919,55;159933,90;159230,74;159230,74;223003398,40;7421
WINFUT;02/08/2012;16:30:00;159618,20;160063,06;159388,59;159919,55;367281144,00;12323
WINFUT;02/08/2012;16:00:00;159546,45;159991,31;159374,24;159603,85;242720687,30;8125
WINFUT;02/08/2012;15:30:00;159460,35;159948,25;159331,19;159546,45;232158878,90;7827
WINFUT;02/08/2012;15:00:00;159259,44;159747,35;159087,24;159431,64;250412439,00;8380
WINFUT;02/08/2012;14:30:00;160048,71;160120,46;159144,64;159288,14;233880912,90;7881
WINFUT;02/08/2012;14:00:00;159618,20;160163,51;159345,54;160020,01;268723400,10;9079
WINFUT;02/08/2012;13:30:00;159431,64;159876,50;158742,83;159618,20;427609733,90;14321
WINFUT;02/08/2012;13:00:00;159933,90;160436,16;159345,54;159417,29;264246111,80;8921
WINFUT;02/08/2012;12:30:00;160364,41;160450,51;159546,45;159962,60;285398429,00;9629
WINFUT;02/08/2012;12:00:00;160565,32;160967,12;160120,46;160421,81;400487699,00;13493
WINFUT;02/08/2012;11:30:00;161914,24;161928,59;160579,67;160579,67;449163859,00;14965
WINFUT;02/08/2012;11:00:00;161268,48;162014,70;160766,22;161914,24;501944200,00;16506
WINFUT;02/08/2012;10:30:00;160177,86;162014,70;159847,80;161254,13;806658110,00;26839
WINFUT;02/08/2012;10:00:00;159733,00;160421,81;159101,59;160134,81;618267594,30;20720
WINFUT;02/08/2012;09:30:00;162961,81;164152,89;159230,74;159790,40;1040797328,00;33953
WINFUT;02/08/2012;09:00:00;163105,32;163205,77;162416,50;162961,81;168788029,10;5448
WINFUT;01/08/2012;17:00:00;162330,40;162875,71;161957,29;162445,20;199153228,00;6521
WINFUT;01/08/2012;16:30:00;162775,26;162904,41;162072,10;162373,45;366075720,20;12015
WINFUT;01/08/2012;16:00:00;162115,15;162961,81;161928,59;162803,96;455621486,40;14833
WINFUT;01/08/2012;15:30:00;162100,80;162201,25;161153,68;162115,15;416158208,00;13710
WINFUT;01/08/2012;15:00:00;162301,70;162746,56;160579,67;162100,80;712893360,60;23169
WINFUT;01/08/2012;14:30:00;162775,26;163177,07;162229,95;162301,70;309191198,30;10084
WINFUT;01/08/2012;14:00:00;163334,92;163334,92;162689,16;162803,96;246107354,10;8043
WINFUT;01/08/2012;13:30:00;162402,15;163449,72;162244,30;163334,92;297538768,50;9634
WINFUT;01/08/2012;13:00:00;162330,40;162516,96;161785,09;162416,50;264073908,40;8592
WINFUT;01/08/2012;12:30:00;161584,19;162617,41;161541,14;162344,75;384616285,90;12425
WINFUT;01/08/2012;12:00:00;161397,63;161799,44;161053,23;161584,19;356805437,40;11816
WINFUT;01/08/2012;11:30:00;160134,81;161512,44;159976,96;161397,63;585864655,20;19674
WINFUT;01/08/2012;11:00:00;159790,40;160393,11;159431,64;160106,11;495773578,30;16673
WINFUT;01/08/2012;10:30:00;161813,79;162014,70;159517,75;159790,40;806428505,50;27032
WINFUT;01/08/2012;10:00:00;161985,99;162387,80;161139,33;161842,49;409470976,10;13612
WINFUT;01/08/2012;09:30:00;161957,29;162215,60;161727,69;161942,94;159345542,80;5201
WINFUT;01/08/2012;09:00:00;161641,59;162014,70;161053,23;161957,29;177340797,80;5850
WINFUT;31/07/2012;17:00:00;161756,39;161813,79;160622,72;160809,27;406945326,30;13456
WINFUT;31/07/2012;16:30:00;161899,89;162143,85;161727,69;161770,74;364124081,70;11846
WINFUT;31/07/2012;16:00:00;162186,90;162258,65;161641,59;161899,89;323627583,00;10533
WINFUT;31/07/2012;15:30:00;162789,61;163033,57;162172,55;162172,55;325780125,50;10550
WINFUT;31/07/2012;15:00:00;161799,44;162803,96;161698,99;162789,61;353533572,90;11470
WINFUT;31/07/2012;14:30:00;162674,81;162674,81;161742,04;161813,79;259539219,00;8434
WINFUT;31/07/2012;14:00:00;161742,04;162660,46;161627,24;162660,46;325808826,00;10605
WINFUT;31/07/2012;13:30:00;162330,40;162402,15;161526,79;161727,69;329597300,80;10677
WINFUT;31/07/2012;13:00:00;163205,77;163248,82;162201,25;162344,75;370036398,40;11978
WINFUT;31/07/2012;12:30:00;163607,58;163794,13;163105,32;163220,12;178230515,30;5763
WINFUT;31/07/2012;12:00:00;163564,53;163865,88;163234,47;163593,23;336370634,40;10906
WINFUT;31/07/2012;11:30:00;163808,48;164038,09;163205,77;163521,48;456884311,30;14872
WINFUT;31/07/2012;11:00:00;164569,05;165056,96;162818,31;163765,43;926798679,60;29871
WINFUT;31/07/2012;10:30:00;164683,85;165602,27;164425,54;164569,05;638530194,00;20587
WINFUT;31/07/2012;10:00:00;165300,91;165300,91;163708,03;164669,50;612642283,40;20188
WINFUT;31/07/2012;09:30:00;165114,36;165717,07;164884,75;165257,86;192465996,10;6265
WINFUT;31/07/2012;09:00:00;165315,26;165530,51;164942,15;165056,96;122867123,40;4001
WINFUT;30/07/2012;17:00:00;164856,05;165688,37;164813,00;165659,67;301556847,70;9766
WINFUT;30/07/2012;16:30:00;163894,58;165028,25;163779,78;164870,40;298514587,70;9776
WINFUT;30/07/2012;16:00:00;164425,54;164439,89;163507,12;163923,28;348855380,60;11349
WINFUT;30/07/2012;15:30:00;164081,14;164597,75;163937,63;164425,54;264820123,10;8609
WINFUT;30/07/2012;15:00:00;163593,23;164124,19;163263,17;164081,14;229547127,40;7509
WINFUT;30/07/2012;14:30:00;163435,37;164325,09;163105,32;163636,28;444112559,40;14467
WINFUT;30/07/2012;14:00:00;162760,91;163550,18;162646,11;163421,02;318920690,20;10377
WINFUT;30/07/2012;13:30:00;162100,80;162847,01;161942,94;162760,91;240826449,90;7881
WINFUT;30/07/2012;13:00:00;161885,54;162330,40;161612,89;162100,80;175934470,00;5790
WINFUT;30/07/2012;12:30:00;162014,70;162014,70;161469,38;161856,84;251043851,40;8230
WINFUT;30/07/2012;12:00:00;161842,49;162531,31;161785,09;162014,70;372389844,80;12150
WINFUT;30/07/2012;11:30:00;162803,96;162818,31;161655,94;161842,49;546286574,60;17690
WINFUT;30/07/2012;11:00:00;163478,42;163492,77;162660,46;162832,66;364296285,10;11803
WINFUT;30/07/2012;10:30:00;162832,66;163550,18;162502,61;163449,72;537963410,40;17585
WINFUT;30/07/2012;10:00:00;162875,71;163406,67;162344,75;162818,31;402468038,00;13365
WINFUT;30/07/2012;09:30:00;163679,33;164081,14;162875,71;162875,71;205467352,50;6742
WINFUT;30/07/2012;09:00:00;162832,66;164813,00;162560,01;163736,73;274434812,80;8956
WINFUT;27/07/2012;17:00:00;163191,42;164023,74;162976,16;164023,74;256066450,50;8320
WINFUT;27/07/2012;16:30:00;163119,67;163349,27;162287,35;163234,47;418741259,00;13611
WINFUT;27/07/2012;16:00:00;164038,09;164066,79;163019,22;163148,37;456769509,00;14910
WINFUT;27/07/2012;15:30:00;163162,72;164540,35;162976,16;164052,44;637870080,90;20757
WINFUT;27/07/2012;15:00:00;162459,55;164066,79;162416,50;163205,77;828355737,90;26415
WINFUT;27/07/2012;14:30:00;158814,58;162560,01;158728,48;162459,55;1310898355,00;43609
WINFUT;27/07/2012;14:00:00;157853,11;158972,44;157652,21;158814,58;404850185,00;13661
WINFUT;27/07/2012;13:30:00;157680,91;157996,62;157523,06;157881,81;166233678,70;5677
WINFUT;27/07/2012;13:00:00;157853,11;157853,11;157207,35;157695,26;285771536,40;9757
WINFUT;27/07/2012;12:30:00;158226,22;158297,97;157680,91;157824,41;216430968,70;7297
WINFUT;27/07/2012;12:00:00;158355,37;158527,58;158068,37;158240,57;248288597,10;8403
WINFUT;27/07/2012;11:30:00;157996,62;158398,42;157723,96;158341,02;320298317,40;10849
WINFUT;27/07/2012;11:00:00;158369,72;158699,78;157924,86;157996,62;408954365,90;13771
WINFUT;27/07/2012;10:30:00;157996,62;158570,63;157365,20;158369,72;526884991,90;17761
WINFUT;27/07/2012;10:00:00;156963,40;158312,32;156934,70;158039,67;359589392,30;11971
WINFUT;27/07/2012;09:30:00;156446,79;157221,70;156446,79;156920,34;215512550,60;7252
WINFUT;27/07/2012;09:00:00;156073,68;156547,24;155844,07;156389,38;130042264,90;4392
WINFUT;26/07/2012;17:00:00;155915,83;156131,08;155600,12;155786,67;292803175,10;9893
WINFUT;26/07/2012;16:30:00;155298,76;156174,13;155140,91;155915,83;467761825,80;15950
WINFUT;26/07/2012;16:00:00;155069,16;155327,46;154911,31;155298,76;314443401,90;10766
WINFUT;26/07/2012;15:30:00;154911,31;155212,66;154681,70;155069,16;274434812,80;9397
WINFUT;26/07/2012;15:00:00;154050,29;155083,51;154035,94;154925,66;509836855,70;17523
WINFUT;26/07/2012;14:30:00;154093,34;154308,59;153806,33;154050,29;237870291,60;8172
WINFUT;26/07/2012;14:00:00;153289,72;154236,84;153261,02;154093,34;507569511,00;17364
WINFUT;26/07/2012;13:30:00;152916,62;153490,63;152730,06;153304,07;253971309,20;8721
WINFUT;26/07/2012;13:00:00;152414,36;153088,82;152342,60;152945,32;221740573,50;7613
WINFUT;26/07/2012;12:30:00;152500,46;152672,66;152299,55;152414,36;198866222,30;6860
WINFUT;26/07/2012;12:00:00;152500,46;152529,16;152055,60;152486,11;243840009,30;8403
WINFUT;26/07/2012;11:30:00;152887,92;153088,82;152184,75;152514,81;330458317,70;11382
WINFUT;26/07/2012;11:00:00;152428,71;153088,82;152170,40;152859,21;407777642,70;14030
WINFUT;26/07/2012;10:30:00;153203,62;153490,63;152041,25;152457,41;695156410,80;23866
WINFUT;26/07/2012;10:00:00;153103,17;153648,48;152902,27;153203,62;384214478,00;13226
WINFUT;26/07/2012;09:30:00;152529,16;153533,68;152471,76;153088,82;288440689,00;9879
WINFUT;26/07/2012;09:00:00;153060,12;153117,52;152471,76;152471,76;221740573,50;7577
WINFUT;25/07/2012;17:00:00;151108,48;151825,99;151108,48;151811,64;188534018,50;6475
WINFUT;25/07/2012;16:30:00;151510,29;151510,29;150577,52;151108,48;402439337,40;13890
WINFUT;25/07/2012;16:00:00;152069,95;152256,50;151036,73;151510,29;432144423,30;14918
WINFUT;25/07/2012;15:30:00;151696,84;152400,01;151553,34;152069,95;399827585,90;13756
WINFUT;25/07/2012;15:00:00;151452,89;151711,19;151208,93;151696,84;201564075,50;6964
WINFUT;25/07/2012;14:30:00;151309,38;151797,29;151022,38;151467,24;287005660,70;9937
WINFUT;25/07/2012;14:00:00;151352,44;151596,39;151194,58;151338,08;133342830,00;4621
WINFUT;25/07/2012;13:30:00;150921,93;151639,44;150921,93;151352,44;184716843,20;6384
WINFUT;25/07/2012;13:00:00;151051,08;151381,14;150835,82;150936,28;173093114,00;5987
WINFUT;25/07/2012;12:30:00;150792,77;151251,98;150735,37;151079,78;200731759,10;6937
WINFUT;25/07/2012;12:00:00;150735,37;151094,13;150563,17;150778,42;290535830,30;10071
WINFUT;25/07/2012;11:30:00;151553,34;151567,69;150548,82;150735,37;383898771,80;13268
WINFUT;25/07/2012;11:00:00;151797,29;151797,29;151036,73;151596,39;457458322,60;15839
WINFUT;25/07/2012;10:30:00;152615,26;153060,12;151323,73;151797,29;798334945,80;27462
WINFUT;25/07/2012;10:00:00;153203,62;153361,47;152557,86;152557,86;391332218,40;13478
WINFUT;25/07/2012;09:30:00;152830,51;153433,23;152787,46;153232,32;207045883,60;7084
WINFUT;25/07/2012;09:00:00;153045,77;153261,02;152285,20;152887,92;160723170,00;5492
WINFUT;24/07/2012;17:00:00;151582,04;151811,64;151251,98;151481,59;194532436,80;6687
WINFUT;24/07/2012;16:30:00;151338,08;151869,05;151022,38;151582,04;428929959,90;14809
WINFUT;24/07/2012;16:00:00;151165,88;151381,14;150706,67;151352,44;334993007,20;11580
WINFUT;24/07/2012;15:30:00;151051,08;151223,28;150749,72;151180,23;240596845,40;8290
WINFUT;24/07/2012;15:00:00;151395,49;151582,04;151036,73;151036,73;184774244,40;6378
WINFUT;24/07/2012;14:30:00;151180,23;151696,84;150993,68;151381,14;221281364,40;7634
WINFUT;24/07/2012;14:00:00;151266,33;151524,64;150893,23;151223,28;208796618,20;7204
WINFUT;24/07/2012;13:30:00;151079,78;151495,94;151008,03;151309,38;223003398,40;7700
WINFUT;24/07/2012;13:00:00;151495,94;151495,94;150807,12;151065,43;311142836,80;10735
WINFUT;24/07/2012;12:30:00;152055,60;152156,05;151323,73;151495,94;289531310,50;9995
WINFUT;24/07/2012;12:00:00;151782,94;152572,21;151639,44;152041,25;373652669,70;12878
WINFUT;24/07/2012;11:30:00;151438,54;152113,00;151352,44;151782,94;371528827,80;12817
WINFUT;24/07/2012;11:00:00;152256,50;152471,76;151108,48;151452,89;658103980,00;22614
WINFUT;24/07/2012;10:30:00;153361,47;153461,93;151983,85;152285,20;559948044,00;19312
WINFUT;24/07/2012;10:00:00;152773,11;153677,18;152687,01;153361,47;422271428,60;14494
WINFUT;24/07/2012;09:30:00;152600,91;152974,02;152414,36;152773,11;205496053,10;7029
WINFUT;24/07/2012;09:00:00;152428,71;152730,06;151854,70;152543,51;237611986,50;8117
WINFUT;23/07/2012;17:00:00;152500,46;153304,07;152500,46;153304,07;231383963,70;7931
WINFUT;23/07/2012;16:30:00;152830,51;152844,86;152328,25;152514,81;295701932,20;10212
WINFUT;23/07/2012;16:00:00;152127,35;152902,27;151825,99;152830,51;366133121,40;12618
WINFUT;23/07/2012;15:30:00;152098,65;152471,76;152041,25;152098,65;217923398,20;7520
WINFUT;23/07/2012;15:00:00;152600,91;153131,87;151998,20;152113,00;523010415,50;17952
WINFUT;23/07/2012;14:30:00;151381,14;152816,16;151366,79;152629,61;584860135,40;20115
WINFUT;23/07/2012;14:00:00;151395,49;151510,29;151194,58;151395,49;163736729,40;5668
WINFUT;23/07/2012;13:30:00;151065,43;151538,99;150850,18;151381,14;212872098,50;7381
WINFUT;23/07/2012;13:00:00;151266,33;151338,08;150850,18;151051,08;118045428,30;4089
WINFUT;23/07/2012;12:30:00;151280,68;151338,08;150921,93;151266,33;148496728,90;5131
WINFUT;23/07/2012;12:00:00;151223,28;151495,94;150921,93;151266,33;258218992,90;8937
WINFUT;23/07/2012;11:30:00;150993,68;151538,99;150778,42;151194,58;337518657,00;11674
WINFUT;23/07/2012;11:00:00;150735,37;151108,48;150448,37;150993,68;351524533,20;12202
WINFUT;23/07/2012;10:30:00;151912,10;152026,90;150333,57;150721,02;685914828,50;23657
WINFUT;23/07/2012;10:00:00;152299,55;152457,41;151668,14;151912,10;361741934,80;12459
WINFUT;23/07/2012;09:30:00;152471,76;152514,81;151955,15;152299,55;192064188,10;6618
WINFUT;23/07/2012;09:00:00;152586,56;153031,42;152213,45;152500,46;225414245,90;7715
WINFUT;20/07/2012;17:00:00;156044,98;156159,78;155427,92;155427,92;153404525,70;5138
WINFUT;20/07/2012;16:30:00;156274,58;156403,73;155901,47;156116,73;134663056,00;4583
WINFUT;20/07/2012;16:00:00;156202,83;156461,14;155858,42;156231,53;179981249,80;6133
WINFUT;20/07/2012;15:30:00;155987,58;156217,18;155801,02;156202,83;184487238,70;6326
WINFUT;20/07/2012;15:00:00;156532,89;156647,69;155901,47;156001,93;194044527,20;6624
WINFUT;20/07/2012;14:30:00;156102,38;156575,94;156102,38;156575,94;186266673,80;6302
WINFUT;20/07/2012;14:00:00;156877,29;156891,64;155958,88;156116,73;258075490,10;8770
WINFUT;20/07/2012;13:30:00;156891,64;156949,05;156331,98;156862,94;274147807,10;9348
WINFUT;20/07/2012;13:00:00;157350,85;157350,85;156762,49;156905,99;239821930,10;8110
WINFUT;20/07/2012;12:30:00;157666,56;157781,36;157279,10;157350,85;227078878,80;7737
WINFUT;20/07/2012;12:00:00;157537,41;158355,37;157408,25;157695,26;461218096,80;15584
WINFUT;20/07/2012;11:30:00;157767,01;157795,71;157078,20;157508,71;373681370,20;12656
WINFUT;20/07/2012;11:00:00;156791,19;157996,62;156618,99;157752,66;548840925,00;18724
WINFUT;20/07/2012;10:30:00;157637,86;158197,52;156690,74;156805,54;694438896,70;23573
WINFUT;20/07/2012;10:00:00;157695,26;157953,57;157193,00;157594,81;315849729,60;10759
WINFUT;20/07/2012;09:30:00;158054,02;158197,52;157279,10;157680,91;222745093,30;7466
WINFUT;20/07/2012;09:00:00;158541,93;158656,73;157637,86;158068,37;202597295,90;6687
WINFUT;19/07/2012;17:00:00;159776,05;159862,15;159431,64;159761,70;211494471,40;6893
WINFUT;19/07/2012;16:30:00;159202,04;159862,15;159187,69;159733,00;232244980,60;7730
WINFUT;19/07/2012;16:00:00;159575,15;159661,25;159087,24;159230,74;342110747,60;11364
WINFUT;19/07/2012;15:30:00;159718,65;160134,81;159417,29;159575,15;307182158,70;10145
WINFUT;19/07/2012;15:00:00;159575,15;159919,55;159388,59;159718,65;224926336,30;7524
WINFUT;19/07/2012;14:30:00;159675,60;159991,31;159245,09;159546,45;364267584,60;12015
WINFUT;19/07/2012;14:00:00;159517,75;159790,40;159489,05;159689,95;133141926,00;4386
WINFUT;19/07/2012;13:30:00;159517,75;159661,25;159374,24;159560,80;143215824,70;4805
WINFUT;19/07/2012;13:00:00;159288,14;159675,60;159144,64;159532,10;174815147,90;5863
WINFUT;19/07/2012;12:30:00;159345,54;159460,35;159072,89;159288,14;195163849,30;6584
WINFUT;19/07/2012;12:00:00;159101,59;159460,35;158943,73;159316,84;216861477,20;7289
WINFUT;19/07/2012;11:30:00;158843,28;159331,19;158384,07;159087,24;367166341,70;12324
WINFUT;19/07/2012;11:00:00;158900,68;158972,44;158154,47;158814,58;566434372,00;19046
WINFUT;19/07/2012;10:30:00;158025,32;159144,64;157896,16;158915,03;683991890,60;22954
WINFUT;19/07/2012;10:00:00;157752,66;158341,02;157537,41;157996,62;306981254,70;10309
WINFUT;19/07/2012;09:30:00;158197,52;158470,18;157680,91;157752,66;240395941,40;8003
WINFUT;19/07/2012;09:00:00;157881,81;158412,77;157853,11;158183,17;156934695,30;5168
WINFUT;18/07/2012;17:00:00;157408,25;157666,56;157020,80;157279,10;222630291,00;7537
WINFUT;18/07/2012;16:30:00;157078,20;157508,71;157078,20;157393,90;238673907,40;8145
WINFUT;18/07/2012;16:00:00;156647,69;157365,20;156633,34;157049,50;348625776,10;11921
WINFUT;18/07/2012;15:30:00;156934,70;157049,50;156331,98;156633,34;298830293,90;10174
WINFUT;18/07/2012;15:00:00;156575,94;157049,50;156446,79;156934,70;229116618,90;7814
WINFUT;18/07/2012;14:30:00;156934,70;156977,75;156432,44;156561,59;225902155,50;7694
WINFUT;18/07/2012;14:00:00;156977,75;157178,65;156776,84;156934,70;107340117,10;3665
WINFUT;18/07/2012;13:30:00;157049,50;157207,35;156819,89;156963,40;136614694,50;4666
WINFUT;18/07/2012;13:00:00;156647,69;157207,35;156647,69;157049,50;237985093,90;8144
WINFUT;18/07/2012;12:30:00;156604,64;157049,50;156547,24;156662,04;202310290,20;6937
WINFUT;18/07/2012;12:00:00;156877,29;156949,05;156518,54;156590,29;231211760,30;7898
WINFUT;18/07/2012;11:30:00;156231,53;156992,10;156001,93;156905,99;366534929,30;12516
WINFUT;18/07/2012;11:00:00;155241,36;156618,99;155155,26;156245,88;621682961,70;21221
WINFUT;18/07/2012;10:30:00;154437,75;155714,92;154122,04;155212,66;768601159,40;26349
WINFUT;18/07/2012;10:00:00;154925,66;155069,16;154193,79;154394,70;318576283,40;10925
WINFUT;18/07/2012;09:30:00;155155,26;155212,66;154523,85;154925,66;178173114,20;6077
WINFUT;18/07/2012;09:00:00;154753,45;155241,36;154624,30;155069,16;128377632,00;4357
WINFUT;17/07/2012;17:00:00;155470,97;155700,57;155384,86;155470,97;190284753,10;6427
WINFUT;17/07/2012;16:30:00;155528,37;155600,12;155054,81;155499,67;274779219,60;9404
WINFUT;17/07/2012;16:00:00;155514,02;155815,37;155413,57;155542,72;236033455,40;8056
WINFUT;17/07/2012;15:30:00;155298,76;155628,82;155054,81;155557,07;232216280,10;7941
WINFUT;17/07/2012;15:00:00;155442,27;155686,22;155198,31;155284,41;208366109,70;7151
WINFUT;17/07/2012;14:30:00;155456,62;155772,32;155126,56;155442,27;238157297,30;8175
WINFUT;17/07/2012;14:00:00;154825,20;155714,92;154810,85;155442,27;258333795,20;8833
WINFUT;17/07/2012;13:30:00;155270,06;155585,77;154739,10;154853,90;296706452,00;10123
WINFUT;17/07/2012;13:00:00;154653,00;155399,21;154566,90;155270,06;268838202,40;9193
WINFUT;17/07/2012;12:30:00;153992,89;154882,60;153791,98;154624,30;369462387,00;12651
WINFUT;17/07/2012;12:00:00;153591,08;154193,79;153433,23;154007,24;331233233,00;11416
WINFUT;17/07/2012;11:30:00;154179,44;154480,80;152887,92;153591,08;612269176,00;21090
WINFUT;17/07/2012;11:00:00;154739,10;154739,10;153490,63;154193,79;598808610,50;20506
WINFUT;17/07/2012;10:30:00;155284,41;155844,07;154394,70;154739,10;630034826,40;21584
WINFUT;17/07/2012;10:00:00;155126,56;155628,82;154437,75;155284,41;343660578,10;11770
WINFUT;17/07/2012;09:30:00;155183,96;155356,16;154724,75;155183,96;154954356,20;5296
WINFUT;17/07/2012;09:00:00;155241,36;155485,32;154925,66;155140,91;143388028,10;4896
WINFUT;16/07/2012;17:00:00;153949,84;154552,55;153634,13;154495,15;214852437,60;7339
WINFUT;16/07/2012;16:30:00;154724,75;154739,10;153691,53;153949,84;381172218,00;13103
WINFUT;16/07/2012;16:00:00;154696,05;155097,86;154365,99;154739,10;171227577,20;5870
WINFUT;16/07/2012;15:30:00;154810,85;154968,71;154337,29;154653,00;180612662,30;6166
WINFUT;16/07/2012;15:00:00;154839,55;155227,01;154710,40;154810,85;231642268,80;7899
WINFUT;16/07/2012;14:30:00;154122,04;154997,41;154035,94;154839,55;327903967,40;11242
WINFUT;16/07/2012;14:00:00;153619,78;154251,19;153504,98;154150,74;203487013,40;7000
WINFUT;16/07/2012;13:30:00;153806,33;153892,44;153232,32;153591,08;208968821,60;7176
WINFUT;16/07/2012;13:00:00;154322,94;154337,29;153720,23;153806,33;178402718,70;6114
WINFUT;16/07/2012;12:30:00;154380,34;154509,50;153978,54;154308,59;213934019,50;7323
WINFUT;16/07/2012;12:00:00;154839,55;155054,81;154308,59;154380,34;226849274,20;7795
WINFUT;16/07/2012;11:30:00;154839,55;155370,51;154566,90;154839,55;272884982,20;9386
WINFUT;16/07/2012;11:00:00;154868,25;155054,81;154251,19;154839,55;359675494,00;12325
WINFUT;16/07/2012;10:30:00;156375,03;156618,99;154696,05;154853,90;544679342,90;18523
WINFUT;16/07/2012;10:00:00;156475,49;156877,29;156145,43;156360,68;232158878,90;7933
WINFUT;16/07/2012;09:30:00;156274,58;156776,84;156016,28;156475,49;197115487,80;6691
WINFUT;16/07/2012;09:00:00;156260,23;156561,59;156116,73;156317,63;104843167,90;3537
WINFUT;13/07/2012;17:00:00;156647,69;157279,10;156561,59;156934,70;185778764,20;6271
WINFUT;13/07/2012;16:30:00;156604,64;156834,24;156475,49;156647,69;181014470,20;6196
WINFUT;13/07/2012;16:00:00;156532,89;156920,34;156532,89;156604,64;188046108,90;6425
WINFUT;13/07/2012;15:30:00;156202,83;156561,59;156059,33;156547,24;115634580,70;3947
WINFUT;13/07/2012;15:00:00;156375,03;156418,09;155987,58;156217,18;147492209,00;5043
WINFUT;13/07/2012;14:30:00;156274,58;156575,94;156159,78;156375,03;142670513,90;4878
WINFUT;13/07/2012;14:00:00;156274,58;156389,38;156159,78;156231,53;93908252,18;3219
WINFUT;13/07/2012;13:30:00;155915,83;156331,98;155844,07;156274,58;94137856,71;3211
WINFUT;13/07/2012;13:00:00;156044,98;156231,53;155844,07;155901,47;103896049,20;3548
WINFUT;13/07/2012;12:30:00;156116,73;156389,38;155915,83;156044,98;139972660,70;4812
WINFUT;13/07/2012;12:00:00;156030,63;156231,53;155514,02;156059,33;268608597,90;9203
WINFUT;13/07/2012;11:30:00;156346,33;156705,09;155930,18;156059,33;250699444,60;8571
WINFUT;13/07/2012;11:00:00;156791,19;157020,80;156231,53;156303,28;287436169,20;9824
WINFUT;13/07/2012;10:30:00;155657,52;157078,20;155600,12;156762,49;579349626,70;19752
WINFUT;13/07/2012;10:00:00;155887,12;155987,58;155026,11;155686,22;320327017,90;10946
WINFUT;13/07/2012;09:30:00;155815,37;156131,08;155557,07;155872,77;159833452,50;5436
WINFUT;13/07/2012;09:00:00;154925,66;155958,88;154739,10;155671,87;181818086,10;6139
WINFUT;12/07/2012;17:00:00;153648,48;153906,79;153548,03;153820,68;186094470,40;6338
WINFUT;12/07/2012;16:30:00;154365,99;154696,05;153605,43;153677,18;320097413,40;11003
WINFUT;12/07/2012;16:00:00;154050,29;154609,95;153906,79;154380,34;299375604,70;10247
WINFUT;12/07/2012;15:30:00;153820,68;154208,14;153705,88;154064,64;233507805,60;8031
WINFUT;12/07/2012;15:00:00;153519,33;153978,54;153404,53;153791,98;219961138,40;7587
WINFUT;12/07/2012;14:30:00;153605,43;153978,54;153304,07;153533,68;213273906,50;7321
WINFUT;12/07/2012;14:00:00;153304,07;153978,54;153146,22;153605,43;263643399,90;9041
WINFUT;12/07/2012;13:30:00;153174,92;153347,12;152930,97;153289,72;130788479,60;4508
WINFUT;12/07/2012;13:00:00;153217,97;153390,18;152945,32;153146,22;164741249,20;5670
WINFUT;12/07/2012;12:30:00;153088,82;153533,68;152887,92;153217,97;327817865,70;11274
WINFUT;12/07/2012;12:00:00;152184,75;153375,83;152184,75;153074,47;507483409,30;17402
WINFUT;12/07/2012;11:30:00;152084,30;152342,60;151711,19;152213,45;307239559,80;10606
WINFUT;12/07/2012;11:00:00;151768,59;152170,40;151668,14;152098,65;283159784,90;9778
WINFUT;12/07/2012;10:30:00;152113,00;152113,00;151323,73;151739,89;351065324,20;12138
WINFUT;12/07/2012;10:00:00;152543,51;152773,11;151438,54;152113,00;367682951,90;12654
WINFUT;12/07/2012;09:30:00;152672,66;153261,02;152256,50;152529,16;181932888,30;6217
WINFUT;12/07/2012;09:00:00;152199,10;152801,81;151969,50;152557,86;134404750,90;4609
WINFUT;11/07/2012;17:00:00;154351,64;154523,85;153935,49;153978,54;150304864,50;5096
WINFUT;11/07/2012;16:30:00;154078,99;154896,96;153849,38;154380,34;385850410,30;13180
WINFUT;11/07/2012;16:00:00;153906,79;154265,54;153863,73;154078,99;262351874,50;9017
WINFUT;11/07/2012;15:30:00;153734,58;154251,19;153418,88;153892,44;482313012,80;16629
WINFUT;11/07/2012;15:00:00;155456,62;155643,17;153476,28;153763,28;750347599,40;25702
WINFUT;11/07/2012;14:30:00;155470,97;155571,42;155155,26;155456,62;139255146,60;4792
WINFUT;11/07/2012;14:00:00;155714,92;155858,42;155069,16;155456,62;246049952,90;8432
WINFUT;11/07/2012;13:30:00;155427,92;155858,42;155356,16;155700,57;187012888,50;6389
WINFUT;11/07/2012;13:00:00;155356,16;155973,23;155255,71;155413,57;239247918,80;8185
WINFUT;11/07/2012;12:30:00;154911,31;155427,92;154753,45;155327,46;159833452,50;5488
WINFUT;11/07/2012;12:00:00;154423,40;155557,07;154380,34;154882,60;316452441,50;10884
WINFUT;11/07/2012;11:30:00;155542,72;155714,92;154423,40;154423,40;395608602,70;13571
WINFUT;11/07/2012;11:00:00;155499,67;156274,58;155327,46;155514,02;535667365,20;18215
WINFUT;11/07/2012;10:30:00;154193,79;155901,47;154064,64;155514,02;665910534,00;22807
WINFUT;11/07/2012;10:00:00;155399,21;155671,87;153992,89;154150,74;474707362,80;16247
WINFUT;11/07/2012;09:30:00;154839,55;155571,42;154753,45;155399,21;205209047,40;7017
WINFUT;11/07/2012;09:00:00;154983,06;155356,16;154466,45;154853,90;184228933,60;6283
WINFUT;10/07/2012;17:00:00;154954,36;155026,11;154265,54;154409,05;248173794,80;8434
WINFUT;10/07/2012;16:30:00;154782,15;155413,57;154724,75;154968,71;321101933,20;11003
WINFUT;10/07/2012;16:00:00;155499,67;155772,32;154710,40;154753,45;341508035,70;11688
WINFUT;10/07/2012;15:30:00;155614,47;155628,82;155270,06;155528,37;291683853,00;9961
WINFUT;10/07/2012;15:00:00;156432,44;156705,09;155528,37;155628,82;365960918,00;12495
WINFUT;10/07/2012;14:30:00;156733,79;156762,49;156245,88;156403,73;245992551,80;8385
WINFUT;10/07/2012;14:00:00;157221,70;157279,10;156489,84;156733,79;219214923,70;7482
WINFUT;10/07/2012;13:30:00;157020,80;157523,06;156963,40;157207,35;99390060,30;3405
WINFUT;10/07/2012;13:00:00;157350,85;157465,66;156920,34;157049,50;132854920,30;4529
WINFUT;10/07/2012;12:30:00;157178,65;157537,41;157106,90;157350,85;163621927,20;5615
WINFUT;10/07/2012;12:00:00;157322,15;157680,91;156977,75;157221,70;334878204,90;11414
WINFUT;10/07/2012;11:30:00;157924,86;158183,17;157221,70;157350,85;409557077,80;13957
WINFUT;10/07/2012;11:00:00;158742,83;158871,98;157465,66;157953,57;572691095,40;19321
WINFUT;10/07/2012;10:30:00;160364,41;160393,11;158728,48;158785,88;613388498,10;20554
WINFUT;10/07/2012;10:00:00;160063,06;160579,67;159991,31;160335,71;256783964,60;8618
WINFUT;10/07/2012;09:30:00;159603,85;160192,21;159431,64;160106,11;195049047,00;6514
WINFUT;10/07/2012;09:00:00;160106,11;160622,72;159431,64;159618,20;197718199,70;6526
WINFUT;06/07/2012;17:00:00;159388,59;160378,76;159388,59;160206,56;256095151,10;8489
WINFUT;06/07/2012;16:30:00;159359,89;159833,45;159115,94;159417,29;280174926,00;9380
WINFUT;06/07/2012;16:00:00;159115,94;159560,80;159087,24;159359,89;228973116,10;7662
WINFUT;06/07/2012;15:30:00;158785,88;159144,64;158685,43;159144,64;137360909,20;4603
WINFUT;06/07/2012;15:00:00;158972,44;159072,89;158642,38;158771,53;143962039,40;4814
WINFUT;06/07/2012;14:30:00;158972,44;159115,94;158613,68;158958,09;209141025,00;7035
WINFUT;06/07/2012;14:00:00;159388,59;159445,99;158958,09;159001,14;140116163,60;4734
WINFUT;06/07/2012;13:30:00;159044,19;159474,70;159015,49;159388,59;149300344,70;5013
WINFUT;06/07/2012;13:00:00;159589,50;159761,70;158886,33;159044,19;245303738,20;8274
WINFUT;06/07/2012;12:30:00;159747,35;159976,96;159546,45;159618,20;231269161,40;7801
WINFUT;06/07/2012;12:00:00;159776,05;160321,36;159646,90;159761,70;294295604,50;9887
WINFUT;06/07/2012;11:30:00;159962,60;160134,81;159632,55;159761,70;290191423,50;9786
WINFUT;06/07/2012;11:00:00;159948,25;160134,81;159316,84;159976,96;422960242,20;14278
WINFUT;06/07/2012;10:30:00;161010,18;161440,68;159661,25;159962,60;658936296,40;22131
WINFUT;06/07/2012;10:00:00;161211,08;161641,59;160794,92;161010,18;286431649,40;9617
WINFUT;06/07/2012;09:30:00;162760,91;162832,66;160780,57;161182,38;358957979,90;11711
WINFUT;06/07/2012;09:00:00;162703,51;162875,71;162229,95;162760,91;152285203,60;4972
WINFUT;05/07/2012;17:00:00;163306,22;163334,92;162875,71;163306,22;171112774,90;5539
WINFUT;05/07/2012;16:30:00;163234,47;163664,98;163033,57;163306,22;239764529,00;7793
WINFUT;05/07/2012;16:00:00;163765,43;163923,28;162890,06;163234,47;376608828,00;12214
WINFUT;05/07/2012;15:30:00;164526,00;164526,00;163736,73;163779,78;206644075,70;6671
WINFUT;05/07/2012;15:00:00;164181,59;164655,15;163822,83;164540,35;248374698,80;8048
WINFUT;05/07/2012;14:30:00;164109,84;164339,44;163808,48;164195,94;198148708,20;6386
WINFUT;05/07/2012;14:00:00;163865,88;164511,64;163679,33;164109,84;328449278,10;10493
WINFUT;05/07/2012;13:30:00;163607,58;163966,33;163234,47;163837,18;157709610,60;5116
WINFUT;05/07/2012;13:00:00;163220,12;164167,24;163162,72;163593,23;310540124,90;9960
WINFUT;05/07/2012;12:30:00;163076,62;163306,22;162488,25;163220,12;190342154,20;6125
WINFUT;05/07/2012;12:00:00;163134,02;163449,72;162875,71;163047,92;181358877,00;5925
WINFUT;05/07/2012;11:30:00;162273,00;163564,53;162244,30;163134,02;445145779,80;14339
WINFUT;05/07/2012;11:00:00;161957,29;162459,55;161124,98;162273,00;479615159,60;15644
WINFUT;05/07/2012;10:30:00;163119,67;163220,12;161799,44;162014,70;516724991,50;16735
WINFUT;05/07/2012;10:00:00;163205,77;163435,37;162746,56;163105,32;297022158,30;9969
WINFUT;05/07/2012;09:30:00;163550,18;163736,73;161971,64;163234,47;393570862,50;12735
WINFUT;05/07/2012;09:00:00;160924,07;164224,64;160723,17;163535,83;321446340,00;10348
WINFUT;04/07/2012;17:00:00;162215,60;162445,20;161885,54;161885,54;99361359,74;3164
WINFUT;04/07/2012;16:30:00;162043,40;162301,70;162043,40;162215,60;60845200,07;1983
WINFUT;04/07/2012;16:00:00;162129,50;162158,20;161828,14;162029,05;50254691,19;1628
WINFUT;04/07/2012;15:30:00;162301,70;162416,50;162014,70;162158,20;61821019,32;1974
WINFUT;04/07/2012;15:00:00;161770,74;162402,15;161698,99;162316,05;84150059,72;2696
WINFUT;04/07/2012;14:30:00;161885,54;162014,70;161598,54;161770,74;39204973,25;1280
WINFUT;04/07/2012;14:00:00;162186,90;162201,25;161871,19;161871,19;24797289,09;812
WINFUT;04/07/2012;13:30:00;162072,10;162215,60;161598,54;162158,20;66011301,96;2118
WINFUT;04/07/2012;13:00:00;162330,40;162459,55;161785,09;162072,10;57831640,63;1871
WINFUT;04/07/2012;12:30:00;162258,65;162574,36;161942,94;162330,40;109119552,20;3552
WINFUT;04/07/2012;12:00:00;161641,59;162301,70;161239,78;162215,60;163794130,60;5315
WINFUT;04/07/2012;11:30:00;161985,99;162344,75;161526,79;161627,24;104728365,60;3428
WINFUT;04/07/2012;11:00:00;162014,70;162861,36;161871,19;161985,99;245935150,70;7959
WINFUT;04/07/2012;10:30:00;160378,76;162445,20;160321,36;162000,35;308358881,90;10053
WINFUT;04/07/2012;10:00:00;160924,07;160952,77;160206,56;160350,06;181531080,40;5966
WINFUT;04/07/2012;09:30:00;160852,32;161282,83;160852,32;160924,07;66413109,89;2197
WINFUT;04/07/2012;09:00:00;161411,98;161440,68;160723,17;160852,32;93563845,39;3068
WINFUT;03/07/2012;17:00:00;161297,18;162029,05;161168,03;162000,35;127057406,00;4030
WINFUT;03/07/2012;16:30:00;161024,53;161526,79;160823,62;161297,18;146659892,60;4795
WINFUT;03/07/2012;16:00:00;161942,94;162014,70;160952,77;160995,83;174413340,00;5595
WINFUT;03/07/2012;15:30:00;162172,55;162287,35;161742,04;161914,24;144449949,00;4592
WINFUT;03/07/2012;15:00:00;162258,65;162459,55;162072,10;162172,55;97208817,28;3098
WINFUT;03/07/2012;14:30:00;162516,96;162660,46;162172,55;162273,00;89804071,24;2838
WINFUT;03/07/2012;14:00:00;162014,70;162674,81;161813,79;162531,31;211724075,90;6614
WINFUT;03/07/2012;13:30:00;161555,49;162100,80;161397,63;162014,70;186553679,50;5954
WINFUT;03/07/2012;13:00:00;161627,24;161770,74;161455,03;161584,19;143215824,70;4611
WINFUT;03/07/2012;12:30:00;161813,79;161971,64;161311,53;161627,24;297624870,20;9650
WINFUT;03/07/2012;12:00:00;160837,97;161871,19;160694,47;161842,49;339211990,40;11182
WINFUT;03/07/2012;11:30:00;159948,25;160967,12;159790,40;160794,92;447843633,00;14941
WINFUT;03/07/2012;11:00:00;159532,10;160091,76;159431,64;159962,60;358441369,70;12000
WINFUT;03/07/2012;10:30:00;158671,08;159776,05;158226,22;159532,10;577082282,00;19217
WINFUT;03/07/2012;10:00:00;158656,73;158857,63;158455,83;158671,08;208050403,40;6942
WINFUT;03/07/2012;09:30:00;158226,22;158714,13;158097,07;158642,38;168070514,90;5564
WINFUT;03/07/2012;09:00:00;158254,92;158556,28;157996,62;158226,22;116380795,40;3823
WINFUT;02/07/2012;17:00:00;158082,72;158140,12;157853,11;158082,72;158369723,60;5211
WINFUT;02/07/2012;16:30:00;157924,86;158226,22;157867,46;158039,67;238300800,10;7945
WINFUT;02/07/2012;16:00:00;157537,41;157967,92;157494,36;157924,86;259022608,80;8818
WINFUT;02/07/2012;15:30:00;157480,01;157752,66;157279,10;157551,76;276443852,40;9449
WINFUT;02/07/2012;15:00:00;157049,50;157537,41;156819,89;157436,96;315247017,70;10710
WINFUT;02/07/2012;14:30:00;157178,65;157236,05;156862,94;157063,85;132223507,90;4495
WINFUT;02/07/2012;14:00:00;156877,29;157264,75;156705,09;157193,00;167525204,20;5731
WINFUT;02/07/2012;13:30:00;156489,84;157078,20;156375,03;156905,99;176738085,90;6038
WINFUT;02/07/2012;13:00:00;156360,68;156604,64;156245,88;156475,49;70890398,20;2416
WINFUT;02/07/2012;12:30:00;156274,58;156662,04;156274,58;156346,33;113912546,70;3887
WINFUT;02/07/2012;12:00:00;156288,93;156489,84;156073,68;156274,58;136098084,30;4671
WINFUT;02/07/2012;11:30:00;156403,73;156532,89;156030,63;156288,93;171973791,90;5867
WINFUT;02/07/2012;11:00:00;156905,99;156905,99;155700,57;156375,03;470717984,10;15887
WINFUT;02/07/2012;10:30:00;156633,34;157106,90;156260,23;156905,99;295357525,40;10101
WINFUT;02/07/2012;10:00:00;156174,13;157164,30;156159,78;156647,69;247226676,10;8427
WINFUT;02/07/2012;09:30:00;156202,83;156418,09;155915,83;156188,48;177828707,40;6080
WINFUT;02/07/2012;09:00:00;157422,60;157566,11;156073,68;156217,18;229920234,80;7779
WINFUT;29/06/2012;17:00:00;157035,15;157393,90;156848,59;156949,05;226131760,10;7616
WINFUT;29/06/2012;16:30:00;156418,09;157135,60;156303,28;157063,85;257501478,80;8800
WINFUT;29/06/2012;16:00:00;156590,29;156791,19;156346,33;156418,09;137246107,00;4690
WINFUT;29/06/2012;15:30:00;156848,59;156963,40;156518,54;156590,29;154409045,50;5278
WINFUT;29/06/2012;15:00:00;156375,03;156905,99;156303,28;156819,89;247657184,60;8399
WINFUT;29/06/2012;14:30:00;156303,28;156561,59;156073,68;156389,38;153777633,00;5237
WINFUT;29/06/2012;14:00:00;155973,23;156418,09;155887,12;156303,28;147033000,00;5033
WINFUT;29/06/2012;13:30:00;155915,83;156044,98;155786,67;155973,23;87622828,22;2989
WINFUT;29/06/2012;13:00:00;156044,98;156217,18;155686,22;155930,18;144048141,10;4929
WINFUT;29/06/2012;12:30:00;156274,58;156532,89;156001,93;156044,98;123039326,70;4212
WINFUT;29/06/2012;12:00:00;156418,09;156475,49;155930,18;156231,53;169505543,20;5786
WINFUT;29/06/2012;11:30:00;156331,98;156418,09;155958,88;156418,09;164195938,50;5630
WINFUT;29/06/2012;11:00:00;155772,32;156662,04;155686,22;156303,28;371040918,20;12642
WINFUT;29/06/2012;10:30:00;156288,93;156403,73;155442,27;155786,67;388031653,30;13259
WINFUT;29/06/2012;10:00:00;156633,34;156762,49;156030,63;156288,93;272253569,80;9290
WINFUT;29/06/2012;09:30:00;155872,77;156748,14;155714,92;156647,69;258104190,70;8778
WINFUT;29/06/2012;09:00:00;154983,06;156102,38;154954,36;155858,42;207332889,30;7026
WINFUT;28/06/2012;17:00:00;152256,50;152514,81;151768,59;152170,40;199956843,80;6880
WINFUT;28/06/2012;16:30:00;151538,99;152486,11;151352,44;152227,80;476687701,90;16388
WINFUT;28/06/2012;16:00:00;151696,84;151825,99;151223,28;151567,69;202310290,20;6962
WINFUT;28/06/2012;15:30:00;151352,44;151869,05;151079,78;151696,84;262294473,30;9053
WINFUT;28/06/2012;15:00:00;152443,06;152514,81;151208,93;151381,14;371614929,50;12807
WINFUT;28/06/2012;14:30:00;152600,91;152859,21;151825,99;152428,71;423964762,00;14575
WINFUT;28/06/2012;14:00:00;152916,62;152959,67;152500,46;152586,56;176164074,50;6045
WINFUT;28/06/2012;13:30:00;153160,57;153203,62;152687,01;152902,27;162732209,60;5595
WINFUT;28/06/2012;13:00:00;153217,97;153375,83;152930,97;153174,92;125880682,80;4332
WINFUT;28/06/2012;12:30:00;153476,28;153820,68;153160,57;153232,32;228657409,90;7830
WINFUT;28/06/2012;12:00:00;152930,97;153548,03;152256,50;153461,93;328736283,80;11254
WINFUT;28/06/2012;11:30:00;153605,43;153605,43;152586,56;152930,97;375087698,00;12856
WINFUT;28/06/2012;11:00:00;153275,37;154265,54;152974,02;153619,78;715533812,70;24504
WINFUT;28/06/2012;10:30:00;152830,51;153390,18;152285,20;153275,37;532165896,10;18199
WINFUT;28/06/2012;10:00:00;153261,02;153404,53;152701,36;152859,21;200674358,00;6895
WINFUT;28/06/2012;09:30:00;152916,62;153662,83;152543,51;153246,67;163421023,20;5585
WINFUT;28/06/2012;09:00:00;152830,51;153361,47;152600,91;152974,02;189710741,70;6467
WINFUT;27/06/2012;17:00:00;153662,83;154007,24;153217,97;153878,08;199239329,70;6825
WINFUT;27/06/2012;16:30:00;153978,54;154609,95;153289,72;153662,83;421812219,50;14429
WINFUT;27/06/2012;16:00:00;153562,38;154050,29;153476,28;153992,89;303049277,10;10385
WINFUT;27/06/2012;15:30:00;154495,15;154509,50;153390,18;153562,38;538566122,30;18324
WINFUT;27/06/2012;15:00:00;154480,80;154753,45;154423,40;154509,50;131218988,10;4512
WINFUT;27/06/2012;14:30:00;154839,55;154868,25;154365,99;154509,50;277362270,50;9465
WINFUT;27/06/2012;14:00:00;155069,16;155169,61;154839,55;154868,25;133744637,90;4589
WINFUT;27/06/2012;13:30:00;155069,16;155227,01;154753,45;155069,16;106651303,50;3656
WINFUT;27/06/2012;13:00:00;154868,25;155327,46;154782,15;155040,46;166578085,50;5705
WINFUT;27/06/2012;12:30:00;154466,45;155212,66;154452,10;154868,25;212011081,60;7251
WINFUT;27/06/2012;12:00:00;154753,45;154911,31;154279,89;154437,75;203372211,20;6927
WINFUT;27/06/2012;11:30:00;155040,46;155542,72;154351,64;154739,10;386682726,70;13177
WINFUT;27/06/2012;11:00:00;154409,05;155112,21;154222,49;155040,46;325091311,90;11148
WINFUT;27/06/2012;10:30:00;154753,45;155241,36;154050,29;154409,05;419659677,10;14362
WINFUT;27/06/2012;10:00:00;154853,90;154983,06;153921,14;154825,20;456310300,00;15571
WINFUT;27/06/2012;09:30:00;155413,57;155801,02;154552,55;154853,90;258075490,10;8691
WINFUT;27/06/2012;09:00:00;156217,18;156217,18;155298,76;155384,86;161498085,30;5435
WINFUT;26/06/2012;17:00:00;155600,12;155772,32;155442,27;155557,07;141608593,00;4804
WINFUT;26/06/2012;16:30:00;156131,08;156949,05;155557,07;155571,42;455219678,50;15556
WINFUT;26/06/2012;16:00:00;155700,57;156274,58;155628,82;156145,43;267173569,60;9127
WINFUT;26/06/2012;15:30:00;155557,07;155815,37;155270,06;155671,87;249608823,10;8580
WINFUT;26/06/2012;15:00:00;155485,32;156016,28;155470,97;155557,07;326038430,60;11172
WINFUT;26/06/2012;14:30:00;154839,55;155614,47;154710,40;155470,97;202338990,80;6926
WINFUT;26/06/2012;14:00:00;155112,21;155485,32;154839,55;154839,55;158025316,80;5387
WINFUT;26/06/2012;13:30:00;155155,26;155528,37;154983,06;155097,86;133687236,80;4604
WINFUT;26/06/2012;13:00:00;155499,67;155700,57;155011,76;155126,56;185463058,00;6335
WINFUT;26/06/2012;12:30:00;155054,81;155528,37;154753,45;155456,62;186008368,70;6398
WINFUT;26/06/2012;12:00:00;154696,05;155212,66;154653,00;155026,11;328678882,60;11333
WINFUT;26/06/2012;11:30:00;155643,17;155643,17;154380,34;154696,05;663470985,90;22640
WINFUT;26/06/2012;11:00:00;156102,38;156676,39;155614,47;155643,17;511558889,70;17394
WINFUT;26/06/2012;10:30:00;155528,37;156331,98;155341,81;156102,38;344550295,70;11782
WINFUT;26/06/2012;10:00:00;156030,63;156403,73;155356,16;155557,07;293750293,70;9999
WINFUT;26/06/2012;09:30:00;155413,57;156202,83;155212,66;156044,98;157336503,20;5362
WINFUT;26/06/2012;09:00:00;155901,47;156131,08;155356,16;155370,51;165774469,60;5591
WINFUT;25/06/2012;17:00:00;155600,12;155887,12;154983,06;154983,06;175360458,70;5872
WINFUT;25/06/2012;16:30:00;155600,12;155829,72;155313,11;155585,77;225213342,00;7647
WINFUT;25/06/2012;16:00:00;155600,12;155944,53;155485,32;155643,17;213876618,40;7254
WINFUT;25/06/2012;15:30:00;156059,33;156174,13;155442,27;155628,82;263442496,00;8918
WINFUT;25/06/2012;15:00:00;156131,08;156518,54;156001,93;156030,63;163392322,60;5550
WINFUT;25/06/2012;14:30:00;156131,08;156389,38;155872,77;156131,08;139369948,80;4718
WINFUT;25/06/2012;14:00:00;155901,47;156274,58;155858,42;156116,73;102719326,00;3497
WINFUT;25/06/2012;13:30:00;155887,12;156131,08;155671,87;155930,18;102001811,80;3475
WINFUT;25/06/2012;13:00:00;155729,27;156188,48;155557,07;155887,12;211867578,70;7151
WINFUT;25/06/2012;12:30:00;156633,34;156748,14;155585,77;155729,27;314960012,10;10626
WINFUT;25/06/2012;12:00:00;156575,94;156834,24;156317,63;156662,04;181703283,80;6169
WINFUT;25/06/2012;11:30:00;156504,19;156977,75;156331,98;156633,34;235516845,20;7967
WINFUT;25/06/2012;11:00:00;157494,36;157967,92;156432,44;156489,84;504355047,60;16956
WINFUT;25/06/2012;10:30:00;157379,55;157666,56;156920,34;157551,76;327817865,70;11170
WINFUT;25/06/2012;10:00:00;157551,76;157810,06;157092,55;157350,85;291540350,20;9911
WINFUT;25/06/2012;09:30:00;157967,92;158283,62;157422,60;157537,41;147693113,00;4948
WINFUT;25/06/2012;09:00:00;157853,11;158384,07;157465,66;157996,62;137447010,90;4582
WINFUT;22/06/2012;17:00:00;160421,81;160608,37;160005,66;160005,66;169649046,00;5653
WINFUT;22/06/2012;16:30:00;160120,46;161010,18;160020,01;160450,51;301958655,60;10139
WINFUT;22/06/2012;16:00:00;160378,76;160637,07;159933,90;160120,46;218698313,50;7328
WINFUT;22/06/2012;15:30:00;160665,77;160837,97;160292,66;160407,46;187271193,60;6312
WINFUT;22/06/2012;15:00:00;160579,67;160952,77;160350,06;160665,77;178173114,20;5995
WINFUT;22/06/2012;14:30:00;160924,07;161038,88;160436,16;160550,97;195077747,60;6630
WINFUT;22/06/2012;14:00:00;160206,56;161038,88;159991,31;160938,42;211551872,50;7160
WINFUT;22/06/2012;13:30:00;160292,66;160579,67;159976,96;160206,56;113711642,80;3888
WINFUT;22/06/2012;13:00:00;160436,16;160694,47;160077,41;160249,61;173007012,30;5876
WINFUT;22/06/2012;12:30:00;159661,25;160909,72;159661,25;160436,16;260170631,40;8794
WINFUT;22/06/2012;12:00:00;159948,25;160421,81;159661,25;159675,60;199354131,90;6763
WINFUT;22/06/2012;11:30:00;159876,50;160235,26;159460,35;159948,25;377929054,00;12707
WINFUT;22/06/2012;11:00:00;160651,42;161311,53;159890,85;159890,85;483805442,30;16301
WINFUT;22/06/2012;10:30:00;162129,50;162258,65;160106,11;160651,42;748482062,60;24896
WINFUT;22/06/2012;10:00:00;161368,93;162273,00;161354,58;162072,10;356231426,10;11740
WINFUT;22/06/2012;09:30:00;161411,98;161483,73;160924,07;161340,23;120800682,60;4022
WINFUT;22/06/2012;09:00:00;161010,18;161498,09;160852,32;161426,33;167525204,20;5515
WINFUT;21/06/2012;17:00:00;160766,22;160981,48;160378,76;160436,16;215053341,60;7058
WINFUT;21/06/2012;16:30:00;161340,23;161727,69;160550,97;160751,87;329166792,30;10873
WINFUT;21/06/2012;16:00:00;161957,29;162029,05;161153,68;161354,58;275008824,10;9072
WINFUT;21/06/2012;15:30:00;161985,99;162115,15;161526,79;161971,64;207964301,80;6761
WINFUT;21/06/2012;15:00:00;162603,06;162775,26;161756,39;161985,99;274233908,80;8826
WINFUT;21/06/2012;14:30:00;163004,87;163162,72;162229,95;162631,76;308157977,90;9960
WINFUT;21/06/2012;14:00:00;163334,92;163593,23;162803,96;162990,51;226677070,80;7334
WINFUT;21/06/2012;13:30:00;163205,77;163851,53;163134,02;163363,62;195680459,50;6341
WINFUT;21/06/2012;13:00:00;163822,83;163908,93;163119,67;163220,12;196340572,50;6355
WINFUT;21/06/2012;12:30:00;163349,27;163980,68;163119,67;163822,83;231556167,10;7485
WINFUT;21/06/2012;12:00:00;164267,69;164282,04;163090,97;163334,92;440324084,70;14164
WINFUT;21/06/2012;11:30:00;164210,29;164669,50;163794,13;164224,64;280461931,60;9064
WINFUT;21/06/2012;11:00:00;164482,94;164612,10;163837,18;164195,94;362172443,30;11674
WINFUT;21/06/2012;10:30:00;164540,35;165085,66;164038,09;164454,24;429503971,30;13699
WINFUT;21/06/2012;10:00:00;165717,07;166161,93;164353,79;164540,35;498356629,30;16152
WINFUT;21/06/2012;09:30:00;164913,45;166047,13;164870,40;165860,57;223778313,70;7189
WINFUT;21/06/2012;09:00:00;165315,26;165817,52;164741,25;164927,80;142871417,90;4672
WINFUT;20/06/2012;17:00:00;165645,32;165745,77;165329,61;165329,61;124876163,00;4025
WINFUT;20/06/2012;16:30:00;165587,92;166219,33;165387,01;165645,32;311946452,60;10002
WINFUT;20/06/2012;16:00:00;165688,37;165846,22;164884,75;165602,27;479414255,70;15352
WINFUT;20/06/2012;15:30:00;165745,77;166578,09;165559,22;165630,97;458721147,50;14666
WINFUT;20/06/2012;15:00:00;166248,03;166362,83;165458,76;165760,12;392394139,30;12618
WINFUT;20/06/2012;14:30:00;166204,98;166463,28;165702,72;166248,03;329166792,30;10504
WINFUT;20/06/2012;14:00:00;165774,47;166994,24;165774,47;166176,28;699892004,20;22258
WINFUT;20/06/2012;13:30:00;164554,70;165917,97;163593,23;165774,47;915261052,00;29008
WINFUT;20/06/2012;13:00:00;164325,09;164870,40;164253,34;164569,05;169189837,00;5498
WINFUT;20/06/2012;12:30:00;164741,25;164813,00;164339,44;164339,44;139226446,00;4515
WINFUT;20/06/2012;12:00:00;164238,99;164870,40;164224,64;164741,25;206070064,40;6687
WINFUT;20/06/2012;11:30:00;164655,15;164712,55;163865,88;164282,04;373078658,40;11990
WINFUT;20/06/2012;11:00:00;164942,15;165214,81;164454,24;164698,20;555355953,50;17838
WINFUT;20/06/2012;10:30:00;165688,37;165903,62;164870,40;164956,50;574355728,20;18293
WINFUT;20/06/2012;10:00:00;165860,57;166334,13;165372,66;165717,07;307583966,60;10111
WINFUT;20/06/2012;09:30:00;165458,76;166104,53;165229,16;165831,87;150477067,90;4874
WINFUT;20/06/2012;09:00:00;165975,37;166118,88;165315,26;165444,41;119681360,50;3915
WINFUT;19/06/2012;17:00:00;165961,02;166047,13;165645,32;165774,47;156159780,00;5037
WINFUT;19/06/2012;16:30:00;166377,18;166649,84;165946,67;165989,72;255607241,40;8144
WINFUT;19/06/2012;16:00:00;166692,89;166979,89;166348,48;166377,18;258993908,20;8277
WINFUT;19/06/2012;15:30:00;166276,73;166692,89;165731,42;166678,54;521604087,80;16645
WINFUT;19/06/2012;15:00:00;165889,27;166535,03;165774,47;166262,38;243208596,90;7733
WINFUT;19/06/2012;14:30:00;165975,37;166334,13;165674,02;165860,57;280634135,00;8922
WINFUT;19/06/2012;14:00:00;165544,87;166118,88;165343,96;165961,02;267230970,70;8501
WINFUT;19/06/2012;13:30:00;164769,95;165573,57;164698,20;165530,51;188390515,70;5995
WINFUT;19/06/2012;13:00:00;164784,30;165013,90;164554,70;164769,95;132022603,90;4280
WINFUT;19/06/2012;12:30:00;164439,89;164870,40;164382,49;164784,30;112448817,90;3661
WINFUT;19/06/2012;12:00:00;164583,40;164798,65;164210,29;164439,89;212900799,10;6878
WINFUT;19/06/2012;11:30:00;164726,90;164956,50;164425,54;164583,40;257530179,40;8280
WINFUT;19/06/2012;11:00:00;164540,35;165042,61;164411,19;164698,20;420061485,00;13540
WINFUT;19/06/2012;10:30:00;163736,73;164626,45;163047,92;164554,70;654889516,60;20949
WINFUT;19/06/2012;10:00:00;163966,33;164396,84;163621,93;163693,68;336772442,30;11039
WINFUT;19/06/2012;09:30:00;163392,32;164253,34;163162,72;163995,03;236463963,90;7607
WINFUT;19/06/2012;09:00:00;163593,23;163779,78;163220,12;163435,37;133084524,90;4331
WINFUT;18/06/2012;17:00:00;162890,06;163521,48;162847,01;163162,72;173638424,70;5606
WINFUT;18/06/2012;16:30:00;163406,67;163550,18;162832,66;162847,01;298916395,60;9631
WINFUT;18/06/2012;16:00:00;163593,23;163966,33;163162,72;163406,67;338666679,60;10929
WINFUT;18/06/2012;15:30:00;163550,18;163794,13;163134,02;163621,93;269527016,00;8670
WINFUT;18/06/2012;15:00:00;163478,42;163880,23;163334,92;163535,83;230063737,60;7344
WINFUT;18/06/2012;14:30:00;163248,82;163578,88;163134,02;163492,77;200215148,90;6439
WINFUT;18/06/2012;14:00:00;162976,16;163349,27;162803,96;163263,17;141350287,90;4539
WINFUT;18/06/2012;13:30:00;162717,86;163220,12;162674,81;162990,51;151051079,20;4878
WINFUT;18/06/2012;13:00:00;162603,06;162990,51;162502,61;162717,86;128004524,70;4124
WINFUT;18/06/2012;12:30:00;162732,21;162933,11;162215,60;162603,06;191518877,40;6247
WINFUT;18/06/2012;12:00:00;163090,97;163220,12;162258,65;162674,81;354337188,70;11343
WINFUT;18/06/2012;11:30:00;163435,37;163535,83;163033,57;163105,32;284480010,90;9126
WINFUT;18/06/2012;11:00:00;162115,15;163636,28;162043,40;163435,37;540202054,60;17266
WINFUT;18/06/2012;10:30:00;161354,58;162244,30;160881,02;162115,15;506306686,10;16362
WINFUT;18/06/2012;10:00:00;160967,12;161440,68;160522,27;161354,58;241543964,10;8083
WINFUT;18/06/2012;09:30:00;160823,62;161297,18;160350,06;160967,12;255836846,00;8442
WINFUT;18/06/2012;09:00:00;161598,54;162057,75;160823,62;160823,62;319552102,60;10381
WINFUT;15/06/2012;17:00:00;162359,10;162703,51;162158,20;162445,20;330544419,40;10707
WINFUT;15/06/2012;16:30:00;161383,28;162617,41;161096,28;162402,15;477261713,20;15504
WINFUT;15/06/2012;16:00:00;160493,57;161411,98;160436,16;161354,58;321101933,20;10614
WINFUT;15/06/2012;15:30:00;160665,77;160981,48;160450,51;160464,86;242778088,40;8093
WINFUT;15/06/2012;15:00:00;160723,17;160780,57;160464,86;160665,77;124990965,20;4175
WINFUT;15/06/2012;14:30:00;160378,76;160952,77;160364,41;160723,17;167840910,40;5534
WINFUT;15/06/2012;14:00:00;160235,26;160694,47;160192,21;160364,41;184602041,00;6140
WINFUT;15/06/2012;13:30:00;160249,61;160421,81;159976,96;160263,96;118562038,40;3954
WINFUT;15/06/2012;13:00:00;160493,57;160608,37;160134,81;160249,61;118906445,20;3971
WINFUT;15/06/2012;12:30:00;160565,32;160751,87;160307,01;160464,86;145884977,30;4891
WINFUT;15/06/2012;12:00:00;160522,27;160680,12;160249,61;160594,02;129410852,40;4346
WINFUT;15/06/2012;11:30:00;160364,41;160837,97;160120,46;160522,27;197689499,10;6644
WINFUT;15/06/2012;11:00:00;160579,67;161153,68;160077,41;160335,71;370294703,40;12384
WINFUT;15/06/2012;10:30:00;160895,37;161254,13;159890,85;160579,67;518303522,70;17368
WINFUT;15/06/2012;10:00:00;160938,42;161053,23;160350,06;160952,77;259309614,50;8663
WINFUT;15/06/2012;09:30:00;161038,88;161211,08;160694,47;160924,07;120513676,90;3988
WINFUT;15/06/2012;09:00:00;161168,03;161297,18;160837,97;161067,58;126799100,90;4202
WINFUT;14/06/2012;17:00:00;160479,22;160852,32;160249,61;160737,52;167238198,50;5587
WINFUT;14/06/2012;16:30:00;160235,26;160967,12;160134,81;160493,57;336370634,40;11274
WINFUT;14/06/2012;16:00:00;159718,65;161483,73;159632,55;160206,56;730601609,90;24307
WINFUT;14/06/2012;15:30:00;160694,47;160694,47;159517,75;159733,00;384070975,20;12763
WINFUT;14/06/2012;15:00:00;161168,03;161498,09;160651,42;160694,47;238817410,30;7925
WINFUT;14/06/2012;14:30:00;161526,79;161627,24;161153,68;161182,38;183884526,80;6084
