WINFUT;05/06/2026;18:00:00;169355,00;169525,00;169255,00;169520,00;3718162804,00;109755
WINFUT;05/06/2026;17:30:00;169345,00;169490,00;169175,00;169355,00;9087538138,00;268328
WINFUT;05/06/2026;17:00:00;169610,00;169630,00;169075,00;169345,00;1,852825202E10;547121
WINFUT;05/06/2026;16:30:00;169760,00;169880,00;169500,00;169615,00;2,212315747E10;651898
WINFUT;05/06/2026;16:00:00;169980,00;170000,00;169560,00;169765,00;2,505137986E10;737888
WINFUT;05/06/2026;15:30:00;169980,00;170470,00;169900,00;169980,00;3,061375657E10;899651
WINFUT;05/06/2026;15:00:00;170015,00;170140,00;169685,00;169985,00;2,595505918E10;763943
WINFUT;05/06/2026;14:30:00;169745,00;170200,00;169730,00;170020,00;2,40627176E10;707971
WINFUT;05/06/2026;14:00:00;169825,00;169855,00;169545,00;169745,00;2,109489826E10;621602
WINFUT;05/06/2026;13:30:00;169845,00;169920,00;169635,00;169825,00;2,1553513E10;634733
WINFUT;05/06/2026;13:00:00;169845,00;170040,00;169730,00;169845,00;2,59520546E10;763703
WINFUT;05/06/2026;12:30:00;170700,00;170735,00;169770,00;169850,00;3,696161415E10;1086562
WINFUT;05/06/2026;12:00:00;170735,00;170965,00;170580,00;170695,00;2,755668756E10;806743
WINFUT;05/06/2026;11:30:00;170360,00;171055,00;170355,00;170735,00;3,471307578E10;1016354
WINFUT;05/06/2026;11:00:00;170555,00;170910,00;170210,00;170355,00;4,71554156E10;1381993
WINFUT;05/06/2026;10:30:00;170015,00;171200,00;169945,00;170560,00;6,659810076E10;1950669
WINFUT;05/06/2026;10:00:00;170885,00;171045,00;169990,00;170010,00;7,808263766E10;2289457
WINFUT;05/06/2026;09:30:00;171160,00;171315,00;170565,00;170880,00;4,632113234E10;1355328
WINFUT;05/06/2026;09:00:00;171095,00;171675,00;170790,00;171155,00;4,758100135E10;1390140
WINFUT;03/06/2026;18:00:00;170920,00;170940,00;170640,00;170725,00;5089188591,00;149004
WINFUT;03/06/2026;17:30:00;170915,00;170945,00;170840,00;170925,00;4694229578,00;137349
WINFUT;03/06/2026;17:00:00;170930,00;171015,00;170805,00;170915,00;1,135502936E10;332167
WINFUT;03/06/2026;16:30:00;170805,00;171090,00;170775,00;170930,00;1,780829513E10;520938
WINFUT;03/06/2026;16:00:00;170970,00;171045,00;170720,00;170800,00;2,010006099E10;588117
WINFUT;03/06/2026;15:30:00;171055,00;171095,00;170650,00;170965,00;2,88345096E10;843885
WINFUT;03/06/2026;15:00:00;170840,00;171070,00;170720,00;171060,00;2,51594235E10;735992
WINFUT;03/06/2026;14:30:00;170965,00;171295,00;170755,00;170835,00;2,660749606E10;777905
WINFUT;03/06/2026;14:00:00;171085,00;171265,00;170955,00;170965,00;2,01372394E10;588528
WINFUT;03/06/2026;13:30:00;171175,00;171295,00;170885,00;171090,00;2,949996484E10;861987
WINFUT;03/06/2026;13:00:00;171535,00;171540,00;171055,00;171175,00;2,776132075E10;810514
WINFUT;03/06/2026;12:30:00;171760,00;171780,00;171365,00;171535,00;2,733277909E10;796637
WINFUT;03/06/2026;12:00:00;172000,00;172215,00;171485,00;171760,00;3,789147852E10;1102990
WINFUT;03/06/2026;11:30:00;172010,00;172380,00;171540,00;172000,00;4,538958878E10;1319720
WINFUT;03/06/2026;11:00:00;172680,00;172775,00;171655,00;172015,00;6,82762428E10;1983694
WINFUT;03/06/2026;10:30:00;172355,00;173070,00;172280,00;172685,00;6,898410126E10;1997450
WINFUT;03/06/2026;10:00:00;172330,00;172725,00;171885,00;172355,00;6,902785355E10;2002603
WINFUT;03/06/2026;09:30:00;172490,00;172535,00;172045,00;172330,00;4,639887983E10;1346465
WINFUT;03/06/2026;09:00:00;174615,00;174685,00;171690,00;172490,00;7,266656375E10;2098935
WINFUT;02/06/2026;18:00:00;175290,00;175340,00;175130,00;175230,00;5526409273,00;157710
WINFUT;02/06/2026;17:30:00;175415,00;175445,00;175170,00;175295,00;8946900268,00;255215
WINFUT;02/06/2026;17:00:00;175245,00;175590,00;175015,00;175420,00;1,86014519E10;530527
WINFUT;02/06/2026;16:30:00;175390,00;175430,00;175160,00;175250,00;1,634430719E10;466236
WINFUT;02/06/2026;16:00:00;175475,00;175540,00;175215,00;175390,00;1,76649734E10;503682
WINFUT;02/06/2026;15:30:00;175390,00;175790,00;175360,00;175475,00;2,724725591E10;776079
WINFUT;02/06/2026;15:00:00;175025,00;175445,00;175025,00;175390,00;1,995278853E10;569342
WINFUT;02/06/2026;14:30:00;174735,00;175155,00;174680,00;175020,00;2,784858307E10;795855
WINFUT;02/06/2026;14:00:00;175210,00;175255,00;174650,00;174740,00;2,811932561E10;803726
WINFUT;02/06/2026;13:30:00;175310,00;175425,00;175135,00;175205,00;2,103483697E10;600095
WINFUT;02/06/2026;13:00:00;175680,00;175690,00;175260,00;175310,00;1,963500877E10;559465
WINFUT;02/06/2026;12:30:00;175600,00;175795,00;175510,00;175675,00;2,465534319E10;701857
WINFUT;02/06/2026;12:00:00;175395,00;175675,00;175205,00;175600,00;2,89384455E10;824863
WINFUT;02/06/2026;11:30:00;175110,00;175855,00;174855,00;175395,00;5,455989065E10;1555218
WINFUT;02/06/2026;11:00:00;174245,00;175460,00;173760,00;175105,00;7,026077415E10;2012136
WINFUT;02/06/2026;10:30:00;173865,00;174940,00;173715,00;174240,00;7,583061789E10;2173445
WINFUT;02/06/2026;10:00:00;173975,00;174420,00;173770,00;173865,00;7,473593025E10;2146498
WINFUT;02/06/2026;09:30:00;174165,00;174300,00;173620,00;173975,00;5,268791144E10;1514458
WINFUT;02/06/2026;09:00:00;173200,00;174240,00;173105,00;174165,00;6,122557484E10;1762036
WINFUT;01/06/2026;18:00:00;173055,00;173150,00;172805,00;172855,00;5171267684,00;149474
WINFUT;01/06/2026;17:30:00;173030,00;173200,00;172980,00;173055,00;7004566577,00;202344
WINFUT;01/06/2026;17:00:00;173260,00;173380,00;172940,00;173030,00;1,683324548E10;486187
WINFUT;01/06/2026;16:30:00;173470,00;173540,00;173180,00;173260,00;1,843287192E10;531674
WINFUT;01/06/2026;16:00:00;173325,00;173655,00;173140,00;173475,00;1,97180743E10;568780
WINFUT;01/06/2026;15:30:00;173325,00;173475,00;173250,00;173330,00;1,944295681E10;560769
WINFUT;01/06/2026;15:00:00;173345,00;173470,00;173165,00;173330,00;1,59024147E10;458771
WINFUT;01/06/2026;14:30:00;173455,00;173790,00;173090,00;173345,00;3,258047819E10;939677
WINFUT;01/06/2026;14:00:00;173535,00;173585,00;173115,00;173455,00;2,608329315E10;752540
WINFUT;01/06/2026;13:30:00;172895,00;173560,00;172785,00;173535,00;2,576295813E10;744157
WINFUT;01/06/2026;13:00:00;173230,00;173405,00;172645,00;172890,00;2,829542997E10;818013
WINFUT;01/06/2026;12:30:00;173355,00;173690,00;173160,00;173230,00;2,434377939E10;701966
WINFUT;01/06/2026;12:00:00;172935,00;173415,00;172805,00;173350,00;3,188342868E10;920804
WINFUT;01/06/2026;11:30:00;173305,00;173740,00;172845,00;172940,00;4,204401343E10;1213256
WINFUT;01/06/2026;11:00:00;173445,00;173985,00;173055,00;173300,00;5,192672194E10;1496755
WINFUT;01/06/2026;10:30:00;173415,00;173735,00;173030,00;173445,00;5,504542592E10;1586822
WINFUT;01/06/2026;10:00:00;175030,00;175225,00;173310,00;173415,00;8,029706962E10;2303728
WINFUT;01/06/2026;09:30:00;175110,00;175265,00;174845,00;175025,00;3,374326375E10;963700
WINFUT;01/06/2026;09:00:00;175280,00;176325,00;175020,00;175110,00;5,589434341E10;1591815
WINFUT;29/05/2026;18:00:00;174880,00;175165,00;174720,00;174755,00;4825193594,00;137943
WINFUT;29/05/2026;17:30:00;175095,00;175125,00;174815,00;174880,00;6119921707,00;174924
WINFUT;29/05/2026;17:00:00;175055,00;175240,00;175010,00;175090,00;1,231286807E10;351506
WINFUT;29/05/2026;16:30:00;175270,00;175360,00;175035,00;175055,00;2,228743304E10;636114
WINFUT;29/05/2026;16:00:00;174920,00;175420,00;174805,00;175270,00;2,504161285E10;714662
WINFUT;29/05/2026;15:30:00;175000,00;175040,00;174715,00;174920,00;1,868173607E10;534138
WINFUT;29/05/2026;15:00:00;174925,00;175085,00;174765,00;174995,00;1,910899695E10;546183
WINFUT;29/05/2026;14:30:00;174680,00;175105,00;174640,00;174925,00;2,156438553E10;616415
WINFUT;29/05/2026;14:00:00;174290,00;174945,00;174280,00;174685,00;2,373111062E10;679242
WINFUT;29/05/2026;13:30:00;174410,00;174520,00;174225,00;174295,00;1,876699597E10;538174
WINFUT;29/05/2026;13:00:00;174455,00;174485,00;174290,00;174405,00;1,732932057E10;496876
WINFUT;29/05/2026;12:30:00;174380,00;174685,00;174205,00;174455,00;2,875776243E10;824343
WINFUT;29/05/2026;12:00:00;174500,00;175135,00;174375,00;174380,00;3,692044999E10;1056480
WINFUT;29/05/2026;11:30:00;173970,00;174640,00;173735,00;174505,00;4,771838987E10;1369849
WINFUT;29/05/2026;11:00:00;174370,00;174510,00;173675,00;173965,00;5,808396055E10;1668816
WINFUT;29/05/2026;10:30:00;174360,00;175550,00;173905,00;174370,00;8,461281175E10;2421129
WINFUT;29/05/2026;10:00:00;175740,00;176095,00;174190,00;174360,00;8,744037212E10;2496145
WINFUT;29/05/2026;09:30:00;175600,00;176160,00;175505,00;175735,00;4,901845586E10;1393653
WINFUT;29/05/2026;09:00:00;176000,00;176370,00;175590,00;175595,00;5,995021795E10;1703165
WINFUT;28/05/2026;18:00:00;175700,00;175785,00;175450,00;175550,00;6632252141,00;188822
WINFUT;28/05/2026;17:30:00;175895,00;175930,00;175645,00;175700,00;8018825049,00;228033
WINFUT;28/05/2026;17:00:00;176280,00;176305,00;175810,00;175895,00;1,824731341E10;518208
WINFUT;28/05/2026;16:30:00;176535,00;176555,00;176210,00;176275,00;1,623073903E10;460121
WINFUT;28/05/2026;16:00:00;176635,00;176650,00;176340,00;176535,00;1,795557946E10;508667
WINFUT;28/05/2026;15:30:00;176750,00;176810,00;176470,00;176635,00;2,017167863E10;571024
WINFUT;28/05/2026;15:00:00;177195,00;177225,00;176735,00;176750,00;2,012234405E10;568422
WINFUT;28/05/2026;14:30:00;176680,00;177250,00;176670,00;177190,00;2,431903434E10;686816
WINFUT;28/05/2026;14:00:00;177005,00;177035,00;176610,00;176680,00;2,070204555E10;585476
WINFUT;28/05/2026;13:30:00;176945,00;177045,00;176775,00;177005,00;1,74087492E10;492022
WINFUT;28/05/2026;13:00:00;176715,00;177100,00;176560,00;176940,00;2,500753001E10;706936
WINFUT;28/05/2026;12:30:00;176905,00;177145,00;176695,00;176715,00;2,284005066E10;645383
WINFUT;28/05/2026;12:00:00;176855,00;177085,00;176630,00;176900,00;3,303186917E10;933983
WINFUT;28/05/2026;11:30:00;177120,00;177485,00;176720,00;176850,00;4,16802658E10;1176230
WINFUT;28/05/2026;11:00:00;176775,00;177990,00;176465,00;177120,00;6,541270685E10;1845887
WINFUT;28/05/2026;10:30:00;176345,00;177160,00;175715,00;176780,00;7,183065191E10;2035844
WINFUT;28/05/2026;10:00:00;177115,00;177680,00;176305,00;176345,00;6,990049663E10;1974546
WINFUT;28/05/2026;09:30:00;177045,00;177600,00;177025,00;177115,00;4,389950259E10;1237949
WINFUT;28/05/2026;09:00:00;175870,00;177150,00;175695,00;177050,00;5,338889025E10;1513891
WINFUT;27/05/2026;18:00:00;176995,00;177030,00;176770,00;176875,00;5522112753,00;156081
WINFUT;27/05/2026;17:30:00;177140,00;177170,00;176930,00;176995,00;5810231892,00;164105
WINFUT;27/05/2026;17:00:00;177080,00;177200,00;176880,00;177135,00;1,205762422E10;340575
WINFUT;27/05/2026;16:30:00;177120,00;177250,00;176995,00;177085,00;1,656591173E10;467638
WINFUT;27/05/2026;16:00:00;177095,00;177190,00;176930,00;177120,00;1,496187659E10;422458
WINFUT;27/05/2026;15:30:00;177295,00;177305,00;176980,00;177090,00;1,914747622E10;540345
WINFUT;27/05/2026;15:00:00;177160,00;177445,00;176850,00;177295,00;2,529364655E10;713770
WINFUT;27/05/2026;14:30:00;176830,00;177225,00;176765,00;177155,00;1,797421434E10;507655
WINFUT;27/05/2026;14:00:00;177580,00;177630,00;176650,00;176830,00;3,105758396E10;876654
WINFUT;27/05/2026;13:30:00;177810,00;177885,00;177530,00;177580,00;1,794868786E10;504923
WINFUT;27/05/2026;13:00:00;177880,00;177970,00;177600,00;177810,00;1,88961173E10;531379
WINFUT;27/05/2026;12:30:00;178305,00;178415,00;177590,00;177880,00;3,302877441E10;927907
WINFUT;27/05/2026;12:00:00;178245,00;178375,00;177945,00;178300,00;3,333622351E10;935590
WINFUT;27/05/2026;11:30:00;177770,00;178400,00;177425,00;178245,00;4,077401889E10;1145647
WINFUT;27/05/2026;11:00:00;178400,00;178440,00;177370,00;177770,00;5,267087249E10;1481394
WINFUT;27/05/2026;10:30:00;177760,00;179050,00;177730,00;178400,00;7,241327952E10;2027959
WINFUT;27/05/2026;10:00:00;178935,00;179250,00;177595,00;177760,00;7,41768887E10;2078639
WINFUT;27/05/2026;09:30:00;179385,00;179655,00;178630,00;178935,00;6,463966521E10;1804528
WINFUT;27/05/2026;09:00:00;177360,00;179440,00;177025,00;179390,00;8,107654783E10;2270757
WINFUT;26/05/2026;18:00:00;177975,00;177985,00;177660,00;177725,00;5761072579,00;162013
WINFUT;26/05/2026;17:30:00;177780,00;177990,00;177770,00;177980,00;7877376201,00;221409
WINFUT;26/05/2026;17:00:00;177710,00;177930,00;177660,00;177780,00;1,422727947E10;400125
WINFUT;26/05/2026;16:30:00;177280,00;177725,00;177270,00;177710,00;2,081935444E10;586316
WINFUT;26/05/2026;16:00:00;177155,00;177300,00;177055,00;177280,00;1,388574632E10;391866
WINFUT;26/05/2026;15:30:00;177070,00;177255,00;176960,00;177160,00;1,622424775E10;458009
WINFUT;26/05/2026;15:00:00;177170,00;177380,00;177040,00;177070,00;2,152279578E10;607309
WINFUT;26/05/2026;14:30:00;177010,00;177335,00;176975,00;177175,00;1,994003617E10;562634
WINFUT;26/05/2026;14:00:00;177050,00;177105,00;176900,00;177005,00;1,60131324E10;452356
WINFUT;26/05/2026;13:30:00;177010,00;177120,00;176765,00;177050,00;2,217768783E10;626672
WINFUT;26/05/2026;13:00:00;177325,00;177415,00;176905,00;177010,00;1,947867963E10;549848
WINFUT;26/05/2026;12:30:00;177165,00;177420,00;176865,00;177320,00;2,399029609E10;677047
WINFUT;26/05/2026;12:00:00;177705,00;177710,00;177005,00;177160,00;3,196408206E10;901164
WINFUT;26/05/2026;11:30:00;177435,00;177775,00;177190,00;177705,00;3,715043109E10;1046409
WINFUT;26/05/2026;11:00:00;177260,00;177565,00;176780,00;177440,00;4,738178548E10;1336517
WINFUT;26/05/2026;10:30:00;178545,00;178855,00;176985,00;177265,00;6,75704378E10;1897996
WINFUT;26/05/2026;10:00:00;178640,00;178930,00;177335,00;178545,00;8,53697785E10;2396389
WINFUT;26/05/2026;09:30:00;179170,00;179180,00;178380,00;178635,00;4,494813697E10;1257949
WINFUT;26/05/2026;09:00:00;178910,00;179235,00;178365,00;179170,00;5,950303688E10;1664007
WINFUT;25/05/2026;18:00:00;179370,00;179470,00;179290,00;179290,00;6476909932,00;180538
WINFUT;25/05/2026;17:30:00;179335,00;179475,00;179265,00;179370,00;9820073939,00;273742
WINFUT;25/05/2026;17:00:00;179170,00;179400,00;179115,00;179335,00;1,19891756E10;334378
WINFUT;25/05/2026;16:30:00;178970,00;179185,00;178820,00;179175,00;1,581688716E10;441752
WINFUT;25/05/2026;16:00:00;179105,00;179115,00;178700,00;178970,00;1,970246018E10;550723
WINFUT;25/05/2026;15:30:00;178850,00;179130,00;178715,00;179110,00;1,830660327E10;511619
WINFUT;25/05/2026;15:00:00;178735,00;178940,00;178680,00;178850,00;1,539134753E10;430412
WINFUT;25/05/2026;14:30:00;178645,00;178910,00;178620,00;178735,00;1,951038708E10;545669
WINFUT;25/05/2026;14:00:00;178415,00;178660,00;178355,00;178640,00;1,758296582E10;492484
WINFUT;25/05/2026;13:30:00;177990,00;178460,00;177925,00;178410,00;1,826251171E10;512385
WINFUT;25/05/2026;13:00:00;178230,00;178285,00;177845,00;177990,00;2,039007811E10;572635
WINFUT;25/05/2026;12:30:00;178105,00;178460,00;178060,00;178225,00;1,86260445E10;522295
WINFUT;25/05/2026;12:00:00;178175,00;178495,00;178030,00;178105,00;2,522471352E10;707556
WINFUT;25/05/2026;11:30:00;178235,00;178290,00;178010,00;178175,00;1,938173056E10;543948
WINFUT;25/05/2026;11:00:00;178175,00;178410,00;178060,00;178235,00;2,529763211E10;709741
WINFUT;25/05/2026;10:30:00;178210,00;178675,00;178080,00;178170,00;3,781041531E10;1060123
WINFUT;25/05/2026;10:00:00;178660,00;178795,00;178125,00;178215,00;4,379153131E10;1227032
WINFUT;25/05/2026;09:30:00;179145,00;179160,00;178570,00;178660,00;3,512572039E10;982025
WINFUT;25/05/2026;09:00:00;179270,00;180275,00;178855,00;179145,00;5,484729566E10;1527391
WINFUT;22/05/2026;18:00:00;177765,00;177915,00;177715,00;177745,00;4610410529,00;129655
WINFUT;22/05/2026;17:30:00;177905,00;177920,00;177700,00;177760,00;8107845699,00;228002
WINFUT;22/05/2026;17:00:00;177680,00;178020,00;177580,00;177910,00;1,100247084E10;309380
WINFUT;22/05/2026;16:30:00;177870,00;177895,00;177530,00;177675,00;1,84993341E10;520560
WINFUT;22/05/2026;16:00:00;177880,00;178030,00;177665,00;177870,00;1,804635418E10;507366
WINFUT;22/05/2026;15:30:00;177800,00;177975,00;177655,00;177885,00;1,621252874E10;455970
WINFUT;22/05/2026;15:00:00;177850,00;177890,00;177620,00;177800,00;1,761811369E10;495524
WINFUT;22/05/2026;14:30:00;178075,00;178240,00;177630,00;177850,00;2,802267471E10;787756
WINFUT;22/05/2026;14:00:00;177450,00;178155,00;177390,00;178075,00;2,93569631E10;826169
WINFUT;22/05/2026;13:30:00;177360,00;177505,00;177220,00;177450,00;1,805674904E10;509022
WINFUT;22/05/2026;13:00:00;177035,00;177390,00;176990,00;177360,00;2,192828998E10;618681
WINFUT;22/05/2026;12:30:00;177075,00;177165,00;176835,00;177030,00;2,01512526E10;569147
WINFUT;22/05/2026;12:00:00;176415,00;177080,00;176310,00;177075,00;3,297510202E10;933190
WINFUT;22/05/2026;11:30:00;176670,00;176990,00;176400,00;176420,00;3,490075744E10;987465
WINFUT;22/05/2026;11:00:00;178015,00;178025,00;176500,00;176670,00;5,682464104E10;1604341
WINFUT;22/05/2026;10:30:00;177860,00;178205,00;177365,00;178015,00;6,730230297E10;1892811
WINFUT;22/05/2026;10:00:00;178020,00;178145,00;177565,00;177860,00;5,820277413E10;1635838
WINFUT;22/05/2026;09:30:00;178310,00;178335,00;177675,00;178015,00;4,342066508E10;1220279
WINFUT;22/05/2026;09:00:00;178495,00;178910,00;178220,00;178310,00;5,404196824E10;1513574
WINFUT;21/05/2026;18:00:00;179110,00;179140,00;178700,00;178700,00;7415299651,00;207282
WINFUT;21/05/2026;17:30:00;179010,00;179200,00;178905,00;179105,00;6943460330,00;193936
WINFUT;21/05/2026;17:00:00;179370,00;179380,00;178940,00;179015,00;1,416004655E10;395251
WINFUT;21/05/2026;16:30:00;179080,00;179495,00;179045,00;179375,00;2,198881424E10;613398
WINFUT;21/05/2026;16:00:00;178835,00;179240,00;178825,00;179080,00;2,253247225E10;629257
WINFUT;21/05/2026;15:30:00;179590,00;179620,00;178675,00;178830,00;3,514306281E10;981035
WINFUT;21/05/2026;15:00:00;179670,00;179785,00;179365,00;179590,00;2,660660381E10;740892
WINFUT;21/05/2026;14:30:00;179420,00;179935,00;179240,00;179665,00;4,02701947E10;1121490
WINFUT;21/05/2026;14:00:00;178425,00;180355,00;178425,00;179425,00;6,779962548E10;1889152
WINFUT;21/05/2026;13:30:00;178455,00;178590,00;178340,00;178425,00;1,831876601E10;513235
WINFUT;21/05/2026;13:00:00;178235,00;178595,00;178210,00;178455,00;2,227954228E10;624307
WINFUT;21/05/2026;12:30:00;178070,00;178260,00;177925,00;178240,00;1,926795888E10;540856
WINFUT;21/05/2026;12:00:00;178040,00;178420,00;177825,00;178070,00;3,398965611E10;954245
WINFUT;21/05/2026;11:30:00;178125,00;178260,00;177625,00;178045,00;3,897162771E10;1095322
WINFUT;21/05/2026;11:00:00;178345,00;178430,00;177885,00;178120,00;4,392702439E10;1232798
WINFUT;21/05/2026;10:30:00;177725,00;178810,00;177305,00;178345,00;7,840088497E10;2201813
WINFUT;21/05/2026;10:00:00;177860,00;178225,00;177630,00;177725,00;5,365110188E10;1507767
WINFUT;21/05/2026;09:30:00;177725,00;178135,00;177415,00;177865,00;4,97717094E10;1398962
WINFUT;21/05/2026;09:00:00;178060,00;178855,00;177570,00;177725,00;4,826929682E10;1356017
WINFUT;20/05/2026;18:00:00;178805,00;178890,00;178455,00;178650,00;5914120847,00;165498
WINFUT;20/05/2026;17:30:00;178885,00;178925,00;178745,00;178805,00;7285413565,00;203680
WINFUT;20/05/2026;17:00:00;179300,00;179305,00;178775,00;178890,00;1,867367785E10;521536
WINFUT;20/05/2026;16:30:00;179680,00;179735,00;179215,00;179305,00;2,552128181E10;711114
WINFUT;20/05/2026;16:00:00;179700,00;179890,00;179665,00;179685,00;1,629805887E10;453276
WINFUT;20/05/2026;15:30:00;179630,00;179835,00;179575,00;179705,00;1,957210051E10;544556
WINFUT;20/05/2026;15:00:00;179475,00;179695,00;179355,00;179635,00;1,929806377E10;537302
WINFUT;20/05/2026;14:30:00;179725,00;179945,00;179410,00;179480,00;2,485042854E10;691476
WINFUT;20/05/2026;14:00:00;179700,00;179845,00;179590,00;179725,00;2,085643069E10;580302
WINFUT;20/05/2026;13:30:00;179255,00;179765,00;179190,00;179695,00;2,493453766E10;694607
WINFUT;20/05/2026;13:00:00;179025,00;179455,00;178985,00;179250,00;2,459346013E10;686015
WINFUT;20/05/2026;12:30:00;178945,00;179340,00;178910,00;179025,00;2,642726541E10;737704
WINFUT;20/05/2026;12:00:00;178675,00;179665,00;178600,00;178945,00;5,108575002E10;1426494
WINFUT;20/05/2026;11:30:00;178870,00;179110,00;178440,00;178670,00;4,34700288E10;1216053
WINFUT;20/05/2026;11:00:00;178925,00;179315,00;177830,00;178865,00;7,366230108E10;2061806
WINFUT;20/05/2026;10:30:00;178055,00;179095,00;177905,00;178920,00;6,825504293E10;1911526
WINFUT;20/05/2026;10:00:00;176800,00;178165,00;176705,00;178060,00;7,505055628E10;2115198
WINFUT;20/05/2026;09:30:00;176920,00;177025,00;176635,00;176800,00;3,238839435E10;915842
WINFUT;20/05/2026;09:00:00;176465,00;177520,00;176180,00;176920,00;4,811347106E10;1359857
WINFUT;19/05/2026;18:00:00;176190,00;176555,00;176175,00;176465,00;6583415983,00;186607
WINFUT;19/05/2026;17:30:00;176150,00;176230,00;176025,00;176195,00;1,01497912E10;288093
WINFUT;19/05/2026;17:00:00;175685,00;176165,00;175650,00;176150,00;1,408723773E10;400422
WINFUT;19/05/2026;16:30:00;175680,00;175865,00;175485,00;175685,00;2,350938905E10;669126
WINFUT;19/05/2026;16:00:00;175895,00;175930,00;175585,00;175680,00;2,51323851E10;714965
WINFUT;19/05/2026;15:30:00;176080,00;176090,00;175775,00;175900,00;2,293066352E10;651581
WINFUT;19/05/2026;15:00:00;176460,00;176500,00;175860,00;176085,00;3,223526164E10;914778
WINFUT;19/05/2026;14:30:00;176795,00;176855,00;176390,00;176460,00;2,552937027E10;722813
WINFUT;19/05/2026;14:00:00;176965,00;177020,00;176645,00;176800,00;2,791421897E10;789198
WINFUT;19/05/2026;13:30:00;176355,00;177085,00;176260,00;176960,00;3,15953176E10;894492
WINFUT;19/05/2026;13:00:00;176275,00;176520,00;175945,00;176360,00;3,486053248E10;989230
WINFUT;19/05/2026;12:30:00;176150,00;176535,00;176130,00;176275,00;2,808398168E10;796284
WINFUT;19/05/2026;12:00:00;176385,00;176655,00;176040,00;176150,00;3,795607508E10;1076319
WINFUT;19/05/2026;11:30:00;176915,00;177015,00;176130,00;176380,00;4,954067318E10;1402864
WINFUT;19/05/2026;11:00:00;177160,00;177720,00;176760,00;176915,00;6,700216402E10;1890674
WINFUT;19/05/2026;10:30:00;175325,00;177280,00;175320,00;177155,00;8,827896298E10;2502774
WINFUT;19/05/2026;10:00:00;176535,00;176615,00;175200,00;175320,00;7,649993334E10;2174587
WINFUT;19/05/2026;09:30:00;177615,00;177650,00;176425,00;176530,00;5,21492479E10;1473700
WINFUT;19/05/2026;09:00:00;178560,00;178700,00;177110,00;177615,00;6,089753173E10;1713601
WINFUT;18/05/2026;18:00:00;179225,00;179530,00;179185,00;179530,00;5747693460,00;160246
WINFUT;18/05/2026;17:30:00;179220,00;179255,00;179085,00;179220,00;7967396673,00;222343
WINFUT;18/05/2026;17:00:00;179165,00;179310,00;178890,00;179220,00;1,77569851E10;495675
WINFUT;18/05/2026;16:30:00;178270,00;179190,00;178230,00;179165,00;3,212269506E10;898332
WINFUT;18/05/2026;16:00:00;177710,00;178430,00;177660,00;178270,00;4,052453072E10;1137290
WINFUT;18/05/2026;15:30:00;177770,00;177935,00;177655,00;177710,00;2,411466948E10;678184
WINFUT;18/05/2026;15:00:00;178270,00;178280,00;177580,00;177770,00;3,504833763E10;985178
WINFUT;18/05/2026;14:30:00;178695,00;178705,00;178220,00;178270,00;2,32003774E10;650045
WINFUT;18/05/2026;14:00:00;178730,00;178780,00;178575,00;178690,00;1,686946722E10;472050
WINFUT;18/05/2026;13:30:00;178525,00;178920,00;178400,00;178725,00;2,339767078E10;654913
WINFUT;18/05/2026;13:00:00;178740,00;178840,00;178445,00;178530,00;2,331136783E10;652371
WINFUT;18/05/2026;12:30:00;178340,00;178920,00;178315,00;178740,00;2,649807847E10;741361
WINFUT;18/05/2026;12:00:00;178490,00;178685,00;178210,00;178335,00;3,342272658E10;936659
WINFUT;18/05/2026;11:30:00;178390,00;178635,00;178110,00;178490,00;3,625039457E10;1016384
WINFUT;18/05/2026;11:00:00;178700,00;178785,00;177830,00;178385,00;5,241201458E10;1470249
WINFUT;18/05/2026;10:30:00;178560,00;178925,00;177845,00;178705,00;6,452843416E10;1808608
WINFUT;18/05/2026;10:00:00;178400,00;178955,00;178080,00;178560,00;6,526773472E10;1827954
WINFUT;18/05/2026;09:30:00;178450,00;178510,00;178050,00;178395,00;4,997578465E10;1401577
WINFUT;18/05/2026;09:00:00;179000,00;179550,00;178180,00;178450,00;5,620468718E10;1574079
WINFUT;15/05/2026;18:00:00;179210,00;179425,00;179055,00;179360,00;4063671257,00;113366
WINFUT;15/05/2026;17:30:00;179140,00;179305,00;179050,00;179210,00;8556869111,00;238761
WINFUT;15/05/2026;17:00:00;179275,00;179285,00;178840,00;179135,00;1,570981074E10;438634
WINFUT;15/05/2026;16:30:00;178890,00;179405,00;178780,00;179280,00;2,705514818E10;755204
WINFUT;15/05/2026;16:00:00;178610,00;178980,00;178440,00;178890,00;2,089151644E10;584670
WINFUT;15/05/2026;15:30:00;178850,00;178860,00;178335,00;178615,00;3,124672657E10;874864
WINFUT;15/05/2026;15:00:00;178960,00;179135,00;178610,00;178845,00;2,571354716E10;718804
WINFUT;15/05/2026;14:30:00;178865,00;179025,00;178640,00;178955,00;2,049917364E10;573050
WINFUT;15/05/2026;14:00:00;178725,00;178980,00;178615,00;178870,00;2,20968326E10;617851
WINFUT;15/05/2026;13:30:00;178710,00;178960,00;178530,00;178725,00;2,034369184E10;569026
WINFUT;15/05/2026;13:00:00;178470,00;178875,00;178335,00;178710,00;2,350862508E10;658187
WINFUT;15/05/2026;12:30:00;178625,00;178690,00;178255,00;178475,00;2,283834541E10;640051
WINFUT;15/05/2026;12:00:00;178100,00;178655,00;178095,00;178625,00;3,333606574E10;934702
WINFUT;15/05/2026;11:30:00;178630,00;178875,00;178080,00;178105,00;4,303563474E10;1205661
WINFUT;15/05/2026;11:00:00;177825,00;178935,00;177530,00;178630,00;6,105807161E10;1711992
WINFUT;15/05/2026;10:30:00;177755,00;178150,00;177220,00;177825,00;6,985436918E10;1965267
WINFUT;15/05/2026;10:00:00;177510,00;177980,00;177315,00;177760,00;5,242971414E10;1475788
WINFUT;15/05/2026;09:30:00;178145,00;178290,00;177460,00;177505,00;4,709800088E10;1324606
WINFUT;15/05/2026;09:00:00;179000,00;179270,00;177760,00;178145,00;6,049445973E10;1696837
WINFUT;14/05/2026;18:00:00;180645,00;180720,00;180510,00;180675,00;5083680722,00;140745
WINFUT;14/05/2026;17:30:00;180690,00;180735,00;180545,00;180635,00;7452536725,00;206272
WINFUT;14/05/2026;17:00:00;180485,00;180745,00;180385,00;180685,00;1,153694159E10;319488
WINFUT;14/05/2026;16:30:00;180485,00;180600,00;180375,00;180490,00;1,893190372E10;524474
WINFUT;14/05/2026;16:00:00;180555,00;180815,00;180460,00;180485,00;2,588150577E10;716444
WINFUT;14/05/2026;15:30:00;180840,00;180870,00;180435,00;180550,00;2,591600808E10;717490
WINFUT;14/05/2026;15:00:00;181120,00;181135,00;180755,00;180845,00;2,731930658E10;754760
WINFUT;14/05/2026;14:30:00;181200,00;181550,00;181095,00;181125,00;2,499700169E10;689154
WINFUT;14/05/2026;14:00:00;181025,00;181485,00;181000,00;181195,00;2,780546621E10;766950
WINFUT;14/05/2026;13:30:00;180850,00;181155,00;180725,00;181020,00;2,544728803E10;703134
WINFUT;14/05/2026;13:00:00;181070,00;181220,00;180795,00;180855,00;2,301601279E10;635657
WINFUT;14/05/2026;12:30:00;180980,00;181170,00;180860,00;181070,00;2,365840169E10;653494
WINFUT;14/05/2026;12:00:00;180965,00;181185,00;180845,00;180980,00;2,890776429E10;798393
WINFUT;14/05/2026;11:30:00;180805,00;181110,00;180630,00;180960,00;4,465817248E10;1234462
WINFUT;14/05/2026;11:00:00;180105,00;180950,00;180035,00;180810,00;5,436677964E10;1504678
WINFUT;14/05/2026;10:30:00;180360,00;180520,00;179705,00;180105,00;7,377888664E10;2047261
WINFUT;14/05/2026;10:00:00;180675,00;180865,00;180195,00;180355,00;6,267214966E10;1735323
WINFUT;14/05/2026;09:30:00;180390,00;180785,00;180325,00;180680,00;4,149938775E10;1149345
WINFUT;14/05/2026;09:00:00;179055,00;180520,00;179055,00;180390,00;5,157403171E10;1431842
WINFUT;13/05/2026;18:00:00;179225,00;179260,00;178935,00;179105,00;5181376292,00;144668
WINFUT;13/05/2026;17:30:00;179150,00;179350,00;179095,00;179230,00;9738057604,00;271681
WINFUT;13/05/2026;17:00:00;179170,00;179290,00;178845,00;179155,00;1,691372957E10;472230
WINFUT;13/05/2026;16:30:00;179345,00;179410,00;178890,00;179170,00;2,748380751E10;766969
WINFUT;13/05/2026;16:00:00;179590,00;179670,00;179140,00;179340,00;2,407462434E10;671210
WINFUT;13/05/2026;15:30:00;179860,00;180020,00;178790,00;179595,00;4,543275201E10;1265199
WINFUT;13/05/2026;15:00:00;180575,00;180860,00;179655,00;179860,00;6,876436034E10;1907087
WINFUT;13/05/2026;14:30:00;181820,00;181850,00;180385,00;180575,00;4,332330565E10;1194112
WINFUT;13/05/2026;14:00:00;182105,00;182125,00;181635,00;181825,00;3,273155877E10;899903
WINFUT;13/05/2026;13:30:00;182575,00;182670,00;182080,00;182105,00;2,446175088E10;670585
WINFUT;13/05/2026;13:00:00;182465,00;182740,00;182400,00;182575,00;2,799656172E10;766817
WINFUT;13/05/2026;12:30:00;182460,00;182540,00;182305,00;182465,00;2,1062918E10;577277
WINFUT;13/05/2026;12:00:00;182350,00;182560,00;182155,00;182460,00;3,027934604E10;830194
WINFUT;13/05/2026;11:30:00;182445,00;182520,00;182235,00;182350,00;2,87649217E10;788626
WINFUT;13/05/2026;11:00:00;181950,00;182565,00;181805,00;182450,00;5,393280898E10;1479706
WINFUT;13/05/2026;10:30:00;181700,00;182150,00;180825,00;181955,00;7,967542281E10;2196023
WINFUT;13/05/2026;10:00:00;182075,00;182440,00;181655,00;181695,00;6,35013095E10;1743574
WINFUT;13/05/2026;09:30:00;181925,00;182180,00;181560,00;182075,00;3,945804433E10;1084845
WINFUT;13/05/2026;09:00:00;182750,00;182900,00;181735,00;181920,00;5,151275411E10;1413980
WINFUT;12/05/2026;18:00:00;182855,00;182960,00;182700,00;182770,00;5552003403,00;151815
WINFUT;12/05/2026;17:30:00;182775,00;182880,00;182735,00;182855,00;5208018160,00;142439
WINFUT;12/05/2026;17:00:00;182775,00;182830,00;182585,00;182770,00;1,319556946E10;361121
WINFUT;12/05/2026;16:30:00;182905,00;182985,00;182735,00;182775,00;2,313756576E10;632712
WINFUT;12/05/2026;16:00:00;182665,00;183185,00;182660,00;182910,00;3,013475308E10;823600
WINFUT;12/05/2026;15:30:00;182715,00;182965,00;182570,00;182670,00;2,539253229E10;694825
WINFUT;12/05/2026;15:00:00;182350,00;182845,00;182170,00;182710,00;2,803292859E10;768223
WINFUT;12/05/2026;14:30:00;182635,00;182730,00;182280,00;182350,00;2,242488433E10;614371
WINFUT;12/05/2026;14:00:00;182330,00;182775,00;182305,00;182640,00;2,815182696E10;771035
WINFUT;12/05/2026;13:30:00;182455,00;182560,00;182160,00;182330,00;2,473706873E10;678239
WINFUT;12/05/2026;13:00:00;182445,00;182600,00;182235,00;182455,00;2,299328498E10;630173
WINFUT;12/05/2026;12:30:00;182240,00;182580,00;182200,00;182445,00;2,46000092E10;674352
WINFUT;12/05/2026;12:00:00;182480,00;182880,00;182145,00;182245,00;3,763518741E10;1031165
WINFUT;12/05/2026;11:30:00;182580,00;182800,00;182205,00;182480,00;4,761819701E10;1304641
WINFUT;12/05/2026;11:00:00;183470,00;183645,00;182510,00;182580,00;6,109692301E10;1668312
WINFUT;12/05/2026;10:30:00;183090,00;184090,00;182945,00;183470,00;7,710316727E10;2099135
WINFUT;12/05/2026;10:00:00;183540,00;183645,00;182520,00;183085,00;8,438188443E10;2304003
WINFUT;12/05/2026;09:30:00;183410,00;183870,00;183115,00;183545,00;5,400886883E10;1471395
WINFUT;12/05/2026;09:00:00;183800,00;183935,00;183195,00;183410,00;4,568130336E10;1244726
WINFUT;11/05/2026;18:00:00;184365,00;184965,00;184310,00;184600,00;7698781060,00;208545
WINFUT;11/05/2026;17:30:00;184280,00;184400,00;184190,00;184365,00;6213763202,00;168599
WINFUT;11/05/2026;17:00:00;184370,00;184450,00;184165,00;184275,00;1,277171619E10;346469
WINFUT;11/05/2026;16:30:00;183985,00;184420,00;183980,00;184365,00;2,636636961E10;715605
WINFUT;11/05/2026;16:00:00;184450,00;184475,00;183940,00;183990,00;2,505610359E10;680181
WINFUT;11/05/2026;15:30:00;184365,00;184675,00;184315,00;184445,00;2,396867792E10;649404
WINFUT;11/05/2026;15:00:00;184400,00;184560,00;184205,00;184360,00;2,221420684E10;602481
WINFUT;11/05/2026;14:30:00;184415,00;184520,00;184180,00;184395,00;2,174494157E10;589737
WINFUT;11/05/2026;14:00:00;184490,00;184610,00;184285,00;184420,00;2,702328415E10;732677
WINFUT;11/05/2026;13:30:00;184160,00;184575,00;184040,00;184495,00;3,180300502E10;862769
WINFUT;11/05/2026;13:00:00;184655,00;184660,00;184130,00;184160,00;2,669604821E10;723806
WINFUT;11/05/2026;12:30:00;184690,00;184845,00;184525,00;184655,00;2,545491711E10;689156
WINFUT;11/05/2026;12:00:00;184965,00;185055,00;184615,00;184685,00;3,728895491E10;1008908
WINFUT;11/05/2026;11:30:00;184975,00;185440,00;184875,00;184965,00;5,357151311E10;1446875
WINFUT;11/05/2026;11:00:00;185650,00;185755,00;184840,00;184975,00;5,914474736E10;1597063
WINFUT;11/05/2026;10:30:00;186465,00;186890,00;185460,00;185655,00;8,465345793E10;2272778
WINFUT;11/05/2026;10:00:00;185920,00;186955,00;185635,00;186465,00;7,847649911E10;2106300
WINFUT;11/05/2026;09:30:00;186220,00;186250,00;185720,00;185920,00;4,474254626E10;1202854
WINFUT;11/05/2026;09:00:00;187400,00;187400,00;185670,00;186220,00;5,66593808E10;1522601
WINFUT;08/05/2026;18:00:00;187000,00;187190,00;186855,00;187190,00;5874204545,00;157064
WINFUT;08/05/2026;17:30:00;186815,00;187130,00;186715,00;186995,00;1,023761365E10;273893
WINFUT;08/05/2026;17:00:00;186925,00;186950,00;186635,00;186815,00;1,265145587E10;338676
WINFUT;08/05/2026;16:30:00;186895,00;186975,00;186700,00;186925,00;2,049797034E10;548553
WINFUT;08/05/2026;16:00:00;187180,00;187305,00;186885,00;186895,00;1,869271434E10;499583
WINFUT;08/05/2026;15:30:00;187190,00;187485,00;187080,00;187175,00;2,280345088E10;608760
WINFUT;08/05/2026;15:00:00;187085,00;187300,00;187005,00;187190,00;2,107667821E10;562966
WINFUT;08/05/2026;14:30:00;187170,00;187205,00;186890,00;187080,00;2,304919347E10;616059
WINFUT;08/05/2026;14:00:00;187145,00;187320,00;187040,00;187165,00;1,929051653E10;515264
WINFUT;08/05/2026;13:30:00;187350,00;187455,00;187135,00;187140,00;2,010201809E10;536605
WINFUT;08/05/2026;13:00:00;187100,00;187515,00;187090,00;187355,00;2,40546426E10;642108
WINFUT;08/05/2026;12:30:00;187365,00;187425,00;187005,00;187105,00;2,382158261E10;636247
WINFUT;08/05/2026;12:00:00;187590,00;187650,00;187100,00;187360,00;3,620757027E10;966341
WINFUT;08/05/2026;11:30:00;187560,00;188065,00;187340,00;187590,00;4,660301165E10;1241370
WINFUT;08/05/2026;11:00:00;187595,00;187930,00;187035,00;187565,00;5,579317666E10;1488778
WINFUT;08/05/2026;10:30:00;187865,00;188255,00;187410,00;187595,00;7,504619288E10;1997607
WINFUT;08/05/2026;10:00:00;187730,00;188090,00;187210,00;187865,00;7,608345153E10;2027011
WINFUT;08/05/2026;09:30:00;186920,00;187850,00;186520,00;187730,00;5,833288989E10;1556212
WINFUT;08/05/2026;09:00:00;186000,00;187035,00;185800,00;186910,00;5,718823945E10;1533284
WINFUT;07/05/2026;18:00:00;185500,00;185525,00;185180,00;185260,00;6482412111,00;174863
WINFUT;07/05/2026;17:30:00;185550,00;185670,00;185360,00;185495,00;1,193586063E10;321700
WINFUT;07/05/2026;17:00:00;185605,00;185840,00;185510,00;185555,00;1,501352165E10;404288
WINFUT;07/05/2026;16:30:00;185850,00;185955,00;185385,00;185605,00;2,55659809E10;688364
WINFUT;07/05/2026;16:00:00;186060,00;186115,00;185745,00;185850,00;2,376296162E10;638954
WINFUT;07/05/2026;15:30:00;186175,00;186380,00;185815,00;186065,00;3,471285277E10;932776
WINFUT;07/05/2026;15:00:00;186145,00;186240,00;185860,00;186175,00;2,68280494E10;721033
WINFUT;07/05/2026;14:30:00;185685,00;186200,00;185555,00;186145,00;3,354147288E10;902261
WINFUT;07/05/2026;14:00:00;186250,00;186440,00;185430,00;185680,00;4,980626674E10;1338533
WINFUT;07/05/2026;13:30:00;186690,00;186730,00;186160,00;186250,00;3,120092321E10;836848
WINFUT;07/05/2026;13:00:00;186485,00;186765,00;186415,00;186690,00;2,701114501E10;723756
WINFUT;07/05/2026;12:30:00;186705,00;186780,00;186360,00;186490,00;2,765100865E10;741001
WINFUT;07/05/2026;12:00:00;186950,00;187230,00;186470,00;186705,00;4,704007355E10;1258449
WINFUT;07/05/2026;11:30:00;186610,00;187045,00;186515,00;186950,00;3,908047238E10;1046180
WINFUT;07/05/2026;11:00:00;186585,00;186835,00;186280,00;186610,00;5,708500385E10;1529557
WINFUT;07/05/2026;10:30:00;188260,00;188275,00;186430,00;186590,00;9,053394079E10;2417046
WINFUT;07/05/2026;10:00:00;189625,00;189685,00;188200,00;188265,00;8,820229507E10;2336233
WINFUT;07/05/2026;09:30:00;189510,00;189795,00;189230,00;189625,00;5,796078277E10;1528857
WINFUT;07/05/2026;09:00:00;190300,00;190575,00;189200,00;189505,00;5,611148785E10;1479258
WINFUT;06/05/2026;18:00:00;190000,00;190080,00;189955,00;190000,00;4540558356,00;119480
WINFUT;06/05/2026;17:30:00;190290,00;190310,00;189870,00;190000,00;1,228572821E10;323248
WINFUT;06/05/2026;17:00:00;190590,00;190660,00;190190,00;190285,00;1,559744655E10;409677
WINFUT;06/05/2026;16:30:00;190720,00;190745,00;190435,00;190590,00;2,553085495E10;669775
WINFUT;06/05/2026;16:00:00;190720,00;191010,00;190675,00;190720,00;2,785204349E10;729567
WINFUT;06/05/2026;15:30:00;190310,00;190740,00;190275,00;190715,00;2,022617403E10;530773
WINFUT;06/05/2026;15:00:00;190300,00;190450,00;190230,00;190310,00;2,06596462E10;542756
WINFUT;06/05/2026;14:30:00;190580,00;190600,00;190145,00;190305,00;2,602622916E10;683602
WINFUT;06/05/2026;14:00:00;190545,00;191010,00;190510,00;190580,00;2,612637162E10;684710
WINFUT;06/05/2026;13:30:00;190895,00;191045,00;190440,00;190540,00;3,104560815E10;813820
WINFUT;06/05/2026;13:00:00;190710,00;191115,00;190640,00;190900,00;2,477468681E10;648858
WINFUT;06/05/2026;12:30:00;190780,00;190910,00;190545,00;190710,00;2,501939017E10;655864
WINFUT;06/05/2026;12:00:00;190490,00;190940,00;190195,00;190780,00;3,951775925E10;1036696
WINFUT;06/05/2026;11:30:00;189750,00;191130,00;189650,00;190485,00;5,91058154E10;1551319
WINFUT;06/05/2026;11:00:00;190195,00;190240,00;189635,00;189745,00;6,185927304E10;1628842
WINFUT;06/05/2026;10:30:00;191470,00;191515,00;190145,00;190200,00;8,411531503E10;2202330
WINFUT;06/05/2026;10:00:00;191390,00;191530,00;190350,00;191470,00;7,811188491E10;2045090
WINFUT;06/05/2026;09:30:00;192405,00;192560,00;191345,00;191390,00;5,653829922E10;1472746
WINFUT;06/05/2026;09:00:00;191440,00;192465,00;191000,00;192405,00;7,530023672E10;1965556
WINFUT;05/05/2026;18:00:00;189465,00;189615,00;189345,00;189400,00;5728152821,00;151154
WINFUT;05/05/2026;17:30:00;189575,00;189600,00;189385,00;189465,00;7136544194,00;188322
WINFUT;05/05/2026;17:00:00;189360,00;189650,00;189340,00;189575,00;1,336020498E10;352471
WINFUT;05/05/2026;16:30:00;189690,00;189725,00;189300,00;189350,00;2,105894362E10;555604
WINFUT;05/05/2026;16:00:00;189655,00;189725,00;189515,00;189685,00;1,833528872E10;483458
WINFUT;05/05/2026;15:30:00;189620,00;189720,00;189470,00;189660,00;1,845353552E10;486610
WINFUT;05/05/2026;15:00:00;189315,00;189730,00;189275,00;189625,00;2,945675217E10;777156
WINFUT;05/05/2026;14:30:00;189185,00;189485,00;189040,00;189315,00;2,848484674E10;752517
WINFUT;05/05/2026;14:00:00;189370,00;189495,00;189150,00;189185,00;2,787978697E10;736246
WINFUT;05/05/2026;13:30:00;190125,00;190160,00;189320,00;189370,00;3,000457774E10;790631
WINFUT;05/05/2026;13:00:00;190155,00;190245,00;190030,00;190120,00;1,776268531E10;467033
WINFUT;05/05/2026;12:30:00;189830,00;190225,00;189795,00;190150,00;2,680203989E10;705167
WINFUT;05/05/2026;12:00:00;189340,00;189895,00;189065,00;189835,00;4,306219262E10;1136353
WINFUT;05/05/2026;11:30:00;188970,00;189450,00;188800,00;189335,00;4,417219554E10;1167427
WINFUT;05/05/2026;11:00:00;189010,00;189340,00;188600,00;188975,00;5,648026137E10;1494398
WINFUT;05/05/2026;10:30:00;189185,00;189285,00;188290,00;189010,00;7,942734056E10;2103451
WINFUT;05/05/2026;10:00:00;188155,00;189375,00;188080,00;189185,00;8,321246606E10;2202550
WINFUT;05/05/2026;09:30:00;188710,00;188755,00;188040,00;188155,00;3,903140107E10;1036405
WINFUT;05/05/2026;09:00:00;189525,00;189600,00;188100,00;188710,00;6,357291982E10;1685872
WINFUT;04/05/2026;18:00:00;188350,00;188580,00;188335,00;188580,00;6622742318,00;175682
WINFUT;04/05/2026;17:30:00;188335,00;188390,00;188260,00;188355,00;6704956817,00;178017
WINFUT;04/05/2026;17:00:00;188380,00;188485,00;188195,00;188335,00;1,368283416E10;363255
WINFUT;04/05/2026;16:30:00;188680,00;188740,00;188355,00;188380,00;2,238850665E10;593698
WINFUT;04/05/2026;16:00:00;188615,00;188790,00;188455,00;188685,00;2,164662911E10;573693
WINFUT;04/05/2026;15:30:00;188605,00;188705,00;188390,00;188620,00;2,516589234E10;667389
WINFUT;04/05/2026;15:00:00;188605,00;188815,00;188410,00;188605,00;2,368649989E10;627854
WINFUT;04/05/2026;14:30:00;188805,00;188805,00;188395,00;188610,00;2,312018393E10;613051
WINFUT;04/05/2026;14:00:00;188490,00;188895,00;188460,00;188800,00;2,637601375E10;698800
WINFUT;04/05/2026;13:30:00;188960,00;189065,00;188415,00;188485,00;2,888920305E10;765521
WINFUT;04/05/2026;13:00:00;189025,00;189175,00;188710,00;188955,00;3,742797329E10;990345
WINFUT;04/05/2026;12:30:00;189235,00;189295,00;188760,00;189030,00;4,073938346E10;1077589
WINFUT;04/05/2026;12:00:00;189630,00;189975,00;188975,00;189240,00;5,48550759E10;1447517
WINFUT;04/05/2026;11:30:00;190205,00;190420,00;189545,00;189630,00;4,40875808E10;1159872
WINFUT;04/05/2026;11:00:00;189930,00;190440,00;189800,00;190205,00;5,259155029E10;1383393
WINFUT;04/05/2026;10:30:00;190040,00;190700,00;189685,00;189930,00;6,865226323E10;1804457
WINFUT;04/05/2026;10:00:00;190280,00;190490,00;189805,00;190045,00;6,131268759E10;1612753
WINFUT;04/05/2026;09:30:00;190380,00;190520,00;189940,00;190285,00;5,052407632E10;1327751
WINFUT;04/05/2026;09:00:00;189490,00;190870,00;189490,00;190380,00;5,690279214E10;1494583
WINFUT;30/04/2026;18:00:00;190130,00;190215,00;189960,00;189980,00;5213860222,00;137153
WINFUT;30/04/2026;17:30:00;190220,00;190255,00;190100,00;190135,00;9712188571,00;255352
WINFUT;30/04/2026;17:00:00;190720,00;190780,00;190190,00;190225,00;2,153271729E10;565126
WINFUT;30/04/2026;16:30:00;190965,00;191000,00;190710,00;190715,00;2,376937772E10;622668
WINFUT;30/04/2026;16:00:00;190685,00;191035,00;190670,00;190965,00;2,149986085E10;563093
WINFUT;30/04/2026;15:30:00;190515,00;190775,00;190485,00;190690,00;2,008728073E10;526757
WINFUT;30/04/2026;15:00:00;190370,00;190625,00;190360,00;190515,00;1,7478872E10;458700
WINFUT;30/04/2026;14:30:00;190300,00;190535,00;190295,00;190365,00;2,365737528E10;621179
WINFUT;30/04/2026;14:00:00;190130,00;190385,00;190120,00;190300,00;1,985030864E10;521607
WINFUT;30/04/2026;13:30:00;190055,00;190325,00;190040,00;190130,00;2,489944654E10;654592
WINFUT;30/04/2026;13:00:00;190185,00;190280,00;189870,00;190060,00;1,989483547E10;523319
WINFUT;30/04/2026;12:30:00;190140,00;190280,00;189980,00;190180,00;2,070437822E10;544451
WINFUT;30/04/2026;12:00:00;190010,00;190350,00;189805,00;190140,00;3,503786934E10;921752
WINFUT;30/04/2026;11:30:00;190080,00;190310,00;189600,00;190010,00;4,844306347E10;1274797
WINFUT;30/04/2026;11:00:00;189860,00;190260,00;189315,00;190085,00;5,667617233E10;1493333
WINFUT;30/04/2026;10:30:00;189530,00;189990,00;189240,00;189865,00;6,89102393E10;1817203
WINFUT;30/04/2026;10:00:00;188905,00;189550,00;188810,00;189530,00;5,520258382E10;1459119
WINFUT;30/04/2026;09:30:00;189005,00;189225,00;188625,00;188910,00;4,758932163E10;1259445
WINFUT;30/04/2026;09:00:00;188500,00;189085,00;188305,00;189000,00;3,914623359E10;1036490
WINFUT;29/04/2026;18:00:00;187255,00;187265,00;186865,00;186900,00;7401412953,00;197842
WINFUT;29/04/2026;17:30:00;187500,00;187545,00;187200,00;187260,00;1,158582243E10;309237
WINFUT;29/04/2026;17:00:00;187725,00;187905,00;187355,00;187500,00;2,307066937E10;614810
WINFUT;29/04/2026;16:30:00;188100,00;188105,00;187495,00;187720,00;3,217315272E10;856833
WINFUT;29/04/2026;16:00:00;188205,00;188265,00;188015,00;188100,00;2,222564676E10;590685
WINFUT;29/04/2026;15:30:00;188360,00;188470,00;187880,00;188210,00;4,385448819E10;1165436
WINFUT;29/04/2026;15:00:00;188775,00;188805,00;188215,00;188360,00;3,205169571E10;850526
WINFUT;29/04/2026;14:30:00;188815,00;188930,00;188510,00;188775,00;2,509333826E10;664828
WINFUT;29/04/2026;14:00:00;188870,00;188950,00;188755,00;188815,00;1,876817814E10;496931
WINFUT;29/04/2026;13:30:00;188965,00;188975,00;188755,00;188870,00;2,470571975E10;654076
WINFUT;29/04/2026;13:00:00;188925,00;189155,00;188840,00;188970,00;2,23796689E10;591996
WINFUT;29/04/2026;12:30:00;189475,00;189510,00;188685,00;188925,00;4,567979012E10;1207822
WINFUT;29/04/2026;12:00:00;189930,00;189985,00;189360,00;189475,00;3,980508451E10;1049699
WINFUT;29/04/2026;11:30:00;189610,00;189940,00;189460,00;189930,00;3,534969493E10;931850
WINFUT;29/04/2026;11:00:00;189560,00;189855,00;189300,00;189610,00;4,814237442E10;1269814
WINFUT;29/04/2026;10:30:00;190325,00;190445,00;189480,00;189555,00;7,079793359E10;1863579
WINFUT;29/04/2026;10:00:00;190705,00;190800,00;190235,00;190320,00;6,381762805E10;1675022
WINFUT;29/04/2026;09:30:00;191235,00;191290,00;190640,00;190705,00;4,179238768E10;1094488
WINFUT;29/04/2026;09:00:00;191670,00;191695,00;190955,00;191235,00;4,608139166E10;1205024
WINFUT;28/04/2026;18:00:00;191895,00;191940,00;191645,00;191890,00;6974164943,00;181786
WINFUT;28/04/2026;17:30:00;191870,00;191945,00;191810,00;191895,00;6964099893,00;181478
WINFUT;28/04/2026;17:00:00;191825,00;191960,00;191765,00;191870,00;1,253762806E10;326735
WINFUT;28/04/2026;16:30:00;191810,00;192005,00;191735,00;191820,00;2,044933635E10;532885
WINFUT;28/04/2026;16:00:00;191800,00;191905,00;191670,00;191805,00;1,935216605E10;504538
WINFUT;28/04/2026;15:30:00;192085,00;192125,00;191780,00;191800,00;1,809987415E10;471435
WINFUT;28/04/2026;15:00:00;192070,00;192180,00;191745,00;192090,00;3,156821885E10;822267
WINFUT;28/04/2026;14:30:00;191995,00;192310,00;191955,00;192070,00;2,736449768E10;712053
WINFUT;28/04/2026;14:00:00;191990,00;192085,00;191735,00;191990,00;2,270370101E10;591570
WINFUT;28/04/2026;13:30:00;191805,00;192095,00;191655,00;191990,00;2,50555536E10;653026
WINFUT;28/04/2026;13:00:00;191820,00;191890,00;191635,00;191805,00;2,1682145E10;565327
WINFUT;28/04/2026;12:30:00;191615,00;191860,00;191495,00;191815,00;2,775888436E10;724056
WINFUT;28/04/2026;12:00:00;191080,00;191725,00;191065,00;191610,00;4,270238247E10;1115464
WINFUT;28/04/2026;11:30:00;191145,00;191540,00;190640,00;191085,00;6,120746626E10;1602196
WINFUT;28/04/2026;11:00:00;191445,00;191790,00;190985,00;191140,00;5,192966924E10;1356090
WINFUT;28/04/2026;10:30:00;190890,00;191915,00;190690,00;191450,00;7,756188159E10;2026093
WINFUT;28/04/2026;10:00:00;191455,00;191460,00;190550,00;190895,00;6,735203383E10;1764013
WINFUT;28/04/2026;09:30:00;191440,00;191745,00;191210,00;191455,00;4,699553101E10;1227534
WINFUT;28/04/2026;09:00:00;192075,00;192195,00;191250,00;191435,00;5,802586068E10;1514452
WINFUT;27/04/2026;18:00:00;192790,00;192845,00;192600,00;192755,00;5393518661,00;139900
WINFUT;27/04/2026;17:30:00;192920,00;192975,00;192745,00;192790,00;8440065036,00;218813
WINFUT;27/04/2026;17:00:00;192970,00;193025,00;192820,00;192915,00;1,329487312E10;344545
WINFUT;27/04/2026;16:30:00;193275,00;193280,00;192930,00;192965,00;2,479650753E10;642195
WINFUT;27/04/2026;16:00:00;193360,00;193450,00;193210,00;193280,00;2,075197664E10;536705
WINFUT;27/04/2026;15:30:00;193685,00;193700,00;193310,00;193360,00;2,427709063E10;627247
WINFUT;27/04/2026;15:00:00;193595,00;193760,00;193505,00;193685,00;1,699351809E10;438822
WINFUT;27/04/2026;14:30:00;193520,00;193715,00;193370,00;193595,00;2,473283105E10;638970
WINFUT;27/04/2026;14:00:00;193370,00;193530,00;193085,00;193515,00;2,972502803E10;768955
WINFUT;27/04/2026;13:30:00;193765,00;193805,00;193250,00;193370,00;2,674323909E10;691059
WINFUT;27/04/2026;13:00:00;193815,00;193825,00;193605,00;193770,00;2,023489644E10;522293
WINFUT;27/04/2026;12:30:00;193520,00;193850,00;193390,00;193815,00;2,888563631E10;745767
WINFUT;27/04/2026;12:00:00;193520,00;193675,00;193335,00;193520,00;3,514951888E10;908247
WINFUT;27/04/2026;11:30:00;194425,00;194440,00;193440,00;193515,00;5,022356756E10;1294767
WINFUT;27/04/2026;11:00:00;194435,00;194725,00;194215,00;194425,00;4,526474469E10;1163866
WINFUT;27/04/2026;10:30:00;194385,00;194660,00;193835,00;194435,00;8,7820589E10;2260392
WINFUT;27/04/2026;10:00:00;194485,00;194800,00;194200,00;194385,00;6,182219504E10;1589460
WINFUT;27/04/2026;09:30:00;194385,00;194920,00;194350,00;194485,00;4,349965609E10;1117478
WINFUT;27/04/2026;09:00:00;194760,00;195245,00;194315,00;194380,00;5,06817827E10;1301633
WINFUT;24/04/2026;18:00:00;194345,00;194565,00;194320,00;194355,00;5016433101,00;129014
WINFUT;24/04/2026;17:30:00;194230,00;194440,00;194225,00;194350,00;8017543462,00;206262
WINFUT;24/04/2026;17:00:00;194160,00;194390,00;194110,00;194235,00;1,413382221E10;363822
WINFUT;24/04/2026;16:30:00;193960,00;194185,00;193910,00;194165,00;2,105351886E10;542518
WINFUT;24/04/2026;16:00:00;194195,00;194295,00;193845,00;193960,00;2,212762971E10;570225
WINFUT;24/04/2026;15:30:00;193785,00;194240,00;193780,00;194195,00;2,210339865E10;569566
WINFUT;24/04/2026;15:00:00;193855,00;194000,00;193630,00;193785,00;2,183376804E10;563346
WINFUT;24/04/2026;14:30:00;193720,00;194065,00;193635,00;193860,00;2,444044463E10;630407
WINFUT;24/04/2026;14:00:00;193690,00;193780,00;193485,00;193720,00;2,068133498E10;533999
WINFUT;24/04/2026;13:30:00;193650,00;193740,00;193430,00;193690,00;2,18302631E10;563813
WINFUT;24/04/2026;13:00:00;194045,00;194065,00;193500,00;193655,00;2,717479776E10;701304
WINFUT;24/04/2026;12:30:00;193820,00;194250,00;193635,00;194045,00;3,7130419E10;957034
WINFUT;24/04/2026;12:00:00;193775,00;193920,00;193520,00;193815,00;3,418384144E10;882212
WINFUT;24/04/2026;11:30:00;194065,00;194165,00;193440,00;193775,00;4,544417467E10;1172230
WINFUT;24/04/2026;11:00:00;194660,00;194675,00;193930,00;194070,00;5,830901687E10;1500155
WINFUT;24/04/2026;10:30:00;194100,00;194685,00;193550,00;194655,00;7,356693936E10;1895376
WINFUT;24/04/2026;10:00:00;194645,00;195025,00;193970,00;194100,00;7,363763693E10;1892613
WINFUT;24/04/2026;09:30:00;194880,00;194890,00;194135,00;194640,00;4,724119321E10;1214378
WINFUT;24/04/2026;09:00:00;195330,00;195430,00;194655,00;194880,00;5,311230404E10;1361720
WINFUT;23/04/2026;18:00:00;194875,00;194875,00;194520,00;194520,00;6463909120,00;166006
WINFUT;23/04/2026;17:30:00;194910,00;194970,00;194740,00;194870,00;8789700039,00;225517
WINFUT;23/04/2026;17:00:00;195155,00;195185,00;194860,00;194910,00;1,255049199E10;321792
WINFUT;23/04/2026;16:30:00;195285,00;195410,00;194905,00;195155,00;2,710526956E10;694545
WINFUT;23/04/2026;16:00:00;195570,00;195620,00;195170,00;195285,00;2,771714213E10;709365
WINFUT;23/04/2026;15:30:00;195755,00;195930,00;195460,00;195575,00;2,928971762E10;748461
WINFUT;23/04/2026;15:00:00;195515,00;195845,00;195425,00;195760,00;3,751849503E10;958670
WINFUT;23/04/2026;14:30:00;195160,00;195570,00;194425,00;195515,00;7,667462919E10;1966021
WINFUT;23/04/2026;14:00:00;196200,00;196250,00;195010,00;195160,00;6,652912519E10;1701420
WINFUT;23/04/2026;13:30:00;195880,00;196420,00;195830,00;196200,00;3,326713589E10;847920
WINFUT;23/04/2026;13:00:00;195740,00;195995,00;195420,00;195880,00;2,898024387E10;740442
WINFUT;23/04/2026;12:30:00;196240,00;196285,00;195640,00;195740,00;3,044328256E10;776945
WINFUT;23/04/2026;12:00:00;195980,00;196310,00;195660,00;196240,00;3,922096382E10;1000833
WINFUT;23/04/2026;11:30:00;196355,00;196480,00;195930,00;195975,00;3,99909076E10;1019314
WINFUT;23/04/2026;11:00:00;196160,00;196420,00;195780,00;196355,00;5,655917024E10;1442143
WINFUT;23/04/2026;10:30:00;196710,00;197040,00;195620,00;196160,00;8,956324512E10;2280514
WINFUT;23/04/2026;10:00:00;196385,00;196885,00;196285,00;196710,00;5,592716082E10;1422263
WINFUT;23/04/2026;09:30:00;196475,00;196630,00;196165,00;196385,00;4,385749334E10;1116411
WINFUT;23/04/2026;09:00:00;196275,00;196610,00;195965,00;196470,00;4,820593387E10;1227535
WINFUT;22/04/2026;18:00:00;196490,00;196515,00;196120,00;196135,00;9022041524,00;229750
WINFUT;22/04/2026;17:30:00;196625,00;196665,00;196430,00;196490,00;7349878835,00;186948
WINFUT;22/04/2026;17:00:00;196605,00;196705,00;196545,00;196625,00;1,326746944E10;337387
WINFUT;22/04/2026;16:30:00;196550,00;196765,00;196425,00;196605,00;2,189988609E10;557039
WINFUT;22/04/2026;16:00:00;196690,00;196720,00;196365,00;196550,00;2,949441487E10;750330
WINFUT;22/04/2026;15:30:00;196735,00;196800,00;196575,00;196690,00;1,778687692E10;452166
WINFUT;22/04/2026;15:00:00;196735,00;196960,00;196665,00;196735,00;2,086453907E10;530058
WINFUT;22/04/2026;14:30:00;196985,00;197065,00;196580,00;196740,00;2,664780084E10;677061
WINFUT;22/04/2026;14:00:00;196745,00;197040,00;196665,00;196985,00;2,694381394E10;684273
WINFUT;22/04/2026;13:30:00;196865,00;196955,00;196540,00;196745,00;3,355355529E10;852658
WINFUT;22/04/2026;13:00:00;197410,00;197510,00;196750,00;196865,00;3,120309868E10;791417
WINFUT;22/04/2026;12:30:00;197230,00;197530,00;196990,00;197410,00;2,875745203E10;728975
WINFUT;22/04/2026;12:00:00;197465,00;197495,00;197145,00;197230,00;3,020023199E10;765498
WINFUT;22/04/2026;11:30:00;197945,00;198120,00;197020,00;197470,00;5,54276745E10;1403627
WINFUT;22/04/2026;11:00:00;198615,00;198865,00;197605,00;197940,00;5,939741522E10;1498674
WINFUT;22/04/2026;10:30:00;199340,00;199365,00;198000,00;198610,00;8,197036838E10;2063603
WINFUT;22/04/2026;10:00:00;198950,00;199765,00;198855,00;199335,00;7,538891886E10;1890951
WINFUT;22/04/2026;09:30:00;199155,00;199165,00;198590,00;198950,00;4,884488949E10;1228189
WINFUT;22/04/2026;09:00:00;200550,00;200660,00;198720,00;199155,00;8,610787906E10;2158645
WINFUT;20/04/2026;18:00:00;200135,00;200430,00;200115,00;200430,00;4127255976,00;103054
WINFUT;20/04/2026;17:30:00;200085,00;200200,00;200060,00;200135,00;6550651724,00;163659
WINFUT;20/04/2026;17:00:00;200280,00;200305,00;200040,00;200080,00;1,104570944E10;275938
WINFUT;20/04/2026;16:30:00;200045,00;200300,00;199930,00;200280,00;1,978857459E10;494404
WINFUT;20/04/2026;16:00:00;200090,00;200345,00;200010,00;200045,00;1,995635227E10;498510
WINFUT;20/04/2026;15:30:00;200225,00;200275,00;200010,00;200095,00;1,506204501E10;376303
WINFUT;20/04/2026;15:00:00;200055,00;200385,00;200000,00;200220,00;2,665435945E10;665566
WINFUT;20/04/2026;14:30:00;200000,00;200110,00;199885,00;200055,00;2,373316963E10;593362
WINFUT;20/04/2026;14:00:00;200270,00;200455,00;199990,00;200000,00;2,23347259E10;557621
WINFUT;20/04/2026;13:30:00;200635,00;200685,00;200255,00;200275,00;2,301221458E10;573943
WINFUT;20/04/2026;13:00:00;200655,00;200785,00;200565,00;200640,00;1,986918645E10;495065
WINFUT;20/04/2026;12:30:00;200630,00;200740,00;200430,00;200655,00;2,544317041E10;634249
WINFUT;20/04/2026;12:00:00;200215,00;200660,00;199940,00;200625,00;3,711784802E10;926689
WINFUT;20/04/2026;11:30:00;200145,00;200580,00;199975,00;200210,00;5,480669566E10;1368258
WINFUT;20/04/2026;11:00:00;199830,00;200155,00;199175,00;200145,00;5,61084862E10;1405078
WINFUT;20/04/2026;10:30:00;200675,00;200740,00;199695,00;199830,00;6,937156001E10;1733082
WINFUT;20/04/2026;10:00:00;200180,00;200745,00;199490,00;200675,00;7,307652147E10;1826066
WINFUT;20/04/2026;09:30:00;199925,00;200220,00;199880,00;200180,00;3,33258185E10;832951
WINFUT;20/04/2026;09:00:00;199660,00;200300,00;199290,00;199925,00;5,541686179E10;1386177
WINFUT;17/04/2026;18:00:00;199910,00;199960,00;199500,00;199650,00;6725914711,00;168340
WINFUT;17/04/2026;17:30:00;199915,00;200035,00;199855,00;199910,00;7281969070,00;182103
WINFUT;17/04/2026;17:00:00;199605,00;200220,00;199600,00;199915,00;2,151218027E10;537892
WINFUT;17/04/2026;16:30:00;199855,00;199975,00;199580,00;199605,00;2,455251898E10;614634
WINFUT;17/04/2026;16:00:00;199765,00;199985,00;199640,00;199855,00;2,26982884E10;567853
WINFUT;17/04/2026;15:30:00;200245,00;200295,00;199345,00;199770,00;3,534346293E10;884376
WINFUT;17/04/2026;15:00:00;200485,00;200505,00;200095,00;200240,00;2,361867776E10;589691
WINFUT;17/04/2026;14:30:00;200420,00;200580,00;200300,00;200485,00;1,863672938E10;464881
WINFUT;17/04/2026;14:00:00;200485,00;200620,00;200115,00;200420,00;3,772948045E10;941361
WINFUT;17/04/2026;13:30:00;200465,00;200590,00;200220,00;200490,00;2,324816625E10;580059
WINFUT;17/04/2026;13:00:00;200265,00;200530,00;200075,00;200465,00;2,397629178E10;598466
WINFUT;17/04/2026;12:30:00;200365,00;200550,00;200135,00;200270,00;2,925452027E10;730213
WINFUT;17/04/2026;12:00:00;200130,00;200475,00;199780,00;200360,00;4,411171311E10;1101846
WINFUT;17/04/2026;11:30:00;200950,00;200970,00;199565,00;200130,00;7,286923085E10;1818591
WINFUT;17/04/2026;11:00:00;201745,00;201765,00;200870,00;200950,00;5,611076477E10;1393859
WINFUT;17/04/2026;10:30:00;201975,00;202005,00;201270,00;201745,00;7,841051078E10;1944233
WINFUT;17/04/2026;10:00:00;202960,00;203470,00;201835,00;201980,00;8,496637993E10;2095945
WINFUT;17/04/2026;09:30:00;201935,00;203195,00;201645,00;202955,00;7,158034609E10;1768093
WINFUT;17/04/2026;09:00:00;201525,00;201990,00;201165,00;201935,00;5,439695142E10;1349494
WINFUT;16/04/2026;18:00:00;200925,00;200970,00;200705,00;200750,00;4922332045,00;122532
WINFUT;16/04/2026;17:30:00;200880,00;200990,00;200855,00;200930,00;6250589901,00;155545
WINFUT;16/04/2026;17:00:00;200930,00;201140,00;200820,00;200880,00;1,289393841E10;320789
WINFUT;16/04/2026;16:30:00;200865,00;201025,00;200785,00;200930,00;1,848995209E10;460148
WINFUT;16/04/2026;16:00:00;200660,00;200965,00;200640,00;200860,00;2,185562504E10;544206
WINFUT;16/04/2026;15:30:00;200870,00;200965,00;200535,00;200660,00;2,357997499E10;587262
WINFUT;16/04/2026;15:00:00;200760,00;201075,00;200680,00;200870,00;2,927069057E10;728502
WINFUT;16/04/2026;14:30:00;200870,00;201000,00;200600,00;200765,00;2,598695525E10;646936
WINFUT;16/04/2026;14:00:00;201140,00;201175,00;200775,00;200875,00;2,324050966E10;578248
WINFUT;16/04/2026;13:30:00;201360,00;201385,00;200885,00;201140,00;2,978802967E10;740445
WINFUT;16/04/2026;13:00:00;201485,00;201655,00;201350,00;201365,00;2,503100213E10;621135
WINFUT;16/04/2026;12:30:00;201150,00;201560,00;201010,00;201480,00;3,375902287E10;838836
WINFUT;16/04/2026;12:00:00;200800,00;201330,00;200785,00;201145,00;3,899445036E10;969311
WINFUT;16/04/2026;11:30:00;200860,00;201100,00;200640,00;200805,00;5,004597203E10;1245931
WINFUT;16/04/2026;11:00:00;201545,00;201770,00;200765,00;200865,00;5,794496391E10;1439356
WINFUT;16/04/2026;10:30:00;202500,00;202525,00;201360,00;201545,00;9,255189468E10;2291778
WINFUT;16/04/2026;10:00:00;202785,00;202835,00;202240,00;202495,00;6,576469781E10;1623412
WINFUT;16/04/2026;09:30:00;202255,00;202975,00;202110,00;202785,00;5,707788605E10;1408628
WINFUT;16/04/2026;09:00:00;202065,00;202650,00;202005,00;202255,00;5,511554666E10;1362330
WINFUT;15/04/2026;18:00:00;201820,00;201930,00;201720,00;201720,00;4746878877,00;117599
WINFUT;15/04/2026;17:30:00;201830,00;201985,00;201725,00;201815,00;1,094690231E10;271120
WINFUT;15/04/2026;17:00:00;201810,00;202000,00;201715,00;201830,00;1,417507342E10;351074
WINFUT;15/04/2026;16:30:00;201925,00;201975,00;201605,00;201810,00;2,411810095E10;597607
WINFUT;15/04/2026;16:00:00;202275,00;202320,00;201875,00;201930,00;2,391781537E10;591754
WINFUT;15/04/2026;15:30:00;202005,00;202500,00;201955,00;202275,00;2,789803786E10;689730
WINFUT;15/04/2026;15:00:00;201670,00;202100,00;201475,00;202005,00;3,073515604E10;761391
WINFUT;15/04/2026;14:30:00;201600,00;201750,00;201350,00;201670,00;2,45956496E10;610152
WINFUT;15/04/2026;14:00:00;201450,00;201685,00;201410,00;201600,00;2,088006277E10;517981
WINFUT;15/04/2026;13:30:00;201710,00;201770,00;201210,00;201445,00;2,823892244E10;700979
WINFUT;15/04/2026;13:00:00;201655,00;201800,00;201580,00;201710,00;1,763966676E10;437277
WINFUT;15/04/2026;12:30:00;201970,00;202000,00;201515,00;201655,00;2,648364819E10;656464
WINFUT;15/04/2026;12:00:00;201900,00;202195,00;201740,00;201965,00;2,840785986E10;703226
WINFUT;15/04/2026;11:30:00;201895,00;202045,00;201635,00;201900,00;3,622459563E10;897247
WINFUT;15/04/2026;11:00:00;202635,00;202770,00;201750,00;201895,00;4,851782856E10;1199572
WINFUT;15/04/2026;10:30:00;203230,00;203495,00;202235,00;202630,00;7,479622731E10;1843508
WINFUT;15/04/2026;10:00:00;202235,00;203295,00;201870,00;203230,00;7,337611839E10;1812050
WINFUT;15/04/2026;09:30:00;201920,00;202420,00;201905,00;202235,00;4,058918187E10;1003805
WINFUT;15/04/2026;09:00:00;202885,00;203005,00;201860,00;201920,00;5,091846083E10;1258648
WINFUT;14/04/2026;18:00:00;202929,59;203016,41;202710,00;202710,00;4933111382,00;121591
WINFUT;14/04/2026;17:30:00;203067,48;203087,90;202796,82;202929,59;9073946629,00;223559
WINFUT;14/04/2026;17:00:00;203276,86;203317,71;202934,70;203067,48;1,34103412E10;330131
WINFUT;14/04/2026;16:30:00;203281,96;203358,57;203093,01;203276,86;1,979926187E10;487100
WINFUT;14/04/2026;16:00:00;202960,23;203414,74;202960,23;203281,96;2,710857256E10;666917
WINFUT;14/04/2026;15:30:00;202868,31;203062,37;202781,50;202960,23;2,057553425E10;506973
WINFUT;14/04/2026;15:00:00;203026,62;203195,15;202689,57;202868,31;2,789506621E10;687058
WINFUT;14/04/2026;14:30:00;203133,87;203220,68;202914,27;203026,62;2,3501859E10;578600
WINFUT;14/04/2026;14:00:00;203001,09;203419,85;202995,98;203133,87;3,136739723E10;771744
WINFUT;14/04/2026;13:30:00;202939,81;203072,58;202699,79;202995,98;2,340257519E10;576800
WINFUT;14/04/2026;13:00:00;202822,35;203123,65;202689,57;202939,81;2,735176931E10;673998
WINFUT;14/04/2026;12:30:00;203067,48;203287,07;202725,32;202822,35;2,854616771E10;703150
WINFUT;14/04/2026;12:00:00;203082,80;203236,00;202648,72;203067,48;4,39991091E10;1084222
WINFUT;14/04/2026;11:30:00;203281,96;203516,88;203057,26;203082,80;4,136059143E10;1017433
WINFUT;14/04/2026;11:00:00;203567,95;203833,50;203098,12;203281,96;5,580505933E10;1371252
WINFUT;14/04/2026;10:30:00;203108,33;203675,19;202771,28;203562,84;7,385499343E10;1816553
WINFUT;14/04/2026;10:00:00;202965,34;203215,57;202403,59;203108,33;7,220612408E10;1779960
WINFUT;14/04/2026;09:30:00;202653,83;203041,94;202398,48;202970,45;5,455986071E10;1345337
WINFUT;14/04/2026;09:00:00;202898,95;203455,60;202337,20;202648,72;5,460204126E10;1346293
WINFUT;13/04/2026;18:00:00;202408,70;202475,09;202143,14;202143,14;6943609600,00;171603
WINFUT;13/04/2026;17:30:00;202194,21;202485,30;202178,89;202408,70;1,033556214E10;255364
WINFUT;13/04/2026;17:00:00;202572,12;202643,61;202184,00;202194,21;1,91600853E10;473400
WINFUT;13/04/2026;16:30:00;202602,76;202704,89;202393,38;202572,12;3,023902698E10;746371
WINFUT;13/04/2026;16:00:00;202434,23;202638,50;202275,92;202597,65;2,54876641E10;629456
WINFUT;13/04/2026;15:30:00;202219,75;202572,12;202076,75;202434,23;2,86045336E10;706847
WINFUT;13/04/2026;15:00:00;202398,48;202592,54;202107,40;202219,75;3,613238332E10;892742
WINFUT;13/04/2026;14:30:00;202240,17;202469,98;202189,10;202398,48;3,44428773E10;851046
WINFUT;13/04/2026;14:00:00;201622,25;202245,28;201566,07;202240,17;3,634064861E10;899936
WINFUT;13/04/2026;13:30:00;201509,90;201877,59;201315,84;201622,25;5,59058936E10;1386244
WINFUT;13/04/2026;13:00:00;201040,07;201642,68;201014,54;201509,90;4,30438306E10;1068785
WINFUT;13/04/2026;12:30:00;200748,98;201101,35;200575,35;201045,18;3,062891886E10;762338
WINFUT;13/04/2026;12:00:00;201091,14;201106,46;200723,45;200754,09;3,628317359E10;903166
WINFUT;13/04/2026;11:30:00;201244,34;201382,23;200943,04;201091,14;3,982304293E10;989809
WINFUT;13/04/2026;11:00:00;201126,89;201372,01;200912,40;201239,24;5,517319946E10;1371651
WINFUT;13/04/2026;10:30:00;201571,18;201622,25;200631,53;201131,99;9,09758947E10;2261780
WINFUT;13/04/2026;10:00:00;200953,25;201586,50;200820,48;201571,18;6,090623152E10;1513997
WINFUT;13/04/2026;09:30:00;200871,55;201034,96;200626,42;200958,36;3,854507226E10;959626
WINFUT;13/04/2026;09:00:00;201060,50;201433,30;200488,53;200871,55;5,226883889E10;1299968
WINFUT;10/04/2026;18:00:00;202061,43;202822,35;201903,12;202822,35;7915040556,00;195704
WINFUT;10/04/2026;17:30:00;201943,98;202153,36;201938,87;202061,43;1,137707125E10;281565
WINFUT;10/04/2026;17:00:00;201765,24;202020,58;201596,71;201949,08;1,354665981E10;335642
WINFUT;10/04/2026;16:30:00;201474,15;201872,48;201463,94;201765,24;2,312508391E10;573211
WINFUT;10/04/2026;16:00:00;201361,80;201637,57;201351,59;201479,26;1,991716826E10;494248
WINFUT;10/04/2026;15:30:00;201504,79;201785,67;201280,09;201356,69;2,791833768E10;692715
WINFUT;10/04/2026;15:00:00;201121,78;201550,75;200840,90;201504,79;3,264341237E10;811303
WINFUT;10/04/2026;14:30:00;200779,62;201172,85;200728,55;201126,89;2,300762553E10;572395
WINFUT;10/04/2026;14:00:00;201060,50;201080,93;200733,66;200779,62;2,516685669E10;626409
WINFUT;10/04/2026;13:30:00;200948,15;201111,57;200800,05;201060,50;2,346219767E10;583785
WINFUT;10/04/2026;13:00:00;200958,36;201326,05;200840,90;200948,15;2,86946417E10;713590
WINFUT;10/04/2026;12:30:00;201627,35;201806,09;200805,16;200963,47;3,851751007E10;956360
WINFUT;10/04/2026;12:00:00;201285,20;201780,56;200968,58;201632,46;4,427112203E10;1099159
WINFUT;10/04/2026;11:30:00;201949,08;202066,54;201183,06;201290,30;5,47320016E10;1357707
WINFUT;10/04/2026;11:00:00;202086,97;202204,43;201596,71;201949,08;6,184550222E10;1531231
WINFUT;10/04/2026;10:30:00;200907,29;202127,82;200529,39;202086,97;8,191002644E10;2034469
WINFUT;10/04/2026;10:00:00;200519,18;201203,49;200396,61;200912,40;7,305629098E10;1818601
WINFUT;10/04/2026;09:30:00;199824,65;200651,95;199809,33;200524,28;6,03922234E10;1507194
WINFUT;10/04/2026;09:00:00;200110,63;200687,70;199686,76;199829,76;6,056977096E10;1513436
WINFUT;09/04/2026;18:00:00;200090,20;200340,44;200008,49;200340,44;8934540807,00;223200
WINFUT;09/04/2026;17:30:00;200064,67;200161,70;199977,85;200090,20;8865724109,00;221576
WINFUT;09/04/2026;17:00:00;199906,36;200115,74;199783,79;200064,67;1,637100074E10;409378
WINFUT;09/04/2026;16:30:00;199916,57;200182,13;199799,11;199911,46;3,148167634E10;787104
WINFUT;09/04/2026;16:00:00;199732,73;200110,63;199630,59;199921,68;3,060798799E10;765561
WINFUT;09/04/2026;15:30:00;199594,84;199921,68;199339,50;199732,73;3,05649437E10;765501
WINFUT;09/04/2026;15:00:00;199860,40;199880,82;199467,17;199594,84;3,583495117E10;897575
WINFUT;09/04/2026;14:30:00;200049,35;200182,13;199845,08;199855,29;3,219770581E10;804969
WINFUT;09/04/2026;14:00:00;199589,73;200100,42;199502,92;200049,35;3,271698021E10;818836
WINFUT;09/04/2026;13:30:00;199472,28;199727,62;199308,86;199589,73;2,485512932E10;622890
WINFUT;09/04/2026;13:00:00;199584,63;199778,69;199349,71;199477,38;3,291892376E10;824868
WINFUT;09/04/2026;12:30:00;199451,85;200110,63;199370,14;199579,52;4,930266858E10;1234093
WINFUT;09/04/2026;12:00:00;198854,35;199615,27;198471,34;199451,85;5,15339156E10;1294331
WINFUT;09/04/2026;11:30:00;198404,95;199089,27;198062,80;198859,46;5,525832651E10;1391298
WINFUT;09/04/2026;11:00:00;198849,25;199119,91;198277,28;198410,06;5,730229564E10;1442069
WINFUT;09/04/2026;10:30:00;198078,12;199278,22;198042,37;198854,35;8,302993819E10;2088600
WINFUT;09/04/2026;10:00:00;197940,23;198216,00;197475,51;198078,12;7,351101513E10;1857654
WINFUT;09/04/2026;09:30:00;197209,96;198006,62;197056,75;197940,23;6,59894427E10;1670378
WINFUT;09/04/2026;09:00:00;196188,59;197404,02;196183,49;197209,96;5,615891291E10;1425550
WINFUT;08/04/2026;18:00:00;197082,29;197123,14;196510,32;196510,32;6019896836,00;152858
WINFUT;08/04/2026;17:30:00;197220,17;197250,81;196826,95;197077,18;1,375285852E10;349007
WINFUT;08/04/2026;17:00:00;197015,90;197281,45;196893,34;197220,17;1,66814931E10;423231
WINFUT;08/04/2026;16:30:00;196668,64;197215,06;196663,53;197015,90;2,996321803E10;760521
WINFUT;08/04/2026;16:00:00;196387,76;196908,66;196234,56;196673,74;3,177415233E10;807998
WINFUT;08/04/2026;15:30:00;196786,09;197041,43;196341,80;196392,87;3,542324075E10;900792
WINFUT;08/04/2026;15:00:00;197107,82;197388,70;196586,93;196791,20;4,081032552E10;1035840
WINFUT;08/04/2026;14:30:00;197056,75;197281,45;196939,30;197102,71;2,853000871E10;723767
WINFUT;08/04/2026;14:00:00;197240,60;197511,26;196786,09;197056,75;4,129643435E10;1047429
WINFUT;08/04/2026;13:30:00;196551,18;197342,74;196500,11;197245,71;3,615307985E10;917576
WINFUT;08/04/2026;13:00:00;196816,73;196878,01;196392,87;196551,18;2,91164853E10;740515
WINFUT;08/04/2026;12:30:00;196474,58;196918,87;196392,87;196816,73;3,158169969E10;802976
WINFUT;08/04/2026;12:00:00;196117,10;196811,63;196055,82;196474,58;4,696315325E10;1194855
WINFUT;08/04/2026;11:30:00;195984,32;196571,61;195662,59;196117,10;6,897655132E10;1758625
WINFUT;08/04/2026;11:00:00;196275,41;196816,73;195871,97;195989,43;6,594407857E10;1679420
WINFUT;08/04/2026;10:30:00;197781,92;197919,81;196157,95;196275,41;9,442201633E10;2398523
WINFUT;08/04/2026;10:00:00;198956,49;199605,06;197690,00;197781,92;9,107778182E10;2290600
WINFUT;08/04/2026;09:30:00;198333,46;199119,91;198006,62;198956,49;6,374808826E10;1604681
WINFUT;08/04/2026;09:00:00;198282,39;198930,96;197572,54;198333,46;7,354365714E10;1856891
WINFUT;07/04/2026;18:00:00;193328,78;193579,01;193109,18;193303,24;8259518368,00;213613
WINFUT;07/04/2026;17:30:00;193012,15;193527,94;192976,41;193323,67;1,649772009E10;427011
WINFUT;07/04/2026;17:00:00;192746,60;193303,24;192690,42;193012,15;2,532387687E10;656220
WINFUT;07/04/2026;16:30:00;192052,07;192869,16;191602,67;192741,49;4,348093888E10;1130841
WINFUT;07/04/2026;16:00:00;191403,51;192389,12;191168,59;192052,07;4,209038835E10;1097527
WINFUT;07/04/2026;15:30:00;192011,22;192036,75;191163,49;191403,51;2,720434852E10;709831
WINFUT;07/04/2026;15:00:00;192031,65;192195,06;191832,48;192011,22;2,462901823E10;641345
WINFUT;07/04/2026;14:30:00;191817,16;192562,75;191817,16;192036,75;3,639202185E10;946958
WINFUT;07/04/2026;14:00:00;191806,95;192189,96;191745,66;191817,16;2,856051084E10;743907
WINFUT;07/04/2026;13:30:00;191985,68;192108,25;191704,81;191812,05;2,604964378E10;678659
WINFUT;07/04/2026;13:00:00;191566,92;192052,07;191454,57;191990,79;3,560392933E10;928222
WINFUT;07/04/2026;12:30:00;191464,79;191663,95;191229,88;191572,03;2,502900877E10;653798
WINFUT;07/04/2026;12:00:00;191403,51;191725,24;190719,19;191469,90;4,56482156E10;1193320
WINFUT;07/04/2026;11:30:00;191572,03;192169,53;191357,55;191398,40;5,609535758E10;1462592
WINFUT;07/04/2026;11:00:00;190754,94;191577,14;190315,75;191566,92;5,580306404E10;1461883
WINFUT;07/04/2026;10:30:00;191944,83;192128,67;190499,60;190749,83;6,791305591E10;1775274
WINFUT;07/04/2026;10:00:00;191669,06;192302,31;191403,51;191939,72;6,070392868E10;1582210
WINFUT;07/04/2026;09:30:00;191490,32;191985,68;191183,91;191663,95;5,576535517E10;1455969
WINFUT;07/04/2026;09:00:00;192179,74;192884,48;191398,40;191490,32;6,666903639E10;1735940
WINFUT;06/04/2026;18:00:00;192884,48;193017,26;192741,49;192828,31;5090850896,00;131968
WINFUT;06/04/2026;17:30:00;193001,94;193109,18;192782,35;192879,38;8788721262,00;227784
WINFUT;06/04/2026;17:00:00;193073,44;193114,29;192823,20;192996,83;1,506110292E10;390233
WINFUT;06/04/2026;16:30:00;192864,06;193226,64;192818,10;193078,54;2,328559672E10;603150
WINFUT;06/04/2026;16:00:00;192955,98;193093,86;192746,60;192858,95;1,900782573E10;492711
WINFUT;06/04/2026;15:30:00;193063,22;193190,89;192644,46;192950,87;2,627676265E10;681211
WINFUT;06/04/2026;15:00:00;192639,36;193144,93;192419,76;193063,22;3,427743164E10;888765
WINFUT;06/04/2026;14:30:00;192940,66;193109,18;192537,22;192644,46;2,831021662E10;734251
WINFUT;06/04/2026;14:00:00;193058,12;193073,44;192501,47;192935,55;3,694665128E10;958243
WINFUT;06/04/2026;13:30:00;193068,33;193425,81;192940,66;193058,12;2,510624962E10;649834
WINFUT;06/04/2026;13:00:00;193104,08;193395,17;192833,42;193073,44;2,437950685E10;631155
WINFUT;06/04/2026;12:30:00;192940,66;193359,42;192797,67;193104,08;3,0013377E10;777321
WINFUT;06/04/2026;12:00:00;192976,41;193129,61;192501,47;192940,66;3,300824456E10;855796
WINFUT;06/04/2026;11:30:00;193298,14;193563,69;192904,91;192976,41;3,328386516E10;861248
WINFUT;06/04/2026;11:00:00;193619,87;193956,92;192659,78;193303,24;3,926462275E10;1015346
WINFUT;06/04/2026;10:30:00;192802,77;194048,84;192629,14;193619,87;7,387040964E10;1909221
WINFUT;06/04/2026;10:00:00;193349,20;193492,20;192373,80;192802,77;6,654571727E10;1724542
WINFUT;06/04/2026;09:30:00;193706,68;193732,22;193241,96;193349,20;3,859804054E10;997715
WINFUT;06/04/2026;09:00:00;193241,96;193962,02;192904,91;193706,68;4,671535685E10;1207075
WINFUT;02/04/2026;18:00:00;192511,69;192690,42;192373,80;192690,42;5926092193,00;153858
WINFUT;02/04/2026;17:30:00;192562,75;192639,36;192440,19;192511,69;6272489468,00;162878
WINFUT;02/04/2026;17:00:00;192741,49;192894,70;192460,62;192567,86;1,480005685E10;384082
WINFUT;02/04/2026;16:30:00;192705,75;192971,30;192429,98;192741,49;2,573726096E10;667788
WINFUT;02/04/2026;16:00:00;192465,72;192812,99;192348,27;192705,75;2,582006606E10;670330
WINFUT;02/04/2026;15:30:00;192230,81;192675,10;191929,51;192465,72;2,697921404E10;701513
WINFUT;02/04/2026;15:00:00;192144,00;192424,87;192103,14;192225,70;2,194384155E10;570695
WINFUT;02/04/2026;14:30:00;192598,50;192649,57;191837,59;192144,00;2,896609155E10;753634
WINFUT;02/04/2026;14:00:00;192317,63;192675,10;192123,57;192603,61;2,629550522E10;683185
WINFUT;02/04/2026;13:30:00;192210,38;192802,77;192072,50;192312,52;3,080565879E10;800188
WINFUT;02/04/2026;13:00:00;192930,45;193098,97;192118,46;192210,38;3,167574824E10;822288
WINFUT;02/04/2026;12:30:00;193558,58;193737,32;192899,80;192925,34;3,027983848E10;783125
WINFUT;02/04/2026;12:00:00;192986,62;194166,29;192746,60;193563,69;5,209816931E10;1346691
WINFUT;02/04/2026;11:30:00;191694,60;193711,79;191684,38;192986,62;8,510929743E10;2205376
WINFUT;02/04/2026;11:00:00;191658,85;192118,46;191485,22;191694,60;5,565478236E10;1451030
WINFUT;02/04/2026;10:30:00;190239,15;191858,01;189891,89;191663,95;8,197681087E10;2150142
WINFUT;02/04/2026;10:00:00;189743,79;190576,20;189289,28;190244,26;6,96465695E10;1833909
WINFUT;02/04/2026;09:30:00;189519,09;190433,21;189340,35;189748,90;5,893120212E10;1551830
WINFUT;02/04/2026;09:00:00;190085,95;190596,63;189319,93;189513,98;6,335192757E10;1668390
WINFUT;01/04/2026;18:00:00;192746,60;193037,69;192664,89;192833,42;6199652268,00;160721
WINFUT;01/04/2026;17:30:00;192670,00;192894,70;192639,36;192741,49;9689635416,00;251318
WINFUT;01/04/2026;17:00:00;192838,52;192986,62;192567,86;192664,89;1,973869601E10;511889
WINFUT;01/04/2026;16:30:00;193124,50;193364,52;192659,78;192838,52;3,646816835E10;944478
WINFUT;01/04/2026;16:00:00;192685,32;193247,07;192394,23;193129,61;3,439194843E10;892003
WINFUT;01/04/2026;15:30:00;192695,53;193170,47;192475,94;192685,32;4,09052586E10;1061087
WINFUT;01/04/2026;15:00:00;193507,52;193589,22;192562,75;192700,64;4,496330358E10;1164995
WINFUT;01/04/2026;14:30:00;193813,92;193921,17;193430,91;193502,41;3,10423773E10;801263
WINFUT;01/04/2026;14:00:00;193844,57;194140,76;193757,75;193819,03;2,777894451E10;716132
WINFUT;01/04/2026;13:30:00;193119,40;194023,30;193119,40;193844,57;4,181446133E10;1079062
WINFUT;01/04/2026;13:00:00;193466,66;193563,69;193098,97;193119,40;2,827869249E10;731557
WINFUT;01/04/2026;12:30:00;193129,61;193645,40;193017,26;193466,66;3,702639005E10;957562
WINFUT;01/04/2026;12:00:00;193333,88;193885,42;193104,08;193129,61;4,725934564E10;1220893
WINFUT;01/04/2026;11:30:00;192450,40;193369,63;192077,61;193338,99;5,956979631E10;1545973
WINFUT;01/04/2026;11:00:00;193098,97;193119,40;192103,14;192455,51;6,80737301E10;1766950
WINFUT;01/04/2026;10:30:00;193364,52;193778,18;192945,77;193098,97;6,504039193E10;1682099
WINFUT;01/04/2026;10:00:00;193231,75;193982,45;192782,35;193364,52;7,946366981E10;2055739
WINFUT;01/04/2026;09:30:00;193808,82;194314,39;193098,97;193226,64;6,436298805E10;1662175
WINFUT;01/04/2026;09:00:00;193880,31;194319,50;193206,21;193803,71;6,25077432E10;1613684
WINFUT;31/03/2026;18:00:00;192639,36;193170,47;192368,70;192920,23;7550343197,00;195928
WINFUT;31/03/2026;17:30:00;192695,53;192996,83;192547,43;192639,36;1,070247918E10;277680
WINFUT;31/03/2026;17:00:00;192639,36;192797,67;192404,44;192695,53;1,934151813E10;502061
WINFUT;31/03/2026;16:30:00;192118,46;192690,42;192077,61;192644,46;2,860495603E10;743373
WINFUT;31/03/2026;16:00:00;192246,13;192455,51;191873,33;192123,57;2,556911825E10;665268
WINFUT;31/03/2026;15:30:00;192225,70;192542,33;191919,30;192241,02;2,741487016E10;713036
WINFUT;31/03/2026;15:00:00;191735,45;192572,97;191709,92;192225,70;3,592087691E10;934302
WINFUT;31/03/2026;14:30:00;191781,41;192261,45;191679,27;191735,45;3,566298054E10;928965
WINFUT;31/03/2026;14:00:00;191858,01;192486,15;191633,31;191786,52;4,93684471E10;1284848
WINFUT;31/03/2026;13:30:00;190550,67;192343,16;190428,10;191863,12;6,919437229E10;1805558
WINFUT;31/03/2026;13:00:00;190111,48;190754,94;190009,35;190550,67;2,998172507E10;787402
WINFUT;31/03/2026;12:30:00;189840,82;190627,27;189723,36;190111,48;3,641635579E10;957448
WINFUT;31/03/2026;12:00:00;189355,67;190407,68;189355,67;189840,82;4,580036982E10;1204900
WINFUT;31/03/2026;11:30:00;190479,17;190928,57;189253,54;189355,67;6,100534509E10;1605884
WINFUT;31/03/2026;11:00:00;191102,20;191459,68;190325,97;190484,28;5,121965301E10;1341149
WINFUT;31/03/2026;10:30:00;190361,72;191418,83;189840,82;191117,53;6,761068905E10;1773816
WINFUT;31/03/2026;10:00:00;190402,57;191403,51;189922,53;190361,72;7,757221144E10;2034709
WINFUT;31/03/2026;09:30:00;190606,84;191025,60;190331,08;190402,57;5,025652581E10;1317598
WINFUT;31/03/2026;09:00:00;188850,10;190765,15;188604,97;190606,84;7,829631235E10;2060475
WINFUT;30/03/2026;18:00:00;187542,75;187614,25;187129,10;187195,49;6157917775,00;164308
WINFUT;30/03/2026;17:30:00;187512,11;187619,36;187292,52;187537,65;1,058419811E10;282334
WINFUT;30/03/2026;17:00:00;187527,43;187757,24;187200,60;187512,11;1,819161057E10;485146
WINFUT;30/03/2026;16:30:00;186950,36;187624,46;186914,61;187532,54;3,162782558E10;844234
WINFUT;30/03/2026;16:00:00;187180,17;187415,08;186700,13;186950,36;3,344568478E10;894340
WINFUT;30/03/2026;15:30:00;187399,76;187537,65;187037,18;187180,17;2,879637756E10;768711
WINFUT;30/03/2026;15:00:00;187660,21;187823,63;187374,23;187399,76;3,084381157E10;822122
WINFUT;30/03/2026;14:30:00;187634,68;188084,08;187307,84;187665,32;3,89027432E10;1036351
WINFUT;30/03/2026;14:00:00;188364,95;188569,22;187547,86;187629,57;3,696137049E10;982810
WINFUT;30/03/2026;13:30:00;188472,19;188717,32;188252,60;188370,06;2,987503393E10;792494
WINFUT;30/03/2026;13:00:00;189156,51;189192,26;188472,19;188472,19;2,874606556E10;760969
WINFUT;30/03/2026;12:30:00;188819,46;189447,60;188696,89;189156,51;3,364739378E10;889346
WINFUT;30/03/2026;12:00:00;189008,41;189360,78;188507,94;188819,46;4,134675244E10;1094403
WINFUT;30/03/2026;11:30:00;187762,35;189079,91;187752,13;189003,30;5,701922381E10;1514173
WINFUT;30/03/2026;11:00:00;187522,33;188288,35;187512,11;187767,45;5,688589403E10;1513707
WINFUT;30/03/2026;10:30:00;188237,28;188921,59;187272,09;187512,11;7,53625389E10;2000812
WINFUT;30/03/2026;10:00:00;188099,40;188676,47;188017,69;188242,39;6,214144168E10;1649594
WINFUT;30/03/2026;09:30:00;187517,22;188196,43;187512,11;188104,50;4,168381228E10;1108991
WINFUT;30/03/2026;09:00:00;186802,26;187583,61;185821,76;187512,11;5,139873358E10;1375725
WINFUT;27/03/2026;18:00:00;186245,62;186306,90;185898,36;186005,60;5177444426,00;139100
WINFUT;27/03/2026;17:30:00;186368,19;186409,04;186036,24;186245,62;8007497245,00;215023
WINFUT;27/03/2026;17:00:00;186312,01;186695,02;185954,53;186368,19;2,126671903E10;570651
WINFUT;27/03/2026;16:30:00;186363,08;186470,32;185898,36;186317,12;2,76079163E10;741401
WINFUT;27/03/2026;16:00:00;186409,04;186511,18;186066,88;186363,08;2,382609276E10;639623
WINFUT;27/03/2026;15:30:00;186220,09;186623,53;186169,02;186414,15;2,356159144E10;632003
WINFUT;27/03/2026;15:00:00;186500,96;186531,60;186107,74;186225,19;2,757398069E10;740042
WINFUT;27/03/2026;14:30:00;186643,95;186781,84;186424,36;186500,96;2,364366138E10;633449
WINFUT;27/03/2026;14:00:00;187333,37;187374,23;186567,35;186638,85;3,459092995E10;925100
WINFUT;27/03/2026;13:30:00;187527,43;187716,38;187159,74;187333,37;2,959068784E10;789272
WINFUT;27/03/2026;13:00:00;187813,41;187920,66;187266,98;187527,43;2,827449414E10;753516
WINFUT;27/03/2026;12:30:00;188099,40;188421,13;187741,92;187808,31;2,695476831E10;716457
WINFUT;27/03/2026;12:00:00;187838,95;188594,76;187711,28;188099,40;5,583698706E10;1484228
WINFUT;27/03/2026;11:30:00;187129,10;187930,87;186904,40;187838,95;4,372666581E10;1166827
WINFUT;27/03/2026;11:00:00;186792,05;187563,18;186679,70;187134,21;5,632131504E10;1504931
WINFUT;27/03/2026;10:30:00;186455,00;187440,62;186220,09;186786,94;7,257984076E10;1943170
WINFUT;27/03/2026;10:00:00;187256,77;187277,20;186138,38;186455,00;6,087663303E10;1631934
WINFUT;27/03/2026;09:30:00;187139,31;187435,51;186740,98;187256,77;4,890088828E10;1306397
WINFUT;27/03/2026;09:00:00;187215,92;187803,20;186577,56;187144,42;5,535101092E10;1479405
WINFUT;26/03/2026;18:00:00;188232,17;188416,02;188089,18;188273,03;4561883009,00;121151
WINFUT;26/03/2026;17:30:00;188446,66;188676,47;188002,37;188232,17;1,025792934E10;272180
WINFUT;26/03/2026;17:00:00;187670,42;189932,74;187660,21;188451,77;4,246913006E10;1126471
WINFUT;26/03/2026;16:30:00;187920,66;188017,69;187660,21;187675,53;2,592613003E10;690145
WINFUT;26/03/2026;16:00:00;188467,09;188492,62;187650,00;187920,66;3,240633544E10;862114
WINFUT;26/03/2026;15:30:00;187925,76;188492,62;187895,12;188461,98;2,452077527E10;651356
WINFUT;26/03/2026;15:00:00;187895,12;188170,89;187798,09;187925,76;2,67681944E10;712033
WINFUT;26/03/2026;14:30:00;188252,60;188416,02;187757,24;187890,02;3,310648301E10;879889
WINFUT;26/03/2026;14:00:00;188574,33;188814,35;188099,40;188247,49;3,117562426E10;827176
WINFUT;26/03/2026;13:30:00;188584,54;188640,72;188140,25;188574,33;3,033108522E10;805093
WINFUT;26/03/2026;13:00:00;189411,85;189442,49;188472,19;188579,44;3,122620118E10;826108
WINFUT;26/03/2026;12:30:00;189401,63;189605,91;189023,73;189411,85;3,769727033E10;995664
WINFUT;26/03/2026;12:00:00;189452,70;189616,12;189115,65;189396,53;3,880431951E10;1024581
WINFUT;26/03/2026;11:30:00;189759,11;190300,43;188528,37;189452,70;7,470477877E10;1972541
WINFUT;26/03/2026;11:00:00;189687,62;190193,19;189462,92;189759,11;5,23412889E10;1378712
WINFUT;26/03/2026;10:30:00;189110,55;189999,13;188732,64;189682,51;8,841222246E10;2333829
WINFUT;26/03/2026;10:00:00;188507,94;189365,89;188405,81;189110,55;6,263568701E10;1658086
WINFUT;26/03/2026;09:30:00;188650,93;188676,47;187833,84;188507,94;5,466223001E10;1452267
WINFUT;26/03/2026;09:00:00;188844,99;189314,82;187925,76;188656,04;5,895150927E10;1562113
WINFUT;25/03/2026;18:00:00;190954,11;190969,43;190484,28;190841,76;7739809313,00;202866
WINFUT;25/03/2026;17:30:00;190770,26;191040,92;190754,94;190954,11;1,323811767E10;346710
WINFUT;25/03/2026;17:00:00;190846,86;191204,34;190617,06;190770,26;2,413901134E10;632219
WINFUT;25/03/2026;16:30:00;190632,38;190877,50;190320,86;190846,86;2,905874127E10;762384
WINFUT;25/03/2026;16:00:00;190765,15;190780,48;190213,62;190627,27;3,230150485E10;847637
WINFUT;25/03/2026;15:30:00;191194,13;191418,83;190239,15;190765,15;3,671971511E10;961634
WINFUT;25/03/2026;15:00:00;190913,25;191602,67;190811,12;191194,13;3,65642794E10;955681
WINFUT;25/03/2026;14:30:00;190668,13;191434,15;190647,70;190908,15;4,307297211E10;1127367
WINFUT;25/03/2026;14:00:00;190846,86;191000,07;190550,67;190663,02;2,891643715E10;757939
WINFUT;25/03/2026;13:30:00;190668,13;191245,20;190576,20;190846,86;3,531754839E10;924802
WINFUT;25/03/2026;13:00:00;190846,86;190908,15;190177,87;190668,13;3,554617037E10;932802
WINFUT;25/03/2026;12:30:00;190632,38;190989,85;190494,49;190846,86;3,212100799E10;842158
WINFUT;25/03/2026;12:00:00;191296,26;191372,87;189958,28;190632,38;5,302558085E10;1390123
WINFUT;25/03/2026;11:30:00;190637,48;191822,27;190530,24;191301,37;5,422060615E10;1418179
WINFUT;25/03/2026;11:00:00;190295,33;190908,15;189891,89;190637,48;6,783806055E10;1781838
WINFUT;25/03/2026;10:30:00;190065,52;191214,55;189988,92;190295,33;8,503358244E10;2231334
WINFUT;25/03/2026;10:00:00;190310,65;190458,75;189432,28;190065,52;7,185112526E10;1892312
WINFUT;25/03/2026;09:30:00;189774,43;190402,57;189411,85;190310,65;5,573233044E10;1467705
WINFUT;25/03/2026;09:00:00;190872,40;191510,75;189621,23;189774,43;7,644696033E10;2005556
WINFUT;24/03/2026;18:00:00;189529,30;190034,88;189381,21;189631,44;6377995591,00;168098
WINFUT;24/03/2026;17:30:00;189590,59;190586,42;189207,58;189529,30;2,39353105E10;630961
WINFUT;24/03/2026;17:00:00;187747,03;190770,26;187721,49;189590,59;4,187684286E10;1107222
WINFUT;24/03/2026;16:30:00;187537,65;188012,58;187404,87;187747,03;2,849310298E10;758978
WINFUT;24/03/2026;16:00:00;187282,31;187915,55;187282,31;187537,65;2,923550646E10;778941
WINFUT;24/03/2026;15:30:00;187455,94;187609,14;187113,78;187282,31;3,700734506E10;987648
WINFUT;24/03/2026;15:00:00;186843,12;187481,47;186623,53;187450,83;4,090455845E10;1094076
WINFUT;24/03/2026;14:30:00;186541,82;186858,44;186087,31;186848,23;5,352514406E10;1435371
WINFUT;24/03/2026;14:00:00;186996,32;187098,46;186199,66;186541,82;4,359055346E10;1168681
WINFUT;24/03/2026;13:30:00;187348,69;187450,83;186889,08;186996,32;3,227361898E10;862313
WINFUT;24/03/2026;13:00:00;187190,38;187399,76;186812,48;187343,59;3,186292589E10;851420
WINFUT;24/03/2026;12:30:00;187532,54;187981,94;187103,57;187185,28;3,708883225E10;988647
WINFUT;24/03/2026;12:00:00;187123,99;187670,42;187016,75;187527,43;4,000326547E10;1067843
WINFUT;24/03/2026;11:30:00;187123,99;187823,63;186649,06;187118,89;7,473119848E10;1995765
WINFUT;24/03/2026;11:00:00;186204,77;187389,55;186102,63;187123,99;7,449934915E10;1993401
WINFUT;24/03/2026;10:30:00;185127,23;186225,19;185014,88;186199,66;6,93587781E10;1868396
WINFUT;24/03/2026;10:00:00;186352,86;186592,89;185060,84;185127,23;8,011822472E10;2154409
WINFUT;24/03/2026;09:30:00;187318,05;187353,80;186169,02;186352,86;6,335417321E10;1697786
WINFUT;24/03/2026;09:00:00;187420,19;187624,46;186592,89;187323,16;6,09883909E10;1630514
WINFUT;23/03/2026;18:00:00;188119,82;188232,17;187777,67;188135,14;7503928246,00;199530
WINFUT;23/03/2026;17:30:00;188160,68;188283,24;187946,19;188119,82;1,146964749E10;304821
WINFUT;23/03/2026;17:00:00;187685,74;188324,10;187369,12;188160,68;2,66080328E10;708289
WINFUT;23/03/2026;16:30:00;187532,54;188201,53;187455,94;187680,64;3,331310992E10;886994
WINFUT;23/03/2026;16:00:00;188109,61;188181,11;187471,26;187532,54;2,956581091E10;786956
WINFUT;23/03/2026;15:30:00;187175,06;188543,69;187169,96;188104,50;4,629122855E10;1231478
WINFUT;23/03/2026;15:00:00;187455,94;187583,61;186516,28;187175,06;3,751656793E10;1002691
WINFUT;23/03/2026;14:30:00;187144,42;187915,55;187139,31;187450,83;3,932038277E10;1048691
WINFUT;23/03/2026;14:00:00;186894,19;187241,45;186664,38;187144,42;3,627378884E10;970315
WINFUT;23/03/2026;13:30:00;186271,16;187353,80;186225,19;186889,08;4,176359129E10;1116986
WINFUT;23/03/2026;13:00:00;186654,17;187098,46;186235,41;186271,16;4,234326994E10;1133935
WINFUT;23/03/2026;12:30:00;187736,81;187823,63;186582,67;186649,06;4,7365213E10;1264979
WINFUT;23/03/2026;12:00:00;187900,23;188354,74;187420,19;187736,81;4,772786189E10;1269588
WINFUT;23/03/2026;11:30:00;187803,20;188237,28;187226,13;187900,23;5,506679088E10;1466302
WINFUT;23/03/2026;11:00:00;186674,59;187833,84;186628,63;187798,09;7,131617505E10;1904224
WINFUT;23/03/2026;10:30:00;184652,29;186689,91;184218,22;186679,70;8,97742642E10;2420155
WINFUT;23/03/2026;10:00:00;184529,73;185244,69;183865,84;184652,29;6,605480198E10;1789852
WINFUT;23/03/2026;09:30:00;183365,38;184723,79;182921,08;184529,73;7,201344977E10;1957806
WINFUT;23/03/2026;09:00:00;183646,25;183738,17;181751,62;183370,48;7,202357835E10;1969642
WINFUT;20/03/2026;18:00:00;181879,29;184100,76;181537,14;184100,76;9975281892,00;273489
WINFUT;20/03/2026;17:30:00;181373,72;181981,43;181348,18;181879,29;1,125543043E10;309822
WINFUT;20/03/2026;17:00:00;180975,39;181639,27;180822,18;181378,82;2,109835183E10;581850
WINFUT;20/03/2026;16:30:00;180822,18;181123,48;180153,19;180980,49;3,680898814E10;1018604
WINFUT;20/03/2026;16:00:00;180577,05;180965,17;180515,77;180822,18;2,990172749E10;827225
WINFUT;20/03/2026;15:30:00;180796,65;180939,64;180240,00;180582,16;3,352405246E10;928374
WINFUT;20/03/2026;15:00:00;181501,39;181695,45;180178,72;180801,75;4,319700041E10;1193100
WINFUT;20/03/2026;14:30:00;181286,90;181557,56;181041,77;181501,39;3,131710801E10;863791
WINFUT;20/03/2026;14:00:00;181818,01;181935,47;181189,87;181286,90;4,012455507E10;1105044
WINFUT;20/03/2026;13:30:00;182012,07;182032,50;181552,46;181818,01;3,088695642E10;849341
WINFUT;20/03/2026;13:00:00;182098,89;182425,72;181909,93;182012,07;2,666603404E10;732055
WINFUT;20/03/2026;12:30:00;182252,09;182589,14;181991,64;182103,99;3,195609245E10;876601
WINFUT;20/03/2026;12:00:00;182262,30;182972,15;182078,46;182257,20;4,6739284E10;1280439
WINFUT;20/03/2026;11:30:00;181996,75;182635,10;181904,83;182267,41;5,286128118E10;1450219
WINFUT;20/03/2026;11:00:00;182640,21;182783,20;181409,47;181996,75;6,80141078E10;1867960
WINFUT;20/03/2026;10:30:00;183998,62;184146,72;182308,27;182640,21;8,471110932E10;2310323
WINFUT;20/03/2026;10:00:00;184759,54;185009,77;183932,23;183998,62;5,863353918E10;1589143
WINFUT;20/03/2026;09:30:00;185321,29;185479,60;184524,62;184759,54;4,859547767E10;1313955
WINFUT;20/03/2026;09:00:00;184279,50;185351,93;183891,38;185326,39;6,168524268E10;1670298
WINFUT;19/03/2026;18:00:00;186097,52;186276,26;185796,22;185883,04;4632236829,00;124542
WINFUT;19/03/2026;17:30:00;186332,44;186352,86;185949,43;186097,52;1,121249255E10;301220
WINFUT;19/03/2026;17:00:00;185602,16;186531,60;185525,56;186337,54;1,953976133E10;525208
WINFUT;19/03/2026;16:30:00;185653,23;185964,75;185433,64;185602,16;3,046594323E10;820139
WINFUT;19/03/2026;16:00:00;184999,56;187154,63;184963,81;185653,23;7,392305908E10;1986157
WINFUT;19/03/2026;15:30:00;184259,07;185071,05;183967,98;184999,56;3,413099126E10;925644
WINFUT;19/03/2026;15:00:00;184019,05;184407,17;183850,52;184264,18;2,52633868E10;686017
WINFUT;19/03/2026;14:30:00;184243,75;184417,38;183983,30;184024,16;2,775064361E10;753235
WINFUT;19/03/2026;14:00:00;184085,44;184483,77;183615,61;184243,75;3,153256426E10;856560
WINFUT;19/03/2026;13:30:00;184213,11;184371,42;183753,49;184080,33;2,751885546E10;747481
WINFUT;19/03/2026;13:00:00;184407,17;184708,47;183942,45;184218,22;3,898838068E10;1057650
WINFUT;19/03/2026;12:30:00;184340,78;184601,23;183544,12;184407,17;4,101626285E10;1114158
WINFUT;19/03/2026;12:00:00;184202,89;185065,95;184121,19;184335,67;4,495271997E10;1217374
WINFUT;19/03/2026;11:30:00;183411,34;184499,09;183365,38;184202,89;4,959459884E10;1346990
WINFUT;19/03/2026;11:00:00;183722,85;184565,48;183283,67;183406,23;6,160872145E10;1674583
WINFUT;19/03/2026;10:30:00;182379,76;183727,96;181981,43;183722,85;7,703218186E10;2105123
WINFUT;19/03/2026;10:00:00;182236,77;182967,04;181465,64;182379,76;6,687144581E10;1835125
WINFUT;19/03/2026;09:30:00;181675,02;182384,87;181271,58;182231,66;5,370325112E10;1476887
WINFUT;19/03/2026;09:00:00;183865,84;184008,84;181475,85;181675,02;7,899130666E10;2157939
WINFUT;18/03/2026;18:00:00;184463,34;184943,38;184182,47;184815,71;8041450196,00;217956
WINFUT;18/03/2026;17:30:00;184631,87;184815,71;184264,18;184463,34;1,143285967E10;309623
WINFUT;18/03/2026;17:00:00;185295,75;185321,29;184437,81;184636,97;2,296124024E10;620916
WINFUT;18/03/2026;16:30:00;185704,30;185923,89;185280,43;185295,75;3,068064088E10;826458
WINFUT;18/03/2026;16:00:00;185643,02;186169,02;185351,93;185704,30;4,228582713E10;1138334
WINFUT;18/03/2026;15:30:00;186730,77;186786,94;185602,16;185643,02;4,440675083E10;1192018
WINFUT;18/03/2026;15:00:00;186950,36;187226,13;186301,80;186725,66;3,809261386E10;1020386
WINFUT;18/03/2026;14:30:00;186409,04;187374,23;186061,78;186950,36;3,694055423E10;989949
WINFUT;18/03/2026;14:00:00;186909,51;186935,04;186378,40;186409,04;3,150863141E10;844404
WINFUT;18/03/2026;13:30:00;186199,66;186955,47;185852,40;186909,51;3,966060109E10;1064379
WINFUT;18/03/2026;13:00:00;185786,01;186337,54;185500,03;186199,66;3,029801945E10;814737
WINFUT;18/03/2026;12:30:00;185591,95;185934,11;185545,99;185786,01;2,62195835E10;705764
WINFUT;18/03/2026;12:00:00;185898,36;186260,94;185377,46;185591,95;4,115678017E10;1107524
WINFUT;18/03/2026;11:30:00;185643,02;185918,79;185438,74;185898,36;4,637364849E10;1248724
WINFUT;18/03/2026;11:00:00;186526,50;186853,33;185423,42;185648,12;6,695405834E10;1797080
WINFUT;18/03/2026;10:30:00;185837,08;186536,71;185770,69;186526,50;6,467240816E10;1737992
WINFUT;18/03/2026;10:00:00;184820,82;186010,71;184723,79;185837,08;6,61221412E10;1783321
WINFUT;18/03/2026;09:30:00;186347,76;186352,86;184764,64;184815,71;6,670403347E10;1797824
WINFUT;18/03/2026;09:00:00;186986,11;187154,63;185530,67;186342,65;6,89990892E10;1853863
WINFUT;17/03/2026;18:00:00;186194,55;186306,90;186046,46;186133,27;4460680160,00;119798
WINFUT;17/03/2026;17:30:00;186158,81;186276,26;185974,96;186189,45;9085148844,00;244054
WINFUT;17/03/2026;17:00:00;185852,40;186276,26;185786,01;186158,81;1,613599993E10;433492
WINFUT;17/03/2026;16:30:00;185913,68;186036,24;185586,84;185852,40;2,7753528E10;746885
WINFUT;17/03/2026;16:00:00;186266,05;186439,68;185714,51;185913,68;3,363068476E10;903681
WINFUT;17/03/2026;15:30:00;186643,95;186822,69;185786,01;186260,94;5,076959768E10;1362621
WINFUT;17/03/2026;15:00:00;187425,30;187787,88;186587,78;186638,85;3,788265761E10;1011364
WINFUT;17/03/2026;14:30:00;187200,60;187583,61;186986,11;187425,30;3,334363775E10;890246
WINFUT;17/03/2026;14:00:00;187129,10;187297,63;186924,83;187205,70;2,305722355E10;616173
WINFUT;17/03/2026;13:30:00;187226,13;187282,31;186715,45;187129,10;2,928769348E10;783010
WINFUT;17/03/2026;13:00:00;186546,92;187338,48;186332,44;187226,13;3,92336165E10;1050165
WINFUT;17/03/2026;12:30:00;186235,41;186587,78;185980,07;186546,92;3,399770224E10;912468
WINFUT;17/03/2026;12:00:00;187650,00;187680,64;186077,10;186240,51;4,963944532E10;1328272
WINFUT;17/03/2026;11:30:00;187777,67;187879,80;187353,80;187650,00;4,209042743E10;1121461
WINFUT;17/03/2026;11:00:00;188410,91;188630,51;187558,07;187782,77;5,516684904E10;1466613
WINFUT;17/03/2026;10:30:00;187665,32;188610,08;186924,83;188410,91;7,766287299E10;2068063
WINFUT;17/03/2026;10:00:00;185898,36;187685,74;185586,84;187665,32;6,705916604E10;1797414
WINFUT;17/03/2026;09:30:00;186342,65;186756,30;185801,33;185893,25;5,583389105E10;1497887
WINFUT;17/03/2026;09:00:00;185831,97;186587,78;184667,62;186337,54;7,618095719E10;2049552
WINFUT;16/03/2026;18:00:00;185949,43;186071,99;185867,72;186036,24;5187914178,00;139485
WINFUT;16/03/2026;17:30:00;185867,72;186102,63;185821,76;185954,53;8913458564,00;239634
WINFUT;16/03/2026;17:00:00;186082,20;186102,63;185602,16;185867,72;1,712131031E10;460628
WINFUT;16/03/2026;16:30:00;186312,01;186480,54;185801,33;186087,31;2,98123637E10;800831
WINFUT;16/03/2026;16:00:00;186659,27;187011,64;186255,84;186317,12;3,739936271E10;1001946
WINFUT;16/03/2026;15:30:00;186623,53;186863,55;186526,50;186659,27;2,228571069E10;596827
WINFUT;16/03/2026;15:00:00;186230,30;186868,65;186225,19;186623,53;3,80118384E10;1018361
WINFUT;16/03/2026;14:30:00;185995,39;186383,51;185883,04;186225,19;2,751200837E10;739117
WINFUT;16/03/2026;14:00:00;185551,09;186271,16;185520,45;185995,39;3,378741595E10;908878
WINFUT;16/03/2026;13:30:00;185540,88;185903,46;185193,62;185545,99;3,298409338E10;888787
WINFUT;16/03/2026;13:00:00;185939,21;186128,16;185520,45;185540,88;3,129171823E10;841830
WINFUT;16/03/2026;12:30:00;186010,71;186312,01;185673,66;185939,21;3,173098016E10;852907
WINFUT;16/03/2026;12:00:00;186077,10;186214,98;185760,47;186010,71;3,075084168E10;826677
WINFUT;16/03/2026;11:30:00;186592,89;186654,17;185658,34;186077,10;4,74307941E10;1274828
WINFUT;16/03/2026;11:00:00;187021,86;187129,10;186582,67;186592,89;4,346602298E10;1163163
WINFUT;16/03/2026;10:30:00;186240,51;187215,92;186036,24;187011,64;6,824936789E10;1827800
WINFUT;16/03/2026;10:00:00;186214,98;186781,84;186066,88;186240,51;5,094362094E10;1366138
WINFUT;16/03/2026;09:30:00;186756,30;187236,34;186189,45;186209,87;4,502448333E10;1204947
WINFUT;16/03/2026;09:00:00;185683,87;186853,33;185137,44;186751,20;5,798550657E10;1557800
WINFUT;13/03/2026;18:00:00;183503,26;183743,28;183212,17;183743,28;4940959675,00;134668
WINFUT;13/03/2026;17:30:00;183630,93;183717,75;183319,42;183498,15;9836048793,00;267962
WINFUT;13/03/2026;17:00:00;183717,75;183932,23;183518,58;183630,93;1,465248087E10;398793
WINFUT;13/03/2026;16:30:00;183421,55;183763,71;183089,61;183717,75;3,011103108E10;821071
WINFUT;13/03/2026;16:00:00;184305,03;184345,89;183268,35;183426,66;3,200014934E10;870206
WINFUT;13/03/2026;15:30:00;184289,71;184831,03;184156,93;184305,03;3,263656313E10;884572
WINFUT;13/03/2026;15:00:00;184044,58;184391,85;183809,67;184294,82;3,886365031E10;1055463
WINFUT;13/03/2026;14:30:00;184412,27;184585,91;183503,26;184039,48;4,955503292E10;1346228
WINFUT;13/03/2026;14:00:00;185111,91;185183,40;184361,21;184412,27;3,753686084E10;1015693
WINFUT;13/03/2026;13:30:00;184570,59;185336,61;184529,73;185111,91;3,619447746E10;978312
WINFUT;13/03/2026;13:00:00;184611,44;184917,85;184448,02;184565,48;3,432143219E10;929095
WINFUT;13/03/2026;12:30:00;184488,88;185183,40;184371,42;184606,33;4,877073694E10;1320450
WINFUT;13/03/2026;12:00:00;185178,30;185316,18;184208,00;184488,88;5,131006848E10;1387774
WINFUT;13/03/2026;11:30:00;185663,44;186352,86;185050,63;185178,30;5,956291898E10;1603642
WINFUT;13/03/2026;11:00:00;186792,05;186894,19;185586,84;185663,44;5,248449458E10;1409910
WINFUT;13/03/2026;10:30:00;186771,62;187098,46;186465,21;186781,84;6,211307721E10;1662753
WINFUT;13/03/2026;10:00:00;185786,01;186991,22;185607,27;186771,62;6,175449598E10;1657273
WINFUT;13/03/2026;09:30:00;186209,87;186552,03;185724,73;185786,01;5,169004623E10;1388706
WINFUT;13/03/2026;09:00:00;186112,84;186388,61;185428,53;186209,87;5,462196969E10;1468549
WINFUT;12/03/2026;18:00:00;184974,02;185137,44;184805,50;185076,16;7026097646,00;189897
WINFUT;12/03/2026;17:30:00;185081,27;185147,66;184774,86;184968,92;1,172561332E10;316966
WINFUT;12/03/2026;17:00:00;185009,77;185341,71;184897,42;185081,27;1,853153698E10;500560
WINFUT;12/03/2026;16:30:00;185479,60;185888,14;184866,78;185004,66;3,488265024E10;941097
WINFUT;12/03/2026;16:00:00;185469,39;185699,19;185214,04;185474,49;2,994534016E10;807288
WINFUT;12/03/2026;15:30:00;185214,04;185576,63;185019,99;185464,28;2,999645321E10;809691
WINFUT;12/03/2026;15:00:00;185331,50;185602,16;185076,16;185219,15;3,423983765E10;923627
WINFUT;12/03/2026;14:30:00;185678,76;185974,96;185055,73;185336,61;3,667196417E10;988321
WINFUT;12/03/2026;14:00:00;185709,41;186123,06;185581,74;185683,87;3,264212643E10;878268
WINFUT;12/03/2026;13:30:00;185494,92;185888,14;185413,21;185714,51;3,25697132E10;877092
WINFUT;12/03/2026;13:00:00;185423,42;185995,39;185234,47;185494,92;4,022292757E10;1083584
WINFUT;12/03/2026;12:30:00;185014,88;185837,08;184897,42;185428,53;5,56651939E10;1501667
WINFUT;12/03/2026;12:00:00;185203,83;185300,86;184376,53;185014,88;5,395555533E10;1459710
WINFUT;12/03/2026;11:30:00;185663,44;186112,84;185076,16;185198,72;6,750384281E10;1819627
WINFUT;12/03/2026;11:00:00;185627,70;186031,14;185403,00;185663,44;5,505311467E10;1482258
WINFUT;12/03/2026;10:30:00;187236,34;187272,09;185127,23;185627,70;9,107706442E10;2447847
WINFUT;12/03/2026;10:00:00;187609,14;188007,47;186526,50;187236,34;7,794378552E10;2081225
WINFUT;12/03/2026;09:30:00;187992,15;188257,71;187491,68;187604,03;4,714379443E10;1255066
WINFUT;12/03/2026;09:00:00;189294,39;189319,93;187266,98;187992,15;6,29377897E10;1674421
WINFUT;11/03/2026;18:00:00;190045,09;190228,94;189631,44;189983,81;7580854174,00;199565
WINFUT;11/03/2026;17:30:00;190075,73;190264,69;189983,81;190050,20;8047737499,00;211662
WINFUT;11/03/2026;17:00:00;190152,34;190371,93;189973,60;190075,73;1,501380392E10;394751
WINFUT;11/03/2026;16:30:00;189907,21;190274,90;189784,65;190157,44;2,752188457E10;724071
WINFUT;11/03/2026;16:00:00;189641,65;189937,85;189289,28;189902,10;2,565353035E10;676637
WINFUT;11/03/2026;15:30:00;189406,74;189835,71;189340,35;189641,65;2,529383414E10;666982
WINFUT;11/03/2026;15:00:00;189222,90;189575,27;188916,49;189406,74;3,377943446E10;892203
WINFUT;11/03/2026;14:30:00;189784,65;189840,82;188727,53;189217,79;4,610835725E10;1218496
WINFUT;11/03/2026;14:00:00;189779,54;189825,50;189248,43;189784,65;2,846278421E10;750613
WINFUT;11/03/2026;13:30:00;189304,60;189856,14;189289,28;189784,65;3,08397362E10;813204
WINFUT;11/03/2026;13:00:00;189559,95;189636,55;189151,40;189304,60;3,343056894E10;882655
WINFUT;11/03/2026;12:30:00;190213,62;190295,33;189508,88;189559,95;4,100265543E10;1079936
WINFUT;11/03/2026;12:00:00;191046,03;191199,23;190182,98;190208,51;4,475831342E10;1174236
WINFUT;11/03/2026;11:30:00;190928,57;191311,58;190627,27;191051,14;5,036018245E10;1318734
WINFUT;11/03/2026;11:00:00;191408,61;192184,85;190857,08;190928,57;7,289872562E10;1902022
WINFUT;11/03/2026;10:30:00;190111,48;191551,60;189784,65;191413,72;8,546717157E10;2240443
WINFUT;11/03/2026;10:00:00;187854,27;190188,08;187818,52;190116,59;7,31155347E10;1935103
WINFUT;11/03/2026;09:30:00;188972,66;189095,23;187547,86;187859,38;6,110876989E10;1625196
WINFUT;11/03/2026;09:00:00;189973,60;190366,82;188804,14;188967,56;5,28783751E10;1395863
WINFUT;10/03/2026;18:00:00;190177,87;190218,73;189677,40;189922,53;7040163936,00;185276
WINFUT;10/03/2026;17:30:00;190111,48;190274,90;189937,85;190172,76;1,016909511E10;267446
WINFUT;10/03/2026;17:00:00;189590,59;190142,12;189508,88;190116,59;2,071182991E10;545531
WINFUT;10/03/2026;16:30:00;189988,92;190152,34;189376,10;189585,48;4,613114047E10;1215633
WINFUT;10/03/2026;16:00:00;190320,86;190657,91;189912,32;189994,03;3,348995306E10;879781
WINFUT;10/03/2026;15:30:00;190637,48;190867,29;190157,44;190320,86;4,138882234E10;1086400
WINFUT;10/03/2026;15:00:00;191025,60;191224,77;189845,93;190632,38;6,046561655E10;1586517
WINFUT;10/03/2026;14:30:00;191776,30;191812,05;190877,50;191030,71;4,326772469E10;1131473
WINFUT;10/03/2026;14:00:00;190749,83;191852,91;190729,41;191771,20;4,638175837E10;1212004
WINFUT;10/03/2026;13:30:00;190234,05;190882,61;190182,98;190749,83;3,490922242E10;916312
WINFUT;10/03/2026;13:00:00;190448,53;190555,78;190009,35;190234,05;2,989548701E10;785701
WINFUT;10/03/2026;12:30:00;189871,46;190581,31;189692,72;190448,53;3,990991512E10;1049649
WINFUT;10/03/2026;12:00:00;190285,11;190560,88;189840,82;189871,46;4,598062007E10;1208382
WINFUT;10/03/2026;11:30:00;188216,85;190305,54;188165,78;190285,11;6,777507864E10;1790514
WINFUT;10/03/2026;11:00:00;187614,25;188252,60;186843,12;188216,85;6,47410896E10;1727007
WINFUT;10/03/2026;10:30:00;187956,41;188150,46;187292,52;187609,14;7,562548324E10;2014044
WINFUT;10/03/2026;10:00:00;188737,75;188936,91;187307,84;187956,41;7,146603412E10;1901478
WINFUT;10/03/2026;09:30:00;187685,74;189033,94;187491,68;188732,64;5,916214364E10;1569941
WINFUT;10/03/2026;09:00:00;187716,38;188262,81;187057,61;187680,64;6,760868313E10;1801270
WINFUT;09/03/2026;18:00:00;187930,87;188094,29;187624,46;187624,46;7046991415,00;187605
WINFUT;09/03/2026;17:30:00;187844,06;188068,76;187701,06;187930,87;1,375872987E10;366177
WINFUT;09/03/2026;17:00:00;187721,49;187925,76;187021,86;187849,16;2,789190185E10;744054
WINFUT;09/03/2026;16:30:00;188119,82;188467,09;187471,26;187716,38;5,825713219E10;1549904
WINFUT;09/03/2026;16:00:00;185969,85;188176,00;185939,21;188119,82;6,523151599E10;1743285
WINFUT;09/03/2026;15:30:00;185980,07;186352,86;185867,72;185964,75;3,006658419E10;807698
WINFUT;09/03/2026;15:00:00;185122,12;186312,01;185122,12;185974,96;3,686326085E10;992287
WINFUT;09/03/2026;14:30:00;185260,01;185351,93;185014,88;185122,12;2,842424444E10;767497
WINFUT;09/03/2026;14:00:00;185770,69;185872,82;185173,19;185260,01;3,215130625E10;866457
WINFUT;09/03/2026;13:30:00;186026,03;186107,74;185602,16;185765,58;3,090718509E10;831431
WINFUT;09/03/2026;13:00:00;186005,60;186419,25;185581,74;186020,92;4,062830747E10;1092062
WINFUT;09/03/2026;12:30:00;186465,21;186577,56;185883,04;186000,49;4,050204221E10;1087834
WINFUT;09/03/2026;12:00:00;184907,64;186572,46;184841,25;186465,21;5,10570177E10;1374092
WINFUT;09/03/2026;11:30:00;184478,66;185188,51;184427,59;184912,74;5,47566622E10;1481093
WINFUT;09/03/2026;11:00:00;184994,45;185096,59;183819,88;184483,77;7,857941355E10;2129447
WINFUT;09/03/2026;10:30:00;185249,79;185668,55;184754,43;184994,45;8,597807499E10;2320629
WINFUT;09/03/2026;10:00:00;184856,57;185643,02;184846,35;185249,79;6,548909762E10;1767726
WINFUT;09/03/2026;09:30:00;184953,60;185014,88;184356,10;184856,57;4,323198983E10;1170485
WINFUT;09/03/2026;09:00:00;184437,81;185367,25;184151,83;184948,49;5,871049488E10;1587852
WINFUT;06/03/2026;18:00:00;185985,17;186158,81;185653,23;185944,32;9773681940,00;262879
WINFUT;06/03/2026;17:30:00;185729,83;186133,27;185019,99;185980,07;2,651126051E10;714529
WINFUT;06/03/2026;17:00:00;186199,66;186597,99;185643,02;185729,83;2,856410765E10;766874
WINFUT;06/03/2026;16:30:00;186500,96;186689,91;185969,85;186204,77;2,975859109E10;798721
WINFUT;06/03/2026;16:00:00;186373,29;186679,70;186153,70;186500,96;3,087673974E10;828093
WINFUT;06/03/2026;15:30:00;186378,40;186894,19;186276,26;186378,40;3,238542112E10;868062
WINFUT;06/03/2026;15:00:00;185678,76;186597,99;185622,59;186373,29;3,559012947E10;955593
WINFUT;06/03/2026;14:30:00;186056,67;186174,13;185469,39;185673,66;3,784380894E10;1018397
WINFUT;06/03/2026;14:00:00;186031,14;186480,54;185750,26;186056,67;4,097052257E10;1100850
WINFUT;06/03/2026;13:30:00;186465,21;186848,23;185872,82;186036,24;4,129491477E10;1107580
WINFUT;06/03/2026;13:00:00;186322,22;186695,02;186015,81;186460,11;3,968405868E10;1064868
WINFUT;06/03/2026;12:30:00;186276,26;186531,60;185888,14;186327,33;3,937288098E10;1057363
WINFUT;06/03/2026;12:00:00;185122,12;186373,29;184876,99;186276,26;5,199038914E10;1400276
WINFUT;06/03/2026;11:30:00;185893,25;186031,14;184902,53;185122,12;6,84741184E10;1845168
WINFUT;06/03/2026;11:00:00;185643,02;185929,00;184938,28;185893,25;5,757117011E10;1552518
WINFUT;06/03/2026;10:30:00;186981,00;187716,38;185382,57;185643,02;7,347734179E10;1969616
WINFUT;06/03/2026;10:00:00;185923,89;187312,95;185862,61;186986,11;5,702549941E10;1527351
WINFUT;06/03/2026;09:30:00;186516,28;186638,85;185500,03;185929,00;4,939360224E10;1327203
WINFUT;06/03/2026;09:00:00;185377,46;186603,10;184887,21;186521,39;6,513172281E10;1752967
WINFUT;05/03/2026;18:00:00;187231,24;187272,09;186597,99;186710,34;1,383860177E10;370180
WINFUT;05/03/2026;17:30:00;187629,57;187675,53;186950,36;187231,24;2,833785836E10;756395
WINFUT;05/03/2026;17:00:00;187042,28;188135,14;186807,37;187629,57;4,775785448E10;1273732
WINFUT;05/03/2026;16:30:00;187026,96;187455,94;186659,27;187042,28;3,556942158E10;950783
WINFUT;05/03/2026;16:00:00;187129,10;187706,17;186786,94;187021,86;3,782946458E10;1010651
WINFUT;05/03/2026;15:30:00;186725,66;187369,12;186577,56;187129,10;3,619576981E10;967917
WINFUT;05/03/2026;15:00:00;187399,76;187552,97;186337,54;186720,56;4,483825848E10;1198690
WINFUT;05/03/2026;14:30:00;187537,65;187818,52;186812,48;187404,87;4,773417997E10;1274062
WINFUT;05/03/2026;14:00:00;188334,31;188523,26;187501,90;187537,65;4,230347198E10;1125107
WINFUT;05/03/2026;13:30:00;188038,11;188604,97;187849,16;188329,20;4,151674297E10;1102861
WINFUT;05/03/2026;13:00:00;188130,04;188288,35;187266,98;188038,11;4,911432945E10;1308063
WINFUT;05/03/2026;12:30:00;188078,97;188390,48;187670,42;188130,04;4,479455324E10;1191058
WINFUT;05/03/2026;12:00:00;189151,40;189575,27;187747,03;188073,86;5,659988546E10;1500331
WINFUT;05/03/2026;11:30:00;189182,04;189662,08;188267,92;189151,40;6,953889121E10;1840047
WINFUT;05/03/2026;11:00:00;190111,48;190525,13;188860,31;189192,26;6,812841366E10;1795187
WINFUT;05/03/2026;10:30:00;191173,70;191377,97;190111,48;190116,59;5,692609197E10;1490910
WINFUT;05/03/2026;10:00:00;191132,85;191439,25;190703,87;191168,59;6,072901212E10;1589094
WINFUT;05/03/2026;09:30:00;192001,00;192026,54;190943,89;191137,95;4,793626831E10;1252572
WINFUT;05/03/2026;09:00:00;190994,96;192435,08;190351,50;192006,11;6,935723175E10;1813508
WINFUT;04/03/2026;18:00:00;192138,89;192256,35;191449,47;191694,60;1,149416754E10;299478
WINFUT;04/03/2026;17:30:00;192613,82;192976,41;192016,32;192144,00;2,657930293E10;690006
WINFUT;04/03/2026;17:00:00;192516,79;192705,75;192138,89;192613,82;2,554156498E10;663620
WINFUT;04/03/2026;16:30:00;191924,40;192675,10;191873,33;192516,79;3,008201244E10;781957
WINFUT;04/03/2026;16:00:00;192031,65;192108,25;191771,20;191929,51;2,433534058E10;633908
WINFUT;04/03/2026;15:30:00;191566,92;192138,89;191520,96;192031,65;2,724847403E10;709984
WINFUT;04/03/2026;15:00:00;191520,96;191602,67;191046,03;191566,92;3,079193763E10;804642
WINFUT;04/03/2026;14:30:00;191332,01;191776,30;191030,71;191515,86;3,110298704E10;812147
WINFUT;04/03/2026;14:00:00;191255,41;191684,38;191224,77;191326,90;3,572088486E10;932725
WINFUT;04/03/2026;13:30:00;190693,66;191265,62;190642,59;191255,41;2,76605056E10;724349
WINFUT;04/03/2026;13:00:00;191040,92;191107,31;190392,36;190688,55;3,630507842E10;951616
WINFUT;04/03/2026;12:30:00;191270,73;191326,90;190724,30;191040,92;3,702849949E10;969282
WINFUT;04/03/2026;12:00:00;190535,35;191332,01;190300,43;191265,62;4,831091357E10;1266071
WINFUT;04/03/2026;11:30:00;191423,93;191582,25;190045,09;190535,35;7,599525019E10;1992402
WINFUT;04/03/2026;11:00:00;192118,46;192363,59;191372,87;191429,04;4,870533454E10;1268856
WINFUT;04/03/2026;10:30:00;193027,47;193047,90;191791,62;192118,46;5,715462098E10;1486774
WINFUT;04/03/2026;10:00:00;192389,12;193293,03;192302,31;193032,58;6,109664538E10;1584572
WINFUT;04/03/2026;09:30:00;191342,23;192445,30;191132,85;192394,23;5,122217087E10;1336091
WINFUT;04/03/2026;09:00:00;189968,49;191903,97;189907,21;191337,12;6,065887302E10;1585340
WINFUT;03/03/2026;18:00:00;189682,51;189743,79;188901,17;188952,23;1,369213275E10;361525
WINFUT;03/03/2026;17:30:00;190259,58;190474,07;189345,46;189682,51;2,698569787E10;710876
WINFUT;03/03/2026;17:00:00;189902,10;190438,32;189570,16;190259,58;3,308069012E10;870425
WINFUT;03/03/2026;16:30:00;190014,45;191076,67;189728,47;189902,10;5,462087843E10;1434600
WINFUT;03/03/2026;16:00:00;191086,88;191393,29;189912,32;190014,45;4,632400915E10;1215309
WINFUT;03/03/2026;15:30:00;190611,95;191674,17;190571,10;191086,88;4,921005138E10;1286530
WINFUT;03/03/2026;15:00:00;189764,22;190882,61;189667,19;190617,06;3,986583008E10;1047269
WINFUT;03/03/2026;14:30:00;189932,74;190137,02;189309,71;189764,22;3,869408381E10;1019557
WINFUT;03/03/2026;14:00:00;189554,84;190060,41;189028,84;189932,74;4,239871856E10;1118654
WINFUT;03/03/2026;13:30:00;189442,49;189713,15;188727,53;189549,73;5,088847452E10;1344585
WINFUT;03/03/2026;13:00:00;188354,74;189580,37;188339,42;189442,49;5,271462232E10;1394667
WINFUT;03/03/2026;12:30:00;187879,80;188390,48;187466,15;188359,84;5,296275942E10;1409364
WINFUT;03/03/2026;12:00:00;187731,71;188150,46;187088,25;187884,91;5,917315866E10;1577177
WINFUT;03/03/2026;11:30:00;189130,97;189580,37;187312,95;187736,81;9,43583392E10;2504413
WINFUT;03/03/2026;11:00:00;189575,27;189733,58;188901,17;189136,08;5,110938118E10;1350169
WINFUT;03/03/2026;10:30:00;190055,31;190290,22;189309,71;189585,48;6,228229932E10;1640466
WINFUT;03/03/2026;10:00:00;191265,62;191469,90;189902,10;190055,31;7,16338513E10;1880043
WINFUT;03/03/2026;09:30:00;192118,46;192123,57;190908,15;191265,62;5,686802962E10;1485129
WINFUT;03/03/2026;09:00:00;192782,35;192782,35;190857,08;192118,46;7,312621357E10;1905801
WINFUT;02/03/2026;18:00:00;196265,20;196561,39;196239,66;196510,32;9219143498,00;234715
WINFUT;02/03/2026;17:30:00;196106,89;196500,11;196096,67;196265,20;1,768375363E10;450272
WINFUT;02/03/2026;17:00:00;197015,90;197046,54;195953,68;196111,99;4,694936189E10;1195484
WINFUT;02/03/2026;16:30:00;197225,28;197378,48;196898,44;197015,90;2,499323885E10;633881
WINFUT;02/03/2026;16:00:00;196254,98;197358,06;196249,88;197225,28;3,976004423E10;1009577
WINFUT;02/03/2026;15:30:00;196178,38;196413,29;196060,92;196260,09;2,776443923E10;707434
WINFUT;02/03/2026;15:00:00;196142,63;196311,16;195907,72;196188,59;2,758523233E10;703381
WINFUT;02/03/2026;14:30:00;195902,61;196214,13;195621,74;196137,53;2,973689574E10;758816
WINFUT;02/03/2026;14:00:00;195453,21;195979,21;195391,93;195902,61;2,915589047E10;744840
WINFUT;02/03/2026;13:30:00;195294,90;195958,79;195126,38;195448,11;3,604276024E10;921408
WINFUT;02/03/2026;13:00:00;195085,52;195672,81;194937,42;195300,01;3,706467526E10;948673
WINFUT;02/03/2026;12:30:00;195499,17;195688,13;195034,45;195090,63;3,650013935E10;934358
WINFUT;02/03/2026;12:00:00;195463,43;196239,66;195305,12;195504,28;5,081484636E10;1297985
WINFUT;02/03/2026;11:30:00;194528,88;195841,33;194299,07;195458,32;6,967688059E10;1786594
WINFUT;02/03/2026;11:00:00;193793,50;194682,08;193604,55;194528,88;5,235864225E10;1347719
WINFUT;02/03/2026;10:30:00;194768,90;195254,05;193732,22;193793,50;5,50451382E10;1414417
WINFUT;02/03/2026;10:00:00;193931,38;195192,77;193900,74;194768,90;6,44918087E10;1657419
WINFUT;02/03/2026;09:30:00;194978,28;194983,39;193757,75;193931,38;4,752819276E10;1223105
WINFUT;02/03/2026;09:00:00;194196,94;195294,90;193905,85;194983,39;5,549319869E10;1424787
WINFUT;27/02/2026;18:00:00;196020,07;196117,10;195642,17;195642,17;8489794612,00;216667
WINFUT;27/02/2026;17:30:00;196249,88;196520,54;195749,41;196020,07;2,151522084E10;548380
WINFUT;27/02/2026;17:00:00;195933,25;196331,59;195836,22;196249,88;2,442714426E10;622857
WINFUT;27/02/2026;16:30:00;196060,92;196152,85;195744,30;195928,15;3,101549426E10;791387
WINFUT;27/02/2026;16:00:00;196964,83;197041,43;196035,39;196060,92;2,874069719E10;731145
WINFUT;27/02/2026;15:30:00;196832,05;197010,79;196658,42;196964,83;2,120212923E10;538541
WINFUT;27/02/2026;15:00:00;196571,61;196949,51;196561,39;196832,05;2,499730513E10;635109
WINFUT;27/02/2026;14:30:00;196617,57;196745,24;196362,23;196571,61;2,913470898E10;741191
WINFUT;27/02/2026;14:00:00;196918,87;197209,96;196556,29;196617,57;2,903340051E10;737327
WINFUT;27/02/2026;13:30:00;197102,71;197266,13;196883,12;196918,87;2,548779552E10;646546
WINFUT;27/02/2026;13:00:00;197613,40;197832,99;197061,86;197097,61;2,843501307E10;719841
WINFUT;27/02/2026;12:30:00;197404,02;197812,56;197097,61;197613,40;3,392224477E10;858768
WINFUT;27/02/2026;12:00:00;197189,53;197822,78;196949,51;197409,12;4,708047747E10;1192623
WINFUT;27/02/2026;11:30:00;197383,59;198348,78;197015,90;197189,53;6,963808682E10;1762072
WINFUT;27/02/2026;11:00:00;197220,17;197577,65;197051,65;197383,59;4,210241423E10;1067129
WINFUT;27/02/2026;10:30:00;196985,26;197368,27;196632,89;197215,06;5,083336306E10;1290384
WINFUT;27/02/2026;10:00:00;197751,28;197832,99;196867,80;196980,15;5,082365972E10;1286771
WINFUT;27/02/2026;09:30:00;197562,33;197843,20;196990,36;197756,39;4,107193565E10;1040023
WINFUT;27/02/2026;09:00:00;198302,82;198450,91;196275,41;197567,44;7,34652569E10;1861807
WINFUT;26/02/2026;18:00:00;198471,34;198639,87;198231,32;198404,95;9130410561,00;230089
WINFUT;26/02/2026;17:30:00;198450,91;198680,72;198374,31;198476,45;1,56005289E10;392879
WINFUT;26/02/2026;17:00:00;198292,60;198568,37;198261,96;198456,02;1,944703026E10;489983
WINFUT;26/02/2026;16:30:00;198154,72;198374,31;198073,01;198292,60;1,747637538E10;440840
WINFUT;26/02/2026;16:00:00;197940,23;198410,06;197914,70;198154,72;2,557896221E10;645311
WINFUT;26/02/2026;15:30:00;197526,58;198108,76;197460,19;197945,34;3,062677403E10;773822
WINFUT;26/02/2026;15:00:00;197424,44;197756,39;197347,84;197526,58;2,102438764E10;532124
WINFUT;26/02/2026;14:30:00;197306,99;197618,50;197174,21;197429,55;2,705400293E10;685312
WINFUT;26/02/2026;14:00:00;197460,19;197802,35;197281,45;197306,99;2,77793292E10;703161
WINFUT;26/02/2026;13:30:00;198073,01;198175,15;197434,66;197460,19;3,050407424E10;771225
WINFUT;26/02/2026;13:00:00;197501,05;198185,36;197358,06;198078,12;3,556812089E10;899405
WINFUT;26/02/2026;12:30:00;196780,99;197536,79;196602,25;197506,15;4,645721521E10;1178757
WINFUT;26/02/2026;12:00:00;197480,62;197674,68;196275,41;196786,09;5,982644931E10;1518810
WINFUT;26/02/2026;11:30:00;198353,88;198420,27;197174,21;197480,62;6,52776521E10;1650606
WINFUT;26/02/2026;11:00:00;198389,63;198706,26;198180,25;198348,78;4,364289936E10;1099604
WINFUT;26/02/2026;10:30:00;198190,47;198501,98;197690,00;198389,63;5,042716016E10;1272232
WINFUT;26/02/2026;10:00:00;198445,81;199201,62;198088,33;198190,47;6,942318732E10;1746860
WINFUT;26/02/2026;09:30:00;198680,72;198696,04;197955,55;198445,81;4,337444577E10;1093984
WINFUT;26/02/2026;09:00:00;198149,61;198808,39;197970,87;198685,83;6,595428231E10;1661638
WINFUT;25/02/2026;18:00:00;198650,08;198803,28;198461,13;198461,13;8838551328,00;222506
WINFUT;25/02/2026;17:30:00;198236,43;198823,71;198231,32;198650,08;2,524299767E10;635551
WINFUT;25/02/2026;17:00:00;198241,53;198369,21;197960,66;198231,32;2,08150753E10;525132
WINFUT;25/02/2026;16:30:00;198139,40;198358,99;198088,33;198241,53;1,708247925E10;430902
WINFUT;25/02/2026;16:00:00;198461,13;198476,45;197807,46;198134,29;3,522921972E10;889032
WINFUT;25/02/2026;15:30:00;199017,77;199079,05;198338,56;198461,13;2,715377771E10;683372
WINFUT;25/02/2026;15:00:00;199247,58;199283,33;198884,99;199012,66;1,885458605E10;473583
WINFUT;25/02/2026;14:30:00;198798,18;199313,97;198762,43;199242,47;2,526506703E10;634652
WINFUT;25/02/2026;14:00:00;198798,18;198956,49;198644,97;198798,18;2,028770887E10;510224
WINFUT;25/02/2026;13:30:00;198736,90;198839,03;198583,69;198803,28;1,844366289E10;464062
WINFUT;25/02/2026;13:00:00;198696,04;198956,49;198639,87;198736,90;2,865804409E10;720816
WINFUT;25/02/2026;12:30:00;198629,65;198793,07;198205,79;198701,15;3,467431427E10;873469
WINFUT;25/02/2026;12:00:00;198680,72;198787,96;198430,49;198624,55;3,511543167E10;884066
WINFUT;25/02/2026;11:30:00;199467,17;199635,70;198507,09;198680,72;5,266456545E10;1322362
WINFUT;25/02/2026;11:00:00;199130,12;199804,22;199073,95;199467,17;4,754327582E10;1192041
WINFUT;25/02/2026;10:30:00;199824,65;200013,60;198818,61;199130,12;5,088480293E10;1276149
WINFUT;25/02/2026;10:00:00;200861,33;200912,40;199569,31;199824,65;4,978618274E10;1244182
WINFUT;25/02/2026;09:30:00;200565,14;200927,72;200406,83;200861,33;3,345047367E10;833565
WINFUT;25/02/2026;09:00:00;200697,91;201984,83;200018,71;200565,14;6,851277406E10;1703647
WINFUT;24/02/2026;18:00:00;199354,82;199380,36;199130,12;199196,51;8354013674,00;209641
WINFUT;24/02/2026;17:30:00;198951,38;199553,99;198823,71;199354,82;1,781685464E10;447282
WINFUT;24/02/2026;17:00:00;199170,98;199176,08;198869,67;198946,28;1,657922338E10;416595
WINFUT;24/02/2026;16:30:00;198976,92;199324,18;198966,70;199176,08;2,196000688E10;551353
WINFUT;24/02/2026;16:00:00;199094,37;199222,04;198644,97;198982,02;2,857164953E10;718135
WINFUT;24/02/2026;15:30:00;199125,01;199380,36;199063,73;199099,48;2,240433421E10;562319
WINFUT;24/02/2026;15:00:00;199104,59;199262,90;198966,70;199130,12;2,054118381E10;515850
WINFUT;24/02/2026;14:30:00;199405,89;199569,31;199033,09;199109,69;2,379899688E10;597020
WINFUT;24/02/2026;14:00:00;198997,34;199533,56;198997,34;199411,00;2,631971616E10;660192
WINFUT;24/02/2026;13:30:00;199288,43;199467,17;198895,21;198997,34;2,980706776E10;748421
WINFUT;24/02/2026;13:00:00;198910,53;199329,29;198787,96;199283,33;3,288502529E10;826035
WINFUT;24/02/2026;12:30:00;198864,57;199130,12;198599,01;198910,53;3,514188233E10;883459
WINFUT;24/02/2026;12:00:00;198083,22;198961,60;197909,59;198869,67;5,342915313E10;1345026
WINFUT;24/02/2026;11:30:00;197756,39;198277,28;197281,45;198083,22;5,875107133E10;1485488
WINFUT;24/02/2026;11:00:00;197638,93;198210,89;197562,33;197751,28;4,454115417E10;1125565
WINFUT;24/02/2026;10:30:00;197802,35;198440,70;197204,85;197638,93;6,198070478E10;1566903
WINFUT;24/02/2026;10:00:00;197638,93;197960,66;197031,22;197807,46;5,574532773E10;1410733
WINFUT;24/02/2026;09:30:00;197368,27;197802,35;197204,85;197638,93;3,705230642E10;938208
WINFUT;24/02/2026;09:00:00;196837,16;198364,10;196627,78;197368,27;6,843169402E10;1731516
WINFUT;23/02/2026;18:00:00;196627,78;196694,17;196428,61;196586,93;8756980155,00;222746
WINFUT;23/02/2026;17:30:00;196505,22;196801,41;196489,90;196627,78;1,543718889E10;392569
WINFUT;23/02/2026;17:00:00;196459,26;196673,74;196326,48;196510,32;1,870920427E10;476074
WINFUT;23/02/2026;16:30:00;196510,32;196597,14;196275,41;196459,26;1,893111362E10;481869
WINFUT;23/02/2026;16:00:00;196867,80;196913,76;196229,45;196505,22;2,68236674E10;682393
WINFUT;23/02/2026;15:30:00;197010,79;197118,04;196780,99;196862,69;2,406243894E10;610963
WINFUT;23/02/2026;15:00:00;196780,99;197118,04;196745,24;197005,69;2,43031838E10;617073
WINFUT;23/02/2026;14:30:00;196520,54;196954,62;196239,66;196786,09;3,068547991E10;780612
WINFUT;23/02/2026;14:00:00;196454,15;196694,17;196214,13;196515,43;2,954300976E10;751804
WINFUT;23/02/2026;13:30:00;196397,97;196571,61;196244,77;196459,26;2,628379737E10;669080
WINFUT;23/02/2026;13:00:00;196586,93;196663,53;196152,85;196403,08;4,042648498E10;1029031
WINFUT;23/02/2026;12:30:00;197455,09;197465,30;196510,32;196581,82;3,826648919E10;971208
WINFUT;23/02/2026;12:00:00;198593,91;198706,26;197261,03;197449,98;4,82825698E10;1220064
WINFUT;23/02/2026;11:30:00;197036,33;198833,93;197031,22;198588,80;7,468469178E10;1884807
WINFUT;23/02/2026;11:00:00;197148,68;197460,19;197010,79;197041,43;3,806962104E10;965092
WINFUT;23/02/2026;10:30:00;197235,49;197363,16;196694,17;197148,68;4,475926406E10;1136041
WINFUT;23/02/2026;10:00:00;196673,74;197511,26;196673,74;197235,49;6,316376426E10;1602370
WINFUT;23/02/2026;09:30:00;197046,54;197051,65;196566,50;196673,74;4,297186123E10;1091696
WINFUT;23/02/2026;09:00:00;197725,75;197970,87;196765,66;197046,54;5,44999595E10;1381055
WINFUT;20/02/2026;18:00:00;198277,28;198420,27;197884,06;197884,06;9228251084,00;232773
WINFUT;20/02/2026;17:30:00;198210,89;198389,63;197991,30;198272,18;1,61473779E10;407338
WINFUT;20/02/2026;17:00:00;198011,73;198553,05;197960,66;198216,00;2,421260709E10;610435
WINFUT;20/02/2026;16:30:00;197296,77;198190,47;197296,77;198006,62;2,952677692E10;746220
WINFUT;20/02/2026;16:00:00;197082,29;197490,83;196949,51;197301,88;2,249119279E10;569940
WINFUT;20/02/2026;15:30:00;197015,90;197455,09;196837,16;197082,29;4,136183107E10;1048808
WINFUT;20/02/2026;15:00:00;196546,07;197066,97;196546,07;197015,90;3,299543599E10;838467
WINFUT;20/02/2026;14:30:00;195504,28;196663,53;195494,07;196551,18;3,777831695E10;963019
WINFUT;20/02/2026;14:00:00;196331,59;196505,22;195427,68;195504,28;3,356630287E10;856466
WINFUT;20/02/2026;13:30:00;196009,86;196428,61;195953,68;196336,69;2,202454715E10;561042
WINFUT;20/02/2026;13:00:00;196357,12;196387,76;195938,36;196009,86;3,392562258E10;864759
WINFUT;20/02/2026;12:30:00;196265,20;196571,61;195831,12;196357,12;4,041851115E10;1029966
WINFUT;20/02/2026;12:00:00;195494,07;196745,24;195494,07;196265,20;7,155893654E10;1824201
WINFUT;20/02/2026;11:30:00;195197,87;195560,46;194993,60;195488,96;5,548105618E10;1420447
WINFUT;20/02/2026;11:00:00;194666,76;195356,18;194365,46;195202,98;4,610518825E10;1183350
WINFUT;20/02/2026;10:30:00;194896,57;195019,13;194324,61;194671,87;5,213255355E10;1339302
WINFUT;20/02/2026;10:00:00;194779,11;195014,03;194610,59;194901,68;4,588009865E10;1177595
WINFUT;20/02/2026;09:30:00;195100,84;195105,95;194656,55;194774,01;3,601997743E10;924257
WINFUT;20/02/2026;09:00:00;196454,15;196586,93;194937,42;195100,84;5,10652664E10;1305351
WINFUT;19/02/2026;18:00:00;196234,56;196510,32;196168,17;196357,12;9106270712,00;231894
WINFUT;19/02/2026;17:30:00;195836,22;196367,33;195800,48;196239,66;2,236939571E10;570279
WINFUT;19/02/2026;17:00:00;195769,84;195953,68;195545,14;195841,33;1,928780388E10;492679
WINFUT;19/02/2026;16:30:00;195994,54;196106,89;195621,74;195769,84;2,429662191E10;620358
WINFUT;19/02/2026;16:00:00;196091,56;196132,42;195826,01;195994,54;1,993387724E10;508625
WINFUT;19/02/2026;15:30:00;196081,35;196249,88;195912,83;196091,56;2,120603019E10;540785
WINFUT;19/02/2026;15:00:00;196152,85;196377,55;195974,11;196081,35;2,578137961E10;657157
WINFUT;19/02/2026;14:30:00;196546,07;196678,85;196101,78;196157,95;2,468078819E10;628433
WINFUT;19/02/2026;14:00:00;196265,20;196663,53;195953,68;196551,18;3,17062197E10;807497
WINFUT;19/02/2026;13:30:00;196346,91;196515,43;196030,28;196265,20;2,840850437E10;723616
WINFUT;19/02/2026;13:00:00;196392,87;196556,29;196229,45;196346,91;2,869336332E10;730571
WINFUT;19/02/2026;12:30:00;195805,58;196403,08;195744,30;196387,76;4,033479099E10;1028371
WINFUT;19/02/2026;12:00:00;194569,73;195866,87;194498,24;195805,58;5,900079083E10;1509791
WINFUT;19/02/2026;11:30:00;194150,97;194646,34;193701,57;194569,73;5,013789045E10;1291418
WINFUT;19/02/2026;11:00:00;194299,07;194355,25;193956,92;194156,08;3,550202071E10;914216
WINFUT;19/02/2026;10:30:00;194115,23;194871,04;194028,41;194304,18;4,990777536E10;1283649
WINFUT;19/02/2026;10:00:00;194651,44;194671,87;193747,54;194110,12;5,831000093E10;1501968
WINFUT;19/02/2026;09:30:00;194447,17;194779,11;194048,84;194651,44;4,456316521E10;1146349
WINFUT;19/02/2026;09:00:00;194533,99;194646,34;193762,86;194447,17;5,17468586E10;1331532
WINFUT;18/02/2026;18:00:00;193967,13;194253,11;193895,63;194237,79;9284918538,00;239173
WINFUT;18/02/2026;17:30:00;192925,34;194094,80;192915,12;193962,02;2,229367906E10;576065
WINFUT;18/02/2026;17:00:00;193109,18;193527,94;192889,59;192925,34;2,428775308E10;628565
WINFUT;18/02/2026;16:30:00;193007,05;193185,79;192812,99;193114,29;2,304159864E10;596903
WINFUT;18/02/2026;16:00:00;193497,30;193706,68;192920,23;193007,05;2,668979837E10;690684
WINFUT;18/02/2026;15:30:00;193773,07;193783,28;193216,43;193502,41;2,843430766E10;734805
WINFUT;18/02/2026;15:00:00;194248,00;194339,93;193338,99;193778,18;3,586999028E10;926023
WINFUT;18/02/2026;14:30:00;194646,34;194794,43;194186,72;194248,00;3,567529616E10;916892
WINFUT;18/02/2026;14:00:00;194033,52;194804,65;193584,12;194651,44;3,960819497E10;1020356
WINFUT;18/02/2026;13:30:00;194135,65;194549,31;193926,27;194033,52;3,697317432E10;951673
WINFUT;18/02/2026;13:00:00;194528,88;195790,26;193916,06;194135,65;6,170906405E10;1584494
WINFUT;13/02/2026;18:00:00;194186,11;194576,78;194029,85;194477,81;7681610563,00;197634
WINFUT;13/02/2026;17:30:00;193769,41;194342,38;193686,06;194191,32;1,15376573E10;297448
WINFUT;13/02/2026;17:00:00;193857,96;194160,07;193566,26;193769,41;1,537697161E10;396430
WINFUT;13/02/2026;16:30:00;193738,15;194279,87;193660,02;193857,96;2,379302367E10;613129
WINFUT;13/02/2026;16:00:00;194149,65;194269,46;193410,00;193732,94;2,875781174E10;741912
WINFUT;13/02/2026;15:30:00;194009,01;194394,47;193941,30;194149,65;2,785206371E10;717173
WINFUT;13/02/2026;15:00:00;194019,43;194134,03;193545,43;194003,80;2,656025067E10;684880
WINFUT;13/02/2026;14:30:00;193357,91;194149,65;193253,73;194019,43;3,113071775E10;803286
WINFUT;13/02/2026;14:00:00;193383,95;193628,77;193232,89;193363,12;2,226541778E10;575509
WINFUT;13/02/2026;13:30:00;193394,37;193717,32;193113,09;193383,95;2,826710903E10;730796
WINFUT;13/02/2026;13:00:00;192675,55;193425,62;192435,94;193394,37;3,106737682E10;805531
WINFUT;13/02/2026;12:30:00;192863,07;193545,43;192493,24;192670,34;4,145581095E10;1073848
WINFUT;13/02/2026;12:00:00;191727,54;192998,50;191659,82;192863,07;4,566298303E10;1188274
WINFUT;13/02/2026;11:30:00;192857,86;192962,03;191399,38;191727,54;7,163311463E10;1863905
WINFUT;13/02/2026;11:00:00;192941,20;193175,60;192654,71;192857,86;3,11129099E10;806500
WINFUT;13/02/2026;10:30:00;193066,21;194170,49;192529,70;192946,41;4,820162588E10;1247626
WINFUT;13/02/2026;10:00:00;193159,97;193253,73;192258,84;193066,21;5,966200889E10;1546729
WINFUT;13/02/2026;09:30:00;193196,43;193592,31;192769,31;193165,18;4,909773553E10;1270924
WINFUT;13/02/2026;09:00:00;195123,71;195373,73;193081,84;193191,22;5,860171356E10;1511780
WINFUT;12/02/2026;18:00:00;195977,96;195993,59;195608,13;195858,16;1,087367129E10;277679
WINFUT;12/02/2026;17:30:00;195967,54;196446,76;195832,11;195983,17;2,530901789E10;645337
WINFUT;12/02/2026;17:00:00;196040,47;196535,31;195878,99;195972,75;3,04631687E10;776512
WINFUT;12/02/2026;16:30:00;195738,35;196269,66;195628,97;196045,68;3,206538332E10;817960
WINFUT;12/02/2026;16:00:00;195712,31;196311,33;195623,76;195738,35;3,594750106E10;917155
WINFUT;12/02/2026;15:30:00;195097,66;195800,86;194988,28;195707,10;3,742889006E10;957480
WINFUT;12/02/2026;15:00:00;196399,88;196405,09;194936,19;195092,46;5,224879595E10;1335499
WINFUT;12/02/2026;14:30:00;196582,19;196905,14;196332,16;196399,88;3,24777631E10;825693
WINFUT;12/02/2026;14:00:00;196556,14;196962,43;196222,78;196576,98;4,090758935E10;1040594
WINFUT;12/02/2026;13:30:00;196373,83;197077,03;196290,49;196550,94;5,14406942E10;1307950
WINFUT;12/02/2026;13:00:00;197488,53;197592,71;196274,87;196373,83;5,405322029E10;1372567
WINFUT;12/02/2026;12:30:00;197712,51;197946,91;197467,69;197493,74;3,215539014E10;813332
WINFUT;12/02/2026;12:00:00;197483,32;198233,40;197426,02;197712,51;4,699276761E10;1187604
WINFUT;12/02/2026;11:30:00;197754,18;197806,27;197155,16;197478,11;5,537541582E10;1402181
WINFUT;12/02/2026;11:00:00;196863,47;198092,76;196827,00;197759,39;6,337498797E10;1604628
WINFUT;12/02/2026;10:30:00;197483,32;197754,18;196748,87;196868,68;5,654651795E10;1433193
WINFUT;12/02/2026;10:00:00;197035,36;197863,57;196952,02;197483,32;6,818032326E10;1727378
WINFUT;12/02/2026;09:30:00;197264,55;197311,43;196743,66;197030,15;4,837522685E10;1227811
WINFUT;12/02/2026;09:00:00;198707,40;199212,66;197071,82;197269,76;5,584375777E10;1412879
WINFUT;11/02/2026;18:00:00;198249,02;198301,11;197639,59;197811,48;1,210328146E10;305675
WINFUT;11/02/2026;17:30:00;198066,71;198519,88;198056,29;198249,02;2,213342332E10;558062
WINFUT;11/02/2026;17:00:00;198061,50;198181,31;197795,85;198071,92;2,232886559E10;563935
WINFUT;11/02/2026;16:30:00;198634,48;198634,48;197993,79;198061,50;2,287035211E10;576563
WINFUT;11/02/2026;16:00:00;197759,39;198665,73;197733,35;198639,69;3,280562546E10;827175
WINFUT;11/02/2026;15:30:00;197993,79;198014,62;197681,26;197754,18;2,922908442E10;738781
WINFUT;11/02/2026;15:00:00;198598,02;198618,85;197900,03;197988,58;3,556540087E10;897386
WINFUT;11/02/2026;14:30:00;198592,81;198780,32;198394,87;198598,02;2,655919594E10;668804
WINFUT;11/02/2026;14:00:00;198749,07;198926,17;198493,84;198592,81;3,308100358E10;832331
WINFUT;11/02/2026;13:30:00;198290,69;198931,38;198249,02;198749,07;3,806908978E10;958074
WINFUT;11/02/2026;13:00:00;197347,89;198514,67;197342,68;198290,69;4,95658664E10;1251741
WINFUT;11/02/2026;12:30:00;196530,10;197478,11;196358,21;197347,89;4,9110411E10;1246993
WINFUT;11/02/2026;12:00:00;197071,82;197222,88;196436,34;196530,10;4,660936659E10;1184571
WINFUT;11/02/2026;11:30:00;197436,44;197795,85;197019,73;197077,03;6,543040269E10;1657265
WINFUT;11/02/2026;11:00:00;196592,61;197509,36;196405,09;197436,44;5,468900431E10;1387151
WINFUT;11/02/2026;10:30:00;196410,30;196889,51;195712,31;196587,40;6,260273832E10;1593492
WINFUT;11/02/2026;10:00:00;196274,87;196545,73;195649,80;196431,13;5,30798026E10;1353727
WINFUT;11/02/2026;09:30:00;195576,88;196530,10;195462,28;196274,87;5,525124802E10;1408678
WINFUT;11/02/2026;09:00:00;194811,18;196389,46;194727,84;195576,88;6,475963887E10;1653549
WINFUT;10/02/2026;18:00:00;193998,60;194217,37;193946,51;194097,56;7134131195,00;183791
WINFUT;10/02/2026;17:30:00;194529,90;194717,42;193873,58;194003,80;2,021755568E10;520311
WINFUT;10/02/2026;17:00:00;193998,60;194660,12;193977,76;194535,11;2,854418192E10;734156
WINFUT;10/02/2026;16:30:00;193654,81;194024,64;193550,63;193998,60;2,57509451E10;664217
WINFUT;10/02/2026;16:00:00;193566,26;193717,32;193441,25;193654,81;1,941097425E10;501354
WINFUT;10/02/2026;15:30:00;193686,06;193738,15;193311,03;193566,26;2,977377126E10;769193
WINFUT;10/02/2026;15:00:00;194066,31;194139,24;193670,44;193680,86;2,712796437E10;699261
WINFUT;10/02/2026;14:30:00;194378,84;194436,14;194003,80;194071,52;2,22794676E10;573695
WINFUT;10/02/2026;14:00:00;194420,51;194524,69;194180,91;194373,63;2,415437793E10;621410
WINFUT;10/02/2026;13:30:00;194529,90;194722,63;194259,04;194420,51;2,88504957E10;741726
WINFUT;10/02/2026;13:00:00;194795,55;195014,32;194467,39;194529,90;3,523749321E10;904889
WINFUT;10/02/2026;12:30:00;195076,83;195175,80;194722,63;194790,34;3,841988046E10;985491
WINFUT;10/02/2026;12:00:00;194222,58;195128,92;194081,94;195071,62;5,020343739E10;1290385
WINFUT;10/02/2026;11:30:00;193988,18;194363,22;193581,89;194217,37;6,546460283E10;1687695
WINFUT;10/02/2026;11:00:00;193550,63;194321,55;193389,16;193988,18;5,799004474E10;1495456
WINFUT;10/02/2026;10:30:00;193613,14;193842,33;193206,85;193555,84;5,400345915E10;1395736
WINFUT;10/02/2026;10:00:00;193628,77;194165,28;193404,79;193607,93;6,044455056E10;1558828
WINFUT;10/02/2026;09:30:00;193873,58;194061,10;193290,19;193628,77;5,361995738E10;1383639
WINFUT;10/02/2026;09:00:00;193727,74;194576,78;193613,14;193873,58;5,241936579E10;1351659
WINFUT;09/02/2026;18:00:00;194613,24;194686,16;194441,35;194592,41;9882131673,00;253949
WINFUT;09/02/2026;17:30:00;194410,10;194873,68;194363,22;194618,45;1,884006397E10;484098
WINFUT;09/02/2026;17:00:00;194373,63;194826,80;194326,75;194415,30;2,640921516E10;678731
WINFUT;09/02/2026;16:30:00;194493,44;194555,94;194238,20;194373,63;2,324198544E10;597764
WINFUT;09/02/2026;16:00:00;194134,03;194524,69;193993,39;194498,65;2,604464328E10;670396
WINFUT;09/02/2026;15:30:00;193946,51;194170,49;193769,41;194134,03;2,779672111E10;716553
WINFUT;09/02/2026;15:00:00;193639,19;193993,39;193123,51;193946,51;4,344810673E10;1121613
WINFUT;09/02/2026;14:30:00;193519,38;193706,90;193347,49;193639,19;2,679571087E10;692192
WINFUT;09/02/2026;14:00:00;192967,24;193613,14;192915,15;193514,17;3,576780115E10;924943
WINFUT;09/02/2026;13:30:00;192165,08;193061,00;192128,62;192967,24;3,382906372E10;878087
WINFUT;09/02/2026;13:00:00;191821,29;192243,21;191675,45;192159,87;2,815834996E10;733468
WINFUT;09/02/2026;12:30:00;192175,50;192274,47;191779,62;191821,29;3,151144204E10;820601
WINFUT;09/02/2026;12:00:00;192279,67;192441,15;192024,44;192170,29;3,964297399E10;1031158
WINFUT;09/02/2026;11:30:00;191670,24;192795,35;191560,85;192284,88;7,057729563E10;1836635
WINFUT;09/02/2026;11:00:00;191519,18;191826,50;191461,88;191670,24;3,760231466E10;980953
WINFUT;09/02/2026;10:30:00;191628,57;191816,09;191253,53;191524,39;4,700622711E10;1227105
WINFUT;09/02/2026;10:00:00;192003,60;192154,66;191248,32;191628,57;6,525885797E10;1702210
WINFUT;09/02/2026;09:30:00;191894,22;192816,19;191644,19;192008,81;6,048928792E10;1573649
WINFUT;09/02/2026;09:00:00;191456,67;192050,48;191373,33;191899,43;5,346655143E10;1394503
WINFUT;06/02/2026;18:00:00;191274,36;191373,33;190810,78;191039,97;8713597933,00;227983
WINFUT;06/02/2026;17:30:00;191222,28;191597,31;190982,67;191269,16;1,916108563E10;500894
WINFUT;06/02/2026;17:00:00;190430,53;191409,80;190399,28;191222,28;2,588695343E10;677617
WINFUT;06/02/2026;16:30:00;190493,04;190633,68;190315,94;190430,53;1,831521345E10;480764
WINFUT;06/02/2026;16:00:00;190289,89;190649,30;190243,01;190487,83;1,811068209E10;475380
WINFUT;06/02/2026;15:30:00;190295,10;190461,78;190133,63;190284,68;2,466900753E10;648118
WINFUT;06/02/2026;15:00:00;190774,31;190805,57;189888,81;190289,89;3,837830297E10;1007865
WINFUT;06/02/2026;14:30:00;190961,83;191102,47;190696,18;190774,31;2,332857305E10;611027
WINFUT;06/02/2026;14:00:00;191092,05;191185,81;190675,35;190961,83;2,942411156E10;770418
WINFUT;06/02/2026;13:30:00;190711,81;191201,44;190675,35;191097,26;2,732571832E10;715357
WINFUT;06/02/2026;13:00:00;190175,30;190987,88;190060,70;190711,81;3,385018401E10;888103
WINFUT;06/02/2026;12:30:00;190352,40;190581,59;190039,87;190170,09;3,220941428E10;846331
WINFUT;06/02/2026;12:00:00;189966,94;190519,08;189524,19;190347,19;4,663700939E10;1226815
WINFUT;06/02/2026;11:30:00;190779,52;191008,71;189701,29;189972,15;6,87795227E10;1806000
WINFUT;06/02/2026;11:00:00;190013,82;190967,04;190013,82;190774,31;5,822795543E10;1527506
WINFUT;06/02/2026;10:30:00;190050,28;190274,26;189862,77;190019,03;4,660457712E10;1225962
WINFUT;06/02/2026;10:00:00;190404,49;190680,56;189831,51;190045,08;6,270003983E10;1646953
WINFUT;06/02/2026;09:30:00;190633,68;191019,13;190373,23;190404,49;5,350827776E10;1403251
WINFUT;06/02/2026;09:00:00;191540,02;192373,43;190362,82;190638,88;6,576714075E10;1719221
WINFUT;05/02/2026;18:00:00;190451,37;190753,48;190310,73;190623,26;9988548931,00;262135
WINFUT;05/02/2026;17:30:00;190269,06;190623,26;190003,40;190451,37;2,38604812E10;626987
WINFUT;05/02/2026;17:00:00;191316,04;191467,09;190211,76;190274,26;2,832204991E10;741548
WINFUT;05/02/2026;16:30:00;191732,74;191737,95;190894,12;191310,83;2,652934182E10;693491
WINFUT;05/02/2026;16:00:00;191456,67;191816,09;191316,04;191732,74;2,264613868E10;590916
WINFUT;05/02/2026;15:30:00;191727,54;191805,67;191201,44;191451,47;2,603062756E10;679664
WINFUT;05/02/2026;15:00:00;191540,02;191737,95;191430,63;191727,54;2,374504041E10;619726
WINFUT;05/02/2026;14:30:00;191592,11;191920,26;191425,42;191545,23;3,393613661E10;885454
WINFUT;05/02/2026;14:00:00;191404,59;191758,79;190826,40;191597,31;3,704435298E10;968548
WINFUT;05/02/2026;13:30:00;191253,53;191482,72;191076,43;191404,59;3,261606464E10;852604
WINFUT;05/02/2026;13:00:00;191154,56;191508,76;190810,78;191253,53;4,374189109E10;1144059
WINFUT;05/02/2026;12:30:00;190581,59;191217,07;189690,87;191159,77;5,798358054E10;1520767
WINFUT;05/02/2026;12:00:00;191540,02;191842,13;190409,69;190576,38;5,535716875E10;1449445
WINFUT;05/02/2026;11:30:00;191274,36;192592,21;190894,12;191540,02;8,384938625E10;2185938
WINFUT;05/02/2026;11:00:00;190857,66;191810,88;190852,45;191269,16;6,030645621E10;1575793
WINFUT;05/02/2026;10:30:00;190727,44;191279,57;190717,02;190862,87;5,18568332E10;1357807
WINFUT;05/02/2026;10:00:00;190352,40;191383,75;190201,34;190727,44;5,867416983E10;1538396
WINFUT;05/02/2026;09:30:00;190326,35;190847,24;189831,51;190352,40;5,898863135E10;1550002
WINFUT;05/02/2026;09:00:00;189987,78;190633,68;189628,37;190326,35;5,745911942E10;1510194
WINFUT;04/02/2026;18:00:00;189560,65;190154,46;189550,23;190003,40;1,238200005E10;325905
WINFUT;04/02/2026;17:30:00;189664,83;190019,03;189295,00;189560,65;2,29061959E10;603863
WINFUT;04/02/2026;17:00:00;189331,46;189888,81;189305,42;189659,62;3,093478067E10;815659
WINFUT;04/02/2026;16:30:00;188784,53;189420,01;188711,61;189326,25;3,081362256E10;814903
WINFUT;04/02/2026;16:00:00;188768,91;189086,65;188492,84;188784,53;3,355893445E10;888842
WINFUT;04/02/2026;15:30:00;189430,43;189440,85;188602,22;188758,49;3,378679922E10;893899
WINFUT;04/02/2026;15:00:00;189326,25;189477,31;188961,63;189425,22;3,372971979E10;891214
WINFUT;04/02/2026;14:30:00;189633,58;189795,05;188946,01;189321,04;4,45588154E10;1176869
WINFUT;04/02/2026;14:00:00;190237,80;190274,26;189420,01;189628,37;3,453986308E10;909299
WINFUT;04/02/2026;13:30:00;190357,61;190508,66;189690,87;190237,80;3,638938033E10;957089
WINFUT;04/02/2026;13:00:00;190967,04;191029,55;190227,39;190357,61;3,649568078E10;957457
WINFUT;04/02/2026;12:30:00;191774,42;191868,17;190935,79;190967,04;3,846573142E10;1004740
WINFUT;04/02/2026;12:00:00;191243,11;192055,69;191149,35;191779,62;4,262738416E10;1112286
WINFUT;04/02/2026;11:30:00;192201,54;192284,88;191144,14;191243,11;6,228236723E10;1625007
WINFUT;04/02/2026;11:00:00;192441,15;192514,07;191737,95;192206,75;6,081590162E10;1582271
WINFUT;04/02/2026;10:30:00;192967,24;193071,42;192425,52;192435,94;4,937314797E10;1280291
WINFUT;04/02/2026;10:00:00;192909,95;193436,04;192633,88;192972,45;6,392886159E10;1656188
WINFUT;04/02/2026;09:30:00;193087,05;193581,89;192826,60;192915,15;5,953722596E10;1541149
WINFUT;04/02/2026;09:00:00;194998,70;195264,35;193014,12;193092,26;6,750863932E10;1742504
WINFUT;03/02/2026;18:00:00;194425,72;194493,44;194055,89;194253,83;8969679018,00;230859
WINFUT;03/02/2026;17:30:00;193982,97;194639,29;193967,34;194425,72;1,596795569E10;410734
WINFUT;03/02/2026;17:00:00;193811,08;194160,07;193644,39;193977,76;2,401444624E10;619126
WINFUT;03/02/2026;16:30:00;193936,09;194264,25;193337,07;193811,08;3,948512722E10;1018315
WINFUT;03/02/2026;16:00:00;193602,72;194212,16;193321,44;193930,88;3,775044897E10;973916
WINFUT;03/02/2026;15:30:00;193472,50;193826,70;193451,67;193607,93;2,758434969E10;712397
WINFUT;03/02/2026;15:00:00;194009,01;194076,73;193456,88;193472,50;3,400996428E10;877713
WINFUT;03/02/2026;14:30:00;194217,37;194326,75;193607,93;194009,01;3,905099877E10;1006505
WINFUT;03/02/2026;14:00:00;194654,91;194707,00;194092,36;194212,16;4,26251133E10;1096545
WINFUT;03/02/2026;13:30:00;194821,60;195154,96;194608,03;194660,12;2,984951757E10;765564
WINFUT;03/02/2026;13:00:00;195175,80;195248,72;194785,13;194821,60;2,956783703E10;757849
WINFUT;03/02/2026;12:30:00;195144,54;195337,27;194852,85;195170,59;3,526514554E10;903610
WINFUT;03/02/2026;12:00:00;195576,88;195660,22;194889,31;195139,34;5,846635083E10;1496933
WINFUT;03/02/2026;11:30:00;195170,59;196181,11;195071,62;195576,88;7,320637866E10;1870153
WINFUT;03/02/2026;11:00:00;194925,77;195457,08;194759,09;195175,80;5,928172278E10;1518638
WINFUT;03/02/2026;10:30:00;193774,62;194930,98;193607,93;194920,56;6,29756942E10;1621000
WINFUT;03/02/2026;10:00:00;193597,51;194050,68;192889,11;193779,82;7,157391184E10;1848880
WINFUT;03/02/2026;09:30:00;192998,50;193936,09;192956,83;193602,72;5,609308772E10;1449281
WINFUT;03/02/2026;09:00:00;192206,75;193774,62;192196,33;192998,50;6,674382485E10;1729615
WINFUT;02/02/2026;18:00:00;191540,02;191748,37;191279,57;191326,45;1,067480545E10;278707
WINFUT;02/02/2026;17:30:00;190993,09;191654,61;190920,16;191540,02;2,129630113E10;556643
WINFUT;02/02/2026;17:00:00;190466,99;191034,76;190347,19;190998,30;2,397273788E10;628549
WINFUT;02/02/2026;16:30:00;190284,68;190685,76;190185,71;190461,78;2,23457919E10;586715
WINFUT;02/02/2026;16:00:00;190565,96;190602,42;190216,97;190284,68;2,244381104E10;589320
WINFUT;02/02/2026;15:30:00;190690,97;190800,36;190508,66;190565,96;1,775653662E10;465666
WINFUT;02/02/2026;15:00:00;191092,05;191107,68;190555,54;190685,76;2,476722274E10;649229
WINFUT;02/02/2026;14:30:00;191107,68;191326,45;190795,15;191092,05;2,676403521E10;700397
WINFUT;02/02/2026;14:00:00;191149,35;191248,32;190925,37;191102,47;2,442968839E10;639278
WINFUT;02/02/2026;13:30:00;190774,31;191274,36;190717,02;191149,35;2,90307487E10;759819
WINFUT;02/02/2026;13:00:00;190430,53;190836,82;190097,16;190779,52;3,381708842E10;887464
WINFUT;02/02/2026;12:30:00;190576,38;190909,75;190368,02;190430,53;2,961159009E10;776782
WINFUT;02/02/2026;12:00:00;190196,13;191024,34;189930,48;190581,59;4,754705808E10;1247596
WINFUT;02/02/2026;11:30:00;190185,71;191071,22;190013,82;190190,92;6,007399939E10;1575921
WINFUT;02/02/2026;11:00:00;191383,75;191612,94;190149,25;190180,51;5,48768505E10;1436829
WINFUT;02/02/2026;10:30:00;191019,13;191571,27;190899,33;191378,54;4,96948879E10;1298955
WINFUT;02/02/2026;10:00:00;190685,76;191066,01;189982,57;191019,13;6,304719546E10;1655433
WINFUT;02/02/2026;09:30:00;190440,95;190758,69;190086,75;190685,76;4,499154987E10;1181209
WINFUT;02/02/2026;09:00:00;188373,03;190482,62;188373,03;190435,74;4,99651415E10;1315528
WINFUT;30/01/2026;18:00:00;189909,64;190326,35;189711,71;190326,35;9906684156,00;260708
WINFUT;30/01/2026;17:30:00;189534,61;190019,03;189425,22;189909,64;2,117835336E10;558104
WINFUT;30/01/2026;17:00:00;190086,75;190383,65;189159,57;189539,82;3,259487155E10;859304
WINFUT;30/01/2026;16:30:00;190289,89;190404,49;189758,59;190086,75;3,550314246E10;934057
WINFUT;30/01/2026;16:00:00;190050,28;190592,00;189966,94;190289,89;4,0731325E10;1070284
WINFUT;30/01/2026;15:30:00;189258,54;190243,01;188669,94;190045,08;4,621440955E10;1220863
WINFUT;30/01/2026;15:00:00;189998,20;189998,20;188628,27;189258,54;5,22178178E10;1378373
WINFUT;30/01/2026;14:30:00;190315,94;190737,85;189899,23;189998,20;3,756695291E10;986965
WINFUT;30/01/2026;14:00:00;191092,05;191133,73;190065,91;190315,94;5,54900364E10;1456804
WINFUT;30/01/2026;13:30:00;191316,04;191524,39;190935,79;191092,05;3,437856389E10;898795
WINFUT;30/01/2026;13:00:00;191800,46;191800,46;191071,22;191316,04;4,636297148E10;1211124
WINFUT;30/01/2026;12:30:00;191638,98;192482,82;191571,27;191800,46;4,262783262E10;1109688
WINFUT;30/01/2026;12:00:00;191550,43;192139,03;191331,66;191644,19;4,514769898E10;1177151
WINFUT;30/01/2026;11:30:00;191628,57;192112,99;191284,78;191545,23;5,608773576E10;1462845
WINFUT;30/01/2026;11:00:00;191508,76;191748,37;191316,04;191628,57;4,124846346E10;1076810
WINFUT;30/01/2026;10:30:00;192024,44;192149,45;191222,28;191508,76;5,285145552E10;1379061
WINFUT;30/01/2026;10:00:00;191112,89;192300,51;190873,28;192029,65;6,495610811E10;1695737
WINFUT;30/01/2026;09:30:00;191691,07;191899,43;190550,33;191107,68;5,713254444E10;1493342
WINFUT;30/01/2026;09:00:00;190852,45;191831,71;190425,32;191685,86;6,119626896E10;1600340
WINFUT;29/01/2026;18:00:00;192008,81;192206,75;191810,88;191935,89;8674770268,00;225901
WINFUT;29/01/2026;17:30:00;192336,97;192623,46;191946,31;192008,81;2,075870992E10;539824
WINFUT;29/01/2026;17:00:00;191883,80;192529,70;191862,97;192331,76;2,022388656E10;525881
WINFUT;29/01/2026;16:30:00;192441,15;192446,36;191842,13;191889,01;2,343269188E10;609714
WINFUT;29/01/2026;16:00:00;191826,50;192701,59;191722,33;192441,15;2,945139499E10;766155
WINFUT;29/01/2026;15:30:00;191982,77;192185,91;191732,74;191816,09;2,391945812E10;623099
WINFUT;29/01/2026;15:00:00;191816,09;192284,88;191435,84;191982,77;2,984774759E10;777566
WINFUT;29/01/2026;14:30:00;192389,06;192805,77;191644,19;191816,09;3,283373999E10;854320
WINFUT;29/01/2026;14:00:00;191279,57;192493,24;191248,32;192389,06;3,314190551E10;863623
WINFUT;29/01/2026;13:30:00;191508,76;191753,58;191024,34;191279,57;2,717177273E10;709936
WINFUT;29/01/2026;13:00:00;190586,80;191774,42;190524,29;191513,97;4,040453672E10;1056346
WINFUT;29/01/2026;12:30:00;191930,68;192305,72;190274,26;190586,80;5,329021414E10;1392448
WINFUT;29/01/2026;12:00:00;193154,76;193628,77;191810,88;191935,89;6,779772988E10;1758620
WINFUT;29/01/2026;11:30:00;194800,76;195358,11;193066,21;193159,97;7,833313179E10;2014312
WINFUT;29/01/2026;11:00:00;195139,34;195253,93;194602,82;194795,55;5,479642609E10;1405631
WINFUT;29/01/2026;10:30:00;194972,65;195686,27;194805,97;195134,13;5,40280421E10;1384338
WINFUT;29/01/2026;10:00:00;195701,89;195806,07;194514,27;194972,65;7,556178796E10;1937605
WINFUT;29/01/2026;09:30:00;195123,71;195712,31;194910,15;195696,68;5,540603001E10;1418261
WINFUT;29/01/2026;09:00:00;195540,42;196665,53;195102,87;195123,71;5,558798838E10;1418907
WINFUT;28/01/2026;18:00:00;193821,50;194081,94;193581,89;194081,94;1,145682844E10;295464
WINFUT;28/01/2026;17:30:00;193061,00;193982,97;192915,15;193816,29;2,733647167E10;706528
WINFUT;28/01/2026;17:00:00;192352,60;193274,57;192347,39;193061,00;3,048148919E10;790083
WINFUT;28/01/2026;16:30:00;192071,32;192935,99;191784,83;192357,81;3,708943673E10;964063
WINFUT;28/01/2026;16:00:00;192066,11;192482,82;191373,33;192066,11;3,577922106E10;931776
WINFUT;28/01/2026;15:30:00;192597,41;192633,88;191519,18;192060,90;2,949181748E10;767052
WINFUT;28/01/2026;15:00:00;192534,91;192675,55;192222,38;192602,62;2,323380908E10;603494
WINFUT;28/01/2026;14:30:00;192342,18;192873,48;192274,47;192540,12;2,838184283E10;736973
WINFUT;28/01/2026;14:00:00;192842,23;192988,08;192222,38;192342,18;3,554985718E10;922983
WINFUT;28/01/2026;13:30:00;193029,75;193118,30;192581,79;192847,44;2,697721732E10;699400
WINFUT;28/01/2026;13:00:00;192670,34;193165,18;192566,16;193024,54;3,12607619E10;810260
WINFUT;28/01/2026;12:30:00;192524,49;193003,70;192258,84;192675,55;3,975749989E10;1032083
WINFUT;28/01/2026;12:00:00;193712,11;193972,55;192456,78;192519,28;5,487274611E10;1420547
WINFUT;28/01/2026;11:30:00;193243,31;194248,62;192654,71;193712,11;6,852594197E10;1770990
WINFUT;28/01/2026;11:00:00;193284,98;193597,51;192712,01;193238,10;5,760728704E10;1491000
WINFUT;28/01/2026;10:30:00;193159,97;193660,02;193003,70;193284,98;5,816539053E10;1504182
WINFUT;28/01/2026;10:00:00;191967,14;193175,60;191618,15;193154,76;7,351339258E10;1911778
WINFUT;28/01/2026;09:30:00;191628,57;192081,74;191237,90;191972,35;5,095137151E10;1328919
WINFUT;28/01/2026;09:00:00;192086,95;192269,26;191138,93;191633,78;5,494827151E10;1433869
WINFUT;27/01/2026;18:00:00;191164,98;191237,90;190368,02;190743,06;1,31333112E10;344205
WINFUT;27/01/2026;17:30:00;191107,68;191519,18;191013,92;191164,98;2,393054568E10;625633
WINFUT;27/01/2026;17:00:00;191076,43;191915,05;191071,22;191102,47;2,951400527E10;770602
WINFUT;27/01/2026;16:30:00;191149,35;191217,07;190894,12;191076,43;1,770582574E10;463396
WINFUT;27/01/2026;16:00:00;191024,34;191321,24;190972,25;191149,35;2,139092125E10;559477
WINFUT;27/01/2026;15:30:00;191362,92;191425,42;190888,91;191019,13;2,225179086E10;581971
WINFUT;27/01/2026;15:00:00;191180,61;191498,35;190685,76;191362,92;3,497464519E10;914912
WINFUT;27/01/2026;14:30:00;191779,62;191883,80;191164,98;191185,81;2,926677915E10;763804
WINFUT;27/01/2026;14:00:00;192352,60;192467,19;191743,16;191779,62;3,159552084E10;822715
WINFUT;27/01/2026;13:30:00;191987,98;192503,65;191972,35;192352,60;3,502399831E10;910708
WINFUT;27/01/2026;13:00:00;191623,36;192050,48;191529,60;191982,77;3,524923862E10;918995
WINFUT;27/01/2026;12:30:00;191722,33;191904,64;191430,63;191623,36;3,16091E10;824506
WINFUT;27/01/2026;12:00:00;191618,15;192201,54;191461,88;191722,33;4,782552604E10;1246808
WINFUT;27/01/2026;11:30:00;191487,93;191883,80;191112,89;191612,94;5,782872131E10;1509683
WINFUT;27/01/2026;11:00:00;190925,37;191956,72;190847,24;191493,14;5,989251935E10;1564479
WINFUT;27/01/2026;10:30:00;189925,27;190993,09;189852,35;190925,37;6,595290512E10;1730855
WINFUT;27/01/2026;10:00:00;189935,69;190425,32;189472,10;189925,27;7,13789622E10;1878977
WINFUT;27/01/2026;09:30:00;189524,19;190529,50;189503,35;189930,48;5,73029758E10;1507250
WINFUT;27/01/2026;09:00:00;188935,59;189831,51;188841,83;189529,40;6,625886224E10;1750003
WINFUT;26/01/2026;18:00:00;187857,36;187872,98;187253,13;187258,34;1,19594861E10;318879
WINFUT;26/01/2026;17:30:00;187628,17;188060,50;187612,54;187867,77;1,91543168E10;509788
WINFUT;26/01/2026;17:00:00;187258,34;187810,48;187232,29;187628,17;2,344145064E10;624939
WINFUT;26/01/2026;16:30:00;187331,26;187398,98;187034,36;187258,34;2,028921019E10;541956
WINFUT;26/01/2026;16:00:00;187466,69;187482,32;186747,87;187336,47;3,39218459E10;906687
WINFUT;26/01/2026;15:30:00;187273,96;187763,60;187206,25;187466,69;2,416178687E10;644345
WINFUT;26/01/2026;15:00:00;187362,51;187451,07;187060,40;187279,17;1,95024003E10;520734
WINFUT;26/01/2026;14:30:00;187607,33;188326,15;187242,71;187367,72;3,85581474E10;1026324
WINFUT;26/01/2026;14:00:00;187284,38;187638,58;187232,29;187602,12;2,170070535E10;578823
WINFUT;26/01/2026;13:30:00;187133,33;187560,45;186862,46;187284,38;2,430317067E10;649354
WINFUT;26/01/2026;13:00:00;187576,08;187716,72;186997,89;187128,12;2,403145155E10;641462
WINFUT;26/01/2026;12:30:00;187435,44;187867,77;187107,28;187576,08;3,045194882E10;812253
WINFUT;26/01/2026;12:00:00;187581,29;188044,87;187029,15;187430,23;3,653571129E10;974156
WINFUT;26/01/2026;11:30:00;187029,15;189175,20;186799,96;187576,08;5,772165592E10;1537307
WINFUT;26/01/2026;11:00:00;186940,60;187159,37;186617,65;187029,15;4,937513137E10;1320996
WINFUT;26/01/2026;10:30:00;187878,19;188024,04;186727,03;186945,81;6,958887831E10;1856353
WINFUT;26/01/2026;10:00:00;188862,67;188893,92;187586,50;187888,61;7,177009024E10;1907403
WINFUT;26/01/2026;09:30:00;189409,59;189430,43;188279,27;188862,67;6,734615845E10;1784157
WINFUT;26/01/2026;09:00:00;188664,73;191045,18;188664,73;189404,39;7,053889149E10;1858516
WINFUT;23/01/2026;18:00:00;188055,29;188315,74;187622,96;188164,68;1,175470319E10;312558
WINFUT;23/01/2026;17:30:00;189404,39;189430,43;187664,63;188055,29;3,480481591E10;922569
WINFUT;23/01/2026;17:00:00;187164,58;189862,77;187055,19;189409,59;5,378506881E10;1426877
WINFUT;23/01/2026;16:30:00;187018,73;187451,07;187003,10;187164,58;2,562256857E10;684262
WINFUT;23/01/2026;16:00:00;186591,60;187201,04;186518,68;187023,94;2,791067608E10;746744
WINFUT;23/01/2026;15:30:00;186279,07;186695,78;186237,40;186596,81;2,671457212E10;716293
WINFUT;23/01/2026;15:00:00;185867,57;186393,67;185617,55;186273,86;3,274412964E10;880740
WINFUT;23/01/2026;14:30:00;186221,78;186378,04;185758,19;185867,57;2,972591803E10;798907
WINFUT;23/01/2026;14:00:00;186232,19;186325,95;185851,95;186216,57;3,140638064E10;843891
WINFUT;23/01/2026;13:30:00;186294,70;186477,01;186174,90;186226,98;2,219655181E10;595716
WINFUT;23/01/2026;13:00:00;186430,13;186674,95;186154,06;186294,70;2,96509717E10;795525
WINFUT;23/01/2026;12:30:00;186393,67;186862,46;185810,28;186435,34;4,986107686E10;1338402
WINFUT;23/01/2026;12:00:00;185133,12;186477,01;185028,95;186398,88;5,618088986E10;1512688
WINFUT;23/01/2026;11:30:00;185190,42;185247,72;184617,45;185138,33;5,179326891E10;1400011
WINFUT;23/01/2026;11:00:00;185206,05;185497,74;184580,99;185195,63;5,367916803E10;1450277
WINFUT;23/01/2026;10:30:00;185617,55;185690,47;185075,83;185206,05;4,57989667E10;1235085
WINFUT;23/01/2026;10:00:00;185435,24;185825,90;185065,41;185617,55;6,144037305E10;1656256
WINFUT;23/01/2026;09:30:00;185377,94;185638,38;185190,42;185430,03;3,745118317E10;1010011
WINFUT;23/01/2026;09:00:00;185966,54;186466,59;184966,44;185377,94;6,879643487E10;1852855
WINFUT;22/01/2026;18:00:00;184674,75;184997,69;184445,56;184768,51;8333317907,00;225512
WINFUT;22/01/2026;17:30:00;184513,27;185101,87;184429,93;184669,54;1,806881004E10;488980
WINFUT;22/01/2026;17:00:00;184674,75;184674,75;184200,74;184518,48;2,367591475E10;641889
WINFUT;22/01/2026;16:30:00;185039,37;185310,23;184560,15;184674,75;2,517513104E10;680787
WINFUT;22/01/2026;16:00:00;185034,16;185216,47;184403,89;185039,37;2,575356891E10;696530
WINFUT;22/01/2026;15:30:00;185320,64;185351,90;184862,26;185039,37;2,537678766E10;685472
WINFUT;22/01/2026;15:00:00;185310,23;186164,48;185263,35;185320,64;3,024646787E10;814596
WINFUT;22/01/2026;14:30:00;185388,36;185935,29;185174,80;185315,43;3,515152822E10;947056
WINFUT;22/01/2026;14:00:00;185799,86;186034,26;184758,09;185388,36;4,015152219E10;1082866
WINFUT;22/01/2026;13:30:00;185997,79;186185,31;185403,99;185794,65;3,372283218E10;907672
WINFUT;22/01/2026;13:00:00;185961,33;186362,41;185555,04;185997,79;3,617715078E10;972764
WINFUT;22/01/2026;12:30:00;185393,57;187216,67;185226,88;185956,12;6,192408886E10;1664348
WINFUT;22/01/2026;12:00:00;183862,16;185633,17;183632,97;185398,78;5,642364986E10;1530080
WINFUT;22/01/2026;11:30:00;183742,36;184122,61;183336,07;183862,16;6,340956196E10;1725198
WINFUT;22/01/2026;11:00:00;181872,38;184205,95;181835,92;183747,57;8,156997401E10;2228583
WINFUT;22/01/2026;10:30:00;181903,63;182039,06;181533,81;181872,38;4,905294936E10;1348764
WINFUT;22/01/2026;10:00:00;181773,41;182143,24;181341,08;181898,43;6,503970585E10;1788947
WINFUT;22/01/2026;09:30:00;181372,33;181945,31;181288,99;181773,41;5,093019866E10;1401827
WINFUT;22/01/2026;09:00:00;181038,96;181695,28;180591,00;181372,33;7,200994156E10;1986232
WINFUT;21/01/2026;18:00:00;181085,84;181106,68;180653,51;180856,65;1,192023E10;329581
WINFUT;21/01/2026;17:30:00;180533,71;181226,48;180429,53;181085,84;2,402089563E10;664370
WINFUT;21/01/2026;17:00:00;180434,74;180726,43;180309,73;180533,71;3,082850373E10;853860
WINFUT;21/01/2026;16:30:00;179913,85;180486,83;179684,66;180434,74;4,176344344E10;1159803
WINFUT;21/01/2026;16:00:00;179653,41;180018,03;179439,85;179913,85;3,335129509E10;928416
WINFUT;21/01/2026;15:30:00;179168,99;179736,75;179158,57;179648,20;3,765835913E10;1049222
WINFUT;21/01/2026;15:00:00;178767,90;179267,95;178674,14;179174,19;3,347848594E10;935367
WINFUT;21/01/2026;14:30:00;178642,89;178892,92;178429,33;178773,11;2,849692103E10;797475
WINFUT;21/01/2026;14:00:00;178814,78;178934,59;178611,64;178642,89;2,033789772E10;568828
WINFUT;21/01/2026;13:30:00;178872,08;178991,88;178710,61;178814,78;3,10365094E10;867727
WINFUT;21/01/2026;13:00:00;178538,71;178924,17;178517,88;178872,08;3,702481349E10;1035879
WINFUT;21/01/2026;12:30:00;178231,39;178596,01;178080,34;178538,71;3,233908158E10;907045
WINFUT;21/01/2026;12:00:00;178356,40;178569,97;178106,38;178231,39;4,054326005E10;1136492
WINFUT;21/01/2026;11:30:00;177684,46;178653,31;177648,00;178356,40;6,537085912E10;1833541
WINFUT;21/01/2026;11:00:00;177580,29;178033,46;177481,32;177684,46;5,620191668E10;1580990
WINFUT;21/01/2026;10:30:00;177444,85;177674,04;176996,89;177580,29;5,756632445E10;1623319
WINFUT;21/01/2026;10:00:00;176804,17;177543,82;176804,17;177450,06;6,247204047E10;1762805
WINFUT;21/01/2026;09:30:00;176403,08;176923,97;176184,31;176809,37;4,362286652E10;1235438
WINFUT;21/01/2026;09:00:00;174803,97;176481,22;174803,97;176408,29;6,841886693E10;1943759
WINFUT;20/01/2026;18:00:00;174824,80;174887,31;174673,74;174699,79;7369354299,00;210818
WINFUT;20/01/2026;17:30:00;174533,10;174892,52;174507,06;174824,80;1,31907219E10;377477
WINFUT;20/01/2026;17:00:00;174564,36;174616,45;174408,09;174538,31;1,418158257E10;406313
WINFUT;20/01/2026;16:30:00;174434,14;174637,28;174329,96;174564,36;1,703300805E10;488038
WINFUT;20/01/2026;16:00:00;174314,33;174460,18;174251,83;174439,35;1,673169184E10;479852
WINFUT;20/01/2026;15:30:00;174564,36;174715,41;174194,53;174309,12;2,276818895E10;652448
WINFUT;20/01/2026;15:00:00;174673,74;174725,83;174423,72;174564,36;1,812389468E10;519028
WINFUT;20/01/2026;14:30:00;174803,97;174809,17;174501,85;174673,74;2,120809073E10;607159
WINFUT;20/01/2026;14:00:00;174928,98;175080,03;174783,13;174798,76;2,101483246E10;600609
WINFUT;20/01/2026;13:30:00;174949,81;175100,87;174715,41;174928,98;2,153118493E10;615514
WINFUT;20/01/2026;13:00:00;174798,76;175074,83;174731,04;174944,60;2,650957168E10;757725
WINFUT;20/01/2026;12:30:00;174507,06;174850,85;174413,30;174793,55;3,321536039E10;950768
WINFUT;20/01/2026;12:00:00;174199,74;174548,73;173730,94;174507,06;4,485328845E10;1288171
WINFUT;20/01/2026;11:30:00;172991,28;174694,58;172980,87;174204,95;7,907595965E10;2271256
WINFUT;20/01/2026;11:00:00;172756,89;173298,61;172605,83;172991,28;4,882358198E10;1411411
WINFUT;20/01/2026;10:30:00;172543,32;172949,61;171902,63;172751,68;6,181663968E10;1791757
WINFUT;20/01/2026;10:00:00;172668,33;173126,71;172277,67;172543,32;6,792668141E10;1967370
WINFUT;20/01/2026;09:30:00;171860,96;172772,51;171782,83;172668,33;5,869925821E10;1703947
WINFUT;20/01/2026;09:00:00;172725,63;173048,58;171798,46;171860,96;6,689894358E10;1940748
WINFUT;19/01/2026;18:00:00;173444,45;173548,63;173392,37;173480,92;5484477428,00;158077
WINFUT;19/01/2026;17:30:00;173428,83;173517,38;173366,32;173449,66;7559681765,00;217942
WINFUT;19/01/2026;17:00:00;173204,85;173465,29;173184,01;173423,62;8652739265,00;249613
WINFUT;19/01/2026;16:30:00;173361,11;173376,74;173163,18;173204,85;6443159136,00;185927
WINFUT;19/01/2026;16:00:00;173350,69;173402,78;173288,19;173361,11;6184928027,00;178409
WINFUT;19/01/2026;15:30:00;173309,02;173392,37;173262,14;173350,69;7592741420,00;219030
WINFUT;19/01/2026;15:00:00;173397,57;173454,87;173267,35;173303,82;1,013367835E10;292249
WINFUT;19/01/2026;14:30:00;173397,57;173423,62;173105,88;173397,57;1,766314204E10;509646
WINFUT;19/01/2026;14:00:00;173517,38;173595,51;173371,53;173402,78;1,251197308E10;360574
WINFUT;19/01/2026;13:30:00;173579,88;173663,23;173366,32;173517,38;1,730595739E10;498694
WINFUT;19/01/2026;13:00:00;173366,32;173824,70;173355,90;173574,68;2,632272692E10;758105
WINFUT;19/01/2026;12:30:00;173225,68;173434,04;173178,80;173361,11;1,710366232E10;493405
WINFUT;19/01/2026;12:00:00;173402,78;173506,96;173079,83;173225,68;2,445208989E10;705558
WINFUT;19/01/2026;11:30:00;173001,70;173475,71;172965,24;173407,99;3,175524349E10;916414
WINFUT;19/01/2026;11:00:00;173204,85;173402,78;172855,85;173001,70;3,221860358E10;930511
WINFUT;19/01/2026;10:30:00;173012,12;173418,41;172928,78;173204,85;3,511453609E10;1014031
WINFUT;19/01/2026;10:00:00;173345,49;173710,11;172835,02;173012,12;4,602716099E10;1327860
WINFUT;19/01/2026;09:30:00;173152,76;173506,96;172960,03;173350,69;2,484468497E10;717130
WINFUT;19/01/2026;09:00:00;172704,80;173241,31;172517,28;173147,55;3,984353894E10;1152145
WINFUT;16/01/2026;18:00:00;173163,18;173506,96;173147,55;173475,71;8381719243,00;241786
WINFUT;16/01/2026;17:30:00;173340,28;173376,74;173079,83;173163,18;1,149322368E10;331778
WINFUT;16/01/2026;17:00:00;173309,02;173475,71;173288,19;173340,28;1,100207104E10;317299
WINFUT;16/01/2026;16:30:00;173309,02;173381,95;173225,68;173303,82;1,14843758E10;331334
WINFUT;16/01/2026;16:00:00;173303,82;173355,90;173210,06;173309,02;1,208420462E10;348660
WINFUT;16/01/2026;15:30:00;173329,86;173381,95;173178,80;173309,02;1,772516116E10;511440
WINFUT;16/01/2026;15:00:00;173163,18;173350,69;173131,92;173324,65;1,210536581E10;349360
WINFUT;16/01/2026;14:30:00;173189,22;173251,73;173100,67;173157,97;1,36664851E10;394571
WINFUT;16/01/2026;14:00:00;173178,80;173298,61;173017,33;173184,01;2,000588814E10;577636
WINFUT;16/01/2026;13:30:00;173236,10;173418,41;173116,30;173173,59;1,998941444E10;576829
WINFUT;16/01/2026;13:00:00;172918,36;173277,77;172850,64;173241,31;2,048051295E10;591690
WINFUT;16/01/2026;12:30:00;173199,64;173210,06;172730,84;172918,36;3,87412082E10;1119953
WINFUT;16/01/2026;12:00:00;173491,33;173626,76;173095,46;173194,43;3,076541342E10;887147
WINFUT;16/01/2026;11:30:00;173251,73;173647,60;172991,28;173491,33;3,685934057E10;1063265
WINFUT;16/01/2026;11:00:00;173673,64;173788,24;173126,71;173246,52;3,665048973E10;1056436
WINFUT;16/01/2026;10:30:00;174288,29;174335,17;173647,60;173673,64;3,034526068E10;872042
WINFUT;16/01/2026;10:00:00;174574,78;174632,07;174204,95;174298,71;3,335624293E10;956230
WINFUT;16/01/2026;09:30:00;174694,58;174757,09;174517,48;174574,78;2,796234275E10;800552
WINFUT;16/01/2026;09:00:00;174413,30;175007,11;174408,09;174694,58;4,725866901E10;1352073
WINFUT;15/01/2026;18:00:00;174356,00;174673,74;174303,92;174579,98;9169205045,00;262755
WINFUT;15/01/2026;17:30:00;174319,54;174371,63;174158,07;174356,00;1,368922157E10;392763
WINFUT;15/01/2026;17:00:00;174449,76;174454,97;174293,50;174324,75;1,480786429E10;424595
WINFUT;15/01/2026;16:30:00;174720,62;174757,09;174434,14;174449,76;1,785631028E10;511304
WINFUT;15/01/2026;16:00:00;174970,65;174981,07;174663,33;174715,41;2,035188387E10;582134
WINFUT;15/01/2026;15:30:00;174991,48;175027,95;174840,43;174975,86;1,436866358E10;410707
WINFUT;15/01/2026;15:00:00;174590,40;175043,57;174574,78;174991,48;3,264147746E10;933242
WINFUT;15/01/2026;14:30:00;174496,64;174611,24;174423,72;174590,40;1,526061645E10;437226
WINFUT;15/01/2026;14:00:00;174392,47;174559,15;174376,84;174491,43;1,614959486E10;462809
WINFUT;15/01/2026;13:30:00;174314,33;174475,81;174236,20;174387,26;1,930520831E10;553628
WINFUT;15/01/2026;13:00:00;174173,69;174376,84;174017,43;174314,33;2,60919413E10;748938
WINFUT;15/01/2026;12:30:00;173996,59;174366,42;173996,59;174173,69;3,128846276E10;897919
WINFUT;15/01/2026;12:00:00;173829,91;174173,69;173814,28;173996,59;3,584045496E10;1029703
WINFUT;15/01/2026;11:30:00;174001,80;174048,68;173585,09;173835,12;4,812645484E10;1384778
WINFUT;15/01/2026;11:00:00;174100,77;174163,28;173741,36;174001,80;4,134175383E10;1188323
WINFUT;15/01/2026;10:30:00;174251,83;174335,17;173850,74;174100,77;5,960019529E10;1711833
WINFUT;15/01/2026;10:00:00;174309,12;174814,38;174142,44;174241,41;6,85087382E10;1963776
WINFUT;15/01/2026;09:30:00;174074,73;174543,52;174043,47;174303,92;4,634953816E10;1329750
WINFUT;15/01/2026;09:00:00;173975,76;174428,93;173772,61;174074,73;5,210320909E10;1495894
WINFUT;14/01/2026;18:00:00;174116,40;174303,92;174048,68;174246,62;1,052841094E10;302209
WINFUT;14/01/2026;17:30:00;173715,31;174178,90;173704,90;174111,19;2,422108998E10;696254
WINFUT;14/01/2026;17:00:00;173616,35;173741,36;173298,61;173715,31;3,144083805E10;906315
WINFUT;14/01/2026;16:30:00;173449,66;173704,90;173434,04;173616,35;2,529192082E10;728545
WINFUT;14/01/2026;16:00:00;173267,35;173454,87;173246,52;173449,66;2,141983942E10;617797
WINFUT;14/01/2026;15:30:00;172913,15;173335,07;172887,11;173262,14;3,155082113E10;911319
WINFUT;14/01/2026;15:00:00;172558,95;172923,57;172506,86;172913,15;2,273841153E10;658205
WINFUT;14/01/2026;14:30:00;172642,29;172657,92;172465,19;172553,74;1,60354766E10;464638
WINFUT;14/01/2026;14:00:00;172387,06;172704,80;172376,64;172637,08;1,918672495E10;555875
WINFUT;14/01/2026;13:30:00;172402,68;172543,32;172366,22;172387,06;1,721827553E10;499218
WINFUT;14/01/2026;13:00:00;172277,67;172512,07;172183,91;172402,68;2,047852962E10;594139
WINFUT;14/01/2026;12:30:00;172548,53;172616,25;172027,65;172277,67;3,29155217E10;954959
WINFUT;14/01/2026;12:00:00;172282,88;172736,05;172236,00;172548,53;3,775656367E10;1094015
WINFUT;14/01/2026;11:30:00;171735,95;172506,86;171725,53;172288,09;6,263597103E10;1819184
WINFUT;14/01/2026;11:00:00;171907,84;171913,05;170668,13;171730,74;8,715667182E10;2542277
WINFUT;14/01/2026;10:30:00;172084,94;172361,01;171845,34;171913,05;5,448103257E10;1582426
WINFUT;14/01/2026;10:00:00;171840,13;172256,84;171663,03;172084,94;6,908325053E10;2009164
WINFUT;14/01/2026;09:30:00;171538,01;171902,63;171444,25;171845,34;4,894102366E10;1425552
WINFUT;14/01/2026;09:00:00;170902,53;171647,40;170803,56;171543,22;5,479964272E10;1599558
WINFUT;13/01/2026;18:00:00;170678,55;170709,81;170543,12;170688,97;8719111905,00;255488
WINFUT;13/01/2026;17:30:00;170725,43;170777,52;170642,09;170683,76;1,039348243E10;304414
WINFUT;13/01/2026;17:00:00;170850,44;170933,79;170694,18;170725,43;1,411146347E10;413034
WINFUT;13/01/2026;16:30:00;170636,88;170928,58;170610,84;170850,44;1,952102741E10;571521
WINFUT;13/01/2026;16:00:00;170793,15;170819,19;170610,84;170631,67;1,876821431E10;549797
WINFUT;13/01/2026;15:30:00;170860,86;170944,20;170756,69;170787,94;1,701897297E10;498078
WINFUT;13/01/2026;15:00:00;170876,49;171006,71;170715,01;170860,86;2,446364189E10;715967
WINFUT;13/01/2026;14:30:00;170912,95;171006,71;170808,77;170881,70;1,840046879E10;538290
WINFUT;13/01/2026;14:00:00;170756,69;170980,67;170678,55;170918,16;2,01183091E10;588686
WINFUT;13/01/2026;13:30:00;170636,88;170944,20;170600,42;170751,48;2,100958234E10;615052
WINFUT;13/01/2026;13:00:00;170688,97;170741,06;170470,20;170636,88;2,126184561E10;623096
WINFUT;13/01/2026;12:30:00;170605,63;170855,65;170563,96;170688,97;2,27300018E10;665718
WINFUT;13/01/2026;12:00:00;171110,89;171136,93;170522,29;170605,63;3,963040153E10;1159991
WINFUT;13/01/2026;11:30:00;171595,31;171616,15;171053,59;171110,89;4,592599621E10;1340524
WINFUT;13/01/2026;11:00:00;171168,18;171887,01;171136,93;171595,31;5,453305483E10;1589622
WINFUT;13/01/2026;10:30:00;170965,04;171621,35;170642,09;171173,39;6,327705102E10;1846969
WINFUT;13/01/2026;10:00:00;171303,61;171324,45;170579,58;170944,20;6,241717849E10;1824077
WINFUT;13/01/2026;09:30:00;171485,92;171553,64;171235,90;171303,61;3,962062494E10;1155871
WINFUT;13/01/2026;09:00:00;172397,47;172611,04;171449,46;171485,92;5,175542772E10;1504967
WINFUT;12/01/2026;18:00:00;172048,48;172262,04;172012,02;172262,04;6730304857,00;195507
WINFUT;12/01/2026;17:30:00;172058,90;172152,66;171949,51;172048,48;1,41935106E10;412493
WINFUT;12/01/2026;17:00:00;172277,67;172298,51;172053,69;172058,90;1,174025234E10;340906
WINFUT;12/01/2026;16:30:00;172209,96;172319,34;172178,70;172272,46;1,183793521E10;343623
WINFUT;12/01/2026;16:00:00;172236,00;172298,51;172168,28;172215,16;1,201895061E10;348925
WINFUT;12/01/2026;15:30:00;172298,51;172371,43;172168,28;172241,21;1,298884759E10;377008
WINFUT;12/01/2026;15:00:00;172293,30;172428,73;172225,58;172293,30;1,960118956E10;568755
WINFUT;12/01/2026;14:30:00;172199,54;172345,39;172189,12;172293,30;1,472427636E10;427351
WINFUT;12/01/2026;14:00:00;172121,41;172293,30;172074,53;172204,75;1,938907427E10;563041
WINFUT;12/01/2026;13:30:00;172262,04;172454,77;172084,94;172126,61;2,282081862E10;662308
WINFUT;12/01/2026;13:00:00;172397,47;172486,02;172256,84;172267,25;2,107264902E10;611321
WINFUT;12/01/2026;12:30:00;172298,51;172532,90;172251,63;172397,47;2,50805059E10;727448
WINFUT;12/01/2026;12:00:00;172131,82;172496,44;171965,14;172293,30;3,65846061E10;1062158
WINFUT;12/01/2026;11:30:00;171652,61;172392,27;171647,40;172137,03;5,909315957E10;1717299
WINFUT;12/01/2026;11:00:00;171590,10;171735,95;171147,35;171657,82;4,719252597E10;1376228
WINFUT;12/01/2026;10:30:00;171855,75;172012,02;171491,13;171595,31;4,101171353E10;1194078
WINFUT;12/01/2026;10:00:00;171819,29;172147,45;171631,77;171850,54;6,201094474E10;1804188
WINFUT;12/01/2026;09:30:00;172423,52;172548,53;171814,08;171819,29;5,053828723E10;1467368
WINFUT;12/01/2026;09:00:00;172413,10;172725,63;172032,85;172423,52;4,887831371E10;1417290
WINFUT;09/01/2026;18:00:00;172340,18;172366,22;172095,36;172121,41;7911593877,00;229662
WINFUT;09/01/2026;17:30:00;172673,54;172678,75;172277,67;172345,39;1,411233529E10;409096
WINFUT;09/01/2026;17:00:00;172642,29;172715,21;172611,04;172673,54;8563782872,00;247980
WINFUT;09/01/2026;16:30:00;172699,59;172741,26;172595,41;172647,50;1,156863239E10;334987
WINFUT;09/01/2026;16:00:00;172970,45;172975,66;172564,16;172704,80;2,00543605E10;580538
WINFUT;09/01/2026;15:30:00;172881,90;173059,00;172871,48;172975,66;1,227262425E10;354734
WINFUT;09/01/2026;15:00:00;173100,67;173121,51;172798,56;172881,90;1,751947417E10;506393
WINFUT;09/01/2026;14:30:00;173335,07;173361,11;173048,58;173100,67;1,468751577E10;424012
WINFUT;09/01/2026;14:00:00;173225,68;173387,16;173178,80;173335,07;1,883046305E10;543360
WINFUT;09/01/2026;13:30:00;172829,81;173262,14;172829,81;173225,68;1,993123268E10;575909
WINFUT;09/01/2026;13:00:00;172855,85;172939,20;172788,14;172835,02;1,670054091E10;483054
WINFUT;09/01/2026;12:30:00;172970,45;173131,92;172663,13;172855,85;2,570471232E10;743275
WINFUT;09/01/2026;12:00:00;173027,75;173298,61;172814,18;172965,24;3,794107664E10;1096345
WINFUT;09/01/2026;11:30:00;172553,74;173178,80;172532,90;173032,95;4,98736197E10;1441892
WINFUT;09/01/2026;11:00:00;172788,14;172819,39;172334,97;172548,53;4,577243478E10;1325952
WINFUT;09/01/2026;10:30:00;172225,58;173126,71;171636,98;172788,14;6,462572528E10;1870617
WINFUT;09/01/2026;10:00:00;171845,34;172267,25;171626,56;172220,37;5,429508078E10;1579090
WINFUT;09/01/2026;09:30:00;171626,56;171860,96;171381,75;171850,54;4,302483468E10;1253809
WINFUT;09/01/2026;09:00:00;172048,48;172611,04;171428,63;171626,56;5,527140969E10;1608429
WINFUT;08/01/2026;18:00:00;171814,08;171881,80;171751,58;171814,08;6645296443,00;193383
WINFUT;08/01/2026;17:30:00;171642,19;171892,22;171636,98;171819,29;9775938063,00;284559
WINFUT;08/01/2026;17:00:00;171663,03;171673,44;171485,92;171636,98;1,258017338E10;366585
WINFUT;08/01/2026;16:30:00;171678,65;171840,13;171600,52;171668,23;1,534158369E10;446725
WINFUT;08/01/2026;16:00:00;171501,55;171772,41;171480,72;171673,44;1,524265476E10;444016
WINFUT;08/01/2026;15:30:00;171480,72;171777,62;171428,63;171496,34;2,124144065E10;619031
WINFUT;08/01/2026;15:00:00;171527,60;171558,85;171298,41;171480,72;1,692756906E10;493744
WINFUT;08/01/2026;14:30:00;171527,60;171616,15;171418,21;171527,60;1,293898304E10;377201
WINFUT;08/01/2026;14:00:00;171694,28;171772,41;171433,84;171527,60;1,843932538E10;537206
WINFUT;08/01/2026;13:30:00;171621,35;171735,95;171506,76;171694,28;1,879562497E10;547579
WINFUT;08/01/2026;13:00:00;171610,94;171694,28;171355,70;171626,56;1,895207521E10;552495
WINFUT;08/01/2026;12:30:00;171459,88;171657,82;171392,17;171610,94;2,522726663E10;735354
WINFUT;08/01/2026;12:00:00;171329,66;171850,54;171324,45;171459,88;3,343267706E10;974100
WINFUT;08/01/2026;11:30:00;171454,67;171975,56;171319,24;171324,45;6,164411869E10;1795734
WINFUT;08/01/2026;11:00:00;171230,69;171491,13;171037,96;171454,67;4,360411907E10;1273305
WINFUT;08/01/2026;10:30:00;171511,97;171767,20;171001,50;171230,69;5,654084896E10;1649193
WINFUT;08/01/2026;10:00:00;171215,06;171538,01;170902,53;171506,76;5,967244018E10;1743301
WINFUT;08/01/2026;09:30:00;171032,75;171402,58;170808,77;171209,86;4,399100245E10;1285275
WINFUT;08/01/2026;09:00:00;170746,27;171220,27;170584,79;171032,75;4,918920777E10;1438623
WINFUT;07/01/2026;18:00:00;171069,22;171157,77;170954,62;170954,62;8503823194,00;248572
WINFUT;07/01/2026;17:30:00;171215,06;171287,99;170954,62;171069,22;1,271876282E10;371627
WINFUT;07/01/2026;17:00:00;171246,32;171350,49;171194,23;171215,06;9910637830,00;289337
WINFUT;07/01/2026;16:30:00;171235,90;171308,82;171183,81;171251,53;8898985448,00;259846
WINFUT;07/01/2026;16:00:00;171324,45;171345,29;171183,81;171235,90;1,534734752E10;448065
WINFUT;07/01/2026;15:30:00;171131,72;171397,37;171079,63;171329,66;1,865985787E10;544751
WINFUT;07/01/2026;15:00:00;171189,02;171256,74;171064,01;171126,51;1,477660497E10;431678
WINFUT;07/01/2026;14:30:00;171277,57;171334,87;171100,47;171189,02;1,698418161E10;495979
WINFUT;07/01/2026;14:00:00;171298,41;171360,91;171084,84;171277,57;1,922928446E10;561564
WINFUT;07/01/2026;13:30:00;171397,37;171454,67;171194,23;171293,20;1,897062133E10;553733
WINFUT;07/01/2026;13:00:00;171267,15;171428,63;171147,35;171397,37;1,985537852E10;579644
WINFUT;07/01/2026;12:30:00;171037,96;171371,33;170996,29;171267,15;2,502949264E10;731043
WINFUT;07/01/2026;12:00:00;171329,66;171334,87;170860,86;171037,96;3,531966193E10;1032512
WINFUT;07/01/2026;11:30:00;171626,56;171683,86;171121,30;171334,87;4,770717164E10;1392157
WINFUT;07/01/2026;11:00:00;171918,26;171959,93;171517,18;171626,56;3,94931556E10;1149867
WINFUT;07/01/2026;10:30:00;172012,02;172491,23;171803,66;171913,05;5,659558066E10;1643802
WINFUT;07/01/2026;10:00:00;172522,49;172631,87;172006,81;172012,02;5,27086974E10;1529002
WINFUT;07/01/2026;09:30:00;172902,73;172960,03;172480,82;172517,28;4,884977504E10;1414531
WINFUT;07/01/2026;09:00:00;173194,43;173204,85;172584,99;172902,73;4,958848615E10;1434391
WINFUT;06/01/2026;18:00:00;172913,15;173142,34;172855,85;173142,34;8882895557,00;256702
WINFUT;06/01/2026;17:30:00;172871,48;173027,75;172762,09;172907,94;1,236086549E10;357412
WINFUT;06/01/2026;17:00:00;172772,51;172907,94;172699,59;172871,48;1,057834329E10;306072
WINFUT;06/01/2026;16:30:00;172861,06;172918,36;172642,29;172772,51;2,173024868E10;628817
WINFUT;06/01/2026;16:00:00;173147,55;173241,31;172840,23;172861,06;2,090011099E10;603851
WINFUT;06/01/2026;15:30:00;172954,82;173215,26;172876,69;173147,55;1,939114455E10;560251
WINFUT;06/01/2026;15:00:00;173079,83;173277,77;172923,57;172954,82;2,219044185E10;641020
WINFUT;06/01/2026;14:30:00;173090,25;173293,40;173064,21;173079,83;1,543583562E10;445711
WINFUT;06/01/2026;14:00:00;173121,51;173256,94;172949,61;173090,25;1,982340505E10;572582
WINFUT;06/01/2026;13:30:00;173121,51;173215,26;172996,49;173126,71;1,955246606E10;564733
WINFUT;06/01/2026;13:00:00;173105,88;173199,64;172793,35;173121,51;2,707498268E10;782622
WINFUT;06/01/2026;12:30:00;173095,46;173210,06;172861,06;173111,09;3,09110691E10;893234
WINFUT;06/01/2026;12:00:00;173032,95;173434,04;172965,24;173100,67;3,447515728E10;995185
WINFUT;06/01/2026;11:30:00;172902,73;173329,86;172527,70;173032,95;6,053498264E10;1749541
WINFUT;06/01/2026;11:00:00;173006,91;173616,35;172808,97;172902,73;6,13615194E10;1771139
WINFUT;06/01/2026;10:30:00;173131,92;173413,20;172996,49;173006,91;4,990518558E10;1440415
WINFUT;06/01/2026;10:00:00;172387,06;173246,52;172308,92;173137,13;6,652844974E10;1923820
WINFUT;06/01/2026;09:30:00;172147,45;172611,04;172053,69;172387,06;4,101594982E10;1189773
WINFUT;06/01/2026;09:00:00;171449,46;172397,47;171397,37;172147,45;6,014376852E10;1748876
WINFUT;05/01/2026;18:00:00;171267,15;171298,41;171116,10;171287,99;8446619365,00;246668
WINFUT;05/01/2026;17:30:00;171126,51;171329,66;171116,10;171267,15;1,164509743E10;340020
WINFUT;05/01/2026;17:00:00;171189,02;171204,65;171043,17;171126,51;1,5295705E10;446933
WINFUT;05/01/2026;16:30:00;171308,82;171381,75;171168,18;171183,81;1,267726991E10;370062
WINFUT;05/01/2026;16:00:00;171371,33;171470,30;171256,74;171308,82;1,856944516E10;541781
WINFUT;05/01/2026;15:30:00;171371,33;171407,79;171215,06;171371,33;1,701736435E10;496705
WINFUT;05/01/2026;15:00:00;171298,41;171423,42;171173,39;171371,33;2,149276085E10;627343
WINFUT;05/01/2026;14:30:00;170949,41;171324,45;170918,16;171303,61;2,340017313E10;683635
WINFUT;05/01/2026;14:00:00;170996,29;171105,68;170892,12;170954,62;2,025454736E10;592180
WINFUT;05/01/2026;13:30:00;170715,01;171037,96;170683,76;170996,29;2,150268402E10;629149
WINFUT;05/01/2026;13:00:00;170824,40;170912,95;170480,62;170715,01;2,410805339E10;706300
WINFUT;05/01/2026;12:30:00;170543,12;170866,07;170298,31;170824,40;2,882830641E10;845153
WINFUT;05/01/2026;12:00:00;169704,50;170678,55;169589,90;170537,91;4,469679957E10;1313584
WINFUT;05/01/2026;11:30:00;170272,26;170433,74;169563,86;169709,71;4,945217049E10;1454933
WINFUT;05/01/2026;11:00:00;170116,00;170444,15;169855,55;170277,47;5,033822673E10;1479263
WINFUT;05/01/2026;10:30:00;169506,56;170194,13;169376,34;170116,00;5,196074825E10;1530429
WINFUT;05/01/2026;10:00:00;169990,98;170126,41;169355,50;169511,77;5,14080172E10;1514882
WINFUT;05/01/2026;09:30:00;170136,83;170527,50;169892,02;169990,98;4,178143101E10;1227392
WINFUT;05/01/2026;09:00:00;169975,36;170360,81;169595,11;170142,04;5,105772286E10;1501874
WINFUT;02/01/2026;18:00:00;169595,11;169772,21;169391,97;169496,14;9906382767,00;292049
WINFUT;02/01/2026;17:30:00;169569,07;169756,58;169496,14;169605,53;1,200416808E10;353801
WINFUT;02/01/2026;17:00:00;169782,63;169865,97;169543,02;169574,27;1,352504365E10;398405
WINFUT;02/01/2026;16:30:00;169834,72;169871,18;169704,50;169787,84;1,249291092E10;367896
WINFUT;02/01/2026;16:00:00;169459,68;169902,43;169428,43;169834,72;1,940258403E10;571650
WINFUT;02/01/2026;15:30:00;169584,69;169636,78;169360,71;169464,89;1,582931314E10;466908
WINFUT;02/01/2026;15:00:00;169470,10;169704,50;169319,04;169584,69;2,039522017E10;601552
WINFUT;02/01/2026;14:30:00;169574,27;169657,62;169418,01;169475,31;1,584227442E10;467243
WINFUT;02/01/2026;14:00:00;169688,87;169767,00;169475,31;169569,07;1,645317099E10;485051
WINFUT;02/01/2026;13:30:00;169735,75;169808,67;169506,56;169694,08;2,049976146E10;604150
WINFUT;02/01/2026;13:00:00;169912,85;169964,94;169688,87;169735,75;1,81067217E10;533053
WINFUT;02/01/2026;12:30:00;169944,10;170214,96;169850,34;169912,85;2,423570652E10;712736
WINFUT;02/01/2026;12:00:00;170329,56;170496,24;169683,66;169944,10;3,415723889E10;1004144
WINFUT;02/01/2026;11:30:00;170438,94;170491,03;169990,98;170329,56;4,145777089E10;1217600
WINFUT;02/01/2026;11:00:00;170282,68;170829,61;170136,83;170444,15;4,046959482E10;1186992
WINFUT;02/01/2026;10:30:00;171121,30;171173,39;170162,88;170282,68;4,658229165E10;1363909
WINFUT;02/01/2026;10:00:00;171642,19;171933,89;171064,01;171121,30;4,350775266E10;1268966
WINFUT;02/01/2026;09:30:00;171199,44;171694,28;170996,29;171647,40;3,015608048E10;879857
WINFUT;02/01/2026;09:00:00;170819,19;171631,77;170808,77;171199,44;3,548768949E10;1035880
