WDOFUT;30/12/2021;18:15:00;7572,91;7583,72;7564,80;7582,37;1491549625,00;19695
WDOFUT;30/12/2021;18:00:00;7578,99;7584,40;7570,89;7572,91;1021589977,00;13480
WDOFUT;30/12/2021;17:45:00;7585,07;7587,10;7578,32;7579,67;1442276099,00;19021
WDOFUT;30/12/2021;17:30:00;7580,34;7587,10;7573,59;7584,40;1975649229,00;26067
WDOFUT;30/12/2021;17:15:00;7583,72;7585,07;7579,67;7581,02;1077291735,00;14207
WDOFUT;30/12/2021;17:00:00;7586,43;7588,45;7582,37;7583,72;994707028,90;13113
WDOFUT;30/12/2021;16:45:00;7584,40;7589,13;7582,37;7586,43;1218963077,00;16069
WDOFUT;30/12/2021;16:30:00;7586,43;7587,78;7581,70;7584,40;1201305948,00;15838
WDOFUT;30/12/2021;16:15:00;7587,10;7587,78;7581,70;7587,10;1177040209,00;15518
WDOFUT;30/12/2021;16:00:00;7591,16;7592,51;7581,02;7587,10;2436481423,00;32113
WDOFUT;30/12/2021;15:45:00;7586,43;7599,94;7571,56;7591,16;6313422386,00;83204
WDOFUT;30/12/2021;15:30:00;7572,91;7586,43;7571,56;7586,43;1727610694,00;22802
WDOFUT;30/12/2021;15:15:00;7570,21;7575,62;7567,51;7572,24;1270180892,00;16775
WDOFUT;30/12/2021;15:00:00;7568,18;7572,24;7564,80;7570,89;1612162359,00;21301
WDOFUT;30/12/2021;14:45:00;7566,16;7571,56;7562,10;7567,51;2823394707,00;37311
WDOFUT;30/12/2021;14:30:00;7578,99;7582,37;7562,10;7566,16;4014949071,00;53026
WDOFUT;30/12/2021;14:15:00;7589,80;7590,48;7575,62;7578,99;2640468815,00;34825
WDOFUT;30/12/2021;14:00:00;7587,10;7593,18;7583,05;7589,13;2295400184,00;30246
WDOFUT;30/12/2021;13:45:00;7601,29;7601,29;7587,10;7587,78;1998563938,00;26322
WDOFUT;30/12/2021;13:30:00;7590,48;7601,97;7589,13;7601,29;2707371113,00;35635
WDOFUT;30/12/2021;13:15:00;7585,07;7595,21;7578,99;7589,80;2607616665,00;34365
WDOFUT;30/12/2021;13:00:00;7587,10;7594,53;7576,29;7585,07;6709424158,00;88435
WDOFUT;30/12/2021;12:45:00;7597,91;7608,05;7583,72;7587,10;6871399575,00;90497
WDOFUT;30/12/2021;12:30:00;7589,80;7600,62;7582,37;7598,59;4500896105,00;59289
WDOFUT;30/12/2021;12:15:00;7609,40;7612,78;7589,80;7589,80;4379568546,00;57623
WDOFUT;30/12/2021;12:00:00;7574,26;7623,59;7572,91;7609,40;9118500367,00;119991
WDOFUT;30/12/2021;11:45:00;7597,24;7597,91;7574,26;7574,26;8955651032,00;118061
WDOFUT;30/12/2021;11:30:00;7614,13;7619,53;7593,18;7597,24;6028925439,00;79268
WDOFUT;30/12/2021;11:15:00;7595,21;7616,83;7589,13;7614,13;6659298713,00;87566
WDOFUT;30/12/2021;11:00:00;7576,97;7595,21;7549,26;7595,21;1,58415245E10;209242
WDOFUT;30/12/2021;10:45:00;7627,64;7627,64;7569,53;7577,64;1,612128492E10;212261
WDOFUT;30/12/2021;10:30:00;7644,53;7649,94;7622,24;7627,64;6955769746,00;91096
WDOFUT;30/12/2021;10:15:00;7649,94;7654,67;7641,83;7644,53;4822529377,00;63055
WDOFUT;30/12/2021;10:00:00;7681,70;7682,37;7631,02;7649,94;1,780699121E10;232758
WDOFUT;30/12/2021;09:45:00;7724,94;7725,61;7680,34;7681,70;1,108519184E10;143935
WDOFUT;30/12/2021;09:30:00;7746,56;7751,29;7724,26;7725,61;7755071375,00;100217
WDOFUT;30/12/2021;09:15:00;7747,24;7758,72;7742,51;7746,56;3505026788,00;45219
WDOFUT;30/12/2021;09:00:00;7749,94;7760,07;7741,83;7747,24;4455708696,00;57489
WDOFUT;29/12/2021;18:15:00;7755,31;7772,32;7755,31;7760,07;3121795097,00;40198
WDOFUT;29/12/2021;18:00:00;7748,51;7759,39;7746,47;7755,99;1879591996,00;24242
WDOFUT;29/12/2021;17:45:00;7748,51;7751,23;7746,47;7747,83;1594974472,00;20582
WDOFUT;29/12/2021;17:30:00;7746,47;7749,19;7743,06;7747,83;1695027934,00;21882
WDOFUT;29/12/2021;17:15:00;7749,19;7749,87;7746,47;7747,15;1164744406,00;15032
WDOFUT;29/12/2021;17:00:00;7747,83;7751,91;7747,15;7749,19;1581873596,00;20413
WDOFUT;29/12/2021;16:45:00;7746,47;7750,55;7743,74;7747,83;1869622608,00;24134
WDOFUT;29/12/2021;16:30:00;7749,19;7753,95;7745,11;7747,15;2362041632,00;30475
WDOFUT;29/12/2021;16:15:00;7745,11;7751,23;7745,11;7749,87;1385217325,00;17876
WDOFUT;29/12/2021;16:00:00;7747,15;7751,23;7743,74;7745,11;2471044917,00;31899
WDOFUT;29/12/2021;15:45:00;7753,95;7753,95;7743,06;7747,15;3639252972,00;46971
WDOFUT;29/12/2021;15:30:00;7751,23;7755,31;7749,87;7753,95;2024740035,00;26116
WDOFUT;29/12/2021;15:15:00;7749,19;7752,59;7745,11;7751,23;2041387978,00;26343
WDOFUT;29/12/2021;15:00:00;7754,63;7755,31;7749,19;7749,19;2487895767,00;32095
WDOFUT;29/12/2021;14:45:00;7745,79;7755,31;7745,11;7754,63;2917401171,00;37637
WDOFUT;29/12/2021;14:30:00;7744,43;7749,19;7740,34;7745,79;2208408777,00;28514
WDOFUT;29/12/2021;14:15:00;7749,87;7751,91;7743,06;7744,43;2712640107,00;35015
WDOFUT;29/12/2021;14:00:00;7744,43;7752,59;7741,02;7750,55;4185432948,00;54024
WDOFUT;29/12/2021;13:45:00;7730,82;7748,51;7730,14;7745,11;5177951966,00;66904
WDOFUT;29/12/2021;13:30:00;7727,42;7733,54;7726,06;7730,82;1898719501,00;24564
WDOFUT;29/12/2021;13:15:00;7725,38;7734,22;7724,70;7727,42;3440707920,00;44514
WDOFUT;29/12/2021;13:00:00;7728,10;7729,46;7717,89;7725,38;4458598274,00;57717
WDOFUT;29/12/2021;12:45:00;7713,81;7730,14;7713,13;7728,78;3859277186,00;49971
WDOFUT;29/12/2021;12:30:00;7720,61;7724,01;7711,77;7713,81;3858953816,00;50002
WDOFUT;29/12/2021;12:15:00;7725,38;7730,14;7719,25;7719,93;4619079834,00;59795
WDOFUT;29/12/2021;12:00:00;7711,77;7729,46;7711,09;7726,06;7879787984,00;102071
WDOFUT;29/12/2021;11:45:00;7701,56;7711,77;7701,56;7711,77;5533392662,00;71800
WDOFUT;29/12/2021;11:30:00;7699,52;7704,28;7692,04;7702,24;6631370959,00;86129
WDOFUT;29/12/2021;11:15:00;7689,32;7699,52;7685,23;7698,84;4224369622,00;54914
WDOFUT;29/12/2021;11:00:00;7690,00;7701,56;7687,28;7689,32;6134386827,00;79720
WDOFUT;29/12/2021;10:45:00;7698,16;7701,56;7685,23;7690,68;5552208363,00;72187
WDOFUT;29/12/2021;10:30:00;7683,87;7698,84;7683,19;7698,16;5709675155,00;74239
WDOFUT;29/12/2021;10:15:00;7683,19;7685,92;7675,71;7684,55;3405982980,00;44343
WDOFUT;29/12/2021;10:00:00;7677,07;7687,28;7673,67;7683,19;4947273053,00;64413
WDOFUT;29/12/2021;09:45:00;7675,71;7685,23;7672,99;7677,07;6409028880,00;83459
WDOFUT;29/12/2021;09:30:00;7659,38;7676,39;7658,70;7675,71;5389522681,00;70277
WDOFUT;29/12/2021;09:15:00;7665,50;7668,91;7653,26;7660,06;5815062358,00;75906
WDOFUT;29/12/2021;09:00:00;7672,31;7679,11;7653,94;7665,50;7806082284,00;101779
WDOFUT;28/12/2021;18:15:00;7656,66;7662,78;7654,62;7662,10;797319029,60;10411
WDOFUT;28/12/2021;18:00:00;7658,02;7660,06;7655,30;7656,66;770594224,70;10063
WDOFUT;28/12/2021;17:45:00;7655,98;7666,87;7653,94;7658,70;2090858968,00;27292
WDOFUT;28/12/2021;17:30:00;7660,06;7660,06;7651,22;7655,98;2667595672,00;34845
WDOFUT;28/12/2021;17:15:00;7667,55;7667,55;7655,30;7659,38;3812872200,00;49768
WDOFUT;28/12/2021;17:00:00;7674,35;7675,03;7662,10;7667,55;2544595355,00;33181
WDOFUT;28/12/2021;16:45:00;7677,07;7679,11;7673,67;7675,03;1395765868,00;18183
WDOFUT;28/12/2021;16:30:00;7672,31;7679,11;7670,95;7677,75;1544464192,00;20124
WDOFUT;28/12/2021;16:15:00;7672,99;7675,71;7669,59;7672,31;1924015428,00;25077
WDOFUT;28/12/2021;16:00:00;7669,59;7677,07;7668,91;7672,99;2316078561,00;30187
WDOFUT;28/12/2021;15:45:00;7677,07;7680,47;7668,23;7669,59;2594223186,00;33812
WDOFUT;28/12/2021;15:30:00;7672,99;7681,15;7669,59;7677,07;2810024924,00;36612
WDOFUT;28/12/2021;15:15:00;7677,07;7685,23;7672,99;7673,67;2517094678,00;32779
WDOFUT;28/12/2021;15:00:00;7686,60;7689,32;7673,67;7676,39;3713338226,00;48349
WDOFUT;28/12/2021;14:45:00;7683,19;7692,04;7680,47;7687,28;2809772167,00;36556
WDOFUT;28/12/2021;14:30:00;7672,99;7685,92;7672,99;7683,19;3693523288,00;48089
WDOFUT;28/12/2021;14:15:00;7675,71;7677,75;7670,95;7673,67;2074314569,00;27029
WDOFUT;28/12/2021;14:00:00;7670,27;7685,23;7666,18;7676,39;4220661387,00;54993
WDOFUT;28/12/2021;13:45:00;7668,91;7673,67;7665,50;7670,27;2040350485,00;26603
WDOFUT;28/12/2021;13:30:00;7664,14;7670,95;7662,10;7668,91;2343813659,00;30573
WDOFUT;28/12/2021;13:15:00;7666,18;7670,27;7658,70;7664,14;3780063868,00;49326
WDOFUT;28/12/2021;13:00:00;7677,07;7681,83;7664,82;7666,18;4719016623,00;61493
WDOFUT;28/12/2021;12:45:00;7678,43;7680,47;7668,23;7677,75;3860130427,00;50302
WDOFUT;28/12/2021;12:30:00;7687,28;7690,68;7677,07;7678,43;4359933760,00;56734
WDOFUT;28/12/2021;12:15:00;7672,31;7687,96;7670,27;7686,60;4681166652,00;60952
WDOFUT;28/12/2021;12:00:00;7664,82;7672,99;7655,30;7672,31;6342627956,00;82743
WDOFUT;28/12/2021;11:45:00;7660,74;7677,07;7656,66;7664,14;6192053954,00;80747
WDOFUT;28/12/2021;11:30:00;7674,35;7675,03;7660,06;7660,74;4873262753,00;63552
WDOFUT;28/12/2021;11:15:00;7676,39;7681,83;7672,31;7674,35;2944673508,00;38358
WDOFUT;28/12/2021;11:00:00;7670,95;7680,47;7664,82;7676,39;7678825383,00;100094
WDOFUT;28/12/2021;10:45:00;7681,83;7683,19;7668,23;7670,95;5776035238,00;75269
WDOFUT;28/12/2021;10:30:00;7685,92;7691,36;7676,39;7681,83;5558415782,00;72350
WDOFUT;28/12/2021;10:15:00;7686,60;7694,08;7679,11;7685,92;5161789079,00;67162
WDOFUT;28/12/2021;10:00:00;7704,28;7707,69;7682,51;7686,60;1,036007208E10;134616
WDOFUT;28/12/2021;09:45:00;7686,60;7706,33;7686,60;7704,28;6656113503,00;86476
WDOFUT;28/12/2021;09:30:00;7684,55;7689,32;7679,79;7686,60;4193128714,00;54567
WDOFUT;28/12/2021;09:15:00;7684,55;7695,44;7683,19;7683,87;6947720808,00;90361
WDOFUT;28/12/2021;09:00:00;7649,86;7685,23;7647,14;7684,55;9842706266,00;128331
WDOFUT;27/12/2021;18:15:00;7664,14;7664,82;7655,98;7658,02;1859903746,00;24279
WDOFUT;27/12/2021;18:00:00;7668,23;7668,91;7664,14;7664,14;1539063757,00;20076
WDOFUT;27/12/2021;17:45:00;7672,31;7675,03;7664,14;7667,55;1905182691,00;24837
WDOFUT;27/12/2021;17:30:00;7672,99;7676,39;7671,63;7672,31;1072489586,00;13975
WDOFUT;27/12/2021;17:15:00;7676,39;7677,07;7671,63;7672,99;1429823078,00;18631
WDOFUT;27/12/2021;17:00:00;7677,07;7679,11;7674,35;7677,07;1212431512,00;15793
WDOFUT;27/12/2021;16:45:00;7676,39;7679,11;7675,71;7677,75;1039387220,00;13538
WDOFUT;27/12/2021;16:30:00;7675,71;7679,79;7672,31;7676,39;1829222875,00;23830
WDOFUT;27/12/2021;16:15:00;7678,43;7681,15;7674,35;7675,71;1240876004,00;16162
WDOFUT;27/12/2021;16:00:00;7680,47;7682,51;7676,39;7679,11;2037468148,00;26532
WDOFUT;27/12/2021;15:45:00;7675,03;7681,83;7671,63;7681,15;3241420497,00;42232
WDOFUT;27/12/2021;15:30:00;7679,11;7682,51;7674,35;7675,03;2174800169,00;28325
WDOFUT;27/12/2021;15:15:00;7682,51;7683,87;7677,07;7678,43;2016482225,00;26254
WDOFUT;27/12/2021;15:00:00;7677,75;7683,87;7676,39;7681,83;2982686553,00;38834
WDOFUT;27/12/2021;14:45:00;7672,31;7679,79;7669,59;7677,07;2595960528,00;33826
WDOFUT;27/12/2021;14:30:00;7683,19;7685,23;7670,95;7672,31;3411696785,00;44436
WDOFUT;27/12/2021;14:15:00;7676,39;7683,87;7675,71;7682,51;1647912506,00;21458
WDOFUT;27/12/2021;14:00:00;7681,15;7682,51;7674,35;7677,07;2244480463,00;29234
WDOFUT;27/12/2021;13:45:00;7680,47;7681,15;7673,67;7681,15;2298064333,00;29934
WDOFUT;27/12/2021;13:30:00;7682,51;7686,60;7675,71;7680,47;3184445959,00;41460
WDOFUT;27/12/2021;13:15:00;7702,92;7704,28;7681,83;7683,19;3273711518,00;42557
WDOFUT;27/12/2021;13:00:00;7695,44;7704,28;7691,36;7702,24;3426147591,00;44504
WDOFUT;27/12/2021;12:45:00;7700,88;7704,28;7690,00;7694,76;3674127806,00;47741
WDOFUT;27/12/2021;12:30:00;7697,48;7709,05;7685,92;7700,88;4839753701,00;62867
WDOFUT;27/12/2021;12:15:00;7707,69;7708,37;7694,08;7697,48;3764916213,00;48892
WDOFUT;27/12/2021;12:00:00;7710,41;7717,89;7707,01;7707,01;2883507789,00;37390
WDOFUT;27/12/2021;11:45:00;7707,69;7717,21;7694,08;7710,41;5613372477,00;72842
WDOFUT;27/12/2021;11:30:00;7695,44;7721,97;7694,76;7707,69;8058274179,00;104546
WDOFUT;27/12/2021;11:15:00;7698,16;7698,84;7688,64;7696,12;4615710373,00;59990
WDOFUT;27/12/2021;11:00:00;7708,37;7709,05;7696,12;7698,84;5434174275,00;70557
WDOFUT;27/12/2021;10:45:00;7735,58;7736,94;7702,24;7709,05;9279744128,00;120279
WDOFUT;27/12/2021;10:30:00;7726,74;7747,83;7724,01;7736,26;6859999752,00;88667
WDOFUT;27/12/2021;10:15:00;7722,65;7732,18;7717,89;7726,74;6899235835,00;89311
WDOFUT;27/12/2021;10:00:00;7755,99;7757,35;7721,29;7722,65;8534668176,00;110327
WDOFUT;27/12/2021;09:45:00;7745,79;7762,11;7741,70;7755,31;6792592297,00;87603
WDOFUT;27/12/2021;09:30:00;7753,27;7755,31;7738,30;7745,79;6287522231,00;81162
WDOFUT;27/12/2021;09:15:00;7762,11;7770,96;7751,23;7753,27;7546304927,00;97234
WDOFUT;27/12/2021;09:00:00;7715,85;7767,56;7715,85;7762,11;8232864022,00;106263
WDOFUT;23/12/2021;18:15:00;7732,86;7738,30;7716,53;7716,53;963787901,10;12464
WDOFUT;23/12/2021;18:00:00;7736,94;7741,70;7730,82;7733,54;1840669833,00;23795
WDOFUT;23/12/2021;17:45:00;7726,74;7737,62;7724,01;7736,26;1425296205,00;18439
WDOFUT;23/12/2021;17:30:00;7725,38;7728,10;7719,93;7726,06;1313797962,00;17008
WDOFUT;23/12/2021;17:15:00;7724,01;7729,46;7722,65;7725,38;1581688241,00;20472
WDOFUT;23/12/2021;17:00:00;7715,17;7724,01;7713,81;7724,01;2144795866,00;27784
WDOFUT;23/12/2021;16:45:00;7722,65;7724,01;7711,09;7715,85;1942150412,00;25168
WDOFUT;23/12/2021;16:30:00;7716,53;7726,06;7715,85;7722,65;1718638981,00;22257
WDOFUT;23/12/2021;16:15:00;7716,53;7719,25;7715,17;7717,21;865469855,40;11215
WDOFUT;23/12/2021;16:00:00;7712,45;7720,61;7711,09;7716,53;2220136413,00;28773
WDOFUT;23/12/2021;15:45:00;7725,38;7726,06;7709,73;7712,45;3606465513,00;46731
WDOFUT;23/12/2021;15:30:00;7721,29;7730,82;7720,61;7725,38;2285088424,00;29572
WDOFUT;23/12/2021;15:15:00;7719,25;7724,70;7715,85;7720,61;2376931741,00;30786
WDOFUT;23/12/2021;15:00:00;7730,82;7732,18;7715,85;7718,57;2695386619,00;34899
WDOFUT;23/12/2021;14:45:00;7736,26;7738,30;7728,78;7730,14;2635246229,00;34077
WDOFUT;23/12/2021;14:30:00;7721,29;7737,62;7718,57;7735,58;3747228158,00;48500
WDOFUT;23/12/2021;14:15:00;7707,01;7730,14;7706,33;7721,29;6205373120,00;80368
WDOFUT;23/12/2021;14:00:00;7742,38;7749,19;7704,96;7707,01;1,159314893E10;150071
WDOFUT;23/12/2021;13:45:00;7767,56;7777,08;7736,26;7741,70;6098225831,00;78597
WDOFUT;23/12/2021;13:30:00;7764,84;7773,68;7760,07;7766,88;3392393851,00;43684
WDOFUT;23/12/2021;13:15:00;7747,83;7785,25;7732,86;7764,84;1,681572899E10;216827
WDOFUT;23/12/2021;13:00:00;7787,29;7790,69;7747,83;7747,83;1,192155789E10;153452
WDOFUT;23/12/2021;12:45:00;7773,68;7787,97;7772,32;7787,29;5570805386,00;71605
WDOFUT;23/12/2021;12:30:00;7776,40;7780,48;7773,00;7773,68;3425466064,00;44051
WDOFUT;23/12/2021;12:15:00;7786,61;7787,97;7774,36;7777,08;6654429650,00;85531
WDOFUT;23/12/2021;12:00:00;7781,84;7791,37;7780,48;7785,93;5900378934,00;75786
WDOFUT;23/12/2021;11:45:00;7768,24;7791,37;7766,88;7781,84;1,301792106E10;167325
WDOFUT;23/12/2021;11:30:00;7752,59;7773,00;7749,19;7768,24;8161185833,00;105184
WDOFUT;23/12/2021;11:15:00;7739,66;7756,67;7738,98;7752,59;9515294987,00;122790
WDOFUT;23/12/2021;11:00:00;7734,22;7741,70;7732,18;7738,98;6295636834,00;81373
WDOFUT;23/12/2021;10:45:00;7717,89;7736,94;7715,85;7734,22;7326428273,00;94808
WDOFUT;23/12/2021;10:30:00;7718,57;7723,33;7713,81;7717,89;4716075510,00;61096
WDOFUT;23/12/2021;10:15:00;7711,77;7721,97;7709,73;7717,89;6196925125,00;80313
WDOFUT;23/12/2021;10:00:00;7702,24;7717,21;7700,88;7711,09;8497027494,00;110222
WDOFUT;23/12/2021;09:45:00;7683,87;7707,01;7679,11;7702,92;8363301695,00;108707
WDOFUT;23/12/2021;09:30:00;7672,99;7696,80;7672,31;7683,87;1,001151315E10;130247
WDOFUT;23/12/2021;09:15:00;7677,75;7677,75;7668,23;7672,31;6076246298,00;79188
WDOFUT;23/12/2021;09:00:00;7708,37;7714,49;7673,67;7677,07;8517202459,00;110743
WDOFUT;22/12/2021;18:15:00;7710,41;7713,81;7694,76;7706,33;2949643554,00;38286
WDOFUT;22/12/2021;18:00:00;7713,81;7715,85;7709,05;7709,73;2108689359,00;27342
WDOFUT;22/12/2021;17:45:00;7715,85;7717,21;7713,81;7714,49;1310339150,00;16983
WDOFUT;22/12/2021;17:30:00;7716,53;7718,57;7714,49;7715,17;1154268199,00;14959
WDOFUT;22/12/2021;17:15:00;7718,57;7719,93;7711,77;7715,85;3454485431,00;44774
WDOFUT;22/12/2021;17:00:00;7724,01;7725,38;7717,21;7718,57;2921878589,00;37845
WDOFUT;22/12/2021;16:45:00;7728,10;7730,14;7722,65;7724,01;2188587974,00;28327
WDOFUT;22/12/2021;16:30:00;7730,82;7732,86;7724,01;7728,10;2714076435,00;35116
WDOFUT;22/12/2021;16:15:00;7723,33;7730,82;7715,85;7730,82;4840412559,00;62675
WDOFUT;22/12/2021;16:00:00;7730,14;7734,22;7721,97;7723,33;4082112750,00;52824
WDOFUT;22/12/2021;15:45:00;7732,18;7734,22;7726,06;7730,14;4087777175,00;52882
WDOFUT;22/12/2021;15:30:00;7741,02;7744,43;7729,46;7732,18;3964147153,00;51230
WDOFUT;22/12/2021;15:15:00;7741,70;7746,47;7736,94;7741,02;3205014426,00;41399
WDOFUT;22/12/2021;15:00:00;7743,74;7743,74;7735,58;7742,38;4659411484,00;60201
WDOFUT;22/12/2021;14:45:00;7747,83;7750,55;7742,38;7743,06;3849523490,00;49691
WDOFUT;22/12/2021;14:30:00;7767,56;7768,24;7746,47;7747,83;5643468729,00;72766
WDOFUT;22/12/2021;14:15:00;7765,52;7769,60;7764,84;7767,56;1818850441,00;23417
WDOFUT;22/12/2021;14:00:00;7773,00;7775,04;7760,75;7766,20;3663508119,00;47164
WDOFUT;22/12/2021;13:45:00;7783,89;7786,61;7768,24;7773,00;5221467076,00;67147
WDOFUT;22/12/2021;13:30:00;7781,84;7785,93;7777,08;7784,57;2815192577,00;36173
WDOFUT;22/12/2021;13:15:00;7787,97;7788,65;7780,48;7782,52;2346453492,00;30143
WDOFUT;22/12/2021;13:00:00;7791,37;7794,09;7781,16;7787,97;4694646319,00;60273
WDOFUT;22/12/2021;12:45:00;7783,21;7792,05;7778,44;7791,37;3805790178,00;48887
WDOFUT;22/12/2021;12:30:00;7795,45;7795,45;7778,44;7783,89;5428910366,00;69728
WDOFUT;22/12/2021;12:15:00;7800,21;7800,21;7786,61;7796,13;5509723963,00;70706
WDOFUT;22/12/2021;12:00:00;7804,30;7809,74;7795,45;7800,21;6416425715,00;82221
WDOFUT;22/12/2021;11:45:00;7807,70;7815,86;7790,69;7803,62;7599398591,00;97358
WDOFUT;22/12/2021;11:30:00;7817,22;7819,26;7804,98;7808,38;5280527642,00;67600
WDOFUT;22/12/2021;11:15:00;7816,54;7820,62;7808,38;7816,54;5862241875,00;75020
WDOFUT;22/12/2021;11:00:00;7802,25;7821,99;7798,85;7815,86;8132534147,00;104119
WDOFUT;22/12/2021;10:45:00;7800,89;7807,02;7798,85;7802,25;3840503327,00;49219
WDOFUT;22/12/2021;10:30:00;7793,41;7803,62;7787,29;7800,89;7612896601,00;97647
WDOFUT;22/12/2021;10:15:00;7793,41;7800,89;7783,89;7794,09;6762108837,00;86773
WDOFUT;22/12/2021;10:00:00;7779,12;7794,77;7776,40;7793,41;9135043929,00;117339
WDOFUT;22/12/2021;09:45:00;7787,97;7795,45;7775,72;7778,44;9269532965,00;119072
WDOFUT;22/12/2021;09:30:00;7798,17;7798,17;7779,80;7787,97;8847388996,00;113599
WDOFUT;22/12/2021;09:15:00;7808,38;7812,46;7796,81;7798,17;6178281076,00;79176
WDOFUT;22/12/2021;09:00:00;7816,54;7826,75;7804,98;7807,70;7902531700,00;101106
WDOFUT;21/12/2021;18:15:00;7830,15;7836,27;7829,47;7833,55;1243120057,00;15869
WDOFUT;21/12/2021;18:00:00;7831,51;7835,59;7825,39;7829,47;1735038439,00;22156
WDOFUT;21/12/2021;17:45:00;7826,75;7832,87;7826,75;7832,19;1746493092,00;22304
WDOFUT;21/12/2021;17:30:00;7821,30;7828,79;7817,90;7827,43;1758676958,00;22482
WDOFUT;21/12/2021;17:15:00;7823,35;7824,71;7819,94;7821,30;1299620017,00;16614
WDOFUT;21/12/2021;17:00:00;7824,03;7825,39;7819,94;7822,67;1336111139,00;17081
WDOFUT;21/12/2021;16:45:00;7822,67;7825,39;7819,94;7823,35;1524494093,00;19489
WDOFUT;21/12/2021;16:30:00;7821,99;7826,07;7820,62;7823,35;1678767621,00;21459
WDOFUT;21/12/2021;16:15:00;7829,47;7833,55;7817,22;7821,30;4261748954,00;54462
WDOFUT;21/12/2021;16:00:00;7824,71;7830,15;7823,35;7829,47;3157532718,00;40343
WDOFUT;21/12/2021;15:45:00;7834,91;7843,08;7822,67;7824,03;5298373429,00;67643
WDOFUT;21/12/2021;15:30:00;7837,63;7838,31;7828,79;7834,91;3064552127,00;39127
WDOFUT;21/12/2021;15:15:00;7838,31;7841,03;7831,51;7837,63;4115391157,00;52517
WDOFUT;21/12/2021;15:00:00;7839,67;7842,40;7837,63;7838,31;2080876246,00;26543
WDOFUT;21/12/2021;14:45:00;7844,44;7845,12;7836,95;7839,67;2602344580,00;33193
WDOFUT;21/12/2021;14:30:00;7835,59;7848,52;7835,59;7844,44;5247710751,00;66903
WDOFUT;21/12/2021;14:15:00;7838,31;7839,67;7834,91;7835,59;2210884298,00;28211
WDOFUT;21/12/2021;14:00:00;7835,59;7841,03;7831,51;7837,63;4461067442,00;56927
WDOFUT;21/12/2021;13:45:00;7837,63;7842,40;7834,23;7835,59;3306930047,00;42190
WDOFUT;21/12/2021;13:30:00;7834,23;7838,99;7830,83;7837,63;3239350090,00;41345
WDOFUT;21/12/2021;13:15:00;7827,43;7834,91;7819,94;7834,23;4325057967,00;55266
WDOFUT;21/12/2021;13:00:00;7834,91;7836,95;7826,07;7827,43;5071259375,00;64748
WDOFUT;21/12/2021;12:45:00;7828,79;7836,27;7827,43;7834,23;3901244589,00;49814
WDOFUT;21/12/2021;12:30:00;7824,71;7834,23;7821,99;7828,11;4471669283,00;57121
WDOFUT;21/12/2021;12:15:00;7821,30;7831,51;7818,58;7824,71;4671884377,00;59699
WDOFUT;21/12/2021;12:00:00;7836,27;7836,95;7817,90;7821,30;5844681876,00;74687
WDOFUT;21/12/2021;11:45:00;7826,75;7840,35;7821,30;7836,27;8466570737,00;108113
WDOFUT;21/12/2021;11:30:00;7836,95;7844,44;7825,39;7826,75;1,092100077E10;139388
WDOFUT;21/12/2021;11:15:00;7835,59;7839,67;7829,47;7836,27;5052403907,00;64481
WDOFUT;21/12/2021;11:00:00;7822,67;7841,72;7821,30;7835,59;1,444660923E10;184443
WDOFUT;21/12/2021;10:45:00;7814,50;7824,71;7812,46;7823,35;7281819330,00;93138
WDOFUT;21/12/2021;10:30:00;7809,06;7817,90;7807,02;7814,50;6107041032,00;78168
WDOFUT;21/12/2021;10:15:00;7792,05;7812,46;7792,05;7809,06;7183186554,00;92048
WDOFUT;21/12/2021;10:00:00;7791,37;7805,66;7785,93;7792,73;8740992351,00;112126
WDOFUT;21/12/2021;09:45:00;7802,25;7809,06;7790,69;7792,05;6142197239,00;78740
WDOFUT;21/12/2021;09:30:00;7796,81;7806,34;7792,73;7801,57;6544534134,00;83905
WDOFUT;21/12/2021;09:15:00;7798,85;7807,02;7790,69;7796,13;6588864964,00;84488
WDOFUT;21/12/2021;09:00:00;7802,94;7813,14;7795,45;7799,53;7578472145,00;97115
WDOFUT;20/12/2021;18:15:00;7826,07;7836,95;7824,71;7834,23;2343102387,00;29914
WDOFUT;20/12/2021;18:00:00;7824,03;7828,11;7821,99;7826,07;1606087276,00;20526
WDOFUT;20/12/2021;17:45:00;7828,11;7828,79;7821,99;7824,03;1878855578,00;24010
WDOFUT;20/12/2021;17:30:00;7828,11;7830,15;7822,67;7828,11;2493792483,00;31865
WDOFUT;20/12/2021;17:15:00;7834,23;7834,91;7826,75;7828,79;2464612152,00;31477
WDOFUT;20/12/2021;17:00:00;7834,23;7836,27;7826,07;7834,91;3889036353,00;49662
WDOFUT;20/12/2021;16:45:00;7821,99;7836,27;7819,94;7833,55;3798142036,00;48520
WDOFUT;20/12/2021;16:30:00;7824,03;7825,39;7819,26;7822,67;2172145157,00;27768
WDOFUT;20/12/2021;16:15:00;7828,11;7828,79;7817,90;7824,03;5120012787,00;65449
WDOFUT;20/12/2021;16:00:00;7818,58;7828,79;7815,18;7827,43;4846974685,00;61980
WDOFUT;20/12/2021;15:45:00;7809,06;7824,71;7806,34;7818,58;5902679388,00;75515
WDOFUT;20/12/2021;15:30:00;7807,02;7810,42;7801,57;7809,06;2329801284,00;29847
WDOFUT;20/12/2021;15:15:00;7806,34;7810,42;7804,30;7807,02;1520194750,00;19472
WDOFUT;20/12/2021;15:00:00;7810,42;7812,46;7805,66;7806,34;1984674137,00;25414
WDOFUT;20/12/2021;14:45:00;7800,21;7811,10;7797,49;7809,74;3302886829,00;42312
WDOFUT;20/12/2021;14:30:00;7799,53;7805,66;7796,81;7800,21;3224784175,00;41335
WDOFUT;20/12/2021;14:15:00;7802,94;7807,02;7794,09;7800,21;3929658567,00;50375
WDOFUT;20/12/2021;14:00:00;7802,94;7809,06;7801,57;7802,94;1866986537,00;23919
WDOFUT;20/12/2021;13:45:00;7803,62;7809,74;7798,85;7802,94;3504817704,00;44910
WDOFUT;20/12/2021;13:30:00;7801,57;7812,46;7800,21;7803,62;3862107497,00;49467
WDOFUT;20/12/2021;13:15:00;7802,25;7804,98;7797,49;7801,57;2782072039,00;35659
WDOFUT;20/12/2021;13:00:00;7807,70;7809,06;7795,45;7801,57;5976366114,00;76608
WDOFUT;20/12/2021;12:45:00;7810,42;7816,54;7800,21;7807,02;6906446600,00;88456
WDOFUT;20/12/2021;12:30:00;7790,01;7817,22;7787,29;7810,42;8152362740,00;104502
WDOFUT;20/12/2021;12:15:00;7778,44;7792,05;7772,32;7790,69;4753972453,00;61079
WDOFUT;20/12/2021;12:00:00;7777,08;7788,65;7766,20;7778,44;7244753040,00;93152
WDOFUT;20/12/2021;11:45:00;7781,84;7785,25;7773,00;7777,76;5207949125,00;66948
WDOFUT;20/12/2021;11:30:00;7779,80;7793,41;7773,00;7781,16;7160029464,00;91993
WDOFUT;20/12/2021;11:15:00;7786,61;7788,65;7768,24;7779,80;6009458955,00;77264
WDOFUT;20/12/2021;11:00:00;7784,57;7788,65;7771,64;7787,29;7934650695,00;101966
WDOFUT;20/12/2021;10:45:00;7775,04;7785,93;7770,96;7784,57;5803728324,00;74606
WDOFUT;20/12/2021;10:30:00;7767,56;7780,48;7760,07;7775,04;8495471227,00;109320
WDOFUT;20/12/2021;10:15:00;7768,92;7778,44;7758,71;7767,56;7283029836,00;93749
WDOFUT;20/12/2021;10:00:00;7773,00;7779,12;7762,79;7768,92;1,031856245E10;132789
WDOFUT;20/12/2021;09:45:00;7791,37;7794,09;7770,96;7773,00;8117101616,00;104288
WDOFUT;20/12/2021;09:30:00;7795,45;7796,13;7779,12;7790,69;7661248259,00;98395
WDOFUT;20/12/2021;09:15:00;7794,09;7802,25;7783,21;7795,45;7851083918,00;100740
WDOFUT;20/12/2021;09:00:00;7789,33;7800,89;7773,68;7794,77;8247106546,00;105884
WDOFUT;17/12/2021;18:15:00;7768,24;7775,04;7765,52;7768,24;1770320606,00;22784
WDOFUT;17/12/2021;18:00:00;7758,03;7770,96;7756,67;7768,92;2024554395,00;26080
WDOFUT;17/12/2021;17:45:00;7745,79;7760,07;7745,11;7758,03;2033126391,00;26229
WDOFUT;17/12/2021;17:30:00;7757,35;7758,03;7742,38;7745,11;2831420091,00;36539
WDOFUT;17/12/2021;17:15:00;7753,27;7761,43;7749,87;7756,67;2248235090,00;28983
WDOFUT;17/12/2021;17:00:00;7755,31;7756,67;7750,55;7753,95;1944678470,00;25082
WDOFUT;17/12/2021;16:45:00;7754,63;7760,07;7751,23;7755,31;2209859181,00;28493
WDOFUT;17/12/2021;16:30:00;7751,23;7756,67;7750,55;7754,63;1746145991,00;22520
WDOFUT;17/12/2021;16:15:00;7756,67;7758,71;7749,87;7751,23;2208616249,00;28484
WDOFUT;17/12/2021;16:00:00;7747,15;7759,39;7745,79;7755,99;2894332193,00;37327
WDOFUT;17/12/2021;15:45:00;7744,43;7758,71;7743,06;7746,47;5148600492,00;66425
WDOFUT;17/12/2021;15:30:00;7738,30;7747,83;7738,30;7743,74;2463771770,00;31814
WDOFUT;17/12/2021;15:15:00;7745,11;7745,79;7736,26;7738,98;1886894595,00;24376
WDOFUT;17/12/2021;15:00:00;7744,43;7747,83;7741,70;7745,79;1751694675,00;22618
WDOFUT;17/12/2021;14:45:00;7740,34;7747,15;7736,94;7744,43;2819857241,00;36421
WDOFUT;17/12/2021;14:30:00;7736,94;7747,15;7736,94;7739,66;3452049996,00;44594
WDOFUT;17/12/2021;14:15:00;7741,02;7741,70;7724,01;7737,62;6457175644,00;83512
WDOFUT;17/12/2021;14:00:00;7743,74;7747,15;7739,66;7740,34;2014622216,00;26016
WDOFUT;17/12/2021;13:45:00;7746,47;7750,55;7743,06;7743,74;1687647054,00;21782
WDOFUT;17/12/2021;13:30:00;7741,70;7752,59;7740,34;7747,15;4367205274,00;56372
WDOFUT;17/12/2021;13:15:00;7732,86;7745,79;7727,42;7741,70;3598298658,00;46508
WDOFUT;17/12/2021;13:00:00;7742,38;7751,91;7730,82;7732,18;7057112143,00;91146
WDOFUT;17/12/2021;12:45:00;7738,98;7745,11;7732,86;7743,06;7738669107,00;99984
WDOFUT;17/12/2021;12:30:00;7753,95;7754,63;7726,74;7738,30;9378673816,00;121181
WDOFUT;17/12/2021;12:15:00;7766,88;7766,88;7751,23;7754,63;6125763328,00;78960
WDOFUT;17/12/2021;12:00:00;7761,43;7770,96;7753,27;7766,88;6893536671,00;88799
WDOFUT;17/12/2021;11:45:00;7770,96;7771,64;7755,99;7760,75;5676703097,00;73114
WDOFUT;17/12/2021;11:30:00;7779,12;7785,25;7762,79;7771,64;9535913364,00;122676
WDOFUT;17/12/2021;11:15:00;7776,40;7784,57;7773,00;7779,12;5278650597,00;67854
WDOFUT;17/12/2021;11:00:00;7779,80;7783,21;7770,28;7776,40;5823301255,00;74882
WDOFUT;17/12/2021;10:45:00;7776,40;7787,97;7766,88;7779,80;8272388158,00;106361
WDOFUT;17/12/2021;10:30:00;7779,12;7781,16;7766,20;7776,40;5750164729,00;73962
WDOFUT;17/12/2021;10:15:00;7784,57;7789,33;7769,60;7779,12;8176331249,00;105124
WDOFUT;17/12/2021;10:00:00;7791,37;7798,85;7770,28;7784,57;9735115178,00;125079
WDOFUT;17/12/2021;09:45:00;7790,01;7795,45;7773,68;7791,37;9076698173,00;116545
WDOFUT;17/12/2021;09:30:00;7779,80;7791,37;7768,24;7789,33;7864022367,00;101096
WDOFUT;17/12/2021;09:15:00;7789,33;7796,81;7775,72;7779,12;7923277452,00;101748
WDOFUT;17/12/2021;09:00:00;7758,03;7790,69;7756,67;7789,33;9623747677,00;123717
WDOFUT;16/12/2021;18:15:00;7763,47;7773,68;7760,07;7764,84;1624545052,00;20915
WDOFUT;16/12/2021;18:00:00;7762,79;7768,24;7760,07;7762,79;1271441038,00;16376
WDOFUT;16/12/2021;17:45:00;7753,95;7768,24;7752,59;7762,79;2121330128,00;27341
WDOFUT;16/12/2021;17:30:00;7746,47;7753,95;7744,43;7753,27;1623641520,00;20954
WDOFUT;16/12/2021;17:15:00;7753,95;7756,67;7744,43;7746,47;2179789993,00;28128
WDOFUT;16/12/2021;17:00:00;7751,23;7760,75;7747,83;7753,95;2537566243,00;32723
WDOFUT;16/12/2021;16:45:00;7750,55;7765,52;7749,19;7751,23;4909685649,00;63292
WDOFUT;16/12/2021;16:30:00;7747,15;7752,59;7745,11;7751,23;2243749671,00;28954
WDOFUT;16/12/2021;16:15:00;7741,70;7754,63;7738,30;7747,15;3586260414,00;46286
WDOFUT;16/12/2021;16:00:00;7741,02;7743,06;7732,18;7741,70;3100300708,00;40067
WDOFUT;16/12/2021;15:45:00;7735,58;7743,74;7725,38;7741,70;5267533377,00;68104
WDOFUT;16/12/2021;15:30:00;7736,94;7738,98;7731,50;7734,90;3064840868,00;39622
WDOFUT;16/12/2021;15:15:00;7738,30;7749,87;7736,26;7736,94;3204716868,00;41394
WDOFUT;16/12/2021;15:00:00;7743,74;7747,15;7734,90;7738,30;3332814763,00;43052
WDOFUT;16/12/2021;14:45:00;7728,10;7744,43;7725,38;7744,43;3512007433,00;45418
WDOFUT;16/12/2021;14:30:00;7746,47;7747,83;7726,74;7727,42;4376037953,00;56571
WDOFUT;16/12/2021;14:15:00;7739,66;7749,87;7736,26;7746,47;3561570693,00;45999
WDOFUT;16/12/2021;14:00:00;7733,54;7741,70;7728,78;7739,66;3181694501,00;41126
WDOFUT;16/12/2021;13:45:00;7731,50;7738,98;7726,06;7732,86;3907163369,00;50526
WDOFUT;16/12/2021;13:30:00;7726,06;7739,66;7725,38;7731,50;3945936168,00;51026
WDOFUT;16/12/2021;13:15:00;7762,79;7763,47;7725,38;7726,06;9378851523,00;121177
WDOFUT;16/12/2021;13:00:00;7751,91;7774,36;7746,47;7762,79;8895943827,00;114626
WDOFUT;16/12/2021;12:45:00;7796,13;7798,17;7745,79;7751,23;1,660251987E10;213825
WDOFUT;16/12/2021;12:30:00;7802,25;7809,74;7792,73;7796,13;3883183430,00;49778
WDOFUT;16/12/2021;12:15:00;7804,98;7815,18;7789,33;7802,25;9431220336,00;120876
WDOFUT;16/12/2021;12:00:00;7798,17;7809,74;7796,13;7805,66;5848876377,00;74936
WDOFUT;16/12/2021;11:45:00;7798,85;7804,98;7790,01;7798,85;7599672983,00;97459
WDOFUT;16/12/2021;11:30:00;7773,00;7802,94;7769,60;7798,85;1,203438055E10;154573
WDOFUT;16/12/2021;11:15:00;7777,76;7787,29;7771,64;7773,68;7900473546,00;101568
WDOFUT;16/12/2021;11:00:00;7760,75;7779,12;7751,23;7777,76;1,053267516E10;135611
WDOFUT;16/12/2021;10:45:00;7745,79;7765,52;7745,11;7760,75;8637843370,00;111380
WDOFUT;16/12/2021;10:30:00;7751,91;7768,24;7744,43;7745,79;8447960114,00;108934
WDOFUT;16/12/2021;10:15:00;7751,23;7755,99;7742,38;7751,91;4858472806,00;62695
WDOFUT;16/12/2021;10:00:00;7750,55;7761,43;7732,86;7751,91;1,269669486E10;163859
WDOFUT;16/12/2021;09:45:00;7742,38;7753,95;7735,58;7750,55;9120686324,00;117759
WDOFUT;16/12/2021;09:30:00;7765,52;7771,64;7741,02;7742,38;1,342302934E10;173022
WDOFUT;16/12/2021;09:15:00;7782,52;7792,05;7761,43;7766,20;1,183742361E10;152187
WDOFUT;16/12/2021;09:00:00;7739,66;7786,61;7732,86;7781,84;1,302950173E10;167803
WDOFUT;15/12/2021;18:15:00;7760,07;7770,28;7755,99;7760,75;1260109501,00;16232
WDOFUT;15/12/2021;18:00:00;7762,11;7768,24;7755,31;7760,75;1918283125,00;24714
WDOFUT;15/12/2021;17:45:00;7787,97;7790,69;7760,75;7762,11;3999710053,00;51436
WDOFUT;15/12/2021;17:30:00;7785,93;7788,65;7775,72;7787,97;3153189757,00;40523
WDOFUT;15/12/2021;17:15:00;7777,76;7796,13;7775,04;7785,25;4257409593,00;54682
WDOFUT;15/12/2021;17:00:00;7792,73;7795,45;7775,04;7777,76;6456150316,00;82943
WDOFUT;15/12/2021;16:45:00;7804,30;7805,66;7783,89;7792,73;7591726467,00;97395
WDOFUT;15/12/2021;16:30:00;7812,46;7821,30;7794,77;7804,30;5466106051,00;70009
WDOFUT;15/12/2021;16:15:00;7798,85;7821,99;7794,09;7812,46;7085385765,00;90723
WDOFUT;15/12/2021;16:00:00;7815,86;7831,51;7792,73;7798,85;1,372810388E10;175765
WDOFUT;15/12/2021;15:45:00;7813,14;7818,58;7808,38;7814,50;3374217420,00;43186
WDOFUT;15/12/2021;15:30:00;7809,06;7813,14;7800,21;7812,46;2667502437,00;34169
WDOFUT;15/12/2021;15:15:00;7805,66;7816,54;7803,62;7809,74;2821835529,00;36130
WDOFUT;15/12/2021;15:00:00;7804,98;7811,10;7795,45;7806,34;3190244951,00;40880
WDOFUT;15/12/2021;14:45:00;7800,21;7812,46;7795,45;7805,66;4224432480,00;54132
WDOFUT;15/12/2021;14:30:00;7792,73;7805,66;7791,37;7800,21;4295788761,00;55082
WDOFUT;15/12/2021;14:15:00;7802,25;7803,62;7790,69;7792,73;3016289357,00;38683
WDOFUT;15/12/2021;14:00:00;7800,89;7804,30;7792,73;7802,94;3770441057,00;48350
WDOFUT;15/12/2021;13:45:00;7800,21;7802,94;7793,41;7800,89;2973571610,00;38131
WDOFUT;15/12/2021;13:30:00;7800,21;7811,78;7796,13;7800,21;5200672835,00;66642
WDOFUT;15/12/2021;13:15:00;7802,25;7805,66;7790,69;7800,89;6333941518,00;81225
WDOFUT;15/12/2021;13:00:00;7817,22;7821,99;7798,85;7801,57;9160842948,00;117277
WDOFUT;15/12/2021;12:45:00;7800,21;7818,58;7800,21;7817,90;5579984180,00;71428
WDOFUT;15/12/2021;12:30:00;7794,77;7808,38;7794,77;7800,21;3831935487,00;49118
WDOFUT;15/12/2021;12:15:00;7801,57;7804,30;7791,37;7794,77;6193375173,00;79431
WDOFUT;15/12/2021;12:00:00;7814,50;7818,58;7798,85;7801,57;8668924151,00;110979
WDOFUT;15/12/2021;11:45:00;7799,53;7817,22;7796,13;7813,82;6995413417,00;89625
WDOFUT;15/12/2021;11:30:00;7784,57;7802,25;7784,57;7798,85;5660449560,00;72624
WDOFUT;15/12/2021;11:15:00;7786,61;7795,45;7777,76;7785,25;6495787261,00;83426
WDOFUT;15/12/2021;11:00:00;7783,21;7787,97;7763,47;7787,29;1,24519751E10;160131
WDOFUT;15/12/2021;10:45:00;7803,62;7819,26;7776,40;7782,52;2,309692717E10;296498
WDOFUT;15/12/2021;10:30:00;7806,34;7807,70;7791,37;7803,62;9463585597,00;121318
WDOFUT;15/12/2021;10:15:00;7802,25;7814,50;7798,17;7807,02;8753247266,00;112124
WDOFUT;15/12/2021;10:00:00;7783,89;7806,34;7778,44;7802,94;1,328173798E10;170435
WDOFUT;15/12/2021;09:45:00;7756,67;7787,97;7753,27;7783,89;1,510090571E10;194290
WDOFUT;15/12/2021;09:30:00;7730,14;7766,88;7728,10;7755,99;1,284532889E10;165730
WDOFUT;15/12/2021;09:15:00;7751,23;7751,91;7729,46;7730,14;9733623402,00;125745
WDOFUT;15/12/2021;09:00:00;7756,67;7762,79;7745,11;7751,91;8117751684,00;104694
WDOFUT;14/12/2021;18:15:00;7767,56;7768,24;7758,71;7760,07;1337319093,00;17222
WDOFUT;14/12/2021;18:00:00;7770,28;7772,32;7766,88;7767,56;884691521,40;11387
WDOFUT;14/12/2021;17:45:00;7767,56;7773,00;7764,84;7770,28;1744194135,00;22452
WDOFUT;14/12/2021;17:30:00;7770,28;7773,68;7766,20;7767,56;2664155829,00;34291
WDOFUT;14/12/2021;17:15:00;7770,28;7775,72;7766,20;7770,28;2095293409,00;26964
WDOFUT;14/12/2021;17:00:00;7777,76;7779,80;7770,28;7770,96;2395630081,00;30816
WDOFUT;14/12/2021;16:45:00;7771,64;7781,16;7770,96;7778,44;2548356929,00;32772
WDOFUT;14/12/2021;16:30:00;7776,40;7781,16;7770,28;7771,64;2363254554,00;30391
WDOFUT;14/12/2021;16:15:00;7773,68;7781,16;7766,88;7776,40;2755409779,00;35436
WDOFUT;14/12/2021;16:00:00;7774,36;7777,76;7766,20;7773,68;4952182895,00;63715
WDOFUT;14/12/2021;15:45:00;7775,04;7783,21;7772,32;7775,04;5412667960,00;69591
WDOFUT;14/12/2021;15:30:00;7766,20;7775,72;7760,07;7775,04;3412502387,00;43931
WDOFUT;14/12/2021;15:15:00;7773,00;7775,04;7761,43;7766,20;4947064023,00;63697
WDOFUT;14/12/2021;15:00:00;7762,11;7777,76;7762,11;7773,00;7633818353,00;98258
WDOFUT;14/12/2021;14:45:00;7750,55;7762,79;7745,79;7762,79;4949704135,00;63828
WDOFUT;14/12/2021;14:30:00;7745,11;7751,23;7739,66;7749,87;3328018302,00;42962
WDOFUT;14/12/2021;14:15:00;7740,34;7752,59;7739,66;7745,11;4853960711,00;62646
WDOFUT;14/12/2021;14:00:00;7745,79;7747,83;7736,94;7741,02;3706689477,00;47878
WDOFUT;14/12/2021;13:45:00;7737,62;7747,83;7734,90;7746,47;4147910477,00;53581
WDOFUT;14/12/2021;13:30:00;7732,86;7738,98;7730,82;7737,62;2848039587,00;36818
WDOFUT;14/12/2021;13:15:00;7734,90;7734,90;7726,06;7732,86;3993796647,00;51660
WDOFUT;14/12/2021;13:00:00;7732,86;7736,94;7724,01;7734,90;5606124884,00;72515
WDOFUT;14/12/2021;12:45:00;7722,65;7737,62;7718,57;7732,18;5946436669,00;76953
WDOFUT;14/12/2021;12:30:00;7710,41;7724,70;7707,69;7721,97;5396132602,00;69926
WDOFUT;14/12/2021;12:15:00;7709,73;7716,53;7704,28;7709,73;4964057869,00;64381
WDOFUT;14/12/2021;12:00:00;7697,48;7713,13;7696,12;7709,73;6125868598,00;79498
WDOFUT;14/12/2021;11:45:00;7707,01;7709,73;7694,08;7697,48;7092208983,00;92094
WDOFUT;14/12/2021;11:30:00;7697,48;7710,41;7693,40;7707,01;7532920066,00;97810
WDOFUT;14/12/2021;11:15:00;7694,08;7697,48;7681,83;7697,48;8035030433,00;104487
WDOFUT;14/12/2021;11:00:00;7712,45;7713,81;7692,04;7694,08;9984588136,00;129662
WDOFUT;14/12/2021;10:45:00;7695,44;7713,13;7695,44;7711,77;8065939901,00;104679
WDOFUT;14/12/2021;10:30:00;7676,39;7702,24;7674,35;7695,44;1,210859793E10;157492
WDOFUT;14/12/2021;10:15:00;7696,80;7698,84;7675,71;7676,39;1,389805745E10;180748
WDOFUT;14/12/2021;10:00:00;7726,74;7728,78;7694,08;7696,80;1,576579623E10;204544
WDOFUT;14/12/2021;09:45:00;7740,34;7743,74;7722,65;7726,74;1,078934826E10;139561
WDOFUT;14/12/2021;09:30:00;7747,15;7747,83;7731,50;7740,34;7736956033,00;99984
WDOFUT;14/12/2021;09:15:00;7748,51;7754,63;7743,06;7747,15;5158330893,00;66560
WDOFUT;14/12/2021;09:00:00;7737,62;7753,95;7734,22;7748,51;8311367790,00;107334
WDOFUT;13/12/2021;18:15:00;7755,99;7762,79;7749,87;7762,11;1606645198,00;20711
WDOFUT;13/12/2021;18:00:00;7755,31;7760,75;7750,55;7756,67;1636525133,00;21100
WDOFUT;13/12/2021;17:45:00;7748,51;7762,11;7746,47;7755,31;3186710035,00;41091
WDOFUT;13/12/2021;17:30:00;7743,74;7749,19;7739,66;7748,51;1489751410,00;19237
WDOFUT;13/12/2021;17:15:00;7747,15;7749,19;7742,38;7744,43;1668742914,00;21541
WDOFUT;13/12/2021;17:00:00;7753,27;7753,27;7742,38;7746,47;2152209988,00;27785
WDOFUT;13/12/2021;16:45:00;7752,59;7755,31;7747,83;7752,59;1554204132,00;20050
WDOFUT;13/12/2021;16:30:00;7755,99;7756,67;7745,11;7752,59;2630699803,00;33945
WDOFUT;13/12/2021;16:15:00;7748,51;7757,35;7743,74;7755,99;3756885939,00;48471
WDOFUT;13/12/2021;16:00:00;7743,06;7750,55;7739,66;7749,19;2183443439,00;28192
WDOFUT;13/12/2021;15:45:00;7744,43;7747,83;7731,50;7743,06;4904120896,00;63370
WDOFUT;13/12/2021;15:30:00;7745,11;7750,55;7742,38;7744,43;2579271255,00;33296
WDOFUT;13/12/2021;15:15:00;7738,30;7749,19;7737,62;7745,11;2511869032,00;32435
WDOFUT;13/12/2021;15:00:00;7743,74;7745,79;7735,58;7737,62;1888126341,00;24397
WDOFUT;13/12/2021;14:45:00;7738,98;7747,15;7734,22;7744,43;2762775324,00;35685
WDOFUT;13/12/2021;14:30:00;7738,30;7745,11;7734,90;7738,30;2876838222,00;37170
WDOFUT;13/12/2021;14:15:00;7741,70;7747,15;7735,58;7737,62;3327970902,00;42990
WDOFUT;13/12/2021;14:00:00;7732,18;7741,70;7730,82;7741,70;2910589486,00;37621
WDOFUT;13/12/2021;13:45:00;7730,82;7744,43;7729,46;7732,18;3886034145,00;50217
WDOFUT;13/12/2021;13:30:00;7734,22;7739,66;7716,53;7730,82;6520664099,00;84378
WDOFUT;13/12/2021;13:15:00;7708,37;7735,58;7700,20;7734,22;9680529247,00;125445
WDOFUT;13/12/2021;13:00:00;7753,27;7755,99;7699,52;7709,05;2,031323901E10;262989
WDOFUT;13/12/2021;12:45:00;7729,46;7758,03;7726,74;7753,27;1,230446327E10;158897
WDOFUT;13/12/2021;12:30:00;7720,61;7734,22;7719,93;7730,14;5168618535,00;66885
WDOFUT;13/12/2021;12:15:00;7713,81;7724,01;7709,73;7719,93;7366044869,00;95446
WDOFUT;13/12/2021;12:00:00;7696,80;7716,53;7692,04;7714,49;9258720460,00;120132
WDOFUT;13/12/2021;11:45:00;7708,37;7713,81;7694,76;7696,80;7027313652,00;91197
WDOFUT;13/12/2021;11:30:00;7707,01;7709,73;7695,44;7707,69;6640213946,00;86194
WDOFUT;13/12/2021;11:15:00;7704,28;7712,45;7700,20;7707,01;7804768194,00;101285
WDOFUT;13/12/2021;11:00:00;7689,32;7705,65;7684,55;7704,28;7930564417,00;103042
WDOFUT;13/12/2021;10:45:00;7685,92;7700,20;7681,83;7690,00;1,118678102E10;145446
WDOFUT;13/12/2021;10:30:00;7682,51;7689,32;7664,82;7685,92;1,230770031E10;160306
WDOFUT;13/12/2021;10:15:00;7655,30;7683,87;7653,26;7681,83;1,087196199E10;141759
WDOFUT;13/12/2021;10:00:00;7667,55;7672,31;7653,94;7655,98;1,180256741E10;154006
WDOFUT;13/12/2021;09:45:00;7693,40;7696,80;7665,50;7668,23;8713895591,00;113414
WDOFUT;13/12/2021;09:30:00;7685,23;7696,80;7678,43;7692,72;7087960720,00;92216
WDOFUT;13/12/2021;09:15:00;7674,35;7691,36;7670,95;7685,23;9561949573,00;124496
WDOFUT;13/12/2021;09:00:00;7659,38;7674,35;7658,02;7674,35;6747067609,00;88023
WDOFUT;10/12/2021;18:15:00;7665,50;7677,75;7660,74;7672,31;1119111339,00;14597
WDOFUT;10/12/2021;18:00:00;7665,50;7667,55;7660,74;7664,82;1529830556,00;19964
WDOFUT;10/12/2021;17:45:00;7670,95;7671,63;7664,14;7665,50;1255269341,00;16370
WDOFUT;10/12/2021;17:30:00;7667,55;7672,31;7666,18;7670,95;1084714205,00;14144
WDOFUT;10/12/2021;17:15:00;7664,14;7672,31;7664,14;7667,55;1763789538,00;23000
WDOFUT;10/12/2021;17:00:00;7672,31;7674,35;7663,46;7664,14;1795493668,00;23414
WDOFUT;10/12/2021;16:45:00;7670,27;7675,71;7668,91;7672,31;1399997088,00;18245
WDOFUT;10/12/2021;16:30:00;7672,99;7674,35;7668,23;7670,95;1147011129,00;14952
WDOFUT;10/12/2021;16:15:00;7671,63;7675,71;7668,91;7672,31;1264718764,00;16484
WDOFUT;10/12/2021;16:00:00;7677,75;7678,43;7666,18;7672,31;2841108317,00;37037
WDOFUT;10/12/2021;15:45:00;7672,31;7680,47;7670,95;7677,75;2686756100,00;35000
WDOFUT;10/12/2021;15:30:00;7676,39;7679,79;7670,27;7672,31;2422852181,00;31568
WDOFUT;10/12/2021;15:15:00;7668,23;7681,15;7666,87;7676,39;4135307971,00;53876
WDOFUT;10/12/2021;15:00:00;7668,91;7674,35;7664,82;7667,55;3508669976,00;45743
WDOFUT;10/12/2021;14:45:00;7655,98;7672,99;7655,30;7669,59;4103555236,00;53536
WDOFUT;10/12/2021;14:30:00;7655,98;7658,02;7648,50;7655,98;2350226380,00;30709
WDOFUT;10/12/2021;14:15:00;7650,54;7660,74;7646,45;7655,98;3049846027,00;39846
WDOFUT;10/12/2021;14:00:00;7653,26;7655,30;7647,82;7650,54;1605289403,00;20982
WDOFUT;10/12/2021;13:45:00;7647,82;7653,94;7645,77;7653,26;1984723741,00;25945
WDOFUT;10/12/2021;13:30:00;7647,82;7655,30;7645,09;7648,50;3020877237,00;39488
WDOFUT;10/12/2021;13:15:00;7653,26;7655,98;7644,41;7647,82;5018388505,00;65598
WDOFUT;10/12/2021;13:00:00;7658,70;7663,46;7651,22;7653,26;4070952233,00;53161
WDOFUT;10/12/2021;12:45:00;7670,27;7670,27;7654,62;7658,70;4550139945,00;59387
WDOFUT;10/12/2021;12:30:00;7660,74;7677,07;7660,06;7669,59;4172367668,00;54399
WDOFUT;10/12/2021;12:15:00;7660,06;7667,55;7649,18;7660,06;5187645893,00;67731
WDOFUT;10/12/2021;12:00:00;7644,41;7662,78;7641,69;7660,06;8067825573,00;105392
WDOFUT;10/12/2021;11:45:00;7639,65;7655,30;7636,25;7645,09;1,191214577E10;155811
WDOFUT;10/12/2021;11:30:00;7687,96;7701,56;7628,77;7640,33;3,09789023E10;404347
WDOFUT;10/12/2021;11:15:00;7660,06;7688,64;7656,66;7687,28;1,157401805E10;150837
WDOFUT;10/12/2021;11:00:00;7641,69;7662,10;7630,81;7660,06;1,433966382E10;187467
WDOFUT;10/12/2021;10:45:00;7622,64;7648,50;7621,96;7641,69;1,299009882E10;170158
WDOFUT;10/12/2021;10:30:00;7635,57;7637,61;7599,51;7621,96;2,074403018E10;272365
WDOFUT;10/12/2021;10:15:00;7628,09;7645,77;7621,96;7635,57;1,055852691E10;138285
WDOFUT;10/12/2021;10:00:00;7624,68;7632,17;7619,92;7628,09;7519411300,00;98603
WDOFUT;10/12/2021;09:45:00;7625,36;7632,85;7620,60;7625,36;4604085707,00;60368
WDOFUT;10/12/2021;09:30:00;7623,32;7630,81;7620,60;7625,36;6556062640,00;85968
WDOFUT;10/12/2021;09:15:00;7613,12;7626,04;7609,72;7623,32;8264821202,00;108503
WDOFUT;10/12/2021;09:00:00;7599,51;7614,48;7598,15;7613,12;7040052970,00;92548
WDOFUT;09/12/2021;18:15:00;7624,68;7628,09;7617,20;7617,88;2002925977,00;26276
WDOFUT;09/12/2021;18:00:00;7628,77;7630,13;7621,96;7624,68;1605559230,00;21055
WDOFUT;09/12/2021;17:45:00;7624,68;7632,85;7620,60;7628,09;2144521848,00;28119
WDOFUT;09/12/2021;17:30:00;7625,36;7630,13;7621,96;7624,68;1860863345,00;24401
WDOFUT;09/12/2021;17:15:00;7621,28;7628,77;7616,52;7626,04;2473018170,00;32447
WDOFUT;09/12/2021;17:00:00;7619,92;7627,40;7617,88;7621,28;2639130218,00;34623
WDOFUT;09/12/2021;16:45:00;7629,45;7629,45;7618,56;7619,92;3705532998,00;48611
WDOFUT;09/12/2021;16:30:00;7630,13;7637,61;7626,04;7629,45;3743892926,00;49049
WDOFUT;09/12/2021;16:15:00;7629,45;7633,53;7626,72;7630,81;2493718087,00;32680
WDOFUT;09/12/2021;16:00:00;7632,85;7635,57;7624,00;7629,45;4764609992,00;62454
WDOFUT;09/12/2021;15:45:00;7637,61;7649,18;7631,49;7633,53;6077386918,00;79541
WDOFUT;09/12/2021;15:30:00;7640,33;7645,77;7635,57;7636,93;4306569521,00;56370
WDOFUT;09/12/2021;15:15:00;7641,01;7646,45;7639,65;7640,33;2279449920,00;29826
WDOFUT;09/12/2021;15:00:00;7639,65;7645,09;7638,29;7641,69;3969139188,00;51945
WDOFUT;09/12/2021;14:45:00;7653,26;7654,62;7636,93;7638,97;5033558774,00;65836
WDOFUT;09/12/2021;14:30:00;7647,82;7654,62;7643,73;7653,26;4846606582,00;63364
WDOFUT;09/12/2021;14:15:00;7633,53;7651,90;7633,53;7648,50;6246801856,00;81718
WDOFUT;09/12/2021;14:00:00;7631,49;7639,65;7630,81;7634,21;4117493949,00;53925
WDOFUT;09/12/2021;13:45:00;7628,77;7632,17;7624,68;7631,49;2903311624,00;38058
WDOFUT;09/12/2021;13:30:00;7624,00;7632,17;7621,96;7628,77;3338411003,00;43770
WDOFUT;09/12/2021;13:15:00;7615,84;7629,45;7615,16;7623,32;5040306003,00;66120
WDOFUT;09/12/2021;13:00:00;7622,64;7623,32;7608,36;7615,84;5813121680,00;76349
WDOFUT;09/12/2021;12:45:00;7617,20;7624,00;7614,48;7622,64;3187998333,00;41843
WDOFUT;09/12/2021;12:30:00;7617,88;7625,36;7615,84;7617,20;4336212354,00;56907
WDOFUT;09/12/2021;12:15:00;7612,44;7621,28;7609,72;7617,88;3807022815,00;49997
WDOFUT;09/12/2021;12:00:00;7606,99;7615,84;7605,63;7612,44;5645807154,00;74187
WDOFUT;09/12/2021;11:45:00;7611,76;7624,00;7605,63;7606,31;8998685700,00;118153
WDOFUT;09/12/2021;11:30:00;7594,75;7615,16;7594,07;7612,44;7461995766,00;98120
WDOFUT;09/12/2021;11:15:00;7589,31;7601,55;7585,90;7594,75;6141486409,00;80873
WDOFUT;09/12/2021;11:00:00;7606,99;7608,36;7586,58;7589,99;8793985507,00;115771
WDOFUT;09/12/2021;10:45:00;7583,18;7610,40;7582,50;7606,99;1,048588745E10;137994
WDOFUT;09/12/2021;10:30:00;7583,18;7589,31;7577,74;7582,50;7156387863,00;94366
WDOFUT;09/12/2021;10:15:00;7581,14;7589,31;7572,98;7583,18;8407241344,00;110886
WDOFUT;09/12/2021;10:00:00;7555,97;7583,18;7555,29;7580,46;1,519966636E10;200778
WDOFUT;09/12/2021;09:45:00;7555,97;7561,41;7548,48;7555,29;7097575122,00;93938
WDOFUT;09/12/2021;09:30:00;7549,85;7558,01;7545,08;7555,97;6888022277,00;91218
WDOFUT;09/12/2021;09:15:00;7554,61;7568,21;7546,44;7549,85;9974651323,00;132012
WDOFUT;09/12/2021;09:00:00;7570,94;7579,10;7551,89;7555,29;1,069331438E10;141451
WDOFUT;08/12/2021;18:15:00;7570,94;7579,10;7562,77;7565,49;2048508386,00;27060
WDOFUT;08/12/2021;18:00:00;7562,77;7573,66;7562,09;7570,94;1714741779,00;22654
WDOFUT;08/12/2021;17:45:00;7562,77;7565,49;7558,69;7562,77;1823690452,00;24115
WDOFUT;08/12/2021;17:30:00;7566,17;7570,26;7559,37;7562,77;2376136894,00;31410
WDOFUT;08/12/2021;17:15:00;7572,98;7572,98;7561,41;7566,17;2430930230,00;32125
WDOFUT;08/12/2021;17:00:00;7570,26;7573,66;7566,85;7572,30;1963126081,00;25933
WDOFUT;08/12/2021;16:45:00;7574,34;7574,34;7558,69;7570,94;4572550153,00;60435
WDOFUT;08/12/2021;16:30:00;7573,66;7576,38;7571,62;7573,66;2041846316,00;26959
WDOFUT;08/12/2021;16:15:00;7571,62;7578,42;7569,58;7574,34;2345516595,00;30963
WDOFUT;08/12/2021;16:00:00;7570,94;7575,70;7566,17;7571,62;3644952428,00;48143
WDOFUT;08/12/2021;15:45:00;7581,14;7583,18;7567,53;7571,62;4479851643,00;59132
WDOFUT;08/12/2021;15:30:00;7584,54;7587,26;7578,42;7580,46;2235293178,00;29479
WDOFUT;08/12/2021;15:15:00;7579,78;7590,67;7579,78;7584,54;2878280802,00;37943
WDOFUT;08/12/2021;15:00:00;7581,82;7587,26;7579,10;7579,78;4144413069,00;54648
WDOFUT;08/12/2021;14:45:00;7573,66;7582,50;7572,98;7581,82;3329677417,00;43942
WDOFUT;08/12/2021;14:30:00;7579,10;7583,18;7572,98;7573,66;3230672578,00;42633
WDOFUT;08/12/2021;14:15:00;7580,46;7583,18;7572,98;7579,10;3229813915,00;42620
WDOFUT;08/12/2021;14:00:00;7578,42;7581,14;7575,70;7580,46;1779028284,00;23475
WDOFUT;08/12/2021;13:45:00;7571,62;7582,50;7569,58;7577,74;3608514516,00;47627
WDOFUT;08/12/2021;13:30:00;7565,49;7577,06;7564,13;7571,62;4738941540,00;62587
WDOFUT;08/12/2021;13:15:00;7592,03;7592,71;7557,33;7565,49;1,088812189E10;143781
WDOFUT;08/12/2021;13:00:00;7591,35;7604,27;7586,58;7592,03;6207284435,00;81731
WDOFUT;08/12/2021;12:45:00;7603,59;7604,27;7585,90;7591,35;6941867592,00;91418
WDOFUT;08/12/2021;12:30:00;7598,83;7607,67;7596,11;7603,59;4301271655,00;56579
WDOFUT;08/12/2021;12:15:00;7593,39;7598,83;7590,67;7598,15;3701966290,00;48748
WDOFUT;08/12/2021;12:00:00;7592,03;7604,27;7589,31;7594,07;6649101672,00;87515
WDOFUT;08/12/2021;11:45:00;7615,16;7616,52;7587,26;7591,35;1,231254717E10;161989
WDOFUT;08/12/2021;11:30:00;7628,77;7634,89;7611,76;7615,84;1,182163913E10;155086
WDOFUT;08/12/2021;11:15:00;7645,09;7645,77;7621,96;7628,77;8681455805,00;113725
WDOFUT;08/12/2021;11:00:00;7630,13;7646,45;7624,68;7644,41;1,253516348E10;164166
WDOFUT;08/12/2021;10:45:00;7665,50;7666,87;7626,72;7630,13;1,9895907E10;260255
WDOFUT;08/12/2021;10:30:00;7672,99;7677,07;7660,74;7665,50;8580969055,00;111876
WDOFUT;08/12/2021;10:15:00;7668,23;7672,99;7659,38;7672,99;9967179684,00;130003
WDOFUT;08/12/2021;10:00:00;7681,15;7687,28;7666,18;7667,55;1,090904207E10;142111
WDOFUT;08/12/2021;09:45:00;7704,28;7704,28;7676,39;7681,15;1,14136603E10;148414
WDOFUT;08/12/2021;09:30:00;7678,43;7707,69;7669,59;7704,28;1,441587189E10;187581
WDOFUT;08/12/2021;09:15:00;7684,55;7693,40;7675,03;7678,43;9031665392,00;117537
WDOFUT;08/12/2021;09:00:00;7666,18;7692,04;7662,10;7684,55;9480585736,00;123455
WDOFUT;07/12/2021;18:15:00;7677,07;7690,68;7674,35;7689,32;1646149876,00;21430
WDOFUT;07/12/2021;18:00:00;7674,35;7681,15;7672,31;7676,39;1944879262,00;25334
WDOFUT;07/12/2021;17:45:00;7702,24;7703,60;7672,99;7673,67;4928881591,00;64111
WDOFUT;07/12/2021;17:30:00;7690,00;7709,05;7687,28;7702,92;3866907905,00;50221
WDOFUT;07/12/2021;17:15:00;7685,92;7692,04;7683,19;7690,00;2703423255,00;35164
WDOFUT;07/12/2021;17:00:00;7686,60;7689,32;7677,75;7686,60;3485278485,00;45356
WDOFUT;07/12/2021;16:45:00;7689,32;7691,36;7682,51;7685,92;3290225316,00;42801
WDOFUT;07/12/2021;16:30:00;7685,23;7689,32;7679,79;7688,64;3777798520,00;49155
WDOFUT;07/12/2021;16:15:00;7704,28;7706,33;7683,19;7685,92;5883765050,00;76480
WDOFUT;07/12/2021;16:00:00;7698,16;7709,05;7694,76;7704,28;5027247153,00;65274
WDOFUT;07/12/2021;15:45:00;7707,01;7707,01;7691,36;7698,84;6054311539,00;78644
WDOFUT;07/12/2021;15:30:00;7716,53;7718,57;7702,92;7707,01;4911829807,00;63699
WDOFUT;07/12/2021;15:15:00;7713,13;7724,70;7708,37;7716,53;5720514806,00;74138
WDOFUT;07/12/2021;15:00:00;7701,56;7718,57;7699,52;7713,13;4767945545,00;61841
WDOFUT;07/12/2021;14:45:00;7708,37;7709,73;7701,56;7701,56;2280880934,00;29602
WDOFUT;07/12/2021;14:30:00;7701,56;7711,09;7700,20;7709,05;2856197332,00;37064
WDOFUT;07/12/2021;14:15:00;7696,80;7704,96;7694,76;7701,56;4223716568,00;54850
WDOFUT;07/12/2021;14:00:00;7704,28;7704,96;7690,68;7696,80;6747413751,00;87675
WDOFUT;07/12/2021;13:45:00;7719,93;7719,93;7702,92;7704,96;6473829057,00;83971
WDOFUT;07/12/2021;13:30:00;7728,10;7730,14;7717,21;7719,93;3925360551,00;50826
WDOFUT;07/12/2021;13:15:00;7718,57;7730,14;7712,45;7728,10;4571606855,00;59213
WDOFUT;07/12/2021;13:00:00;7711,09;7727,42;7709,05;7718,57;6309026390,00;81726
WDOFUT;07/12/2021;12:45:00;7732,86;7733,54;7710,41;7711,77;5983753151,00;77508
WDOFUT;07/12/2021;12:30:00;7730,82;7736,94;7725,38;7732,86;3950746141,00;51102
WDOFUT;07/12/2021;12:15:00;7725,38;7741,02;7724,01;7730,82;7842753827,00;101424
WDOFUT;07/12/2021;12:00:00;7714,49;7730,82;7713,13;7726,06;6365722753,00;82421
WDOFUT;07/12/2021;11:45:00;7724,70;7726,06;7713,13;7714,49;5550995803,00;71915
WDOFUT;07/12/2021;11:30:00;7731,50;7733,54;7718,57;7724,70;7203083617,00;93239
WDOFUT;07/12/2021;11:15:00;7731,50;7734,22;7724,01;7732,18;6509208697,00;84209
WDOFUT;07/12/2021;11:00:00;7723,33;7732,18;7716,53;7731,50;6150030613,00;79616
WDOFUT;07/12/2021;10:45:00;7709,05;7732,86;7706,33;7722,65;1,327614245E10;171926
WDOFUT;07/12/2021;10:30:00;7713,13;7716,53;7701,56;7709,05;8034297349,00;104215
WDOFUT;07/12/2021;10:15:00;7696,12;7713,13;7693,40;7713,13;1,163301629E10;150993
WDOFUT;07/12/2021;10:00:00;7715,85;7717,21;7693,40;7696,12;1,468644481E10;190621
WDOFUT;07/12/2021;09:45:00;7748,51;7751,23;7711,77;7715,85;1,400937766E10;181235
WDOFUT;07/12/2021;09:30:00;7753,27;7760,07;7747,15;7748,51;7749102868,00;99941
WDOFUT;07/12/2021;09:15:00;7742,38;7753,27;7732,86;7753,27;1,097067987E10;141698
WDOFUT;07/12/2021;09:00:00;7751,91;7760,75;7740,34;7742,38;9252915760,00;119366
WDOFUT;06/12/2021;18:15:00;7783,21;7795,45;7781,84;7788,65;1333604491,00;17124
WDOFUT;06/12/2021;18:00:00;7780,48;7790,69;7780,48;7782,52;1621488974,00;20828
WDOFUT;06/12/2021;17:45:00;7779,80;7785,25;7776,40;7780,48;1636089301,00;21030
WDOFUT;06/12/2021;17:30:00;7778,44;7783,21;7774,36;7779,12;2258927227,00;29040
WDOFUT;06/12/2021;17:15:00;7785,93;7786,61;7775,72;7778,44;2923531112,00;37578
WDOFUT;06/12/2021;17:00:00;7786,61;7790,69;7783,21;7786,61;2103020546,00;27007
WDOFUT;06/12/2021;16:45:00;7786,61;7791,37;7785,93;7787,29;2303369288,00;29574
WDOFUT;06/12/2021;16:30:00;7781,16;7788,65;7779,80;7785,93;2114434412,00;27162
WDOFUT;06/12/2021;16:15:00;7783,21;7783,21;7777,08;7781,84;2711917399,00;34858
WDOFUT;06/12/2021;16:00:00;7781,16;7790,01;7777,08;7783,21;4259603600,00;54724
WDOFUT;06/12/2021;15:45:00;7791,37;7796,81;7780,48;7781,16;3714223926,00;47674
WDOFUT;06/12/2021;15:30:00;7787,97;7795,45;7786,61;7790,69;3611621185,00;46355
WDOFUT;06/12/2021;15:15:00;7787,29;7790,69;7780,48;7788,65;4241247747,00;54476
WDOFUT;06/12/2021;15:00:00;7787,97;7794,09;7783,89;7787,29;3542804365,00;45486
WDOFUT;06/12/2021;14:45:00;7795,45;7796,13;7785,93;7787,29;4275495687,00;54885
WDOFUT;06/12/2021;14:30:00;7788,65;7798,17;7787,29;7796,13;4935735534,00;63341
WDOFUT;06/12/2021;14:15:00;7787,97;7789,33;7779,12;7787,97;3560110301,00;45730
WDOFUT;06/12/2021;14:00:00;7775,04;7790,01;7771,64;7787,97;4001936485,00;51428
WDOFUT;06/12/2021;13:45:00;7779,80;7782,52;7771,64;7775,72;2313492686,00;29748
WDOFUT;06/12/2021;13:30:00;7781,16;7783,21;7775,72;7779,12;2154705090,00;27699
WDOFUT;06/12/2021;13:15:00;7782,52;7785,25;7773,68;7781,16;3914337069,00;50322
WDOFUT;06/12/2021;13:00:00;7775,04;7783,89;7773,68;7782,52;3712813003,00;47726
WDOFUT;06/12/2021;12:45:00;7770,96;7786,61;7770,96;7775,04;7485312037,00;96225
WDOFUT;06/12/2021;12:30:00;7772,32;7773,00;7759,39;7771,64;7148010726,00;92027
WDOFUT;06/12/2021;12:15:00;7779,12;7779,80;7770,28;7771,64;4831886691,00;62152
WDOFUT;06/12/2021;12:00:00;7785,25;7792,73;7774,36;7779,12;7178230040,00;92228
WDOFUT;06/12/2021;11:45:00;7789,33;7795,45;7779,12;7784,57;8707306530,00;111834
WDOFUT;06/12/2021;11:30:00;7787,97;7802,25;7783,89;7789,33;1,170082251E10;150129
WDOFUT;06/12/2021;11:15:00;7774,36;7790,69;7773,00;7787,29;7315155593,00;93993
WDOFUT;06/12/2021;11:00:00;7764,84;7781,16;7764,16;7774,36;7533299463,00;96896
WDOFUT;06/12/2021;10:45:00;7770,28;7777,76;7764,84;7764,84;7454799186,00;95931
WDOFUT;06/12/2021;10:30:00;7777,08;7778,44;7769,60;7770,96;5071377347,00;65238
WDOFUT;06/12/2021;10:15:00;7777,08;7785,25;7768,92;7777,08;8987922377,00;115581
WDOFUT;06/12/2021;10:00:00;7792,05;7796,13;7775,72;7776,40;9655246982,00;124013
WDOFUT;06/12/2021;09:45:00;7767,56;7796,81;7764,16;7792,73;1,193683028E10;153373
WDOFUT;06/12/2021;09:30:00;7760,75;7774,36;7760,75;7767,56;8250223372,00;106203
WDOFUT;06/12/2021;09:15:00;7747,83;7766,88;7747,83;7760,75;9147213868,00;117874
WDOFUT;06/12/2021;09:00:00;7723,33;7751,23;7711,09;7748,51;9627015657,00;124509
WDOFUT;03/12/2021;18:15:00;7729,46;7738,30;7724,70;7736,26;1429855245,00;18498
WDOFUT;03/12/2021;18:00:00;7735,58;7741,70;7728,10;7729,46;2112942561,00;27322
WDOFUT;03/12/2021;17:45:00;7760,75;7766,88;7732,18;7736,26;2954396977,00;38116
WDOFUT;03/12/2021;17:30:00;7758,71;7762,11;7750,55;7761,43;2819726056,00;36354
WDOFUT;03/12/2021;17:15:00;7765,52;7770,96;7755,99;7759,39;2863062269,00;36881
WDOFUT;03/12/2021;17:00:00;7770,28;7781,16;7761,43;7764,84;4591540112,00;59075
WDOFUT;03/12/2021;16:45:00;7764,84;7776,40;7762,79;7770,28;3283339840,00;42255
WDOFUT;03/12/2021;16:30:00;7764,84;7773,00;7762,79;7764,84;3611339384,00;46491
WDOFUT;03/12/2021;16:15:00;7747,83;7772,32;7747,15;7764,84;7478176743,00;96352
WDOFUT;03/12/2021;16:00:00;7733,54;7748,51;7732,18;7747,15;3096561668,00;39998
WDOFUT;03/12/2021;15:45:00;7740,34;7752,59;7730,14;7732,86;4303748272,00;55609
WDOFUT;03/12/2021;15:30:00;7737,62;7751,23;7734,90;7740,34;3484071108,00;44994
WDOFUT;03/12/2021;15:15:00;7743,06;7748,51;7732,18;7737,62;3081621084,00;39818
WDOFUT;03/12/2021;15:00:00;7743,74;7749,19;7738,30;7742,38;3677763754,00;47492
WDOFUT;03/12/2021;14:45:00;7730,82;7746,47;7725,38;7743,06;5170305586,00;66833
WDOFUT;03/12/2021;14:30:00;7739,66;7755,31;7725,38;7730,82;6819522616,00;88115
WDOFUT;03/12/2021;14:15:00;7761,43;7762,11;7736,94;7739,66;5222678099,00;67412
WDOFUT;03/12/2021;14:00:00;7767,56;7773,00;7757,35;7762,11;4742636514,00;61080
WDOFUT;03/12/2021;13:45:00;7763,47;7776,40;7758,71;7767,56;5416473920,00;69725
WDOFUT;03/12/2021;13:30:00;7738,30;7765,52;7732,18;7763,47;6781143257,00;87483
WDOFUT;03/12/2021;13:15:00;7748,51;7752,59;7736,94;7737,62;5202575115,00;67177
WDOFUT;03/12/2021;13:00:00;7758,03;7765,52;7747,83;7748,51;5506920172,00;71004
WDOFUT;03/12/2021;12:45:00;7757,35;7769,60;7748,51;7758,71;5660954870,00;72960
WDOFUT;03/12/2021;12:30:00;7743,06;7760,07;7740,34;7757,35;5429243894,00;70057
WDOFUT;03/12/2021;12:15:00;7768,92;7775,04;7738,30;7742,38;9510716176,00;122621
WDOFUT;03/12/2021;12:00:00;7731,50;7770,96;7730,82;7769,60;1,203208759E10;155330
WDOFUT;03/12/2021;11:45:00;7703,60;7742,38;7700,20;7731,50;1,314141017E10;170155
WDOFUT;03/12/2021;11:30:00;7688,64;7705,65;7681,83;7704,28;8219410405,00;106796
WDOFUT;03/12/2021;11:15:00;7681,83;7696,80;7677,07;7689,32;6968213735,00;90641
WDOFUT;03/12/2021;11:00:00;7668,23;7691,36;7666,87;7681,83;8995720918,00;117149
WDOFUT;03/12/2021;10:45:00;7689,32;7700,20;7664,82;7668,23;1,309111129E10;170418
WDOFUT;03/12/2021;10:30:00;7711,77;7715,85;7677,07;7689,32;1,882030501E10;244656
WDOFUT;03/12/2021;10:15:00;7718,57;7720,61;7705,65;7711,77;5838415430,00;75696
WDOFUT;03/12/2021;10:00:00;7732,18;7732,86;7710,41;7719,25;1,087501714E10;140901
WDOFUT;03/12/2021;09:45:00;7741,70;7745,11;7730,14;7732,18;4927583470,00;63686
WDOFUT;03/12/2021;09:30:00;7757,35;7760,07;7737,62;7741,02;6067334651,00;78334
WDOFUT;03/12/2021;09:15:00;7758,03;7765,52;7751,23;7757,35;5782218893,00;74535
WDOFUT;03/12/2021;09:00:00;7735,58;7762,11;7731,50;7758,03;7895569848,00;101858
WDOFUT;02/12/2021;18:15:00;7728,10;7733,54;7719,93;7727,42;1900152768,00;24586
WDOFUT;02/12/2021;18:00:00;7719,93;7730,14;7716,53;7728,10;2156575331,00;27926
WDOFUT;02/12/2021;17:45:00;7719,25;7721,29;7706,33;7719,93;3089626818,00;40050
WDOFUT;02/12/2021;17:30:00;7736,26;7737,62;7715,85;7719,25;3192793542,00;41328
WDOFUT;02/12/2021;17:15:00;7737,62;7739,66;7732,18;7736,26;1805426202,00;23339
WDOFUT;02/12/2021;17:00:00;7747,15;7747,83;7735,58;7737,62;2305326029,00;29781
WDOFUT;02/12/2021;16:45:00;7743,74;7748,51;7738,98;7747,15;2482354390,00;32055
WDOFUT;02/12/2021;16:30:00;7736,26;7746,47;7732,86;7743,74;2265543843,00;29265
WDOFUT;02/12/2021;16:15:00;7736,26;7743,74;7732,18;7735,58;2692049992,00;34789
WDOFUT;02/12/2021;16:00:00;7736,26;7743,74;7732,86;7736,94;3712636839,00;47981
WDOFUT;02/12/2021;15:45:00;7738,98;7743,74;7730,82;7736,26;4452683406,00;57547
WDOFUT;02/12/2021;15:30:00;7747,83;7753,27;7736,26;7738,30;4068285492,00;52536
WDOFUT;02/12/2021;15:15:00;7733,54;7750,55;7730,82;7747,83;5674305012,00;73305
WDOFUT;02/12/2021;15:00:00;7719,93;7742,38;7719,93;7732,86;7868458502,00;101757
WDOFUT;02/12/2021;14:45:00;7717,89;7728,10;7713,13;7720,61;5725099910,00;74147
WDOFUT;02/12/2021;14:30:00;7717,89;7737,62;7713,13;7717,89;9687608093,00;125403
WDOFUT;02/12/2021;14:15:00;7711,77;7721,29;7709,05;7717,89;4456040988,00;57754
WDOFUT;02/12/2021;14:00:00;7702,24;7713,81;7700,88;7711,77;4937057685,00;64048
WDOFUT;02/12/2021;13:45:00;7702,24;7703,60;7685,92;7702,24;6391576383,00;83049
WDOFUT;02/12/2021;13:30:00;7698,84;7709,05;7696,80;7701,56;5361306528,00;69592
WDOFUT;02/12/2021;13:15:00;7707,01;7709,73;7685,23;7698,84;8100451912,00;105250
WDOFUT;02/12/2021;13:00:00;7707,01;7713,81;7701,56;7707,01;5547256367,00;71968
WDOFUT;02/12/2021;12:45:00;7723,33;7724,70;7704,28;7706,33;6924548471,00;89746
WDOFUT;02/12/2021;12:30:00;7716,53;7726,74;7708,37;7723,33;6542581693,00;84776
WDOFUT;02/12/2021;12:15:00;7717,21;7724,70;7713,13;7717,21;4796849212,00;62145
WDOFUT;02/12/2021;12:00:00;7704,96;7720,61;7698,84;7716,53;7373456555,00;95639
WDOFUT;02/12/2021;11:45:00;7712,45;7717,21;7703,60;7704,96;6287973187,00;81558
WDOFUT;02/12/2021;11:30:00;7725,38;7730,82;7709,73;7713,13;1,146698985E10;148547
WDOFUT;02/12/2021;11:15:00;7702,92;7726,06;7701,56;7725,38;8607626893,00;111504
WDOFUT;02/12/2021;11:00:00;7702,92;7712,45;7700,20;7703,60;7348606462,00;95351
WDOFUT;02/12/2021;10:45:00;7715,17;7715,85;7694,76;7702,24;8430665057,00;109428
WDOFUT;02/12/2021;10:30:00;7702,24;7717,21;7698,84;7714,49;8019487250,00;104042
WDOFUT;02/12/2021;10:15:00;7720,61;7722,65;7698,84;7702,24;1,179029662E10;152859
WDOFUT;02/12/2021;10:00:00;7739,66;7739,66;7715,85;7720,61;1,229727604E10;159163
WDOFUT;02/12/2021;09:45:00;7752,59;7757,35;7738,30;7739,66;8528885758,00;110079
WDOFUT;02/12/2021;09:30:00;7747,15;7758,71;7745,79;7752,59;7458499950,00;96214
WDOFUT;02/12/2021;09:15:00;7767,56;7775,72;7745,79;7747,15;1,089288595E10;140406
WDOFUT;02/12/2021;09:00:00;7756,67;7773,00;7749,19;7767,56;1,117556619E10;144003
WDOFUT;01/12/2021;18:15:00;7787,97;7800,89;7786,61;7796,81;3276224004,00;42034
WDOFUT;01/12/2021;18:00:00;7778,44;7793,41;7777,76;7787,97;3631839931,00;46655
WDOFUT;01/12/2021;17:45:00;7761,43;7779,80;7760,75;7779,12;3189006298,00;41040
WDOFUT;01/12/2021;17:30:00;7763,47;7763,47;7753,27;7762,11;3411745511,00;43976
WDOFUT;01/12/2021;17:15:00;7765,52;7771,64;7760,75;7764,16;2673327193,00;34423
WDOFUT;01/12/2021;17:00:00;7764,16;7773,68;7758,71;7765,52;3919782979,00;50477
WDOFUT;01/12/2021;16:45:00;7752,59;7768,24;7748,51;7764,84;5538303790,00;71362
WDOFUT;01/12/2021;16:30:00;7758,03;7758,71;7749,19;7753,27;2618278876,00;33775
WDOFUT;01/12/2021;16:15:00;7753,95;7759,39;7751,23;7757,35;2929906747,00;37779
WDOFUT;01/12/2021;16:00:00;7760,75;7762,11;7748,51;7753,95;4578253875,00;59043
WDOFUT;01/12/2021;15:45:00;7750,55;7762,79;7749,87;7760,75;6044852305,00;77924
WDOFUT;01/12/2021;15:30:00;7738,98;7753,95;7737,62;7751,23;4966502829,00;64116
WDOFUT;01/12/2021;15:15:00;7747,83;7758,71;7738,98;7739,66;8739287754,00;112760
WDOFUT;01/12/2021;15:00:00;7737,62;7752,59;7734,22;7747,83;8306322756,00;107256
WDOFUT;01/12/2021;14:45:00;7722,65;7741,02;7722,65;7737,62;6134348285,00;79344
WDOFUT;01/12/2021;14:30:00;7720,61;7728,10;7719,25;7722,65;4626346231,00;59894
WDOFUT;01/12/2021;14:15:00;7713,81;7723,33;7712,45;7720,61;3567210326,00;46223
WDOFUT;01/12/2021;14:00:00;7717,89;7719,25;7709,05;7713,81;4645802176,00;60225
WDOFUT;01/12/2021;13:45:00;7713,13;7721,97;7711,09;7717,89;5569863544,00;72181
WDOFUT;01/12/2021;13:30:00;7703,60;7717,21;7701,56;7713,81;5790792808,00;75123
WDOFUT;01/12/2021;13:15:00;7698,84;7707,69;7695,44;7703,60;3308145370,00;42951
WDOFUT;01/12/2021;13:00:00;7693,40;7702,92;7692,04;7698,84;3786991961,00;49196
WDOFUT;01/12/2021;12:45:00;7701,56;7702,92;7690,00;7693,40;3917229040,00;50893
WDOFUT;01/12/2021;12:30:00;7692,04;7702,92;7687,96;7701,56;3990583163,00;51854
WDOFUT;01/12/2021;12:15:00;7690,00;7698,16;7688,64;7692,04;4906859013,00;63779
WDOFUT;01/12/2021;12:00:00;7692,04;7694,76;7678,43;7689,32;9864274133,00;128327
WDOFUT;01/12/2021;11:45:00;7701,56;7707,69;7690,68;7692,04;6122259191,00;79508
WDOFUT;01/12/2021;11:30:00;7692,04;7705,65;7691,36;7702,24;7465617637,00;96974
WDOFUT;01/12/2021;11:15:00;7702,92;7707,01;7691,36;7692,72;8322600064,00;108108
WDOFUT;01/12/2021;11:00:00;7692,04;7704,28;7689,32;7702,92;7295618701,00;94780
WDOFUT;01/12/2021;10:45:00;7686,60;7698,84;7684,55;7692,72;8178259756,00;106310
WDOFUT;01/12/2021;10:30:00;7692,04;7695,44;7681,83;7686,60;8781410671,00;114221
WDOFUT;01/12/2021;10:15:00;7686,60;7695,44;7674,35;7692,72;1,143709859E10;148831
WDOFUT;01/12/2021;10:00:00;7684,55;7693,40;7681,15;7686,60;6227133410,00;81003
WDOFUT;01/12/2021;09:45:00;7683,87;7691,36;7681,15;7685,23;7291211434,00;94865
WDOFUT;01/12/2021;09:30:00;7672,99;7687,28;7670,95;7683,87;8820877181,00;114855
WDOFUT;01/12/2021;09:15:00;7662,78;7677,75;7660,74;7672,31;8764202392,00;114272
WDOFUT;01/12/2021;09:00:00;7647,14;7664,82;7636,93;7662,10;8719683908,00;113934
WDOFUT;30/11/2021;18:15:00;7696,12;7697,48;7664,14;7673,67;3769732160,00;49093
WDOFUT;30/11/2021;18:00:00;7700,88;7703,60;7694,76;7696,80;1387206934,00;18017
WDOFUT;30/11/2021;17:45:00;7703,60;7705,65;7696,12;7700,88;2106590330,00;27355
WDOFUT;30/11/2021;17:30:00;7698,16;7707,01;7692,72;7703,60;3279796924,00;42600
WDOFUT;30/11/2021;17:15:00;7706,33;7713,81;7696,80;7698,84;3339310759,00;43336
WDOFUT;30/11/2021;17:00:00;7719,25;7721,29;7702,92;7707,01;4672223477,00;60594
WDOFUT;30/11/2021;16:45:00;7725,38;7728,10;7718,57;7719,25;2304995311,00;29845
WDOFUT;30/11/2021;16:30:00;7734,22;7736,26;7724,70;7725,38;2026398879,00;26218
WDOFUT;30/11/2021;16:15:00;7733,54;7740,34;7730,14;7734,22;2531825034,00;32730
WDOFUT;30/11/2021;16:00:00;7732,18;7739,66;7728,78;7733,54;3457393275,00;44698
WDOFUT;30/11/2021;15:45:00;7721,29;7734,90;7718,57;7732,18;3738411229,00;48390
WDOFUT;30/11/2021;15:30:00;7731,50;7737,62;7719,93;7720,61;5147924265,00;66623
WDOFUT;30/11/2021;15:15:00;7715,17;7736,26;7707,01;7730,82;6982951547,00;90418
WDOFUT;30/11/2021;15:00:00;7719,25;7726,06;7709,05;7715,17;4917587773,00;63709
WDOFUT;30/11/2021;14:45:00;7719,25;7723,33;7708,37;7719,25;6923679800,00;89734
WDOFUT;30/11/2021;14:30:00;7732,86;7738,30;7716,53;7718,57;6199118301,00;80222
WDOFUT;30/11/2021;14:15:00;7753,27;7753,95;7730,14;7732,86;5708497360,00;73728
WDOFUT;30/11/2021;14:00:00;7743,74;7758,03;7743,74;7753,27;5121332380,00;66064
WDOFUT;30/11/2021;13:45:00;7747,15;7755,31;7739,66;7743,74;5592314525,00;72182
WDOFUT;30/11/2021;13:30:00;7730,82;7748,51;7726,74;7747,83;6029166119,00;77906
WDOFUT;30/11/2021;13:15:00;7745,79;7753,27;7729,46;7730,14;9353625665,00;120804
WDOFUT;30/11/2021;13:00:00;7745,11;7765,52;7738,30;7745,79;1,727899001E10;222872
WDOFUT;30/11/2021;12:45:00;7673,67;7745,79;7670,27;7745,11;2,079792494E10;269750
WDOFUT;30/11/2021;12:30:00;7649,86;7683,19;7647,14;7673,67;1,143518047E10;149124
WDOFUT;30/11/2021;12:15:00;7660,74;7666,18;7640,33;7649,86;6089748580,00;79561
WDOFUT;30/11/2021;12:00:00;7677,75;7680,47;7651,22;7660,74;9138345294,00;119192
WDOFUT;30/11/2021;11:45:00;7664,82;7679,11;7652,58;7677,75;8522367487,00;111210
WDOFUT;30/11/2021;11:30:00;7671,63;7672,99;7646,45;7665,50;9587979359,00;125119
WDOFUT;30/11/2021;11:15:00;7675,03;7680,47;7666,18;7671,63;5707302849,00;74384
WDOFUT;30/11/2021;11:00:00;7681,83;7687,28;7667,55;7675,03;1,098537883E10;143071
WDOFUT;30/11/2021;10:45:00;7671,63;7687,28;7668,91;7681,83;8692586707,00;113219
WDOFUT;30/11/2021;10:30:00;7674,35;7687,28;7664,14;7672,31;8586101480,00;111888
WDOFUT;30/11/2021;10:15:00;7685,23;7685,92;7673,67;7673,67;4989869868,00;64971
WDOFUT;30/11/2021;10:00:00;7683,19;7691,36;7671,63;7685,23;1,036878068E10;134961
WDOFUT;30/11/2021;09:45:00;7671,63;7683,19;7658,02;7683,19;9948909787,00;129730
WDOFUT;30/11/2021;09:30:00;7662,10;7681,83;7660,74;7671,63;8214526832,00;107067
WDOFUT;30/11/2021;09:15:00;7675,71;7685,23;7658,02;7662,10;7748627561,00;100972
WDOFUT;30/11/2021;09:00:00;7670,27;7681,15;7657,34;7676,39;6464849701,00;84287
WDOFUT;29/11/2021;18:15:00;7679,84;7681,20;7666,83;7672,99;1069258005,00;13932
WDOFUT;29/11/2021;18:00:00;7681,20;7681,89;7677,10;7679,84;796859426,70;10377
WDOFUT;29/11/2021;17:45:00;7676,41;7683,26;7675,73;7680,52;1640211905,00;21360
WDOFUT;29/11/2021;17:30:00;7689,42;7691,47;7673,67;7676,41;2724767783,00;35469
WDOFUT;29/11/2021;17:15:00;7677,10;7691,47;7675,73;7689,42;3009329475,00;39158
WDOFUT;29/11/2021;17:00:00;7685,31;7686,00;7671,62;7677,10;3215004967,00;41875
WDOFUT;29/11/2021;16:45:00;7691,47;7691,47;7682,57;7685,31;2096591560,00;27275
WDOFUT;29/11/2021;16:30:00;7692,16;7692,84;7686,00;7691,47;1595519996,00;20750
WDOFUT;29/11/2021;16:15:00;7692,16;7694,90;7683,94;7692,16;3524317733,00;45830
WDOFUT;29/11/2021;16:00:00;7679,84;7697,64;7677,10;7692,84;4919977414,00;63970
WDOFUT;29/11/2021;15:45:00;7682,57;7685,31;7676,41;7679,84;3956446363,00;51513
WDOFUT;29/11/2021;15:30:00;7692,84;7694,21;7681,89;7682,57;3157388807,00;41070
WDOFUT;29/11/2021;15:15:00;7679,84;7697,64;7678,47;7692,84;4341629682,00;56455
WDOFUT;29/11/2021;15:00:00;7681,20;7683,26;7674,36;7679,15;3360231468,00;43763
WDOFUT;29/11/2021;14:45:00;7685,31;7692,16;7679,15;7680,52;3204247056,00;41696
WDOFUT;29/11/2021;14:30:00;7694,21;7696,27;7678,47;7685,31;6278699834,00;81681
WDOFUT;29/11/2021;14:15:00;7707,22;7709,28;7694,21;7694,21;4034222586,00;52392
WDOFUT;29/11/2021;14:00:00;7700,37;7708,59;7698,32;7707,22;3843448323,00;49887
WDOFUT;29/11/2021;13:45:00;7703,11;7703,80;7691,47;7699,69;4716869563,00;61284
WDOFUT;29/11/2021;13:30:00;7699,01;7707,22;7696,27;7703,11;2739781090,00;35574
WDOFUT;29/11/2021;13:15:00;7705,17;7705,85;7698,32;7699,01;2354378974,00;30567
WDOFUT;29/11/2021;13:00:00;7703,80;7709,28;7700,37;7705,17;4623180800,00;60005
WDOFUT;29/11/2021;12:45:00;7704,48;7707,22;7698,32;7703,80;4365573370,00;56676
WDOFUT;29/11/2021;12:30:00;7705,85;7713,38;7701,06;7705,17;5049476515,00;65520
WDOFUT;29/11/2021;12:15:00;7716,12;7725,02;7703,11;7705,85;8342780148,00;108153
WDOFUT;29/11/2021;12:00:00;7700,37;7716,12;7692,84;7716,12;1,047272519E10;135889
WDOFUT;29/11/2021;11:45:00;7661,35;7704,48;7660,66;7700,37;1,529201985E10;198955
WDOFUT;29/11/2021;11:30:00;7649,71;7664,77;7644,92;7661,35;9369717292,00;122382
WDOFUT;29/11/2021;11:15:00;7667,51;7669,57;7642,18;7650,39;1,271186589E10;166062
WDOFUT;29/11/2021;11:00:00;7679,84;7680,52;7667,51;7667,51;7348144944,00;95765
WDOFUT;29/11/2021;10:45:00;7675,73;7684,63;7675,04;7679,84;5273830628,00;68672
WDOFUT;29/11/2021;10:30:00;7671,62;7685,31;7667,51;7675,04;8214215212,00;106993
WDOFUT;29/11/2021;10:15:00;7674,36;7680,52;7664,77;7672,30;6518087528,00;84954
WDOFUT;29/11/2021;10:00:00;7671,62;7681,89;7661,35;7675,04;9548339703,00;124462
WDOFUT;29/11/2021;09:45:00;7674,36;7675,04;7656,56;7671,62;8770870816,00;114421
WDOFUT;29/11/2021;09:30:00;7672,99;7680,52;7666,14;7674,36;7920419697,00;103226
WDOFUT;29/11/2021;09:15:00;7665,46;7676,41;7657,24;7673,67;7812442031,00;101859
WDOFUT;29/11/2021;09:00:00;7668,20;7668,20;7644,92;7666,14;9828336252,00;128370
WDOFUT;26/11/2021;18:15:00;7681,20;7688,74;7680,52;7687,37;1280552182,00;16663
WDOFUT;26/11/2021;18:00:00;7676,41;7686,00;7675,73;7681,89;1332893958,00;17354
WDOFUT;26/11/2021;17:45:00;7678,47;7679,15;7671,62;7676,41;1143708087,00;14900
WDOFUT;26/11/2021;17:30:00;7666,14;7679,15;7664,77;7677,78;2375544584,00;30957
WDOFUT;26/11/2021;17:15:00;7666,83;7671,62;7662,72;7666,14;1652797023,00;21557
WDOFUT;26/11/2021;17:00:00;7665,46;7670,25;7664,77;7666,83;1411971775,00;18416
WDOFUT;26/11/2021;16:45:00;7660,66;7667,51;7659,98;7665,46;1442187342,00;18820
WDOFUT;26/11/2021;16:30:00;7668,88;7673,67;7659,98;7659,98;2944747068,00;38407
WDOFUT;26/11/2021;16:15:00;7664,09;7672,30;7655,87;7669,57;3641544078,00;47512
WDOFUT;26/11/2021;16:00:00;7660,66;7666,14;7654,50;7664,09;2644505455,00;34519
WDOFUT;26/11/2021;15:45:00;7638,76;7662,03;7638,07;7659,98;4374748565,00;57181
WDOFUT;26/11/2021;15:30:00;7648,34;7652,45;7634,65;7639,44;3232032360,00;42291
WDOFUT;26/11/2021;15:15:00;7651,76;7654,50;7644,92;7647,66;2968829454,00;38802
WDOFUT;26/11/2021;15:00:00;7642,86;7653,13;7640,12;7651,08;3281281327,00;42906
WDOFUT;26/11/2021;14:45:00;7649,71;7653,13;7637,39;7642,86;4055227287,00;53046
WDOFUT;26/11/2021;14:30:00;7651,76;7658,61;7644,92;7650,39;3194094968,00;41751
WDOFUT;26/11/2021;14:15:00;7649,71;7658,61;7642,18;7652,45;4079396639,00;53311
WDOFUT;26/11/2021;14:00:00;7664,09;7664,09;7641,49;7649,71;5076499675,00;66347
WDOFUT;26/11/2021;13:45:00;7671,62;7676,41;7658,61;7664,77;5288152073,00;68966
WDOFUT;26/11/2021;13:30:00;7675,04;7687,37;7670,93;7671,62;5310519269,00;69149
WDOFUT;26/11/2021;13:15:00;7660,66;7679,15;7659,30;7675,04;6263434784,00;81654
WDOFUT;26/11/2021;13:00:00;7653,82;7662,03;7648,34;7660,66;5815707428,00;75986
WDOFUT;26/11/2021;12:45:00;7657,24;7665,46;7646,29;7654,50;6802244121,00;88858
WDOFUT;26/11/2021;12:30:00;7662,03;7666,14;7653,13;7656,56;4448694874,00;58081
WDOFUT;26/11/2021;12:15:00;7661,35;7674,36;7656,56;7662,03;7254485949,00;94633
WDOFUT;26/11/2021;12:00:00;7651,76;7662,72;7642,86;7661,35;1,065786262E10;139295
WDOFUT;26/11/2021;11:45:00;7670,25;7679,15;7649,03;7651,76;9689851943,00;126382
WDOFUT;26/11/2021;11:30:00;7654,50;7672,30;7653,82;7670,25;5842553494,00;76231
WDOFUT;26/11/2021;11:15:00;7659,98;7674,36;7652,45;7653,82;7747615584,00;101102
WDOFUT;26/11/2021;11:00:00;7655,19;7664,09;7645,60;7659,98;1,092035587E10;142667
WDOFUT;26/11/2021;10:45:00;7677,78;7678,47;7654,50;7655,19;9414305084,00;122813
WDOFUT;26/11/2021;10:30:00;7678,47;7687,37;7674,36;7677,78;6205706402,00;80800
WDOFUT;26/11/2021;10:15:00;7678,47;7690,79;7674,36;7679,15;9068956474,00;118038
WDOFUT;26/11/2021;10:00:00;7679,15;7683,94;7663,40;7678,47;1,45374117E10;189438
WDOFUT;26/11/2021;09:45:00;7692,84;7696,27;7677,10;7679,15;1,177773677E10;153232
WDOFUT;26/11/2021;09:30:00;7715,44;7715,44;7692,16;7692,84;9186425140,00;119212
WDOFUT;26/11/2021;09:15:00;7721,60;7726,39;7707,22;7715,44;7863233251,00;101903
WDOFUT;26/11/2021;09:00:00;7761,31;7764,05;7710,64;7722,28;1,287725136E10;166716
WDOFUT;25/11/2021;18:15:00;7627,12;7631,91;7621,64;7630,54;1035222650,00;13574
WDOFUT;25/11/2021;18:00:00;7623,01;7629,85;7622,32;7627,12;1270146043,00;16656
WDOFUT;25/11/2021;17:45:00;7624,38;7627,12;7622,32;7623,01;837030715,00;10978
WDOFUT;25/11/2021;17:30:00;7630,54;7631,91;7621,64;7623,69;1037602632,00;13605
WDOFUT;25/11/2021;17:15:00;7625,75;7631,22;7625,75;7630,54;648891380,90;8506
WDOFUT;25/11/2021;17:00:00;7626,43;7632,59;7624,38;7626,43;1357490203,00;17796
WDOFUT;25/11/2021;16:45:00;7623,69;7626,43;7623,01;7625,75;527707439,20;6921
WDOFUT;25/11/2021;16:30:00;7625,06;7627,12;7620,27;7623,01;978402989,60;12833
WDOFUT;25/11/2021;16:15:00;7631,22;7631,91;7618,22;7625,06;3035801422,00;39815
WDOFUT;25/11/2021;16:00:00;7640,12;7641,49;7627,12;7630,54;4490799115,00;58838
WDOFUT;25/11/2021;15:45:00;7641,49;7646,29;7638,07;7640,12;2948454401,00;38585
WDOFUT;25/11/2021;15:30:00;7628,49;7644,23;7627,12;7641,49;3690368856,00;48325
WDOFUT;25/11/2021;15:15:00;7627,80;7631,22;7625,75;7628,49;1864352439,00;24439
WDOFUT;25/11/2021;15:00:00;7625,06;7634,65;7624,38;7627,12;3354272301,00;43965
WDOFUT;25/11/2021;14:45:00;7622,32;7628,49;7621,64;7625,06;1714563450,00;22487
WDOFUT;25/11/2021;14:30:00;7621,64;7623,69;7615,48;7622,32;2311302405,00;30332
WDOFUT;25/11/2021;14:15:00;7622,32;7625,06;7616,85;7622,32;2224776880,00;29193
WDOFUT;25/11/2021;14:00:00;7622,32;7628,49;7620,27;7623,01;2544012908,00;33365
WDOFUT;25/11/2021;13:45:00;7620,95;7625,75;7618,90;7622,32;2487415372,00;32633
WDOFUT;25/11/2021;13:30:00;7615,48;7623,01;7613,42;7620,95;2299245961,00;30182
WDOFUT;25/11/2021;13:15:00;7614,11;7621,64;7610,68;7615,48;2991533681,00;39281
WDOFUT;25/11/2021;13:00:00;7613,42;7621,64;7606,58;7614,11;4461259562,00;58588
WDOFUT;25/11/2021;12:45:00;7609,31;7616,85;7606,58;7613,42;3134039178,00;41168
WDOFUT;25/11/2021;12:30:00;7607,26;7612,74;7603,84;7609,31;3109069492,00;40862
WDOFUT;25/11/2021;12:15:00;7618,22;7619,58;7603,15;7607,26;6564309400,00;86241
WDOFUT;25/11/2021;12:00:00;7623,69;7628,49;7616,16;7617,53;5592156435,00;73365
WDOFUT;25/11/2021;11:45:00;7644,92;7645,60;7623,01;7623,69;9552318785,00;125168
WDOFUT;25/11/2021;11:30:00;7660,66;7662,03;7638,76;7644,92;7013859500,00;91664
WDOFUT;25/11/2021;11:15:00;7666,83;7668,20;7656,56;7660,66;4271341651,00;55746
WDOFUT;25/11/2021;11:00:00;7655,87;7672,99;7655,19;7666,14;6038018297,00;78780
WDOFUT;25/11/2021;10:45:00;7659,30;7665,46;7651,76;7655,87;5444380833,00;71095
WDOFUT;25/11/2021;10:30:00;7662,72;7670,93;7657,24;7659,30;6707241707,00;87518
WDOFUT;25/11/2021;10:15:00;7649,71;7666,83;7638,07;7662,03;8673706504,00;113335
WDOFUT;25/11/2021;10:00:00;7650,39;7657,24;7643,55;7649,71;6715353795,00;87767
WDOFUT;25/11/2021;09:45:00;7640,81;7651,76;7639,44;7650,39;4251508588,00;55605
WDOFUT;25/11/2021;09:30:00;7638,07;7653,13;7632,59;7640,81;8300458499,00;108589
WDOFUT;25/11/2021;09:15:00;7647,66;7649,03;7634,65;7638,07;6223001114,00;81440
WDOFUT;25/11/2021;09:00:00;7656,56;7670,25;7640,12;7647,66;8573652235,00;112043
WDOFUT;24/11/2021;18:15:00;7678,47;7685,31;7676,41;7685,31;1020110799,00;13282
WDOFUT;24/11/2021;18:00:00;7676,41;7683,94;7675,04;7679,84;1552696663,00;20218
WDOFUT;24/11/2021;17:45:00;7668,88;7679,84;7668,20;7676,41;1832505286,00;23880
WDOFUT;24/11/2021;17:30:00;7666,14;7671,62;7660,66;7669,57;1793670886,00;23397
WDOFUT;24/11/2021;17:15:00;7672,30;7675,73;7663,40;7666,83;1889720152,00;24637
WDOFUT;24/11/2021;17:00:00;7667,51;7672,99;7665,46;7672,30;1799613231,00;23466
WDOFUT;24/11/2021;16:45:00;7669,57;7672,99;7664,77;7668,20;2157677291,00;28137
WDOFUT;24/11/2021;16:30:00;7666,83;7672,99;7664,09;7669,57;2028341530,00;26449
WDOFUT;24/11/2021;16:15:00;7666,14;7670,25;7660,66;7666,83;2190871555,00;28582
WDOFUT;24/11/2021;16:00:00;7660,66;7672,99;7656,56;7666,83;4273484446,00;55749
WDOFUT;24/11/2021;15:45:00;7662,72;7667,51;7653,13;7661,35;5136498110,00;67053
WDOFUT;24/11/2021;15:30:00;7666,83;7668,20;7654,50;7663,40;4177284000,00;54527
WDOFUT;24/11/2021;15:15:00;7665,46;7667,51;7659,98;7666,14;2388670344,00;31168
WDOFUT;24/11/2021;15:00:00;7667,51;7669,57;7659,98;7664,77;2206697602,00;28791
WDOFUT;24/11/2021;14:45:00;7674,36;7677,78;7662,72;7668,20;4190550622,00;54641
WDOFUT;24/11/2021;14:30:00;7671,62;7675,73;7664,77;7674,36;3918457628,00;51079
WDOFUT;24/11/2021;14:15:00;7661,35;7672,30;7659,30;7671,62;2704472294,00;35279
WDOFUT;24/11/2021;14:00:00;7668,20;7668,88;7651,76;7661,35;4492289929,00;58649
WDOFUT;24/11/2021;13:45:00;7663,40;7672,30;7657,93;7667,51;2715872689,00;35428
WDOFUT;24/11/2021;13:30:00;7665,46;7669,57;7657,24;7664,09;2996647649,00;39102
WDOFUT;24/11/2021;13:15:00;7657,24;7668,20;7654,50;7664,77;5546910485,00;72407
WDOFUT;24/11/2021;13:00:00;7673,67;7677,78;7657,24;7657,93;5815683568,00;75835
WDOFUT;24/11/2021;12:45:00;7673,67;7676,41;7660,66;7672,99;5089108763,00;66362
WDOFUT;24/11/2021;12:30:00;7682,57;7683,26;7664,09;7674,36;5810022440,00;75716
WDOFUT;24/11/2021;12:15:00;7667,51;7684,63;7664,77;7681,89;7411254921,00;96579
WDOFUT;24/11/2021;12:00:00;7681,20;7682,57;7655,87;7668,20;1,187927588E10;154930
WDOFUT;24/11/2021;11:45:00;7687,37;7695,58;7678,47;7681,20;7544848927,00;98156
WDOFUT;24/11/2021;11:30:00;7683,26;7689,42;7673,67;7687,37;7991588735,00;104022
WDOFUT;24/11/2021;11:15:00;7692,84;7694,90;7676,41;7683,94;8810408362,00;114659
WDOFUT;24/11/2021;11:00:00;7700,37;7701,74;7686,68;7692,16;1,011482081E10;131477
WDOFUT;24/11/2021;10:45:00;7685,31;7706,54;7684,63;7699,69;1,042383175E10;135426
WDOFUT;24/11/2021;10:30:00;7682,57;7701,06;7675,04;7685,31;1,35643733E10;176419
WDOFUT;24/11/2021;10:15:00;7667,51;7686,68;7664,77;7681,89;9061062587,00;117983
WDOFUT;24/11/2021;10:00:00;7662,03;7677,10;7661,35;7667,51;1,189381574E10;155080
WDOFUT;24/11/2021;09:45:00;7654,50;7664,77;7648,34;7662,03;7518236576,00;98180
WDOFUT;24/11/2021;09:30:00;7636,70;7659,30;7636,02;7653,82;1,013771245E10;132525
WDOFUT;24/11/2021;09:15:00;7642,86;7652,45;7634,65;7636,02;1,001409439E10;130998
WDOFUT;24/11/2021;09:00:00;7644,92;7654,50;7613,42;7643,55;1,274488953E10;167012
WDOFUT;23/11/2021;18:15:00;7645,60;7646,29;7630,54;7636,02;2070050031,00;27103
WDOFUT;23/11/2021;18:00:00;7664,09;7665,46;7642,18;7644,92;2214321404,00;28931
WDOFUT;23/11/2021;17:45:00;7659,30;7666,83;7650,39;7664,09;2777780451,00;36272
WDOFUT;23/11/2021;17:30:00;7683,26;7683,26;7648,34;7659,30;8133857354,00;106165
WDOFUT;23/11/2021;17:15:00;7692,16;7696,95;7680,52;7682,57;2833870982,00;36861
WDOFUT;23/11/2021;17:00:00;7686,68;7702,43;7686,68;7692,16;4467317888,00;58046
WDOFUT;23/11/2021;16:45:00;7686,00;7690,79;7683,26;7687,37;2583467295,00;33605
WDOFUT;23/11/2021;16:30:00;7690,79;7696,27;7680,52;7686,00;4501614756,00;58557
WDOFUT;23/11/2021;16:15:00;7690,10;7699,69;7686,00;7690,79;3786975580,00;49225
WDOFUT;23/11/2021;16:00:00;7693,53;7694,90;7685,31;7690,10;3672556692,00;47756
WDOFUT;23/11/2021;15:45:00;7698,32;7699,01;7683,94;7693,53;9527298140,00;123879
WDOFUT;23/11/2021;15:30:00;7716,12;7722,97;7692,16;7698,32;8126989896,00;105437
WDOFUT;23/11/2021;15:15:00;7718,18;7724,34;7710,64;7716,81;4955559705,00;64212
WDOFUT;23/11/2021;15:00:00;7738,72;7740,77;7714,75;7718,18;8508557496,00;110151
WDOFUT;23/11/2021;14:45:00;7739,40;7746,25;7738,03;7739,40;3164294668,00;40872
WDOFUT;23/11/2021;14:30:00;7733,24;7741,45;7729,82;7739,40;4118877140,00;53247
WDOFUT;23/11/2021;14:15:00;7742,14;7743,51;7731,87;7733,24;4436527987,00;57342
WDOFUT;23/11/2021;14:00:00;7744,88;7749,67;7738,03;7742,14;4080055118,00;52691
WDOFUT;23/11/2021;13:45:00;7747,62;7749,67;7738,03;7745,56;4472827055,00;57763
WDOFUT;23/11/2021;13:30:00;7748,30;7752,41;7742,14;7747,62;5165530207,00;66687
WDOFUT;23/11/2021;13:15:00;7755,83;7759,26;7745,56;7748,99;4732582217,00;61042
WDOFUT;23/11/2021;13:00:00;7755,83;7763,36;7752,41;7756,52;6199283247,00;79911
WDOFUT;23/11/2021;12:45:00;7746,25;7757,20;7742,14;7755,83;6437339743,00;83052
WDOFUT;23/11/2021;12:30:00;7747,62;7753,78;7738,72;7746,25;6613716516,00;85385
WDOFUT;23/11/2021;12:15:00;7738,72;7748,30;7737,35;7746,93;6566430313,00;84800
WDOFUT;23/11/2021;12:00:00;7727,76;7748,30;7727,08;7738,72;8859971232,00;114481
WDOFUT;23/11/2021;11:45:00;7729,13;7733,92;7722,28;7727,08;8570664727,00;110914
WDOFUT;23/11/2021;11:30:00;7732,55;7740,77;7728,45;7729,13;7343940814,00;94939
WDOFUT;23/11/2021;11:15:00;7733,92;7735,98;7724,34;7733,24;5872712488,00;75961
WDOFUT;23/11/2021;11:00:00;7733,24;7744,19;7729,82;7733,92;1,11243698E10;143770
WDOFUT;23/11/2021;10:45:00;7729,13;7740,09;7727,76;7733,24;1,070795608E10;138451
WDOFUT;23/11/2021;10:30:00;7717,49;7729,82;7713,38;7728,45;8723902021,00;112955
WDOFUT;23/11/2021;10:15:00;7704,48;7728,45;7703,11;7717,49;1,090270427E10;141279
WDOFUT;23/11/2021;10:00:00;7716,81;7722,97;7704,48;7704,48;9416213540,00;122086
WDOFUT;23/11/2021;09:45:00;7710,64;7718,86;7708,59;7716,81;5002093699,00;64842
WDOFUT;23/11/2021;09:30:00;7721,60;7724,34;7709,96;7710,64;8877320525,00;115038
WDOFUT;23/11/2021;09:15:00;7703,11;7721,60;7702,43;7720,91;1,011504076E10;131167
WDOFUT;23/11/2021;09:00:00;7688,74;7708,59;7672,99;7703,80;1,20231405E10;156316
WDOFUT;22/11/2021;18:15:00;7666,83;7668,88;7654,50;7658,61;1542247794,00;20130
WDOFUT;22/11/2021;18:00:00;7675,04;7677,10;7665,46;7666,83;1902302730,00;24797
WDOFUT;22/11/2021;17:45:00;7675,04;7681,89;7669,57;7675,73;2352316749,00;30644
WDOFUT;22/11/2021;17:30:00;7670,93;7678,47;7669,57;7675,04;1708480661,00;22262
WDOFUT;22/11/2021;17:15:00;7668,88;7675,04;7665,46;7670,25;1971297472,00;25700
WDOFUT;22/11/2021;17:00:00;7670,25;7671,62;7664,09;7668,20;3092375337,00;40334
WDOFUT;22/11/2021;16:45:00;7666,14;7673,67;7661,35;7670,25;2786397935,00;36342
WDOFUT;22/11/2021;16:30:00;7670,93;7671,62;7658,61;7666,83;4132648274,00;53908
WDOFUT;22/11/2021;16:15:00;7680,52;7681,20;7669,57;7670,93;3942231589,00;51372
WDOFUT;22/11/2021;16:00:00;7689,42;7695,58;7678,47;7680,52;3926064417,00;51081
WDOFUT;22/11/2021;15:45:00;7679,84;7695,58;7671,62;7689,42;6502109357,00;84606
WDOFUT;22/11/2021;15:30:00;7666,14;7683,26;7654,50;7680,52;8819441325,00;114973
WDOFUT;22/11/2021;15:15:00;7671,62;7672,99;7662,72;7666,14;3313001654,00;43214
WDOFUT;22/11/2021;15:00:00;7666,14;7672,99;7663,40;7671,62;4023991282,00;52473
WDOFUT;22/11/2021;14:45:00;7664,09;7673,67;7661,35;7666,14;4062856225,00;52993
WDOFUT;22/11/2021;14:30:00;7660,66;7670,25;7656,56;7663,40;3113620300,00;40628
WDOFUT;22/11/2021;14:15:00;7662,03;7664,77;7652,45;7659,98;2763838123,00;36087
WDOFUT;22/11/2021;14:00:00;7663,40;7666,83;7652,45;7661,35;4257670080,00;55588
WDOFUT;22/11/2021;13:45:00;7654,50;7666,83;7648,34;7664,09;4177953495,00;54561
WDOFUT;22/11/2021;13:30:00;7656,56;7658,61;7647,66;7653,82;3310429590,00;43247
WDOFUT;22/11/2021;13:15:00;7644,92;7659,98;7641,49;7656,56;3574994045,00;46731
WDOFUT;22/11/2021;13:00:00;7652,45;7656,56;7640,12;7644,23;5549898945,00;72567
WDOFUT;22/11/2021;12:45:00;7659,98;7661,35;7642,18;7653,13;7091586297,00;92666
WDOFUT;22/11/2021;12:30:00;7658,61;7669,57;7657,24;7659,30;4492507028,00;58627
WDOFUT;22/11/2021;12:15:00;7675,73;7682,57;7651,76;7658,61;7250233647,00;94582
WDOFUT;22/11/2021;12:00:00;7662,03;7688,05;7655,87;7675,73;1,062581276E10;138457
WDOFUT;22/11/2021;11:45:00;7646,97;7662,72;7636,70;7661,35;8302252097,00;108554
WDOFUT;22/11/2021;11:30:00;7656,56;7661,35;7641,49;7646,97;6930834328,00;90576
WDOFUT;22/11/2021;11:15:00;7649,71;7665,46;7644,23;7657,24;8256161865,00;107846
WDOFUT;22/11/2021;11:00:00;7636,70;7662,03;7629,85;7649,71;1,448155715E10;189379
WDOFUT;22/11/2021;10:45:00;7647,66;7647,66;7630,54;7636,02;8956409789,00;117246
WDOFUT;22/11/2021;10:30:00;7669,57;7673,67;7638,07;7647,66;1,326943571E10;173359
WDOFUT;22/11/2021;10:15:00;7666,83;7681,89;7666,83;7668,88;9739746332,00;126906
WDOFUT;22/11/2021;10:00:00;7675,04;7677,78;7662,03;7666,83;8880164604,00;115785
WDOFUT;22/11/2021;09:45:00;7686,68;7687,37;7664,77;7675,73;8845993870,00;115264
WDOFUT;22/11/2021;09:30:00;7699,01;7699,01;7675,04;7686,68;1,013659606E10;131905
WDOFUT;22/11/2021;09:15:00;7686,00;7699,69;7683,94;7699,01;6017338734,00;78212
WDOFUT;22/11/2021;09:00:00;7683,94;7690,10;7675,04;7686,68;7723756951,00;100525
WDOFUT;19/11/2021;18:15:00;7692,84;7701,06;7688,74;7701,06;1603328835,00;20840
WDOFUT;19/11/2021;18:00:00;7696,27;7697,64;7690,10;7692,16;1293448081,00;16811
WDOFUT;19/11/2021;17:45:00;7688,05;7697,64;7686,00;7695,58;1794343838,00;23328
WDOFUT;19/11/2021;17:30:00;7692,84;7693,53;7687,37;7688,05;1444509224,00;18785
WDOFUT;19/11/2021;17:15:00;7688,05;7696,95;7686,68;7693,53;1884415301,00;24499
WDOFUT;19/11/2021;17:00:00;7694,21;7696,27;7686,00;7688,74;2194740078,00;28536
WDOFUT;19/11/2021;16:45:00;7696,27;7696,95;7688,05;7694,90;1719682080,00;22357
WDOFUT;19/11/2021;16:30:00;7690,10;7696,95;7688,05;7696,95;2240076799,00;29120
WDOFUT;19/11/2021;16:15:00;7691,47;7692,16;7686,00;7690,10;2142717805,00;27869
WDOFUT;19/11/2021;16:00:00;7700,37;7701,74;7687,37;7691,47;3902594637,00;50733
WDOFUT;19/11/2021;15:45:00;7669,57;7701,06;7668,88;7701,06;6387051489,00;83107
WDOFUT;19/11/2021;15:30:00;7675,04;7681,89;7668,88;7670,25;3747437685,00;48819
WDOFUT;19/11/2021;15:15:00;7678,47;7681,20;7672,30;7674,36;2737860186,00;35666
WDOFUT;19/11/2021;15:00:00;7668,20;7679,84;7666,83;7677,78;3839159467,00;50035
WDOFUT;19/11/2021;14:45:00;7685,31;7690,10;7666,14;7668,88;6320761648,00;82340
WDOFUT;19/11/2021;14:30:00;7654,50;7696,95;7651,08;7685,31;1,175306313E10;153058
WDOFUT;19/11/2021;14:15:00;7651,76;7662,03;7648,34;7653,82;4684514070,00;61186
WDOFUT;19/11/2021;14:00:00;7644,92;7658,61;7639,44;7651,76;5724530869,00;74852
WDOFUT;19/11/2021;13:45:00;7636,70;7649,71;7635,33;7645,60;4528359992,00;59241
WDOFUT;19/11/2021;13:30:00;7628,49;7638,07;7627,80;7636,02;2500682398,00;32760
WDOFUT;19/11/2021;13:15:00;7640,81;7640,81;7624,38;7628,49;4781261313,00;62649
WDOFUT;19/11/2021;13:00:00;7627,80;7650,39;7625,75;7640,81;1,019740412E10;133471
WDOFUT;19/11/2021;12:45:00;7595,62;7632,59;7595,62;7627,12;1,162602266E10;152657
WDOFUT;19/11/2021;12:30:00;7587,41;7598,36;7581,24;7595,62;4850400519,00;63894
WDOFUT;19/11/2021;12:15:00;7590,83;7592,88;7575,77;7586,72;5295691648,00;69824
WDOFUT;19/11/2021;12:00:00;7588,78;7597,68;7588,09;7590,83;5609554783,00;73883
WDOFUT;19/11/2021;11:45:00;7589,46;7599,05;7580,56;7588,78;6989740182,00;92074
WDOFUT;19/11/2021;11:30:00;7597,68;7604,52;7573,71;7590,14;1,345034256E10;177277
WDOFUT;19/11/2021;11:15:00;7609,31;7609,31;7590,14;7598,36;9906447157,00;130393
WDOFUT;19/11/2021;11:00:00;7626,43;7628,49;7603,84;7609,31;9633173624,00;126462
WDOFUT;19/11/2021;10:45:00;7616,16;7627,12;7603,84;7627,12;8798110335,00;115541
WDOFUT;19/11/2021;10:30:00;7620,27;7620,95;7603,15;7615,48;1,050354014E10;138000
WDOFUT;19/11/2021;10:15:00;7629,85;7636,02;7618,90;7619,58;9239175385,00;121127
WDOFUT;19/11/2021;10:00:00;7626,43;7639,44;7625,06;7629,17;1,134689297E10;148667
WDOFUT;19/11/2021;09:45:00;7611,37;7627,12;7611,37;7626,43;7571793337,00;99369
WDOFUT;19/11/2021;09:30:00;7626,43;7628,49;7607,95;7611,37;9826529098,00;129008
WDOFUT;19/11/2021;09:15:00;7638,07;7642,18;7620,27;7626,43;9674005966,00;126780
WDOFUT;19/11/2021;09:00:00;7653,13;7654,50;7634,65;7638,76;7512833032,00;98251
WDOFUT;18/11/2021;18:15:00;7633,96;7633,96;7621,64;7629,85;1940637349,00;25442
WDOFUT;18/11/2021;18:00:00;7636,70;7638,76;7631,22;7633,96;1369860290,00;17941
WDOFUT;18/11/2021;17:45:00;7640,12;7641,49;7636,70;7637,39;1322857899,00;17316
WDOFUT;18/11/2021;17:30:00;7638,76;7643,55;7634,65;7640,12;2470633114,00;32344
WDOFUT;18/11/2021;17:15:00;7642,86;7642,86;7636,02;7639,44;2070335542,00;27104
WDOFUT;18/11/2021;17:00:00;7641,49;7651,08;7636,70;7642,86;3499621021,00;45783
WDOFUT;18/11/2021;16:45:00;7645,60;7646,29;7638,76;7642,18;1944348913,00;25444
WDOFUT;18/11/2021;16:30:00;7642,86;7647,66;7638,07;7645,60;1823144137,00;23854
WDOFUT;18/11/2021;16:15:00;7641,49;7646,97;7639,44;7643,55;1774851483,00;23223
WDOFUT;18/11/2021;16:00:00;7649,71;7654,50;7640,12;7641,49;3937456624,00;51494
WDOFUT;18/11/2021;15:45:00;7635,33;7650,39;7632,59;7649,03;4556131740,00;59610
WDOFUT;18/11/2021;15:30:00;7636,70;7642,86;7631,91;7635,33;2363519347,00;30948
WDOFUT;18/11/2021;15:15:00;7642,18;7643,55;7633,96;7636,02;2553711190,00;33430
WDOFUT;18/11/2021;15:00:00;7641,49;7646,29;7632,59;7641,49;5034412323,00;65895
WDOFUT;18/11/2021;14:45:00;7626,43;7644,92;7625,75;7641,49;5780916954,00;75709
WDOFUT;18/11/2021;14:30:00;7625,06;7627,12;7617,53;7625,75;2724102341,00;35734
WDOFUT;18/11/2021;14:15:00;7616,85;7627,12;7615,48;7625,75;2843940829,00;37309
WDOFUT;18/11/2021;14:00:00;7615,48;7623,01;7607,95;7616,85;4154946436,00;54555
WDOFUT;18/11/2021;13:45:00;7606,58;7620,27;7605,21;7615,48;4014584782,00;52728
WDOFUT;18/11/2021;13:30:00;7612,74;7614,79;7600,41;7607,26;4218555455,00;55445
WDOFUT;18/11/2021;13:15:00;7601,78;7612,74;7596,31;7612,74;3127814726,00;41131
WDOFUT;18/11/2021;13:00:00;7606,58;7612,05;7590,83;7601,10;6655195115,00;87545
WDOFUT;18/11/2021;12:45:00;7621,64;7621,64;7596,31;7606,58;6835813127,00;89880
WDOFUT;18/11/2021;12:30:00;7618,90;7623,01;7603,84;7621,64;7935701055,00;104249
WDOFUT;18/11/2021;12:15:00;7629,17;7638,76;7618,90;7618,90;7700593659,00;100927
WDOFUT;18/11/2021;12:00:00;7617,53;7629,85;7615,48;7629,85;7062230205,00;92655
WDOFUT;18/11/2021;11:45:00;7611,37;7620,27;7607,95;7617,53;6208470828,00;81530
WDOFUT;18/11/2021;11:30:00;7625,75;7631,22;7602,47;7611,37;8658248627,00;113688
WDOFUT;18/11/2021;11:15:00;7620,27;7635,33;7618,22;7625,06;7310891472,00;95854
WDOFUT;18/11/2021;11:00:00;7617,53;7631,91;7613,42;7620,95;9944741956,00;130435
WDOFUT;18/11/2021;10:45:00;7616,85;7618,90;7606,58;7616,85;6065244643,00;79669
WDOFUT;18/11/2021;10:30:00;7621,64;7629,85;7610,68;7616,85;1,077306576E10;141380
WDOFUT;18/11/2021;10:15:00;7601,78;7622,32;7596,99;7621,64;9142798255,00;120088
WDOFUT;18/11/2021;10:00:00;7592,20;7606,58;7590,83;7601,78;8682478318,00;114258
WDOFUT;18/11/2021;09:45:00;7603,15;7607,26;7587,41;7591,51;8481826488,00;111623
WDOFUT;18/11/2021;09:30:00;7607,95;7618,22;7601,78;7603,15;8513722444,00;111871
WDOFUT;18/11/2021;09:15:00;7594,25;7612,74;7590,14;7607,95;8069073567,00;106141
WDOFUT;18/11/2021;09:00:00;7581,93;7605,89;7581,24;7594,25;9757962207,00;128514
WDOFUT;17/11/2021;18:15:00;7588,78;7596,31;7586,72;7588,09;1509304445,00;19885
WDOFUT;17/11/2021;18:00:00;7582,61;7599,05;7581,93;7589,46;1958191992,00;25793
WDOFUT;17/11/2021;17:45:00;7583,30;7588,09;7579,19;7582,61;2260142188,00;29802
WDOFUT;17/11/2021;17:30:00;7570,97;7584,67;7569,60;7583,30;2245313623,00;29626
WDOFUT;17/11/2021;17:15:00;7574,40;7578,51;7566,18;7571,66;2463507026,00;32533
WDOFUT;17/11/2021;17:00:00;7585,35;7587,41;7573,71;7574,40;3137869072,00;41397
WDOFUT;17/11/2021;16:45:00;7583,30;7588,78;7582,61;7585,35;1513513346,00;19952
WDOFUT;17/11/2021;16:30:00;7588,09;7589,46;7579,19;7583,30;2502699866,00;33002
WDOFUT;17/11/2021;16:15:00;7584,67;7590,14;7583,30;7588,09;2101753447,00;27703
WDOFUT;17/11/2021;16:00:00;7593,57;7594,94;7580,56;7584,67;3110073643,00;40993
WDOFUT;17/11/2021;15:45:00;7584,67;7595,62;7583,98;7592,88;4123194033,00;54328
WDOFUT;17/11/2021;15:30:00;7590,14;7594,94;7580,56;7583,98;4480059588,00;59050
WDOFUT;17/11/2021;15:15:00;7583,98;7594,25;7583,30;7589,46;5546034763,00;73086
WDOFUT;17/11/2021;15:00:00;7561,39;7590,14;7560,70;7583,98;6422053756,00;84808
WDOFUT;17/11/2021;14:45:00;7549,75;7562,76;7537,43;7561,39;6754989241,00;89458
WDOFUT;17/11/2021;14:30:00;7549,75;7555,91;7544,96;7549,06;5030346119,00;66623
WDOFUT;17/11/2021;14:15:00;7562,07;7562,76;7545,64;7549,75;5126475648,00;67874
WDOFUT;17/11/2021;14:00:00;7560,70;7566,87;7555,91;7562,07;2902984287,00;38389
WDOFUT;17/11/2021;13:45:00;7568,92;7570,29;7560,02;7560,02;2564322528,00;33899
WDOFUT;17/11/2021;13:30:00;7562,76;7571,66;7557,28;7568,92;3755225731,00;49638
WDOFUT;17/11/2021;13:15:00;7557,28;7568,24;7556,60;7562,76;3483287210,00;46061
WDOFUT;17/11/2021;13:00:00;7549,75;7560,02;7546,33;7557,97;3785294356,00;50108
WDOFUT;17/11/2021;12:45:00;7555,23;7564,13;7547,70;7550,43;5020407343,00;66457
WDOFUT;17/11/2021;12:30:00;7560,70;7564,13;7548,38;7555,91;3939740226,00;52136
WDOFUT;17/11/2021;12:15:00;7553,86;7566,18;7551,12;7561,39;4603653082,00;60898
WDOFUT;17/11/2021;12:00:00;7564,13;7575,08;7550,43;7554,54;7745097567,00;102404
WDOFUT;17/11/2021;11:45:00;7544,27;7564,81;7542,22;7564,13;6780995708,00;89764
WDOFUT;17/11/2021;11:30:00;7560,70;7563,44;7543,59;7544,27;7520988363,00;99562
WDOFUT;17/11/2021;11:15:00;7567,55;7572,34;7552,49;7560,02;7778389998,00;102854
WDOFUT;17/11/2021;11:00:00;7548,38;7575,77;7547,01;7567,55;1,170255018E10;154721
WDOFUT;17/11/2021;10:45:00;7535,37;7553,86;7534,00;7548,38;9080957714,00;120365
WDOFUT;17/11/2021;10:30:00;7523,05;7547,70;7520,99;7535,37;1,082905872E10;143725
WDOFUT;17/11/2021;10:15:00;7524,42;7525,79;7518,26;7523,05;5035436883,00;66941
WDOFUT;17/11/2021;10:00:00;7507,99;7525,10;7502,51;7523,73;9644123027,00;128330
WDOFUT;17/11/2021;09:45:00;7524,42;7525,79;7506,62;7507,30;8046950494,00;107039
WDOFUT;17/11/2021;09:30:00;7523,05;7529,21;7515,52;7525,10;6940874324,00;92272
WDOFUT;17/11/2021;09:15:00;7530,58;7530,58;7510,72;7523,05;9293656964,00;123593
WDOFUT;17/11/2021;09:00:00;7531,26;7540,85;7523,73;7529,89;9106696773,00;120921
WDOFUT;16/11/2021;18:15:00;7551,80;7562,07;7549,75;7555,91;1851668456,00;24509
WDOFUT;16/11/2021;18:00:00;7548,38;7556,60;7547,01;7552,49;1615722139,00;21392
WDOFUT;16/11/2021;17:45:00;7547,01;7555,23;7544,27;7547,70;2554220995,00;33836
WDOFUT;16/11/2021;17:30:00;7541,53;7548,38;7538,11;7547,01;3315394247,00;43955
WDOFUT;16/11/2021;17:15:00;7546,33;7548,38;7538,79;7541,53;3698508318,00;49028
WDOFUT;16/11/2021;17:00:00;7550,43;7551,12;7545,64;7546,33;1612774190,00;21365
WDOFUT;16/11/2021;16:45:00;7550,43;7553,17;7540,85;7550,43;3501835240,00;46395
WDOFUT;16/11/2021;16:30:00;7541,53;7551,12;7540,16;7551,12;2892731970,00;38340
WDOFUT;16/11/2021;16:15:00;7544,96;7544,96;7535,37;7540,85;3531746612,00;46839
WDOFUT;16/11/2021;16:00:00;7550,43;7555,91;7543,59;7544,27;3439395580,00;45561
WDOFUT;16/11/2021;15:45:00;7544,27;7551,12;7542,22;7550,43;3032128733,00;40179
WDOFUT;16/11/2021;15:30:00;7549,06;7549,75;7540,85;7544,27;2890462178,00;38308
WDOFUT;16/11/2021;15:15:00;7542,22;7552,49;7540,85;7548,38;3389729949,00;44907
WDOFUT;16/11/2021;15:00:00;7543,59;7547,70;7537,43;7542,90;4641679597,00;61540
WDOFUT;16/11/2021;14:45:00;7544,27;7548,38;7538,79;7542,90;6126001306,00;81214
WDOFUT;16/11/2021;14:30:00;7557,97;7560,70;7542,90;7544,27;4706016355,00;62323
WDOFUT;16/11/2021;14:15:00;7557,28;7560,70;7551,12;7557,97;4476401975,00;59244
WDOFUT;16/11/2021;14:00:00;7549,75;7559,33;7548,38;7556,60;3155736092,00;41776
WDOFUT;16/11/2021;13:45:00;7552,49;7555,23;7548,38;7549,75;3166057935,00;41925
WDOFUT;16/11/2021;13:30:00;7551,12;7555,23;7548,38;7552,49;2314329610,00;30648
WDOFUT;16/11/2021;13:15:00;7545,64;7557,97;7544,27;7551,12;5006367383,00;66291
WDOFUT;16/11/2021;13:00:00;7558,65;7564,13;7544,96;7545,64;7978634489,00;105588
WDOFUT;16/11/2021;12:45:00;7550,43;7561,39;7547,70;7558,65;6118472842,00;80987
WDOFUT;16/11/2021;12:30:00;7543,59;7553,17;7537,43;7551,12;4038321531,00;53518
WDOFUT;16/11/2021;12:15:00;7543,59;7555,23;7536,74;7542,90;6730730205,00;89193
WDOFUT;16/11/2021;12:00:00;7544,27;7552,49;7540,85;7542,90;7574482121,00;100368
WDOFUT;16/11/2021;11:45:00;7524,42;7546,33;7522,36;7544,27;8931627064,00;118496
WDOFUT;16/11/2021;11:30:00;7527,16;7529,21;7514,83;7524,42;9724846076,00;129294
WDOFUT;16/11/2021;11:15:00;7519,62;7535,37;7517,57;7527,16;8734312610,00;116070
WDOFUT;16/11/2021;11:00:00;7488,81;7523,05;7487,45;7518,94;1,468073859E10;195571
WDOFUT;16/11/2021;10:45:00;7471,01;7490,18;7465,54;7488,13;8517294146,00;113937
WDOFUT;16/11/2021;10:30:00;7473,07;7489,50;7462,11;7471,01;1,059303751E10;141721
WDOFUT;16/11/2021;10:15:00;7469,64;7480,60;7460,06;7473,07;9014524142,00;120657
WDOFUT;16/11/2021;10:00:00;7457,32;7475,81;7455,27;7469,64;1,337751019E10;179179
WDOFUT;16/11/2021;09:45:00;7486,76;7495,66;7457,32;7458,01;1,314052098E10;175777
WDOFUT;16/11/2021;09:30:00;7466,91;7491,55;7463,48;7486,76;9957216844,00;133183
WDOFUT;16/11/2021;09:15:00;7480,60;7481,97;7460,74;7467,59;9878567788,00;132235
WDOFUT;16/11/2021;09:00:00;7477,18;7501,14;7472,38;7479,91;1,004364429E10;134148
WDOFUT;12/11/2021;18:15:00;7502,51;7502,51;7484,71;7499,77;1406591338,00;18771
WDOFUT;12/11/2021;18:00:00;7493,61;7509,35;7492,92;7501,82;2108959559,00;28113
WDOFUT;12/11/2021;17:45:00;7486,08;7495,66;7483,34;7492,92;2344099319,00;31300
WDOFUT;12/11/2021;17:30:00;7486,76;7492,24;7482,65;7486,76;2427366196,00;32420
WDOFUT;12/11/2021;17:15:00;7487,45;7494,29;7485,39;7487,45;2363500703,00;31558
WDOFUT;12/11/2021;17:00:00;7493,61;7497,72;7486,76;7487,45;2205491278,00;29440
WDOFUT;12/11/2021;16:45:00;7497,03;7499,77;7493,61;7494,29;1566884968,00;20903
WDOFUT;12/11/2021;16:30:00;7494,29;7503,19;7492,24;7497,03;2410953868,00;32151
WDOFUT;12/11/2021;16:15:00;7494,29;7499,77;7490,87;7494,29;3002147683,00;40058
WDOFUT;12/11/2021;16:00:00;7494,29;7499,08;7491,55;7494,29;2726992100,00;36387
WDOFUT;12/11/2021;15:45:00;7497,72;7502,51;7492,24;7493,61;5022672548,00;67000
WDOFUT;12/11/2021;15:30:00;7503,19;7507,30;7497,03;7497,72;3545711821,00;47262
WDOFUT;12/11/2021;15:15:00;7494,98;7510,72;7494,29;7503,19;5689684417,00;75816
WDOFUT;12/11/2021;15:00:00;7500,45;7506,62;7492,92;7494,98;6238663089,00;83183
WDOFUT;12/11/2021;14:45:00;7496,35;7501,82;7490,18;7500,45;4134047015,00;55154
WDOFUT;12/11/2021;14:30:00;7473,07;7502,51;7472,38;7495,66;1,181342786E10;157729
WDOFUT;12/11/2021;14:15:00;7468,96;7473,07;7466,91;7473,07;2366160670,00;31676
WDOFUT;12/11/2021;14:00:00;7464,17;7471,01;7458,01;7468,27;4621097235,00;61912
WDOFUT;12/11/2021;13:45:00;7458,69;7476,49;7458,01;7464,17;5347668274,00;71604
WDOFUT;12/11/2021;13:30:00;7464,85;7471,01;7458,01;7458,69;6083930441,00;81510
WDOFUT;12/11/2021;13:15:00;7457,32;7466,91;7453,90;7464,85;4780353632,00;64077
WDOFUT;12/11/2021;13:00:00;7454,58;7457,32;7449,79;7456,64;3532052348,00;47387
WDOFUT;12/11/2021;12:45:00;7443,63;7460,06;7442,94;7455,27;6341166710,00;85095
WDOFUT;12/11/2021;12:30:00;7440,20;7447,05;7436,10;7443,63;4197469656,00;56404
WDOFUT;12/11/2021;12:15:00;7439,52;7443,63;7433,36;7440,20;4798083966,00;64506
WDOFUT;12/11/2021;12:00:00;7445,00;7447,05;7436,78;7438,83;5134743593,00;69004
WDOFUT;12/11/2021;11:45:00;7447,05;7455,95;7439,52;7445,00;6970753504,00;93597
WDOFUT;12/11/2021;11:30:00;7446,37;7458,01;7439,52;7447,05;8535495485,00;114573
WDOFUT;12/11/2021;11:15:00;7442,94;7451,84;7436,78;7447,05;8245794163,00;110758
WDOFUT;12/11/2021;11:00:00;7440,89;7445,68;7427,20;7442,26;7085133421,00;95291
WDOFUT;12/11/2021;10:45:00;7429,93;7449,10;7422,40;7440,89;1,172477684E10;157669
WDOFUT;12/11/2021;10:30:00;7422,40;7434,73;7416,24;7429,93;8610787623,00;115934
WDOFUT;12/11/2021;10:15:00;7425,14;7433,36;7418,29;7422,40;9427671119,00;126967
WDOFUT;12/11/2021;10:00:00;7449,10;7451,16;7422,40;7425,14;1,10836021E10;149010
WDOFUT;12/11/2021;09:45:00;7447,74;7449,10;7427,20;7449,10;1,061477855E10;142686
WDOFUT;12/11/2021;09:30:00;7445,00;7456,64;7441,57;7448,42;9486444909,00;127360
WDOFUT;12/11/2021;09:15:00;7427,88;7445,68;7425,14;7445,00;1,198834105E10;161258
WDOFUT;12/11/2021;09:00:00;7421,72;7429,93;7408,71;7427,88;8541889267,00;115135
WDOFUT;11/11/2021;18:15:00;7420,35;7421,72;7405,29;7412,82;1698395771,00;22909
WDOFUT;11/11/2021;18:00:00;7425,14;7426,51;7417,61;7421,03;1617318876,00;21789
WDOFUT;11/11/2021;17:45:00;7432,67;7434,04;7422,40;7425,14;2557150718,00;34424
WDOFUT;11/11/2021;17:30:00;7431,99;7439,52;7429,93;7432,67;2572008628,00;34598
WDOFUT;11/11/2021;17:15:00;7431,30;7434,04;7426,51;7431,99;1851457362,00;24917
WDOFUT;11/11/2021;17:00:00;7422,40;7434,04;7421,03;7430,62;2781423590,00;37448
WDOFUT;11/11/2021;16:45:00;7424,46;7427,20;7420,35;7422,40;1940524626,00;26140
WDOFUT;11/11/2021;16:30:00;7416,93;7426,51;7410,76;7425,14;5015600021,00;67613
WDOFUT;11/11/2021;16:15:00;7418,29;7422,40;7414,87;7416,93;2824289530,00;38069
WDOFUT;11/11/2021;16:00:00;7421,03;7431,30;7412,82;7418,98;5958829168,00;80304
WDOFUT;11/11/2021;15:45:00;7425,14;7430,62;7418,29;7420,35;4239073911,00;57092
WDOFUT;11/11/2021;15:30:00;7438,83;7439,52;7423,09;7425,83;3984589045,00;53621
WDOFUT;11/11/2021;15:15:00;7438,15;7440,20;7428,56;7438,15;4499805028,00;60524
WDOFUT;11/11/2021;15:00:00;7426,51;7439,52;7421,72;7438,83;5211605917,00;70119
WDOFUT;11/11/2021;14:45:00;7423,09;7427,20;7418,29;7426,51;3185730061,00;42919
WDOFUT;11/11/2021;14:30:00;7420,35;7424,46;7414,87;7422,40;4076336420,00;54934
WDOFUT;11/11/2021;14:15:00;7403,23;7421,72;7403,23;7420,35;5444465936,00;73441
WDOFUT;11/11/2021;14:00:00;7418,29;7418,29;7402,55;7403,92;5656044460,00;76312
WDOFUT;11/11/2021;13:45:00;7427,20;7428,56;7416,93;7418,29;3645992946,00;49119
WDOFUT;11/11/2021;13:30:00;7431,99;7432,67;7421,72;7427,20;4142942225,00;55785
WDOFUT;11/11/2021;13:15:00;7418,29;7434,04;7416,93;7431,99;3825063399,00;51507
WDOFUT;11/11/2021;13:00:00;7414,87;7422,40;7411,45;7418,29;5334373780,00;71925
WDOFUT;11/11/2021;12:45:00;7424,46;7425,14;7414,87;7414,87;5339755634,00;71970
WDOFUT;11/11/2021;12:30:00;7419,66;7427,20;7417,61;7425,14;5865650476,00;79026
WDOFUT;11/11/2021;12:15:00;7412,13;7420,35;7408,02;7420,35;5376090401,00;72516
WDOFUT;11/11/2021;12:00:00;7430,62;7433,36;7410,08;7412,82;1,09622026E10;147770
WDOFUT;11/11/2021;11:45:00;7444,31;7445,00;7418,98;7430,62;1,540083312E10;207265
WDOFUT;11/11/2021;11:30:00;7462,80;7466,91;7444,31;7444,31;1,100320407E10;147629
WDOFUT;11/11/2021;11:15:00;7460,74;7468,27;7460,06;7463,48;3962212689,00;53078
WDOFUT;11/11/2021;11:00:00;7470,33;7471,70;7453,90;7461,43;1,110077895E10;148745
WDOFUT;11/11/2021;10:45:00;7473,07;7481,28;7469,64;7470,33;7594599975,00;101591
WDOFUT;11/11/2021;10:30:00;7469,64;7476,49;7461,43;7473,07;8678799220,00;116207
WDOFUT;11/11/2021;10:15:00;7478,54;7483,34;7464,17;7469,64;7232035492,00;96762
WDOFUT;11/11/2021;10:00:00;7475,12;7485,39;7473,75;7478,54;7721614039,00;103248
WDOFUT;11/11/2021;09:45:00;7484,71;7493,61;7474,44;7475,12;9713840113,00;129760
WDOFUT;11/11/2021;09:30:00;7486,76;7488,81;7478,54;7485,39;6202419033,00;82880
WDOFUT;11/11/2021;09:15:00;7490,18;7497,03;7483,34;7486,08;6404354759,00;85499
WDOFUT;11/11/2021;09:00:00;7534,00;7537,43;7487,45;7490,18;1,013340267E10;135034
WDOFUT;10/11/2021;18:15:00;7553,86;7555,91;7538,11;7545,64;1099780553,00;14570
WDOFUT;10/11/2021;18:00:00;7553,86;7556,60;7548,38;7555,23;1232592752,00;16320
WDOFUT;10/11/2021;17:45:00;7560,70;7564,13;7548,38;7553,86;2692109471,00;35628
WDOFUT;10/11/2021;17:30:00;7550,43;7564,13;7549,75;7560,02;3440242799,00;45518
WDOFUT;10/11/2021;17:15:00;7557,28;7558,65;7543,59;7549,75;3615050174,00;47887
WDOFUT;10/11/2021;17:00:00;7558,65;7559,33;7551,80;7557,28;2366238393,00;31320
WDOFUT;10/11/2021;16:45:00;7562,76;7563,44;7550,43;7559,33;3542011540,00;46877
WDOFUT;10/11/2021;16:30:00;7551,80;7566,18;7539,48;7562,76;5324310594,00;70506
WDOFUT;10/11/2021;16:15:00;7546,33;7554,54;7543,59;7551,80;3069997166,00;40668
WDOFUT;10/11/2021;16:00:00;7549,75;7551,80;7541,53;7545,64;2948254877,00;39070
WDOFUT;10/11/2021;15:45:00;7549,06;7552,49;7540,16;7550,43;4518828644,00;59877
WDOFUT;10/11/2021;15:30:00;7542,90;7555,91;7539,48;7549,75;6326168623,00;83813
WDOFUT;10/11/2021;15:15:00;7556,60;7570,29;7540,85;7542,90;7984147546,00;105629
WDOFUT;10/11/2021;15:00:00;7529,89;7569,60;7527,84;7557,28;1,270521888E10;168189
WDOFUT;10/11/2021;14:45:00;7536,74;7541,53;7529,89;7530,58;4484411940,00;59510
WDOFUT;10/11/2021;14:30:00;7529,21;7537,43;7525,79;7536,74;3963786114,00;52634
WDOFUT;10/11/2021;14:15:00;7520,99;7538,11;7520,31;7529,21;5872183615,00;77984
WDOFUT;10/11/2021;14:00:00;7515,52;7527,84;7514,83;7520,31;4327966402,00;57544
WDOFUT;10/11/2021;13:45:00;7515,52;7525,10;7508,67;7515,52;5501358622,00;73190
WDOFUT;10/11/2021;13:30:00;7532,63;7543,59;7514,15;7515,52;7804262812,00;103666
WDOFUT;10/11/2021;13:15:00;7529,89;7536,06;7522,36;7533,32;5172477627,00;68701
WDOFUT;10/11/2021;13:00:00;7529,21;7536,06;7525,79;7529,89;4101948954,00;54469
WDOFUT;10/11/2021;12:45:00;7526,47;7538,11;7521,68;7529,89;5348861952,00;71037
WDOFUT;10/11/2021;12:30:00;7514,15;7540,85;7513,46;7525,79;9555200938,00;126909
WDOFUT;10/11/2021;12:15:00;7523,73;7523,73;7500,45;7514,15;8648981722,00;115155
WDOFUT;10/11/2021;12:00:00;7496,35;7525,79;7490,18;7523,73;9388506432,00;125046
WDOFUT;10/11/2021;11:45:00;7497,03;7502,51;7483,34;7497,03;9896272899,00;132066
WDOFUT;10/11/2021;11:30:00;7481,28;7497,72;7478,54;7497,03;9352168379,00;124887
WDOFUT;10/11/2021;11:15:00;7479,23;7484,02;7475,81;7481,28;4435864517,00;59301
WDOFUT;10/11/2021;11:00:00;7479,23;7486,08;7468,27;7479,23;9392809392,00;125630
WDOFUT;10/11/2021;10:45:00;7492,24;7502,51;7471,70;7478,54;1,298565292E10;173502
WDOFUT;10/11/2021;10:30:00;7494,29;7516,89;7488,13;7492,24;1,715347771E10;228658
WDOFUT;10/11/2021;10:15:00;7485,39;7497,72;7478,54;7494,29;9675942986,00;129202
WDOFUT;10/11/2021;10:00:00;7504,56;7508,67;7484,02;7486,08;1,689517957E10;225354
WDOFUT;10/11/2021;09:45:00;7544,96;7549,75;7501,82;7504,56;1,994186847E10;265081
WDOFUT;10/11/2021;09:30:00;7549,75;7555,91;7542,22;7544,96;7919889181,00;104906
WDOFUT;10/11/2021;09:15:00;7560,02;7560,70;7547,70;7550,43;7189340717,00;95182
WDOFUT;10/11/2021;09:00:00;7564,13;7572,34;7546,33;7560,70;8748325978,00;115753
WDOFUT;09/11/2021;18:15:00;7538,11;7545,64;7529,89;7530,58;1226343426,00;16263
WDOFUT;09/11/2021;18:00:00;7538,79;7544,27;7535,37;7538,11;894428324,30;11864
WDOFUT;09/11/2021;17:45:00;7534,69;7549,06;7534,69;7539,48;2274485630,00;30159
WDOFUT;09/11/2021;17:30:00;7561,39;7573,71;7534,00;7534,69;6143993584,00;81346
WDOFUT;09/11/2021;17:15:00;7549,75;7562,07;7544,96;7560,70;2513556292,00;33275
WDOFUT;09/11/2021;17:00:00;7546,33;7562,76;7545,64;7549,75;4153391997,00;54979
WDOFUT;09/11/2021;16:45:00;7536,74;7574,40;7534,00;7546,33;8242690516,00;109118
WDOFUT;09/11/2021;16:30:00;7535,37;7538,79;7530,58;7536,06;1574488073,00;20896
WDOFUT;09/11/2021;16:15:00;7536,06;7538,11;7527,84;7535,37;3179199607,00;42204
WDOFUT;09/11/2021;16:00:00;7528,53;7542,90;7525,10;7536,06;4240078924,00;56278
WDOFUT;09/11/2021;15:45:00;7527,16;7529,21;7516,89;7529,21;4412838520,00;58653
WDOFUT;09/11/2021;15:30:00;7534,69;7534,69;7523,73;7527,16;3891781899,00;51695
WDOFUT;09/11/2021;15:15:00;7532,63;7540,85;7531,95;7534,69;4005587379,00;53157
WDOFUT;09/11/2021;15:00:00;7526,47;7534,69;7498,40;7532,63;1,328264351E10;176754
WDOFUT;09/11/2021;14:45:00;7546,33;7547,01;7526,47;7527,16;5569124618,00;73895
WDOFUT;09/11/2021;14:30:00;7550,43;7555,23;7544,27;7546,33;2774213233,00;36748
WDOFUT;09/11/2021;14:15:00;7557,28;7558,65;7543,59;7551,12;4520533921,00;59876
WDOFUT;09/11/2021;14:00:00;7560,70;7562,76;7556,60;7556,60;3156679492,00;41758
WDOFUT;09/11/2021;13:45:00;7552,49;7563,44;7549,06;7561,39;4346650071,00;57531
WDOFUT;09/11/2021;13:30:00;7559,33;7562,76;7550,43;7551,80;4783459621,00;63301
WDOFUT;09/11/2021;13:15:00;7559,33;7564,13;7555,91;7560,02;3387855835,00;44814
WDOFUT;09/11/2021;13:00:00;7544,27;7560,70;7542,22;7559,33;4094422538,00;54219
WDOFUT;09/11/2021;12:45:00;7545,64;7549,75;7540,16;7544,96;4389670943,00;58182
WDOFUT;09/11/2021;12:30:00;7548,38;7549,06;7536,06;7545,64;6059016610,00;80323
WDOFUT;09/11/2021;12:15:00;7564,81;7566,87;7546,33;7548,38;8008632266,00;105997
WDOFUT;09/11/2021;12:00:00;7533,32;7567,55;7531,26;7564,81;1,113851771E10;147539
WDOFUT;09/11/2021;11:45:00;7529,89;7536,74;7520,99;7532,63;8833222121,00;117310
WDOFUT;09/11/2021;11:30:00;7553,86;7554,54;7525,10;7530,58;9661333656,00;128160
WDOFUT;09/11/2021;11:15:00;7544,27;7557,97;7540,16;7553,86;8147872700,00;107933
WDOFUT;09/11/2021;11:00:00;7552,49;7552,49;7531,95;7544,27;1,100297288E10;145912
WDOFUT;09/11/2021;10:45:00;7577,82;7578,51;7547,01;7551,80;1,517104526E10;200667
WDOFUT;09/11/2021;10:30:00;7581,24;7585,35;7573,03;7577,82;6696550928,00;88354
WDOFUT;09/11/2021;10:15:00;7579,87;7588,78;7577,82;7581,24;5368746584,00;70805
WDOFUT;09/11/2021;10:00:00;7586,72;7595,62;7574,40;7580,56;1,15947665E10;152826
WDOFUT;09/11/2021;09:45:00;7581,93;7591,51;7579,87;7587,41;7740130521,00;102044
WDOFUT;09/11/2021;09:30:00;7596,99;7601,10;7579,19;7581,93;9864422596,00;130002
WDOFUT;09/11/2021;09:15:00;7609,31;7612,74;7594,94;7597,68;8232482210,00;108267
WDOFUT;09/11/2021;09:00:00;7627,80;7629,17;7601,10;7609,31;8850154264,00;116255
WDOFUT;08/11/2021;18:15:00;7625,06;7629,17;7619,58;7627,80;899591635,40;11797
WDOFUT;08/11/2021;18:00:00;7620,95;7627,80;7620,95;7625,06;873317000,80;11453
WDOFUT;08/11/2021;17:45:00;7628,49;7632,59;7617,53;7620,95;2379754971,00;31205
WDOFUT;08/11/2021;17:30:00;7622,32;7629,85;7617,53;7628,49;2852230327,00;37414
WDOFUT;08/11/2021;17:15:00;7616,85;7625,06;7612,05;7622,32;2841997284,00;37305
WDOFUT;08/11/2021;17:00:00;7618,90;7627,12;7614,79;7617,53;2937335092,00;38542
WDOFUT;08/11/2021;16:45:00;7623,69;7626,43;7614,79;7618,90;3362320723,00;44122
WDOFUT;08/11/2021;16:30:00;7632,59;7636,70;7623,69;7623,69;2750147121,00;36039
WDOFUT;08/11/2021;16:15:00;7622,32;7634,65;7622,32;7633,28;3115027030,00;40829
WDOFUT;08/11/2021;16:00:00;7627,80;7629,17;7620,95;7622,32;2825452645,00;37053
WDOFUT;08/11/2021;15:45:00;7629,17;7642,18;7627,12;7628,49;5522123432,00;72331
WDOFUT;08/11/2021;15:30:00;7623,01;7633,96;7621,64;7629,17;4577969447,00;60011
WDOFUT;08/11/2021;15:15:00;7620,27;7623,69;7616,16;7622,32;3075620097,00;40364
WDOFUT;08/11/2021;15:00:00;7625,06;7627,80;7618,22;7620,27;2656378191,00;34848
WDOFUT;08/11/2021;14:45:00;7623,01;7629,17;7620,27;7625,06;3656539043,00;47957
WDOFUT;08/11/2021;14:30:00;7630,54;7630,54;7612,05;7623,01;6754805335,00;88647
WDOFUT;08/11/2021;14:15:00;7633,28;7638,76;7629,85;7630,54;2544675049,00;33331
WDOFUT;08/11/2021;14:00:00;7631,22;7638,76;7627,80;7633,28;3267396750,00;42801
WDOFUT;08/11/2021;13:45:00;7633,28;7636,70;7627,12;7631,91;2571583803,00;33692
WDOFUT;08/11/2021;13:30:00;7628,49;7636,02;7627,12;7633,28;3049790628,00;39960
WDOFUT;08/11/2021;13:15:00;7628,49;7634,65;7623,01;7628,49;2611308316,00;34228
WDOFUT;08/11/2021;13:00:00;7627,80;7633,96;7621,64;7628,49;4847113759,00;63543
WDOFUT;08/11/2021;12:45:00;7629,85;7638,76;7627,12;7628,49;5051818443,00;66182
WDOFUT;08/11/2021;12:30:00;7629,85;7631,91;7616,16;7630,54;6273627426,00;82290
WDOFUT;08/11/2021;12:15:00;7633,96;7640,12;7629,17;7629,85;3077051804,00;40311
WDOFUT;08/11/2021;12:00:00;7628,49;7638,07;7627,80;7633,96;4217428251,00;55253
WDOFUT;08/11/2021;11:45:00;7642,18;7644,23;7627,12;7628,49;7078469280,00;92703
WDOFUT;08/11/2021;11:30:00;7654,50;7657,93;7636,02;7642,86;8796074936,00;115074
WDOFUT;08/11/2021;11:15:00;7658,61;7659,30;7644,23;7655,19;6018871065,00;78653
WDOFUT;08/11/2021;11:00:00;7657,93;7660,66;7644,92;7657,93;9305724794,00;121596
WDOFUT;08/11/2021;10:45:00;7668,20;7672,30;7653,13;7657,24;8170248571,00;106635
WDOFUT;08/11/2021;10:30:00;7678,47;7686,68;7661,35;7668,20;8682280307,00;113149
WDOFUT;08/11/2021;10:15:00;7679,84;7690,79;7673,67;7679,15;7396010164,00;96284
WDOFUT;08/11/2021;10:00:00;7688,74;7693,53;7671,62;7679,84;9319669408,00;121343
WDOFUT;08/11/2021;09:45:00;7689,42;7696,95;7681,89;7688,05;7989876400,00;103910
WDOFUT;08/11/2021;09:30:00;7690,79;7692,16;7677,10;7689,42;7485692938,00;97419
WDOFUT;08/11/2021;09:15:00;7673,67;7692,84;7671,62;7691,47;1,004762219E10;130787
WDOFUT;08/11/2021;09:00:00;7642,86;7675,73;7642,18;7673,67;1,147104626E10;149773
WDOFUT;05/11/2021;17:45:00;7608,63;7626,43;7607,26;7620,95;1626599071,00;21355
WDOFUT;05/11/2021;17:30:00;7616,85;7622,32;7606,58;7609,31;2402225277,00;31540
WDOFUT;05/11/2021;17:15:00;7605,21;7620,27;7601,78;7616,85;2744054760,00;36052
WDOFUT;05/11/2021;17:00:00;7596,31;7606,58;7589,46;7605,21;3462445403,00;45577
WDOFUT;05/11/2021;16:45:00;7586,72;7599,73;7584,67;7596,31;3832404314,00;50470
WDOFUT;05/11/2021;16:30:00;7580,56;7591,51;7577,14;7586,72;2583370840,00;34059
WDOFUT;05/11/2021;16:15:00;7589,46;7591,51;7577,82;7580,56;2874118623,00;37899
WDOFUT;05/11/2021;16:00:00;7583,30;7591,51;7579,87;7589,46;4336416603,00;57166
WDOFUT;05/11/2021;15:45:00;7580,56;7592,20;7578,51;7583,98;4774147884,00;62942
WDOFUT;05/11/2021;15:30:00;7573,71;7586,72;7568,92;7580,56;4891959764,00;64547
WDOFUT;05/11/2021;15:15:00;7581,24;7587,41;7572,34;7573,71;4338107160,00;57235
WDOFUT;05/11/2021;15:00:00;7593,57;7594,25;7568,92;7581,93;6565796359,00;86588
WDOFUT;05/11/2021;14:45:00;7595,62;7600,41;7582,61;7594,25;4739489591,00;62429
WDOFUT;05/11/2021;14:30:00;7611,37;7612,05;7590,83;7595,62;5183726213,00;68197
WDOFUT;05/11/2021;14:15:00;7595,62;7612,74;7586,04;7611,37;6327444549,00;83277
WDOFUT;05/11/2021;14:00:00;7605,21;7605,21;7594,94;7596,31;3465268695,00;45601
WDOFUT;05/11/2021;13:45:00;7588,78;7607,95;7586,72;7605,21;5141037771,00;67658
WDOFUT;05/11/2021;13:30:00;7601,10;7604,52;7581,24;7588,78;7184751555,00;94598
WDOFUT;05/11/2021;13:15:00;7617,53;7620,95;7600,41;7601,78;4660711675,00;61251
WDOFUT;05/11/2021;13:00:00;7616,85;7623,01;7609,31;7617,53;4166488194,00;54704
WDOFUT;05/11/2021;12:45:00;7619,58;7621,64;7610,68;7616,16;3575905828,00;46960
WDOFUT;05/11/2021;12:30:00;7622,32;7625,75;7614,11;7619,58;2995540327,00;39307
WDOFUT;05/11/2021;12:15:00;7620,95;7631,22;7619,58;7622,32;3678156296,00;48238
WDOFUT;05/11/2021;12:00:00;7619,58;7628,49;7611,37;7621,64;5661888453,00;74296
WDOFUT;05/11/2021;11:45:00;7631,22;7633,96;7618,90;7619,58;6531989680,00;85643
WDOFUT;05/11/2021;11:30:00;7635,33;7646,97;7627,12;7631,22;8471019857,00;110919
WDOFUT;05/11/2021;11:15:00;7623,01;7642,18;7618,90;7635,33;7814310367,00;102402
WDOFUT;05/11/2021;11:00:00;7612,05;7623,01;7596,31;7623,01;9057211598,00;119029
WDOFUT;05/11/2021;10:45:00;7612,74;7618,22;7603,84;7612,05;1,088571081E10;143026
WDOFUT;05/11/2021;10:30:00;7644,92;7649,71;7611,37;7612,05;1,566799897E10;205288
WDOFUT;05/11/2021;10:15:00;7667,51;7674,36;7644,23;7644,92;9587832425,00;125181
WDOFUT;05/11/2021;10:00:00;7661,35;7677,10;7659,30;7668,20;1,011656952E10;131919
WDOFUT;05/11/2021;09:45:00;7688,05;7691,47;7651,08;7661,35;1,387808932E10;181059
WDOFUT;05/11/2021;09:30:00;7691,47;7712,01;7669,57;7687,37;1,645860743E10;214107
WDOFUT;05/11/2021;09:15:00;7699,69;7705,17;7686,68;7690,79;7649173566,00;99379
WDOFUT;05/11/2021;09:00:00;7701,06;7713,38;7694,21;7699,01;6919159301,00;89821
WDOFUT;04/11/2021;17:45:00;7711,33;7714,07;7703,11;7710,64;1766090563,00;22914
WDOFUT;04/11/2021;17:30:00;7705,85;7713,38;7695,58;7712,01;2618629094,00;34000
WDOFUT;04/11/2021;17:15:00;7712,70;7713,38;7701,74;7705,85;2589564722,00;33597
WDOFUT;04/11/2021;17:00:00;7716,12;7719,55;7710,64;7713,38;2368908096,00;30705
WDOFUT;04/11/2021;16:45:00;7725,71;7729,13;7714,75;7716,12;4356819290,00;56419
WDOFUT;04/11/2021;16:30:00;7727,08;7729,13;7724,34;7725,71;1694229380,00;21927
WDOFUT;04/11/2021;16:15:00;7731,87;7733,24;7725,02;7727,76;3245445184,00;41996
WDOFUT;04/11/2021;16:00:00;7735,29;7742,82;7729,13;7731,87;4993378856,00;64549
WDOFUT;04/11/2021;15:45:00;7721,60;7740,09;7721,60;7734,61;6136891657,00;79360
WDOFUT;04/11/2021;15:30:00;7714,75;7727,08;7714,75;7722,28;3696702505,00;47878
WDOFUT;04/11/2021;15:15:00;7725,02;7729,13;7708,59;7715,44;5903622779,00;76490
WDOFUT;04/11/2021;15:00:00;7731,87;7736,66;7721,60;7725,02;5828331367,00;75401
WDOFUT;04/11/2021;14:45:00;7725,71;7731,87;7715,44;7731,87;4090455136,00;52954
WDOFUT;04/11/2021;14:30:00;7718,86;7729,13;7709,96;7725,71;5587540455,00;72381
WDOFUT;04/11/2021;14:15:00;7722,28;7730,50;7716,81;7718,86;5457032582,00;70656
WDOFUT;04/11/2021;14:00:00;7727,08;7734,61;7720,91;7722,28;5165309617,00;66840
WDOFUT;04/11/2021;13:45:00;7725,02;7731,18;7720,23;7727,08;4672907715,00;60489
WDOFUT;04/11/2021;13:30:00;7701,74;7735,29;7701,06;7725,71;1,157936844E10;149969
WDOFUT;04/11/2021;13:15:00;7692,16;7703,80;7681,89;7701,74;5402644493,00;70236
WDOFUT;04/11/2021;13:00:00;7689,42;7692,16;7677,10;7691,47;7299570086,00;94983
WDOFUT;04/11/2021;12:45:00;7698,32;7701,06;7688,05;7690,10;4251046052,00;55249
WDOFUT;04/11/2021;12:30:00;7703,11;7703,80;7694,90;7698,32;4249492168,00;55193
WDOFUT;04/11/2021;12:15:00;7700,37;7707,91;7696,95;7703,11;5521829761,00;71691
WDOFUT;04/11/2021;12:00:00;7683,26;7701,74;7681,89;7699,69;8949776882,00;116354
WDOFUT;04/11/2021;11:45:00;7681,89;7687,37;7669,57;7683,26;7828725226,00;101941
WDOFUT;04/11/2021;11:30:00;7670,93;7685,31;7654,50;7681,20;1,270886078E10;165738
WDOFUT;04/11/2021;11:15:00;7692,84;7696,95;7668,20;7671,62;1,137343478E10;148020
WDOFUT;04/11/2021;11:00:00;7693,53;7702,43;7686,68;7692,84;9176094136,00;119236
WDOFUT;04/11/2021;10:45:00;7703,11;7711,33;7686,68;7693,53;1,103238431E10;143279
WDOFUT;04/11/2021;10:30:00;7716,81;7720,23;7694,90;7703,80;1,093514268E10;141917
WDOFUT;04/11/2021;10:15:00;7710,64;7720,91;7708,59;7716,81;5685881019,00;73703
WDOFUT;04/11/2021;10:00:00;7710,64;7722,28;7707,91;7710,64;1,148890529E10;148896
WDOFUT;04/11/2021;09:45:00;7728,45;7731,87;7709,96;7710,64;9241717173,00;119680
WDOFUT;04/11/2021;09:30:00;7704,48;7729,82;7701,06;7727,76;1,176302595E10;152467
WDOFUT;04/11/2021;09:15:00;7686,00;7705,17;7682,57;7704,48;9347433316,00;121468
WDOFUT;04/11/2021;09:00:00;7663,40;7695,58;7655,19;7686,68;1,226510297E10;159677
WDOFUT;03/11/2021;17:45:00;7654,50;7654,50;7631,91;7644,23;4010022746,00;52455
WDOFUT;03/11/2021;17:30:00;7672,99;7677,10;7653,13;7653,82;3340080401,00;43572
WDOFUT;03/11/2021;17:15:00;7673,67;7675,04;7660,66;7673,67;3863466285,00;50380
WDOFUT;03/11/2021;17:00:00;7692,16;7695,58;7672,30;7674,36;3635553231,00;47331
WDOFUT;03/11/2021;16:45:00;7694,90;7696,95;7681,20;7692,84;3565466025,00;46376
WDOFUT;03/11/2021;16:30:00;7700,37;7705,85;7690,79;7695,58;3523641035,00;45768
WDOFUT;03/11/2021;16:15:00;7687,37;7704,48;7681,20;7700,37;6425672726,00;83526
WDOFUT;03/11/2021;16:00:00;7688,74;7694,21;7677,10;7686,68;6129847098,00;79761
WDOFUT;03/11/2021;15:45:00;7718,86;7719,55;7683,26;7688,74;1,21224588E10;157534
WDOFUT;03/11/2021;15:30:00;7736,66;7745,56;7716,81;7718,86;7954712245,00;102861
WDOFUT;03/11/2021;15:15:00;7726,39;7738,03;7714,07;7737,35;5379016947,00;69623
WDOFUT;03/11/2021;15:00:00;7742,82;7746,25;7709,96;7726,39;1,02601031E10;132800
WDOFUT;03/11/2021;14:45:00;7731,87;7745,56;7730,50;7742,82;4007855057,00;51793
WDOFUT;03/11/2021;14:30:00;7731,87;7737,35;7725,71;7731,18;3502085634,00;45291
WDOFUT;03/11/2021;14:15:00;7733,24;7735,98;7727,76;7731,18;3600590825,00;46561
WDOFUT;03/11/2021;14:00:00;7726,39;7733,92;7720,23;7732,55;4554882762,00;58954
WDOFUT;03/11/2021;13:45:00;7720,91;7726,39;7711,33;7726,39;5836731286,00;75615
WDOFUT;03/11/2021;13:30:00;7714,75;7725,71;7712,70;7720,91;4626507010,00;59933
WDOFUT;03/11/2021;13:15:00;7723,65;7724,34;7711,33;7715,44;7254551519,00;94009
WDOFUT;03/11/2021;13:00:00;7730,50;7738,72;7714,07;7724,34;1,203931991E10;155760
WDOFUT;03/11/2021;12:45:00;7766,10;7771,58;7728,45;7729,82;1,322415064E10;170655
WDOFUT;03/11/2021;12:30:00;7786,64;7790,75;7766,10;7766,79;8082848954,00;103939
WDOFUT;03/11/2021;12:15:00;7795,54;7799,65;7783,22;7786,64;6673208679,00;85647
WDOFUT;03/11/2021;12:00:00;7795,54;7811,29;7791,43;7794,86;9722206560,00;124619
WDOFUT;03/11/2021;11:45:00;7793,49;7796,23;7773,63;7794,86;1,270514022E10;163222
WDOFUT;03/11/2021;11:30:00;7825,67;7827,04;7791,43;7793,49;1,083361501E10;138745
WDOFUT;03/11/2021;11:15:00;7839,36;7841,41;7809,24;7825,67;1,212223612E10;154923
WDOFUT;03/11/2021;11:00:00;7831,14;7843,47;7825,67;7839,36;1,218894421E10;155582
WDOFUT;03/11/2021;10:45:00;7835,94;7837,99;7827,04;7831,14;6074412670,00;77547
WDOFUT;03/11/2021;10:30:00;7818,82;7840,05;7814,71;7835,94;1,103264696E10;140949
WDOFUT;03/11/2021;10:15:00;7805,13;7820,19;7797,60;7818,82;1,036614219E10;132749
WDOFUT;03/11/2021;10:00:00;7816,08;7832,51;7804,44;7805,81;1,581004533E10;202151
WDOFUT;03/11/2021;09:45:00;7798,28;7816,77;7785,27;7816,77;1,374029223E10;176214
WDOFUT;03/11/2021;09:30:00;7818,14;7818,14;7786,64;7797,60;1,446710888E10;185465
WDOFUT;03/11/2021;09:15:00;7816,08;7828,41;7809,92;7817,45;8990116063,00;114968
WDOFUT;03/11/2021;09:00:00;7809,24;7824,98;7806,50;7816,08;8269612661,00;105793
WDOFUT;01/11/2021;17:45:00;7810,61;7828,41;7806,50;7824,98;3560952422,00;45557
WDOFUT;01/11/2021;17:30:00;7807,18;7811,97;7803,07;7810,61;1564440333,00;20037
WDOFUT;01/11/2021;17:15:00;7803,07;7809,24;7803,07;7806,50;1785061275,00;22866
WDOFUT;01/11/2021;17:00:00;7806,50;7812,66;7801,02;7803,76;2595997332,00;33255
WDOFUT;01/11/2021;16:45:00;7805,13;7809,24;7802,39;7805,81;2594872510,00;33243
WDOFUT;01/11/2021;16:30:00;7807,87;7811,29;7803,07;7805,13;2735723765,00;35038
WDOFUT;01/11/2021;16:15:00;7803,07;7810,61;7802,39;7807,18;2320737257,00;29727
WDOFUT;01/11/2021;16:00:00;7802,39;7812,66;7802,39;7803,76;3603714314,00;46160
WDOFUT;01/11/2021;15:45:00;7812,66;7814,71;7802,39;7802,39;4941214167,00;63292
WDOFUT;01/11/2021;15:30:00;7811,29;7818,14;7805,13;7812,66;3789318721,00;48510
WDOFUT;01/11/2021;15:15:00;7814,71;7820,19;7810,61;7811,97;3743259586,00;47894
WDOFUT;01/11/2021;15:00:00;7813,34;7817,45;7809,24;7814,71;2842036275,00;36372
WDOFUT;01/11/2021;14:45:00;7806,50;7815,40;7805,13;7813,34;3562565612,00;45613
WDOFUT;01/11/2021;14:30:00;7818,14;7820,19;7805,81;7806,50;5091361015,00;65179
WDOFUT;01/11/2021;14:15:00;7820,19;7821,56;7814,71;7818,14;2939127561,00;37595
WDOFUT;01/11/2021;14:00:00;7810,61;7821,56;7809,24;7820,88;4718101904,00;60358
WDOFUT;01/11/2021;13:45:00;7812,66;7814,03;7807,87;7810,61;2747565384,00;35176
WDOFUT;01/11/2021;13:30:00;7815,40;7816,08;7807,18;7812,66;3660219797,00;46854
WDOFUT;01/11/2021;13:15:00;7815,40;7817,45;7810,61;7814,71;3093187228,00;39584
WDOFUT;01/11/2021;13:00:00;7818,14;7821,56;7814,03;7815,40;3232229398,00;41348
WDOFUT;01/11/2021;12:45:00;7816,77;7822,24;7816,08;7818,14;2794792062,00;35742
WDOFUT;01/11/2021;12:30:00;7822,24;7823,61;7813,34;7817,45;4547962523,00;58168
WDOFUT;01/11/2021;12:15:00;7826,35;7828,41;7817,45;7822,93;6373931185,00;81476
WDOFUT;01/11/2021;12:00:00;7816,08;7831,14;7816,08;7827,04;7547347642,00;96445
WDOFUT;01/11/2021;11:45:00;7808,55;7820,88;7804,44;7816,08;7379129124,00;94423
WDOFUT;01/11/2021;11:30:00;7795,54;7809,92;7795,54;7808,55;9092169431,00;116509
WDOFUT;01/11/2021;11:15:00;7790,75;7796,91;7789,38;7796,23;5464621474,00;70115
WDOFUT;01/11/2021;11:00:00;7794,86;7801,02;7787,33;7790,75;8432909437,00;108208
WDOFUT;01/11/2021;10:45:00;7778,43;7795,54;7775,69;7794,86;9330519933,00;119826
WDOFUT;01/11/2021;10:30:00;7778,43;7781,16;7768,84;7778,43;6288575923,00;80885
WDOFUT;01/11/2021;10:15:00;7780,48;7781,16;7770,21;7778,43;6022425431,00;77445
WDOFUT;01/11/2021;10:00:00;7776,37;7780,48;7765,42;7780,48;8679348900,00;111651
WDOFUT;01/11/2021;09:45:00;7779,11;7783,22;7769,53;7776,37;7345402016,00;94469
WDOFUT;01/11/2021;09:30:00;7783,22;7785,96;7775,00;7779,11;6297127282,00;80941
WDOFUT;01/11/2021;09:15:00;7771,58;7787,33;7768,84;7783,22;9950186368,00;127901
WDOFUT;01/11/2021;09:00:00;7748,30;7775,69;7740,09;7771,58;7629247280,00;98260
WDOFUT;29/10/2021;17:45:00;7770,89;7774,32;7753,09;7757,20;1564046017,00;20143
WDOFUT;29/10/2021;17:30:00;7761,99;7772,95;7761,99;7771,58;1494950677,00;19245
WDOFUT;29/10/2021;17:15:00;7777,74;7777,74;7758,57;7762,68;3101788855,00;39937
WDOFUT;29/10/2021;17:00:00;7769,53;7781,85;7768,84;7777,74;3004709175,00;38640
WDOFUT;29/10/2021;16:45:00;7781,85;7783,22;7766,79;7770,21;3370677536,00;43349
WDOFUT;29/10/2021;16:30:00;7778,43;7785,27;7768,16;7781,85;5161507842,00;66371
WDOFUT;29/10/2021;16:15:00;7746,93;7780,48;7740,77;7778,43;6397010133,00;82436
WDOFUT;29/10/2021;16:00:00;7731,18;7747,62;7727,08;7746,93;5598140633,00;72349
WDOFUT;29/10/2021;15:45:00;7761,99;7766,79;7707,91;7731,18;1,471207789E10;190271
WDOFUT;29/10/2021;15:30:00;7771,58;7779,11;7759,94;7761,99;4277525544,00;55080
WDOFUT;29/10/2021;15:15:00;7764,05;7775,69;7762,68;7770,89;4157182722,00;53506
WDOFUT;29/10/2021;15:00:00;7776,37;7779,80;7762,68;7764,73;4317675355,00;55551
WDOFUT;29/10/2021;14:45:00;7759,94;7784,59;7758,57;7776,37;5854920397,00;75323
WDOFUT;29/10/2021;14:30:00;7761,31;7779,11;7755,15;7759,94;7880452917,00;101457
WDOFUT;29/10/2021;14:15:00;7768,16;7775,69;7755,83;7761,31;5423729772,00;69858
WDOFUT;29/10/2021;14:00:00;7773,63;7781,85;7766,10;7768,16;3578099521,00;46025
WDOFUT;29/10/2021;13:45:00;7777,06;7778,43;7764,73;7774,32;4275417633,00;55009
WDOFUT;29/10/2021;13:30:00;7790,07;7790,07;7772,95;7777,06;4100240589,00;52702
WDOFUT;29/10/2021;13:15:00;7774,32;7794,86;7771,58;7789,38;6440788247,00;82747
WDOFUT;29/10/2021;13:00:00;7753,78;7776,37;7751,72;7774,32;5828032519,00;75059
WDOFUT;29/10/2021;12:45:00;7750,36;7757,89;7742,82;7753,78;5934960436,00;76578
WDOFUT;29/10/2021;12:30:00;7771,58;7771,58;7744,88;7750,36;5181700556,00;66805
WDOFUT;29/10/2021;12:15:00;7744,19;7777,06;7743,51;7771,58;9123081530,00;117469
WDOFUT;29/10/2021;12:00:00;7761,99;7776,37;7738,72;7744,88;1,192059083E10;153600
WDOFUT;29/10/2021;11:45:00;7775,69;7783,22;7746,25;7761,99;1,150884972E10;148201
WDOFUT;29/10/2021;11:30:00;7763,36;7777,06;7753,09;7775,69;7725354017,00;99491
WDOFUT;29/10/2021;11:15:00;7772,95;7788,70;7761,99;7764,05;9077340954,00;116738
WDOFUT;29/10/2021;11:00:00;7780,48;7798,97;7772,95;7772,95;1,32160176E10;169716
WDOFUT;29/10/2021;10:45:00;7759,94;7784,59;7753,78;7781,16;1,309607739E10;168583
WDOFUT;29/10/2021;10:30:00;7744,88;7775,00;7733,92;7759,26;1,321881302E10;170425
WDOFUT;29/10/2021;10:15:00;7749,67;7759,26;7735,29;7744,19;1,111009677E10;143440
WDOFUT;29/10/2021;10:00:00;7762,68;7766,10;7746,25;7749,67;1,192491992E10;153775
WDOFUT;29/10/2021;09:45:00;7770,21;7783,90;7754,46;7761,99;1,130505438E10;145505
WDOFUT;29/10/2021;09:30:00;7776,37;7783,90;7763,36;7770,21;1,249941577E10;160795
WDOFUT;29/10/2021;09:15:00;7766,79;7787,33;7766,10;7775,69;9551535526,00;122813
WDOFUT;29/10/2021;09:00:00;7764,05;7783,90;7758,57;7767,47;9870453201,00;127000
WDOFUT;28/10/2021;17:45:00;7796,33;7796,33;7774,29;7779,11;2869528637,00;36863
WDOFUT;28/10/2021;17:30:00;7785,31;7805,29;7783,93;7797,02;5783005689,00;74207
WDOFUT;28/10/2021;17:15:00;7774,98;7788,75;7769,47;7784,62;5484779670,00;70527
WDOFUT;28/10/2021;17:00:00;7752,93;7779,11;7743,98;7775,67;6917917840,00;89129
WDOFUT;28/10/2021;16:45:00;7752,93;7759,13;7750,18;7753,62;2807400456,00;36203
WDOFUT;28/10/2021;16:30:00;7753,62;7757,76;7750,18;7753,62;4378397927,00;56471
WDOFUT;28/10/2021;16:15:00;7752,93;7759,82;7749,49;7752,93;4620165842,00;59585
WDOFUT;28/10/2021;16:00:00;7741,91;7755,00;7737,78;7753,62;5596531098,00;72235
WDOFUT;28/10/2021;15:45:00;7721,94;7746,05;7720,56;7741,22;6994517688,00;90439
WDOFUT;28/10/2021;15:30:00;7717,80;7727,45;7717,11;7721,94;4234039571,00;54827
WDOFUT;28/10/2021;15:15:00;7715,05;7719,18;7708,16;7717,80;3358862099,00;43543
WDOFUT;28/10/2021;15:00:00;7719,18;7723,31;7710,92;7714,36;3414209270,00;44248
WDOFUT;28/10/2021;14:45:00;7715,74;7722,63;7705,40;7719,87;6227234871,00;80735
WDOFUT;28/10/2021;14:30:00;7734,34;7741,22;7700,58;7715,74;1,319198469E10;170926
WDOFUT;28/10/2021;14:15:00;7740,54;7744,67;7732,27;7733,65;4006575734,00;51778
WDOFUT;28/10/2021;14:00:00;7732,96;7743,98;7730,20;7740,54;6240062688,00;80643
WDOFUT;28/10/2021;13:45:00;7720,56;7735,71;7719,18;7732,96;5048136234,00;65320
WDOFUT;28/10/2021;13:30:00;7746,05;7748,11;7716,43;7719,87;8175307532,00;105746
WDOFUT;28/10/2021;13:15:00;7731,58;7748,11;7724,69;7746,05;6105540991,00;78945
WDOFUT;28/10/2021;13:00:00;7733,65;7738,47;7726,76;7731,58;4611718932,00;59638
WDOFUT;28/10/2021;12:45:00;7739,16;7741,22;7731,58;7734,34;5612350267,00;72545
WDOFUT;28/10/2021;12:30:00;7741,91;7755,69;7738,47;7739,16;6172867676,00;79673
WDOFUT;28/10/2021;12:15:00;7760,51;7766,71;7741,22;7741,22;1,093905502E10;141077
WDOFUT;28/10/2021;12:00:00;7742,60;7763,96;7736,40;7760,51;1,434058985E10;185006
WDOFUT;28/10/2021;11:45:00;7727,45;7748,11;7721,94;7742,60;1,093726549E10;141411
WDOFUT;28/10/2021;11:30:00;7724,00;7737,78;7721,94;7728,14;7670699646,00;99235
WDOFUT;28/10/2021;11:15:00;7730,89;7735,71;7716,43;7724,00;9651011331,00;124906
WDOFUT;28/10/2021;11:00:00;7715,74;7734,34;7708,85;7730,89;1,060139831E10;137272
WDOFUT;28/10/2021;10:45:00;7729,51;7730,20;7708,16;7715,05;1,127268009E10;146090
WDOFUT;28/10/2021;10:30:00;7730,89;7739,16;7724,00;7729,51;9654793909,00;124876
WDOFUT;28/10/2021;10:15:00;7730,20;7739,85;7724,00;7731,58;1,002411045E10;129667
WDOFUT;28/10/2021;10:00:00;7738,47;7748,80;7728,83;7730,20;1,246168822E10;161057
WDOFUT;28/10/2021;09:45:00;7737,78;7750,87;7728,83;7739,16;1,22845193E10;158697
WDOFUT;28/10/2021;09:30:00;7731,58;7743,98;7728,14;7737,78;1,626959592E10;210302
WDOFUT;28/10/2021;09:15:00;7704,72;7737,09;7697,14;7731,58;1,938664601E10;251190
WDOFUT;28/10/2021;09:00:00;7654,43;7705,40;7648,92;7704,72;1,696095977E10;220615
WDOFUT;27/10/2021;17:45:00;7640,65;7643,41;7631,70;7633,08;2009504973,00;26310
WDOFUT;27/10/2021;17:30:00;7646,85;7653,05;7635,83;7640,65;3349670625,00;43806
WDOFUT;27/10/2021;17:15:00;7645,48;7648,23;7640,65;7646,85;1814354198,00;23733
WDOFUT;27/10/2021;17:00:00;7656,50;7658,56;7642,72;7645,48;3766277984,00;49240
WDOFUT;27/10/2021;16:45:00;7664,76;7666,14;7655,12;7655,81;4507556515,00;58848
WDOFUT;27/10/2021;16:30:00;7676,47;7686,81;7664,07;7664,76;5940588382,00;77372
WDOFUT;27/10/2021;16:15:00;7679,92;7683,36;7673,72;7677,16;4999213308,00;65104
WDOFUT;27/10/2021;16:00:00;7672,34;7684,05;7669,58;7679,92;5342093352,00;69589
WDOFUT;27/10/2021;15:45:00;7658,56;7674,41;7657,19;7672,34;5422101048,00;70726
WDOFUT;27/10/2021;15:30:00;7663,39;7664,76;7649,61;7659,25;8207319754,00;107184
WDOFUT;27/10/2021;15:15:00;7675,78;7678,54;7660,63;7664,07;5161930614,00;67304
WDOFUT;27/10/2021;15:00:00;7673,72;7679,23;7667,52;7676,47;4899132662,00;63843
WDOFUT;27/10/2021;14:45:00;7681,98;7683,36;7668,90;7673,72;5603794678,00;73016
WDOFUT;27/10/2021;14:30:00;7691,63;7691,63;7675,10;7682,67;6135537574,00;79872
WDOFUT;27/10/2021;14:15:00;7691,63;7697,14;7687,49;7691,63;3749152588,00;48738
WDOFUT;27/10/2021;14:00:00;7688,87;7692,32;7683,36;7690,94;5037061854,00;65520
WDOFUT;27/10/2021;13:45:00;7683,36;7690,94;7681,29;7688,18;4947435511,00;64371
WDOFUT;27/10/2021;13:30:00;7681,98;7686,81;7676,47;7683,36;3825531001,00;49800
WDOFUT;27/10/2021;13:15:00;7688,87;7689,56;7679,23;7681,98;4402669324,00;57301
WDOFUT;27/10/2021;13:00:00;7695,76;7697,14;7686,12;7689,56;6127632908,00;79671
WDOFUT;27/10/2021;12:45:00;7696,45;7700,58;7693,69;7696,45;2836781075,00;36854
WDOFUT;27/10/2021;12:30:00;7699,20;7701,96;7693,01;7696,45;4060841311,00;52760
WDOFUT;27/10/2021;12:15:00;7705,40;7709,54;7695,07;7699,20;6227336785,00;80858
WDOFUT;27/10/2021;12:00:00;7701,27;7706,78;7686,12;7706,09;1,424163905E10;185044
WDOFUT;27/10/2021;11:45:00;7657,19;7704,03;7656,50;7700,58;2,084922932E10;271455
WDOFUT;27/10/2021;11:30:00;7644,79;7659,25;7631,70;7657,87;1,119515541E10;146474
WDOFUT;27/10/2021;11:15:00;7642,03;7655,12;7635,83;7645,48;1,011755939E10;132316
WDOFUT;27/10/2021;11:00:00;7664,07;7673,72;7635,14;7641,34;2,243205854E10;293033
WDOFUT;27/10/2021;10:45:00;7666,14;7670,96;7661,32;7664,76;5964891893,00;77814
WDOFUT;27/10/2021;10:30:00;7661,32;7681,98;7660,63;7665,45;1,079539974E10;140711
WDOFUT;27/10/2021;10:15:00;7668,21;7678,54;7660,63;7660,63;8457143061,00;110267
WDOFUT;27/10/2021;10:00:00;7663,39;7673,72;7659,25;7668,90;9572412981,00;124871
WDOFUT;27/10/2021;09:45:00;7670,27;7675,78;7649,61;7663,39;1,358267396E10;177314
WDOFUT;27/10/2021;09:30:00;7666,83;7682,67;7665,45;7670,96;1,089459346E10;141960
WDOFUT;27/10/2021;09:15:00;7656,50;7674,41;7651,67;7666,83;1,378127085E10;179876
WDOFUT;27/10/2021;09:00:00;7677,85;7677,85;7655,12;7656,50;1,086156084E10;141668
WDOFUT;26/10/2021;17:45:00;7688,18;7692,32;7673,72;7675,10;1489036325,00;19380
WDOFUT;26/10/2021;17:30:00;7681,29;7693,69;7680,61;7688,18;1996472411,00;25976
WDOFUT;26/10/2021;17:15:00;7682,67;7685,43;7678,54;7681,98;1591278122,00;20717
WDOFUT;26/10/2021;17:00:00;7681,98;7685,43;7677,85;7683,36;1991151604,00;25920
WDOFUT;26/10/2021;16:45:00;7676,47;7686,12;7671,65;7682,67;3829530737,00;49864
WDOFUT;26/10/2021;16:30:00;7677,16;7679,92;7671,65;7677,16;2835280401,00;36934
WDOFUT;26/10/2021;16:15:00;7678,54;7679,23;7668,90;7677,16;2853073748,00;37177
WDOFUT;26/10/2021;16:00:00;7673,72;7679,23;7668,21;7678,54;4509921859,00;58770
WDOFUT;26/10/2021;15:45:00;7686,12;7688,18;7672,34;7673,72;5361359976,00;69807
WDOFUT;26/10/2021;15:30:00;7679,92;7686,81;7676,47;7685,43;4057644229,00;52822
WDOFUT;26/10/2021;15:15:00;7683,36;7687,49;7676,47;7680,61;3771256642,00;49096
WDOFUT;26/10/2021;15:00:00;7695,76;7696,45;7682,67;7683,36;4278161409,00;55641
WDOFUT;26/10/2021;14:45:00;7689,56;7699,20;7687,49;7695,76;4347213984,00;56493
WDOFUT;26/10/2021;14:30:00;7686,81;7693,69;7679,23;7689,56;5005078867,00;65115
WDOFUT;26/10/2021;14:15:00;7699,20;7700,58;7677,85;7687,49;9671682983,00;125809
WDOFUT;26/10/2021;14:00:00;7711,60;7712,98;7697,83;7699,89;5596103622,00;72622
WDOFUT;26/10/2021;13:45:00;7715,74;7721,94;7710,23;7710,92;3340432206,00;43297
WDOFUT;26/10/2021;13:30:00;7719,87;7722,63;7710,92;7716,43;4445294670,00;57606
WDOFUT;26/10/2021;13:15:00;7707,47;7730,89;7707,47;7719,18;9188383888,00;119013
WDOFUT;26/10/2021;13:00:00;7696,45;7712,98;7695,76;7707,47;7808361057,00;101316
WDOFUT;26/10/2021;12:45:00;7687,49;7704,03;7686,81;7696,45;4823130887,00;62669
WDOFUT;26/10/2021;12:30:00;7698,52;7706,78;7684,05;7687,49;7057892732,00;91704
WDOFUT;26/10/2021;12:15:00;7693,01;7698,52;7686,81;7697,83;4159377598,00;54073
WDOFUT;26/10/2021;12:00:00;7687,49;7703,34;7684,74;7693,01;1,015366028E10;131967
WDOFUT;26/10/2021;11:45:00;7683,36;7692,32;7680,61;7687,49;7996291533,00;104023
WDOFUT;26/10/2021;11:30:00;7680,61;7684,05;7668,90;7684,05;6687236463,00;87118
WDOFUT;26/10/2021;11:15:00;7675,78;7686,12;7670,96;7681,29;8500115736,00;110698
WDOFUT;26/10/2021;11:00:00;7701,27;7705,40;7668,21;7675,10;1,430526917E10;186160
WDOFUT;26/10/2021;10:45:00;7705,40;7710,92;7695,76;7701,96;9934438165,00;128937
WDOFUT;26/10/2021;10:30:00;7682,67;7705,40;7679,92;7704,72;1,223609384E10;159043
WDOFUT;26/10/2021;10:15:00;7685,43;7691,63;7675,10;7683,36;7660667527,00;99706
WDOFUT;26/10/2021;10:00:00;7679,23;7689,56;7664,76;7685,43;1,023403188E10;133285
WDOFUT;26/10/2021;09:45:00;7673,03;7689,56;7667,52;7679,92;1,117287486E10;145490
WDOFUT;26/10/2021;09:30:00;7664,76;7687,49;7650,99;7672,34;1,34586128E10;175461
WDOFUT;26/10/2021;09:15:00;7668,90;7675,10;7649,61;7664,76;1,66702994E10;217588
WDOFUT;26/10/2021;09:00:00;7657,19;7670,27;7653,05;7668,90;1,174175501E10;153270
WDOFUT;25/10/2021;17:45:00;7663,39;7674,41;7660,63;7664,07;2368173167,00;30888
WDOFUT;25/10/2021;17:30:00;7658,56;7668,21;7657,87;7663,39;2352342818,00;30694
WDOFUT;25/10/2021;17:15:00;7664,07;7666,83;7651,67;7658,56;3195530387,00;41727
WDOFUT;25/10/2021;17:00:00;7657,87;7673,03;7657,19;7664,07;4127056409,00;53837
WDOFUT;25/10/2021;16:45:00;7655,12;7665,45;7655,12;7657,87;4421618840,00;57719
WDOFUT;25/10/2021;16:30:00;7646,85;7659,25;7646,85;7655,12;3524321794,00;46045
WDOFUT;25/10/2021;16:15:00;7644,10;7650,99;7643,41;7647,54;3415573628,00;44666
WDOFUT;25/10/2021;16:00:00;7641,34;7646,16;7636,52;7644,79;5708497038,00;74707
WDOFUT;25/10/2021;15:45:00;7658,56;7659,94;7639,96;7641,34;9941148817,00;129987
WDOFUT;25/10/2021;15:30:00;7654,43;7666,14;7653,05;7658,56;6649335069,00;86799
WDOFUT;25/10/2021;15:15:00;7654,43;7655,12;7648,92;7654,43;2920464585,00;38165
WDOFUT;25/10/2021;15:00:00;7657,19;7664,07;7647,54;7654,43;6437777030,00;84093
WDOFUT;25/10/2021;14:45:00;7660,63;7660,63;7651,67;7656,50;5986971934,00;78199
WDOFUT;25/10/2021;14:30:00;7664,76;7668,21;7653,74;7660,63;6706120263,00;87537
WDOFUT;25/10/2021;14:15:00;7664,76;7672,34;7658,56;7664,76;6970795637,00;90937
WDOFUT;25/10/2021;14:00:00;7677,85;7680,61;7663,39;7664,76;8221583053,00;107159
WDOFUT;25/10/2021;13:45:00;7708,16;7708,16;7677,85;7677,85;1,004228587E10;130576
WDOFUT;25/10/2021;13:30:00;7724,69;7728,83;7706,09;7707,47;5299847407,00;68696
WDOFUT;25/10/2021;13:15:00;7721,25;7727,45;7717,11;7724,69;3749073922,00;48552
WDOFUT;25/10/2021;13:00:00;7724,00;7729,51;7717,11;7721,94;5653382945,00;73210
WDOFUT;25/10/2021;12:45:00;7724,00;7734,34;7719,87;7724,00;4954359258,00;64123
WDOFUT;25/10/2021;12:30:00;7726,07;7731,58;7721,94;7724,69;4802215770,00;62148
WDOFUT;25/10/2021;12:15:00;7698,52;7726,76;7696,45;7725,38;8154483005,00;105728
WDOFUT;25/10/2021;12:00:00;7708,16;7716,43;7695,07;7698,52;1,045841119E10;135711
WDOFUT;25/10/2021;11:45:00;7724,00;7728,14;7706,09;7707,47;7272872774,00;94221
WDOFUT;25/10/2021;11:30:00;7726,76;7733,65;7716,43;7724,00;8450089730,00;109381
WDOFUT;25/10/2021;11:15:00;7715,74;7728,14;7708,16;7727,45;7930078109,00;102733
WDOFUT;25/10/2021;11:00:00;7724,00;7724,00;7697,14;7715,74;1,619079572E10;210030
WDOFUT;25/10/2021;10:45:00;7734,34;7747,42;7721,25;7723,31;1,117862395E10;144512
WDOFUT;25/10/2021;10:30:00;7746,05;7750,87;7733,65;7734,34;9521646641,00;122971
WDOFUT;25/10/2021;10:15:00;7732,27;7748,80;7730,20;7746,05;9183723723,00;118660
WDOFUT;25/10/2021;10:00:00;7741,91;7746,05;7728,83;7732,27;1,018095651E10;131559
WDOFUT;25/10/2021;09:45:00;7742,60;7752,93;7737,78;7741,22;9371699862,00;120999
WDOFUT;25/10/2021;09:30:00;7763,27;7765,33;7739,85;7742,60;1,470922983E10;189706
WDOFUT;25/10/2021;09:15:00;7773,60;7783,93;7759,82;7763,27;1,158197067E10;148986
WDOFUT;25/10/2021;09:00:00;7799,09;7807,35;7761,20;7772,91;1,245012708E10;160096
WDOFUT;22/10/2021;17:45:00;7791,51;7803,22;7790,82;7794,27;1977964768,00;25367
WDOFUT;22/10/2021;17:30:00;7786,69;7803,22;7783,93;7791,51;3570986787,00;45816
WDOFUT;22/10/2021;17:15:00;7769,47;7787,38;7769,47;7786,69;2303072212,00;29610
WDOFUT;22/10/2021;17:00:00;7758,45;7779,11;7757,76;7769,47;3634554390,00;46767
WDOFUT;22/10/2021;16:45:00;7777,73;7781,87;7755,00;7758,45;4287612763,00;55188
WDOFUT;22/10/2021;16:30:00;7781,18;7783,24;7768,78;7777,04;3790223317,00;48745
WDOFUT;22/10/2021;16:15:00;7779,11;7789,44;7777,73;7781,18;3372712760,00;43332
WDOFUT;22/10/2021;16:00:00;7795,64;7800,46;7762,58;7779,11;8018156152,00;103067
WDOFUT;22/10/2021;15:45:00;7787,38;7809,42;7783,24;7796,33;8323329158,00;106761
WDOFUT;22/10/2021;15:30:00;7825,95;7830,77;7784,62;7786,69;8945578719,00;114575
WDOFUT;22/10/2021;15:15:00;7812,18;7832,15;7810,11;7825,95;6542193871,00;83646
WDOFUT;22/10/2021;15:00:00;7825,26;7834,22;7791,51;7812,18;1,016960137E10;130169
WDOFUT;22/10/2021;14:45:00;7814,93;7830,09;7814,24;7825,26;5344159965,00;68310
WDOFUT;22/10/2021;14:30:00;7822,51;7830,77;7801,15;7814,93;8775438635,00;112280
WDOFUT;22/10/2021;14:15:00;7854,88;7859,71;7804,60;7822,51;1,559307796E10;199135
WDOFUT;22/10/2021;14:00:00;7872,10;7879,68;7847,31;7855,57;8566664509,00;108943
WDOFUT;22/10/2021;13:45:00;7868,66;7872,79;7857,64;7871,42;5095493467,00;64781
WDOFUT;22/10/2021;13:30:00;7884,50;7888,64;7854,88;7868,66;1,078335421E10;137010
WDOFUT;22/10/2021;13:15:00;7898,28;7901,04;7881,75;7885,19;6060463046,00;76804
WDOFUT;22/10/2021;13:00:00;7892,08;7903,79;7884,50;7898,28;7079495171,00;89690
WDOFUT;22/10/2021;12:45:00;7905,17;7911,37;7890,01;7892,08;8491597227,00;107477
WDOFUT;22/10/2021;12:30:00;7925,83;7938,23;7903,10;7905,17;1,33206113E10;168155
WDOFUT;22/10/2021;12:15:00;7911,37;7936,86;7906,55;7925,83;1,47540678E10;186211
WDOFUT;22/10/2021;12:00:00;7901,72;7913,44;7892,77;7911,37;1,121913546E10;141937
WDOFUT;22/10/2021;11:45:00;7896,90;7906,55;7876,93;7901,72;1,49566278E10;189511
WDOFUT;22/10/2021;11:30:00;7856,26;7905,17;7855,57;7897,59;2,348848703E10;297820
WDOFUT;22/10/2021;11:15:00;7861,08;7865,91;7847,31;7856,26;9426386226,00;119968
WDOFUT;22/10/2021;11:00:00;7852,13;7861,08;7841,80;7861,08;1,06937606E10;136210
WDOFUT;22/10/2021;10:45:00;7876,93;7881,75;7847,31;7851,44;1,465823714E10;186449
WDOFUT;22/10/2021;10:30:00;7878,99;7887,95;7868,66;7876,93;1,386551604E10;175975
WDOFUT;22/10/2021;10:15:00;7880,37;7880,37;7854,88;7879,68;1,326820751E10;168656
WDOFUT;22/10/2021;10:00:00;7871,42;7887,95;7870,04;7880,37;1,398025669E10;177437
WDOFUT;22/10/2021;09:45:00;7856,95;7876,93;7855,57;7871,42;1,03073897E10;131030
WDOFUT;22/10/2021;09:30:00;7856,95;7875,55;7848,68;7857,64;1,381531817E10;175727
WDOFUT;22/10/2021;09:15:00;7866,59;7872,10;7855,57;7856,95;1,31130055E10;166737
WDOFUT;22/10/2021;09:00:00;7839,04;7868,66;7825,26;7865,91;1,888560404E10;240572
WDOFUT;21/10/2021;17:45:00;7817,69;7823,20;7807,35;7807,35;2447084024,00;31309
WDOFUT;21/10/2021;17:30:00;7810,80;7819,06;7804,60;7817,69;2283957780,00;29234
WDOFUT;21/10/2021;17:15:00;7800,46;7810,80;7796,33;7810,11;2560185103,00;32799
WDOFUT;21/10/2021;17:00:00;7819,06;7819,75;7781,87;7800,46;6037876346,00;77413
WDOFUT;21/10/2021;16:45:00;7819,75;7823,20;7812,18;7819,06;4209268583,00;53839
WDOFUT;21/10/2021;16:30:00;7801,15;7822,51;7799,78;7819,75;4395074955,00;56259
WDOFUT;21/10/2021;16:15:00;7825,26;7826,64;7798,40;7801,15;4704354054,00;60216
WDOFUT;21/10/2021;16:00:00;7821,82;7825,95;7813,55;7825,26;3365702667,00;43046
WDOFUT;21/10/2021;15:45:00;7815,62;7825,95;7801,84;7822,51;9694037625,00;124076
WDOFUT;21/10/2021;15:30:00;7839,04;7841,11;7813,55;7814,93;8747156356,00;111779
WDOFUT;21/10/2021;15:15:00;7839,73;7851,44;7836,28;7839,73;5578003540,00;71112
WDOFUT;21/10/2021;15:00:00;7838,35;7848,68;7832,84;7839,73;7605400131,00;97012
WDOFUT;21/10/2021;14:45:00;7831,46;7849,37;7823,89;7838,35;1,279265597E10;163206
WDOFUT;21/10/2021;14:30:00;7798,40;7836,97;7798,40;7830,77;1,084681739E10;138689
WDOFUT;21/10/2021;14:15:00;7806,66;7808,04;7793,58;7797,71;4751731174,00;60916
WDOFUT;21/10/2021;14:00:00;7797,71;7817,69;7795,64;7806,66;9273891476,00;118780
WDOFUT;21/10/2021;13:45:00;7788,07;7799,78;7779,11;7798,40;7089372685,00;91020
WDOFUT;21/10/2021;13:30:00;7801,15;7809,42;7788,07;7788,07;5672280480,00;72726
WDOFUT;21/10/2021;13:15:00;7793,58;7812,18;7792,89;7800,46;5158788516,00;66103
WDOFUT;21/10/2021;13:00:00;7789,44;7801,15;7784,62;7793,58;5105604134,00;65522
WDOFUT;21/10/2021;12:45:00;7788,75;7793,58;7781,87;7790,13;4091164061,00;52537
WDOFUT;21/10/2021;12:30:00;7805,29;7805,98;7786,00;7789,44;6254161257,00;80223
WDOFUT;21/10/2021;12:15:00;7792,20;7806,66;7786,00;7804,60;9841599365,00;126238
WDOFUT;21/10/2021;12:00:00;7761,89;7801,15;7761,20;7792,89;1,133917962E10;145653
WDOFUT;21/10/2021;11:45:00;7774,98;7792,20;7761,20;7761,20;9551396825,00;122794
WDOFUT;21/10/2021;11:30:00;7771,53;7781,18;7763,27;7774,98;7243759777,00;93208
WDOFUT;21/10/2021;11:15:00;7776,36;7781,87;7766,02;7772,22;7229986046,00;93008
WDOFUT;21/10/2021;11:00:00;7770,84;7783,93;7761,89;7775,67;1,183680014E10;152262
WDOFUT;21/10/2021;10:45:00;7760,51;7772,91;7757,07;7770,16;9285087920,00;119574
WDOFUT;21/10/2021;10:30:00;7774,29;7781,18;7755,69;7760,51;1,514281738E10;194885
WDOFUT;21/10/2021;10:15:00;7797,02;7798,40;7770,84;7774,29;1,084416363E10;139343
WDOFUT;21/10/2021;10:00:00;7794,27;7803,91;7791,51;7797,71;1,315113494E10;168651
WDOFUT;21/10/2021;09:45:00;7775,67;7796,33;7768,09;7794,27;1,167643055E10;150032
WDOFUT;21/10/2021;09:30:00;7803,22;7804,60;7764,65;7775,67;1,501047412E10;192913
WDOFUT;21/10/2021;09:15:00;7812,18;7817,00;7791,51;7803,91;1,318665576E10;169010
WDOFUT;21/10/2021;09:00:00;7813,55;7830,09;7803,22;7812,86;2,11435608E10;270553
WDOFUT;20/10/2021;17:45:00;7710,23;7730,89;7706,78;7724,00;3888687503,00;50363
WDOFUT;20/10/2021;17:30:00;7704,03;7714,36;7693,01;7710,23;4615702418,00;59919
WDOFUT;20/10/2021;17:15:00;7686,81;7708,16;7681,98;7704,03;6645209440,00;86344
WDOFUT;20/10/2021;17:00:00;7675,78;7691,63;7669,58;7686,81;6624790524,00;86256
WDOFUT;20/10/2021;16:45:00;7657,87;7679,92;7655,12;7675,10;5152840661,00;67217
WDOFUT;20/10/2021;16:30:00;7654,43;7659,94;7652,36;7657,19;3512276923,00;45872
WDOFUT;20/10/2021;16:15:00;7640,65;7654,43;7635,83;7653,74;4644539726,00;60747
WDOFUT;20/10/2021;16:00:00;7646,16;7649,61;7637,21;7639,96;3568094519,00;46678
WDOFUT;20/10/2021;15:45:00;7642,03;7648,92;7631,70;7646,16;7080054815,00;92656
WDOFUT;20/10/2021;15:30:00;7649,61;7654,43;7617,92;7642,03;1,505363386E10;197189
WDOFUT;20/10/2021;15:15:00;7649,61;7655,81;7646,85;7649,61;3361629570,00;43934
WDOFUT;20/10/2021;15:00:00;7660,63;7664,07;7647,54;7649,61;4335538078,00;56628
WDOFUT;20/10/2021;14:45:00;7658,56;7661,32;7649,61;7659,94;4791485805,00;62593
WDOFUT;20/10/2021;14:30:00;7669,58;7677,85;7650,99;7659,25;8280533882,00;108041
WDOFUT;20/10/2021;14:15:00;7664,76;7673,03;7663,39;7670,27;5175887866,00;67499
WDOFUT;20/10/2021;14:00:00;7648,92;7666,83;7643,41;7665,45;6755394141,00;88237
WDOFUT;20/10/2021;13:45:00;7657,19;7657,87;7643,41;7648,92;4505124077,00;58896
WDOFUT;20/10/2021;13:30:00;7659,94;7661,32;7653,05;7656,50;2675679610,00;34943
WDOFUT;20/10/2021;13:15:00;7663,39;7664,07;7655,12;7659,94;3231659145,00;42194
WDOFUT;20/10/2021;13:00:00;7657,87;7666,83;7650,99;7664,07;6304039244,00;82309
WDOFUT;20/10/2021;12:45:00;7655,81;7664,76;7650,30;7657,19;4916574691,00;64196
WDOFUT;20/10/2021;12:30:00;7653,05;7657,19;7646,16;7655,81;3937051542,00;51455
WDOFUT;20/10/2021;12:15:00;7653,05;7657,19;7637,90;7653,05;7994830261,00;104551
WDOFUT;20/10/2021;12:00:00;7660,63;7662,70;7644,10;7653,05;8479317412,00;110789
WDOFUT;20/10/2021;11:45:00;7656,50;7678,54;7648,23;7659,94;1,501112888E10;195922
WDOFUT;20/10/2021;11:30:00;7662,70;7663,39;7647,54;7656,50;1,056258274E10;137990
WDOFUT;20/10/2021;11:15:00;7672,34;7675,78;7658,56;7662,70;1,087178093E10;141790
WDOFUT;20/10/2021;11:00:00;7683,36;7689,56;7672,34;7672,34;8728252242,00;113629
WDOFUT;20/10/2021;10:45:00;7678,54;7693,01;7673,72;7683,36;9922959585,00;129122
WDOFUT;20/10/2021;10:30:00;7697,14;7703,34;7678,54;7678,54;1,24902238E10;162434
WDOFUT;20/10/2021;10:15:00;7670,27;7699,20;7661,32;7696,45;1,513888297E10;197179
WDOFUT;20/10/2021;10:00:00;7688,18;7693,01;7667,52;7670,96;1,307772279E10;170244
WDOFUT;20/10/2021;09:45:00;7689,56;7691,63;7679,23;7688,18;1,052711339E10;136971
WDOFUT;20/10/2021;09:30:00;7704,03;7711,60;7686,81;7688,87;1,049143425E10;136271
WDOFUT;20/10/2021;09:15:00;7698,52;7716,43;7694,38;7703,34;1,16852053E10;151649
WDOFUT;20/10/2021;09:00:00;7704,03;7720,56;7691,63;7698,52;1,503957995E10;195192
WDOFUT;19/10/2021;17:45:00;7700,58;7717,11;7700,58;7708,85;3367516034,00;43680
WDOFUT;19/10/2021;17:30:00;7699,20;7706,78;7688,87;7700,58;3683895417,00;47859
WDOFUT;19/10/2021;17:15:00;7697,14;7712,29;7682,67;7698,52;7289766863,00;94704
WDOFUT;19/10/2021;17:00:00;7722,63;7726,07;7695,07;7697,83;5741639322,00;74476
WDOFUT;19/10/2021;16:45:00;7730,89;7733,65;7721,94;7722,63;3507806879,00;45393
WDOFUT;19/10/2021;16:30:00;7710,23;7732,96;7709,54;7731,58;8448686349,00;109386
WDOFUT;19/10/2021;16:15:00;7741,91;7742,60;7685,43;7710,23;1,940024891E10;251639
WDOFUT;19/10/2021;16:00:00;7724,69;7746,74;7718,49;7741,22;1,129279226E10;146018
WDOFUT;19/10/2021;15:45:00;7723,31;7728,14;7714,36;7724,00;7193513162,00;93159
WDOFUT;19/10/2021;15:30:00;7706,09;7737,09;7704,72;7722,63;1,733343341E10;224404
WDOFUT;19/10/2021;15:15:00;7697,14;7708,85;7697,14;7705,40;6131916482,00;79594
WDOFUT;19/10/2021;15:00:00;7697,14;7708,85;7693,01;7696,45;1,103002143E10;143212
WDOFUT;19/10/2021;14:45:00;7688,87;7697,83;7681,29;7697,83;6067226236,00;78913
WDOFUT;19/10/2021;14:30:00;7675,78;7692,32;7675,10;7688,87;5097053636,00;66326
WDOFUT;19/10/2021;14:15:00;7679,23;7681,98;7674,41;7676,47;3192330384,00;41578
WDOFUT;19/10/2021;14:00:00;7681,29;7688,87;7677,16;7679,23;5874359652,00;76450
WDOFUT;19/10/2021;13:45:00;7673,03;7682,67;7670,27;7681,29;3923395383,00;51108
WDOFUT;19/10/2021;13:30:00;7679,23;7684,05;7670,96;7673,03;4276863414,00;55706
WDOFUT;19/10/2021;13:15:00;7669,58;7682,67;7668,90;7679,92;5582900247,00;72722
WDOFUT;19/10/2021;13:00:00;7664,76;7673,03;7661,32;7670,27;5552995032,00;72425
WDOFUT;19/10/2021;12:45:00;7675,10;7676,47;7664,07;7664,76;4967529245,00;64769
WDOFUT;19/10/2021;12:30:00;7681,29;7681,98;7670,96;7675,10;5131982270,00;66859
WDOFUT;19/10/2021;12:15:00;7682,67;7696,45;7675,78;7681,29;1,356608296E10;176505
WDOFUT;19/10/2021;12:00:00;7655,81;7686,12;7654,43;7681,98;1,39020524E10;181191
WDOFUT;19/10/2021;11:45:00;7659,25;7664,76;7655,12;7655,81;7457137575,00;97355
WDOFUT;19/10/2021;11:30:00;7649,61;7660,63;7644,79;7659,25;7881290320,00;102977
WDOFUT;19/10/2021;11:15:00;7659,94;7665,45;7649,61;7649,61;7222852258,00;94322
WDOFUT;19/10/2021;11:00:00;7655,12;7664,07;7641,34;7659,94;1,622765464E10;212063
WDOFUT;19/10/2021;10:45:00;7679,23;7682,67;7653,74;7655,12;1,042976443E10;136025
WDOFUT;19/10/2021;10:30:00;7662,01;7681,98;7660,63;7679,92;1,052414403E10;137167
WDOFUT;19/10/2021;10:15:00;7670,27;7670,96;7654,43;7662,01;1,017136373E10;132745
WDOFUT;19/10/2021;10:00:00;7679,23;7681,29;7664,07;7670,27;9664274711,00;125935
WDOFUT;19/10/2021;09:45:00;7671,65;7683,36;7666,83;7679,92;1,314340615E10;171260
WDOFUT;19/10/2021;09:30:00;7661,32;7672,34;7650,99;7670,96;1,461623848E10;190811
WDOFUT;19/10/2021;09:15:00;7675,10;7693,69;7657,19;7662,01;2,024307694E10;263775
WDOFUT;19/10/2021;09:00:00;7653,05;7679,92;7647,54;7675,10;2,021302E10;263767
WDOFUT;18/10/2021;17:45:00;7613,10;7615,85;7607,59;7610,34;2266262408,00;29773
WDOFUT;18/10/2021;17:30:00;7615,85;7617,92;7611,03;7613,10;1528457598,00;20073
WDOFUT;18/10/2021;17:15:00;7617,23;7618,61;7611,72;7616,54;3285745808,00;43146
WDOFUT;18/10/2021;17:00:00;7619,99;7621,37;7616,54;7616,54;2043332381,00;26821
WDOFUT;18/10/2021;16:45:00;7617,92;7624,12;7617,92;7619,99;3199948471,00;41988
WDOFUT;18/10/2021;16:30:00;7611,72;7623,43;7611,03;7618,61;5469177198,00;71789
WDOFUT;18/10/2021;16:15:00;7606,90;7612,41;7603,46;7611,03;2657511836,00;34928
WDOFUT;18/10/2021;16:00:00;7604,83;7608,97;7602,08;7607,59;3338989581,00;43902
WDOFUT;18/10/2021;15:45:00;7604,83;7607,59;7595,19;7604,83;4518686216,00;59445
WDOFUT;18/10/2021;15:30:00;7600,01;7607,59;7599,32;7605,52;3352694848,00;44094
WDOFUT;18/10/2021;15:15:00;7604,83;7606,21;7597,26;7600,01;3880579249,00;51049
WDOFUT;18/10/2021;15:00:00;7611,72;7615,85;7601,39;7604,83;5976331698,00;78541
WDOFUT;18/10/2021;14:45:00;7601,39;7612,41;7598,63;7611,72;6883556998,00;90519
WDOFUT;18/10/2021;14:30:00;7613,10;7613,10;7600,01;7600,70;4150992780,00;54564
WDOFUT;18/10/2021;14:15:00;7614,48;7615,85;7601,39;7612,41;7222114231,00;94922
WDOFUT;18/10/2021;14:00:00;7617,23;7619,99;7611,72;7614,48;4569173864,00;59993
WDOFUT;18/10/2021;13:45:00;7617,92;7626,19;7616,54;7617,92;5408155891,00;70959
WDOFUT;18/10/2021;13:30:00;7617,92;7619,99;7612,41;7617,92;2591232366,00;34022
WDOFUT;18/10/2021;13:15:00;7616,54;7620,68;7611,72;7617,92;4387500589,00;57602
WDOFUT;18/10/2021;13:00:00;7622,05;7624,81;7610,34;7616,54;7531273816,00;98882
WDOFUT;18/10/2021;12:45:00;7628,94;7631,01;7622,05;7622,05;3810898696,00;49969
WDOFUT;18/10/2021;12:30:00;7628,25;7633,76;7624,12;7628,94;4311242709,00;56508
WDOFUT;18/10/2021;12:15:00;7638,59;7638,59;7622,74;7628,94;6391814540,00;83795
WDOFUT;18/10/2021;12:00:00;7638,59;7642,03;7628,25;7638,59;8240829880,00;107930
WDOFUT;18/10/2021;11:45:00;7634,45;7646,16;7633,08;7637,90;6876064743,00;90002
WDOFUT;18/10/2021;11:30:00;7640,65;7644,10;7629,63;7633,76;7520090185,00;98465
WDOFUT;18/10/2021;11:15:00;7634,45;7644,10;7633,08;7640,65;6849652337,00;89676
WDOFUT;18/10/2021;11:00:00;7629,63;7637,90;7619,99;7635,14;1,230097184E10;161251
WDOFUT;18/10/2021;10:45:00;7636,52;7643,41;7628,25;7629,63;1,184321153E10;155130
WDOFUT;18/10/2021;10:30:00;7628,94;7652,36;7627,57;7636,52;1,673793168E10;219067
WDOFUT;18/10/2021;10:15:00;7624,81;7637,90;7621,37;7628,25;1,533077847E10;200921
WDOFUT;18/10/2021;10:00:00;7606,90;7624,81;7606,21;7623,43;1,134526889E10;148956
WDOFUT;18/10/2021;09:45:00;7607,59;7614,48;7602,77;7606,21;1,160136346E10;152477
WDOFUT;18/10/2021;09:30:00;7591,06;7608,97;7590,37;7607,59;1,380725369E10;181620
WDOFUT;18/10/2021;09:15:00;7573,84;7592,43;7566,95;7591,06;1,429060375E10;188515
WDOFUT;18/10/2021;09:00:00;7549,73;7582,79;7544,90;7573,15;1,344960479E10;177654
WDOFUT;15/10/2021;17:45:00;7531,82;7542,84;7528,37;7542,84;2225535763,00;29535
WDOFUT;15/10/2021;17:30:00;7538,02;7538,70;7530,44;7531,13;2365030015,00;31395
WDOFUT;15/10/2021;17:15:00;7532,50;7538,70;7529,06;7538,02;2412379464,00;32016
WDOFUT;15/10/2021;17:00:00;7531,82;7534,57;7528,37;7532,50;2353441434,00;31248
WDOFUT;15/10/2021;16:45:00;7536,64;7538,02;7527,68;7531,82;4478839418,00;59457
WDOFUT;15/10/2021;16:30:00;7537,33;7544,22;7535,26;7536,64;3781401084,00;50150
WDOFUT;15/10/2021;16:15:00;7538,02;7540,77;7534,57;7537,33;2969150838,00;39390
WDOFUT;15/10/2021;16:00:00;7534,57;7538,70;7531,82;7538,02;3454348917,00;45839
WDOFUT;15/10/2021;15:45:00;7530,44;7538,02;7529,75;7534,57;4227259745,00;56107
WDOFUT;15/10/2021;15:30:00;7529,06;7535,95;7528,37;7530,44;5253752487,00;69755
WDOFUT;15/10/2021;15:15:00;7522,17;7531,13;7518,73;7529,75;4318376243,00;57376
WDOFUT;15/10/2021;15:00:00;7524,24;7527,68;7518,04;7522,17;6227441868,00;82782
WDOFUT;15/10/2021;14:45:00;7515,97;7526,99;7513,91;7524,24;4625409953,00;61509
WDOFUT;15/10/2021;14:30:00;7516,66;7518,73;7511,84;7515,97;2806106525,00;37337
WDOFUT;15/10/2021;14:15:00;7520,79;7524,24;7514,59;7516,66;3303922648,00;43939
WDOFUT;15/10/2021;14:00:00;7521,48;7522,86;7517,35;7520,79;3267491280,00;43450
WDOFUT;15/10/2021;13:45:00;7514,59;7523,55;7513,91;7521,48;3177525234,00;42253
WDOFUT;15/10/2021;13:30:00;7511,84;7520,11;7505,64;7515,28;4658811463,00;62009
WDOFUT;15/10/2021;13:15:00;7513,91;7518,04;7511,15;7511,84;2516793543,00;33494
WDOFUT;15/10/2021;13:00:00;7520,79;7521,48;7512,53;7513,22;4334713567,00;57668
WDOFUT;15/10/2021;12:45:00;7518,04;7526,31;7517,35;7520,11;4451010563,00;59170
WDOFUT;15/10/2021;12:30:00;7516,66;7520,11;7511,15;7518,04;4675382105,00;62205
WDOFUT;15/10/2021;12:15:00;7519,42;7520,11;7504,95;7516,66;7558445452,00;100620
WDOFUT;15/10/2021;12:00:00;7514,59;7523,55;7506,33;7519,42;9836497810,00;130893
WDOFUT;15/10/2021;11:45:00;7521,48;7522,17;7513,91;7514,59;4446335120,00;59146
WDOFUT;15/10/2021;11:30:00;7524,24;7524,93;7513,91;7521,48;6869784197,00;91364
WDOFUT;15/10/2021;11:15:00;7519,42;7526,31;7513,22;7524,93;9454135291,00;125700
WDOFUT;15/10/2021;11:00:00;7533,88;7537,33;7504,26;7518,73;2,562979572E10;340952
WDOFUT;15/10/2021;10:45:00;7583,48;7583,48;7532,50;7533,19;2,144324648E10;283659
WDOFUT;15/10/2021;10:30:00;7596,57;7597,94;7582,79;7583,48;9630211685,00;126865
WDOFUT;15/10/2021;10:15:00;7601,39;7604,83;7590,37;7596,57;1,079666286E10;142121
WDOFUT;15/10/2021;10:00:00;7577,97;7603,46;7575,21;7602,08;1,750570497E10;230627
WDOFUT;15/10/2021;09:45:00;7564,19;7578,66;7555,93;7578,66;1,41659169E10;187180
WDOFUT;15/10/2021;09:30:00;7577,97;7586,92;7564,19;7564,19;1,263873954E10;166843
WDOFUT;15/10/2021;09:15:00;7576,59;7579,35;7563,50;7577,97;1,257134606E10;166042
WDOFUT;15/10/2021;09:00:00;7578,66;7593,81;7570,39;7576,59;1,372224755E10;181001
WDOFUT;14/10/2021;17:45:00;7626,88;7626,88;7610,34;7615,17;2147937504,00;28196
WDOFUT;14/10/2021;17:30:00;7619,30;7628,25;7616,54;7627,57;1754884305,00;23025
WDOFUT;14/10/2021;17:15:00;7620,68;7622,05;7618,61;7619,30;1264049646,00;16588
WDOFUT;14/10/2021;17:00:00;7618,61;7624,12;7608,97;7619,99;4004631274,00;52578
WDOFUT;14/10/2021;16:45:00;7622,74;7625,50;7617,23;7618,61;2641617231,00;34664
WDOFUT;14/10/2021;16:30:00;7628,25;7628,25;7620,68;7623,43;2368038030,00;31057
WDOFUT;14/10/2021;16:15:00;7622,05;7628,94;7617,23;7627,57;4025961825,00;52819
WDOFUT;14/10/2021;16:00:00;7624,81;7630,32;7619,99;7622,05;3533812991,00;46341
WDOFUT;14/10/2021;15:45:00;7636,52;7636,52;7622,74;7624,12;4255376426,00;55775
WDOFUT;14/10/2021;15:30:00;7623,43;7639,28;7619,99;7635,83;6644930093,00;87072
WDOFUT;14/10/2021;15:15:00;7628,25;7628,94;7621,37;7624,12;2365000836,00;31016
WDOFUT;14/10/2021;15:00:00;7621,37;7631,70;7621,37;7628,25;5816456279,00;76264
WDOFUT;14/10/2021;14:45:00;7614,48;7623,43;7613,10;7622,05;3719347855,00;48819
WDOFUT;14/10/2021;14:30:00;7617,23;7617,92;7610,34;7614,48;2970416822,00;39014
WDOFUT;14/10/2021;14:15:00;7616,54;7622,05;7613,10;7617,23;3854490613,00;50597
WDOFUT;14/10/2021;14:00:00;7602,08;7616,54;7600,70;7616,54;3412365380,00;44843
WDOFUT;14/10/2021;13:45:00;7606,90;7608,97;7597,26;7602,08;4339477699,00;57080
WDOFUT;14/10/2021;13:30:00;7611,72;7615,85;7604,83;7606,21;2423847863,00;31848
WDOFUT;14/10/2021;13:15:00;7610,34;7615,85;7604,14;7611,72;3316170459,00;43575
WDOFUT;14/10/2021;13:00:00;7602,08;7620,68;7602,08;7611,03;7397064262,00;97194
WDOFUT;14/10/2021;12:45:00;7609,66;7615,17;7602,08;7602,77;5190792506,00;68220
WDOFUT;14/10/2021;12:30:00;7622,05;7624,81;7609,66;7610,34;7234222972,00;94969
WDOFUT;14/10/2021;12:15:00;7626,88;7636,52;7622,05;7622,74;9668298281,00;126728
WDOFUT;14/10/2021;12:00:00;7597,26;7628,94;7595,88;7626,88;1,224219604E10;160765
WDOFUT;14/10/2021;11:45:00;7602,77;7606,21;7588,99;7596,57;1,023057398E10;134650
WDOFUT;14/10/2021;11:30:00;7608,97;7610,34;7597,94;7602,08;5649713199,00;74301
WDOFUT;14/10/2021;11:15:00;7600,01;7611,72;7597,94;7608,97;9311076094,00;122431
WDOFUT;14/10/2021;11:00:00;7587,61;7601,39;7584,86;7600,01;8503790372,00;111977
WDOFUT;14/10/2021;10:45:00;7597,94;7600,01;7586,92;7588,30;7965676871,00;104909
WDOFUT;14/10/2021;10:30:00;7590,37;7604,83;7586,92;7598,63;9772518437,00;128636
WDOFUT;14/10/2021;10:15:00;7593,12;7602,77;7583,48;7590,37;1,188060127E10;156461
WDOFUT;14/10/2021;10:00:00;7564,19;7595,19;7561,44;7593,12;1,953429914E10;257725
WDOFUT;14/10/2021;09:45:00;7577,28;7588,30;7563,50;7564,19;1,489858548E10;196611
WDOFUT;14/10/2021;09:30:00;7566,95;7580,72;7553,86;7577,28;1,476859618E10;195154
WDOFUT;14/10/2021;09:15:00;7566,26;7569,70;7558,68;7566,95;7017960710,00;92785
WDOFUT;14/10/2021;09:00:00;7559,37;7578,66;7550,41;7566,26;1,459519639E10;192890
WDOFUT;13/10/2021;17:45:00;7616,54;7629,63;7616,54;7619,30;2626284062,00;34447
WDOFUT;13/10/2021;17:30:00;7617,92;7626,19;7613,79;7615,85;2358980177,00;30952
WDOFUT;13/10/2021;17:15:00;7614,48;7628,25;7612,41;7617,92;4010774622,00;52628
WDOFUT;13/10/2021;17:00:00;7610,34;7617,92;7606,21;7614,48;2633609941,00;34597
WDOFUT;13/10/2021;16:45:00;7615,17;7616,54;7608,28;7610,34;2137723007,00;28082
WDOFUT;13/10/2021;16:30:00;7616,54;7617,23;7607,59;7615,85;3376250736,00;44353
WDOFUT;13/10/2021;16:15:00;7610,34;7620,68;7609,66;7616,54;2928763552,00;38455
WDOFUT;13/10/2021;16:00:00;7613,79;7619,99;7604,83;7610,34;4788244631,00;62892
WDOFUT;13/10/2021;15:45:00;7607,59;7618,61;7600,70;7614,48;6380211011,00;83835
WDOFUT;13/10/2021;15:30:00;7610,34;7612,41;7600,01;7607,59;7763199465,00;102056
WDOFUT;13/10/2021;15:15:00;7636,52;7639,28;7597,26;7609,66;1,72952174E10;226994
WDOFUT;13/10/2021;15:00:00;7690,94;7695,76;7633,08;7636,52;2,373198114E10;310129
WDOFUT;13/10/2021;14:45:00;7694,38;7699,89;7690,25;7691,63;3281037011,00;42634
WDOFUT;13/10/2021;14:30:00;7691,63;7699,89;7691,63;7694,38;5254279811,00;68271
WDOFUT;13/10/2021;14:15:00;7687,49;7695,07;7684,74;7691,63;4038929623,00;52528
WDOFUT;13/10/2021;14:00:00;7681,29;7691,63;7681,29;7688,18;5652846335,00;73539
WDOFUT;13/10/2021;13:45:00;7674,41;7684,05;7673,03;7681,98;3610823239,00;47015
WDOFUT;13/10/2021;13:30:00;7669,58;7677,16;7669,58;7675,10;3208226208,00;41806
WDOFUT;13/10/2021;13:15:00;7666,14;7670,27;7662,70;7669,58;2751396755,00;35887
WDOFUT;13/10/2021;13:00:00;7673,72;7675,10;7659,94;7666,14;6603748109,00;86126
WDOFUT;13/10/2021;12:45:00;7685,43;7686,81;7667,52;7673,03;7129395779,00;92890
WDOFUT;13/10/2021;12:30:00;7675,78;7687,49;7673,03;7685,43;5950724254,00;77471
WDOFUT;13/10/2021;12:15:00;7666,14;7681,98;7658,56;7675,78;7457493748,00;97212
WDOFUT;13/10/2021;12:00:00;7669,58;7673,03;7655,12;7665,45;8129915673,00;106088
WDOFUT;13/10/2021;11:45:00;7663,39;7677,16;7663,39;7669,58;7324192607,00;95481
WDOFUT;13/10/2021;11:30:00;7659,94;7671,65;7658,56;7664,07;8268553142,00;107880
WDOFUT;13/10/2021;11:15:00;7677,16;7679,23;7657,87;7659,94;1,099387308E10;143365
WDOFUT;13/10/2021;11:00:00;7648,92;7680,61;7648,23;7676,47;1,773390258E10;231360
WDOFUT;13/10/2021;10:45:00;7643,41;7660,63;7642,72;7649,61;1,519924497E10;198668
WDOFUT;13/10/2021;10:30:00;7659,94;7661,32;7627,57;7643,41;2,077677915E10;271849
WDOFUT;13/10/2021;10:15:00;7656,50;7664,07;7648,92;7659,94;1,139068192E10;148757
WDOFUT;13/10/2021;10:00:00;7648,23;7659,94;7644,10;7655,81;1,305055387E10;170544
WDOFUT;13/10/2021;09:45:00;7642,03;7653,05;7639,28;7648,23;1,07523134E10;140637
WDOFUT;13/10/2021;09:30:00;7627,57;7646,85;7621,37;7642,03;1,723660319E10;225667
WDOFUT;13/10/2021;09:15:00;7625,50;7632,39;7615,85;7626,88;7712304979,00;101154
WDOFUT;13/10/2021;09:00:00;7622,05;7632,39;7613,10;7625,50;1,13191094E10;148484
WDOFUT;11/10/2021;17:45:00;7655,12;7661,32;7651,67;7652,36;2278671043,00;29763
WDOFUT;11/10/2021;17:30:00;7656,50;7657,19;7651,67;7654,43;1695626624,00;22153
WDOFUT;11/10/2021;17:15:00;7659,94;7660,63;7655,81;7656,50;1517659747,00;19818
WDOFUT;11/10/2021;17:00:00;7652,36;7662,01;7648,23;7659,25;3534312230,00;46168
WDOFUT;11/10/2021;16:45:00;7648,92;7653,74;7646,16;7651,67;2183960739,00;28548
WDOFUT;11/10/2021;16:30:00;7646,16;7649,61;7643,41;7648,23;1950561164,00;25510
WDOFUT;11/10/2021;16:15:00;7641,34;7647,54;7640,65;7646,16;1629471910,00;21316
WDOFUT;11/10/2021;16:00:00;7638,59;7644,79;7637,90;7641,34;1439002901,00;18830
WDOFUT;11/10/2021;15:45:00;7648,92;7650,99;7635,83;7637,90;3283950020,00;42975
WDOFUT;11/10/2021;15:30:00;7644,10;7651,67;7642,72;7648,92;3290469622,00;43021
WDOFUT;11/10/2021;15:15:00;7642,72;7647,54;7639,96;7644,79;2499195697,00;32697
WDOFUT;11/10/2021;15:00:00;7646,16;7653,05;7622,74;7642,72;3198956302,00;41860
WDOFUT;11/10/2021;14:30:00;7642,03;7643,41;7642,03;7643,41;158116966,60;2069
WDOFUT;11/10/2021;13:45:00;7631,01;7633,76;7628,25;7632,39;1367299655,00;17917
WDOFUT;11/10/2021;13:30:00;7629,63;7633,76;7626,88;7631,01;2222044511,00;29122
WDOFUT;11/10/2021;13:15:00;7628,25;7635,83;7627,57;7628,94;3656988649,00;47920
WDOFUT;11/10/2021;13:00:00;7617,92;7631,01;7616,54;7628,94;4495830882,00;58966
WDOFUT;11/10/2021;12:45:00;7619,99;7625,50;7614,48;7617,92;4396853914,00;57693
WDOFUT;11/10/2021;12:30:00;7630,32;7633,08;7618,61;7619,99;4923832637,00;64569
WDOFUT;11/10/2021;12:15:00;7633,76;7641,34;7628,94;7629,63;5633852610,00;73788
WDOFUT;11/10/2021;12:00:00;7634,45;7635,83;7624,12;7633,08;5852696547,00;76710
WDOFUT;11/10/2021;11:45:00;7632,39;7638,59;7630,32;7635,14;6269133314,00;82118
WDOFUT;11/10/2021;11:30:00;7620,68;7632,39;7619,99;7631,70;5142646485,00;67437
WDOFUT;11/10/2021;11:15:00;7617,23;7624,12;7612,41;7621,37;4989261130,00;65488
WDOFUT;11/10/2021;11:00:00;7620,68;7628,94;7611,03;7616,54;8640698003,00;113413
WDOFUT;11/10/2021;10:45:00;7629,63;7633,76;7618,61;7620,68;7299322370,00;95718
WDOFUT;11/10/2021;10:30:00;7615,85;7635,14;7615,17;7628,94;1,218204083E10;159767
WDOFUT;11/10/2021;10:15:00;7609,66;7616,54;7602,77;7615,17;7574928928,00;99559
WDOFUT;11/10/2021;10:00:00;7617,92;7620,68;7605,52;7609,66;7915268330,00;103953
WDOFUT;11/10/2021;09:45:00;7597,94;7618,61;7593,81;7617,92;8277232420,00;108793
WDOFUT;11/10/2021;09:30:00;7609,66;7612,41;7595,88;7597,94;7136034509,00;93858
WDOFUT;11/10/2021;09:15:00;7608,97;7610,34;7598,63;7609,66;6801011382,00;89432
WDOFUT;11/10/2021;09:00:00;7600,70;7621,37;7589,68;7608,28;1,176187172E10;154591
WDOFUT;08/10/2021;17:45:00;7625,50;7626,88;7607,59;7617,92;2690879000,00;35318
WDOFUT;08/10/2021;17:30:00;7626,88;7628,25;7620,68;7626,19;2012878440,00;26404
WDOFUT;08/10/2021;17:15:00;7628,25;7632,39;7622,74;7626,19;2383455631,00;31246
WDOFUT;08/10/2021;17:00:00;7620,68;7631,70;7617,92;7628,25;3215669005,00;42174
WDOFUT;08/10/2021;16:45:00;7627,57;7630,32;7619,30;7620,68;2966936316,00;38910
WDOFUT;08/10/2021;16:30:00;7615,17;7631,70;7614,48;7626,88;5509929440,00;72270
WDOFUT;08/10/2021;16:15:00;7614,48;7619,99;7613,10;7615,17;3322844630,00;43625
WDOFUT;08/10/2021;16:00:00;7616,54;7622,05;7610,34;7614,48;4047900592,00;53150
WDOFUT;08/10/2021;15:45:00;7611,03;7618,61;7606,21;7616,54;5486697266,00;72071
WDOFUT;08/10/2021;15:30:00;7617,23;7620,68;7608,97;7611,03;3556225199,00;46702
WDOFUT;08/10/2021;15:15:00;7621,37;7627,57;7613,10;7617,23;4715676762,00;61885
WDOFUT;08/10/2021;15:00:00;7617,92;7622,74;7613,79;7622,05;4061718229,00;53313
WDOFUT;08/10/2021;14:45:00;7632,39;7633,76;7614,48;7617,23;6576553480,00;86300
WDOFUT;08/10/2021;14:30:00;7631,01;7634,45;7624,81;7633,08;5323781905,00;69775
WDOFUT;08/10/2021;14:15:00;7637,90;7644,10;7630,32;7631,01;4419214673,00;57867
WDOFUT;08/10/2021;14:00:00;7642,72;7645,48;7635,14;7638,59;3905703572,00;51121
WDOFUT;08/10/2021;13:45:00;7637,90;7644,10;7632,39;7642,03;6570430163,00;86013
WDOFUT;08/10/2021;13:30:00;7628,25;7639,96;7624,81;7637,90;5121470365,00;67094
WDOFUT;08/10/2021;13:15:00;7625,50;7634,45;7624,12;7628,25;4064058486,00;53270
WDOFUT;08/10/2021;13:00:00;7626,19;7628,94;7621,37;7626,19;3168745854,00;41555
WDOFUT;08/10/2021;12:45:00;7627,57;7631,01;7616,54;7626,19;4577728062,00;60049
WDOFUT;08/10/2021;12:30:00;7624,81;7635,14;7622,05;7627,57;4367785368,00;57255
WDOFUT;08/10/2021;12:15:00;7619,99;7627,57;7608,97;7624,12;7434965649,00;97612
WDOFUT;08/10/2021;12:00:00;7622,05;7627,57;7614,48;7620,68;7156018868,00;93910
WDOFUT;08/10/2021;11:45:00;7633,76;7636,52;7613,10;7621,37;9026737087,00;118402
WDOFUT;08/10/2021;11:30:00;7625,50;7644,10;7622,05;7633,76;9077650530,00;118927
WDOFUT;08/10/2021;11:15:00;7630,32;7641,34;7624,12;7625,50;1,144178483E10;149909
WDOFUT;08/10/2021;11:00:00;7620,68;7631,01;7611,03;7630,32;1,006292837E10;132052
WDOFUT;08/10/2021;10:45:00;7611,72;7622,74;7606,90;7620,68;1,162682718E10;152660
WDOFUT;08/10/2021;10:30:00;7595,88;7615,17;7591,06;7611,72;1,404381712E10;184712
WDOFUT;08/10/2021;10:15:00;7590,37;7605,52;7588,99;7595,88;7167375447,00;94331
WDOFUT;08/10/2021;10:00:00;7600,70;7602,08;7583,48;7591,06;8826430799,00;116256
WDOFUT;08/10/2021;09:45:00;7586,92;7606,90;7586,23;7600,70;1,274814719E10;167820
WDOFUT;08/10/2021;09:30:00;7596,57;7612,41;7569,01;7586,92;2,085460223E10;274684
WDOFUT;08/10/2021;09:15:00;7603,46;7615,85;7584,17;7597,26;1,033322224E10;135909
WDOFUT;08/10/2021;09:00:00;7603,46;7606,21;7586,92;7602,77;1,025077741E10;134920
WDOFUT;07/10/2021;17:45:00;7619,99;7633,08;7615,85;7630,32;2690097486,00;35287
WDOFUT;07/10/2021;17:30:00;7619,30;7621,37;7610,34;7619,99;2651615224,00;34818
WDOFUT;07/10/2021;17:15:00;7615,85;7619,99;7609,66;7619,99;3097778720,00;40687
WDOFUT;07/10/2021;17:00:00;7624,81;7631,01;7615,85;7615,85;6484277080,00;85041
WDOFUT;07/10/2021;16:45:00;7613,79;7626,19;7612,41;7624,12;4720941415,00;61955
WDOFUT;07/10/2021;16:30:00;7606,90;7614,48;7604,14;7613,10;2349464905,00;30876
WDOFUT;07/10/2021;16:15:00;7604,83;7608,97;7603,46;7606,90;1776743888,00;23359
WDOFUT;07/10/2021;16:00:00;7608,28;7608,97;7602,08;7604,83;3623352071,00;47643
WDOFUT;07/10/2021;15:45:00;7602,77;7615,17;7602,77;7608,28;4775534867,00;62768
WDOFUT;07/10/2021;15:30:00;7593,12;7608,28;7592,43;7603,46;5404277688,00;71091
WDOFUT;07/10/2021;15:15:00;7596,57;7597,94;7585,55;7593,12;6069524342,00;79941
WDOFUT;07/10/2021;15:00:00;7600,01;7605,52;7593,12;7596,57;6113529683,00;80435
WDOFUT;07/10/2021;14:45:00;7598,63;7602,08;7592,43;7600,01;5137741781,00;67626
WDOFUT;07/10/2021;14:30:00;7608,28;7608,28;7595,19;7599,32;8901519194,00;117100
WDOFUT;07/10/2021;14:15:00;7618,61;7625,50;7607,59;7608,97;4893311734,00;64242
WDOFUT;07/10/2021;14:00:00;7615,85;7621,37;7611,03;7619,30;3830226786,00;50289
WDOFUT;07/10/2021;13:45:00;7617,23;7620,68;7612,41;7615,17;2851392598,00;37437
WDOFUT;07/10/2021;13:30:00;7615,85;7619,99;7609,66;7617,23;3945661860,00;51814
WDOFUT;07/10/2021;13:15:00;7615,17;7617,92;7607,59;7615,85;4401600143,00;57816
WDOFUT;07/10/2021;13:00:00;7613,10;7622,74;7609,66;7615,85;5760183047,00;75629
WDOFUT;07/10/2021;12:45:00;7615,85;7622,74;7605,52;7613,10;8971749189,00;117820
WDOFUT;07/10/2021;12:30:00;7627,57;7628,25;7613,10;7615,85;6980829050,00;91600
WDOFUT;07/10/2021;12:15:00;7633,76;7636,52;7619,30;7626,88;7408877957,00;97117
WDOFUT;07/10/2021;12:00:00;7619,99;7637,90;7619,99;7633,08;7159649763,00;93850
WDOFUT;07/10/2021;11:45:00;7621,37;7628,94;7608,97;7620,68;1,039030841E10;136367
WDOFUT;07/10/2021;11:30:00;7622,74;7624,81;7615,17;7622,05;6461993168,00;84804
WDOFUT;07/10/2021;11:15:00;7629,63;7633,76;7616,54;7622,74;9548255774,00;125221
WDOFUT;07/10/2021;11:00:00;7629,63;7633,08;7619,99;7630,32;9150621792,00;119988
WDOFUT;07/10/2021;10:45:00;7631,70;7642,72;7626,19;7629,63;1,131008207E10;148142
WDOFUT;07/10/2021;10:30:00;7628,94;7637,21;7619,30;7631,70;1,369976751E10;179599
WDOFUT;07/10/2021;10:15:00;7612,41;7631,70;7607,59;7628,94;1,210350105E10;158813
WDOFUT;07/10/2021;10:00:00;7602,08;7619,99;7601,39;7612,41;1,170593751E10;153770
WDOFUT;07/10/2021;09:45:00;7604,14;7613,10;7597,94;7602,08;1,073488999E10;141170
WDOFUT;07/10/2021;09:30:00;7589,68;7610,34;7586,23;7604,14;1,231194394E10;162029
WDOFUT;07/10/2021;09:15:00;7577,28;7591,06;7569,70;7590,37;9847425680,00;129890
WDOFUT;07/10/2021;09:00:00;7565,57;7582,79;7560,06;7577,28;1,22092699E10;161277
WDOFUT;06/10/2021;17:45:00;7592,43;7602,77;7589,68;7594,50;2373424773,00;31248
WDOFUT;06/10/2021;17:30:00;7592,43;7597,94;7591,06;7592,43;2167786980,00;28543
WDOFUT;06/10/2021;17:15:00;7584,17;7596,57;7584,17;7591,75;2433371869,00;32059
WDOFUT;06/10/2021;17:00:00;7585,55;7591,06;7581,41;7584,17;2703260640,00;35631
WDOFUT;06/10/2021;16:45:00;7587,61;7588,99;7574,52;7584,86;3703631427,00;48849
WDOFUT;06/10/2021;16:30:00;7586,92;7590,37;7582,79;7586,92;2610834409,00;34416
WDOFUT;06/10/2021;16:15:00;7585,55;7593,81;7583,48;7586,92;3470425569,00;45731
WDOFUT;06/10/2021;16:00:00;7584,17;7588,30;7580,72;7586,23;2907079224,00;38329
WDOFUT;06/10/2021;15:45:00;7590,37;7590,37;7571,77;7584,86;1,047835492E10;138222
WDOFUT;06/10/2021;15:30:00;7596,57;7597,94;7587,61;7591,06;4818094518,00;63462
WDOFUT;06/10/2021;15:15:00;7595,88;7599,32;7587,61;7595,88;7375462072,00;97133
WDOFUT;06/10/2021;15:00:00;7613,79;7622,05;7583,48;7595,88;1,176964968E10;154738
WDOFUT;06/10/2021;14:45:00;7628,25;7631,70;7613,79;7613,79;6516945487,00;85471
WDOFUT;06/10/2021;14:30:00;7637,90;7638,59;7626,19;7627,57;4842908545,00;63455
WDOFUT;06/10/2021;14:15:00;7644,79;7645,48;7633,08;7637,90;4415003648,00;57802
WDOFUT;06/10/2021;14:00:00;7642,03;7647,54;7638,59;7644,79;4179154745,00;54680
WDOFUT;06/10/2021;13:45:00;7647,54;7653,74;7640,65;7642,72;3986207828,00;52132
WDOFUT;06/10/2021;13:30:00;7652,36;7657,19;7645,48;7646,85;5142790585,00;67219
WDOFUT;06/10/2021;13:15:00;7641,34;7654,43;7633,08;7652,36;9141531205,00;119568
WDOFUT;06/10/2021;13:00:00;7626,19;7642,03;7621,37;7641,34;5407286894,00;70848
WDOFUT;06/10/2021;12:45:00;7635,83;7637,21;7623,43;7626,88;4637940576,00;60793
WDOFUT;06/10/2021;12:30:00;7631,01;7637,90;7625,50;7635,14;4846001129,00;63494
WDOFUT;06/10/2021;12:15:00;7617,92;7636,52;7615,85;7631,01;7779721861,00;101985
WDOFUT;06/10/2021;12:00:00;7606,90;7619,30;7602,08;7617,92;7513312164,00;98706
WDOFUT;06/10/2021;11:45:00;7618,61;7624,81;7602,08;7606,21;7756887867,00;101890
WDOFUT;06/10/2021;11:30:00;7613,10;7626,19;7603,46;7618,61;1,148349888E10;150807
WDOFUT;06/10/2021;11:15:00;7623,43;7631,70;7603,46;7613,10;1,045611374E10;137334
WDOFUT;06/10/2021;11:00:00;7626,88;7642,72;7619,99;7622,74;1,583521664E10;207520
WDOFUT;06/10/2021;10:45:00;7616,54;7631,01;7613,79;7626,88;8566463822,00;112380
WDOFUT;06/10/2021;10:30:00;7624,12;7632,39;7597,26;7617,23;1,493051159E10;196128
WDOFUT;06/10/2021;10:15:00;7605,52;7630,32;7602,08;7624,12;1,161497935E10;152432
WDOFUT;06/10/2021;10:00:00;7615,17;7619,99;7595,19;7606,21;1,173631952E10;154291
WDOFUT;06/10/2021;09:45:00;7600,01;7617,92;7590,37;7615,17;1,199575881E10;157828
WDOFUT;06/10/2021;09:30:00;7615,85;7616,54;7589,68;7600,01;1,479972895E10;194655
WDOFUT;06/10/2021;09:15:00;7617,23;7633,76;7610,34;7615,85;1,462256926E10;191845
WDOFUT;06/10/2021;09:00:00;7625,50;7631,01;7608,28;7617,23;1,423963927E10;186795
WDOFUT;05/10/2021;17:45:00;7580,72;7582,79;7571,08;7578,66;2384776915,00;31470
WDOFUT;05/10/2021;17:30:00;7576,59;7584,17;7573,15;7581,41;2524941530,00;33317
WDOFUT;05/10/2021;17:15:00;7578,66;7581,41;7575,21;7576,59;1481567380,00;19550
WDOFUT;05/10/2021;17:00:00;7586,23;7589,68;7573,84;7579,35;3852362279,00;50810
WDOFUT;05/10/2021;16:45:00;7569,70;7591,75;7569,01;7586,23;8301443591,00;109495
WDOFUT;05/10/2021;16:30:00;7566,26;7569,70;7562,81;7569,70;2014012938,00;26618
WDOFUT;05/10/2021;16:15:00;7561,44;7566,95;7559,37;7566,26;2024697357,00;26771
WDOFUT;05/10/2021;16:00:00;7567,64;7569,70;7554,55;7560,75;4095429133,00;54164
WDOFUT;05/10/2021;15:45:00;7566,26;7569,01;7552,48;7567,64;5510568886,00;72886
WDOFUT;05/10/2021;15:30:00;7567,64;7570,39;7564,19;7566,26;1596947436,00;21105
WDOFUT;05/10/2021;15:15:00;7568,32;7573,15;7563,50;7566,95;3788993421,00;50063
WDOFUT;05/10/2021;15:00:00;7566,26;7569,01;7560,75;7568,32;3024256824,00;39981
WDOFUT;05/10/2021;14:45:00;7564,19;7571,77;7560,75;7566,95;2817268684,00;37230
WDOFUT;05/10/2021;14:30:00;7564,88;7566,95;7560,75;7564,19;2533762868,00;33498
WDOFUT;05/10/2021;14:15:00;7555,93;7569,01;7555,24;7564,88;3817510292,00;50476
WDOFUT;05/10/2021;14:00:00;7564,19;7576,59;7554,55;7555,93;7318000213,00;96710
WDOFUT;05/10/2021;13:45:00;7560,06;7567,64;7557,99;7564,88;2158338850,00;28539
WDOFUT;05/10/2021;13:30:00;7560,06;7564,19;7557,30;7559,37;1797122672,00;23769
WDOFUT;05/10/2021;13:15:00;7560,06;7566,26;7555,24;7559,37;3328756506,00;44024
WDOFUT;05/10/2021;13:00:00;7555,24;7565,57;7554,55;7560,06;3231934042,00;42752
WDOFUT;05/10/2021;12:45:00;7565,57;7572,46;7552,48;7554,55;5782012101,00;76441
WDOFUT;05/10/2021;12:30:00;7545,59;7567,64;7544,22;7565,57;8314078560,00;110004
WDOFUT;05/10/2021;12:15:00;7556,61;7557,30;7522,86;7544,90;1,67281281E10;221942
WDOFUT;05/10/2021;12:00:00;7563,50;7567,64;7555,93;7557,30;4809599760,00;63601
WDOFUT;05/10/2021;11:45:00;7557,99;7568,32;7555,93;7563,50;4955615818,00;65524
WDOFUT;05/10/2021;11:30:00;7566,95;7569,01;7555,24;7557,99;6788032308,00;89760
WDOFUT;05/10/2021;11:15:00;7560,75;7572,46;7558,68;7567,64;8253727836,00;109081
WDOFUT;05/10/2021;11:00:00;7556,61;7561,44;7548,35;7560,75;6950290995,00;91986
WDOFUT;05/10/2021;10:45:00;7564,19;7566,95;7546,97;7556,61;8246097137,00;109121
WDOFUT;05/10/2021;10:30:00;7537,33;7569,01;7535,95;7564,19;1,539228804E10;203751
WDOFUT;05/10/2021;10:15:00;7545,59;7545,59;7527,68;7537,33;9009443551,00;119563
WDOFUT;05/10/2021;10:00:00;7536,64;7555,93;7531,82;7544,90;1,242834093E10;164718
WDOFUT;05/10/2021;09:45:00;7509,08;7547,66;7507,71;7536,64;1,505609475E10;199849
WDOFUT;05/10/2021;09:30:00;7517,35;7522,17;7503,57;7508,40;7207489813,00;95936
WDOFUT;05/10/2021;09:15:00;7524,93;7533,19;7508,40;7517,35;1,262610566E10;167886
WDOFUT;05/10/2021;09:00:00;7508,40;7528,37;7503,57;7524,93;1,557151724E10;207160
WDOFUT;04/10/2021;17:45:00;7536,64;7552,48;7534,57;7551,10;4015884595,00;53228
WDOFUT;04/10/2021;17:30:00;7527,68;7540,77;7526,31;7536,64;2786534990,00;36989
WDOFUT;04/10/2021;17:15:00;7533,19;7533,88;7526,99;7528,37;2339734845,00;31069
WDOFUT;04/10/2021;17:00:00;7533,88;7535,95;7530,44;7532,50;2281008069,00;30282
WDOFUT;04/10/2021;16:45:00;7535,95;7541,46;7532,50;7533,88;3518790752,00;46690
WDOFUT;04/10/2021;16:30:00;7542,84;7543,53;7535,95;7536,64;3338871114,00;44278
WDOFUT;04/10/2021;16:15:00;7540,08;7544,90;7534,57;7542,84;4961062381,00;65798
WDOFUT;04/10/2021;16:00:00;7531,82;7549,04;7530,44;7540,08;7389871240,00;98014
WDOFUT;04/10/2021;15:45:00;7529,06;7536,64;7522,17;7531,82;5970751541,00;79296
WDOFUT;04/10/2021;15:30:00;7527,68;7531,13;7524,24;7529,06;2266080305,00;30103
WDOFUT;04/10/2021;15:15:00;7526,99;7531,13;7522,17;7528,37;3236086467,00;42994
WDOFUT;04/10/2021;15:00:00;7533,19;7533,19;7524,24;7526,31;4564768096,00;60635
WDOFUT;04/10/2021;14:45:00;7521,48;7533,19;7517,35;7533,19;4357122689,00;57912
WDOFUT;04/10/2021;14:30:00;7524,93;7525,62;7512,53;7520,79;4844188602,00;64431
WDOFUT;04/10/2021;14:15:00;7515,97;7526,99;7514,59;7524,93;4321649634,00;57445
WDOFUT;04/10/2021;14:00:00;7519,42;7521,48;7515,28;7515,28;3345859480,00;44503
WDOFUT;04/10/2021;13:45:00;7528,37;7531,82;7517,35;7518,73;5270856908,00;70046
WDOFUT;04/10/2021;13:30:00;7524,24;7533,19;7523,55;7527,68;4273250395,00;56754
WDOFUT;04/10/2021;13:15:00;7513,22;7525,62;7511,84;7524,93;3767838635,00;50098
WDOFUT;04/10/2021;13:00:00;7515,28;7522,17;7511,84;7513,91;3860457445,00;51355
WDOFUT;04/10/2021;12:45:00;7525,62;7527,68;7513,91;7515,28;4690822142,00;62384
WDOFUT;04/10/2021;12:30:00;7522,86;7529,06;7520,11;7525,62;4470620356,00;59413
WDOFUT;04/10/2021;12:15:00;7515,28;7529,06;7514,59;7522,86;5309285308,00;70570
WDOFUT;04/10/2021;12:00:00;7520,79;7527,68;7514,59;7515,28;6845149649,00;91018
WDOFUT;04/10/2021;11:45:00;7509,77;7527,68;7505,64;7521,48;9264279752,00;123223
WDOFUT;04/10/2021;11:30:00;7502,88;7515,28;7501,51;7509,77;8384311931,00;111665
WDOFUT;04/10/2021;11:15:00;7489,80;7505,64;7487,04;7503,57;7431335829,00;99139
WDOFUT;04/10/2021;11:00:00;7498,06;7501,51;7482,91;7489,80;7664779765,00;102318
WDOFUT;04/10/2021;10:45:00;7494,62;7502,20;7488,42;7497,37;7769531033,00;103654
WDOFUT;04/10/2021;10:30:00;7482,22;7497,37;7478,77;7495,31;1,081012894E10;144383
WDOFUT;04/10/2021;10:15:00;7475,33;7486,35;7469,82;7482,22;9152890677,00;122405
WDOFUT;04/10/2021;10:00:00;7451,22;7481,53;7449,84;7474,64;1,380103763E10;184821
WDOFUT;04/10/2021;09:45:00;7447,09;7451,22;7433,31;7451,22;7798678851,00;104780
WDOFUT;04/10/2021;09:30:00;7449,84;7455,35;7442,27;7447,09;6308834098,00;84696
WDOFUT;04/10/2021;09:15:00;7440,20;7455,35;7436,76;7449,84;9007363519,00;120948
WDOFUT;04/10/2021;09:00:00;7451,22;7459,49;7435,38;7440,89;1,000572884E10;134388
WDOFUT;01/10/2021;17:45:00;7425,73;7431,24;7421,60;7421,60;2160382531,00;29090
WDOFUT;01/10/2021;17:30:00;7428,49;7439,51;7425,05;7426,42;2922734662,00;39323
WDOFUT;01/10/2021;17:15:00;7431,93;7435,38;7423,67;7428,49;2268643430,00;30537
WDOFUT;01/10/2021;17:00:00;7429,18;7435,38;7416,09;7431,24;4988449004,00;67197
WDOFUT;01/10/2021;16:45:00;7433,31;7439,51;7429,18;7429,87;3953285726,00;53177
WDOFUT;01/10/2021;16:30:00;7426,42;7434,00;7422,98;7433,31;4026116381,00;54198
WDOFUT;01/10/2021;16:15:00;7417,47;7426,42;7416,09;7426,42;2467677500,00;33251
WDOFUT;01/10/2021;16:00:00;7415,40;7425,05;7414,02;7418,16;3665382380,00;49395
WDOFUT;01/10/2021;15:45:00;7420,91;7420,91;7409,20;7415,40;4492897172,00;60595
WDOFUT;01/10/2021;15:30:00;7410,58;7421,60;7407,82;7420,91;3745704237,00;50509
WDOFUT;01/10/2021;15:15:00;7416,78;7420,91;7406,45;7410,58;3343506949,00;45100
WDOFUT;01/10/2021;15:00:00;7420,91;7422,98;7409,20;7416,78;5093944237,00;68701
WDOFUT;01/10/2021;14:45:00;7417,47;7421,60;7414,71;7420,22;3113807849,00;41976
WDOFUT;01/10/2021;14:30:00;7425,73;7426,42;7414,71;7416,78;4586655985,00;61817
WDOFUT;01/10/2021;14:15:00;7430,56;7434,00;7421,60;7426,42;4056513740,00;54614
WDOFUT;01/10/2021;14:00:00;7438,82;7439,51;7427,11;7429,87;3830662631,00;51544
WDOFUT;01/10/2021;13:45:00;7441,58;7442,96;7431,24;7439,51;4661803545,00;62687
WDOFUT;01/10/2021;13:30:00;7434,69;7447,78;7434,69;7442,27;3803360522,00;51104
WDOFUT;01/10/2021;13:15:00;7436,07;7440,89;7430,56;7435,38;3763022805,00;50608
WDOFUT;01/10/2021;13:00:00;7427,11;7437,44;7425,05;7435,38;5067783342,00;68192
WDOFUT;01/10/2021;12:45:00;7426,42;7433,31;7417,47;7427,80;7881022835,00;106138
WDOFUT;01/10/2021;12:30:00;7436,76;7440,20;7425,05;7426,42;6737477250,00;90664
WDOFUT;01/10/2021;12:15:00;7449,15;7449,84;7434,00;7436,76;6756839424,00;90793
WDOFUT;01/10/2021;12:00:00;7457,42;7459,49;7445,02;7449,15;8453105026,00;113428
WDOFUT;01/10/2021;11:45:00;7461,55;7469,13;7450,53;7457,42;9440587618,00;126537
WDOFUT;01/10/2021;11:30:00;7450,53;7461,55;7434,69;7461,55;1,208877272E10;162386
WDOFUT;01/10/2021;11:15:00;7445,02;7461,55;7445,02;7450,53;8509240206,00;114178
WDOFUT;01/10/2021;11:00:00;7465,00;7473,26;7441,58;7445,71;1,611046481E10;216045
WDOFUT;01/10/2021;10:45:00;7458,11;7466,38;7453,29;7465,00;6184299814,00;82894
WDOFUT;01/10/2021;10:30:00;7462,24;7465,00;7446,40;7458,11;1,554623162E10;208520
WDOFUT;01/10/2021;10:15:00;7472,58;7474,64;7460,18;7462,93;1,05345004E10;141061
WDOFUT;01/10/2021;10:00:00;7498,75;7499,44;7471,20;7472,58;1,332383211E10;177973
WDOFUT;01/10/2021;09:45:00;7512,53;7516,66;7497,37;7498,06;8901256311,00;118551
WDOFUT;01/10/2021;09:30:00;7504,95;7514,59;7500,13;7511,84;1,008018109E10;134251
WDOFUT;01/10/2021;09:15:00;7491,86;7507,02;7482,22;7504,95;9279640813,00;123828
WDOFUT;01/10/2021;09:00:00;7498,06;7509,08;7490,49;7491,86;8817151145,00;117556
WDOFUT;30/09/2021;17:45:00;7549,73;7553,86;7529,06;7532,50;2153184267,00;28549
WDOFUT;30/09/2021;17:30:00;7529,75;7553,17;7529,06;7550,41;2484979873,00;32944
WDOFUT;30/09/2021;17:15:00;7535,26;7539,39;7527,68;7530,44;1840647695,00;24432
WDOFUT;30/09/2021;17:00:00;7540,77;7544,90;7533,88;7535,26;2892889273,00;38369
WDOFUT;30/09/2021;16:45:00;7524,93;7541,46;7524,24;7541,46;4142402873,00;54982
WDOFUT;30/09/2021;16:30:00;7527,68;7529,75;7519,42;7524,93;2446973265,00;32520
WDOFUT;30/09/2021;16:15:00;7532,50;7534,57;7519,42;7527,68;6189399599,00;82236
WDOFUT;30/09/2021;16:00:00;7536,64;7538,02;7523,55;7532,50;4504095352,00;59809
WDOFUT;30/09/2021;15:45:00;7569,70;7569,70;7526,99;7536,64;1,515097482E10;200972
WDOFUT;30/09/2021;15:30:00;7566,95;7575,21;7565,57;7569,70;4492125840,00;59344
WDOFUT;30/09/2021;15:15:00;7559,37;7577,28;7559,37;7566,95;8432449589,00;111400
WDOFUT;30/09/2021;15:00:00;7554,55;7560,06;7549,04;7559,37;3058137548,00;40483
WDOFUT;30/09/2021;14:45:00;7560,06;7564,19;7551,10;7554,55;5182052500,00;68562
WDOFUT;30/09/2021;14:30:00;7549,73;7562,81;7548,35;7560,06;3913641985,00;51798
WDOFUT;30/09/2021;14:15:00;7547,66;7551,79;7542,84;7550,41;3614871401,00;47896
WDOFUT;30/09/2021;14:00:00;7553,17;7558,68;7542,15;7547,66;4000600244,00;52991
WDOFUT;30/09/2021;13:45:00;7556,61;7560,06;7541,46;7552,48;5986007780,00;79280
WDOFUT;30/09/2021;13:30:00;7553,86;7564,88;7550,41;7556,61;5619425332,00;74348
WDOFUT;30/09/2021;13:15:00;7548,35;7561,44;7545,59;7553,86;5485462941,00;72603
WDOFUT;30/09/2021;13:00:00;7543,53;7553,17;7531,13;7547,66;9017976284,00;119565
WDOFUT;30/09/2021;12:45:00;7519,42;7546,97;7515,97;7544,22;9512765993,00;126236
WDOFUT;30/09/2021;12:30:00;7504,26;7520,11;7491,86;7519,42;9182915399,00;122340
WDOFUT;30/09/2021;12:15:00;7521,48;7524,93;7500,13;7503,57;7798605489,00;103815
WDOFUT;30/09/2021;12:00:00;7540,08;7547,66;7515,97;7520,79;1,674481552E10;222309
WDOFUT;30/09/2021;11:45:00;7528,37;7555,93;7525,62;7540,77;1,224890831E10;162439
WDOFUT;30/09/2021;11:30:00;7536,64;7538,70;7526,99;7528,37;7094161650,00;94179
WDOFUT;30/09/2021;11:15:00;7529,75;7540,08;7520,79;7537,33;9265316675,00;123009
WDOFUT;30/09/2021;11:00:00;7538,02;7549,73;7522,86;7529,06;1,611851215E10;213844
WDOFUT;30/09/2021;10:45:00;7511,15;7541,46;7502,20;7538,02;1,525277262E10;202872
WDOFUT;30/09/2021;10:30:00;7512,53;7518,73;7491,17;7511,15;1,400842198E10;186651
WDOFUT;30/09/2021;10:15:00;7498,06;7528,37;7496,68;7513,22;1,589455076E10;211545
WDOFUT;30/09/2021;10:00:00;7458,80;7511,15;7458,80;7498,06;2,464924284E10;329205
WDOFUT;30/09/2021;09:45:00;7433,31;7458,80;7429,18;7458,80;1,243317276E10;167048
WDOFUT;30/09/2021;09:30:00;7464,31;7465,00;7430,56;7434,00;1,573164895E10;211229
WDOFUT;30/09/2021;09:15:00;7486,35;7491,17;7461,55;7464,31;1,032817345E10;138113
WDOFUT;30/09/2021;09:00:00;7482,91;7498,75;7470,51;7485,66;9647915248,00;128863
WDOFUT;29/09/2021;17:45:00;7501,56;7507,09;7489,80;7489,80;2337248636,00;31173
WDOFUT;29/09/2021;17:30:00;7509,86;7512,63;7496,72;7501,56;2510705651,00;33459
WDOFUT;29/09/2021;17:15:00;7506,40;7510,55;7503,63;7509,86;1806201823,00;24058
WDOFUT;29/09/2021;17:00:00;7514,01;7515,40;7506,40;7507,09;2152659202,00;28663
WDOFUT;29/09/2021;16:45:00;7510,55;7518,16;7508,48;7514,70;3149580195,00;41920
WDOFUT;29/09/2021;16:30:00;7511,25;7514,70;7502,25;7510,55;3904661211,00;52005
WDOFUT;29/09/2021;16:15:00;7516,09;7519,55;7506,40;7511,25;3007173593,00;40024
WDOFUT;29/09/2021;16:00:00;7515,40;7518,16;7507,79;7515,40;3839715349,00;51107
WDOFUT;29/09/2021;15:45:00;7511,94;7516,78;7505,71;7516,09;5643188984,00;75136
WDOFUT;29/09/2021;15:30:00;7523,70;7526,47;7511,25;7511,94;4197952541,00;55830
WDOFUT;29/09/2021;15:15:00;7523,01;7524,39;7516,09;7523,70;5754658728,00;76530
WDOFUT;29/09/2021;15:00:00;7533,39;7537,54;7522,32;7523,01;7982080504,00;106003
WDOFUT;29/09/2021;14:45:00;7525,78;7534,08;7522,32;7533,39;7780244570,00;103365
WDOFUT;29/09/2021;14:30:00;7516,78;7534,08;7516,09;7525,78;8466107723,00;112485
WDOFUT;29/09/2021;14:15:00;7511,25;7520,93;7507,79;7516,09;6354103905,00;84546
WDOFUT;29/09/2021;14:00:00;7496,02;7512,63;7494,64;7511,94;5936269935,00;79119
WDOFUT;29/09/2021;13:45:00;7493,95;7502,94;7493,26;7496,02;3418183012,00;45590
WDOFUT;29/09/2021;13:30:00;7492,56;7496,72;7488,41;7493,95;3131495357,00;41796
WDOFUT;29/09/2021;13:15:00;7491,87;7501,56;7487,03;7493,26;7157559402,00;95501
WDOFUT;29/09/2021;13:00:00;7482,88;7494,64;7477,34;7491,87;6378581182,00;85211
WDOFUT;29/09/2021;12:45:00;7480,80;7484,95;7472,50;7482,88;4575269487,00;61171
WDOFUT;29/09/2021;12:30:00;7478,03;7483,57;7471,81;7481,49;6018078363,00;80490
WDOFUT;29/09/2021;12:15:00;7475,27;7481,49;7458,66;7478,03;1,026006946E10;137322
WDOFUT;29/09/2021;12:00:00;7507,79;7508,48;7473,19;7475,27;1,196695966E10;159817
WDOFUT;29/09/2021;11:45:00;7504,33;7510,55;7498,79;7507,09;6348454827,00;84593
WDOFUT;29/09/2021;11:30:00;7502,94;7511,94;7497,41;7504,33;9259414232,00;123370
WDOFUT;29/09/2021;11:15:00;7516,78;7518,86;7497,41;7502,94;9944588649,00;132469
WDOFUT;29/09/2021;11:00:00;7518,86;7525,78;7509,86;7516,78;9201808765,00;122398
WDOFUT;29/09/2021;10:45:00;7530,62;7536,15;7508,48;7518,86;1,217027161E10;161816
WDOFUT;29/09/2021;10:30:00;7516,09;7534,08;7511,94;7531,31;1,258057191E10;167171
WDOFUT;29/09/2021;10:15:00;7502,94;7520,24;7500,17;7516,09;7629297765,00;101563
WDOFUT;29/09/2021;10:00:00;7503,63;7514,01;7501,56;7502,94;9047934111,00;120503
WDOFUT;29/09/2021;09:45:00;7511,25;7516,09;7498,79;7502,94;1,098585207E10;146365
WDOFUT;29/09/2021;09:30:00;7514,70;7526,47;7509,17;7511,94;1,328273141E10;176704
WDOFUT;29/09/2021;09:15:00;7507,79;7523,01;7503,63;7514,70;9951891177,00;132436
WDOFUT;29/09/2021;09:00:00;7486,34;7509,86;7486,34;7507,79;1,079887143E10;144001
WDOFUT;28/09/2021;17:45:00;7529,23;7529,23;7515,40;7515,40;2541540656,00;33794
WDOFUT;28/09/2021;17:30:00;7519,55;7530,62;7518,16;7529,23;1829981819,00;24316
WDOFUT;28/09/2021;17:15:00;7520,93;7523,01;7516,09;7519,55;1645386089,00;21881
WDOFUT;28/09/2021;17:00:00;7512,63;7525,78;7508,48;7520,24;2977030922,00;39599
WDOFUT;28/09/2021;16:45:00;7510,55;7520,24;7509,17;7511,94;3487056274,00;46401
WDOFUT;28/09/2021;16:30:00;7520,24;7522,32;7507,09;7511,25;4012255143,00;53408
WDOFUT;28/09/2021;16:15:00;7509,17;7522,32;7507,09;7520,93;4113594988,00;54735
WDOFUT;28/09/2021;16:00:00;7514,01;7519,55;7505,71;7509,17;5348475256,00;71192
WDOFUT;28/09/2021;15:45:00;7522,32;7523,70;7510,55;7514,01;5767040327,00;76728
WDOFUT;28/09/2021;15:30:00;7534,77;7540,31;7520,24;7523,01;5703231433,00;75752
WDOFUT;28/09/2021;15:15:00;7541,00;7543,76;7532,69;7534,08;3846842190,00;51042
WDOFUT;28/09/2021;15:00:00;7541,00;7547,22;7538,23;7541,69;4994183128,00;66216
WDOFUT;28/09/2021;14:45:00;7531,31;7543,07;7529,23;7541,69;4560688261,00;60520
WDOFUT;28/09/2021;14:30:00;7524,39;7534,08;7523,70;7531,31;4169153247,00;55370
WDOFUT;28/09/2021;14:15:00;7531,31;7532,69;7519,55;7524,39;4279968407,00;56877
WDOFUT;28/09/2021;14:00:00;7525,78;7538,23;7524,39;7531,31;6025006096,00;79985
WDOFUT;28/09/2021;13:45:00;7528,54;7534,77;7521,62;7525,78;5419508555,00;72002
WDOFUT;28/09/2021;13:30:00;7512,63;7529,23;7512,63;7529,23;4822732790,00;64144
WDOFUT;28/09/2021;13:15:00;7512,63;7518,16;7505,02;7511,94;5373564068,00;71541
WDOFUT;28/09/2021;13:00:00;7514,70;7519,55;7510,55;7513,32;5167256106,00;68761
WDOFUT;28/09/2021;12:45:00;7524,39;7530,62;7512,63;7514,70;4493876980,00;59752
WDOFUT;28/09/2021;12:30:00;7520,24;7525,78;7513,32;7523,70;6326933726,00;84142
WDOFUT;28/09/2021;12:15:00;7529,23;7534,77;7518,86;7520,24;8301645604,00;110273
WDOFUT;28/09/2021;12:00:00;7524,39;7531,31;7516,78;7529,23;7688476615,00;102182
WDOFUT;28/09/2021;11:45:00;7505,02;7527,16;7504,33;7523,70;8739299720,00;116233
WDOFUT;28/09/2021;11:30:00;7506,40;7516,78;7500,17;7505,02;8803360741,00;117271
WDOFUT;28/09/2021;11:15:00;7516,09;7516,09;7498,10;7506,40;9298103967,00;123847
WDOFUT;28/09/2021;11:00:00;7495,33;7518,16;7487,72;7516,09;1,407757753E10;187647
WDOFUT;28/09/2021;10:45:00;7482,19;7511,94;7480,80;7496,02;1,822723831E10;243072
WDOFUT;28/09/2021;10:30:00;7470,42;7481,49;7468,35;7481,49;8848966814,00;118388
WDOFUT;28/09/2021;10:15:00;7464,89;7473,88;7460,04;7469,73;1,208525888E10;161858
WDOFUT;28/09/2021;10:00:00;7480,80;7487,72;7462,81;7464,89;1,587354391E10;212381
WDOFUT;28/09/2021;09:45:00;7491,87;7492,56;7475,96;7481,49;1,212557971E10;162036
WDOFUT;28/09/2021;09:30:00;7487,03;7493,95;7475,96;7491,18;1,411855652E10;188605
WDOFUT;28/09/2021;09:15:00;7482,88;7492,56;7472,50;7487,03;1,922386333E10;256852
WDOFUT;28/09/2021;09:00:00;7484,26;7495,33;7479,42;7482,88;1,406311472E10;187845
WDOFUT;27/09/2021;17:45:00;7455,89;7471,12;7453,82;7466,27;3414046188,00;45758
WDOFUT;27/09/2021;17:30:00;7453,82;7457,97;7448,97;7455,20;3579153641,00;48021
WDOFUT;27/09/2021;17:15:00;7446,90;7457,28;7446,21;7454,51;2579921922,00;34623
WDOFUT;27/09/2021;17:00:00;7448,28;7449,67;7442,75;7447,59;2119495864,00;28465
WDOFUT;27/09/2021;16:45:00;7445,51;7452,43;7443,44;7448,28;3357420635,00;45076
WDOFUT;27/09/2021;16:30:00;7450,36;7453,13;7430,99;7444,82;8347293121,00;112157
WDOFUT;27/09/2021;16:15:00;7450,36;7451,74;7446,21;7450,36;2684544872,00;36038
WDOFUT;27/09/2021;16:00:00;7455,20;7457,97;7448,97;7451,05;5378580232,00;72170
WDOFUT;27/09/2021;15:45:00;7444,13;7462,12;7444,13;7455,20;5615043027,00;75330
WDOFUT;27/09/2021;15:30:00;7442,75;7450,36;7442,06;7444,82;3177344605,00;42668
WDOFUT;27/09/2021;15:15:00;7448,97;7453,13;7440,67;7443,44;4878955001,00;65528
WDOFUT;27/09/2021;15:00:00;7434,44;7458,66;7429,60;7448,97;9149631930,00;122897
WDOFUT;27/09/2021;14:45:00;7434,44;7439,98;7430,99;7434,44;3971554794,00;53419
WDOFUT;27/09/2021;14:30:00;7435,83;7443,44;7433,06;7433,75;6246114802,00;83960
WDOFUT;27/09/2021;14:15:00;7423,37;7439,29;7421,30;7436,52;6013007062,00;80914
WDOFUT;27/09/2021;14:00:00;7422,68;7427,53;7420,61;7423,37;3328051085,00;44826
WDOFUT;27/09/2021;13:45:00;7419,91;7424,07;7417,15;7423,37;3113285355,00;41953
WDOFUT;27/09/2021;13:30:00;7413,69;7421,30;7412,30;7419,22;3079345686,00;41516
WDOFUT;27/09/2021;13:15:00;7417,15;7417,15;7408,15;7413,69;3800776787,00;51273
WDOFUT;27/09/2021;13:00:00;7417,84;7424,07;7414,38;7416,46;4300149309,00;57959
WDOFUT;27/09/2021;12:45:00;7417,84;7420,61;7413,69;7417,15;4099056882,00;55264
WDOFUT;27/09/2021;12:30:00;7428,22;7431,68;7417,15;7417,84;5678220889,00;76483
WDOFUT;27/09/2021;12:15:00;7416,46;7429,60;7415,07;7428,91;7875971516,00;106117
WDOFUT;27/09/2021;12:00:00;7406,08;7422,68;7403,31;7416,46;1,116570123E10;150599
WDOFUT;27/09/2021;11:45:00;7402,62;7408,84;7395,70;7405,38;5294233825,00;71520
WDOFUT;27/09/2021;11:30:00;7392,93;7405,38;7392,24;7403,31;4673059313,00;63162
WDOFUT;27/09/2021;11:15:00;7401,93;7408,15;7390,86;7392,24;1,015255884E10;137207
WDOFUT;27/09/2021;11:00:00;7379,09;7404,69;7378,40;7402,62;1,067113626E10;144385
WDOFUT;27/09/2021;10:45:00;7395,70;7397,77;7377,71;7379,78;1,552974937E10;210290
WDOFUT;27/09/2021;10:30:00;7395,01;7405,38;7389,47;7395,70;1,187377557E10;160513
WDOFUT;27/09/2021;10:15:00;7404,69;7409,54;7391,55;7395,01;1,558706952E10;210605
WDOFUT;27/09/2021;10:00:00;7397,08;7412,30;7396,39;7404,69;1,328667512E10;179417
WDOFUT;27/09/2021;09:45:00;7383,24;7401,93;7382,55;7397,08;1,044601424E10;141271
WDOFUT;27/09/2021;09:30:00;7384,63;7394,31;7378,40;7383,24;1,071756272E10;145095
WDOFUT;27/09/2021;09:15:00;7364,56;7384,63;7350,03;7384,63;1,149471181E10;156046
WDOFUT;27/09/2021;09:00:00;7370,10;7379,09;7350,72;7363,87;1,455590344E10;197636
WDOFUT;24/09/2021;17:45:00;7394,31;7399,85;7387,40;7393,62;1598044314,00;21614
WDOFUT;24/09/2021;17:30:00;7395,01;7397,08;7389,47;7394,31;1970359044,00;26652
WDOFUT;24/09/2021;17:15:00;7404,00;7404,00;7393,62;7395,01;1929043500,00;26075
WDOFUT;24/09/2021;17:00:00;7401,93;7404,69;7399,85;7404,00;1147099072,00;15497
WDOFUT;24/09/2021;16:45:00;7405,38;7406,77;7399,16;7401,93;2200072761,00;29719
WDOFUT;24/09/2021;16:30:00;7406,08;7410,92;7404,69;7406,08;2652124494,00;35798
WDOFUT;24/09/2021;16:15:00;7406,08;7408,15;7401,93;7406,08;2134496815,00;28827
WDOFUT;24/09/2021;16:00:00;7392,93;7408,15;7392,24;7406,08;3495570107,00;47229
WDOFUT;24/09/2021;15:45:00;7406,08;7407,46;7389,47;7392,93;5706133856,00;77150
WDOFUT;24/09/2021;15:30:00;7403,31;7410,23;7399,85;7406,77;3551324103,00;47955
WDOFUT;24/09/2021;15:15:00;7406,77;7408,15;7403,31;7403,31;1741584848,00;23516
WDOFUT;24/09/2021;15:00:00;7403,31;7410,92;7401,93;7406,77;4968367014,00;67080
WDOFUT;24/09/2021;14:45:00;7391,55;7404,00;7388,78;7402,62;4611970582,00;62357
WDOFUT;24/09/2021;14:30:00;7392,93;7395,01;7386,01;7392,24;3141862356,00;42514
WDOFUT;24/09/2021;14:15:00;7386,70;7397,77;7383,94;7392,93;3150588768,00;42621
WDOFUT;24/09/2021;14:00:00;7392,24;7394,31;7384,63;7386,70;2504721605,00;33896
WDOFUT;24/09/2021;13:45:00;7390,16;7395,01;7389,47;7392,93;2215262491,00;29967
WDOFUT;24/09/2021;13:30:00;7388,09;7392,24;7385,32;7390,16;2120322156,00;28696
WDOFUT;24/09/2021;13:15:00;7387,40;7390,16;7382,55;7388,09;3927340363,00;53172
WDOFUT;24/09/2021;13:00:00;7399,85;7404,00;7386,01;7387,40;5653155775,00;76457
WDOFUT;24/09/2021;12:45:00;7400,54;7401,93;7394,31;7400,54;2932420269,00;39636
WDOFUT;24/09/2021;12:30:00;7401,93;7408,15;7399,16;7399,85;3248627526,00;43876
WDOFUT;24/09/2021;12:15:00;7401,23;7404,00;7395,70;7401,23;2980589818,00;40281
WDOFUT;24/09/2021;12:00:00;7408,84;7414,38;7398,47;7400,54;5758554218,00;77753
WDOFUT;24/09/2021;11:45:00;7398,47;7415,76;7398,47;7409,54;6247345398,00;84324
WDOFUT;24/09/2021;11:30:00;7405,38;7407,46;7396,39;7398,47;6392664366,00;86370
WDOFUT;24/09/2021;11:15:00;7400,54;7417,15;7396,39;7405,38;9626467603,00;129919
WDOFUT;24/09/2021;11:00:00;7390,16;7403,31;7383,94;7401,23;8050124055,00;108865
WDOFUT;24/09/2021;10:45:00;7395,70;7406,08;7386,70;7390,16;9505831627,00;128527
WDOFUT;24/09/2021;10:30:00;7401,23;7404,69;7383,94;7396,39;1,056372411E10;142871
WDOFUT;24/09/2021;10:15:00;7408,84;7410,23;7396,39;7401,93;7872851063,00;106375
WDOFUT;24/09/2021;10:00:00;7400,54;7414,38;7399,16;7408,84;1,11354598E10;150339
WDOFUT;24/09/2021;09:45:00;7395,01;7401,93;7394,31;7399,85;7073298389,00;95602
WDOFUT;24/09/2021;09:30:00;7388,78;7398,47;7387,40;7395,01;8660731312,00;117147
WDOFUT;24/09/2021;09:15:00;7368,71;7391,55;7363,87;7388,78;1,016457667E10;137731
WDOFUT;24/09/2021;09:00:00;7361,80;7381,86;7361,80;7368,71;1,115979368E10;151370
WDOFUT;23/09/2021;17:45:00;7345,88;7350,03;7341,73;7350,03;1875909673,00;25539
WDOFUT;23/09/2021;17:30:00;7348,65;7351,42;7344,50;7345,88;2022870245,00;27531
WDOFUT;23/09/2021;17:15:00;7347,96;7351,42;7343,81;7348,65;2013979625,00;27413
WDOFUT;23/09/2021;17:00:00;7354,18;7359,72;7346,57;7348,65;3163120322,00;43023
WDOFUT;23/09/2021;16:45:00;7349,34;7354,88;7347,27;7354,18;2289485052,00;31147
WDOFUT;23/09/2021;16:30:00;7352,80;7355,57;7346,57;7348,65;2028768178,00;27601
WDOFUT;23/09/2021;16:15:00;7357,64;7357,64;7347,96;7352,11;2854093653,00;38820
WDOFUT;23/09/2021;16:00:00;7345,19;7358,34;7344,50;7356,95;3807006948,00;51780
WDOFUT;23/09/2021;15:45:00;7351,42;7352,80;7342,42;7344,50;4702805893,00;64007
WDOFUT;23/09/2021;15:30:00;7342,42;7354,18;7340,35;7350,72;5478744141,00;74566
WDOFUT;23/09/2021;15:15:00;7343,11;7345,19;7337,58;7342,42;2677001232,00;36465
WDOFUT;23/09/2021;15:00:00;7337,58;7346,57;7332,74;7343,81;4308332830,00;58699
WDOFUT;23/09/2021;14:45:00;7331,35;7337,58;7329,97;7337,58;2516583436,00;34315
WDOFUT;23/09/2021;14:30:00;7327,20;7334,81;7325,12;7331,35;3150593127,00;42979
WDOFUT;23/09/2021;14:15:00;7332,04;7332,74;7325,12;7326,51;2425323148,00;33092
WDOFUT;23/09/2021;14:00:00;7336,20;7338,96;7326,51;7332,74;3679355639,00;50180
WDOFUT;23/09/2021;13:45:00;7334,12;7338,96;7327,89;7336,89;3156409935,00;43043
WDOFUT;23/09/2021;13:30:00;7330,66;7336,20;7329,28;7334,12;2255474886,00;30757
WDOFUT;23/09/2021;13:15:00;7324,43;7336,89;7323,74;7330,66;3795776183,00;51776
WDOFUT;23/09/2021;13:00:00;7328,58;7332,74;7318,90;7323,74;4866526969,00;66432
WDOFUT;23/09/2021;12:45:00;7338,27;7339,65;7328,58;7329,28;3436226800,00;46850
WDOFUT;23/09/2021;12:30:00;7338,27;7341,04;7329,97;7338,27;4877981818,00;66499
WDOFUT;23/09/2021;12:15:00;7327,20;7349,34;7326,51;7338,27;7785007976,00;106070
WDOFUT;23/09/2021;12:00:00;7323,74;7327,89;7318,90;7327,20;6414805789,00;87596
WDOFUT;23/09/2021;11:45:00;7336,89;7339,65;7323,05;7323,74;6589131731,00;89876
WDOFUT;23/09/2021;11:30:00;7348,65;7356,26;7336,20;7336,89;7369450780,00;100313
WDOFUT;23/09/2021;11:15:00;7318,90;7353,49;7316,13;7348,65;1,416676621E10;193101
WDOFUT;23/09/2021;11:00:00;7320,28;7323,74;7309,90;7318,90;8534954347,00;116655
WDOFUT;23/09/2021;10:45:00;7320,28;7322,36;7311,98;7320,28;9735936350,00;133049
WDOFUT;23/09/2021;10:30:00;7339,65;7346,57;7318,21;7320,28;1,183480578E10;161376
WDOFUT;23/09/2021;10:15:00;7341,04;7343,81;7330,66;7338,96;8651545210,00;117906
WDOFUT;23/09/2021;10:00:00;7334,12;7350,03;7334,12;7341,04;1,075826031E10;146535
WDOFUT;23/09/2021;09:45:00;7309,90;7341,04;7307,83;7333,43;1,231072402E10;168055
WDOFUT;23/09/2021;09:30:00;7307,83;7314,75;7299,52;7309,90;7392835163,00;101165
WDOFUT;23/09/2021;09:15:00;7306,44;7323,74;7305,06;7307,83;1,057530602E10;144607
WDOFUT;23/09/2021;09:00:00;7289,84;7309,21;7282,92;7307,14;1,093013616E10;149839
WDOFUT;22/09/2021;17:45:00;7329,97;7332,74;7327,89;7332,04;1326317460,00;18093
WDOFUT;22/09/2021;17:30:00;7334,12;7336,20;7327,20;7329,28;1714121733,00;23379
WDOFUT;22/09/2021;17:15:00;7337,58;7338,27;7326,51;7334,81;2856345414,00;38959
WDOFUT;22/09/2021;17:00:00;7348,65;7352,11;7336,20;7337,58;2559634758,00;34863
WDOFUT;22/09/2021;16:45:00;7353,49;7354,18;7337,58;7347,96;3127291952,00;42575
WDOFUT;22/09/2021;16:30:00;7346,57;7356,26;7343,81;7353,49;3306183612,00;44982
WDOFUT;22/09/2021;16:15:00;7351,42;7355,57;7334,12;7345,88;6854375016,00;93340
WDOFUT;22/09/2021;16:00:00;7356,26;7368,71;7342,42;7351,42;9692687450,00;131762
WDOFUT;22/09/2021;15:45:00;7326,51;7371,48;7324,43;7356,26;1,97700782E10;268885
WDOFUT;22/09/2021;15:30:00;7295,37;7332,04;7278,08;7325,82;1,341772483E10;183605
WDOFUT;22/09/2021;15:15:00;7294,68;7300,22;7287,76;7295,37;5346998234,00;73306
WDOFUT;22/09/2021;15:00:00;7311,98;7336,20;7285,69;7294,68;1,789727923E10;245068
WDOFUT;22/09/2021;14:45:00;7311,29;7320,97;7305,75;7311,98;5181241635,00;70861
WDOFUT;22/09/2021;14:30:00;7318,21;7321,67;7310,59;7311,98;3010964170,00;41156
WDOFUT;22/09/2021;14:15:00;7320,28;7321,67;7316,13;7318,21;1881604105,00;25711
WDOFUT;22/09/2021;14:00:00;7318,90;7325,12;7317,51;7320,28;2393604812,00;32699
WDOFUT;22/09/2021;13:45:00;7318,21;7325,12;7316,13;7318,90;3586373666,00;48996
WDOFUT;22/09/2021;13:30:00;7309,90;7320,97;7309,21;7318,21;4619487197,00;63145
WDOFUT;22/09/2021;13:15:00;7309,21;7310,59;7300,91;7309,90;3327852780,00;45552
WDOFUT;22/09/2021;13:00:00;7306,44;7311,98;7302,29;7308,52;3610597792,00;49406
WDOFUT;22/09/2021;12:45:00;7309,21;7314,05;7302,29;7307,14;4284461261,00;58632
WDOFUT;22/09/2021;12:30:00;7309,21;7314,05;7303,68;7309,21;4536705179,00;62070
WDOFUT;22/09/2021;12:15:00;7314,05;7320,28;7307,83;7309,90;3930205776,00;53723
WDOFUT;22/09/2021;12:00:00;7321,67;7325,12;7309,21;7314,75;7119165432,00;97304
WDOFUT;22/09/2021;11:45:00;7322,36;7329,97;7318,21;7322,36;5106510086,00;69720
WDOFUT;22/09/2021;11:30:00;7321,67;7328,58;7314,05;7322,36;5977219403,00;81639
WDOFUT;22/09/2021;11:15:00;7314,75;7321,67;7307,14;7321,67;6554721794,00;89626
WDOFUT;22/09/2021;11:00:00;7323,05;7325,12;7311,98;7314,75;8375947367,00;114480
WDOFUT;22/09/2021;10:45:00;7322,36;7333,43;7320,28;7323,74;6937459940,00;94678
WDOFUT;22/09/2021;10:30:00;7323,74;7330,66;7317,51;7322,36;8852622983,00;120878
WDOFUT;22/09/2021;10:15:00;7315,44;7329,28;7309,90;7323,74;9270885431,00;126652
WDOFUT;22/09/2021;10:00:00;7314,05;7323,74;7309,21;7316,13;8123443344,00;111006
WDOFUT;22/09/2021;09:45:00;7305,75;7317,51;7299,52;7314,05;7841399605,00;107273
WDOFUT;22/09/2021;09:30:00;7300,91;7310,59;7297,45;7305,75;9015126671,00;123418
WDOFUT;22/09/2021;09:15:00;7282,92;7302,29;7282,23;7300,91;7552177390,00;103566
WDOFUT;22/09/2021;09:00:00;7281,54;7295,37;7275,31;7283,61;8611715766,00;118216
WDOFUT;21/09/2021;17:45:00;7308,52;7318,21;7302,98;7302,98;2199266569,00;30075
WDOFUT;21/09/2021;17:30:00;7316,82;7316,82;7305,06;7308,52;2401780113,00;32852
WDOFUT;21/09/2021;17:15:00;7332,74;7334,12;7314,75;7316,13;2302879610,00;31441
WDOFUT;21/09/2021;17:00:00;7325,82;7332,74;7323,05;7332,04;2635421251,00;35964
WDOFUT;21/09/2021;16:45:00;7325,12;7326,51;7318,21;7325,82;2545295012,00;34757
WDOFUT;21/09/2021;16:30:00;7319,59;7325,82;7319,59;7325,12;2132156595,00;29120
WDOFUT;21/09/2021;16:15:00;7316,82;7323,74;7314,05;7319,59;3147297479,00;42999
WDOFUT;21/09/2021;16:00:00;7302,29;7322,36;7297,45;7316,82;6404163276,00;87607
WDOFUT;21/09/2021;15:45:00;7317,51;7318,90;7294,68;7301,60;7871233364,00;107757
WDOFUT;21/09/2021;15:30:00;7329,97;7330,66;7314,05;7316,82;3609318203,00;49282
WDOFUT;21/09/2021;15:15:00;7317,51;7331,35;7316,82;7329,28;5203839745,00;71048
WDOFUT;21/09/2021;15:00:00;7314,05;7319,59;7307,14;7317,51;3805836360,00;52034
WDOFUT;21/09/2021;14:45:00;7323,05;7327,89;7301,60;7314,05;9584352453,00;131067
WDOFUT;21/09/2021;14:30:00;7331,35;7331,35;7321,67;7323,05;3805760445,00;51946
WDOFUT;21/09/2021;14:15:00;7328,58;7336,20;7323,05;7330,66;4495631827,00;61333
WDOFUT;21/09/2021;14:00:00;7332,04;7335,50;7326,51;7328,58;3437951542,00;46900
WDOFUT;21/09/2021;13:45:00;7336,89;7338,96;7327,89;7332,74;4298924082,00;58629
WDOFUT;21/09/2021;13:30:00;7329,97;7337,58;7325,12;7336,89;4111951744,00;56080
WDOFUT;21/09/2021;13:15:00;7327,20;7331,35;7317,51;7330,66;3994967033,00;54542
WDOFUT;21/09/2021;13:00:00;7333,43;7336,20;7315,44;7326,51;7529615300,00;102804
WDOFUT;21/09/2021;12:45:00;7345,88;7346,57;7328,58;7332,74;6175790976,00;84187
WDOFUT;21/09/2021;12:30:00;7354,18;7359,03;7332,04;7345,88;1,195990518E10;162868
WDOFUT;21/09/2021;12:15:00;7368,02;7381,86;7354,18;7354,18;7620337582,00;103384
WDOFUT;21/09/2021;12:00:00;7369,41;7375,63;7356,95;7368,02;7555957028,00;102577
WDOFUT;21/09/2021;11:45:00;7371,48;7388,09;7365,95;7369,41;8515667385,00;115429
WDOFUT;21/09/2021;11:30:00;7381,86;7388,09;7370,10;7372,17;6879605480,00;93225
WDOFUT;21/09/2021;11:15:00;7388,78;7397,77;7381,86;7381,86;1,00654385E10;136219
WDOFUT;21/09/2021;11:00:00;7352,11;7393,62;7348,65;7389,47;1,355849704E10;183894
WDOFUT;21/09/2021;10:45:00;7370,79;7375,63;7351,42;7352,11;8682167040,00;117919
WDOFUT;21/09/2021;10:30:00;7365,25;7379,09;7343,81;7370,79;1,525898574E10;207196
WDOFUT;21/09/2021;10:15:00;7368,02;7377,02;7363,18;7365,25;5761468693,00;78174
WDOFUT;21/09/2021;10:00:00;7361,10;7377,71;7356,26;7368,02;8728313091,00;118465
WDOFUT;21/09/2021;09:45:00;7359,03;7367,33;7350,72;7361,10;5923254177,00;80475
WDOFUT;21/09/2021;09:30:00;7359,72;7369,41;7350,03;7358,34;7599368283,00;103263
WDOFUT;21/09/2021;09:15:00;7378,40;7378,40;7346,57;7359,72;1,147874543E10;156007
WDOFUT;21/09/2021;09:00:00;7362,49;7381,86;7337,58;7378,40;1,403545597E10;190854
WDOFUT;20/09/2021;17:45:00;7388,78;7393,62;7378,40;7383,94;2090141092,00;28293
WDOFUT;20/09/2021;17:30:00;7395,70;7397,77;7381,86;7389,47;2411076863,00;32635
WDOFUT;20/09/2021;17:15:00;7397,77;7398,47;7390,86;7395,70;1860607628,00;25160
WDOFUT;20/09/2021;17:00:00;7386,70;7400,54;7385,32;7397,77;3309761500,00;44759
WDOFUT;20/09/2021;16:45:00;7415,76;7421,30;7383,94;7386,70;7138207027,00;96438
WDOFUT;20/09/2021;16:30:00;7419,22;7423,37;7411,61;7415,76;4513925397,00;60856
WDOFUT;20/09/2021;16:15:00;7449,67;7450,36;7415,07;7419,22;7221392055,00;97161
WDOFUT;20/09/2021;16:00:00;7437,21;7455,20;7433,75;7450,36;6889002791,00;92526
WDOFUT;20/09/2021;15:45:00;7431,68;7442,75;7422,68;7437,21;6144216754,00;82660
WDOFUT;20/09/2021;15:30:00;7421,30;7437,90;7419,91;7431,68;6187463573,00;83287
WDOFUT;20/09/2021;15:15:00;7421,30;7428,91;7419,91;7421,99;3353738423,00;45171
WDOFUT;20/09/2021;15:00:00;7410,23;7429,60;7405,38;7421,30;6269366479,00;84490
WDOFUT;20/09/2021;14:45:00;7413,00;7417,84;7396,39;7410,23;6275184802,00;84728
WDOFUT;20/09/2021;14:30:00;7400,54;7414,38;7394,31;7413,00;7095213084,00;95856
WDOFUT;20/09/2021;14:15:00;7424,76;7425,45;7397,77;7400,54;7044063337,00;95032
WDOFUT;20/09/2021;14:00:00;7430,99;7431,68;7421,99;7424,07;4326880299,00;58268
WDOFUT;20/09/2021;13:45:00;7415,76;7432,37;7415,07;7430,99;7524793282,00;101347
WDOFUT;20/09/2021;13:30:00;7386,70;7424,07;7386,70;7415,76;7200319975,00;97231
WDOFUT;20/09/2021;13:15:00;7395,70;7398,47;7383,24;7386,01;4955026037,00;67047
WDOFUT;20/09/2021;13:00:00;7385,32;7401,93;7383,94;7395,70;5520463372,00;74661
WDOFUT;20/09/2021;12:45:00;7383,94;7391,55;7383,24;7384,63;3780384766,00;51173
WDOFUT;20/09/2021;12:30:00;7375,63;7385,32;7375,63;7384,63;3350392612,00;45388
WDOFUT;20/09/2021;12:15:00;7379,09;7382,55;7367,33;7375,63;7728468918,00;104801
WDOFUT;20/09/2021;12:00:00;7389,47;7394,31;7376,33;7378,40;7320303947,00;99141
WDOFUT;20/09/2021;11:45:00;7386,70;7394,31;7372,87;7389,47;1,01130111E10;136945
WDOFUT;20/09/2021;11:30:00;7387,40;7392,24;7372,17;7386,01;6755349632,00;91516
WDOFUT;20/09/2021;11:15:00;7381,86;7392,24;7378,40;7388,09;6557268671,00;88775
WDOFUT;20/09/2021;11:00:00;7388,78;7401,93;7377,02;7381,86;1,03727684E10;140351
WDOFUT;20/09/2021;10:45:00;7365,95;7395,70;7362,49;7388,09;1,179235834E10;159739
WDOFUT;20/09/2021;10:30:00;7365,95;7372,87;7356,26;7365,95;8969781139,00;121800
WDOFUT;20/09/2021;10:15:00;7371,48;7383,94;7356,26;7365,25;1,36395254E10;185089
WDOFUT;20/09/2021;10:00:00;7392,93;7399,85;7370,79;7371,48;1,223678477E10;165642
WDOFUT;20/09/2021;09:45:00;7397,08;7402,62;7388,78;7392,93;7260541695,00;98206
WDOFUT;20/09/2021;09:30:00;7405,38;7412,30;7385,32;7397,08;1,116991023E10;150970
WDOFUT;20/09/2021;09:15:00;7397,08;7406,77;7389,47;7406,08;9390453392,00;126971
WDOFUT;20/09/2021;09:00:00;7377,02;7410,92;7376,33;7397,08;1,264641908E10;171046
WDOFUT;17/09/2021;17:45:00;7332,74;7341,04;7330,66;7330,66;1769880918,00;24126
WDOFUT;17/09/2021;17:30:00;7334,81;7340,35;7330,66;7333,43;1749549854,00;23850
WDOFUT;17/09/2021;17:15:00;7329,28;7343,11;7327,20;7334,81;3242626328,00;44197
WDOFUT;17/09/2021;17:00:00;7331,35;7337,58;7327,20;7329,28;2352509298,00;32088
WDOFUT;17/09/2021;16:45:00;7320,28;7332,04;7317,51;7331,35;3461040955,00;47263
WDOFUT;17/09/2021;16:30:00;7330,66;7331,35;7311,98;7320,28;5268738385,00;71973
WDOFUT;17/09/2021;16:15:00;7325,12;7335,50;7324,43;7330,66;3641061268,00;49667
WDOFUT;17/09/2021;16:00:00;7329,28;7329,28;7321,67;7325,82;2783792811,00;38003
WDOFUT;17/09/2021;15:45:00;7328,58;7334,12;7322,36;7329,97;4053511108,00;55321
WDOFUT;17/09/2021;15:30:00;7343,11;7345,19;7327,89;7327,89;5939267466,00;80958
WDOFUT;17/09/2021;15:15:00;7346,57;7348,65;7342,42;7343,11;2023997610,00;27555
WDOFUT;17/09/2021;15:00:00;7342,42;7350,72;7336,20;7345,88;4886420477,00;66536
WDOFUT;17/09/2021;14:45:00;7334,81;7352,80;7334,81;7342,42;7072817188,00;96298
WDOFUT;17/09/2021;14:30:00;7333,43;7339,65;7324,43;7335,50;4704543823,00;64163
WDOFUT;17/09/2021;14:15:00;7334,81;7338,27;7329,28;7333,43;3466902003,00;47275
WDOFUT;17/09/2021;14:00:00;7329,28;7338,27;7325,12;7335,50;4647477116,00;63382
WDOFUT;17/09/2021;13:45:00;7327,89;7329,97;7321,67;7329,97;2908245379,00;39703
WDOFUT;17/09/2021;13:30:00;7341,73;7343,11;7318,90;7327,20;6527469950,00;89076
WDOFUT;17/09/2021;13:15:00;7341,73;7345,88;7332,74;7341,04;6093073809,00;83025
WDOFUT;17/09/2021;13:00:00;7344,50;7347,96;7337,58;7341,73;4429206237,00;60320
WDOFUT;17/09/2021;12:45:00;7351,42;7351,42;7337,58;7344,50;6589189540,00;89710
WDOFUT;17/09/2021;12:30:00;7361,10;7365,25;7347,96;7351,42;6811163166,00;92613
WDOFUT;17/09/2021;12:15:00;7355,57;7365,25;7352,80;7360,41;7054317737,00;95858
WDOFUT;17/09/2021;12:00:00;7372,17;7374,94;7354,18;7356,26;1,402116559E10;190306
WDOFUT;17/09/2021;11:45:00;7385,32;7390,16;7368,02;7371,48;1,839492523E10;249248
WDOFUT;17/09/2021;11:30:00;7395,01;7404,00;7382,55;7385,32;1,099153538E10;148708
WDOFUT;17/09/2021;11:15:00;7405,38;7408,84;7390,86;7395,01;9138899788,00;123541
WDOFUT;17/09/2021;11:00:00;7406,08;7414,38;7394,31;7405,38;1,250655984E10;168916
WDOFUT;17/09/2021;10:45:00;7390,86;7409,54;7380,48;7406,08;1,315540608E10;177912
WDOFUT;17/09/2021;10:30:00;7363,18;7390,86;7362,49;7390,16;1,537275383E10;208396
WDOFUT;17/09/2021;10:15:00;7345,88;7368,71;7345,19;7363,18;1,437975306E10;195397
WDOFUT;17/09/2021;10:00:00;7339,65;7346,57;7335,50;7345,88;1,029344339E10;140236
WDOFUT;17/09/2021;09:45:00;7343,81;7351,42;7338,96;7339,65;1,413145408E10;192392
WDOFUT;17/09/2021;09:30:00;7316,13;7345,88;7312,67;7343,81;1,569060317E10;214152
WDOFUT;17/09/2021;09:15:00;7303,68;7316,82;7298,83;7316,13;9058703483,00;123953
WDOFUT;17/09/2021;09:00:00;7287,76;7303,68;7280,84;7302,98;9587425594,00;131443
WDOFUT;16/09/2021;17:45:00;7296,76;7298,14;7285,69;7285,69;2080046438,00;28519
WDOFUT;16/09/2021;17:30:00;7303,68;7306,44;7294,68;7297,45;2268851199,00;31080
WDOFUT;16/09/2021;17:15:00;7307,14;7309,21;7300,22;7304,37;1702334820,00;23306
WDOFUT;16/09/2021;17:00:00;7301,60;7310,59;7300,91;7307,14;2499473102,00;34210
WDOFUT;16/09/2021;16:45:00;7307,83;7309,90;7299,52;7301,60;3346339611,00;45822
WDOFUT;16/09/2021;16:30:00;7316,13;7316,13;7306,44;7308,52;1774881037,00;24278
WDOFUT;16/09/2021;16:15:00;7307,83;7316,82;7307,14;7315,44;3112623762,00;42561
WDOFUT;16/09/2021;16:00:00;7305,06;7313,36;7301,60;7307,14;4187426413,00;57298
WDOFUT;16/09/2021;15:45:00;7318,21;7320,97;7303,68;7304,37;5077838737,00;69449
WDOFUT;16/09/2021;15:30:00;7313,36;7323,05;7308,52;7318,90;5533607090,00;75632
WDOFUT;16/09/2021;15:15:00;7306,44;7317,51;7301,60;7312,67;4572427654,00;62549
WDOFUT;16/09/2021;15:00:00;7305,06;7311,29;7301,60;7306,44;4226483636,00;57847
WDOFUT;16/09/2021;14:45:00;7298,83;7305,75;7295,37;7305,06;2791392260,00;38243
WDOFUT;16/09/2021;14:30:00;7296,76;7305,06;7296,06;7299,52;3759816879,00;51498
WDOFUT;16/09/2021;14:15:00;7291,91;7298,83;7286,38;7297,45;2464853131,00;33799
WDOFUT;16/09/2021;14:00:00;7295,37;7296,76;7286,38;7292,61;2992141644,00;41033
WDOFUT;16/09/2021;13:45:00;7291,22;7296,76;7287,76;7294,68;3315305721,00;45459
WDOFUT;16/09/2021;13:30:00;7288,45;7292,61;7285,69;7291,22;2090837425,00;28684
WDOFUT;16/09/2021;13:15:00;7280,84;7293,30;7280,15;7289,15;3586743437,00;49214
WDOFUT;16/09/2021;13:00:00;7285,69;7289,84;7280,15;7280,84;3763896559,00;51658
WDOFUT;16/09/2021;12:45:00;7288,45;7291,22;7280,84;7285,69;3467976244,00;47602
WDOFUT;16/09/2021;12:30:00;7285,69;7291,91;7284,30;7289,15;3813979316,00;52325
WDOFUT;16/09/2021;12:15:00;7288,45;7289,84;7275,31;7286,38;6834055997,00;93861
WDOFUT;16/09/2021;12:00:00;7287,07;7295,37;7284,30;7287,76;5219910787,00;71616
WDOFUT;16/09/2021;11:45:00;7296,76;7297,45;7282,23;7287,76;7125994349,00;97759
WDOFUT;16/09/2021;11:30:00;7296,06;7302,98;7282,92;7296,06;1,022907536E10;140289
WDOFUT;16/09/2021;11:15:00;7309,21;7312,67;7293,99;7296,06;8108624209,00;111054
WDOFUT;16/09/2021;11:00:00;7305,75;7318,21;7302,29;7309,21;7377659327,00;100930
WDOFUT;16/09/2021;10:45:00;7301,60;7320,28;7300,22;7305,75;1,235827043E10;169006
WDOFUT;16/09/2021;10:30:00;7300,22;7307,83;7290,53;7300,91;1,080798653E10;148044
WDOFUT;16/09/2021;10:15:00;7305,06;7307,14;7293,30;7300,22;1,053215546E10;144267
WDOFUT;16/09/2021;10:00:00;7286,38;7308,52;7280,15;7305,75;1,585737235E10;217383
WDOFUT;16/09/2021;09:45:00;7280,15;7296,06;7280,15;7285,69;1,083764581E10;148683
WDOFUT;16/09/2021;09:30:00;7271,16;7282,92;7255,93;7280,84;1,132939286E10;155862
WDOFUT;16/09/2021;09:15:00;7262,16;7279,46;7261,47;7271,16;6815033589,00;93718
WDOFUT;16/09/2021;09:00:00;7264,93;7272,54;7256,63;7262,16;7638971842,00;105153
WDOFUT;15/09/2021;17:45:00;7251,78;7256,63;7233,10;7253,17;2354824258,00;32489
WDOFUT;15/09/2021;17:30:00;7254,55;7258,70;7248,32;7251,09;2460422355,00;33918
WDOFUT;15/09/2021;17:15:00;7271,85;7274,62;7249,02;7254,55;4673693735,00;64373
WDOFUT;15/09/2021;17:00:00;7263,55;7272,54;7262,16;7271,16;2135141139,00;29377
WDOFUT;15/09/2021;16:45:00;7262,85;7270,46;7261,47;7262,85;3482293261,00;47927
WDOFUT;15/09/2021;16:30:00;7273,23;7273,92;7260,78;7262,85;4576367923,00;62982
WDOFUT;15/09/2021;16:15:00;7279,46;7281,54;7269,77;7273,23;2576388025,00;35415
WDOFUT;15/09/2021;16:00:00;7283,61;7287,07;7272,54;7280,15;4134209302,00;56782
WDOFUT;15/09/2021;15:45:00;7282,92;7284,99;7266,31;7282,92;7241199547,00;99518
WDOFUT;15/09/2021;15:30:00;7289,15;7293,30;7280,84;7282,92;3298465420,00;45259
WDOFUT;15/09/2021;15:15:00;7296,76;7298,83;7287,76;7289,84;2835495730,00;38877
WDOFUT;15/09/2021;15:00:00;7291,22;7300,91;7284,30;7296,76;4051369607,00;55554
WDOFUT;15/09/2021;14:45:00;7291,22;7292,61;7279,46;7291,22;4195067327,00;57577
WDOFUT;15/09/2021;14:30:00;7294,68;7298,14;7285,69;7290,53;4034063666,00;55325
WDOFUT;15/09/2021;14:15:00;7288,45;7298,14;7283,61;7294,68;3804521477,00;52184
WDOFUT;15/09/2021;14:00:00;7278,77;7293,99;7273,92;7288,45;5155238183,00;70764
WDOFUT;15/09/2021;13:45:00;7284,99;7289,15;7271,16;7278,77;7192469831,00;98812
WDOFUT;15/09/2021;13:30:00;7287,07;7296,76;7283,61;7284,30;3805050703,00;52196
WDOFUT;15/09/2021;13:15:00;7288,45;7289,84;7282,92;7287,76;2356938871,00;32348
WDOFUT;15/09/2021;13:00:00;7288,45;7292,61;7284,30;7288,45;4843593911,00;66454
WDOFUT;15/09/2021;12:45:00;7289,15;7293,30;7284,99;7288,45;3681279143,00;50505
WDOFUT;15/09/2021;12:30:00;7297,45;7299,52;7288,45;7289,15;3327517652,00;45617
WDOFUT;15/09/2021;12:15:00;7293,30;7298,83;7285,69;7296,76;5782830492,00;79300
WDOFUT;15/09/2021;12:00:00;7288,45;7296,06;7287,76;7293,30;5788303800,00;79372
WDOFUT;15/09/2021;11:45:00;7288,45;7292,61;7279,46;7288,45;8668014778,00;118966
WDOFUT;15/09/2021;11:30:00;7296,76;7301,60;7287,07;7289,15;7965768253,00;109190
WDOFUT;15/09/2021;11:15:00;7302,98;7308,52;7287,76;7296,06;1,008570704E10;138229
WDOFUT;15/09/2021;11:00:00;7289,84;7307,83;7288,45;7302,29;1,208077039E10;165536
WDOFUT;15/09/2021;10:45:00;7303,68;7303,68;7286,38;7289,84;1,475448131E10;202296
WDOFUT;15/09/2021;10:30:00;7292,61;7312,67;7287,76;7303,68;1,372954603E10;188000
WDOFUT;15/09/2021;10:15:00;7297,45;7300,22;7282,92;7293,30;1,014693689E10;139171
WDOFUT;15/09/2021;10:00:00;7284,30;7307,14;7280,15;7297,45;1,42025911E10;194736
WDOFUT;15/09/2021;09:45:00;7292,61;7296,76;7276,00;7283,61;1,323401469E10;181652
WDOFUT;15/09/2021;09:30:00;7276,69;7300,91;7276,00;7292,61;1,913067142E10;262329
WDOFUT;15/09/2021;09:15:00;7270,46;7284,99;7269,08;7276,69;9445800352,00;129797
WDOFUT;15/09/2021;09:00:00;7271,85;7274,62;7255,93;7270,46;8615195003,00;118588
WDOFUT;14/09/2021;17:45:00;7276,69;7282,92;7264,93;7282,92;1969478521,00;27080
WDOFUT;14/09/2021;17:30:00;7284,30;7285,69;7275,31;7277,38;2497017313,00;34303
WDOFUT;14/09/2021;17:15:00;7284,99;7289,15;7283,61;7284,99;2122762854,00;29133
WDOFUT;14/09/2021;17:00:00;7294,68;7296,06;7283,61;7285,69;2531416499,00;34724
WDOFUT;14/09/2021;16:45:00;7300,91;7301,60;7290,53;7295,37;2803388679,00;38422
WDOFUT;14/09/2021;16:30:00;7300,22;7303,68;7295,37;7300,22;3148299416,00;43129
WDOFUT;14/09/2021;16:15:00;7297,45;7300,91;7291,91;7300,22;3398869785,00;46583
WDOFUT;14/09/2021;16:00:00;7282,23;7301,60;7281,54;7298,14;5450667603,00;74759
WDOFUT;14/09/2021;15:45:00;7280,84;7287,07;7276,00;7282,23;4729920741,00;64962
WDOFUT;14/09/2021;15:30:00;7280,84;7286,38;7276,69;7280,84;4154153257,00;57056
WDOFUT;14/09/2021;15:15:00;7273,23;7282,23;7270,46;7280,84;4728520658,00;64982
WDOFUT;14/09/2021;15:00:00;7271,16;7275,31;7265,62;7273,23;3727740063,00;51267
WDOFUT;14/09/2021;14:45:00;7257,32;7271,85;7252,48;7271,16;5686536674,00;78312
WDOFUT;14/09/2021;14:30:00;7263,55;7271,85;7257,32;7257,32;4211428335,00;57964
WDOFUT;14/09/2021;14:15:00;7271,85;7272,54;7258,01;7263,55;4158428599,00;57252
WDOFUT;14/09/2021;14:00:00;7267,70;7273,23;7262,16;7271,85;3217043584,00;44260
WDOFUT;14/09/2021;13:45:00;7262,85;7278,08;7262,85;7267,70;6638478150,00;91308
WDOFUT;14/09/2021;13:30:00;7261,47;7264,24;7256,63;7263,55;2772563984,00;38189
WDOFUT;14/09/2021;13:15:00;7244,86;7266,31;7244,86;7261,47;5421824649,00;74699
WDOFUT;14/09/2021;13:00:00;7246,94;7249,71;7241,41;7245,56;3051818854,00;42120
WDOFUT;14/09/2021;12:45:00;7241,41;7253,17;7240,71;7246,94;4366364915,00;60239
WDOFUT;14/09/2021;12:30:00;7240,02;7245,56;7235,87;7240,71;3620833289,00;50003
WDOFUT;14/09/2021;12:15:00;7244,86;7250,40;7233,79;7240,02;6416333209,00;88609
WDOFUT;14/09/2021;12:00:00;7259,39;7262,85;7244,17;7244,17;6937905481,00;95645
WDOFUT;14/09/2021;11:45:00;7271,16;7273,23;7258,01;7260,09;6075668332,00;83633
WDOFUT;14/09/2021;11:30:00;7260,78;7278,08;7248,32;7271,16;9526471894,00;131169
WDOFUT;14/09/2021;11:15:00;7264,93;7271,85;7252,48;7260,09;9155512932,00;126092
WDOFUT;14/09/2021;11:00:00;7274,62;7287,76;7258,01;7264,93;1,343671321E10;184751
WDOFUT;14/09/2021;10:45:00;7261,47;7278,08;7256,63;7273,92;1,155268675E10;158961
WDOFUT;14/09/2021;10:30:00;7237,25;7267,01;7235,18;7261,47;1,371945187E10;189168
WDOFUT;14/09/2021;10:15:00;7240,71;7248,32;7232,41;7237,25;1,003595704E10;138626
WDOFUT;14/09/2021;10:00:00;7226,18;7246,25;7220,65;7240,71;9376393380,00;129646
WDOFUT;14/09/2021;09:45:00;7229,64;7235,87;7217,88;7226,18;7597663923,00;105144
WDOFUT;14/09/2021;09:30:00;7258,01;7260,09;7213,04;7229,64;2,062559672E10;285254
WDOFUT;14/09/2021;09:15:00;7257,32;7262,85;7243,48;7258,70;9467338889,00;130536
WDOFUT;14/09/2021;09:00:00;7264,93;7268,39;7243,48;7257,32;1,036680603E10;142930
WDOFUT;13/09/2021;17:45:00;7239,33;7242,10;7236,56;7242,10;1502330064,00;20751
WDOFUT;13/09/2021;17:30:00;7244,86;7246,25;7237,25;7238,64;1653140841,00;22830
WDOFUT;13/09/2021;17:15:00;7244,86;7246,94;7240,71;7245,56;1593185661,00;21994
WDOFUT;13/09/2021;17:00:00;7248,32;7252,48;7239,33;7244,86;2914659848,00;40227
WDOFUT;13/09/2021;16:45:00;7255,93;7256,63;7245,56;7248,32;2885121745,00;39793
WDOFUT;13/09/2021;16:30:00;7259,39;7260,78;7250,40;7255,93;2974204733,00;40991
WDOFUT;13/09/2021;16:15:00;7263,55;7265,62;7257,32;7259,39;2565679844,00;35335
WDOFUT;13/09/2021;16:00:00;7261,47;7266,31;7259,39;7262,85;2986248748,00;41116
WDOFUT;13/09/2021;15:45:00;7261,47;7265,62;7255,24;7260,78;4741778172,00;65318
WDOFUT;13/09/2021;15:30:00;7264,24;7267,01;7258,01;7261,47;3508621685,00;48309
WDOFUT;13/09/2021;15:15:00;7259,39;7265,62;7255,93;7264,93;3362182554,00;46306
WDOFUT;13/09/2021;15:00:00;7246,94;7260,78;7246,94;7258,70;4117807942,00;56770
WDOFUT;13/09/2021;14:45:00;7251,78;7260,78;7245,56;7246,94;4343057249,00;59878
WDOFUT;13/09/2021;14:30:00;7253,17;7258,01;7247,63;7251,09;4416517228,00;60892
WDOFUT;13/09/2021;14:15:00;7249,71;7254,55;7240,71;7252,48;4270541836,00;58921
WDOFUT;13/09/2021;14:00:00;7237,25;7249,71;7231,03;7249,02;4505394758,00;62217
WDOFUT;13/09/2021;13:45:00;7242,10;7243,48;7231,03;7237,25;3808364597,00;52630
WDOFUT;13/09/2021;13:30:00;7228,95;7244,86;7228,26;7242,79;4036728761,00;55782
WDOFUT;13/09/2021;13:15:00;7235,87;7238,64;7228,26;7228,26;2819909419,00;38987
WDOFUT;13/09/2021;13:00:00;7231,03;7241,41;7226,88;7235,18;4855686386,00;67111
WDOFUT;13/09/2021;12:45:00;7228,26;7234,49;7219,96;7230,33;3612134498,00;49968
WDOFUT;13/09/2021;12:30:00;7229,64;7233,79;7217,88;7228,26;5971887311,00;82659
WDOFUT;13/09/2021;12:15:00;7235,18;7238,64;7221,34;7228,95;5969471923,00;82550
WDOFUT;13/09/2021;12:00:00;7231,03;7239,33;7223,42;7234,49;8705454385,00;120396
WDOFUT;13/09/2021;11:45:00;7252,48;7256,63;7224,80;7230,33;1,123430992E10;155166
WDOFUT;13/09/2021;11:30:00;7255,24;7267,01;7249,02;7252,48;7372904307,00;101576
WDOFUT;13/09/2021;11:15:00;7249,71;7267,70;7242,79;7255,24;8184443602,00;112809
WDOFUT;13/09/2021;11:00:00;7249,71;7260,09;7239,33;7250,40;1,001902676E10;138205
WDOFUT;13/09/2021;10:45:00;7267,70;7269,77;7245,56;7250,40;8097651958,00;111577
WDOFUT;13/09/2021;10:30:00;7242,10;7270,46;7237,95;7267,70;1,237827598E10;170651
WDOFUT;13/09/2021;10:15:00;7266,31;7268,39;7241,41;7242,10;1,044368605E10;144034
WDOFUT;13/09/2021;10:00:00;7253,17;7267,70;7240,71;7267,01;1,261684615E10;173911
WDOFUT;13/09/2021;09:45:00;7240,02;7254,55;7228,26;7253,17;1,025344731E10;141600
WDOFUT;13/09/2021;09:30:00;7233,79;7249,71;7220,65;7240,02;1,262680333E10;174527
WDOFUT;13/09/2021;09:15:00;7253,17;7260,78;7233,10;7233,79;1,300077797E10;179405
WDOFUT;13/09/2021;09:00:00;7269,08;7274,62;7242,79;7253,17;1,28290884E10;176806
WDOFUT;10/09/2021;17:45:00;7297,45;7298,83;7279,46;7289,84;2557953875,00;35089
WDOFUT;10/09/2021;17:30:00;7309,21;7309,21;7294,68;7297,45;2641805547,00;36179
WDOFUT;10/09/2021;17:15:00;7311,98;7312,67;7305,75;7308,52;1822284142,00;24932
WDOFUT;10/09/2021;17:00:00;7310,59;7312,67;7306,44;7311,29;2743521051,00;37535
WDOFUT;10/09/2021;16:45:00;7310,59;7314,75;7307,83;7309,90;2374399590,00;32478
WDOFUT;10/09/2021;16:30:00;7309,90;7316,13;7307,83;7311,29;3091785335,00;42287
WDOFUT;10/09/2021;16:15:00;7298,14;7313,36;7298,14;7309,21;5070543004,00;69392
WDOFUT;10/09/2021;16:00:00;7289,84;7303,68;7287,07;7298,83;4189664267,00;57429
WDOFUT;10/09/2021;15:45:00;7280,15;7293,30;7279,46;7289,84;3457190640,00;47434
WDOFUT;10/09/2021;15:30:00;7286,38;7292,61;7280,15;7280,15;3636322956,00;49902
WDOFUT;10/09/2021;15:15:00;7296,06;7299,52;7285,69;7287,07;4338556169,00;59490
WDOFUT;10/09/2021;15:00:00;7287,76;7305,06;7287,76;7295,37;4781295348,00;65526
WDOFUT;10/09/2021;14:45:00;7290,53;7298,14;7283,61;7287,76;5100943794,00;69965
WDOFUT;10/09/2021;14:30:00;7283,61;7309,90;7280,84;7289,84;1,15498662E10;158323
WDOFUT;10/09/2021;14:15:00;7267,01;7289,84;7264,93;7283,61;8308048615,00;114201
WDOFUT;10/09/2021;14:00:00;7244,86;7273,92;7241,41;7266,31;8402413962,00;115734
WDOFUT;10/09/2021;13:45:00;7240,02;7247,63;7240,02;7244,86;1982924016,00;27370
WDOFUT;10/09/2021;13:30:00;7248,32;7249,02;7238,64;7240,02;2661256116,00;36745
WDOFUT;10/09/2021;13:15:00;7248,32;7251,78;7241,41;7248,32;2167306434,00;29908
WDOFUT;10/09/2021;13:00:00;7244,17;7253,17;7239,33;7247,63;4158691146,00;57395
WDOFUT;10/09/2021;12:45:00;7246,94;7253,86;7243,48;7244,86;3815670169,00;52635
WDOFUT;10/09/2021;12:30:00;7246,94;7253,86;7238,64;7246,25;6098674322,00;84171
WDOFUT;10/09/2021;12:15:00;7255,24;7260,09;7239,33;7247,63;6469584645,00;89237
WDOFUT;10/09/2021;12:00:00;7254,55;7271,16;7251,09;7255,24;1,002193248E10;138035
WDOFUT;10/09/2021;11:45:00;7262,16;7264,24;7250,40;7253,86;7649392872,00;105383
WDOFUT;10/09/2021;11:30:00;7242,10;7272,54;7242,10;7262,85;1,023856774E10;141003
WDOFUT;10/09/2021;11:15:00;7243,48;7256,63;7239,33;7242,79;9792334794,00;135102
WDOFUT;10/09/2021;11:00:00;7228,95;7249,02;7221,34;7243,48;9712502490,00;134223
WDOFUT;10/09/2021;10:45:00;7233,10;7244,17;7226,18;7229,64;8898889119,00;123004
WDOFUT;10/09/2021;10:30:00;7242,79;7255,24;7228,95;7233,79;9903659219,00;136778
WDOFUT;10/09/2021;10:15:00;7226,18;7251,78;7221,34;7242,10;1,139294069E10;157366
WDOFUT;10/09/2021;10:00:00;7243,48;7252,48;7224,11;7226,18;1,005852414E10;138988
WDOFUT;10/09/2021;09:45:00;7225,49;7252,48;7222,72;7243,48;1,468864974E10;202874
WDOFUT;10/09/2021;09:30:00;7197,82;7230,33;7194,36;7224,80;1,571838749E10;217837
WDOFUT;10/09/2021;09:15:00;7199,89;7208,19;7185,36;7198,51;1,098077845E10;152576
WDOFUT;10/09/2021;09:00:00;7166,68;7202,66;7159,76;7199,20;1,354940439E10;188674
WDOFUT;09/09/2021;17:45:00;7220,65;7233,79;7212,35;7232,41;2274012578,00;31481
WDOFUT;09/09/2021;17:30:00;7255,24;7259,39;7218,57;7219,96;5073034017,00;70111
WDOFUT;09/09/2021;17:15:00;7252,48;7263,55;7246,25;7254,55;3072947816,00;42352
WDOFUT;09/09/2021;17:00:00;7256,63;7270,46;7237,95;7252,48;5618481913,00;77451
WDOFUT;09/09/2021;16:45:00;7248,32;7282,23;7238,64;7256,63;1,039974941E10;143277
WDOFUT;09/09/2021;16:30:00;7367,33;7370,10;7210,27;7247,63;2,504080485E10;343573
WDOFUT;09/09/2021;16:15:00;7361,10;7368,71;7357,64;7367,33;2720235803,00;36944
WDOFUT;09/09/2021;16:00:00;7363,18;7365,95;7356,26;7361,10;3558336241,00;48337
WDOFUT;09/09/2021;15:45:00;7370,10;7371,48;7348,65;7363,18;7433039097,00;101029
WDOFUT;09/09/2021;15:30:00;7371,48;7377,71;7365,25;7369,41;5410002720,00;73403
WDOFUT;09/09/2021;15:15:00;7374,94;7379,09;7368,02;7371,48;5978401857,00;81079
WDOFUT;09/09/2021;15:00:00;7364,56;7395,01;7364,56;7374,94;1,019189949E10;138108
WDOFUT;09/09/2021;14:45:00;7350,72;7372,17;7347,96;7364,56;7168896131,00;97390
WDOFUT;09/09/2021;14:30:00;7352,80;7364,56;7346,57;7350,72;6197439400,00;84244
WDOFUT;09/09/2021;14:15:00;7326,51;7372,87;7325,82;7352,80;1,301432967E10;176962
WDOFUT;09/09/2021;14:00:00;7332,04;7338,27;7323,74;7325,82;4809801423,00;65605
WDOFUT;09/09/2021;13:45:00;7321,67;7335,50;7320,97;7331,35;4444660797,00;60639
WDOFUT;09/09/2021;13:30:00;7323,74;7327,20;7314,75;7321,67;5477102274,00;74823
WDOFUT;09/09/2021;13:15:00;7323,74;7330,66;7322,36;7323,05;3256740972,00;44452
WDOFUT;09/09/2021;13:00:00;7325,12;7328,58;7317,51;7323,74;4192854277,00;57254
WDOFUT;09/09/2021;12:45:00;7334,12;7343,11;7320,28;7325,12;6184204643,00;84338
WDOFUT;09/09/2021;12:30:00;7329,28;7341,04;7325,82;7333,43;6156612613,00;83948
WDOFUT;09/09/2021;12:15:00;7320,97;7338,96;7311,98;7328,58;8257287251,00;112708
WDOFUT;09/09/2021;12:00:00;7315,44;7325,12;7307,83;7320,97;8999778082,00;122986
WDOFUT;09/09/2021;11:45:00;7325,82;7336,89;7314,75;7315,44;1,142206962E10;155924
WDOFUT;09/09/2021;11:30:00;7315,44;7327,20;7309,21;7325,82;6730673268,00;91970
WDOFUT;09/09/2021;11:15:00;7334,81;7338,96;7303,68;7315,44;1,13443674E10;155022
WDOFUT;09/09/2021;11:00:00;7337,58;7341,73;7320,28;7334,81;1,176905648E10;160564
WDOFUT;09/09/2021;10:45:00;7326,51;7350,72;7313,36;7337,58;1,357700141E10;185190
WDOFUT;09/09/2021;10:30:00;7348,65;7359,03;7315,44;7326,51;1,609210742E10;219460
WDOFUT;09/09/2021;10:15:00;7343,81;7361,80;7337,58;7347,96;1,346813567E10;183258
WDOFUT;09/09/2021;10:00:00;7370,79;7381,86;7336,20;7343,81;1,61080679E10;218952
WDOFUT;09/09/2021;09:45:00;7387,40;7393,62;7348,65;7370,79;1,653693505E10;224373
WDOFUT;09/09/2021;09:30:00;7371,48;7405,38;7370,10;7387,40;1,75033609E10;236890
WDOFUT;09/09/2021;09:15:00;7348,65;7380,48;7342,42;7370,10;1,77350781E10;240917
WDOFUT;09/09/2021;09:00:00;7364,56;7374,25;7339,65;7348,65;1,716439595E10;233310
WDOFUT;08/09/2021;17:45:00;7383,24;7393,62;7379,09;7382,55;2127987155,00;28815
WDOFUT;08/09/2021;17:30:00;7383,24;7395,70;7375,63;7383,94;3316102739,00;44908
WDOFUT;08/09/2021;17:15:00;7395,70;7396,39;7379,09;7383,24;3368980792,00;45608
WDOFUT;08/09/2021;17:00:00;7390,86;7405,38;7390,16;7395,70;5584966925,00;75487
WDOFUT;08/09/2021;16:45:00;7381,86;7390,86;7377,71;7390,86;3571884933,00;48380
WDOFUT;08/09/2021;16:30:00;7377,02;7393,62;7373,56;7381,86;6461501753,00;87498
WDOFUT;08/09/2021;16:15:00;7381,17;7383,94;7374,94;7377,71;4177028250,00;56601
WDOFUT;08/09/2021;16:00:00;7371,48;7385,32;7368,71;7381,17;8093883501,00;109684
WDOFUT;08/09/2021;15:45:00;7356,26;7375,63;7354,88;7371,48;6381353383,00;86644
WDOFUT;08/09/2021;15:30:00;7356,95;7363,87;7352,11;7355,57;4641932986,00;63089
WDOFUT;08/09/2021;15:15:00;7341,73;7359,03;7341,04;7356,26;5648925849,00;76849
WDOFUT;08/09/2021;15:00:00;7344,50;7350,03;7334,12;7342,42;5883671181,00;80136
WDOFUT;08/09/2021;14:45:00;7328,58;7346,57;7318,21;7344,50;7837311581,00;106920
WDOFUT;08/09/2021;14:30:00;7345,88;7363,87;7325,12;7328,58;9699760364,00;131982
WDOFUT;08/09/2021;14:15:00;7353,49;7360,41;7344,50;7345,88;4912675448,00;66812
WDOFUT;08/09/2021;14:00:00;7350,03;7355,57;7344,50;7353,49;3904837050,00;53127
WDOFUT;08/09/2021;13:45:00;7329,28;7356,95;7328,58;7350,03;7218264835,00;98269
WDOFUT;08/09/2021;13:30:00;7340,35;7341,04;7315,44;7328,58;7690962847,00;104980
WDOFUT;08/09/2021;13:15:00;7330,66;7341,04;7324,43;7339,65;5821066744,00;79390
WDOFUT;08/09/2021;13:00:00;7336,89;7341,73;7323,05;7330,66;7013252072,00;95672
WDOFUT;08/09/2021;12:45:00;7335,50;7350,72;7334,81;7336,20;7202217803,00;98085
WDOFUT;08/09/2021;12:30:00;7358,34;7359,72;7331,35;7336,20;1,047045744E10;142621
WDOFUT;08/09/2021;12:15:00;7359,03;7371,48;7350,03;7359,03;1,210377977E10;164437
WDOFUT;08/09/2021;12:00:00;7331,35;7360,41;7323,74;7358,34;1,635567977E10;222628
WDOFUT;08/09/2021;11:45:00;7316,82;7342,42;7316,82;7331,35;1,44885293E10;197655
WDOFUT;08/09/2021;11:30:00;7302,29;7320,28;7300,91;7317,51;1,158758963E10;158486
WDOFUT;08/09/2021;11:15:00;7281,54;7304,37;7280,15;7302,29;1,194561229E10;163768
WDOFUT;08/09/2021;11:00:00;7269,08;7285,69;7262,85;7281,54;1,225469502E10;168490
WDOFUT;08/09/2021;10:45:00;7242,79;7269,77;7241,41;7269,08;1,067932293E10;147139
WDOFUT;08/09/2021;10:30:00;7245,56;7260,09;7239,33;7242,10;1,029268488E10;141993
WDOFUT;08/09/2021;10:15:00;7258,01;7263,55;7246,25;7246,25;8882492595,00;122422
WDOFUT;08/09/2021;10:00:00;7217,88;7259,39;7217,88;7258,01;1,394337427E10;192510
WDOFUT;08/09/2021;09:45:00;7238,64;7240,02;7215,11;7217,88;1,162416135E10;160886
WDOFUT;08/09/2021;09:30:00;7240,71;7248,32;7231,03;7238,64;1,007355948E10;139133
WDOFUT;08/09/2021;09:15:00;7246,25;7251,09;7238,64;7241,41;7663974852,00;105794
WDOFUT;08/09/2021;09:00:00;7211,65;7252,48;7210,27;7246,25;1,492140934E10;206384
WDOFUT;06/09/2021;17:45:00;7180,52;7183,98;7177,06;7180,52;1403023465,00;19540
WDOFUT;06/09/2021;17:30:00;7181,90;7185,36;7179,83;7180,52;1268653777,00;17662
WDOFUT;06/09/2021;17:15:00;7181,21;7184,67;7180,52;7181,90;988566421,70;13764
WDOFUT;06/09/2021;17:00:00;7188,13;7188,82;7179,13;7181,21;1912781280,00;26630
WDOFUT;06/09/2021;16:45:00;7186,75;7188,82;7186,05;7188,13;825114466,40;11480
WDOFUT;06/09/2021;16:30:00;7187,44;7190,20;7185,36;7187,44;1305100981,00;18157
WDOFUT;06/09/2021;16:15:00;7179,83;7188,13;7179,83;7186,75;2312564218,00;32186
WDOFUT;06/09/2021;16:00:00;7183,29;7183,98;7176,37;7179,83;2368728613,00;32993
WDOFUT;06/09/2021;15:45:00;7180,52;7185,36;7180,52;7183,29;1294262329,00;18018
WDOFUT;06/09/2021;15:30:00;7183,98;7185,36;7180,52;7180,52;1320757907,00;18388
WDOFUT;06/09/2021;15:15:00;7175,67;7184,67;7174,29;7183,98;3138536652,00;43706
WDOFUT;06/09/2021;15:00:00;7173,60;7176,37;7170,83;7175,67;1183834479,00;16502
WDOFUT;06/09/2021;14:45:00;7170,14;7174,29;7169,45;7174,29;868948007,10;12116
WDOFUT;06/09/2021;14:30:00;7169,45;7171,52;7168,06;7169,45;858167100,70;11969
WDOFUT;06/09/2021;14:15:00;7169,45;7170,83;7168,06;7169,45;929625536,10;12967
WDOFUT;06/09/2021;14:00:00;7175,67;7176,37;7168,76;7170,14;1803947418,00;25152
WDOFUT;06/09/2021;13:45:00;7170,83;7176,37;7167,37;7176,37;1985212947,00;27684
WDOFUT;06/09/2021;13:30:00;7173,60;7174,98;7169,45;7170,14;1550367826,00;21616
WDOFUT;06/09/2021;13:15:00;7168,76;7173,60;7167,37;7173,60;1299643753,00;18124
WDOFUT;06/09/2021;13:00:00;7168,76;7172,22;7164,60;7168,06;2292976065,00;31986
WDOFUT;06/09/2021;12:45:00;7170,83;7179,83;7168,06;7169,45;4097021214,00;57111
WDOFUT;06/09/2021;12:30:00;7161,84;7173,60;7158,38;7171,52;3759886456,00;52468
WDOFUT;06/09/2021;12:15:00;7168,06;7171,52;7159,07;7161,14;5122982553,00;71502
WDOFUT;06/09/2021;12:00:00;7174,29;7174,98;7162,53;7168,06;4989908160,00;69611
WDOFUT;06/09/2021;11:45:00;7186,05;7186,05;7171,52;7173,60;6043254139,00;84197
WDOFUT;06/09/2021;11:30:00;7183,29;7188,82;7181,21;7186,05;3795197348,00;52824
WDOFUT;06/09/2021;11:15:00;7188,82;7192,28;7177,75;7183,29;5837370574,00;81241
WDOFUT;06/09/2021;11:00:00;7207,50;7209,58;7186,05;7188,13;8340174244,00;115842
WDOFUT;06/09/2021;10:45:00;7219,26;7227,57;7205,43;7207,50;6205410398,00;85987
WDOFUT;06/09/2021;10:30:00;7212,35;7224,80;7208,89;7219,26;6365260477,00;88194
WDOFUT;06/09/2021;10:15:00;7213,73;7220,65;7204,04;7212,35;7249783926,00;100523
WDOFUT;06/09/2021;10:00:00;7230,33;7233,10;7208,89;7213,73;8435828791,00;116858
WDOFUT;06/09/2021;09:45:00;7227,57;7237,95;7227,57;7229,64;4479493063,00;61937
WDOFUT;06/09/2021;09:30:00;7224,80;7234,49;7222,72;7228,26;4999874495,00;69165
WDOFUT;06/09/2021;09:15:00;7214,42;7235,18;7213,73;7224,11;6797010011,00;94055
WDOFUT;06/09/2021;09:00:00;7206,12;7215,80;7201,27;7214,42;5299877472,00;73521
WDOFUT;03/09/2021;17:45:00;7217,88;7223,42;7208,19;7219,26;2069210637,00;28675
WDOFUT;03/09/2021;17:30:00;7220,65;7222,72;7213,04;7218,57;2309976042,00;32001
WDOFUT;03/09/2021;17:15:00;7211,65;7222,72;7209,58;7221,34;4052281162,00;56142
WDOFUT;03/09/2021;17:00:00;7199,89;7212,35;7195,74;7211,65;2767305102,00;38413
WDOFUT;03/09/2021;16:45:00;7204,73;7205,43;7197,12;7199,20;2508384693,00;34830
WDOFUT;03/09/2021;16:30:00;7199,20;7215,11;7198,51;7204,73;4769606228,00;66176
WDOFUT;03/09/2021;16:15:00;7200,58;7203,35;7195,05;7199,20;1994009005,00;27699
WDOFUT;03/09/2021;16:00:00;7199,20;7207,50;7198,51;7200,58;2517816959,00;34959
WDOFUT;03/09/2021;15:45:00;7203,35;7204,73;7197,82;7199,20;3904036303,00;54219
WDOFUT;03/09/2021;15:30:00;7201,97;7205,43;7196,43;7203,35;3156327246,00;43828
WDOFUT;03/09/2021;15:15:00;7205,43;7209,58;7201,27;7202,66;2695693162,00;37412
WDOFUT;03/09/2021;15:00:00;7201,97;7208,19;7196,43;7205,43;4783714936,00;66418
WDOFUT;03/09/2021;14:45:00;7195,74;7205,43;7193,66;7201,97;4558242872,00;63296
WDOFUT;03/09/2021;14:30:00;7189,51;7195,74;7183,98;7195,74;3263846675,00;45396
WDOFUT;03/09/2021;14:15:00;7194,36;7199,20;7186,75;7190,20;3602467187,00;50088
WDOFUT;03/09/2021;14:00:00;7192,28;7196,43;7186,75;7193,66;2581432017,00;35894
WDOFUT;03/09/2021;13:45:00;7190,20;7199,20;7186,75;7191,59;4889567755,00;67982
WDOFUT;03/09/2021;13:30:00;7181,21;7192,28;7172,91;7190,20;3971792468,00;55297
WDOFUT;03/09/2021;13:15:00;7181,90;7186,05;7179,83;7181,21;2189867251,00;30488
WDOFUT;03/09/2021;13:00:00;7179,83;7183,29;7177,06;7181,90;2137759661,00;29774
WDOFUT;03/09/2021;12:45:00;7183,98;7186,05;7172,91;7179,83;4966237947,00;69186
WDOFUT;03/09/2021;12:30:00;7190,20;7195,05;7180,52;7183,98;4427874084,00;61593
WDOFUT;03/09/2021;12:15:00;7183,29;7198,51;7182,59;7190,90;6303689057,00;87664
WDOFUT;03/09/2021;12:00:00;7184,67;7190,90;7176,37;7183,98;9094107816,00;126578
WDOFUT;03/09/2021;11:45:00;7192,97;7199,20;7171,52;7184,67;1,401076477E10;194982
WDOFUT;03/09/2021;11:30:00;7207,50;7209,58;7185,36;7192,97;7469979188,00;103819
WDOFUT;03/09/2021;11:15:00;7203,35;7209,58;7190,90;7208,19;7839693516,00;108902
WDOFUT;03/09/2021;11:00:00;7195,74;7208,89;7188,82;7203,35;1,276787428E10;177318
WDOFUT;03/09/2021;10:45:00;7200,58;7201,97;7178,44;7195,05;1,075460553E10;149598
WDOFUT;03/09/2021;10:30:00;7180,52;7204,73;7174,98;7201,27;1,428714669E10;198753
WDOFUT;03/09/2021;10:15:00;7161,84;7187,44;7161,14;7180,52;1,309820965E10;182479
WDOFUT;03/09/2021;10:00:00;7161,14;7166,68;7146,62;7161,84;9898285351,00;138296
WDOFUT;03/09/2021;09:45:00;7176,37;7180,52;7149,38;7161,14;1,263274331E10;176323
WDOFUT;03/09/2021;09:30:00;7158,38;7182,59;7126,55;7175,67;2,66100629E10;372018
WDOFUT;03/09/2021;09:15:00;7168,06;7172,91;7147,31;7156,99;6422144634,00;89632
WDOFUT;03/09/2021;09:00:00;7185,36;7186,75;7164,60;7168,76;6660781359,00;92864
WDOFUT;02/09/2021;17:45:00;7195,74;7205,43;7193,66;7198,51;2300495779,00;31954
WDOFUT;02/09/2021;17:30:00;7207,50;7208,19;7189,51;7196,43;3029452101,00;42086
WDOFUT;02/09/2021;17:15:00;7210,96;7211,65;7201,97;7208,19;1830328384,00;25397
WDOFUT;02/09/2021;17:00:00;7197,12;7215,11;7196,43;7211,65;5025561203,00;69724
WDOFUT;02/09/2021;16:45:00;7198,51;7204,73;7193,66;7197,82;3826494748,00;53149
WDOFUT;02/09/2021;16:30:00;7203,35;7204,04;7195,05;7197,82;4200039846,00;58337
WDOFUT;02/09/2021;16:15:00;7201,27;7207,50;7197,82;7204,04;3897545067,00;54116
WDOFUT;02/09/2021;16:00:00;7201,97;7205,43;7195,74;7201,27;4539332295,00;63046
WDOFUT;02/09/2021;15:45:00;7201,27;7211,65;7194,36;7201,27;9414874245,00;130673
WDOFUT;02/09/2021;15:30:00;7187,44;7202,66;7182,59;7201,97;6772462478,00;94170
WDOFUT;02/09/2021;15:15:00;7171,52;7188,13;7170,83;7187,44;4899008123,00;68224
WDOFUT;02/09/2021;15:00:00;7180,52;7181,21;7165,30;7171,52;6369550736,00;88800
WDOFUT;02/09/2021;14:45:00;7183,98;7185,36;7177,75;7180,52;7502029518,00;104469
WDOFUT;02/09/2021;14:30:00;7165,99;7186,05;7163,91;7183,98;8683909461,00;121035
WDOFUT;02/09/2021;14:15:00;7165,30;7167,37;7161,14;7165,99;1984247154,00;27696
WDOFUT;02/09/2021;14:00:00;7166,68;7168,76;7159,76;7164,60;3624097048,00;50587
WDOFUT;02/09/2021;13:45:00;7166,68;7168,76;7156,99;7167,37;3815462178,00;53271
WDOFUT;02/09/2021;13:30:00;7166,68;7173,60;7164,60;7165,99;3808271869,00;53119
WDOFUT;02/09/2021;13:15:00;7173,60;7177,75;7161,84;7167,37;4263295871,00;59468
WDOFUT;02/09/2021;13:00:00;7174,98;7181,21;7166,68;7174,29;7611519874,00;106101
WDOFUT;02/09/2021;12:45:00;7164,60;7177,75;7163,22;7174,98;6855584564,00;95599
WDOFUT;02/09/2021;12:30:00;7161,14;7165,30;7152,15;7163,91;4851240512,00;67759
WDOFUT;02/09/2021;12:15:00;7150,77;7172,22;7149,38;7160,45;1,047226121E10;146245
WDOFUT;02/09/2021;12:00:00;7146,62;7153,53;7143,85;7150,07;8877763880,00;124193
WDOFUT;02/09/2021;11:45:00;7162,53;7175,67;7142,46;7145,92;1,323790685E10;184899
WDOFUT;02/09/2021;11:30:00;7166,68;7169,45;7157,69;7162,53;9244276948,00;129036
WDOFUT;02/09/2021;11:15:00;7186,05;7189,51;7163,91;7165,99;1,193160641E10;166239
WDOFUT;02/09/2021;11:00:00;7207,50;7208,19;7184,67;7186,05;1,307437116E10;181714
WDOFUT;02/09/2021;10:45:00;7214,42;7218,57;7197,82;7208,19;8167014572,00;113286
WDOFUT;02/09/2021;10:30:00;7207,50;7218,57;7201,27;7214,42;9355432737,00;129751
WDOFUT;02/09/2021;10:15:00;7210,96;7223,42;7203,35;7207,50;1,112811838E10;154284
WDOFUT;02/09/2021;10:00:00;7200,58;7219,96;7192,97;7210,96;1,226819591E10;170137
WDOFUT;02/09/2021;09:45:00;7208,19;7209,58;7191,59;7200,58;1,160201356E10;161131
WDOFUT;02/09/2021;09:30:00;7199,89;7211,65;7188,13;7207,50;8710148518,00;120992
WDOFUT;02/09/2021;09:15:00;7201,27;7217,19;7190,20;7199,20;1,019533577E10;141513
WDOFUT;02/09/2021;09:00:00;7187,44;7209,58;7181,21;7201,97;1,235276122E10;171607
WDOFUT;01/09/2021;17:45:00;7207,50;7214,42;7203,35;7206,12;2410862756,00;33440
WDOFUT;01/09/2021;17:30:00;7204,73;7209,58;7204,04;7206,81;1334549290,00;18518
WDOFUT;01/09/2021;17:15:00;7207,50;7208,89;7201,97;7204,73;1751834058,00;24314
WDOFUT;01/09/2021;17:00:00;7199,89;7222,03;7199,20;7207,50;6547682831,00;90801
WDOFUT;01/09/2021;16:45:00;7204,73;7206,12;7196,43;7199,20;3385751833,00;47022
WDOFUT;01/09/2021;16:30:00;7187,44;7210,27;7183,98;7204,73;6172823183,00;85778
WDOFUT;01/09/2021;16:15:00;7179,83;7187,44;7178,44;7186,75;2388767157,00;33254
WDOFUT;01/09/2021;16:00:00;7178,44;7184,67;7176,37;7179,83;3001378234,00;41794
WDOFUT;01/09/2021;15:45:00;7184,67;7188,82;7177,06;7177,75;3741484901,00;52090
WDOFUT;01/09/2021;15:30:00;7183,29;7190,90;7183,29;7184,67;3793274239,00;52776
WDOFUT;01/09/2021;15:15:00;7177,06;7186,75;7177,06;7183,29;3617302748,00;50358
WDOFUT;01/09/2021;15:00:00;7172,91;7181,21;7171,52;7177,06;3589542324,00;50020
WDOFUT;01/09/2021;14:45:00;7164,60;7172,91;7162,53;7172,91;3762675365,00;52497
WDOFUT;01/09/2021;14:30:00;7179,13;7180,52;7161,84;7164,60;6010760503,00;83833
WDOFUT;01/09/2021;14:15:00;7184,67;7188,13;7177,06;7179,83;3369859890,00;46922
WDOFUT;01/09/2021;14:00:00;7196,43;7200,58;7181,90;7183,98;4847495891,00;67430
WDOFUT;01/09/2021;13:45:00;7181,21;7197,12;7180,52;7196,43;5422498703,00;75418
WDOFUT;01/09/2021;13:30:00;7179,13;7183,29;7174,98;7181,21;3436507544,00;47871
WDOFUT;01/09/2021;13:15:00;7183,98;7188,13;7176,37;7178,44;4443744994,00;61868
WDOFUT;01/09/2021;13:00:00;7199,89;7201,27;7178,44;7183,29;7507247592,00;104445
WDOFUT;01/09/2021;12:45:00;7196,43;7208,19;7193,66;7199,89;8686921196,00;120628
WDOFUT;01/09/2021;12:30:00;7186,75;7198,51;7181,90;7196,43;9164223423,00;127466
WDOFUT;01/09/2021;12:15:00;7156,99;7192,28;7156,99;7186,05;8874073566,00;123668
WDOFUT;01/09/2021;12:00:00;7163,91;7166,68;7153,53;7156,99;7628397703,00;106549
WDOFUT;01/09/2021;11:45:00;7163,91;7172,22;7159,07;7163,91;8366777379,00;116762
WDOFUT;01/09/2021;11:30:00;7161,14;7163,91;7150,07;7163,22;8302085886,00;116003
WDOFUT;01/09/2021;11:15:00;7157,69;7163,91;7151,46;7160,45;7877004125,00;110051
WDOFUT;01/09/2021;11:00:00;7165,30;7173,60;7155,61;7157,69;8200613301,00;114497
WDOFUT;01/09/2021;10:45:00;7163,22;7173,60;7150,07;7165,30;9890645848,00;138137
WDOFUT;01/09/2021;10:30:00;7177,75;7179,83;7155,61;7163,22;1,103522965E10;154022
WDOFUT;01/09/2021;10:15:00;7165,30;7185,36;7161,14;7177,06;1,210329748E10;168689
WDOFUT;01/09/2021;10:00:00;7156,99;7170,14;7143,85;7165,30;1,303579287E10;182140
WDOFUT;01/09/2021;09:45:00;7162,53;7167,37;7152,15;7156,99;7559914014,00;105598
WDOFUT;01/09/2021;09:30:00;7166,68;7166,68;7147,31;7162,53;1,020751048E10;142628
WDOFUT;01/09/2021;09:15:00;7157,69;7173,60;7145,92;7166,68;1,098983567E10;153484
WDOFUT;01/09/2021;09:00:00;7163,91;7175,67;7156,99;7157,69;9834926329,00;137248
WDOFUT;31/08/2021;17:45:00;7168,76;7169,45;7154,23;7156,99;1960591111,00;27384
WDOFUT;31/08/2021;17:30:00;7168,76;7170,14;7161,84;7168,76;2294801610,00;32025
WDOFUT;31/08/2021;17:15:00;7181,21;7183,29;7166,68;7169,45;3060089388,00;42658
WDOFUT;31/08/2021;17:00:00;7188,13;7188,13;7179,13;7181,21;1734527176,00;24147
WDOFUT;31/08/2021;16:45:00;7186,75;7190,90;7178,44;7187,44;3158667079,00;43967
WDOFUT;31/08/2021;16:30:00;7194,36;7194,36;7181,90;7187,44;3818034897,00;53117
WDOFUT;31/08/2021;16:15:00;7193,66;7204,04;7188,82;7194,36;5132516251,00;71307
WDOFUT;31/08/2021;16:00:00;7181,90;7199,20;7181,21;7194,36;4579405197,00;63679
WDOFUT;31/08/2021;15:45:00;7190,20;7190,90;7179,83;7181,21;3651202999,00;50812
WDOFUT;31/08/2021;15:30:00;7178,44;7190,90;7173,60;7189,51;3960236490,00;55133
WDOFUT;31/08/2021;15:15:00;7186,05;7187,44;7171,52;7178,44;4917609276,00;68518
WDOFUT;31/08/2021;15:00:00;7177,06;7190,90;7175,67;7186,75;4391794984,00;61136
WDOFUT;31/08/2021;14:45:00;7174,29;7190,20;7173,60;7177,75;5057085670,00;70404
WDOFUT;31/08/2021;14:30:00;7183,29;7188,13;7172,91;7174,98;4547597086,00;63329
WDOFUT;31/08/2021;14:15:00;7177,75;7193,66;7174,29;7183,29;6884527933,00;95832
WDOFUT;31/08/2021;14:00:00;7167,37;7179,83;7159,76;7177,06;6259005015,00;87307
WDOFUT;31/08/2021;13:45:00;7165,99;7170,83;7157,69;7166,68;4439452459,00;61956
WDOFUT;31/08/2021;13:30:00;7148,69;7168,06;7144,54;7165,99;5057454832,00;70696
WDOFUT;31/08/2021;13:15:00;7160,45;7163,91;7147,31;7149,38;5348008211,00;74737
WDOFUT;31/08/2021;13:00:00;7144,54;7172,22;7138,31;7161,14;9684764705,00;135365
WDOFUT;31/08/2021;12:45:00;7141,08;7150,77;7132,78;7144,54;5357041695,00;74998
WDOFUT;31/08/2021;12:30:00;7125,17;7142,46;7123,09;7141,77;8381831122,00;117498
WDOFUT;31/08/2021;12:15:00;7126,55;7127,93;7114,10;7125,17;5597271612,00;78603
WDOFUT;31/08/2021;12:00:00;7114,10;7127,93;7112,02;7127,24;8674383651,00;121849
WDOFUT;31/08/2021;11:45:00;7121,01;7130,01;7109,94;7114,10;1,07315916E10;150739
WDOFUT;31/08/2021;11:30:00;7145,23;7146,62;7117,56;7120,32;1,010453177E10;141696
WDOFUT;31/08/2021;11:15:00;7149,38;7156,30;7133,47;7144,54;7734315768,00;108280
WDOFUT;31/08/2021;11:00:00;7156,99;7162,53;7138,31;7149,38;1,140037407E10;159461
WDOFUT;31/08/2021;10:45:00;7154,92;7170,83;7152,84;7157,69;9955909430,00;139062
WDOFUT;31/08/2021;10:30:00;7173,60;7177,06;7147,31;7154,92;1,071660433E10;149668
WDOFUT;31/08/2021;10:15:00;7185,36;7193,66;7166,68;7173,60;9742505680,00;135747
WDOFUT;31/08/2021;10:00:00;7185,36;7192,97;7175,67;7184,67;1,035581752E10;144136
WDOFUT;31/08/2021;09:45:00;7186,75;7188,82;7173,60;7186,05;8688903470,00;121002
WDOFUT;31/08/2021;09:30:00;7192,28;7196,43;7175,67;7186,05;8751188860,00;121795
WDOFUT;31/08/2021;09:15:00;7207,50;7207,50;7180,52;7192,97;1,181508223E10;164260
WDOFUT;31/08/2021;09:00:00;7205,43;7223,42;7199,89;7207,50;9713989773,00;134712
WDOFUT;30/08/2021;17:45:00;7210,28;7213,76;7206,11;7207,50;2214185299,00;30708
WDOFUT;30/08/2021;17:30:00;7210,98;7213,06;7209,59;7210,28;1954826542,00;27109
WDOFUT;30/08/2021;17:15:00;7217,23;7217,23;7210,28;7210,28;1605099374,00;22252
WDOFUT;30/08/2021;17:00:00;7213,76;7222,10;7213,06;7217,23;2819731374,00;39066
WDOFUT;30/08/2021;16:45:00;7214,45;7217,23;7210,98;7214,45;2664419123,00;36933
WDOFUT;30/08/2021;16:30:00;7211,67;7215,15;7208,89;7215,15;1767812118,00;24512
WDOFUT;30/08/2021;16:15:00;7215,84;7220,01;7208,20;7210,98;3286796772,00;45562
WDOFUT;30/08/2021;16:00:00;7211,67;7216,54;7208,89;7215,84;2268140381,00;31444
WDOFUT;30/08/2021;15:45:00;7215,15;7215,84;7206,11;7211,67;4896093109,00;67902
WDOFUT;30/08/2021;15:30:00;7216,54;7220,71;7213,06;7215,15;2986404872,00;41384
WDOFUT;30/08/2021;15:15:00;7221,40;7226,96;7215,84;7216,54;4316098928,00;59772
WDOFUT;30/08/2021;15:00:00;7224,18;7225,57;7220,01;7220,71;1971676097,00;27299
WDOFUT;30/08/2021;14:45:00;7214,45;7229,74;7213,06;7224,88;5143690174,00;71223
WDOFUT;30/08/2021;14:30:00;7210,28;7215,84;7205,42;7214,45;5179748098,00;71833
WDOFUT;30/08/2021;14:15:00;7211,67;7224,18;7201,94;7210,28;6053504659,00;83896
WDOFUT;30/08/2021;14:00:00;7215,15;7220,71;7210,28;7210,98;4570301756,00;63355
WDOFUT;30/08/2021;13:45:00;7213,76;7217,23;7208,20;7215,15;3031605925,00;42030
WDOFUT;30/08/2021;13:30:00;7214,45;7222,10;7211,67;7213,06;2967566943,00;41118
WDOFUT;30/08/2021;13:15:00;7222,10;7227,66;7211,67;7214,45;3759940381,00;52076
WDOFUT;30/08/2021;13:00:00;7219,32;7225,57;7214,45;7222,79;4728602431,00;65501
WDOFUT;30/08/2021;12:45:00;7214,45;7229,74;7214,45;7218,62;5277343361,00;73051
WDOFUT;30/08/2021;12:30:00;7220,01;7220,71;7209,59;7214,45;4467673217,00;61918
WDOFUT;30/08/2021;12:15:00;7216,54;7221,40;7212,37;7219,32;4309267245,00;59713
WDOFUT;30/08/2021;12:00:00;7209,59;7220,01;7205,42;7217,23;8300059718,00;115088
WDOFUT;30/08/2021;11:45:00;7230,44;7233,22;7205,42;7209,59;1,031169861E10;142871
WDOFUT;30/08/2021;11:30:00;7226,27;7236,00;7222,79;7230,44;7019308507,00;97081
WDOFUT;30/08/2021;11:15:00;7227,66;7232,52;7223,49;7225,57;6333563612,00;87627
WDOFUT;30/08/2021;11:00:00;7246,42;7247,12;7220,01;7226,96;1,480089272E10;204727
WDOFUT;30/08/2021;10:45:00;7256,85;7258,93;7242,25;7247,12;7845440411,00;108215
WDOFUT;30/08/2021;10:30:00;7240,86;7259,63;7239,47;7256,85;1,021752129E10;140895
WDOFUT;30/08/2021;10:15:00;7236,69;7242,25;7231,13;7240,17;5592765036,00;77281
WDOFUT;30/08/2021;10:00:00;7245,73;7248,51;7230,44;7236,69;9739268661,00;134547
WDOFUT;30/08/2021;09:45:00;7248,51;7249,20;7233,22;7245,73;1,000419258E10;138141
WDOFUT;30/08/2021;09:30:00;7254,76;7260,32;7247,12;7247,81;7735202147,00;106630
WDOFUT;30/08/2021;09:15:00;7252,68;7266,58;7247,12;7254,76;1,106802673E10;152529
WDOFUT;30/08/2021;09:00:00;7228,35;7254,76;7227,66;7253,37;9036314531,00;124743
WDOFUT;27/08/2021;17:45:00;7237,39;7246,42;7231,13;7236,69;2996445006,00;41394
WDOFUT;27/08/2021;17:30:00;7227,66;7248,51;7226,27;7236,69;5029665046,00;69485
WDOFUT;27/08/2021;17:15:00;7225,57;7229,74;7223,49;7227,66;1651900090,00;22858
WDOFUT;27/08/2021;17:00:00;7225,57;7231,13;7221,40;7226,27;2386313389,00;33024
WDOFUT;27/08/2021;16:45:00;7221,40;7226,96;7217,93;7226,27;2521806650,00;34912
WDOFUT;27/08/2021;16:30:00;7226,27;7226,96;7220,71;7221,40;2231828923,00;30894
WDOFUT;27/08/2021;16:15:00;7222,10;7228,35;7218,62;7225,57;2538077596,00;35138
WDOFUT;27/08/2021;16:00:00;7220,01;7223,49;7217,23;7222,10;3315539769,00;45919
WDOFUT;27/08/2021;15:45:00;7222,79;7224,18;7213,06;7219,32;5708820977,00;79090
WDOFUT;27/08/2021;15:30:00;7229,05;7232,52;7220,71;7222,79;4899129344,00;67799
WDOFUT;27/08/2021;15:15:00;7239,47;7240,86;7228,35;7229,05;4797395578,00;66319
WDOFUT;27/08/2021;15:00:00;7247,12;7248,51;7238,78;7240,17;3764575514,00;51977
WDOFUT;27/08/2021;14:45:00;7243,64;7248,51;7240,86;7246,42;3690740257,00;50939
WDOFUT;27/08/2021;14:30:00;7238,08;7245,03;7237,39;7243,64;3001526900,00;41456
WDOFUT;27/08/2021;14:15:00;7242,25;7247,12;7238,08;7238,78;4347274384,00;60022
WDOFUT;27/08/2021;14:00:00;7232,52;7245,03;7228,35;7241,56;5188910668,00;71713
WDOFUT;27/08/2021;13:45:00;7231,83;7233,91;7223,49;7232,52;3330851248,00;46074
WDOFUT;27/08/2021;13:30:00;7238,08;7238,78;7226,96;7231,83;3814540392,00;52746
WDOFUT;27/08/2021;13:15:00;7233,22;7241,56;7230,44;7238,78;4386682997,00;60621
WDOFUT;27/08/2021;13:00:00;7224,18;7239,47;7223,49;7233,91;6752048146,00;93352
WDOFUT;27/08/2021;12:45:00;7231,13;7231,83;7218,62;7224,88;6040884121,00;83626
WDOFUT;27/08/2021;12:30:00;7241,56;7243,64;7228,35;7230,44;4744513329,00;65560
WDOFUT;27/08/2021;12:15:00;7243,64;7245,03;7233,91;7241,56;5094410606,00;70376
WDOFUT;27/08/2021;12:00:00;7244,34;7251,98;7237,39;7243,64;8673716391,00;119733
WDOFUT;27/08/2021;11:45:00;7260,32;7261,71;7240,17;7245,03;9006199335,00;124224
WDOFUT;27/08/2021;11:30:00;7263,80;7267,27;7253,37;7261,02;8172912731,00;112566
WDOFUT;27/08/2021;11:15:00;7254,76;7275,62;7242,95;7263,80;1,287104544E10;177308
WDOFUT;27/08/2021;11:00:00;7281,18;7291,60;7246,42;7254,07;2,213342141E10;304782
WDOFUT;27/08/2021;10:45:00;7286,04;7286,04;7264,49;7281,18;1,277520088E10;175615
WDOFUT;27/08/2021;10:30:00;7289,52;7301,33;7285,35;7285,35;9473295948,00;129904
WDOFUT;27/08/2021;10:15:00;7295,77;7298,55;7281,87;7288,82;8596001642,00;117939
WDOFUT;27/08/2021;10:00:00;7281,87;7304,81;7278,40;7295,77;1,07913895E10;147983
WDOFUT;27/08/2021;09:45:00;7295,77;7298,55;7278,40;7282,57;8931367240,00;122569
WDOFUT;27/08/2021;09:30:00;7308,98;7316,62;7294,38;7296,47;1,13430568E10;155259
WDOFUT;27/08/2021;09:15:00;7294,38;7313,15;7291,60;7308,98;8262484925,00;113161
WDOFUT;27/08/2021;09:00:00;7309,67;7314,54;7282,57;7294,38;9932085382,00;136192
WDOFUT;26/08/2021;17:45:00;7322,88;7325,66;7306,20;7321,49;2241877015,00;30629
WDOFUT;26/08/2021;17:30:00;7315,93;7322,88;7312,45;7322,88;1970304156,00;26925
WDOFUT;26/08/2021;17:15:00;7322,18;7322,88;7311,76;7315,93;2319696505,00;31701
WDOFUT;26/08/2021;17:00:00;7310,37;7324,27;7308,28;7322,18;3634658712,00;49667
WDOFUT;26/08/2021;16:45:00;7310,37;7315,93;7303,42;7310,37;4711559997,00;64454
WDOFUT;26/08/2021;16:30:00;7302,72;7310,37;7297,86;7309,67;4061405483,00;55613
WDOFUT;26/08/2021;16:15:00;7320,79;7321,49;7300,64;7302,72;5137824227,00;70292
WDOFUT;26/08/2021;16:00:00;7314,54;7326,35;7313,84;7320,79;6711712448,00;91660
WDOFUT;26/08/2021;15:45:00;7305,50;7318,71;7304,11;7314,54;6041530878,00;82630
WDOFUT;26/08/2021;15:30:00;7302,72;7308,98;7302,03;7305,50;2254135885,00;30855
WDOFUT;26/08/2021;15:15:00;7306,89;7307,59;7299,25;7302,72;3960212064,00;54226
WDOFUT;26/08/2021;15:00:00;7306,20;7309,67;7303,42;7306,89;2626811343,00;35951
WDOFUT;26/08/2021;14:45:00;7306,20;7311,76;7304,11;7306,20;2405731164,00;32919
WDOFUT;26/08/2021;14:30:00;7304,81;7313,15;7301,33;7306,20;4485148095,00;61378
WDOFUT;26/08/2021;14:15:00;7299,25;7308,28;7293,69;7304,81;5089649158,00;69718
WDOFUT;26/08/2021;14:00:00;7299,94;7304,11;7296,47;7298,55;3103479754,00;42511
WDOFUT;26/08/2021;13:45:00;7294,38;7301,33;7292,30;7300,64;2324004756,00;31847
WDOFUT;26/08/2021;13:30:00;7292,99;7301,33;7292,30;7293,69;4029947635,00;55231
WDOFUT;26/08/2021;13:15:00;7288,82;7295,77;7288,13;7292,99;2522406263,00;34587
WDOFUT;26/08/2021;13:00:00;7291,60;7296,47;7283,26;7288,82;5513583356,00;75633
WDOFUT;26/08/2021;12:45:00;7294,38;7299,94;7284,65;7291,60;4842915359,00;66411
WDOFUT;26/08/2021;12:30:00;7299,25;7305,50;7286,74;7295,08;5935699880,00;81353
WDOFUT;26/08/2021;12:15:00;7301,33;7302,72;7291,60;7299,25;4007562412,00;54930
WDOFUT;26/08/2021;12:00:00;7302,03;7313,84;7295,77;7301,33;1,159022946E10;158657
WDOFUT;26/08/2021;11:45:00;7297,16;7307,59;7291,60;7302,03;8479955216,00;116180
WDOFUT;26/08/2021;11:30:00;7302,03;7302,72;7284,65;7297,16;9175569329,00;125825
WDOFUT;26/08/2021;11:15:00;7287,43;7311,06;7275,62;7302,03;1,420220047E10;194715
WDOFUT;26/08/2021;11:00:00;7288,82;7299,94;7285,35;7286,74;7916884535,00;108569
WDOFUT;26/08/2021;10:45:00;7287,43;7301,33;7283,96;7288,82;1,090935254E10;149606
WDOFUT;26/08/2021;10:30:00;7283,96;7293,69;7279,09;7287,43;7615035921,00;104488
WDOFUT;26/08/2021;10:15:00;7281,87;7293,69;7281,18;7283,26;7525972387,00;103278
WDOFUT;26/08/2021;10:00:00;7276,31;7292,99;7275,62;7281,18;9444125324,00;129623
WDOFUT;26/08/2021;09:45:00;7284,65;7290,91;7274,92;7275,62;8605542262,00;118174
WDOFUT;26/08/2021;09:30:00;7266,58;7288,82;7255,46;7284,65;1,330589951E10;182902
WDOFUT;26/08/2021;09:15:00;7270,75;7275,62;7264,49;7266,58;4560752171,00;62729
WDOFUT;26/08/2021;09:00:00;7267,27;7274,23;7258,24;7272,14;8624111873,00;118674
WDOFUT;25/08/2021;17:45:00;7254,76;7263,10;7251,29;7253,37;2301642393,00;31715
WDOFUT;25/08/2021;17:30:00;7249,90;7256,15;7249,20;7254,76;2146555326,00;29594
WDOFUT;25/08/2021;17:15:00;7252,68;7257,54;7246,42;7250,59;2275661983,00;31380
WDOFUT;25/08/2021;17:00:00;7249,20;7254,07;7247,81;7252,68;1833888411,00;25290
WDOFUT;25/08/2021;16:45:00;7247,12;7252,68;7242,95;7249,20;3077730950,00;42465
WDOFUT;25/08/2021;16:30:00;7249,20;7251,29;7245,73;7247,81;1767974158,00;24390
WDOFUT;25/08/2021;16:15:00;7247,12;7254,76;7246,42;7248,51;3046895379,00;42025
WDOFUT;25/08/2021;16:00:00;7245,03;7256,15;7245,03;7247,81;3763245240,00;51902
WDOFUT;25/08/2021;15:45:00;7252,68;7256,15;7242,95;7245,03;6084896201,00;83936
WDOFUT;25/08/2021;15:30:00;7263,10;7265,88;7248,51;7252,68;8682837550,00;119650
WDOFUT;25/08/2021;15:15:00;7281,18;7287,43;7260,32;7263,80;8594949500,00;118158
WDOFUT;25/08/2021;15:00:00;7288,13;7292,30;7280,48;7281,18;5620070967,00;77138
WDOFUT;25/08/2021;14:45:00;7297,16;7300,64;7287,43;7287,43;3392477149,00;46507
WDOFUT;25/08/2021;14:30:00;7297,16;7304,81;7290,21;7297,86;4993958302,00;68441
WDOFUT;25/08/2021;14:15:00;7305,50;7310,37;7292,30;7297,16;5462180265,00;74798
WDOFUT;25/08/2021;14:00:00;7300,64;7307,59;7296,47;7304,81;4099633413,00;56135
WDOFUT;25/08/2021;13:45:00;7290,91;7304,11;7290,21;7300,64;3707452891,00;50799
WDOFUT;25/08/2021;13:30:00;7289,52;7298,55;7286,74;7290,21;3516459925,00;48223
WDOFUT;25/08/2021;13:15:00;7294,38;7297,16;7288,13;7290,21;3571465440,00;48979
WDOFUT;25/08/2021;13:00:00;7297,86;7300,64;7288,82;7295,08;5461224788,00;74868
WDOFUT;25/08/2021;12:45:00;7298,55;7302,72;7293,69;7298,55;4277275507,00;58603
WDOFUT;25/08/2021;12:30:00;7288,82;7304,11;7286,04;7298,55;7424902135,00;101774
WDOFUT;25/08/2021;12:15:00;7287,43;7290,21;7273,53;7288,82;8074245740,00;110874
WDOFUT;25/08/2021;12:00:00;7299,25;7304,81;7283,96;7287,43;9356199492,00;128251
WDOFUT;25/08/2021;11:45:00;7302,72;7312,45;7291,60;7298,55;9846750421,00;134853
WDOFUT;25/08/2021;11:30:00;7318,71;7322,18;7300,64;7302,72;8649639581,00;118286
WDOFUT;25/08/2021;11:15:00;7314,54;7323,57;7308,28;7318,71;7530837792,00;102942
WDOFUT;25/08/2021;11:00:00;7320,10;7328,44;7306,20;7315,23;1,206807575E10;164916
WDOFUT;25/08/2021;10:45:00;7317,32;7329,83;7313,84;7319,40;9831564811,00;134290
WDOFUT;25/08/2021;10:30:00;7315,23;7332,61;7309,67;7317,32;1,639236318E10;223888
WDOFUT;25/08/2021;10:15:00;7279,09;7318,71;7277,01;7314,54;1,385030283E10;189852
WDOFUT;25/08/2021;10:00:00;7292,99;7294,38;7270,75;7279,09;1,334303357E10;183247
WDOFUT;25/08/2021;09:45:00;7285,35;7301,33;7283,26;7292,99;1,02615672E10;140715
WDOFUT;25/08/2021;09:30:00;7317,32;7318,01;7276,31;7285,35;1,973582988E10;270647
WDOFUT;25/08/2021;09:15:00;7314,54;7322,88;7309,67;7317,32;8007646919,00;109444
WDOFUT;25/08/2021;09:00:00;7327,74;7331,22;7308,98;7314,54;1,248671026E10;170585
WDOFUT;24/08/2021;17:45:00;7308,98;7314,54;7299,25;7306,89;2741570316,00;37518
WDOFUT;24/08/2021;17:30:00;7313,15;7323,57;7307,59;7308,28;3886619791,00;53126
WDOFUT;24/08/2021;17:15:00;7318,01;7320,10;7310,37;7313,15;2960769219,00;40478
WDOFUT;24/08/2021;17:00:00;7320,79;7324,27;7315,93;7318,01;2576978493,00;35202
WDOFUT;24/08/2021;16:45:00;7318,01;7323,57;7313,15;7321,49;3317854746,00;45335
WDOFUT;24/08/2021;16:30:00;7317,32;7324,27;7317,32;7317,32;3423458406,00;46766
WDOFUT;24/08/2021;16:15:00;7311,06;7318,71;7308,98;7317,32;2845857081,00;38903
WDOFUT;24/08/2021;16:00:00;7306,20;7316,62;7304,81;7311,06;4860297874,00;66469
WDOFUT;24/08/2021;15:45:00;7308,98;7311,76;7303,42;7305,50;3566716551,00;48810
WDOFUT;24/08/2021;15:30:00;7310,37;7312,45;7302,03;7308,98;5623060843,00;76960
WDOFUT;24/08/2021;15:15:00;7313,84;7315,93;7308,28;7311,06;3729001626,00;50997
WDOFUT;24/08/2021;15:00:00;7322,88;7325,66;7310,37;7314,54;4847755020,00;66235
WDOFUT;24/08/2021;14:45:00;7321,49;7324,96;7315,93;7322,18;4714145669,00;64394
WDOFUT;24/08/2021;14:30:00;7314,54;7322,18;7313,15;7320,79;4035160431,00;55145
WDOFUT;24/08/2021;14:15:00;7315,93;7315,93;7306,20;7313,84;4402824701,00;60222
WDOFUT;24/08/2021;14:00:00;7316,62;7319,40;7305,50;7315,93;5253808420,00;71854
WDOFUT;24/08/2021;13:45:00;7315,23;7318,71;7305,50;7316,62;7328857639,00;100234
WDOFUT;24/08/2021;13:30:00;7336,78;7336,78;7308,98;7315,93;9869591988,00;134810
WDOFUT;24/08/2021;13:15:00;7336,08;7340,95;7332,61;7336,78;4212671948,00;57418
WDOFUT;24/08/2021;13:00:00;7343,73;7346,51;7331,91;7336,78;5667086753,00;77215
WDOFUT;24/08/2021;12:45:00;7337,47;7345,12;7335,39;7344,42;4358878316,00;59382
WDOFUT;24/08/2021;12:30:00;7334,69;7340,25;7331,91;7338,17;4941466920,00;67360
WDOFUT;24/08/2021;12:15:00;7327,74;7336,78;7322,18;7334,69;7136982383,00;97369
WDOFUT;24/08/2021;12:00:00;7344,42;7344,42;7320,10;7327,74;1,034382096E10;141060
WDOFUT;24/08/2021;11:45:00;7345,81;7351,37;7335,39;7344,42;9222523265,00;125578
WDOFUT;24/08/2021;11:30:00;7365,97;7365,97;7334,69;7345,81;1,771873679E10;241103
WDOFUT;24/08/2021;11:15:00;7386,13;7388,91;7363,19;7365,27;1,279298344E10;173460
WDOFUT;24/08/2021;11:00:00;7405,59;7406,98;7382,65;7386,82;1,255571827E10;169845
WDOFUT;24/08/2021;10:45:00;7413,93;7417,40;7397,25;7405,59;1,094312063E10;147770
WDOFUT;24/08/2021;10:30:00;7425,05;7434,08;7404,20;7413,93;1,487997834E10;200609
WDOFUT;24/08/2021;10:15:00;7434,08;7436,17;7418,10;7425,05;9025538453,00;121536
WDOFUT;24/08/2021;10:00:00;7429,22;7441,73;7418,10;7434,08;1,327955069E10;178748
WDOFUT;24/08/2021;09:45:00;7414,62;7429,91;7413,23;7429,22;8350795674,00;112516
WDOFUT;24/08/2021;09:30:00;7425,05;7427,83;7410,45;7414,62;1,164487558E10;156995
WDOFUT;24/08/2021;09:15:00;7428,52;7434,08;7418,79;7424,35;1,293670485E10;174184
WDOFUT;24/08/2021;09:00:00;7462,58;7466,05;7425,74;7428,52;1,526128951E10;204934
WDOFUT;23/08/2021;17:45:00;7489,69;7491,08;7482,04;7488,30;1871671249,00;25001
WDOFUT;23/08/2021;17:30:00;7493,16;7495,94;7486,21;7489,69;1984810022,00;26496
WDOFUT;23/08/2021;17:15:00;7497,33;7500,81;7493,16;7493,86;1856990255,00;24768
WDOFUT;23/08/2021;17:00:00;7490,38;7503,59;7482,74;7497,33;4712582469,00;62894
WDOFUT;23/08/2021;16:45:00;7482,04;7494,55;7477,18;7489,69;3639543431,00;48617
WDOFUT;23/08/2021;16:30:00;7477,18;7486,21;7475,79;7482,74;3548462937,00;47433
WDOFUT;23/08/2021;16:15:00;7478,57;7486,91;7472,31;7477,18;4483070582,00;59942
WDOFUT;23/08/2021;16:00:00;7482,04;7485,52;7475,09;7478,57;3739730907,00;49998
WDOFUT;23/08/2021;15:45:00;7486,21;7495,94;7480,65;7482,74;4789590054,00;63971
WDOFUT;23/08/2021;15:30:00;7491,08;7497,33;7485,52;7486,21;4167655434,00;55635
WDOFUT;23/08/2021;15:15:00;7500,81;7502,89;7487,60;7491,77;3832039742,00;51135
WDOFUT;23/08/2021;15:00:00;7492,47;7509,84;7488,99;7500,81;6221154124,00;82949
WDOFUT;23/08/2021;14:45:00;7488,30;7495,94;7482,04;7492,47;5210205597,00;69579
WDOFUT;23/08/2021;14:30:00;7499,42;7505,67;7486,91;7488,30;6305677057,00;84102
WDOFUT;23/08/2021;14:15:00;7480,65;7500,81;7480,65;7499,42;6350896195,00;84750
WDOFUT;23/08/2021;14:00:00;7489,69;7491,08;7476,48;7480,65;4735247755,00;63288
WDOFUT;23/08/2021;13:45:00;7482,74;7493,16;7480,65;7489,69;4430788794,00;59183
WDOFUT;23/08/2021;13:30:00;7487,60;7488,30;7473,01;7482,74;5179299203,00;69250
WDOFUT;23/08/2021;13:15:00;7486,91;7496,64;7479,26;7487,60;4771836712,00;63724
WDOFUT;23/08/2021;13:00:00;7494,55;7497,33;7482,04;7486,91;6196124812,00;82719
WDOFUT;23/08/2021;12:45:00;7502,89;7506,37;7493,86;7493,86;5304618522,00;70738
WDOFUT;23/08/2021;12:30:00;7514,01;7518,18;7498,03;7502,89;5978163626,00;79633
WDOFUT;23/08/2021;12:15:00;7503,59;7516,79;7497,33;7514,01;8405749500,00;111956
WDOFUT;23/08/2021;12:00:00;7479,26;7513,32;7477,87;7504,28;1,130002534E10;150739
WDOFUT;23/08/2021;11:45:00;7478,57;7491,77;7473,01;7479,26;9295857777,00;124246
WDOFUT;23/08/2021;11:30:00;7486,91;7495,25;7474,40;7478,57;7675157247,00;102574
WDOFUT;23/08/2021;11:15:00;7485,52;7498,72;7479,26;7486,91;8591809559,00;114711
WDOFUT;23/08/2021;11:00:00;7475,09;7488,30;7470,92;7485,52;8071940222,00;107914
WDOFUT;23/08/2021;10:45:00;7486,91;7495,94;7467,44;7475,09;1,000264947E10;133744
WDOFUT;23/08/2021;10:30:00;7466,75;7499,42;7461,88;7486,91;1,585078953E10;211871
WDOFUT;23/08/2021;10:15:00;7463,27;7482,04;7459,80;7466,75;1,229921778E10;164653
WDOFUT;23/08/2021;10:00:00;7450,76;7473,70;7441,03;7463,27;1,373291014E10;184188
WDOFUT;23/08/2021;09:45:00;7448,68;7463,97;7446,59;7451,46;1,092991329E10;146619
WDOFUT;23/08/2021;09:30:00;7450,76;7451,46;7438,95;7449,37;8926653715,00;119897
WDOFUT;23/08/2021;09:15:00;7463,97;7470,22;7445,20;7450,07;9891139299,00;132662
WDOFUT;23/08/2021;09:00:00;7467,44;7482,04;7448,68;7463,97;1,170731882E10;156867
WDOFUT;20/08/2021;17:45:00;7473,01;7495,94;7468,83;7483,43;2255138826,00;30150
WDOFUT;20/08/2021;17:30:00;7477,87;7486,21;7470,92;7472,31;2583367502,00;34544
WDOFUT;20/08/2021;17:15:00;7496,64;7497,33;7468,83;7477,87;3791483691,00;50672
WDOFUT;20/08/2021;17:00:00;7495,94;7503,59;7488,99;7496,64;2587149474,00;34511
WDOFUT;20/08/2021;16:45:00;7506,37;7506,37;7486,91;7495,94;5071434376,00;67656
WDOFUT;20/08/2021;16:30:00;7484,82;7523,74;7484,82;7505,67;8547433866,00;113867
WDOFUT;20/08/2021;16:15:00;7492,47;7492,47;7476,48;7485,52;5869572613,00;78417
WDOFUT;20/08/2021;16:00:00;7500,81;7501,50;7487,60;7491,77;5059788366,00;67528
WDOFUT;20/08/2021;15:45:00;7512,62;7514,01;7497,33;7500,81;4419645684,00;58893
WDOFUT;20/08/2021;15:30:00;7523,05;7523,74;7507,06;7512,62;4496200288,00;59831
WDOFUT;20/08/2021;15:15:00;7525,83;7532,08;7520,27;7523,05;3736508910,00;49647
WDOFUT;20/08/2021;15:00:00;7524,44;7527,22;7518,18;7525,13;4483269293,00;59599
WDOFUT;20/08/2021;14:45:00;7531,39;7534,86;7523,74;7524,44;2823215044,00;37493
WDOFUT;20/08/2021;14:30:00;7530,00;7535,56;7522,35;7531,39;3559709010,00;47278
WDOFUT;20/08/2021;14:15:00;7525,83;7532,78;7521,66;7529,30;4261819085,00;56619
WDOFUT;20/08/2021;14:00:00;7514,71;7526,52;7505,67;7525,83;5616305043,00;74714
WDOFUT;20/08/2021;13:45:00;7503,59;7516,10;7502,20;7514,01;3482944874,00;46388
WDOFUT;20/08/2021;13:30:00;7500,81;7507,76;7496,64;7502,89;3551794756,00;47342
WDOFUT;20/08/2021;13:15:00;7509,84;7513,32;7497,33;7500,11;4126325122,00;54980
WDOFUT;20/08/2021;13:00:00;7515,40;7519,57;7500,11;7509,84;7701053253,00;102543
WDOFUT;20/08/2021;12:45:00;7513,32;7520,96;7509,15;7515,40;4303728506,00;57263
WDOFUT;20/08/2021;12:30:00;7512,62;7526,52;7511,23;7513,32;5494532594,00;73075
WDOFUT;20/08/2021;12:15:00;7523,74;7523,74;7507,76;7513,32;8085163458,00;107589
WDOFUT;20/08/2021;12:00:00;7534,86;7543,20;7516,79;7523,05;1,23199219E10;163636
WDOFUT;20/08/2021;11:45:00;7555,02;7571,00;7531,39;7534,17;1,144918328E10;151621
WDOFUT;20/08/2021;11:30:00;7589,08;7589,77;7543,90;7555,02;1,448780355E10;191604
WDOFUT;20/08/2021;11:15:00;7597,42;7602,28;7580,74;7588,38;8309738768,00;109473
WDOFUT;20/08/2021;11:00:00;7581,43;7600,20;7579,35;7596,72;9225013022,00;121576
WDOFUT;20/08/2021;10:45:00;7597,42;7601,59;7577,26;7580,74;1,11269328E10;146620
WDOFUT;20/08/2021;10:30:00;7602,98;7609,93;7587,69;7597,42;1,308690589E10;172231
WDOFUT;20/08/2021;10:15:00;7611,32;7616,18;7600,20;7602,28;7650660775,00;100562
WDOFUT;20/08/2021;10:00:00;7607,84;7621,74;7602,28;7612,01;1,428079273E10;187633
WDOFUT;20/08/2021;09:45:00;7589,77;7615,49;7588,38;7607,84;1,245705749E10;163816
WDOFUT;20/08/2021;09:30:00;7574,48;7597,42;7570,31;7589,77;1,028023083E10;135518
WDOFUT;20/08/2021;09:15:00;7588,38;7595,33;7573,78;7573,78;1,042072554E10;137400
WDOFUT;20/08/2021;09:00:00;7575,87;7592,55;7554,32;7587,69;1,246933626E10;164646
WDOFUT;19/08/2021;17:45:00;7532,08;7543,90;7531,39;7536,25;1986639726,00;26359
WDOFUT;19/08/2021;17:30:00;7555,71;7557,80;7531,39;7532,08;2583148970,00;34248
WDOFUT;19/08/2021;17:15:00;7546,68;7561,97;7543,90;7555,71;2046650535,00;27088
WDOFUT;19/08/2021;17:00:00;7549,46;7557,80;7544,59;7547,37;3414909863,00;45219
WDOFUT;19/08/2021;16:45:00;7541,12;7557,10;7539,73;7550,15;3876357698,00;51358
WDOFUT;19/08/2021;16:30:00;7537,64;7548,07;7534,86;7541,81;3520195969,00;46681
WDOFUT;19/08/2021;16:15:00;7550,15;7552,93;7520,27;7538,34;7097856504,00;94166
WDOFUT;19/08/2021;16:00:00;7552,93;7555,02;7543,20;7549,46;4407548472,00;58385
WDOFUT;19/08/2021;15:45:00;7561,27;7571,00;7545,29;7552,24;7974725935,00;105536
WDOFUT;19/08/2021;15:30:00;7555,02;7566,14;7545,98;7561,27;7046163402,00;93239
WDOFUT;19/08/2021;15:15:00;7532,78;7556,41;7531,39;7555,02;6952478081,00;92158
WDOFUT;19/08/2021;15:00:00;7538,34;7540,42;7527,22;7533,47;5753895597,00;76378
WDOFUT;19/08/2021;14:45:00;7511,23;7541,12;7511,23;7538,34;7071008788,00;93979
WDOFUT;19/08/2021;14:30:00;7502,20;7515,40;7490,38;7511,23;7430837134,00;99018
WDOFUT;19/08/2021;14:15:00;7515,40;7520,27;7488,99;7502,20;7165901815,00;95493
WDOFUT;19/08/2021;14:00:00;7509,15;7529,30;7502,20;7515,40;6720593154,00;89406
WDOFUT;19/08/2021;13:45:00;7493,16;7512,62;7492,47;7509,15;6671486212,00;88893
WDOFUT;19/08/2021;13:30:00;7523,74;7530,00;7492,47;7493,16;9401490023,00;125148
WDOFUT;19/08/2021;13:15:00;7534,17;7540,42;7520,96;7523,74;6259990592,00;83109
WDOFUT;19/08/2021;13:00:00;7525,83;7537,64;7517,49;7534,17;7181027102,00;95379
WDOFUT;19/08/2021;12:45:00;7546,68;7547,37;7515,40;7526,52;9761424696,00;129624
WDOFUT;19/08/2021;12:30:00;7559,19;7568,92;7545,98;7546,68;8598714283,00;113790
WDOFUT;19/08/2021;12:15:00;7552,93;7559,88;7532,78;7559,19;8555444632,00;113402
WDOFUT;19/08/2021;12:00:00;7543,90;7567,53;7536,25;7552,24;1,278816452E10;169393
WDOFUT;19/08/2021;11:45:00;7552,24;7568,22;7542,51;7543,20;1,248232238E10;165229
WDOFUT;19/08/2021;11:30:00;7531,39;7560,58;7523,05;7552,24;1,320500535E10;175019
WDOFUT;19/08/2021;11:15:00;7514,71;7541,12;7496,64;7532,08;1,62647235E10;216328
WDOFUT;19/08/2021;11:00:00;7522,35;7542,51;7514,71;7515,40;1,336317842E10;177471
WDOFUT;19/08/2021;10:45:00;7557,80;7565,44;7511,93;7521,66;1,498526338E10;198859
WDOFUT;19/08/2021;10:30:00;7549,46;7566,14;7515,40;7557,80;2,1250795E10;281923
WDOFUT;19/08/2021;10:15:00;7553,63;7571,00;7545,29;7548,76;1,02179917E10;135174
WDOFUT;19/08/2021;10:00:00;7566,14;7571,70;7544,59;7553,63;1,06073927E10;140340
WDOFUT;19/08/2021;09:45:00;7543,20;7571,00;7538,34;7565,44;1,168743875E10;154589
WDOFUT;19/08/2021;09:30:00;7548,76;7556,41;7536,25;7543,20;1,222276384E10;161994
WDOFUT;19/08/2021;09:15:00;7577,96;7578,65;7534,17;7548,07;1,561101991E10;206727
WDOFUT;19/08/2021;09:00:00;7543,20;7596,03;7543,20;7577,26;2,236229396E10;295291
WDOFUT;18/08/2021;17:45:00;7495,25;7516,79;7492,47;7505,67;4254138883,00;56706
WDOFUT;18/08/2021;17:30:00;7488,99;7498,03;7486,91;7494,55;2276225767,00;30377
WDOFUT;18/08/2021;17:15:00;7484,82;7497,33;7484,82;7489,69;3575485718,00;47727
WDOFUT;18/08/2021;17:00:00;7483,43;7501,50;7482,74;7484,82;7833269435,00;104572
WDOFUT;18/08/2021;16:45:00;7458,41;7487,60;7457,02;7483,43;9254511785,00;123774
WDOFUT;18/08/2021;16:30:00;7461,88;7473,70;7458,41;7458,41;5261620859,00;70471
WDOFUT;18/08/2021;16:15:00;7458,41;7471,61;7454,24;7461,88;6637673623,00;88928
WDOFUT;18/08/2021;16:00:00;7461,19;7461,88;7450,07;7458,41;4169277691,00;55919
WDOFUT;18/08/2021;15:45:00;7453,54;7464,66;7452,15;7461,19;8552432487,00;114661
WDOFUT;18/08/2021;15:30:00;7431,30;7454,93;7423,66;7453,54;7560220400,00;101607
WDOFUT;18/08/2021;15:15:00;7431,30;7441,73;7425,74;7430,61;6468089205,00;87007
WDOFUT;18/08/2021;15:00:00;7441,73;7443,81;7406,98;7430,61;1,484754547E10;199976
WDOFUT;18/08/2021;14:45:00;7424,35;7450,07;7424,35;7441,73;4568018118,00;61440
WDOFUT;18/08/2021;14:30:00;7428,52;7442,42;7423,66;7424,35;6914842882,00;92999
WDOFUT;18/08/2021;14:15:00;7429,91;7432,69;7420,18;7428,52;4946334764,00;66600
WDOFUT;18/08/2021;14:00:00;7433,39;7440,34;7424,35;7430,61;5778231036,00;77753
WDOFUT;18/08/2021;13:45:00;7442,42;7445,20;7429,91;7433,39;4556823060,00;61262
WDOFUT;18/08/2021;13:30:00;7445,90;7454,93;7439,64;7442,42;4182191318,00;56162
WDOFUT;18/08/2021;13:15:00;7450,76;7456,32;7445,20;7446,59;3878106557,00;52049
WDOFUT;18/08/2021;13:00:00;7441,03;7453,54;7431,30;7451,46;7233277481,00;97209
WDOFUT;18/08/2021;12:45:00;7447,29;7452,85;7435,47;7440,34;7002616092,00;94082
WDOFUT;18/08/2021;12:30:00;7422,27;7456,32;7420,18;7447,29;1,525396475E10;204923
WDOFUT;18/08/2021;12:15:00;7423,66;7435,47;7418,10;7421,57;1,12537961E10;151536
WDOFUT;18/08/2021;12:00:00;7392,38;7426,44;7388,21;7423,66;1,19365212E10;161196
WDOFUT;18/08/2021;11:45:00;7398,64;7405,59;7385,43;7392,38;1,060859904E10;143473
WDOFUT;18/08/2021;11:30:00;7402,11;7413,93;7395,86;7398,64;1,447962177E10;195517
WDOFUT;18/08/2021;11:15:00;7369,44;7406,98;7368,75;7402,11;2,006406953E10;271566
WDOFUT;18/08/2021;11:00:00;7331,22;7374,31;7327,74;7369,44;1,541869088E10;209733
WDOFUT;18/08/2021;10:45:00;7352,76;7358,32;7329,83;7331,91;1,085505484E10;147845
WDOFUT;18/08/2021;10:30:00;7363,88;7364,58;7347,20;7352,07;9818191191,00;133488
WDOFUT;18/08/2021;10:15:00;7351,37;7365,97;7345,12;7363,88;9297412923,00;126398
WDOFUT;18/08/2021;10:00:00;7359,71;7362,49;7339,56;7352,07;1,096443219E10;149177
WDOFUT;18/08/2021;09:45:00;7359,02;7376,40;7359,02;7360,41;8895609349,00;120722
WDOFUT;18/08/2021;09:30:00;7358,32;7371,53;7350,68;7359,71;1,162031877E10;157856
WDOFUT;18/08/2021;09:15:00;7354,15;7371,53;7345,12;7358,32;1,157370925E10;157274
WDOFUT;18/08/2021;09:00:00;7360,41;7361,80;7343,03;7354,85;8788765534,00;119551
WDOFUT;17/08/2021;17:45:00;7374,31;7379,87;7364,58;7377,09;1920025664,00;26052
WDOFUT;17/08/2021;17:30:00;7361,80;7378,48;7361,80;7373,62;3805283374,00;51632
WDOFUT;17/08/2021;17:15:00;7355,54;7367,36;7348,59;7362,49;4033171543,00;54810
WDOFUT;17/08/2021;17:00:00;7336,78;7358,32;7336,08;7354,85;4415502628,00;60082
WDOFUT;17/08/2021;16:45:00;7338,17;7339,56;7329,13;7336,78;3018371381,00;41148
WDOFUT;17/08/2021;16:30:00;7338,86;7340,95;7334,00;7338,17;2237421597,00;30494
WDOFUT;17/08/2021;16:15:00;7339,56;7344,42;7332,61;7339,56;3098530591,00;42223
WDOFUT;17/08/2021;16:00:00;7340,95;7345,12;7335,39;7340,25;4502620136,00;61341
WDOFUT;17/08/2021;15:45:00;7348,59;7352,76;7319,40;7340,95;1,125704748E10;153509
WDOFUT;17/08/2021;15:30:00;7370,14;7373,62;7347,20;7348,59;6714576211,00;91240
WDOFUT;17/08/2021;15:15:00;7357,63;7377,09;7354,85;7370,84;6939048649,00;94201
WDOFUT;17/08/2021;15:00:00;7364,58;7370,84;7354,15;7358,32;8815353515,00;119756
WDOFUT;17/08/2021;14:45:00;7367,36;7386,82;7363,19;7364,58;1,25633903E10;170319
WDOFUT;17/08/2021;14:30:00;7350,68;7375,01;7344,42;7367,36;9143892872,00;124205
WDOFUT;17/08/2021;14:15:00;7349,98;7361,10;7343,73;7350,68;5183888408,00;70503
WDOFUT;17/08/2021;14:00:00;7358,32;7363,88;7346,51;7349,98;5316283555,00;72281
WDOFUT;17/08/2021;13:45:00;7354,15;7364,58;7348,59;7357,63;8142041651,00;110662
WDOFUT;17/08/2021;13:30:00;7336,08;7354,85;7327,74;7354,15;9109199293,00;124086
WDOFUT;17/08/2021;13:15:00;7313,84;7337,47;7313,15;7336,08;8583643418,00;117109
WDOFUT;17/08/2021;13:00:00;7318,01;7327,05;7309,67;7313,84;7288975764,00;99568
WDOFUT;17/08/2021;12:45:00;7310,37;7321,49;7308,98;7317,32;4009084307,00;54796
WDOFUT;17/08/2021;12:30:00;7305,50;7320,10;7299,25;7310,37;7036407162,00;96256
WDOFUT;17/08/2021;12:15:00;7323,57;7323,57;7292,30;7304,81;1,016658791E10;139186
WDOFUT;17/08/2021;12:00:00;7315,23;7324,96;7308,98;7323,57;1,191056243E10;162763
WDOFUT;17/08/2021;11:45:00;7323,57;7331,22;7309,67;7315,23;8611989182,00;117642
WDOFUT;17/08/2021;11:30:00;7313,15;7328,44;7312,45;7323,57;7986516845,00;109084
WDOFUT;17/08/2021;11:15:00;7313,15;7322,88;7306,89;7313,15;6217243293,00;84996
WDOFUT;17/08/2021;11:00:00;7321,49;7322,88;7305,50;7313,15;1,34043929E10;183270
WDOFUT;17/08/2021;10:45:00;7323,57;7341,64;7313,84;7320,79;1,148322564E10;156687
WDOFUT;17/08/2021;10:30:00;7356,93;7357,63;7309,67;7322,88;2,185829123E10;298224
WDOFUT;17/08/2021;10:15:00;7370,14;7380,57;7354,15;7356,93;1,346660524E10;182759
WDOFUT;17/08/2021;10:00:00;7344,42;7373,62;7339,56;7370,14;1,441944081E10;196055
WDOFUT;17/08/2021;09:45:00;7332,61;7351,37;7331,22;7344,42;1,117413693E10;152205
WDOFUT;17/08/2021;09:30:00;7334,69;7343,73;7318,71;7332,61;1,790498321E10;244251
WDOFUT;17/08/2021;09:15:00;7345,81;7351,37;7331,22;7334,69;1,006022434E10;137030
WDOFUT;17/08/2021;09:00:00;7355,54;7356,93;7339,56;7345,12;9967163898,00;135630
WDOFUT;16/08/2021;17:45:00;7335,39;7338,86;7324,27;7327,05;1921748410,00;26213
WDOFUT;16/08/2021;17:30:00;7342,34;7343,73;7331,22;7336,08;3554503706,00;48440
WDOFUT;16/08/2021;17:15:00;7349,98;7353,46;7341,64;7342,34;2854289393,00;38851
WDOFUT;16/08/2021;17:00:00;7356,93;7363,19;7348,59;7350,68;3791744850,00;51545
WDOFUT;16/08/2021;16:45:00;7359,02;7359,71;7349,98;7356,93;3485994759,00;47399
WDOFUT;16/08/2021;16:30:00;7357,63;7365,97;7353,46;7359,71;4990206425,00;67811
WDOFUT;16/08/2021;16:15:00;7344,42;7363,19;7342,34;7358,32;6788860855,00;92339
WDOFUT;16/08/2021;16:00:00;7341,64;7345,81;7336,08;7344,42;3959016751,00;53923
WDOFUT;16/08/2021;15:45:00;7338,17;7345,12;7334,69;7342,34;5084223153,00;69260
WDOFUT;16/08/2021;15:30:00;7338,17;7347,20;7337,47;7338,17;6523001578,00;88838
WDOFUT;16/08/2021;15:15:00;7318,01;7341,64;7318,01;7338,17;6201933336,00;84603
WDOFUT;16/08/2021;15:00:00;7323,57;7323,57;7317,32;7318,01;2080616163,00;28426
WDOFUT;16/08/2021;14:45:00;7323,57;7324,27;7317,32;7322,88;2969111427,00;40553
WDOFUT;16/08/2021;14:30:00;7320,10;7330,52;7316,62;7322,88;6884885133,00;94007
WDOFUT;16/08/2021;14:15:00;7317,32;7325,66;7313,84;7320,10;6341085380,00;86620
WDOFUT;16/08/2021;14:00:00;7311,76;7317,32;7303,42;7317,32;3895713066,00;53294
WDOFUT;16/08/2021;13:45:00;7304,81;7313,84;7302,03;7311,76;2384438639,00;32633
WDOFUT;16/08/2021;13:30:00;7310,37;7314,54;7299,94;7304,81;4700945327,00;64329
WDOFUT;16/08/2021;13:15:00;7302,03;7311,06;7295,08;7311,06;4562163736,00;62465
WDOFUT;16/08/2021;13:00:00;7308,98;7313,15;7302,03;7302,72;7011799444,00;95953
WDOFUT;16/08/2021;12:45:00;7300,64;7311,76;7300,64;7308,98;5108810083,00;69912
WDOFUT;16/08/2021;12:30:00;7315,23;7320,79;7298,55;7300,64;7426939141,00;101614
WDOFUT;16/08/2021;12:15:00;7314,54;7315,93;7302,03;7315,93;6134911991,00;83931
WDOFUT;16/08/2021;12:00:00;7293,69;7318,71;7291,60;7314,54;1,184656103E10;162157
WDOFUT;16/08/2021;11:45:00;7291,60;7299,25;7283,96;7293,69;8612534283,00;118132
WDOFUT;16/08/2021;11:30:00;7312,45;7313,84;7285,35;7291,60;1,078229501E10;147752
WDOFUT;16/08/2021;11:15:00;7297,86;7313,84;7296,47;7311,76;7929717941,00;108518
WDOFUT;16/08/2021;11:00:00;7317,32;7317,32;7293,69;7298,55;1,531152509E10;209571
WDOFUT;16/08/2021;10:45:00;7331,22;7334,69;7314,54;7317,32;8470816687,00;115661
WDOFUT;16/08/2021;10:30:00;7322,18;7338,86;7317,32;7331,91;1,255844277E10;171392
WDOFUT;16/08/2021;10:15:00;7315,93;7322,88;7308,98;7322,18;8276723099,00;113147
WDOFUT;16/08/2021;10:00:00;7327,74;7330,52;7313,84;7315,93;1,278394818E10;174608
WDOFUT;16/08/2021;09:45:00;7335,39;7346,51;7327,74;7327,74;8720350778,00;118844
WDOFUT;16/08/2021;09:30:00;7354,85;7361,80;7329,13;7334,69;1,32240392E10;180100
WDOFUT;16/08/2021;09:15:00;7353,46;7364,58;7345,12;7354,15;9212146436,00;125240
WDOFUT;16/08/2021;09:00:00;7347,90;7379,87;7347,20;7353,46;1,073305155E10;145799
WDOFUT;13/08/2021;17:45:00;7310,37;7318,71;7308,98;7314,54;1706737128,00;23336
WDOFUT;13/08/2021;17:30:00;7311,06;7315,23;7308,28;7309,67;1561495127,00;21355
WDOFUT;13/08/2021;17:15:00;7312,45;7320,10;7309,67;7311,06;2698506513,00;36893
WDOFUT;13/08/2021;17:00:00;7308,28;7314,54;7306,20;7312,45;2218760262,00;30352
WDOFUT;13/08/2021;16:45:00;7306,20;7311,06;7300,64;7308,28;2806136913,00;38410
WDOFUT;13/08/2021;16:30:00;7306,20;7309,67;7305,50;7305,50;1803519160,00;24681
WDOFUT;13/08/2021;16:15:00;7302,72;7309,67;7299,94;7306,20;2714505083,00;37162
WDOFUT;13/08/2021;16:00:00;7307,59;7308,98;7296,47;7302,72;3830913418,00;52470
WDOFUT;13/08/2021;15:45:00;7297,86;7310,37;7295,08;7307,59;4767382163,00;65270
WDOFUT;13/08/2021;15:30:00;7297,86;7304,81;7295,08;7297,86;4813943015,00;65939
WDOFUT;13/08/2021;15:15:00;7290,91;7299,25;7286,74;7297,86;4419894381,00;60599
WDOFUT;13/08/2021;15:00:00;7302,03;7306,89;7289,52;7290,91;5170441718,00;70851
WDOFUT;13/08/2021;14:45:00;7294,38;7305,50;7290,21;7302,72;3794358295,00;51996
WDOFUT;13/08/2021;14:30:00;7282,57;7295,08;7280,48;7294,38;4595468227,00;63039
WDOFUT;13/08/2021;14:15:00;7279,79;7286,04;7273,53;7281,87;4031164007,00;55373
WDOFUT;13/08/2021;14:00:00;7297,16;7297,16;7273,53;7279,79;8089727927,00;111063
WDOFUT;13/08/2021;13:45:00;7295,08;7302,03;7290,91;7297,16;3727176821,00;51087
WDOFUT;13/08/2021;13:30:00;7293,69;7299,25;7292,30;7295,08;3059495636,00;41936
WDOFUT;13/08/2021;13:15:00;7288,13;7295,08;7282,57;7293,69;4796387785,00;65820
WDOFUT;13/08/2021;13:00:00;7295,08;7300,64;7286,74;7288,13;4565636702,00;62590
WDOFUT;13/08/2021;12:45:00;7292,99;7300,64;7289,52;7295,08;4397582512,00;60287
WDOFUT;13/08/2021;12:30:00;7281,87;7293,69;7280,48;7292,30;6253507155,00;85815
WDOFUT;13/08/2021;12:15:00;7288,82;7297,16;7279,79;7281,87;8571584016,00;117583
WDOFUT;13/08/2021;12:00:00;7313,15;7317,32;7283,96;7288,13;1,414554233E10;193745
WDOFUT;13/08/2021;11:45:00;7334,00;7334,00;7310,37;7312,45;1,207078041E10;164879
WDOFUT;13/08/2021;11:30:00;7354,15;7356,24;7332,61;7333,30;7339603058,00;99972
WDOFUT;13/08/2021;11:15:00;7340,95;7359,02;7328,44;7354,85;1,149050607E10;156471
WDOFUT;13/08/2021;11:00:00;7342,34;7353,46;7331,22;7340,95;1,339089485E10;182380
WDOFUT;13/08/2021;10:45:00;7343,03;7352,76;7334,69;7342,34;9234120622,00;125740
WDOFUT;13/08/2021;10:30:00;7319,40;7353,46;7313,15;7343,03;1,769022684E10;241100
WDOFUT;13/08/2021;10:15:00;7316,62;7321,49;7303,42;7319,40;1,04627478E10;143076
WDOFUT;13/08/2021;10:00:00;7296,47;7320,10;7290,91;7316,62;1,201932457E10;164504
WDOFUT;13/08/2021;09:45:00;7288,82;7308,28;7286,74;7296,47;9277973108,00;127119
WDOFUT;13/08/2021;09:30:00;7323,57;7324,96;7286,04;7288,82;1,4095458E10;193010
WDOFUT;13/08/2021;09:15:00;7296,47;7324,27;7289,52;7323,57;1,183445503E10;162010
WDOFUT;13/08/2021;09:00:00;7304,81;7315,23;7295,08;7296,47;1,062537951E10;145469
WDOFUT;12/08/2021;17:45:00;7318,01;7324,27;7314,54;7321,49;1912866828,00;26137
WDOFUT;12/08/2021;17:30:00;7325,66;7326,35;7315,23;7317,32;2049712834,00;28001
WDOFUT;12/08/2021;17:15:00;7318,71;7332,61;7316,62;7326,35;3898105658,00;53217
WDOFUT;12/08/2021;17:00:00;7322,18;7327,05;7315,93;7318,71;3140978316,00;42899
WDOFUT;12/08/2021;16:45:00;7318,71;7322,88;7313,84;7321,49;2132113862,00;29137
WDOFUT;12/08/2021;16:30:00;7320,79;7324,27;7313,15;7318,01;3770070174,00;51515
WDOFUT;12/08/2021;16:15:00;7318,71;7327,05;7318,01;7321,49;4424237314,00;60409
WDOFUT;12/08/2021;16:00:00;7320,10;7323,57;7312,45;7318,71;4027504472,00;55036
WDOFUT;12/08/2021;15:45:00;7306,20;7322,18;7305,50;7320,79;5978565654,00;81719
WDOFUT;12/08/2021;15:30:00;7296,47;7313,15;7295,08;7306,20;5393599180,00;73821
WDOFUT;12/08/2021;15:15:00;7292,30;7304,11;7290,91;7296,47;6222962491,00;85275
WDOFUT;12/08/2021;15:00:00;7274,23;7293,69;7274,23;7292,30;5537830567,00;76029
WDOFUT;12/08/2021;14:45:00;7277,01;7279,79;7270,06;7274,92;3580550104,00;49218
WDOFUT;12/08/2021;14:30:00;7272,14;7281,87;7271,45;7277,70;4039130465,00;55497
WDOFUT;12/08/2021;14:15:00;7270,75;7277,01;7259,63;7272,14;6506426527,00;89519
WDOFUT;12/08/2021;14:00:00;7283,26;7288,82;7268,67;7270,06;6435218346,00;88409
WDOFUT;12/08/2021;13:45:00;7283,96;7285,35;7279,09;7283,96;3008937442,00;41316
WDOFUT;12/08/2021;13:30:00;7275,62;7283,96;7268,67;7283,96;4317051987,00;59332
WDOFUT;12/08/2021;13:15:00;7283,96;7283,96;7270,75;7276,31;6679515175,00;91795
WDOFUT;12/08/2021;13:00:00;7298,55;7298,55;7281,18;7283,96;6214361613,00;85264
WDOFUT;12/08/2021;12:45:00;7292,30;7299,25;7288,13;7297,86;3815391197,00;52306
WDOFUT;12/08/2021;12:30:00;7299,25;7304,11;7290,91;7291,60;4722517040,00;64717
WDOFUT;12/08/2021;12:15:00;7314,54;7318,01;7292,30;7298,55;6960177403,00;95306
WDOFUT;12/08/2021;12:00:00;7306,89;7326,35;7305,50;7313,84;8784594079,00;120072
WDOFUT;12/08/2021;11:45:00;7312,45;7316,62;7299,25;7306,20;6935876000,00;94926
WDOFUT;12/08/2021;11:30:00;7297,16;7321,49;7291,60;7312,45;1,138751706E10;155755
WDOFUT;12/08/2021;11:15:00;7290,21;7308,28;7283,26;7297,16;9811156412,00;134438
WDOFUT;12/08/2021;11:00:00;7278,40;7292,99;7277,01;7289,52;8960690118,00;122992
WDOFUT;12/08/2021;10:45:00;7286,04;7300,64;7278,40;7279,09;1,054791219E10;144681
WDOFUT;12/08/2021;10:30:00;7303,42;7304,11;7283,96;7286,04;1,086773953E10;148955
WDOFUT;12/08/2021;10:15:00;7310,37;7316,62;7298,55;7303,42;1,027378535E10;140576
WDOFUT;12/08/2021;10:00:00;7288,82;7313,15;7288,82;7310,37;1,297305761E10;177611
WDOFUT;12/08/2021;09:45:00;7299,94;7304,11;7285,35;7288,82;8609944406,00;118027
WDOFUT;12/08/2021;09:30:00;7292,99;7308,28;7279,79;7299,94;1,60747543E10;220354
WDOFUT;12/08/2021;09:15:00;7275,62;7301,33;7271,45;7293,69;1,145986286E10;157195
WDOFUT;12/08/2021;09:00:00;7274,23;7288,82;7264,49;7275,62;9841415764,00;135262
WDOFUT;11/08/2021;17:45:00;7281,87;7287,43;7271,45;7287,43;2036995492,00;27986
WDOFUT;11/08/2021;17:30:00;7291,60;7292,30;7279,79;7281,87;2271579687,00;31185
WDOFUT;11/08/2021;17:15:00;7282,57;7292,30;7281,87;7290,91;2190787933,00;30063
WDOFUT;11/08/2021;17:00:00;7274,92;7286,74;7274,92;7282,57;2497593432,00;34296
WDOFUT;11/08/2021;16:45:00;7280,48;7281,87;7273,53;7274,92;2043232240,00;28073
WDOFUT;11/08/2021;16:30:00;7286,04;7288,13;7276,31;7280,48;3139280626,00;43114
WDOFUT;11/08/2021;16:15:00;7288,13;7292,30;7283,96;7286,04;3238130057,00;44433
WDOFUT;11/08/2021;16:00:00;7274,23;7290,91;7273,53;7288,13;5263623460,00;72282
WDOFUT;11/08/2021;15:45:00;7266,58;7277,70;7266,58;7274,23;3759830239,00;51692
WDOFUT;11/08/2021;15:30:00;7262,41;7272,84;7261,71;7266,58;3031473612,00;41711
WDOFUT;11/08/2021;15:15:00;7267,27;7270,75;7260,32;7262,41;2653516611,00;36521
WDOFUT;11/08/2021;15:00:00;7267,97;7272,14;7262,41;7266,58;3611733789,00;49700
WDOFUT;11/08/2021;14:45:00;7273,53;7277,01;7265,88;7267,27;3101961480,00;42657
WDOFUT;11/08/2021;14:30:00;7270,75;7279,79;7263,80;7273,53;4847567861,00;66655
WDOFUT;11/08/2021;14:15:00;7265,19;7272,84;7265,19;7270,06;4320007181,00;59431
WDOFUT;11/08/2021;14:00:00;7273,53;7280,48;7259,63;7265,19;8682072478,00;119443
WDOFUT;11/08/2021;13:45:00;7267,97;7278,40;7259,63;7274,23;5185922070,00;71338
WDOFUT;11/08/2021;13:30:00;7263,10;7270,06;7261,02;7267,27;3648013574,00;50210
WDOFUT;11/08/2021;13:15:00;7260,32;7276,31;7254,76;7263,80;5743495866,00;79041
WDOFUT;11/08/2021;13:00:00;7255,46;7262,41;7249,20;7260,32;5307634963,00;73159
WDOFUT;11/08/2021;12:45:00;7265,88;7270,06;7254,76;7254,76;5176144138,00;71259
WDOFUT;11/08/2021;12:30:00;7256,85;7267,27;7254,76;7266,58;5734715600,00;78981
WDOFUT;11/08/2021;12:15:00;7263,10;7271,45;7254,76;7256,15;7331980162,00;100971
WDOFUT;11/08/2021;12:00:00;7267,97;7282,57;7257,54;7263,10;1,330515607E10;183017
WDOFUT;11/08/2021;11:45:00;7284,65;7287,43;7265,88;7267,97;1,189956238E10;163588
WDOFUT;11/08/2021;11:30:00;7272,84;7296,47;7272,14;7284,65;1,093274914E10;150016
WDOFUT;11/08/2021;11:15:00;7265,88;7278,40;7257,54;7272,84;1,005793216E10;138355
WDOFUT;11/08/2021;11:00:00;7247,12;7270,06;7242,95;7265,88;1,195874381E10;164769
WDOFUT;11/08/2021;10:45:00;7250,59;7261,02;7242,95;7247,12;1,010148197E10;139330
WDOFUT;11/08/2021;10:30:00;7240,86;7255,46;7225,57;7250,59;1,624067932E10;224200
WDOFUT;11/08/2021;10:15:00;7224,18;7245,03;7217,93;7240,17;1,436576076E10;198677
WDOFUT;11/08/2021;10:00:00;7213,76;7248,51;7207,50;7224,18;1,870844901E10;258690
WDOFUT;11/08/2021;09:45:00;7204,03;7222,10;7197,77;7213,76;1,440334549E10;199777
WDOFUT;11/08/2021;09:30:00;7256,85;7257,54;7202,64;7204,03;2,459413174E10;340707
WDOFUT;11/08/2021;09:15:00;7268,67;7275,62;7252,68;7257,54;1,155174338E10;159003
WDOFUT;11/08/2021;09:00:00;7242,95;7270,75;7240,86;7267,97;1,275685995E10;175831
WDOFUT;10/08/2021;17:45:00;7237,39;7244,34;7235,30;7235,30;1852022681,00;25581
WDOFUT;10/08/2021;17:30:00;7242,95;7246,42;7235,30;7237,39;2018466283,00;27879
WDOFUT;10/08/2021;17:15:00;7240,86;7249,20;7236,69;7242,25;2594929211,00;35822
WDOFUT;10/08/2021;17:00:00;7243,64;7246,42;7236,00;7240,86;3063290827,00;42303
WDOFUT;10/08/2021;16:45:00;7245,73;7249,90;7238,78;7243,64;2548914461,00;35179
WDOFUT;10/08/2021;16:30:00;7248,51;7254,07;7242,25;7245,03;2804572440,00;38704
WDOFUT;10/08/2021;16:15:00;7253,37;7257,54;7245,73;7248,51;2652153275,00;36579
WDOFUT;10/08/2021;16:00:00;7245,03;7256,85;7245,03;7253,37;3424543215,00;47231
WDOFUT;10/08/2021;15:45:00;7254,76;7263,10;7242,25;7245,03;5420012680,00;74747
WDOFUT;10/08/2021;15:30:00;7254,76;7262,41;7250,59;7254,07;3617794672,00;49855
WDOFUT;10/08/2021;15:15:00;7271,45;7272,84;7252,68;7254,76;6057154658,00;83402
WDOFUT;10/08/2021;15:00:00;7263,10;7272,84;7250,59;7270,75;5768677197,00;79438
WDOFUT;10/08/2021;14:45:00;7259,63;7267,97;7253,37;7263,80;6128683173,00;84405
WDOFUT;10/08/2021;14:30:00;7256,85;7274,23;7256,15;7259,63;8524192973,00;117331
WDOFUT;10/08/2021;14:15:00;7238,78;7259,63;7233,22;7256,85;6852286678,00;94551
WDOFUT;10/08/2021;14:00:00;7251,98;7254,76;7229,05;7238,08;6888446716,00;95144
WDOFUT;10/08/2021;13:45:00;7252,68;7259,63;7245,03;7251,98;4044663755,00;55768
WDOFUT;10/08/2021;13:30:00;7254,76;7260,32;7249,90;7251,98;3906216051,00;53837
WDOFUT;10/08/2021;13:15:00;7257,54;7263,80;7240,86;7254,76;7236703679,00;99772
WDOFUT;10/08/2021;13:00:00;7239,47;7259,63;7238,78;7258,24;7308572336,00;100800
WDOFUT;10/08/2021;12:45:00;7255,46;7258,93;7236,69;7239,47;8399996175,00;115892
WDOFUT;10/08/2021;12:30:00;7263,10;7272,84;7253,37;7255,46;7218091392,00;99377
WDOFUT;10/08/2021;12:15:00;7278,40;7279,79;7257,54;7263,10;9676039470,00;133148
WDOFUT;10/08/2021;12:00:00;7275,62;7286,04;7270,06;7278,40;7839501277,00;107729
WDOFUT;10/08/2021;11:45:00;7280,48;7288,13;7268,67;7274,92;1,035700205E10;142292
WDOFUT;10/08/2021;11:30:00;7296,47;7305,50;7278,40;7280,48;1,128384218E10;154725
WDOFUT;10/08/2021;11:15:00;7300,64;7308,28;7280,48;7296,47;1,158972394E10;158914
WDOFUT;10/08/2021;11:00:00;7307,59;7327,74;7291,60;7299,94;1,516661766E10;207537
WDOFUT;10/08/2021;10:45:00;7319,40;7336,08;7299,94;7308,28;1,272182371E10;173848
WDOFUT;10/08/2021;10:30:00;7310,37;7321,49;7299,94;7318,71;1,387231206E10;189772
WDOFUT;10/08/2021;10:15:00;7287,43;7314,54;7275,62;7310,37;1,438537295E10;197303
WDOFUT;10/08/2021;10:00:00;7306,89;7315,23;7282,57;7287,43;1,693849579E10;232038
WDOFUT;10/08/2021;09:45:00;7315,93;7337,47;7304,81;7307,59;2,002474129E10;273445
WDOFUT;10/08/2021;09:30:00;7297,86;7317,32;7278,40;7315,93;1,870406972E10;256378
WDOFUT;10/08/2021;09:15:00;7308,98;7326,35;7297,86;7298,55;1,514319122E10;207134
WDOFUT;10/08/2021;09:00:00;7300,64;7328,44;7289,52;7308,98;1,432079167E10;195818
WDOFUT;09/08/2021;17:45:00;7309,67;7315,93;7297,86;7297,86;2059021750,00;28167
WDOFUT;09/08/2021;17:30:00;7300,64;7313,15;7300,64;7310,37;2492311042,00;34106
WDOFUT;09/08/2021;17:15:00;7315,93;7315,93;7299,25;7300,64;2841715256,00;38895
WDOFUT;09/08/2021;17:00:00;7313,15;7318,01;7307,59;7315,93;3075257817,00;42053
WDOFUT;09/08/2021;16:45:00;7303,42;7315,93;7302,03;7313,84;3533491225,00;48340
WDOFUT;09/08/2021;16:30:00;7303,42;7307,59;7301,33;7302,72;2235351696,00;30602
WDOFUT;09/08/2021;16:15:00;7300,64;7305,50;7297,86;7302,72;2698329850,00;36955
WDOFUT;09/08/2021;16:00:00;7304,11;7307,59;7297,16;7300,64;4483539647,00;61406
WDOFUT;09/08/2021;15:45:00;7293,69;7304,81;7289,52;7304,81;5655067107,00;77506
WDOFUT;09/08/2021;15:30:00;7294,38;7296,47;7279,09;7293,69;6585946493,00;90365
WDOFUT;09/08/2021;15:15:00;7273,53;7295,77;7272,84;7294,38;6311575768,00;86634
WDOFUT;09/08/2021;15:00:00;7288,13;7288,82;7270,75;7273,53;6154885292,00;84551
WDOFUT;09/08/2021;14:45:00;7280,48;7288,13;7272,84;7288,13;7836487373,00;107634
WDOFUT;09/08/2021;14:30:00;7334,69;7335,39;7277,70;7280,48;1,269387758E10;173791
WDOFUT;09/08/2021;14:15:00;7323,57;7335,39;7318,01;7334,69;6326681010,00;86356
WDOFUT;09/08/2021;14:00:00;7343,03;7347,20;7313,84;7324,27;1,011345314E10;137989
WDOFUT;09/08/2021;13:45:00;7358,32;7366,66;7341,64;7343,03;5642418991,00;76716
WDOFUT;09/08/2021;13:30:00;7354,15;7367,36;7349,98;7358,32;4901078149,00;66596
WDOFUT;09/08/2021;13:15:00;7368,75;7372,23;7351,37;7354,85;4873476065,00;66195
WDOFUT;09/08/2021;13:00:00;7375,70;7375,70;7363,19;7368,05;3830337110,00;51978
WDOFUT;09/08/2021;12:45:00;7379,18;7380,57;7365,97;7375,70;5141977791,00;69738
WDOFUT;09/08/2021;12:30:00;7359,71;7387,52;7358,32;7379,18;7912939550,00;107302
WDOFUT;09/08/2021;12:15:00;7377,09;7386,13;7358,32;7359,02;8404862337,00;114035
WDOFUT;09/08/2021;12:00:00;7380,57;7388,21;7374,31;7376,40;7433809496,00;100709
WDOFUT;09/08/2021;11:45:00;7348,59;7388,21;7342,34;7381,26;1,462949347E10;198499
WDOFUT;09/08/2021;11:30:00;7345,12;7352,76;7332,61;7349,29;9643072675,00;131356
WDOFUT;09/08/2021;11:15:00;7347,20;7359,71;7340,95;7345,12;1,111907464E10;151255
WDOFUT;09/08/2021;11:00:00;7307,59;7352,07;7303,42;7347,20;1,465749994E10;200040
WDOFUT;09/08/2021;10:45:00;7295,08;7317,32;7292,30;7306,89;1,270370532E10;173913
WDOFUT;09/08/2021;10:30:00;7318,01;7326,35;7293,69;7294,38;1,522977531E10;208400
WDOFUT;09/08/2021;10:15:00;7340,25;7341,64;7312,45;7318,01;1,521995253E10;207845
WDOFUT;09/08/2021;10:00:00;7353,46;7357,63;7338,86;7339,56;1,063973994E10;144800
WDOFUT;09/08/2021;09:45:00;7340,25;7365,27;7335,39;7354,15;1,451609368E10;197470
WDOFUT;09/08/2021;09:30:00;7336,78;7352,76;7332,61;7340,25;1,262629263E10;171943
WDOFUT;09/08/2021;09:15:00;7320,10;7345,81;7315,93;7337,47;1,229536898E10;167666
WDOFUT;09/08/2021;09:00:00;7290,91;7324,96;7285,35;7319,40;1,025315888E10;140225
WDOFUT;06/08/2021;17:45:00;7315,93;7319,40;7295,08;7295,77;2032350872,00;27812
WDOFUT;06/08/2021;17:30:00;7329,13;7331,22;7313,15;7315,93;3395285983,00;46374
WDOFUT;06/08/2021;17:15:00;7318,71;7330,52;7318,71;7329,13;3331369264,00;45486
WDOFUT;06/08/2021;17:00:00;7299,25;7322,18;7297,86;7318,01;3833919391,00;52439
WDOFUT;06/08/2021;16:45:00;7305,50;7307,59;7292,99;7298,55;3267061700,00;44758
WDOFUT;06/08/2021;16:30:00;7308,98;7312,45;7303,42;7304,81;2677745147,00;36638
WDOFUT;06/08/2021;16:15:00;7315,93;7318,71;7304,81;7309,67;4025863302,00;55059
WDOFUT;06/08/2021;16:00:00;7313,15;7318,01;7309,67;7315,23;3110954066,00;42531
WDOFUT;06/08/2021;15:45:00;7309,67;7314,54;7303,42;7313,84;3335220788,00;45629
WDOFUT;06/08/2021;15:30:00;7318,01;7322,88;7305,50;7309,67;4429329543,00;60568
WDOFUT;06/08/2021;15:15:00;7303,42;7318,01;7299,94;7318,01;5224745165,00;71462
WDOFUT;06/08/2021;15:00:00;7307,59;7307,59;7293,69;7303,42;4069197335,00;55747
WDOFUT;06/08/2021;14:45:00;7295,08;7318,71;7291,60;7307,59;6199766762,00;84859
WDOFUT;06/08/2021;14:30:00;7291,60;7299,94;7286,74;7295,08;3041816996,00;41707
WDOFUT;06/08/2021;14:15:00;7292,99;7294,38;7281,18;7291,60;3357984727,00;46082
WDOFUT;06/08/2021;14:00:00;7289,52;7300,64;7286,74;7293,69;4314212488,00;59149
WDOFUT;06/08/2021;13:45:00;7291,60;7298,55;7286,74;7290,21;3087249725,00;42329
WDOFUT;06/08/2021;13:30:00;7299,94;7302,72;7284,65;7292,30;4993119827,00;68459
WDOFUT;06/08/2021;13:15:00;7302,72;7311,76;7296,47;7300,64;5240430893,00;71740
WDOFUT;06/08/2021;13:00:00;7288,13;7304,81;7283,96;7302,72;5578687221,00;76497
WDOFUT;06/08/2021;12:45:00;7283,26;7288,82;7267,97;7288,13;6627259617,00;91050
WDOFUT;06/08/2021;12:30:00;7286,74;7287,43;7264,49;7283,26;7599152525,00;104429
WDOFUT;06/08/2021;12:15:00;7303,42;7307,59;7282,57;7286,74;7502972254,00;102876
WDOFUT;06/08/2021;12:00:00;7312,45;7320,79;7295,08;7303,42;9918165353,00;135728
WDOFUT;06/08/2021;11:45:00;7301,33;7324,96;7300,64;7312,45;8191888277,00;111975
WDOFUT;06/08/2021;11:30:00;7324,96;7330,52;7299,94;7301,33;7859173886,00;107390
WDOFUT;06/08/2021;11:15:00;7317,32;7348,59;7315,23;7324,96;1,168298463E10;159309
WDOFUT;06/08/2021;11:00:00;7324,96;7328,44;7306,89;7317,32;9675420021,00;132221
WDOFUT;06/08/2021;10:45:00;7298,55;7330,52;7296,47;7324,96;1,54271513E10;210830
WDOFUT;06/08/2021;10:30:00;7268,67;7301,33;7263,80;7298,55;1,418912495E10;194752
WDOFUT;06/08/2021;10:15:00;7284,65;7286,74;7258,93;7268,67;1,407605436E10;193576
WDOFUT;06/08/2021;10:00:00;7325,66;7335,39;7282,57;7283,96;1,568020827E10;214517
WDOFUT;06/08/2021;09:45:00;7338,17;7356,93;7320,79;7325,66;1,91479362E10;260871
WDOFUT;06/08/2021;09:30:00;7335,39;7349,98;7282,57;7338,17;1,689119147E10;231079
WDOFUT;06/08/2021;09:15:00;7277,01;7346,51;7274,92;7333,30;1,407139297E10;192601
WDOFUT;06/08/2021;09:00:00;7296,47;7319,40;7272,84;7276,31;1,286956828E10;176389
WDOFUT;05/08/2021;17:45:00;7305,50;7334,69;7305,50;7324,27;5215325384,00;71239
WDOFUT;05/08/2021;17:30:00;7291,60;7311,76;7290,91;7305,50;5237791092,00;71738
WDOFUT;05/08/2021;17:15:00;7276,31;7292,30;7272,84;7291,60;4327503726,00;59410
WDOFUT;05/08/2021;17:00:00;7277,70;7280,48;7270,75;7276,31;3347302320,00;46011
WDOFUT;05/08/2021;16:45:00;7265,88;7281,18;7265,88;7277,70;5059475920,00;69543
WDOFUT;05/08/2021;16:30:00;7256,15;7267,97;7247,12;7265,88;5830348205,00;80335
WDOFUT;05/08/2021;16:15:00;7258,24;7264,49;7254,76;7256,85;4201131139,00;57870
WDOFUT;05/08/2021;16:00:00;7263,80;7271,45;7250,59;7258,24;6036105881,00;83149
WDOFUT;05/08/2021;15:45:00;7282,57;7285,35;7263,10;7263,80;5884399716,00;80870
WDOFUT;05/08/2021;15:30:00;7269,36;7289,52;7269,36;7282,57;6747698853,00;92644
WDOFUT;05/08/2021;15:15:00;7269,36;7282,57;7267,97;7269,36;7525021928,00;103436
WDOFUT;05/08/2021;15:00:00;7250,59;7272,84;7245,03;7270,06;7816949281,00;107657
WDOFUT;05/08/2021;14:45:00;7263,10;7265,88;7248,51;7249,90;5468454593,00;75329
WDOFUT;05/08/2021;14:30:00;7247,81;7267,97;7247,81;7263,10;5814249718,00;80099
WDOFUT;05/08/2021;14:15:00;7246,42;7262,41;7243,64;7248,51;5994937943,00;82658
WDOFUT;05/08/2021;14:00:00;7229,74;7260,32;7226,96;7245,73;9423172699,00;130028
WDOFUT;05/08/2021;13:45:00;7224,88;7229,74;7221,40;7229,74;2596277438,00;35931
WDOFUT;05/08/2021;13:30:00;7230,44;7232,52;7219,32;7224,88;5324000753,00;73685
WDOFUT;05/08/2021;13:15:00;7232,52;7241,56;7229,74;7229,74;4637982272,00;64097
WDOFUT;05/08/2021;13:00:00;7222,10;7242,95;7216,54;7233,22;1,322522588E10;182905
WDOFUT;05/08/2021;12:45:00;7209,59;7224,18;7206,11;7222,10;8208837527,00;113817
WDOFUT;05/08/2021;12:30:00;7210,28;7222,79;7199,86;7208,89;9490932997,00;131611
WDOFUT;05/08/2021;12:15:00;7185,96;7217,23;7183,18;7210,28;1,041208061E10;144593
WDOFUT;05/08/2021;12:00:00;7167,89;7193,60;7164,41;7185,96;1,018551535E10;141804
WDOFUT;05/08/2021;11:45:00;7167,89;7170,67;7157,46;7167,89;6402081608,00;89361
WDOFUT;05/08/2021;11:30:00;7151,90;7174,84;7149,81;7167,89;1,048495154E10;146363
WDOFUT;05/08/2021;11:15:00;7138,69;7157,46;7135,91;7151,90;8529717985,00;119394
WDOFUT;05/08/2021;11:00:00;7142,86;7162,32;7135,91;7138,69;1,405733698E10;196608
WDOFUT;05/08/2021;10:45:00;7135,22;7160,93;7133,83;7142,86;1,660307957E10;232243
WDOFUT;05/08/2021;10:30:00;7154,68;7156,76;7128,96;7135,22;1,388887242E10;194473
WDOFUT;05/08/2021;10:15:00;7150,51;7165,80;7143,56;7154,68;9599076199,00;134175
WDOFUT;05/08/2021;10:00:00;7167,89;7179,01;7150,51;7150,51;1,647107234E10;229848
WDOFUT;05/08/2021;09:45:00;7185,26;7191,52;7161,63;7167,19;1,15197691E10;160505
WDOFUT;05/08/2021;09:30:00;7198,47;7206,11;7174,14;7185,26;1,259276777E10;175158
WDOFUT;05/08/2021;09:15:00;7188,74;7199,86;7177,62;7197,77;1,241840887E10;172747
WDOFUT;05/08/2021;09:00:00;7148,42;7189,43;7140,78;7188,74;1,754680851E10;244909
WDOFUT;04/08/2021;17:45:00;7228,35;7228,35;7210,28;7212,37;2357896120,00;32668
WDOFUT;04/08/2021;17:30:00;7226,96;7229,74;7217,23;7228,35;3114107880,00;43110
WDOFUT;04/08/2021;17:15:00;7230,44;7234,61;7226,27;7226,27;1688516966,00;23353
WDOFUT;04/08/2021;17:00:00;7239,47;7240,17;7223,49;7230,44;3866732834,00;53483
WDOFUT;04/08/2021;16:45:00;7232,52;7240,86;7229,05;7240,17;3182343936,00;43988
WDOFUT;04/08/2021;16:30:00;7240,86;7241,56;7232,52;7232,52;3868221805,00;53459
WDOFUT;04/08/2021;16:15:00;7244,34;7248,51;7239,47;7240,17;2736089418,00;37767
WDOFUT;04/08/2021;16:00:00;7238,78;7246,42;7238,78;7244,34;2078719631,00;28699
WDOFUT;04/08/2021;15:45:00;7234,61;7249,20;7234,61;7238,78;4600608114,00;63513
WDOFUT;04/08/2021;15:30:00;7232,52;7244,34;7231,13;7234,61;3782032765,00;52253
WDOFUT;04/08/2021;15:15:00;7226,27;7237,39;7224,88;7232,52;3962092325,00;54790
WDOFUT;04/08/2021;15:00:00;7243,64;7248,51;7223,49;7225,57;7842810702,00;108395
WDOFUT;04/08/2021;14:45:00;7257,54;7260,32;7240,17;7243,64;7826177226,00;107986
WDOFUT;04/08/2021;14:30:00;7272,84;7273,53;7253,37;7257,54;8469209032,00;116620
WDOFUT;04/08/2021;14:15:00;7283,26;7287,43;7272,84;7273,53;3760458772,00;51653
WDOFUT;04/08/2021;14:00:00;7297,16;7297,16;7277,01;7283,96;6194472362,00;85031
WDOFUT;04/08/2021;13:45:00;7307,59;7308,28;7293,69;7297,16;3804422512,00;52110
WDOFUT;04/08/2021;13:30:00;7299,25;7311,76;7296,47;7308,28;4114873847,00;56333
WDOFUT;04/08/2021;13:15:00;7288,82;7305,50;7285,35;7299,25;4525322892,00;62023
WDOFUT;04/08/2021;13:00:00;7302,03;7307,59;7288,13;7288,82;5323026114,00;72944
WDOFUT;04/08/2021;12:45:00;7309,67;7313,84;7300,64;7302,72;3798631649,00;51995
WDOFUT;04/08/2021;12:30:00;7314,54;7318,71;7304,11;7310,37;5993510343,00;81977
WDOFUT;04/08/2021;12:15:00;7277,01;7317,32;7276,31;7314,54;1,118643052E10;153245
WDOFUT;04/08/2021;12:00:00;7279,09;7292,30;7273,53;7276,31;8414365231,00;115547
WDOFUT;04/08/2021;11:45:00;7288,82;7301,33;7276,31;7279,09;8895513928,00;122022
WDOFUT;04/08/2021;11:30:00;7287,43;7306,20;7280,48;7288,82;1,273882793E10;174679
WDOFUT;04/08/2021;11:15:00;7239,47;7296,47;7238,78;7287,43;1,976187665E10;271747
WDOFUT;04/08/2021;11:00:00;7220,71;7250,59;7220,01;7239,47;1,517486249E10;209614
WDOFUT;04/08/2021;10:45:00;7222,10;7235,30;7208,20;7220,01;1,217973954E10;168674
WDOFUT;04/08/2021;10:30:00;7231,83;7238,78;7206,11;7222,10;1,529146764E10;211796
WDOFUT;04/08/2021;10:15:00;7248,51;7254,76;7226,96;7231,83;1,144565283E10;158073
WDOFUT;04/08/2021;10:00:00;7251,98;7261,71;7243,64;7248,51;9017754886,00;124367
WDOFUT;04/08/2021;09:45:00;7236,00;7254,76;7226,27;7251,98;1,133584784E10;156531
WDOFUT;04/08/2021;09:30:00;7272,84;7276,31;7235,30;7236,00;1,424234687E10;196326
WDOFUT;04/08/2021;09:15:00;7247,81;7281,87;7229,05;7272,84;1,904666744E10;262474
WDOFUT;04/08/2021;09:00:00;7233,91;7258,24;7216,54;7247,12;1,316360277E10;181869
WDOFUT;03/08/2021;17:45:00;7253,37;7256,15;7245,73;7254,76;1602792188,00;22107
WDOFUT;03/08/2021;17:30:00;7258,24;7259,63;7253,37;7253,37;1474832421,00;20326
WDOFUT;03/08/2021;17:15:00;7248,51;7261,71;7243,64;7258,93;2790683472,00;38477
WDOFUT;03/08/2021;17:00:00;7242,25;7249,90;7240,86;7248,51;1979859392,00;27326
WDOFUT;03/08/2021;16:45:00;7255,46;7255,46;7239,47;7242,25;3730382012,00;51468
WDOFUT;03/08/2021;16:30:00;7232,52;7255,46;7231,13;7255,46;4730367518,00;65315
WDOFUT;03/08/2021;16:15:00;7237,39;7243,64;7225,57;7231,83;7164035350,00;99031
WDOFUT;03/08/2021;16:00:00;7262,41;7263,10;7236,69;7236,69;7478671087,00;103129
WDOFUT;03/08/2021;15:45:00;7263,80;7268,67;7254,07;7262,41;5423038969,00;74675
WDOFUT;03/08/2021;15:30:00;7283,96;7286,04;7261,02;7263,80;6637271393,00;91255
WDOFUT;03/08/2021;15:15:00;7286,04;7295,08;7281,18;7283,96;4044912334,00;55505
WDOFUT;03/08/2021;15:00:00;7295,77;7297,86;7281,18;7286,04;5055722577,00;69358
WDOFUT;03/08/2021;14:45:00;7285,35;7297,16;7278,40;7295,77;4911552784,00;67403
WDOFUT;03/08/2021;14:30:00;7288,13;7294,38;7278,40;7284,65;4511102789,00;61915
WDOFUT;03/08/2021;14:15:00;7284,65;7292,30;7272,84;7288,13;6843384600,00;93970
WDOFUT;03/08/2021;14:00:00;7299,25;7299,94;7282,57;7285,35;6682445319,00;91662
WDOFUT;03/08/2021;13:45:00;7311,06;7318,01;7295,77;7299,25;7012452657,00;95962
WDOFUT;03/08/2021;13:30:00;7288,82;7318,01;7287,43;7311,06;6750852945,00;92400
WDOFUT;03/08/2021;13:15:00;7290,21;7299,25;7285,35;7288,82;5255387405,00;72064
WDOFUT;03/08/2021;13:00:00;7302,72;7306,20;7286,74;7290,21;5810122189,00;79648
WDOFUT;03/08/2021;12:45:00;7298,55;7306,89;7292,30;7303,42;7073831828,00;96918
WDOFUT;03/08/2021;12:30:00;7317,32;7317,32;7294,38;7299,25;6452292939,00;88306
WDOFUT;03/08/2021;12:15:00;7304,11;7324,96;7303,42;7318,01;7328528075,00;100148
WDOFUT;03/08/2021;12:00:00;7331,91;7335,39;7301,33;7304,11;1,197492369E10;163671
WDOFUT;03/08/2021;11:45:00;7329,13;7338,17;7320,10;7331,91;9001531835,00;122835
WDOFUT;03/08/2021;11:30:00;7338,86;7348,59;7327,05;7329,13;8114239550,00;110588
WDOFUT;03/08/2021;11:15:00;7345,81;7351,37;7333,30;7339,56;9440656125,00;128572
WDOFUT;03/08/2021;11:00:00;7345,12;7359,02;7330,52;7346,51;1,333474805E10;181508
WDOFUT;03/08/2021;10:45:00;7327,74;7352,07;7327,05;7345,12;1,191659491E10;162302
WDOFUT;03/08/2021;10:30:00;7315,93;7338,86;7305,50;7327,74;1,253176118E10;171133
WDOFUT;03/08/2021;10:15:00;7327,05;7331,22;7308,98;7315,23;9319524163,00;127304
WDOFUT;03/08/2021;10:00:00;7303,42;7337,47;7300,64;7327,05;1,27739126E10;174495
WDOFUT;03/08/2021;09:45:00;7308,28;7316,62;7292,30;7303,42;1,317138745E10;180301
WDOFUT;03/08/2021;09:30:00;7290,91;7333,30;7282,57;7308,28;2,3579072E10;322563
WDOFUT;03/08/2021;09:15:00;7252,68;7294,38;7251,98;7290,91;1,958935111E10;269393
WDOFUT;03/08/2021;09:00:00;7210,28;7253,37;7204,72;7251,98;1,459931561E10;201772
WDOFUT;02/08/2021;17:45:00;7232,52;7235,30;7214,45;7215,15;2313526904,00;32011
WDOFUT;02/08/2021;17:30:00;7229,05;7245,73;7228,35;7233,22;2339125957,00;32322
WDOFUT;02/08/2021;17:15:00;7270,06;7270,06;7227,66;7228,35;7563847581,00;104443
WDOFUT;02/08/2021;17:00:00;7206,81;7282,57;7204,03;7269,36;1,362996835E10;188223
WDOFUT;02/08/2021;16:45:00;7206,11;7208,20;7193,60;7206,81;4770577373,00;66250
WDOFUT;02/08/2021;16:30:00;7204,72;7211,67;7201,25;7206,81;3309732288,00;45928
WDOFUT;02/08/2021;16:15:00;7194,99;7208,89;7192,91;7205,42;5268799830,00;73158
WDOFUT;02/08/2021;16:00:00;7197,08;7199,16;7188,74;7194,99;4395466544,00;61102
WDOFUT;02/08/2021;15:45:00;7190,82;7204,72;7186,65;7197,08;6069740624,00;84370
WDOFUT;02/08/2021;15:30:00;7179,01;7192,91;7177,62;7190,82;5603138626,00;77960
WDOFUT;02/08/2021;15:15:00;7174,14;7184,57;7170,67;7179,01;4549527192,00;63392
WDOFUT;02/08/2021;15:00:00;7164,41;7188,04;7162,32;7173,45;8638971435,00;120363
WDOFUT;02/08/2021;14:45:00;7155,37;7165,10;7149,12;7165,10;5189738696,00;72520
WDOFUT;02/08/2021;14:30:00;7144,25;7156,07;7142,86;7156,07;3266821559,00;45687
WDOFUT;02/08/2021;14:15:00;7144,25;7149,81;7138,69;7144,25;3899596888,00;54583
WDOFUT;02/08/2021;14:00:00;7145,64;7153,29;7139,39;7144,95;4512414401,00;63139
WDOFUT;02/08/2021;13:45:00;7139,39;7147,03;7138,00;7144,95;3857060303,00;53998
WDOFUT;02/08/2021;13:30:00;7161,63;7161,63;7136,61;7139,39;6347828655,00;88804
WDOFUT;02/08/2021;13:15:00;7169,28;7176,23;7159,54;7161,63;4769218839,00;66547
WDOFUT;02/08/2021;13:00:00;7152,59;7171,36;7151,90;7169,28;7423412434,00;103630
WDOFUT;02/08/2021;12:45:00;7158,15;7159,54;7144,95;7152,59;4710543732,00;65857
WDOFUT;02/08/2021;12:30:00;7142,86;7160,24;7139,39;7158,15;6361559607,00;88997
WDOFUT;02/08/2021;12:15:00;7170,67;7174,84;7139,39;7142,86;8788067574,00;122801
WDOFUT;02/08/2021;12:00:00;7163,02;7177,62;7159,54;7169,97;5868213835,00;81854
WDOFUT;02/08/2021;11:45:00;7161,63;7171,36;7158,85;7163,02;5767296887,00;80491
WDOFUT;02/08/2021;11:30:00;7156,07;7168,58;7149,12;7160,93;8633057940,00;120619
WDOFUT;02/08/2021;11:15:00;7172,06;7172,75;7152,59;7156,07;9712741460,00;135635
WDOFUT;02/08/2021;11:00:00;7174,84;7179,70;7160,93;7172,06;1,012566552E10;141221
WDOFUT;02/08/2021;10:45:00;7176,92;7179,70;7169,28;7175,53;7090058529,00;98807
WDOFUT;02/08/2021;10:30:00;7173,45;7182,48;7165,80;7177,62;6963436466,00;97052
WDOFUT;02/08/2021;10:15:00;7176,92;7179,70;7163,02;7174,14;7472769811,00;104194
WDOFUT;02/08/2021;10:00:00;7176,92;7190,13;7169,97;7177,62;9772989373,00;136127
WDOFUT;02/08/2021;09:45:00;7166,50;7185,26;7158,85;7176,92;1,162315987E10;162090
WDOFUT;02/08/2021;09:30:00;7193,60;7199,16;7166,50;7166,50;1,357275628E10;188998
WDOFUT;02/08/2021;09:15:00;7216,54;7218,62;7192,21;7193,60;1,155746791E10;160480
WDOFUT;02/08/2021;09:00:00;7242,25;7248,51;7204,72;7216,54;1,284930232E10;177980
WDOFUT;30/07/2021;17:45:00;7258,24;7277,70;7256,85;7275,62;2568999844,00;35336
WDOFUT;30/07/2021;17:30:00;7283,96;7284,65;7249,90;7258,24;4103037856,00;56456
WDOFUT;30/07/2021;17:15:00;7281,18;7293,69;7277,01;7283,26;3133972589,00;43022
WDOFUT;30/07/2021;17:00:00;7268,67;7297,16;7266,58;7281,87;6892605966,00;94635
WDOFUT;30/07/2021;16:45:00;7263,80;7276,31;7261,02;7268,67;7154284148,00;98428
WDOFUT;30/07/2021;16:30:00;7254,07;7263,80;7247,12;7263,80;4046494509,00;55781
WDOFUT;30/07/2021;16:15:00;7254,07;7269,36;7247,81;7254,07;5425802223,00;74758
WDOFUT;30/07/2021;16:00:00;7245,03;7260,32;7240,17;7254,07;6620164815,00;91294
WDOFUT;30/07/2021;15:45:00;7240,17;7246,42;7235,30;7245,73;3901405137,00;53881
WDOFUT;30/07/2021;15:30:00;7249,20;7255,46;7239,47;7240,86;4644466890,00;64076
WDOFUT;30/07/2021;15:15:00;7235,30;7254,76;7230,44;7249,20;6443607934,00;88975
WDOFUT;30/07/2021;15:00:00;7220,01;7240,17;7217,93;7234,61;6293343012,00;87023
WDOFUT;30/07/2021;14:45:00;7218,62;7226,27;7213,76;7219,32;2947998728,00;40830
WDOFUT;30/07/2021;14:30:00;7222,79;7228,35;7212,37;7218,62;5202133855,00;72069
WDOFUT;30/07/2021;14:15:00;7211,67;7226,96;7211,67;7222,10;4875402907,00;67526
WDOFUT;30/07/2021;14:00:00;7201,25;7220,71;7200,55;7211,67;7171227658,00;99412
WDOFUT;30/07/2021;13:45:00;7199,16;7206,81;7194,99;7201,94;4818991867,00;66923
WDOFUT;30/07/2021;13:30:00;7184,57;7199,16;7182,48;7199,16;4389295198,00;61044
WDOFUT;30/07/2021;13:15:00;7178,31;7186,65;7178,31;7184,57;3013727796,00;41958
WDOFUT;30/07/2021;13:00:00;7177,62;7183,18;7169,97;7178,31;4740750499,00;66065
WDOFUT;30/07/2021;12:45:00;7187,35;7192,21;7170,67;7177,62;4872296682,00;67852
WDOFUT;30/07/2021;12:30:00;7186,65;7192,91;7181,79;7186,65;4831717049,00;67235
WDOFUT;30/07/2021;12:15:00;7185,26;7195,69;7182,48;7186,65;6079524263,00;84570
WDOFUT;30/07/2021;12:00:00;7185,96;7188,04;7174,14;7185,26;9471297996,00;131869
WDOFUT;30/07/2021;11:45:00;7175,53;7190,13;7158,85;7185,26;1,353426705E10;188656
WDOFUT;30/07/2021;11:30:00;7142,17;7179,01;7139,39;7175,53;1,269731374E10;177348
WDOFUT;30/07/2021;11:15:00;7115,76;7146,34;7114,37;7141,47;9704371431,00;136040
WDOFUT;30/07/2021;11:00:00;7103,94;7117,15;7096,30;7115,76;8694908087,00;122335
WDOFUT;30/07/2021;10:45:00;7112,98;7113,67;7088,65;7103,94;8554941330,00;120502
WDOFUT;30/07/2021;10:30:00;7116,45;7121,32;7106,72;7112,98;7399020795,00;103986
WDOFUT;30/07/2021;10:15:00;7126,88;7127,57;7101,16;7116,45;1,043867211E10;146759
WDOFUT;30/07/2021;10:00:00;7131,05;7135,22;7122,71;7126,88;5397334112,00;75717
WDOFUT;30/07/2021;09:45:00;7123,40;7134,52;7117,84;7131,05;7211203773,00;101189
WDOFUT;30/07/2021;09:30:00;7145,64;7146,34;7118,54;7123,40;8470547535,00;118805
WDOFUT;30/07/2021;09:15:00;7129,66;7151,20;7122,01;7145,64;8607951896,00;120615
WDOFUT;30/07/2021;09:00:00;7087,26;7146,34;7087,26;7129,66;1,060096435E10;148743
WDOFUT;29/07/2021;17:45:00;7086,55;7097,02;7085,15;7090,74;1701149392,00;23991
WDOFUT;29/07/2021;17:30:00;7079,57;7086,55;7076,78;7085,85;2026425797,00;28617
WDOFUT;29/07/2021;17:15:00;7086,55;7089,34;7078,17;7079,57;2011733177,00;28399
WDOFUT;29/07/2021;17:00:00;7090,04;7092,13;7082,36;7087,25;3153159663,00;44490
WDOFUT;29/07/2021;16:45:00;7090,04;7097,02;7088,64;7089,34;3447972569,00;48617
WDOFUT;29/07/2021;16:30:00;7088,64;7092,13;7086,55;7089,34;2878008016,00;40594
WDOFUT;29/07/2021;16:15:00;7077,48;7092,13;7075,38;7087,94;4921963732,00;69483
WDOFUT;29/07/2021;16:00:00;7067,71;7081,66;7067,01;7078,17;5796630143,00;81914
WDOFUT;29/07/2021;15:45:00;7087,94;7092,83;7064,91;7067,71;7775987458,00;109803
WDOFUT;29/07/2021;15:30:00;7072,59;7088,64;7069,80;7087,94;5843868894,00;82511
WDOFUT;29/07/2021;15:15:00;7080,27;7081,66;7069,80;7072,59;3984375417,00;56317
WDOFUT;29/07/2021;15:00:00;7073,29;7080,97;7067,71;7080,97;5382896503,00;76093
WDOFUT;29/07/2021;14:45:00;7066,31;7074,68;7062,12;7072,59;5501711484,00;77836
WDOFUT;29/07/2021;14:30:00;7069,10;7071,19;7062,12;7065,61;4487688075,00;63511
WDOFUT;29/07/2021;14:15:00;7066,31;7073,99;7063,52;7069,10;4035219263,00;57082
WDOFUT;29/07/2021;14:00:00;7061,42;7071,89;7057,24;7066,31;6361246899,00;90028
WDOFUT;29/07/2021;13:45:00;7059,33;7062,12;7053,75;7061,42;4426203574,00;62713
WDOFUT;29/07/2021;13:30:00;7043,28;7060,03;7040,49;7059,33;5105724519,00;72422
WDOFUT;29/07/2021;13:15:00;7043,98;7047,47;7037,00;7042,58;2732656114,00;38803
WDOFUT;29/07/2021;13:00:00;7052,35;7052,35;7038,39;7044,67;5378333516,00;76355
WDOFUT;29/07/2021;12:45:00;7049,56;7054,45;7040,49;7052,35;5705524399,00;80953
WDOFUT;29/07/2021;12:30:00;7051,65;7056,54;7048,86;7049,56;4563956663,00;64724
WDOFUT;29/07/2021;12:15:00;7053,75;7055,14;7049,56;7052,35;4761687938,00;67522
WDOFUT;29/07/2021;12:00:00;7064,91;7067,01;7052,35;7053,75;9842726128,00;139412
WDOFUT;29/07/2021;11:45:00;7082,36;7085,85;7063,52;7065,61;7479906462,00;105729
WDOFUT;29/07/2021;11:30:00;7069,80;7087,94;7069,10;7082,36;8868241202,00;125238
WDOFUT;29/07/2021;11:15:00;7077,48;7079,57;7064,22;7069,80;1,055762246E10;149318
WDOFUT;29/07/2021;11:00:00;7099,81;7101,90;7073,29;7077,48;1,365767172E10;192774
WDOFUT;29/07/2021;10:45:00;7085,85;7104,00;7077,48;7099,81;1,074476716E10;151503
WDOFUT;29/07/2021;10:30:00;7092,13;7101,90;7083,76;7085,15;9750532033,00;137496
WDOFUT;29/07/2021;10:15:00;7086,55;7099,11;7077,48;7092,13;9613540012,00;135614
WDOFUT;29/07/2021;10:00:00;7090,04;7099,81;7085,15;7087,25;1,015600436E10;143194
WDOFUT;29/07/2021;09:45:00;7085,15;7093,53;7080,97;7090,04;6120868753,00;86361
WDOFUT;29/07/2021;09:30:00;7106,09;7106,09;7079,57;7085,15;1,242844777E10;175322
WDOFUT;29/07/2021;09:15:00;7104,00;7106,79;7091,43;7105,39;5702192695,00;80331
WDOFUT;29/07/2021;09:00:00;7101,20;7107,49;7093,53;7104,00;7431946892,00;104650
WDOFUT;28/07/2021;17:45:00;7134,70;7147,96;7134,70;7147,27;2280975777,00;31936
WDOFUT;28/07/2021;17:30:00;7131,21;7139,59;7130,52;7135,40;2170354135,00;30417
WDOFUT;28/07/2021;17:15:00;7136,10;7136,80;7128,42;7131,21;2185814885,00;30643
WDOFUT;28/07/2021;17:00:00;7134,70;7136,80;7127,73;7136,10;3425526529,00;48023
WDOFUT;28/07/2021;16:45:00;7141,68;7144,48;7128,42;7134,70;4167373908,00;58400
WDOFUT;28/07/2021;16:30:00;7140,29;7145,87;7137,50;7142,38;2897074748,00;40563
WDOFUT;28/07/2021;16:15:00;7157,04;7157,04;7135,40;7140,29;6947835495,00;97252
WDOFUT;28/07/2021;16:00:00;7155,64;7159,83;7150,06;7157,04;4925121797,00;68831
WDOFUT;28/07/2021;15:45:00;7165,41;7166,11;7144,48;7156,34;1,33837872E10;187133
WDOFUT;28/07/2021;15:30:00;7211,47;7215,66;7160,53;7165,41;1,815277485E10;252645
WDOFUT;28/07/2021;15:15:00;7213,57;7225,43;7206,59;7211,47;6803846034,00;94301
WDOFUT;28/07/2021;15:00:00;7223,34;7250,56;7206,59;7212,87;1,504798786E10;208209
WDOFUT;28/07/2021;14:45:00;7227,53;7237,30;7205,19;7222,64;6498004074,00;89985
WDOFUT;28/07/2021;14:30:00;7224,04;7230,32;7221,24;7227,53;4033741912,00;55819
WDOFUT;28/07/2021;14:15:00;7214,96;7228,22;7214,96;7224,73;5685966117,00;78723
WDOFUT;28/07/2021;14:00:00;7214,96;7219,15;7211,47;7214,96;2347919998,00;32544
WDOFUT;28/07/2021;13:45:00;7213,57;7221,24;7210,08;7215,66;4751310094,00;65837
WDOFUT;28/07/2021;13:30:00;7213,57;7215,66;7210,78;7212,87;2456670698,00;34058
WDOFUT;28/07/2021;13:15:00;7196,82;7214,96;7191,93;7213,57;4610173510,00;64002
WDOFUT;28/07/2021;13:00:00;7198,21;7204,50;7193,33;7197,52;5564220254,00;77292
WDOFUT;28/07/2021;12:45:00;7215,66;7215,66;7196,82;7198,91;4379160866,00;60773
WDOFUT;28/07/2021;12:30:00;7210,78;7217,76;7203,10;7214,96;4533510953,00;62884
WDOFUT;28/07/2021;12:15:00;7212,17;7217,76;7207,29;7210,78;5537312633,00;76788
WDOFUT;28/07/2021;12:00:00;7217,06;7224,73;7208,68;7212,87;1,149496185E10;159304
WDOFUT;28/07/2021;11:45:00;7199,61;7221,94;7196,12;7217,06;1,636667717E10;227064
WDOFUT;28/07/2021;11:30:00;7175,88;7200,31;7175,18;7199,61;7401545904,00;102977
WDOFUT;28/07/2021;11:15:00;7178,67;7185,65;7171,00;7176,58;8155314117,00;113611
WDOFUT;28/07/2021;11:00:00;7171,00;7182,16;7160,53;7177,97;1,129601958E10;157556
WDOFUT;28/07/2021;10:45:00;7196,82;7197,52;7168,90;7171,00;1,404387252E10;195579
WDOFUT;28/07/2021;10:30:00;7204,50;7206,59;7185,65;7196,12;1,147023233E10;159457
WDOFUT;28/07/2021;10:15:00;7209,38;7212,17;7190,54;7204,50;1,001649419E10;139135
WDOFUT;28/07/2021;10:00:00;7214,96;7214,96;7200,31;7209,38;1,045397368E10;145050
WDOFUT;28/07/2021;09:45:00;7212,17;7227,53;7211,47;7214,96;1,011236401E10;140102
WDOFUT;28/07/2021;09:30:00;7200,31;7214,96;7196,12;7212,17;9473942606,00;131488
WDOFUT;28/07/2021;09:15:00;7204,50;7216,36;7198,21;7200,31;9043574872,00;125462
WDOFUT;28/07/2021;09:00:00;7221,24;7229,62;7200,31;7203,80;8718708851,00;120914
WDOFUT;27/07/2021;17:45:00;7225,43;7226,13;7219,15;7219,15;1713736929,00;23724
WDOFUT;27/07/2021;17:30:00;7223,34;7226,83;7220,55;7224,73;1296666706,00;17950
WDOFUT;27/07/2021;17:15:00;7224,04;7226,13;7218,45;7223,34;2078314912,00;28776
WDOFUT;27/07/2021;17:00:00;7226,13;7231,02;7222,64;7223,34;2701377892,00;37385
WDOFUT;27/07/2021;16:45:00;7225,43;7230,32;7221,94;7225,43;3682977340,00;50973
WDOFUT;27/07/2021;16:30:00;7232,41;7234,51;7224,73;7225,43;2427664094,00;33579
WDOFUT;27/07/2021;16:15:00;7235,20;7236,60;7228,92;7231,71;2007374621,00;27753
WDOFUT;27/07/2021;16:00:00;7235,90;7236,60;7228,92;7235,20;2594358644,00;35866
WDOFUT;27/07/2021;15:45:00;7235,90;7238,69;7228,92;7235,90;3696666571,00;51098
WDOFUT;27/07/2021;15:30:00;7227,53;7237,30;7226,83;7235,90;3129179749,00;43268
WDOFUT;27/07/2021;15:15:00;7233,81;7234,51;7224,73;7226,83;4051141232,00;56041
WDOFUT;27/07/2021;15:00:00;7231,71;7240,09;7226,83;7233,11;4620126650,00;63865
WDOFUT;27/07/2021;14:45:00;7227,53;7231,71;7218,45;7231,71;5647524967,00;78168
WDOFUT;27/07/2021;14:30:00;7233,11;7235,90;7221,24;7227,53;4832991448,00;66860
WDOFUT;27/07/2021;14:15:00;7219,85;7234,51;7217,76;7232,41;4571262173,00;63246
WDOFUT;27/07/2021;14:00:00;7221,24;7226,13;7216,36;7220,55;4466991835,00;61869
WDOFUT;27/07/2021;13:45:00;7215,66;7226,83;7215,66;7221,94;4592179273,00;63592
WDOFUT;27/07/2021;13:30:00;7213,57;7219,85;7212,17;7216,36;2854528766,00;39555
WDOFUT;27/07/2021;13:15:00;7212,17;7220,55;7209,38;7214,27;3479029073,00;48223
WDOFUT;27/07/2021;13:00:00;7206,59;7216,36;7205,19;7212,17;4989446988,00;69204
WDOFUT;27/07/2021;12:45:00;7217,76;7218,45;7205,19;7205,89;4996429821,00;69275
WDOFUT;27/07/2021;12:30:00;7202,40;7220,55;7199,61;7218,45;6287028937,00;87175
WDOFUT;27/07/2021;12:15:00;7194,72;7206,59;7191,23;7203,10;8356858743,00;116103
WDOFUT;27/07/2021;12:00:00;7210,78;7212,17;7194,72;7194,72;1,025544076E10;142361
WDOFUT;27/07/2021;11:45:00;7216,36;7226,13;7207,29;7211,47;7810951641,00;108237
WDOFUT;27/07/2021;11:30:00;7212,87;7223,34;7206,59;7215,66;8877329747,00;123024
WDOFUT;27/07/2021;11:15:00;7211,47;7224,04;7209,38;7212,17;8632586198,00;119624
WDOFUT;27/07/2021;11:00:00;7213,57;7217,76;7203,80;7211,47;9630051587,00;133558
WDOFUT;27/07/2021;10:45:00;7240,79;7242,88;7207,98;7213,57;1,322299603E10;183124
WDOFUT;27/07/2021;10:30:00;7221,94;7242,18;7217,06;7240,79;1,400291418E10;193741
WDOFUT;27/07/2021;10:15:00;7236,60;7240,09;7219,85;7221,94;1,037655986E10;143513
WDOFUT;27/07/2021;10:00:00;7250,56;7256,84;7229,62;7236,60;1,214459817E10;167718
WDOFUT;27/07/2021;09:45:00;7240,79;7270,10;7239,39;7251,25;1,396974817E10;192557
WDOFUT;27/07/2021;09:30:00;7228,92;7250,56;7216,36;7240,79;1,236380915E10;170887
WDOFUT;27/07/2021;09:15:00;7247,07;7260,33;7221,94;7228,92;1,315180875E10;181692
WDOFUT;27/07/2021;09:00:00;7252,65;7254,05;7233,11;7247,77;1,112771824E10;153607
WDOFUT;26/07/2021;17:45:00;7231,71;7240,79;7230,32;7230,32;2017375428,00;27881
WDOFUT;26/07/2021;17:30:00;7229,62;7233,81;7227,53;7231,02;1630607572,00;22550
WDOFUT;26/07/2021;17:15:00;7230,32;7235,20;7226,83;7228,92;2286973759,00;31627
WDOFUT;26/07/2021;17:00:00;7227,53;7231,02;7225,43;7229,62;1505920456,00;20832
WDOFUT;26/07/2021;16:45:00;7228,22;7233,11;7224,73;7227,53;2924374152,00;40450
WDOFUT;26/07/2021;16:30:00;7226,83;7229,62;7225,43;7228,22;1896084265,00;26234
WDOFUT;26/07/2021;16:15:00;7228,92;7229,62;7224,04;7226,13;2596972286,00;35937
WDOFUT;26/07/2021;16:00:00;7233,11;7239,39;7228,22;7228,22;4277218068,00;59123
WDOFUT;26/07/2021;15:45:00;7228,22;7236,60;7224,73;7233,11;3533506558,00;48868
WDOFUT;26/07/2021;15:30:00;7233,81;7234,51;7220,55;7227,53;4673542918,00;64665
WDOFUT;26/07/2021;15:15:00;7233,81;7235,90;7227,53;7233,11;3176080762,00;43917
WDOFUT;26/07/2021;15:00:00;7228,22;7237,30;7226,13;7233,81;6404100713,00;88551
WDOFUT;26/07/2021;14:45:00;7220,55;7229,62;7215,66;7228,22;3672815958,00;50854
WDOFUT;26/07/2021;14:30:00;7219,85;7222,64;7212,17;7221,24;2784813428,00;38580
WDOFUT;26/07/2021;14:15:00;7218,45;7223,34;7216,36;7219,85;4029255123,00;55808
WDOFUT;26/07/2021;14:00:00;7212,87;7222,64;7209,38;7218,45;5682447144,00;78734
WDOFUT;26/07/2021;13:45:00;7207,98;7215,66;7206,59;7212,87;4188073680,00;58075
WDOFUT;26/07/2021;13:30:00;7212,87;7215,66;7194,72;7207,29;8777457884,00;121843
WDOFUT;26/07/2021;13:15:00;7217,76;7223,34;7210,78;7212,87;4632110601,00;64184
WDOFUT;26/07/2021;13:00:00;7223,34;7224,73;7213,57;7217,76;5434749857,00;75278
WDOFUT;26/07/2021;12:45:00;7221,24;7228,92;7220,55;7223,34;3562900158,00;49312
WDOFUT;26/07/2021;12:30:00;7234,51;7236,60;7214,27;7221,24;7494084222,00;103728
WDOFUT;26/07/2021;12:15:00;7225,43;7237,30;7220,55;7233,81;4914909140,00;67973
WDOFUT;26/07/2021;12:00:00;7224,73;7231,71;7222,64;7226,13;5636671960,00;77998
WDOFUT;26/07/2021;11:45:00;7217,76;7231,71;7217,76;7225,43;7938236744,00;109866
WDOFUT;26/07/2021;11:30:00;7233,11;7233,11;7212,17;7217,76;1,25327308E10;173590
WDOFUT;26/07/2021;11:15:00;7235,20;7237,30;7226,13;7233,11;6418433108,00;88757
WDOFUT;26/07/2021;11:00:00;7235,20;7242,18;7228,22;7235,20;1,048699641E10;144939
WDOFUT;26/07/2021;10:45:00;7239,39;7249,86;7233,11;7235,20;1,115086304E10;154023
WDOFUT;26/07/2021;10:30:00;7284,06;7288,24;7237,99;7239,39;1,925287826E10;265262
WDOFUT;26/07/2021;10:15:00;7280,57;7291,73;7274,29;7284,06;8760796566,00;120299
WDOFUT;26/07/2021;10:00:00;7291,04;7298,01;7278,47;7279,87;8635912389,00;118465
WDOFUT;26/07/2021;09:45:00;7285,45;7304,99;7281,96;7290,34;1,0058092E10;137916
WDOFUT;26/07/2021;09:30:00;7270,10;7290,34;7265,21;7285,45;1,225954061E10;168387
WDOFUT;26/07/2021;09:15:00;7294,53;7298,01;7266,61;7269,40;9851948741,00;135292
WDOFUT;26/07/2021;09:00:00;7251,25;7298,71;7247,77;7294,53;1,066317738E10;146524
WDOFUT;23/07/2021;17:45:00;7274,98;7276,38;7261,03;7265,21;1962690574,00;27009
WDOFUT;23/07/2021;17:30:00;7270,10;7278,47;7266,61;7274,98;2312894364,00;31806
WDOFUT;23/07/2021;17:15:00;7274,29;7277,08;7267,31;7270,80;1951268884,00;26833
WDOFUT;23/07/2021;17:00:00;7277,08;7279,17;7272,19;7273,59;1897133638,00;26075
WDOFUT;23/07/2021;16:45:00;7282,66;7284,06;7274,29;7277,08;2707915091,00;37204
WDOFUT;23/07/2021;16:30:00;7288,24;7288,94;7276,38;7281,96;3278461929,00;45020
WDOFUT;23/07/2021;16:15:00;7296,62;7298,01;7284,06;7287,55;4152553376,00;56961
WDOFUT;23/07/2021;16:00:00;7293,13;7309,88;7293,13;7296,62;6402088710,00;87687
WDOFUT;23/07/2021;15:45:00;7291,04;7303,60;7289,64;7293,13;7055326207,00;96709
WDOFUT;23/07/2021;15:30:00;7261,03;7303,60;7258,23;7290,34;1,17378913E10;161168
WDOFUT;23/07/2021;15:15:00;7252,65;7261,72;7251,95;7260,33;2634195273,00;36295
WDOFUT;23/07/2021;15:00:00;7249,86;7256,84;7248,46;7253,35;2233458031,00;30793
WDOFUT;23/07/2021;14:45:00;7255,44;7268,70;7240,09;7249,86;9615113883,00;132511
WDOFUT;23/07/2021;14:30:00;7242,18;7255,44;7239,39;7254,74;4129659189,00;56989
WDOFUT;23/07/2021;14:15:00;7251,25;7254,74;7237,30;7242,18;4452498663,00;61451
WDOFUT;23/07/2021;14:00:00;7247,77;7255,44;7243,58;7251,25;6099750251,00;84140
WDOFUT;23/07/2021;13:45:00;7231,71;7249,16;7231,71;7248,46;5162390187,00;71290
WDOFUT;23/07/2021;13:30:00;7231,02;7238,69;7229,62;7231,71;3319464188,00;45890
WDOFUT;23/07/2021;13:15:00;7228,22;7231,71;7224,04;7231,02;2725763165,00;37709
WDOFUT;23/07/2021;13:00:00;7232,41;7235,90;7225,43;7227,53;3095810144,00;42812
WDOFUT;23/07/2021;12:45:00;7224,73;7235,90;7224,73;7232,41;3312473392,00;45815
WDOFUT;23/07/2021;12:30:00;7225,43;7233,81;7224,04;7224,73;3699134769,00;51175
WDOFUT;23/07/2021;12:15:00;7224,73;7238,69;7222,64;7225,43;7044843273,00;97432
WDOFUT;23/07/2021;12:00:00;7217,76;7226,83;7205,89;7225,43;1,153585539E10;159857
WDOFUT;23/07/2021;11:45:00;7229,62;7233,11;7216,36;7217,06;7411143042,00;102608
WDOFUT;23/07/2021;11:30:00;7242,88;7249,16;7221,94;7229,62;1,246522285E10;172321
WDOFUT;23/07/2021;11:15:00;7237,30;7251,25;7237,30;7242,88;1,000875363E10;138157
WDOFUT;23/07/2021;11:00:00;7233,81;7242,88;7226,83;7237,99;8327184681,00;115093
WDOFUT;23/07/2021;10:45:00;7217,76;7235,90;7214,27;7233,81;1,060278479E10;146732
WDOFUT;23/07/2021;10:30:00;7216,36;7227,53;7215,66;7218,45;9189463660,00;127252
WDOFUT;23/07/2021;10:15:00;7219,85;7222,64;7210,78;7216,36;6980775127,00;96737
WDOFUT;23/07/2021;10:00:00;7211,47;7221,24;7207,29;7219,15;8251048891,00;114375
WDOFUT;23/07/2021;09:45:00;7219,85;7226,83;7209,38;7212,17;8649271594,00;119817
WDOFUT;23/07/2021;09:30:00;7228,22;7233,11;7219,15;7219,85;9648272232,00;133513
WDOFUT;23/07/2021;09:15:00;7242,88;7249,16;7226,13;7228,22;9379920719,00;129595
WDOFUT;23/07/2021;09:00:00;7261,72;7262,42;7238,69;7242,88;9119057582,00;125778
WDOFUT;22/07/2021;17:45:00;7276,38;7277,08;7265,91;7270,10;1549239104,00;21309
WDOFUT;22/07/2021;17:30:00;7274,98;7277,78;7268,00;7275,68;1928048314,00;26512
WDOFUT;22/07/2021;17:15:00;7272,19;7275,68;7268,00;7275,68;1672072034,00;22992
WDOFUT;22/07/2021;17:00:00;7279,87;7284,06;7270,10;7271,49;2509387287,00;34485
WDOFUT;22/07/2021;16:45:00;7277,78;7281,26;7272,19;7279,87;2537320929,00;34874
WDOFUT;22/07/2021;16:30:00;7279,17;7281,96;7273,59;7277,78;2922334937,00;40159
WDOFUT;22/07/2021;16:15:00;7263,82;7279,87;7260,33;7278,47;4671973074,00;64270
WDOFUT;22/07/2021;16:00:00;7272,19;7273,59;7261,03;7263,12;4224210466,00;58132
WDOFUT;22/07/2021;15:45:00;7277,78;7284,75;7269,40;7271,49;6399922825,00;87941
WDOFUT;22/07/2021;15:30:00;7274,29;7277,78;7268,00;7277,78;3745303802,00;51493
WDOFUT;22/07/2021;15:15:00;7270,10;7279,87;7268,00;7274,29;4727775438,00;64992
WDOFUT;22/07/2021;15:00:00;7262,42;7281,26;7258,23;7270,10;7332409299,00;100874
WDOFUT;22/07/2021;14:45:00;7270,10;7273,59;7258,23;7261,72;5065574669,00;69730
WDOFUT;22/07/2021;14:30:00;7274,98;7275,68;7267,31;7270,80;4020246496,00;55290
WDOFUT;22/07/2021;14:15:00;7266,61;7278,47;7263,82;7274,29;4906467402,00;67491
WDOFUT;22/07/2021;14:00:00;7254,05;7268,00;7253,35;7266,61;4093351890,00;56368
WDOFUT;22/07/2021;13:45:00;7261,03;7263,82;7246,37;7253,35;6223538630,00;85805
WDOFUT;22/07/2021;13:30:00;7265,21;7270,10;7252,65;7261,03;5298402165,00;72963
WDOFUT;22/07/2021;13:15:00;7272,19;7275,68;7258,93;7265,91;6911989387,00;95101
WDOFUT;22/07/2021;13:00:00;7273,59;7277,08;7266,61;7272,19;6171392783,00;84860
WDOFUT;22/07/2021;12:45:00;7290,34;7295,92;7273,59;7273,59;5263491002,00;72245
WDOFUT;22/07/2021;12:30:00;7276,38;7300,11;7274,98;7290,34;9561903183,00;131147
WDOFUT;22/07/2021;12:15:00;7272,19;7284,75;7270,10;7275,68;6738032492,00;92596
WDOFUT;22/07/2021;12:00:00;7274,29;7279,17;7261,72;7272,19;8737694235,00;120165
WDOFUT;22/07/2021;11:45:00;7279,17;7285,45;7269,40;7274,29;7278668769,00;100019
WDOFUT;22/07/2021;11:30:00;7268,70;7285,45;7268,00;7279,17;6908556229,00;94937
WDOFUT;22/07/2021;11:15:00;7281,96;7282,66;7268,00;7268,70;8360769221,00;114951
WDOFUT;22/07/2021;11:00:00;7274,98;7296,62;7268,00;7281,96;1,479489107E10;203125
WDOFUT;22/07/2021;10:45:00;7265,91;7279,17;7257,54;7275,68;1,05779873E10;145542
WDOFUT;22/07/2021;10:30:00;7251,25;7282,66;7245,67;7265,91;1,828523033E10;251610
WDOFUT;22/07/2021;10:15:00;7258,93;7258,93;7241,48;7250,56;7571284390,00;104432
WDOFUT;22/07/2021;10:00:00;7231,02;7260,33;7226,83;7258,93;1,492613869E10;206058
WDOFUT;22/07/2021;09:45:00;7252,65;7259,63;7228,92;7230,32;1,282416731E10;176990
WDOFUT;22/07/2021;09:30:00;7231,71;7262,42;7220,55;7251,95;1,357574914E10;187372
WDOFUT;22/07/2021;09:15:00;7240,79;7251,95;7223,34;7231,71;1,465721732E10;202544
WDOFUT;22/07/2021;09:00:00;7241,48;7265,21;7240,09;7240,79;1,086041004E10;149724
WDOFUT;21/07/2021;17:45:00;7247,77;7254,05;7244,97;7248,46;1709431533,00;23582
WDOFUT;21/07/2021;17:30:00;7250,56;7252,65;7244,97;7247,77;1344945596,00;18555
WDOFUT;21/07/2021;17:15:00;7247,07;7251,25;7246,37;7249,86;1817659723,00;25075
WDOFUT;21/07/2021;17:00:00;7254,74;7254,74;7241,48;7247,77;2756855116,00;38042
WDOFUT;21/07/2021;16:45:00;7249,16;7256,14;7247,07;7254,74;3174738184,00;43774
WDOFUT;21/07/2021;16:30:00;7244,28;7251,25;7242,88;7249,86;2740342884,00;37810
WDOFUT;21/07/2021;16:15:00;7261,72;7261,72;7239,39;7244,97;8168255750,00;112680
WDOFUT;21/07/2021;16:00:00;7268,00;7268,70;7257,54;7261,03;4838003167,00;66601
WDOFUT;21/07/2021;15:45:00;7291,04;7291,04;7263,82;7267,31;7742766932,00;106440
WDOFUT;21/07/2021;15:30:00;7291,73;7293,13;7283,36;7291,04;3288350840,00;45116
WDOFUT;21/07/2021;15:15:00;7286,15;7293,13;7284,75;7291,73;4163955929,00;57126
WDOFUT;21/07/2021;15:00:00;7287,55;7288,24;7276,38;7286,15;5034743840,00;69124
WDOFUT;21/07/2021;14:45:00;7272,89;7287,55;7270,10;7286,85;4015600843,00;55168
WDOFUT;21/07/2021;14:30:00;7275,68;7283,36;7270,10;7273,59;5149799189,00;70778
WDOFUT;21/07/2021;14:15:00;7293,83;7294,53;7274,29;7276,38;8278021249,00;113676
WDOFUT;21/07/2021;14:00:00;7303,60;7303,60;7293,83;7293,83;3793596497,00;51982
WDOFUT;21/07/2021;13:45:00;7289,64;7304,30;7289,64;7303,60;4756094980,00;65163
WDOFUT;21/07/2021;13:30:00;7300,81;7304,30;7287,55;7290,34;5804246571,00;79564
WDOFUT;21/07/2021;13:15:00;7302,90;7309,18;7298,71;7300,81;3673258215,00;50295
WDOFUT;21/07/2021;13:00:00;7309,88;7313,37;7298,71;7302,20;9005019203,00;123262
WDOFUT;21/07/2021;12:45:00;7301,50;7311,27;7296,62;7309,18;7483635254,00;102465
WDOFUT;21/07/2021;12:30:00;7316,86;7321,05;7300,11;7301,50;8402820889,00;114971
WDOFUT;21/07/2021;12:15:00;7333,61;7335,70;7309,88;7316,16;1,293295261E10;176651
WDOFUT;21/07/2021;12:00:00;7341,28;7357,34;7333,61;7333,61;1,101753831E10;149981
WDOFUT;21/07/2021;11:45:00;7348,96;7358,73;7340,59;7341,98;9694406956,00;131902
WDOFUT;21/07/2021;11:30:00;7353,15;7374,78;7345,47;7348,96;1,328611287E10;180442
WDOFUT;21/07/2021;11:15:00;7342,68;7360,13;7338,49;7352,45;1,191080057E10;162027
WDOFUT;21/07/2021;11:00:00;7326,63;7344,77;7325,23;7343,38;1,19453947E10;162817
WDOFUT;21/07/2021;10:45:00;7339,19;7342,68;7322,44;7325,93;1,051762172E10;143432
WDOFUT;21/07/2021;10:30:00;7336,40;7346,17;7326,63;7339,19;1,396691008E10;190348
WDOFUT;21/07/2021;10:15:00;7342,68;7343,38;7319,65;7337,10;1,235380705E10;168519
WDOFUT;21/07/2021;10:00:00;7355,24;7355,94;7338,49;7343,38;1,330233617E10;181067
WDOFUT;21/07/2021;09:45:00;7341,98;7361,52;7340,59;7354,55;1,355352597E10;184371
WDOFUT;21/07/2021;09:30:00;7310,58;7348,96;7307,79;7341,98;1,503528145E10;205071
WDOFUT;21/07/2021;09:15:00;7326,63;7328,02;7305,69;7309,88;1,072115249E10;146578
WDOFUT;21/07/2021;09:00:00;7311,97;7335,70;7304,99;7326,63;1,186721955E10;162136
WDOFUT;20/07/2021;17:45:00;7293,13;7305,69;7287,55;7298,01;1720084813,00;23579
WDOFUT;20/07/2021;17:30:00;7303,60;7304,30;7288,94;7293,13;2259608144,00;30970
WDOFUT;20/07/2021;17:15:00;7300,81;7304,99;7297,32;7303,60;1878875251,00;25732
WDOFUT;20/07/2021;17:00:00;7309,18;7311,27;7295,22;7300,81;4889698816,00;66935
WDOFUT;20/07/2021;16:45:00;7304,30;7309,88;7300,11;7309,18;3251936168,00;44517
WDOFUT;20/07/2021;16:30:00;7291,73;7304,99;7291,73;7304,30;4171257908,00;57138
WDOFUT;20/07/2021;16:15:00;7281,96;7294,53;7281,96;7291,73;3218847679,00;44162
WDOFUT;20/07/2021;16:00:00;7281,96;7287,55;7278,47;7281,96;3727485591,00;51178
WDOFUT;20/07/2021;15:45:00;7291,73;7293,13;7281,26;7281,26;3824407066,00;52487
WDOFUT;20/07/2021;15:30:00;7293,13;7295,22;7288,24;7291,73;1960428015,00;26887
WDOFUT;20/07/2021;15:15:00;7293,83;7298,01;7287,55;7293,13;2845168485,00;39013
WDOFUT;20/07/2021;15:00:00;7296,62;7300,81;7286,85;7293,83;4025091542,00;55187
WDOFUT;20/07/2021;14:45:00;7292,43;7295,92;7286,15;7295,92;3435955313,00;47123
WDOFUT;20/07/2021;14:30:00;7297,32;7300,11;7283,36;7292,43;5349650971,00;73380
WDOFUT;20/07/2021;14:15:00;7289,64;7303,60;7286,15;7297,32;3642439740,00;49920
WDOFUT;20/07/2021;14:00:00;7279,87;7295,92;7279,17;7290,34;5478699790,00;75173
WDOFUT;20/07/2021;13:45:00;7294,53;7295,22;7277,78;7279,87;5368463365,00;73685
WDOFUT;20/07/2021;13:30:00;7306,39;7313,37;7290,34;7295,22;7334759013,00;100481
WDOFUT;20/07/2021;13:15:00;7304,30;7311,27;7300,11;7306,39;4514169567,00;61782
WDOFUT;20/07/2021;13:00:00;7295,92;7305,69;7293,13;7304,99;6444776157,00;88289
WDOFUT;20/07/2021;12:45:00;7285,45;7295,92;7270,10;7295,92;8749306558,00;120121
WDOFUT;20/07/2021;12:30:00;7309,18;7318,25;7282,66;7284,75;1,056873349E10;144751
WDOFUT;20/07/2021;12:15:00;7330,82;7335,70;7305,69;7308,48;8670934534,00;118482
WDOFUT;20/07/2021;12:00:00;7335,00;7341,28;7325,23;7330,12;8119816404,00;110720
WDOFUT;20/07/2021;11:45:00;7353,85;7358,73;7327,33;7335,70;9600601484,00;130767
WDOFUT;20/07/2021;11:30:00;7326,63;7358,03;7325,23;7354,55;1,010721683E10;137652
WDOFUT;20/07/2021;11:15:00;7337,10;7339,19;7309,88;7326,63;1,516860343E10;207137
WDOFUT;20/07/2021;11:00:00;7341,28;7346,17;7328,72;7337,10;1,404661235E10;191440
WDOFUT;20/07/2021;10:45:00;7388,04;7389,44;7336,40;7341,28;1,703970296E10;231459
WDOFUT;20/07/2021;10:30:00;7388,04;7399,91;7381,76;7387,35;1,414523694E10;191401
WDOFUT;20/07/2021;10:15:00;7379,67;7390,14;7370,60;7388,04;9659301042,00;130888
WDOFUT;20/07/2021;10:00:00;7367,11;7388,04;7362,92;7379,67;1,293753131E10;175354
WDOFUT;20/07/2021;09:45:00;7358,73;7380,37;7352,45;7366,41;1,297616135E10;176094
WDOFUT;20/07/2021;09:30:00;7342,68;7360,13;7329,42;7358,03;1,478753788E10;201406
WDOFUT;20/07/2021;09:15:00;7315,46;7346,17;7315,46;7341,98;1,644751927E10;224303
WDOFUT;20/07/2021;09:00:00;7324,54;7330,12;7311,27;7315,46;1,082627801E10;147919
WDOFUT;19/07/2021;17:45:00;7337,80;7346,87;7334,31;7339,19;2513791381,00;34246
WDOFUT;19/07/2021;17:30:00;7331,51;7343,38;7325,93;7337,80;3670247242,00;50045
WDOFUT;19/07/2021;17:15:00;7335,00;7337,80;7330,12;7330,82;1969492488,00;26854
WDOFUT;19/07/2021;17:00:00;7336,40;7341,28;7331,51;7335,70;3760228867,00;51255
WDOFUT;19/07/2021;16:45:00;7346,87;7348,26;7335,70;7336,40;3762248520,00;51257
WDOFUT;19/07/2021;16:30:00;7347,57;7348,96;7339,89;7346,87;4173579859,00;56823
WDOFUT;19/07/2021;16:15:00;7339,89;7348,96;7339,19;7348,26;4504673592,00;61338
WDOFUT;19/07/2021;16:00:00;7342,68;7342,68;7335,00;7339,19;4347154231,00;59234
WDOFUT;19/07/2021;15:45:00;7321,74;7346,17;7321,05;7342,68;9697335514,00;132218
WDOFUT;19/07/2021;15:30:00;7317,56;7327,33;7314,07;7321,05;5719438071,00;78116
WDOFUT;19/07/2021;15:15:00;7311,97;7318,95;7304,99;7317,56;4712196141,00;64449
WDOFUT;19/07/2021;15:00:00;7318,95;7321,05;7306,39;7312,67;4530262894,00;61955
WDOFUT;19/07/2021;14:45:00;7308,48;7321,05;7302,20;7319,65;6885050933,00;94151
WDOFUT;19/07/2021;14:30:00;7305,69;7311,27;7299,41;7308,48;4909654786,00;67208
WDOFUT;19/07/2021;14:15:00;7292,43;7311,27;7290,34;7304,99;4918017988,00;67369
WDOFUT;19/07/2021;14:00:00;7298,71;7305,69;7291,73;7292,43;4485207371,00;61450
WDOFUT;19/07/2021;13:45:00;7302,20;7304,99;7295,22;7298,01;4528979540,00;62044
WDOFUT;19/07/2021;13:30:00;7300,11;7311,27;7298,71;7301,50;8019650290,00;109782
WDOFUT;19/07/2021;13:15:00;7276,38;7300,11;7271,49;7300,11;7532906750,00;103359
WDOFUT;19/07/2021;13:00:00;7280,57;7288,94;7275,68;7276,38;4770819669,00;65525
WDOFUT;19/07/2021;12:45:00;7282,66;7290,34;7277,78;7281,26;4144491055,00;56894
WDOFUT;19/07/2021;12:30:00;7291,04;7292,43;7277,78;7282,66;6474458775,00;88885
WDOFUT;19/07/2021;12:15:00;7277,08;7292,43;7267,31;7291,73;8448215601,00;116017
WDOFUT;19/07/2021;12:00:00;7278,47;7283,36;7264,52;7276,38;8111798442,00;111514
WDOFUT;19/07/2021;11:45:00;7260,33;7283,36;7252,65;7277,78;9732509558,00;133897
WDOFUT;19/07/2021;11:30:00;7269,40;7275,68;7252,65;7260,33;8177778016,00;112571
WDOFUT;19/07/2021;11:15:00;7269,40;7283,36;7265,21;7270,10;8551470603,00;117571
WDOFUT;19/07/2021;11:00:00;7246,37;7283,36;7244,97;7269,40;1,719589258E10;236694
WDOFUT;19/07/2021;10:45:00;7230,32;7253,35;7216,36;7247,07;1,555990122E10;215064
WDOFUT;19/07/2021;10:30:00;7234,51;7249,86;7226,83;7230,32;1,635012269E10;225882
WDOFUT;19/07/2021;10:15:00;7249,86;7263,82;7234,51;7234,51;9874225915,00;136185
WDOFUT;19/07/2021;10:00:00;7261,72;7270,80;7244,28;7249,86;1,102071619E10;151892
WDOFUT;19/07/2021;09:45:00;7254,74;7265,21;7241,48;7261,72;1,161778122E10;160197
WDOFUT;19/07/2021;09:30:00;7263,12;7266,61;7244,28;7254,74;1,111426772E10;153188
WDOFUT;19/07/2021;09:15:00;7223,34;7263,12;7222,64;7263,12;1,419402506E10;195850
WDOFUT;19/07/2021;09:00:00;7209,38;7246,37;7201,01;7222,64;1,366901897E10;189152
WDOFUT;16/07/2021;17:45:00;7157,04;7161,92;7147,96;7150,76;1771715067,00;24755
WDOFUT;16/07/2021;17:30:00;7155,64;7157,04;7152,15;7156,34;1341424055,00;18749
WDOFUT;16/07/2021;17:15:00;7152,15;7157,74;7147,27;7155,64;2337436261,00;32678
WDOFUT;16/07/2021;17:00:00;7151,45;7155,64;7149,36;7152,85;1831283694,00;25603
WDOFUT;16/07/2021;16:45:00;7158,43;7158,43;7149,36;7151,45;3643255349,00;50931
WDOFUT;16/07/2021;16:30:00;7159,13;7162,62;7154,94;7158,43;2610759148,00;36470
WDOFUT;16/07/2021;16:15:00;7161,22;7164,71;7154,25;7159,13;3668226968,00;51238
WDOFUT;16/07/2021;16:00:00;7147,96;7163,32;7145,17;7161,22;5582952618,00;78030
WDOFUT;16/07/2021;15:45:00;7144,48;7150,76;7140,99;7147,27;3007765232,00;42091
WDOFUT;16/07/2021;15:30:00;7143,78;7151,45;7140,99;7143,78;3649804307,00;51072
WDOFUT;16/07/2021;15:15:00;7143,78;7149,36;7136,10;7144,48;5399482698,00;75598
WDOFUT;16/07/2021;15:00:00;7123,54;7146,57;7123,54;7143,08;6598415315,00;92488
WDOFUT;16/07/2021;14:45:00;7111,67;7129,12;7111,67;7123,54;5202408586,00;73052
WDOFUT;16/07/2021;14:30:00;7107,49;7115,86;7101,20;7111,67;3273845678,00;46055
WDOFUT;16/07/2021;14:15:00;7106,79;7113,77;7097,72;7107,49;3563500191,00;50146
WDOFUT;16/07/2021;14:00:00;7101,20;7111,67;7097,02;7106,79;5056785757,00;71179
WDOFUT;16/07/2021;13:45:00;7113,77;7115,16;7093,53;7101,90;5924096646,00;83400
WDOFUT;16/07/2021;13:30:00;7121,44;7126,33;7111,67;7114,47;3873375098,00;54415
WDOFUT;16/07/2021;13:15:00;7110,98;7122,14;7107,49;7121,44;3112797594,00;43750
WDOFUT;16/07/2021;13:00:00;7119,35;7124,93;7110,98;7110,98;5106289405,00;71740
WDOFUT;16/07/2021;12:45:00;7127,73;7131,21;7115,16;7118,65;3784466051,00;53138
WDOFUT;16/07/2021;12:30:00;7121,44;7129,82;7117,26;7128,42;3840953236,00;53924
WDOFUT;16/07/2021;12:15:00;7124,24;7140,29;7114,47;7121,44;8010801986,00;112399
WDOFUT;16/07/2021;12:00:00;7097,72;7127,73;7095,62;7124,24;1,095807352E10;154117
WDOFUT;16/07/2021;11:45:00;7121,44;7126,33;7096,32;7097,02;1,25016137E10;175853
WDOFUT;16/07/2021;11:30:00;7137,50;7141,68;7112,37;7121,44;1,501886488E10;210760
WDOFUT;16/07/2021;11:15:00;7154,94;7159,13;7136,10;7137,50;8526109950,00;119285
WDOFUT;16/07/2021;11:00:00;7142,38;7166,81;7135,40;7154,94;1,244846618E10;174126
WDOFUT;16/07/2021;10:45:00;7151,45;7167,51;7142,38;7143,08;1,094067329E10;152863
WDOFUT;16/07/2021;10:30:00;7132,61;7157,04;7130,52;7150,76;1,015077952E10;142050
WDOFUT;16/07/2021;10:15:00;7132,61;7142,38;7120,05;7133,31;1,036933585E10;145418
WDOFUT;16/07/2021;10:00:00;7134,70;7145,17;7120,75;7132,61;1,128031499E10;158129
WDOFUT;16/07/2021;09:45:00;7131,21;7139,59;7124,24;7134,70;8725763045,00;122363
WDOFUT;16/07/2021;09:30:00;7110,98;7157,74;7108,18;7131,21;2,155654936E10;302123
WDOFUT;16/07/2021;09:15:00;7124,93;7126,33;7099,81;7110,28;1,463752837E10;205781
WDOFUT;16/07/2021;09:00:00;7138,19;7140,29;7117,26;7124,24;1,043758476E10;146387
WDOFUT;15/07/2021;17:45:00;7150,76;7151,45;7143,78;7150,76;1511200025,00;21144
WDOFUT;15/07/2021;17:30:00;7150,06;7152,15;7146,57;7150,06;1203079406,00;16828
WDOFUT;15/07/2021;17:15:00;7150,06;7153,55;7147,27;7150,76;1821202056,00;25472
WDOFUT;15/07/2021;17:00:00;7154,25;7155,64;7147,27;7150,06;2697961986,00;37734
WDOFUT;15/07/2021;16:45:00;7164,71;7164,71;7151,45;7154,25;3879905875,00;54206
WDOFUT;15/07/2021;16:30:00;7162,62;7166,11;7159,83;7164,71;2709184130,00;37821
WDOFUT;15/07/2021;16:15:00;7172,39;7176,58;7160,53;7161,92;3424170795,00;47766
WDOFUT;15/07/2021;16:00:00;7175,88;7178,67;7166,11;7172,39;3858651400,00;53813
WDOFUT;15/07/2021;15:45:00;7175,18;7182,86;7172,39;7176,58;5369589536,00;74819
WDOFUT;15/07/2021;15:30:00;7159,83;7175,88;7159,13;7175,88;3998505775,00;55787
WDOFUT;15/07/2021;15:15:00;7176,58;7179,37;7154,25;7159,83;5737001838,00;80059
WDOFUT;15/07/2021;15:00:00;7183,56;7184,95;7168,20;7176,58;4543540465,00;63321
WDOFUT;15/07/2021;14:45:00;7175,18;7184,26;7168,20;7184,26;5798463085,00;80807
WDOFUT;15/07/2021;14:30:00;7160,53;7176,58;7159,83;7174,49;5720854152,00;79809
WDOFUT;15/07/2021;14:15:00;7174,49;7182,16;7158,43;7161,22;7709643611,00;107526
WDOFUT;15/07/2021;14:00:00;7150,06;7175,88;7146,57;7175,18;7240898175,00;101128
WDOFUT;15/07/2021;13:45:00;7134,70;7154,94;7132,61;7150,06;5438702873,00;76120
WDOFUT;15/07/2021;13:30:00;7147,96;7150,06;7132,61;7135,40;6266041474,00;87730
WDOFUT;15/07/2021;13:15:00;7156,34;7159,83;7147,27;7147,27;3132507936,00;43793
WDOFUT;15/07/2021;13:00:00;7157,74;7164,02;7145,17;7155,64;6549893971,00;91555
WDOFUT;15/07/2021;12:45:00;7148,66;7160,53;7140,99;7157,04;5784010573,00;80902
WDOFUT;15/07/2021;12:30:00;7154,94;7157,04;7145,87;7148,66;4137311810,00;57848
WDOFUT;15/07/2021;12:15:00;7134,01;7164,71;7133,31;7154,94;1,047621165E10;146490
WDOFUT;15/07/2021;12:00:00;7134,70;7143,08;7126,33;7133,31;6812539647,00;95495
WDOFUT;15/07/2021;11:45:00;7137,50;7146,57;7129,82;7134,70;1,081253508E10;151479
WDOFUT;15/07/2021;11:30:00;7129,12;7138,89;7112,37;7137,50;8121145945,00;113983
WDOFUT;15/07/2021;11:15:00;7108,18;7132,61;7107,49;7129,12;9548177904,00;134118
WDOFUT;15/07/2021;11:00:00;7124,24;7134,01;7105,39;7108,88;1,177076663E10;165325
WDOFUT;15/07/2021;10:45:00;7126,33;7144,48;7116,56;7124,24;1,27505229E10;178847
WDOFUT;15/07/2021;10:30:00;7122,84;7131,21;7097,72;7126,33;1,437854593E10;202094
WDOFUT;15/07/2021;10:15:00;7105,39;7128,42;7105,39;7122,14;1,224981441E10;172085
WDOFUT;15/07/2021;10:00:00;7099,11;7115,16;7092,83;7106,09;1,33897404E10;188467
WDOFUT;15/07/2021;09:45:00;7083,76;7106,79;7080,97;7099,11;1,222271891E10;172290
WDOFUT;15/07/2021;09:30:00;7070,50;7086,55;7067,01;7083,76;1,191615731E10;168359
WDOFUT;15/07/2021;09:15:00;7111,67;7117,26;7065,61;7069,80;1,472408989E10;207557
WDOFUT;15/07/2021;09:00:00;7109,58;7125,63;7106,79;7111,67;1,094865813E10;153847
WDOFUT;14/07/2021;17:45:00;7097,02;7101,20;7090,74;7093,53;2283311037,00;32179
WDOFUT;14/07/2021;17:30:00;7104,69;7109,58;7095,62;7097,72;2586738483,00;36422
WDOFUT;14/07/2021;17:15:00;7107,49;7113,07;7104,00;7104,00;1965429538,00;27649
WDOFUT;14/07/2021;17:00:00;7110,98;7115,16;7101,90;7106,79;2857431425,00;40201
WDOFUT;14/07/2021;16:45:00;7097,02;7112,37;7092,13;7110,98;4514228457,00;63560
WDOFUT;14/07/2021;16:30:00;7093,53;7101,90;7092,13;7096,32;3381709931,00;47648
WDOFUT;14/07/2021;16:15:00;7108,18;7109,58;7090,74;7092,83;4762911537,00;67101
WDOFUT;14/07/2021;16:00:00;7102,60;7111,67;7100,51;7107,49;3975317253,00;55939
WDOFUT;14/07/2021;15:45:00;7101,90;7110,28;7100,51;7102,60;4971044504,00;69965
WDOFUT;14/07/2021;15:30:00;7102,60;7106,09;7093,53;7101,20;5176013648,00;72896
WDOFUT;14/07/2021;15:15:00;7120,05;7124,93;7098,41;7102,60;8386809664,00;117922
WDOFUT;14/07/2021;15:00:00;7113,77;7119,35;7107,49;7119,35;3662298617,00;51490
WDOFUT;14/07/2021;14:45:00;7109,58;7118,65;7108,18;7114,47;2519009367,00;35412
WDOFUT;14/07/2021;14:30:00;7111,67;7113,07;7106,09;7109,58;2414905863,00;33965
WDOFUT;14/07/2021;14:15:00;7113,77;7118,65;7110,28;7111,67;4087562527,00;57449
WDOFUT;14/07/2021;14:00:00;7112,37;7118,65;7107,49;7113,77;3691004144,00;51889
WDOFUT;14/07/2021;13:45:00;7115,86;7120,05;7106,79;7112,37;3620307863,00;50900
WDOFUT;14/07/2021;13:30:00;7113,07;7119,35;7108,18;7115,86;3484886830,00;48990
WDOFUT;14/07/2021;13:15:00;7119,35;7121,44;7105,39;7112,37;4174745448,00;58687
WDOFUT;14/07/2021;13:00:00;7111,67;7120,75;7109,58;7119,35;5477298951,00;76983
WDOFUT;14/07/2021;12:45:00;7129,82;7130,52;7108,88;7111,67;6431888332,00;90342
WDOFUT;14/07/2021;12:30:00;7108,18;7133,31;7100,51;7129,82;1,056436254E10;148364
WDOFUT;14/07/2021;12:15:00;7106,09;7111,67;7090,74;7108,88;6999575342,00;98585
WDOFUT;14/07/2021;12:00:00;7104,69;7116,56;7101,20;7106,79;6073474579,00;85431
WDOFUT;14/07/2021;11:45:00;7120,05;7120,05;7096,32;7104,00;8561767944,00;120476
WDOFUT;14/07/2021;11:30:00;7105,39;7120,75;7101,20;7120,05;9194152305,00;129272
WDOFUT;14/07/2021;11:15:00;7104,69;7107,49;7085,85;7104,69;1,201336391E10;169307
WDOFUT;14/07/2021;11:00:00;7114,47;7118,65;7096,32;7104,69;1,481084639E10;208365
WDOFUT;14/07/2021;10:45:00;7141,68;7145,17;7110,98;7115,16;1,301167384E10;182528
WDOFUT;14/07/2021;10:30:00;7127,03;7150,06;7122,84;7140,99;1,130596591E10;158440
WDOFUT;14/07/2021;10:15:00;7137,50;7150,06;7126,33;7126,33;9414490976,00;131867
WDOFUT;14/07/2021;10:00:00;7140,29;7143,08;7124,93;7136,80;1,050652348E10;147290
WDOFUT;14/07/2021;09:45:00;7139,59;7153,55;7131,91;7140,29;1,191315925E10;166823
WDOFUT;14/07/2021;09:30:00;7151,45;7154,25;7121,44;7139,59;2,177344877E10;305195
WDOFUT;14/07/2021;09:15:00;7174,49;7180,07;7149,36;7151,45;1,419578912E10;198144
WDOFUT;14/07/2021;09:00:00;7206,59;7212,87;7172,39;7173,79;1,263917742E10;175683
WDOFUT;13/07/2021;17:45:00;7231,71;7235,20;7221,24;7221,94;2139610936,00;29599
WDOFUT;13/07/2021;17:30:00;7239,39;7239,39;7228,22;7232,41;1925686533,00;26621
WDOFUT;13/07/2021;17:15:00;7240,09;7243,58;7237,30;7238,69;1660358675,00;22932
WDOFUT;13/07/2021;17:00:00;7247,77;7248,46;7240,09;7240,09;1991562202,00;27497
WDOFUT;13/07/2021;16:45:00;7236,60;7250,56;7235,90;7248,46;5012705099,00;69194
WDOFUT;13/07/2021;16:30:00;7234,51;7239,39;7232,41;7237,30;3256727133,00;45009
WDOFUT;13/07/2021;16:15:00;7232,41;7235,20;7225,43;7234,51;4246427209,00;58732
WDOFUT;13/07/2021;16:00:00;7227,53;7233,11;7223,34;7232,41;3132634885,00;43342
WDOFUT;13/07/2021;15:45:00;7231,71;7235,90;7226,13;7227,53;3161427204,00;43721
WDOFUT;13/07/2021;15:30:00;7228,92;7233,11;7217,76;7232,41;4899345086,00;67802
WDOFUT;13/07/2021;15:15:00;7242,18;7247,07;7225,43;7228,22;5209028696,00;71981
WDOFUT;13/07/2021;15:00:00;7236,60;7254,74;7236,60;7242,18;6982882778,00;96369
WDOFUT;13/07/2021;14:45:00;7250,56;7255,44;7233,81;7236,60;8689369366,00;119943
WDOFUT;13/07/2021;14:30:00;7236,60;7251,25;7231,71;7250,56;9655294490,00;133342
WDOFUT;13/07/2021;14:15:00;7221,94;7240,79;7221,24;7236,60;9437552165,00;130526
WDOFUT;13/07/2021;14:00:00;7216,36;7227,53;7212,17;7222,64;6817915144,00;94427
WDOFUT;13/07/2021;13:45:00;7210,08;7218,45;7200,31;7216,36;6655208707,00;92311
WDOFUT;13/07/2021;13:30:00;7214,27;7215,66;7207,98;7210,08;2851171966,00;39536
WDOFUT;13/07/2021;13:15:00;7214,96;7218,45;7212,17;7214,27;3074554154,00;42610
WDOFUT;13/07/2021;13:00:00;7210,78;7217,76;7206,59;7214,96;5648575345,00;78340
WDOFUT;13/07/2021;12:45:00;7216,36;7223,34;7209,38;7210,08;4723825277,00;65466
WDOFUT;13/07/2021;12:30:00;7233,11;7235,20;7207,98;7215,66;7847265047,00;108698
WDOFUT;13/07/2021;12:15:00;7224,73;7236,60;7224,73;7233,81;5154739876,00;71296
WDOFUT;13/07/2021;12:00:00;7226,13;7233,81;7214,96;7225,43;9166062387,00;126908
WDOFUT;13/07/2021;11:45:00;7237,30;7244,28;7219,15;7225,43;9689285707,00;134023
WDOFUT;13/07/2021;11:30:00;7228,22;7242,18;7225,43;7237,30;8495550691,00;117434
WDOFUT;13/07/2021;11:15:00;7225,43;7232,41;7211,47;7228,22;9386389104,00;129949
WDOFUT;13/07/2021;11:00:00;7258,23;7258,93;7217,76;7225,43;1,566809248E10;216460
WDOFUT;13/07/2021;10:45:00;7284,75;7285,45;7247,77;7258,93;1,307818596E10;180097
WDOFUT;13/07/2021;10:30:00;7259,63;7288,24;7257,54;7284,06;1,191471952E10;163840
WDOFUT;13/07/2021;10:15:00;7276,38;7284,06;7249,86;7260,33;1,295405704E10;178269
WDOFUT;13/07/2021;10:00:00;7297,32;7299,41;7270,80;7275,68;1,309844124E10;179794
WDOFUT;13/07/2021;09:45:00;7256,84;7304,99;7247,07;7296,62;2,190405207E10;300985
WDOFUT;13/07/2021;09:30:00;7233,11;7274,29;7232,41;7256,84;1,672479741E10;230589
WDOFUT;13/07/2021;09:15:00;7240,09;7247,07;7228,22;7233,11;8516615817,00;117660
WDOFUT;13/07/2021;09:00:00;7243,58;7249,16;7232,41;7240,79;9178997098,00;126761
WDOFUT;12/07/2021;17:45:00;7237,30;7241,48;7228,22;7234,51;2464838396,00;34066
WDOFUT;12/07/2021;17:30:00;7238,69;7244,97;7235,90;7237,30;2401781197,00;33172
WDOFUT;12/07/2021;17:15:00;7233,81;7238,69;7233,11;7237,99;2142821322,00;29613
WDOFUT;12/07/2021;17:00:00;7237,30;7240,09;7233,11;7234,51;2375642139,00;32829
WDOFUT;12/07/2021;16:45:00;7229,62;7242,18;7228,22;7237,30;5102223970,00;70521
WDOFUT;12/07/2021;16:30:00;7232,41;7235,90;7223,34;7230,32;6913506567,00;95632
WDOFUT;12/07/2021;16:15:00;7251,25;7251,95;7230,32;7232,41;5942992126,00;82075
WDOFUT;12/07/2021;16:00:00;7249,86;7253,35;7245,67;7250,56;3027630341,00;41765
WDOFUT;12/07/2021;15:45:00;7252,65;7254,74;7247,07;7250,56;2811245355,00;38773
WDOFUT;12/07/2021;15:30:00;7249,16;7254,05;7246,37;7252,65;2501104518,00;34496
WDOFUT;12/07/2021;15:15:00;7257,54;7258,23;7245,67;7248,46;3922850096,00;54100
WDOFUT;12/07/2021;15:00:00;7250,56;7266,61;7249,16;7257,54;7034405737,00;96904
WDOFUT;12/07/2021;14:45:00;7242,88;7253,35;7241,48;7250,56;4370620513,00;60291
WDOFUT;12/07/2021;14:30:00;7258,93;7258,93;7239,39;7242,18;7392434113,00;101978
WDOFUT;12/07/2021;14:15:00;7251,95;7258,93;7250,56;7258,93;3874085393,00;53397
WDOFUT;12/07/2021;14:00:00;7252,65;7254,05;7245,67;7251,25;4082011842,00;56301
WDOFUT;12/07/2021;13:45:00;7263,12;7269,40;7247,07;7252,65;7932792182,00;109336
WDOFUT;12/07/2021;13:30:00;7269,40;7270,10;7258,23;7263,82;5317978055,00;73210
WDOFUT;12/07/2021;13:15:00;7270,10;7275,68;7267,31;7268,70;3349220449,00;46062
WDOFUT;12/07/2021;13:00:00;7267,31;7281,26;7263,82;7269,40;7252778829,00;99734
WDOFUT;12/07/2021;12:45:00;7268,00;7279,17;7266,61;7267,31;6564237763,00;90269
WDOFUT;12/07/2021;12:30:00;7272,19;7274,98;7261,03;7268,00;8654440371,00;119069
WDOFUT;12/07/2021;12:15:00;7283,36;7284,75;7270,80;7272,19;7536066308,00;103555
WDOFUT;12/07/2021;12:00:00;7293,83;7300,81;7279,87;7282,66;1,130473776E10;155096
WDOFUT;12/07/2021;11:45:00;7310,58;7312,67;7291,04;7293,83;1,088221343E10;149011
WDOFUT;12/07/2021;11:30:00;7329,42;7333,61;7309,88;7310,58;9808232181,00;133945
WDOFUT;12/07/2021;11:15:00;7341,98;7346,17;7328,02;7328,72;7207311332,00;98216
WDOFUT;12/07/2021;11:00:00;7336,40;7351,75;7334,31;7342,68;9002211746,00;122598
WDOFUT;12/07/2021;10:45:00;7330,82;7348,96;7321,05;7336,40;9504491612,00;129553
WDOFUT;12/07/2021;10:30:00;7328,72;7341,28;7323,84;7330,12;8612194553,00;117460
WDOFUT;12/07/2021;10:15:00;7332,91;7339,19;7318,25;7328,72;7896646184,00;107744
WDOFUT;12/07/2021;10:00:00;7340,59;7341,28;7321,05;7333,61;1,286955561E10;175551
WDOFUT;12/07/2021;09:45:00;7360,83;7379,67;7338,49;7340,59;1,439750393E10;195585
WDOFUT;12/07/2021;09:30:00;7367,11;7379,67;7346,17;7360,83;1,626277505E10;220948
WDOFUT;12/07/2021;09:15:00;7367,81;7370,60;7351,06;7367,81;1,116708873E10;151724
WDOFUT;12/07/2021;09:00:00;7351,06;7392,93;7348,96;7367,11;1,403449593E10;190219
WDOFUT;08/07/2021;17:45:00;7348,96;7364,32;7348,26;7358,73;1426044609,00;19387
WDOFUT;08/07/2021;17:30:00;7351,06;7354,55;7345,47;7348,26;1411096597,00;19197
WDOFUT;08/07/2021;17:15:00;7352,45;7355,24;7344,08;7351,06;2336299524,00;31788
WDOFUT;08/07/2021;17:00:00;7351,75;7357,34;7350,36;7351,75;1769653540,00;24065
WDOFUT;08/07/2021;16:45:00;7355,24;7358,73;7348,96;7351,75;2701041390,00;36727
WDOFUT;08/07/2021;16:30:00;7353,15;7357,34;7347,57;7355,24;3283710979,00;44662
WDOFUT;08/07/2021;16:15:00;7358,03;7362,22;7351,75;7352,45;2965292789,00;40308
WDOFUT;08/07/2021;16:00:00;7354,55;7360,83;7351,75;7358,03;3455017669,00;46968
WDOFUT;08/07/2021;15:45:00;7355,24;7359,43;7346,17;7353,85;4232253218,00;57566
WDOFUT;08/07/2021;15:30:00;7345,47;7360,13;7345,47;7355,24;4701490504,00;63933
WDOFUT;08/07/2021;15:15:00;7344,77;7351,75;7340,59;7344,77;3758447941,00;51167
WDOFUT;08/07/2021;15:00:00;7337,80;7345,47;7333,61;7344,77;3700277752,00;50416
WDOFUT;08/07/2021;14:45:00;7333,61;7342,68;7324,54;7338,49;4899768527,00;66810
WDOFUT;08/07/2021;14:30:00;7353,15;7355,24;7330,12;7333,61;6176677454,00;84147
WDOFUT;08/07/2021;14:15:00;7348,26;7357,34;7343,38;7353,15;5189671411,00;70600
WDOFUT;08/07/2021;14:00:00;7330,12;7349,66;7328,02;7348,26;8399986660,00;114440
WDOFUT;08/07/2021;13:45:00;7315,46;7332,21;7314,76;7329,42;6341444936,00;86570
WDOFUT;08/07/2021;13:30:00;7310,58;7325,93;7309,18;7314,76;6327933447,00;86488
WDOFUT;08/07/2021;13:15:00;7311,97;7321,05;7302,90;7310,58;6755904400,00;92403
WDOFUT;08/07/2021;13:00:00;7325,93;7327,33;7310,58;7312,67;7397782545,00;101080
WDOFUT;08/07/2021;12:45:00;7337,10;7344,08;7322,44;7326,63;6388218232,00;87136
WDOFUT;08/07/2021;12:30:00;7349,66;7354,55;7324,54;7337,10;9998873746,00;136216
WDOFUT;08/07/2021;12:15:00;7369,20;7376,88;7347,57;7349,66;9196310785,00;124910
WDOFUT;08/07/2021;12:00:00;7397,12;7397,82;7351,75;7369,20;1,882396238E10;255212
WDOFUT;08/07/2021;11:45:00;7389,44;7405,49;7384,56;7396,42;1,151525064E10;155722
WDOFUT;08/07/2021;11:30:00;7399,91;7435,50;7387,35;7387,35;1,47972222E10;199559
WDOFUT;08/07/2021;11:15:00;7383,86;7424,34;7375,48;7400,61;2,090392086E10;282248
WDOFUT;08/07/2021;11:00:00;7375,48;7390,84;7363,62;7383,16;1,292290562E10;175161
WDOFUT;08/07/2021;10:45:00;7385,95;7394,33;7371,99;7375,48;1,296597234E10;175582
WDOFUT;08/07/2021;10:30:00;7371,99;7388,74;7357,34;7386,65;1,476493079E10;200309
WDOFUT;08/07/2021;10:15:00;7380,37;7381,07;7360,13;7371,29;1,023151859E10;138843
WDOFUT;08/07/2021;10:00:00;7396,42;7405,49;7371,99;7380,37;1,344746078E10;182058
WDOFUT;08/07/2021;09:45:00;7378,27;7399,21;7370,60;7396,42;1,223876936E10;165734
WDOFUT;08/07/2021;09:30:00;7367,11;7392,23;7366,41;7378,27;1,403031899E10;190122
WDOFUT;08/07/2021;09:15:00;7384,56;7395,02;7366,41;7367,11;1,430998949E10;193906
WDOFUT;08/07/2021;09:00:00;7383,86;7410,38;7379,67;7384,56;1,45150919E10;196332
WDOFUT;07/07/2021;17:45:00;7321,05;7328,72;7318,95;7323,14;1274512559,00;17402
WDOFUT;07/07/2021;17:30:00;7325,23;7326,63;7316,86;7321,05;2077049041,00;28372
WDOFUT;07/07/2021;17:15:00;7334,31;7336,40;7324,54;7325,23;2120606108,00;28935
WDOFUT;07/07/2021;17:00:00;7330,82;7338,49;7330,12;7335,00;2266433584,00;30903
WDOFUT;07/07/2021;16:45:00;7329,42;7334,31;7322,44;7330,12;2793802291,00;38124
WDOFUT;07/07/2021;16:30:00;7332,21;7332,21;7322,44;7329,42;2429213881,00;33153
WDOFUT;07/07/2021;16:15:00;7321,74;7334,31;7316,16;7332,21;3791184084,00;51750
WDOFUT;07/07/2021;16:00:00;7331,51;7332,91;7304,30;7321,74;7666904059,00;104793
WDOFUT;07/07/2021;15:45:00;7321,05;7332,21;7302,20;7331,51;7262501541,00;99263
WDOFUT;07/07/2021;15:30:00;7286,85;7323,14;7286,85;7321,74;9398827812,00;128598
WDOFUT;07/07/2021;15:15:00;7309,18;7321,74;7285,45;7287,55;1,209773876E10;165692
WDOFUT;07/07/2021;15:00:00;7346,87;7363,62;7304,30;7309,18;1,935950136E10;264371
WDOFUT;07/07/2021;14:45:00;7342,68;7354,55;7341,28;7347,57;5315288307,00;72337
WDOFUT;07/07/2021;14:30:00;7366,41;7369,90;7337,80;7341,98;1,261900488E10;171642
WDOFUT;07/07/2021;14:15:00;7381,76;7389,44;7365,01;7366,41;7126950935,00;96574
WDOFUT;07/07/2021;14:00:00;7374,78;7384,56;7374,09;7381,07;3552482785,00;48139
WDOFUT;07/07/2021;13:45:00;7372,69;7378,97;7364,32;7374,78;4747042671,00;64400
WDOFUT;07/07/2021;13:30:00;7381,76;7387,35;7367,81;7373,39;5490686164,00;74423
WDOFUT;07/07/2021;13:15:00;7372,69;7384,56;7369,90;7381,76;5715040509,00;77456
WDOFUT;07/07/2021;13:00:00;7371,29;7376,88;7362,22;7372,69;5887867122,00;79881
WDOFUT;07/07/2021;12:45:00;7351,06;7378,27;7349,66;7370,60;8128216721,00;110350
WDOFUT;07/07/2021;12:30:00;7361,52;7366,41;7348,96;7351,06;5711689899,00;77631
WDOFUT;07/07/2021;12:15:00;7382,46;7390,84;7360,13;7362,22;1,24755991E10;169116
WDOFUT;07/07/2021;12:00:00;7361,52;7383,16;7348,96;7382,46;1,331658289E10;180848
WDOFUT;07/07/2021;11:45:00;7353,15;7362,92;7351,06;7362,22;9682451444,00;131611
WDOFUT;07/07/2021;11:30:00;7339,89;7369,20;7339,19;7353,15;1,947898662E10;264793
WDOFUT;07/07/2021;11:15:00;7324,54;7342,68;7322,44;7340,59;1,564559918E10;213351
WDOFUT;07/07/2021;11:00:00;7271,49;7325,93;7268,00;7325,23;1,733677755E10;237543
WDOFUT;07/07/2021;10:45:00;7270,80;7289,64;7270,10;7271,49;9973097865,00;136997
WDOFUT;07/07/2021;10:30:00;7280,57;7292,43;7263,82;7271,49;1,596004306E10;219374
WDOFUT;07/07/2021;10:15:00;7295,92;7297,32;7274,98;7280,57;9300111167,00;127724
WDOFUT;07/07/2021;10:00:00;7277,78;7297,32;7275,68;7295,92;1,354406497E10;185855
WDOFUT;07/07/2021;09:45:00;7257,54;7281,26;7257,54;7277,78;1,348741001E10;185504
WDOFUT;07/07/2021;09:30:00;7254,05;7268,70;7245,67;7257,54;1,189959526E10;163941
WDOFUT;07/07/2021;09:15:00;7242,88;7264,52;7240,09;7254,74;1,223521663E10;168653
WDOFUT;07/07/2021;09:00:00;7249,86;7253,35;7235,20;7242,18;1,336223217E10;184453
WDOFUT;06/07/2021;17:45:00;7285,45;7294,53;7274,29;7275,68;2985608034,00;40966
WDOFUT;06/07/2021;17:30:00;7281,96;7291,04;7275,68;7286,15;2570118739,00;35292
WDOFUT;06/07/2021;17:15:00;7292,43;7298,01;7277,08;7281,96;3510102731,00;48168
WDOFUT;06/07/2021;17:00:00;7291,73;7302,20;7289,64;7292,43;3465235497,00;47498
WDOFUT;06/07/2021;16:45:00;7288,94;7293,83;7286,85;7292,43;3324903251,00;45608
WDOFUT;06/07/2021;16:30:00;7279,17;7295,92;7277,78;7288,24;6734666647,00;92379
WDOFUT;06/07/2021;16:15:00;7277,78;7281,26;7276,38;7278,47;2183518024,00;29999
WDOFUT;06/07/2021;16:00:00;7279,17;7286,15;7276,38;7277,78;4831960499,00;66356
WDOFUT;06/07/2021;15:45:00;7274,29;7283,36;7268,00;7279,17;5011045295,00;68876
WDOFUT;06/07/2021;15:30:00;7263,12;7281,26;7263,12;7274,29;6832576267,00;93920
WDOFUT;06/07/2021;15:15:00;7263,82;7266,61;7260,33;7263,12;2776572513,00;38225
WDOFUT;06/07/2021;15:00:00;7244,28;7272,19;7240,79;7263,82;8740392818,00;120459
WDOFUT;06/07/2021;14:45:00;7249,16;7251,95;7240,09;7243,58;5053179741,00;69742
WDOFUT;06/07/2021;14:30:00;7239,39;7259,63;7239,39;7249,16;6954113993,00;95895
WDOFUT;06/07/2021;14:15:00;7251,25;7251,95;7237,30;7239,39;7177484973,00;99092
WDOFUT;06/07/2021;14:00:00;7256,14;7263,12;7249,16;7250,56;3632429253,00;50063
WDOFUT;06/07/2021;13:45:00;7263,82;7263,82;7254,74;7256,84;3270333530,00;45046
WDOFUT;06/07/2021;13:30:00;7261,03;7271,49;7259,63;7263,82;3989084483,00;54903
WDOFUT;06/07/2021;13:15:00;7265,21;7268,70;7255,44;7261,03;4999253609,00;68832
WDOFUT;06/07/2021;13:00:00;7251,25;7265,21;7249,16;7264,52;5853408893,00;80649
WDOFUT;06/07/2021;12:45:00;7254,05;7259,63;7245,67;7251,25;5121863454,00;70620
WDOFUT;06/07/2021;12:30:00;7261,72;7264,52;7247,07;7254,05;7225973166,00;99606
WDOFUT;06/07/2021;12:15:00;7279,17;7279,87;7260,33;7261,72;7460807124,00;102648
WDOFUT;06/07/2021;12:00:00;7277,08;7287,55;7265,21;7279,17;1,144663849E10;157350
WDOFUT;06/07/2021;11:45:00;7242,18;7279,17;7240,09;7277,08;1,50903143E10;207859
WDOFUT;06/07/2021;11:30:00;7232,41;7251,95;7232,41;7242,88;1,506301137E10;207964
WDOFUT;06/07/2021;11:15:00;7216,36;7235,20;7212,17;7233,11;1,183730144E10;163822
WDOFUT;06/07/2021;11:00:00;7204,50;7221,94;7199,61;7215,66;1,048957655E10;145453
WDOFUT;06/07/2021;10:45:00;7189,84;7216,36;7189,14;7203,80;1,740340989E10;241542
WDOFUT;06/07/2021;10:30:00;7193,33;7195,42;7186,35;7189,14;7099955853,00;98747
WDOFUT;06/07/2021;10:15:00;7179,37;7194,03;7171,69;7193,33;1,120800765E10;156047
WDOFUT;06/07/2021;10:00:00;7156,34;7183,56;7151,45;7178,67;1,590447288E10;221804
WDOFUT;06/07/2021;09:45:00;7136,10;7166,11;7130,52;7156,34;1,441904143E10;201624
WDOFUT;06/07/2021;09:30:00;7150,06;7154,25;7134,70;7136,80;8899881429,00;124580
WDOFUT;06/07/2021;09:15:00;7127,73;7158,43;7125,63;7150,06;1,56550427E10;219015
WDOFUT;06/07/2021;09:00:00;7107,49;7134,70;7104,69;7127,73;1,019943125E10;143228
WDOFUT;05/07/2021;17:45:00;7133,31;7138,89;7127,03;7127,73;1996809975,00;27992
WDOFUT;05/07/2021;17:30:00;7136,10;7137,50;7129,82;7132,61;1183173162,00;16586
WDOFUT;05/07/2021;17:15:00;7132,61;7138,19;7125,63;7136,10;1917669660,00;26889
WDOFUT;05/07/2021;17:00:00;7121,44;7138,89;7116,56;7132,61;3547547653,00;49770
WDOFUT;05/07/2021;16:45:00;7122,14;7124,93;7120,75;7122,14;983058840,70;13802
WDOFUT;05/07/2021;16:30:00;7115,16;7123,54;7114,47;7121,44;1602431979,00;22507
WDOFUT;05/07/2021;16:15:00;7117,95;7120,05;7113,77;7115,86;1613031953,00;22665
WDOFUT;05/07/2021;16:00:00;7113,77;7122,14;7113,07;7117,26;1911264101,00;26852
WDOFUT;05/07/2021;15:45:00;7121,44;7122,84;7110,28;7113,07;3123875027,00;43898
WDOFUT;05/07/2021;15:30:00;7117,26;7125,63;7117,26;7121,44;2034595197,00;28568
WDOFUT;05/07/2021;15:15:00;7124,93;7124,93;7114,47;7117,26;2145651385,00;30137
WDOFUT;05/07/2021;15:00:00;7117,26;7125,63;7115,86;7124,93;3001240526,00;42147
WDOFUT;05/07/2021;14:45:00;7114,47;7117,26;7108,88;7117,26;2031052104,00;28554
WDOFUT;05/07/2021;14:30:00;7101,90;7122,84;7101,20;7114,47;6219406915,00;87426
WDOFUT;05/07/2021;14:15:00;7097,72;7101,90;7089,34;7101,90;2694185115,00;37966
WDOFUT;05/07/2021;14:00:00;7095,62;7103,30;7086,55;7097,72;4289460867,00;60468
WDOFUT;05/07/2021;13:45:00;7096,32;7098,41;7090,74;7094,92;3321629982,00;46822
WDOFUT;05/07/2021;13:30:00;7104,00;7107,49;7095,62;7095,62;3345135334,00;47104
WDOFUT;05/07/2021;13:15:00;7102,60;7107,49;7099,11;7104,69;3201737530,00;45075
WDOFUT;05/07/2021;13:00:00;7108,88;7110,98;7102,60;7102,60;2929675532,00;41221
WDOFUT;05/07/2021;12:45:00;7114,47;7117,95;7108,88;7108,88;2879181477,00;40482
WDOFUT;05/07/2021;12:30:00;7122,84;7122,84;7110,98;7114,47;3625554316,00;50955
WDOFUT;05/07/2021;12:15:00;7110,28;7129,12;7108,18;7122,84;6394720702,00;89807
WDOFUT;05/07/2021;12:00:00;7111,67;7113,07;7102,60;7110,28;4695152977,00;66059
WDOFUT;05/07/2021;11:45:00;7114,47;7115,86;7107,49;7111,67;3834776828,00;53920
WDOFUT;05/07/2021;11:30:00;7109,58;7118,65;7105,39;7113,77;5178868577,00;72810
WDOFUT;05/07/2021;11:15:00;7106,79;7110,98;7102,60;7109,58;4337155462,00;61033
WDOFUT;05/07/2021;11:00:00;7096,32;7117,26;7095,62;7106,79;9669796169,00;136063
WDOFUT;05/07/2021;10:45:00;7087,25;7099,81;7085,85;7096,32;5449730950,00;76807
WDOFUT;05/07/2021;10:30:00;7090,74;7097,72;7084,46;7087,94;5004079114,00;70586
WDOFUT;05/07/2021;10:15:00;7085,15;7104,00;7085,15;7090,74;7810167968,00;110083
WDOFUT;05/07/2021;10:00:00;7094,23;7099,81;7078,87;7085,15;9245282236,00;130405
WDOFUT;05/07/2021;09:45:00;7074,68;7095,62;7073,29;7094,23;8497132065,00;119957
WDOFUT;05/07/2021;09:30:00;7069,80;7083,06;7069,10;7075,38;5230479946,00;73919
WDOFUT;05/07/2021;09:15:00;7084,46;7085,85;7066,31;7069,80;8142925588,00;115086
WDOFUT;05/07/2021;09:00:00;7076,78;7090,74;7073,99;7084,46;6643587423,00;93794
WDOFUT;02/07/2021;17:45:00;7076,78;7088,64;7076,78;7083,06;2224707330,00;31407
WDOFUT;02/07/2021;17:30:00;7075,38;7082,36;7072,59;7077,48;2280690173,00;32223
WDOFUT;02/07/2021;17:15:00;7074,68;7077,48;7069,10;7075,38;1473658806,00;20834
WDOFUT;02/07/2021;17:00:00;7071,19;7079,57;7070,50;7073,99;1951299787,00;27581
WDOFUT;02/07/2021;16:45:00;7071,89;7078,87;7069,10;7070,50;2738886010,00;38718
WDOFUT;02/07/2021;16:30:00;7069,80;7071,89;7063,52;7071,89;2095786207,00;29654
WDOFUT;02/07/2021;16:15:00;7071,19;7073,99;7067,01;7070,50;2323099232,00;32856
WDOFUT;02/07/2021;16:00:00;7063,52;7073,29;7058,63;7071,89;3451456779,00;48827
WDOFUT;02/07/2021;15:45:00;7055,84;7064,91;7051,65;7063,52;3631292830,00;51450
WDOFUT;02/07/2021;15:30:00;7048,86;7060,73;7047,47;7056,54;3232950177,00;45822
WDOFUT;02/07/2021;15:15:00;7044,67;7050,96;7041,18;7048,16;3511016731,00;49829
WDOFUT;02/07/2021;15:00:00;7054,45;7056,54;7042,58;7044,67;3554463599,00;50422
WDOFUT;02/07/2021;14:45:00;7055,84;7061,42;7039,09;7055,14;6230291656,00;88383
WDOFUT;02/07/2021;14:30:00;7069,10;7070,50;7055,84;7055,84;3376186136,00;47808
WDOFUT;02/07/2021;14:15:00;7071,89;7073,29;7065,61;7069,80;3138965196,00;44403
WDOFUT;02/07/2021;14:00:00;7081,66;7094,92;7069,10;7071,89;6995837945,00;98757
WDOFUT;02/07/2021;13:45:00;7061,42;7081,66;7056,54;7081,66;3757108713,00;53148
WDOFUT;02/07/2021;13:30:00;7062,12;7066,31;7057,24;7062,12;2244000777,00;31778
WDOFUT;02/07/2021;13:15:00;7073,99;7075,38;7060,03;7061,42;3184384126,00;45053
WDOFUT;02/07/2021;13:00:00;7061,42;7073,99;7057,24;7073,29;4075937830,00;57693
WDOFUT;02/07/2021;12:45:00;7050,26;7063,52;7047,47;7061,42;3860831264,00;54703
WDOFUT;02/07/2021;12:30:00;7047,47;7057,93;7041,88;7050,26;4701813935,00;66685
WDOFUT;02/07/2021;12:15:00;7046,07;7061,42;7041,88;7047,47;5697478381,00;80818
WDOFUT;02/07/2021;12:00:00;7073,29;7082,36;7043,98;7046,77;8460409267,00;119769
WDOFUT;02/07/2021;11:45:00;7061,42;7078,87;7054,45;7072,59;6818671235,00;96496
WDOFUT;02/07/2021;11:30:00;7058,63;7076,78;7056,54;7061,42;8158459682,00;115455
WDOFUT;02/07/2021;11:15:00;7080,27;7083,06;7050,96;7057,93;1,230724746E10;174121
WDOFUT;02/07/2021;11:00:00;7030,72;7102,60;7021,64;7080,97;2,485200581E10;351545
WDOFUT;02/07/2021;10:45:00;7012,57;7032,11;7005,59;7031,41;1,05882504E10;150805
WDOFUT;02/07/2021;10:30:00;6992,33;7026,53;6988,14;7013,27;1,244628456E10;177611
WDOFUT;02/07/2021;10:15:00;6990,94;6995,82;6984,65;6992,33;5938958683,00;84970
WDOFUT;02/07/2021;10:00:00;6987,45;6997,22;6981,16;6990,94;9178233350,00;131340
WDOFUT;02/07/2021;09:45:00;6999,31;7013,27;6984,65;6987,45;1,310565738E10;187271
WDOFUT;02/07/2021;09:30:00;7050,26;7087,94;6993,73;7000,01;2,60218668E10;370742
WDOFUT;02/07/2021;09:15:00;7034,90;7057,93;7029,32;7051,65;9603024722,00;136424
WDOFUT;02/07/2021;09:00:00;7050,26;7055,84;7034,90;7035,60;7361554082,00;104516
WDOFUT;01/07/2021;17:45:00;7070,50;7073,99;7060,73;7064,91;2422903670,00;34271
WDOFUT;01/07/2021;17:30:00;7067,01;7076,78;7067,01;7070,50;2381858698,00;33683
WDOFUT;01/07/2021;17:15:00;7067,71;7071,19;7062,12;7067,01;1939844710,00;27450
WDOFUT;01/07/2021;17:00:00;7062,12;7076,78;7058,63;7067,71;4222492784,00;59733
WDOFUT;01/07/2021;16:45:00;7064,91;7068,40;7060,73;7062,12;3382632753,00;47887
WDOFUT;01/07/2021;16:30:00;7058,63;7072,59;7057,24;7064,91;5523467803,00;78166
WDOFUT;01/07/2021;16:15:00;7049,56;7060,03;7048,86;7057,93;2718988260,00;38547
WDOFUT;01/07/2021;16:00:00;7050,26;7057,24;7047,47;7049,56;3500450913,00;49639
WDOFUT;01/07/2021;15:45:00;7041,18;7051,65;7029,32;7050,96;7296617886,00;103658
WDOFUT;01/07/2021;15:30:00;7042,58;7049,56;7039,79;7040,49;3929552726,00;55777
WDOFUT;01/07/2021;15:15:00;7060,73;7061,42;7041,88;7041,88;5937999110,00;84217
WDOFUT;01/07/2021;15:00:00;7057,93;7067,01;7051,65;7060,73;4223285118,00;59833
WDOFUT;01/07/2021;14:45:00;7048,86;7059,33;7046,07;7057,93;3150405219,00;44672
WDOFUT;01/07/2021;14:30:00;7048,86;7054,45;7045,37;7049,56;3149462794,00;44673
WDOFUT;01/07/2021;14:15:00;7055,14;7055,84;7039,79;7049,56;3781605762,00;53672
WDOFUT;01/07/2021;14:00:00;7043,28;7055,84;7042,58;7054,45;5556782776,00;78833
WDOFUT;01/07/2021;13:45:00;7030,72;7044,67;7030,02;7043,28;4616660389,00;65605
WDOFUT;01/07/2021;13:30:00;7039,79;7044,67;7029,32;7031,41;4762347202,00;67678
WDOFUT;01/07/2021;13:15:00;7042,58;7046,07;7038,39;7040,49;3255658114,00;46233
WDOFUT;01/07/2021;13:00:00;7049,56;7053,75;7039,79;7042,58;5769016953,00;81874
WDOFUT;01/07/2021;12:45:00;7057,24;7060,73;7042,58;7050,26;6116475902,00;86763
WDOFUT;01/07/2021;12:30:00;7055,14;7067,71;7054,45;7056,54;5870822248,00;83144
WDOFUT;01/07/2021;12:15:00;7050,26;7062,82;7047,47;7055,84;8739955936,00;123833
WDOFUT;01/07/2021;12:00:00;7018,85;7055,84;7017,46;7050,26;1,274316457E10;181055
WDOFUT;01/07/2021;11:45:00;7013,27;7023,04;7007,69;7018,15;6859455839,00;97793
WDOFUT;01/07/2021;11:30:00;7026,53;7030,72;7010,48;7013,27;7568622984,00;107793
WDOFUT;01/07/2021;11:15:00;7023,74;7032,81;7018,85;7026,53;1,092905303E10;155542
WDOFUT;01/07/2021;11:00:00;6991,63;7025,13;6987,45;7023,74;1,884279467E10;268764
WDOFUT;01/07/2021;10:45:00;6979,77;6992,33;6968,60;6992,33;1,355028532E10;194199
WDOFUT;01/07/2021;10:30:00;6946,27;6983,26;6944,18;6979,77;1,489159746E10;213792
WDOFUT;01/07/2021;10:15:00;6939,29;6951,15;6930,92;6946,97;8708058642,00;125439
WDOFUT;01/07/2021;10:00:00;6942,08;6946,27;6926,03;6940,69;1,182994588E10;170563
WDOFUT;01/07/2021;09:45:00;6934,41;6956,74;6932,31;6942,78;1,083119836E10;155934
WDOFUT;01/07/2021;09:30:00;6948,36;6963,72;6932,31;6934,41;1,302733514E10;187548
WDOFUT;01/07/2021;09:15:00;6947,67;6968,60;6944,18;6948,36;1,058218664E10;152113
WDOFUT;01/07/2021;09:00:00;6949,76;6953,95;6942,08;6947,67;8227386545,00;118420
WDOFUT;30/06/2021;17:45:00;6961,62;6962,32;6955,34;6960,93;1697318119,00;24391
WDOFUT;30/06/2021;17:30:00;6963,02;6963,72;6958,13;6960,93;1810511103,00;26008
WDOFUT;30/06/2021;17:15:00;6961,62;6965,81;6959,53;6962,32;2318674019,00;33303
WDOFUT;30/06/2021;17:00:00;6968,60;6969,30;6956,04;6962,32;2919239517,00;41935
WDOFUT;30/06/2021;16:45:00;6965,81;6969,30;6960,93;6968,60;3816641007,00;54792
WDOFUT;30/06/2021;16:30:00;6977,68;6978,37;6963,02;6965,81;4291429684,00;61571
WDOFUT;30/06/2021;16:15:00;6980,47;6981,16;6976,28;6977,68;1430689509,00;20501
WDOFUT;30/06/2021;16:00:00;6974,19;6983,26;6971,39;6980,47;3698956042,00;53009
WDOFUT;30/06/2021;15:45:00;6981,16;6986,05;6972,09;6974,19;4174152673,00;59811
WDOFUT;30/06/2021;15:30:00;6988,84;6989,54;6979,07;6981,16;4520450982,00;64733
WDOFUT;30/06/2021;15:15:00;6997,91;6998,61;6988,14;6989,54;2947133490,00;42144
WDOFUT;30/06/2021;15:00:00;6997,91;7004,20;6996,52;6998,61;3004415780,00;42919
WDOFUT;30/06/2021;14:45:00;7000,71;7002,80;6990,24;6997,91;3128377219,00;44712
WDOFUT;30/06/2021;14:30:00;6997,22;7011,17;6995,12;7000,01;4505210457,00;64325
WDOFUT;30/06/2021;14:15:00;7002,80;7006,29;6994,43;6996,52;2580167568,00;36859
WDOFUT;30/06/2021;14:00:00;7011,17;7011,87;6997,91;7002,10;3930578468,00;56114
WDOFUT;30/06/2021;13:45:00;6993,73;7023,04;6988,14;7010,48;7719735530,00;110223
WDOFUT;30/06/2021;13:30:00;7004,20;7008,38;6990,24;6994,43;3981325291,00;56894
WDOFUT;30/06/2021;13:15:00;6997,91;7005,59;6990,24;7004,20;5193710235,00;74236
WDOFUT;30/06/2021;13:00:00;7011,87;7016,06;6996,52;6997,91;7360612989,00;105036
WDOFUT;30/06/2021;12:45:00;7030,02;7030,02;7009,78;7011,87;4761152511,00;67826
WDOFUT;30/06/2021;12:30:00;7025,13;7034,90;7018,15;7029,32;4750077060,00;67600
WDOFUT;30/06/2021;12:15:00;7016,06;7027,92;7011,17;7025,13;5694195384,00;81119
WDOFUT;30/06/2021;12:00:00;7025,83;7029,32;7013,97;7015,36;1,059350231E10;150890
WDOFUT;30/06/2021;11:45:00;7006,29;7032,81;7003,50;7025,83;1,298796249E10;184994
WDOFUT;30/06/2021;11:30:00;7000,71;7013,27;6987,45;7005,59;7208385348,00;102967
WDOFUT;30/06/2021;11:15:00;6988,84;7009,08;6983,96;7001,40;7921763366,00;113240
WDOFUT;30/06/2021;11:00:00;7000,01;7005,59;6974,88;6988,84;1,158872802E10;165805
WDOFUT;30/06/2021;10:45:00;6995,12;7002,10;6988,84;7000,01;7334994682,00;104861
WDOFUT;30/06/2021;10:30:00;7005,59;7011,87;6991,63;6994,43;7301208628,00;104286
WDOFUT;30/06/2021;10:15:00;7009,78;7016,76;6997,22;7005,59;9172837963,00;130912
WDOFUT;30/06/2021;10:00:00;6967,90;7013,97;6965,81;7009,78;1,382134923E10;197685
WDOFUT;30/06/2021;09:45:00;6986,05;6990,94;6965,11;6967,90;9807147696,00;140584
WDOFUT;30/06/2021;09:30:00;6976,28;6995,82;6974,88;6986,05;1,385829892E10;198371
WDOFUT;30/06/2021;09:15:00;6956,74;6977,68;6937,20;6976,98;1,174151021E10;168831
WDOFUT;30/06/2021;09:00:00;6946,97;6958,13;6933,71;6956,74;8126797918,00;116966
WDOFUT;29/06/2021;17:45:00;6916,90;6942,10;6916,90;6937,20;2636310990,00;38036
WDOFUT;29/06/2021;17:30:00;6912,00;6923,90;6911,30;6917,60;2322707029,00;33570
WDOFUT;29/06/2021;17:15:00;6909,90;6916,20;6908,50;6912,00;1756854682,00;25419
WDOFUT;29/06/2021;17:00:00;6918,30;6921,10;6909,20;6909,20;2810708960,00;40642
WDOFUT;29/06/2021;16:45:00;6913,40;6919,00;6911,30;6918,30;1718188247,00;24848
WDOFUT;29/06/2021;16:30:00;6912,00;6914,80;6911,30;6912,70;1575921114,00;22797
WDOFUT;29/06/2021;16:15:00;6913,40;6916,20;6911,30;6912,70;1968413578,00;28471
WDOFUT;29/06/2021;16:00:00;6919,70;6921,80;6912,70;6913,40;4123585415,00;59616
WDOFUT;29/06/2021;15:45:00;6911,30;6920,40;6906,41;6919,00;5745849362,00;83125
WDOFUT;29/06/2021;15:30:00;6902,21;6912,00;6902,21;6910,60;2875443573,00;41631
WDOFUT;29/06/2021;15:15:00;6902,21;6908,50;6900,11;6902,21;3477318999,00;50370
WDOFUT;29/06/2021;15:00:00;6902,21;6907,11;6899,41;6902,21;3679840958,00;53308
WDOFUT;29/06/2021;14:45:00;6890,31;6902,21;6890,31;6902,21;4673728073,00;67769
WDOFUT;29/06/2021;14:30:00;6907,80;6907,80;6888,91;6890,31;7961561072,00;115432
WDOFUT;29/06/2021;14:15:00;6914,80;6916,90;6906,41;6908,50;2485829938,00;35972
WDOFUT;29/06/2021;14:00:00;6916,90;6919,00;6908,50;6915,50;4149545808,00;60028
WDOFUT;29/06/2021;13:45:00;6914,80;6921,10;6914,80;6916,90;1963633637,00;28385
WDOFUT;29/06/2021;13:30:00;6919,00;6921,80;6914,80;6915,50;2629289487,00;38006
WDOFUT;29/06/2021;13:15:00;6912,70;6919,70;6912,00;6919,00;1616393453,00;23373
WDOFUT;29/06/2021;13:00:00;6913,40;6918,30;6912,00;6912,70;2994742839,00;43307
WDOFUT;29/06/2021;12:45:00;6915,50;6921,10;6911,30;6913,40;3244364460,00;46912
WDOFUT;29/06/2021;12:30:00;6916,90;6919,00;6911,30;6915,50;4379784524,00;63334
WDOFUT;29/06/2021;12:15:00;6921,10;6924,60;6906,41;6916,90;7346742306,00;106252
WDOFUT;29/06/2021;12:00:00;6927,40;6931,60;6919,70;6921,10;5726701453,00;82679
WDOFUT;29/06/2021;11:45:00;6939,30;6941,40;6926,70;6927,40;7236543595,00;104379
WDOFUT;29/06/2021;11:30:00;6947,69;6948,39;6932,30;6938,60;8921088943,00;128557
WDOFUT;29/06/2021;11:15:00;6940,70;6958,19;6934,40;6946,99;1,137142498E10;163637
WDOFUT;29/06/2021;11:00:00;6923,90;6947,69;6923,90;6940,70;1,407008751E10;202799
WDOFUT;29/06/2021;10:45:00;6921,80;6924,60;6914,10;6924,60;6157846784,00;88996
WDOFUT;29/06/2021;10:30:00;6920,40;6929,50;6916,20;6921,10;7485447024,00;108125
WDOFUT;29/06/2021;10:15:00;6916,90;6928,10;6912,70;6920,40;7827461783,00;113103
WDOFUT;29/06/2021;10:00:00;6912,00;6924,60;6906,41;6916,90;8648995801,00;125078
WDOFUT;29/06/2021;09:45:00;6916,90;6929,50;6911,30;6912,00;9326422135,00;134754
WDOFUT;29/06/2021;09:30:00;6909,90;6920,40;6902,91;6916,90;9589369283,00;138730
WDOFUT;29/06/2021;09:15:00;6927,40;6929,50;6907,11;6910,60;1,103480751E10;159600
WDOFUT;29/06/2021;09:00:00;6918,30;6928,10;6912,70;6927,40;8091593007,00;116925
WDOFUT;28/06/2021;17:45:00;6898,01;6905,71;6893,81;6898,71;1954757454,00;28329
WDOFUT;28/06/2021;17:30:00;6891,71;6900,11;6888,91;6898,01;1763055786,00;25571
WDOFUT;28/06/2021;17:15:00;6893,81;6895,21;6887,51;6891,01;1803375721,00;26167
WDOFUT;28/06/2021;17:00:00;6899,41;6901,51;6893,11;6893,81;2148439740,00;31153
WDOFUT;28/06/2021;16:45:00;6899,41;6902,91;6895,91;6899,41;2372027153,00;34381
WDOFUT;28/06/2021;16:30:00;6897,31;6902,21;6893,11;6900,11;3432397574,00;49758
WDOFUT;28/06/2021;16:15:00;6896,61;6898,01;6884,71;6897,31;6437889268,00;93416
WDOFUT;28/06/2021;16:00:00;6899,41;6903,61;6893,81;6897,31;4182434482,00;60623
WDOFUT;28/06/2021;15:45:00;6908,50;6909,90;6898,71;6899,41;3955698276,00;57291
WDOFUT;28/06/2021;15:30:00;6906,41;6912,00;6903,61;6907,80;1988962243,00;28791
WDOFUT;28/06/2021;15:15:00;6907,11;6913,40;6902,91;6907,11;3895434884,00;56390
WDOFUT;28/06/2021;15:00:00;6910,60;6913,40;6902,91;6907,80;3613627133,00;52312
WDOFUT;28/06/2021;14:45:00;6916,90;6919,00;6907,80;6910,60;5723178074,00;82802
WDOFUT;28/06/2021;14:30:00;6924,60;6926,70;6915,50;6916,20;4453762167,00;64356
WDOFUT;28/06/2021;14:15:00;6935,80;6936,50;6924,60;6925,30;4123217554,00;59507
WDOFUT;28/06/2021;14:00:00;6931,60;6939,30;6928,10;6935,80;3322484875,00;47917
WDOFUT;28/06/2021;13:45:00;6935,80;6939,30;6928,80;6931,60;3845619730,00;55471
WDOFUT;28/06/2021;13:30:00;6942,80;6944,19;6934,40;6935,80;3746785712,00;53996
WDOFUT;28/06/2021;13:15:00;6933,70;6943,50;6933,00;6943,50;3485469369,00;50231
WDOFUT;28/06/2021;13:00:00;6921,80;6936,50;6921,10;6933,70;4215719527,00;60840
WDOFUT;28/06/2021;12:45:00;6935,80;6939,30;6921,80;6921,80;4620740955,00;66670
WDOFUT;28/06/2021;12:30:00;6946,99;6951,89;6933,70;6935,80;6174513943,00;88931
WDOFUT;28/06/2021;12:15:00;6918,30;6950,49;6916,20;6946,99;9325048454,00;134475
WDOFUT;28/06/2021;12:00:00;6913,40;6923,90;6907,11;6918,30;7204194319,00;104187
WDOFUT;28/06/2021;11:45:00;6927,40;6933,70;6908,50;6913,40;1,011452143E10;146148
WDOFUT;28/06/2021;11:30:00;6924,60;6935,10;6922,50;6926,70;8429921129,00;121666
WDOFUT;28/06/2021;11:15:00;6927,40;6930,20;6912,00;6923,90;8139477355,00;117620
WDOFUT;28/06/2021;11:00:00;6914,80;6928,10;6914,80;6927,40;6697587593,00;96746
WDOFUT;28/06/2021;10:45:00;6913,40;6923,90;6909,90;6914,80;5937350906,00;85835
WDOFUT;28/06/2021;10:30:00;6916,90;6920,40;6897,31;6913,40;1,354276072E10;195991
WDOFUT;28/06/2021;10:15:00;6923,20;6926,70;6914,80;6917,60;5509072402,00;79604
WDOFUT;28/06/2021;10:00:00;6922,50;6926,70;6912,70;6923,90;8840832098,00;127779
WDOFUT;28/06/2021;09:45:00;6942,80;6946,29;6916,20;6922,50;1,016822588E10;146710
WDOFUT;28/06/2021;09:30:00;6924,60;6948,39;6920,40;6942,80;1,257779088E10;181334
WDOFUT;28/06/2021;09:15:00;6955,39;6955,39;6923,20;6923,90;1,030965017E10;148619
WDOFUT;28/06/2021;09:00:00;6929,50;6960,99;6925,30;6954,69;1,117763655E10;160934
WDOFUT;25/06/2021;17:45:00;6912,00;6913,40;6905,01;6909,20;1535642132,00;22226
WDOFUT;25/06/2021;17:30:00;6909,90;6912,70;6901,51;6911,30;2417065655,00;34993
WDOFUT;25/06/2021;17:15:00;6914,10;6914,80;6905,71;6909,20;2297842906,00;33258
WDOFUT;25/06/2021;17:00:00;6912,00;6920,40;6909,20;6914,80;2700902569,00;39058
WDOFUT;25/06/2021;16:45:00;6921,10;6925,30;6911,30;6912,00;5723097358,00;82717
WDOFUT;25/06/2021;16:30:00;6941,40;6942,10;6916,90;6921,80;5127339675,00;73982
WDOFUT;25/06/2021;16:15:00;6946,99;6950,49;6940,00;6942,10;3164631779,00;45567
WDOFUT;25/06/2021;16:00:00;6936,50;6950,49;6933,00;6946,99;5161094327,00;74342
WDOFUT;25/06/2021;15:45:00;6954,69;6957,49;6934,40;6936,50;6401984807,00;92159
WDOFUT;25/06/2021;15:30:00;6943,50;6965,89;6942,10;6954,69;9255129369,00;133059
WDOFUT;25/06/2021;15:15:00;6937,90;6946,29;6937,20;6942,80;5097551781,00;73434
WDOFUT;25/06/2021;15:00:00;6938,60;6939,30;6927,40;6937,90;3934590527,00;56751
WDOFUT;25/06/2021;14:45:00;6931,60;6940,70;6926,00;6938,60;4394635577,00;63392
WDOFUT;25/06/2021;14:30:00;6929,50;6940,70;6928,10;6932,30;5549795224,00;80031
WDOFUT;25/06/2021;14:15:00;6933,00;6942,10;6928,80;6930,20;5977229486,00;86175
WDOFUT;25/06/2021;14:00:00;6916,20;6935,80;6914,10;6933,00;6429480536,00;92843
WDOFUT;25/06/2021;13:45:00;6906,41;6919,70;6902,91;6915,50;4060983726,00;58753
WDOFUT;25/06/2021;13:30:00;6906,41;6910,60;6902,91;6906,41;2220500727,00;32151
WDOFUT;25/06/2021;13:15:00;6899,41;6909,20;6897,31;6906,41;3091935317,00;44793
WDOFUT;25/06/2021;13:00:00;6896,61;6907,11;6896,61;6898,71;5271604627,00;76380
WDOFUT;25/06/2021;12:45:00;6904,31;6905,01;6895,91;6896,61;4314358312,00;62523
WDOFUT;25/06/2021;12:30:00;6921,10;6921,10;6901,51;6904,31;5964496396,00;86323
WDOFUT;25/06/2021;12:15:00;6920,40;6925,30;6912,70;6920,40;6963254188,00;100634
WDOFUT;25/06/2021;12:00:00;6904,31;6923,20;6899,41;6919,70;1,373199339E10;198655
WDOFUT;25/06/2021;11:45:00;6883,31;6906,41;6881,91;6904,31;1,049254609E10;152189
WDOFUT;25/06/2021;11:30:00;6872,11;6883,31;6870,72;6883,31;5678115589,00;82558
WDOFUT;25/06/2021;11:15:00;6872,11;6878,41;6870,02;6872,11;3951300249,00;57484
WDOFUT;25/06/2021;11:00:00;6864,42;6876,31;6864,42;6872,81;7036154503,00;102405
WDOFUT;25/06/2021;10:45:00;6874,91;6877,01;6862,32;6864,42;7386426024,00;107532
WDOFUT;25/06/2021;10:30:00;6878,41;6894,51;6867,22;6874,91;1,325424702E10;192686
WDOFUT;25/06/2021;10:15:00;6870,02;6886,81;6868,62;6878,41;9770966619,00;142054
WDOFUT;25/06/2021;10:00:00;6883,31;6887,51;6867,22;6869,32;1,008569775E10;146637
WDOFUT;25/06/2021;09:45:00;6879,81;6897,31;6876,31;6883,31;1,193306118E10;173294
WDOFUT;25/06/2021;09:30:00;6877,71;6892,41;6851,82;6879,81;2,113075152E10;307590
WDOFUT;25/06/2021;09:15:00;6872,11;6879,81;6865,12;6878,41;8189741758,00;119154
WDOFUT;25/06/2021;09:00:00;6881,21;6884,01;6860,92;6871,41;9108121828,00;132582
WDOFUT;24/06/2021;17:45:00;6871,41;6884,01;6870,72;6884,01;2084064143,00;30310
WDOFUT;24/06/2021;17:30:00;6866,52;6877,01;6865,82;6872,11;3354816355,00;48825
WDOFUT;24/06/2021;17:15:00;6861,62;6867,92;6858,82;6865,82;3344523068,00;48732
WDOFUT;24/06/2021;17:00:00;6869,32;6870,72;6860,92;6861,62;5760927712,00;83909
WDOFUT;24/06/2021;16:45:00;6871,41;6874,91;6865,12;6870,02;3686673730,00;53674
WDOFUT;24/06/2021;16:30:00;6871,41;6874,21;6867,22;6871,41;2941361884,00;42810
WDOFUT;24/06/2021;16:15:00;6873,51;6876,31;6867,92;6871,41;2797245886,00;40701
WDOFUT;24/06/2021;16:00:00;6884,01;6885,41;6872,11;6873,51;4166214731,00;60574
WDOFUT;24/06/2021;15:45:00;6879,81;6884,71;6877,01;6884,01;4262988031,00;61955
WDOFUT;24/06/2021;15:30:00;6872,11;6883,31;6872,11;6880,51;3385945802,00;49224
WDOFUT;24/06/2021;15:15:00;6879,11;6881,21;6870,72;6872,81;4643766395,00;67531
WDOFUT;24/06/2021;15:00:00;6867,22;6879,81;6865,12;6879,11;9357183427,00;136179
WDOFUT;24/06/2021;14:45:00;6875,61;6880,51;6866,52;6867,22;4059955778,00;59064
WDOFUT;24/06/2021;14:30:00;6874,21;6879,81;6872,11;6875,61;4144963122,00;60283
WDOFUT;24/06/2021;14:15:00;6865,82;6876,31;6865,82;6874,21;5035171259,00;73274
WDOFUT;24/06/2021;14:00:00;6877,01;6877,71;6865,12;6865,82;9655715798,00;140544
WDOFUT;24/06/2021;13:45:00;6886,11;6892,41;6875,61;6877,01;4222868822,00;61337
WDOFUT;24/06/2021;13:30:00;6887,51;6891,71;6877,71;6886,11;5866037993,00;85208
WDOFUT;24/06/2021;13:15:00;6894,51;6897,31;6882,61;6886,81;4261420650,00;61858
WDOFUT;24/06/2021;13:00:00;6886,81;6897,31;6885,41;6893,81;4946250273,00;71773
WDOFUT;24/06/2021;12:45:00;6886,11;6894,51;6882,61;6886,11;6847596232,00;99406
WDOFUT;24/06/2021;12:30:00;6898,01;6902,91;6883,31;6886,11;5745168274,00;83341
WDOFUT;24/06/2021;12:15:00;6901,51;6902,91;6889,61;6898,71;7178123679,00;104080
WDOFUT;24/06/2021;12:00:00;6900,81;6907,80;6895,91;6901,51;7989616865,00;115770
WDOFUT;24/06/2021;11:45:00;6912,00;6918,30;6900,11;6900,81;8464025845,00;122503
WDOFUT;24/06/2021;11:30:00;6908,50;6918,30;6905,01;6912,70;5661677442,00;81911
WDOFUT;24/06/2021;11:15:00;6905,71;6916,20;6901,51;6909,20;6679935426,00;96691
WDOFUT;24/06/2021;11:00:00;6905,71;6911,30;6895,91;6905,71;1,045210795E10;151408
WDOFUT;24/06/2021;10:45:00;6917,60;6923,90;6905,01;6906,41;9366893431,00;135445
WDOFUT;24/06/2021;10:30:00;6922,50;6931,60;6908,50;6917,60;1,416652609E10;204713
WDOFUT;24/06/2021;10:15:00;6912,70;6922,50;6907,80;6922,50;7914224470,00;114453
WDOFUT;24/06/2021;10:00:00;6905,01;6912,70;6896,61;6912,70;9600430973,00;139028
WDOFUT;24/06/2021;09:45:00;6906,41;6909,90;6894,51;6905,01;1,159249746E10;167973
WDOFUT;24/06/2021;09:30:00;6919,00;6923,90;6900,11;6906,41;1,75418437E10;253819
WDOFUT;24/06/2021;09:15:00;6927,40;6933,70;6914,80;6919,70;9648829499,00;139364
WDOFUT;24/06/2021;09:00:00;6953,99;6956,79;6925,30;6926,70;1,073187144E10;154633
WDOFUT;23/06/2021;17:45:00;6957,49;6958,89;6950,49;6956,09;1556475416,00;22376
WDOFUT;23/06/2021;17:30:00;6949,79;6958,89;6946,99;6958,19;1839686939,00;26460
WDOFUT;23/06/2021;17:15:00;6947,69;6951,89;6946,29;6950,49;1299248261,00;18697
WDOFUT;23/06/2021;17:00:00;6951,89;6953,99;6945,59;6947,69;3305736181,00;47567
WDOFUT;23/06/2021;16:45:00;6956,09;6960,29;6949,09;6951,89;4961034417,00;71324
WDOFUT;23/06/2021;16:30:00;6954,69;6958,19;6948,39;6956,09;4114432535,00;59176
WDOFUT;23/06/2021;16:15:00;6956,79;6961,69;6953,99;6954,69;2677499044,00;38484
WDOFUT;23/06/2021;16:00:00;6958,89;6963,79;6955,39;6956,79;2822638951,00;40561
WDOFUT;23/06/2021;15:45:00;6965,19;6968,69;6957,49;6958,89;4551973761,00;65375
WDOFUT;23/06/2021;15:30:00;6965,89;6972,89;6959,59;6965,89;7419778482,00;106509
WDOFUT;23/06/2021;15:15:00;6958,19;6969,39;6957,49;6965,89;6251683101,00;89781
WDOFUT;23/06/2021;15:00:00;6944,89;6962,39;6943,50;6958,19;5334860420,00;76731
WDOFUT;23/06/2021;14:45:00;6942,10;6949,09;6937,90;6944,19;4436372372,00;63887
WDOFUT;23/06/2021;14:30:00;6939,30;6945,59;6934,40;6942,10;4303940047,00;62017
WDOFUT;23/06/2021;14:15:00;6944,89;6951,89;6937,20;6939,30;4577408318,00;65919
WDOFUT;23/06/2021;14:00:00;6949,09;6959,59;6942,10;6944,89;6618280192,00;95194
WDOFUT;23/06/2021;13:45:00;6944,89;6955,39;6942,80;6949,09;4782582711,00;68828
WDOFUT;23/06/2021;13:30:00;6928,80;6950,49;6927,40;6944,19;8471184566,00;122067
WDOFUT;23/06/2021;13:15:00;6923,90;6930,20;6914,80;6928,80;7317086521,00;105689
WDOFUT;23/06/2021;13:00:00;6937,90;6940,70;6921,10;6923,90;9777952669,00;141053
WDOFUT;23/06/2021;12:45:00;6962,39;6965,19;6936,50;6937,90;9215566150,00;132566
WDOFUT;23/06/2021;12:30:00;6965,19;6972,19;6959,59;6963,09;6043811047,00;86746
WDOFUT;23/06/2021;12:15:00;6969,39;6969,39;6955,39;6964,49;5626434222,00;80813
WDOFUT;23/06/2021;12:00:00;6956,79;6970,09;6950,49;6969,39;1,263649464E10;181566
WDOFUT;23/06/2021;11:45:00;6966,59;6972,19;6956,79;6956,79;8948511059,00;128480
WDOFUT;23/06/2021;11:30:00;6958,89;6974,99;6944,89;6967,29;1,383057379E10;198659
WDOFUT;23/06/2021;11:15:00;6937,90;6959,59;6930,20;6958,89;1,158449961E10;166840
WDOFUT;23/06/2021;11:00:00;6921,80;6943,50;6919,00;6937,90;1,288442935E10;185849
WDOFUT;23/06/2021;10:45:00;6935,10;6937,90;6921,10;6921,80;1,178124274E10;170028
WDOFUT;23/06/2021;10:30:00;6951,19;6958,89;6933,70;6935,10;1,067844751E10;153748
WDOFUT;23/06/2021;10:15:00;6956,79;6960,99;6944,89;6951,19;9903633709,00;142443
WDOFUT;23/06/2021;10:00:00;6928,10;6958,19;6921,10;6956,09;1,341388622E10;193382
WDOFUT;23/06/2021;09:45:00;6939,30;6950,49;6926,00;6927,40;1,318588194E10;190005
WDOFUT;23/06/2021;09:30:00;6933,70;6940,70;6923,90;6940,00;8170358637,00;117837
WDOFUT;23/06/2021;09:15:00;6937,90;6942,10;6917,60;6933,70;1,492949878E10;215438
WDOFUT;23/06/2021;09:00:00;6951,19;6954,69;6935,10;6938,60;1,019871526E10;146865
WDOFUT;22/06/2021;17:45:00;6949,09;6952,59;6943,50;6943,50;2568643468,00;36967
WDOFUT;22/06/2021;17:30:00;6965,19;6965,89;6949,09;6949,09;3821531722,00;54927
WDOFUT;22/06/2021;17:15:00;6964,49;6969,39;6960,29;6964,49;2480136013,00;35604
WDOFUT;22/06/2021;17:00:00;6956,79;6965,89;6955,39;6964,49;3101273367,00;44545
WDOFUT;22/06/2021;16:45:00;6958,89;6962,39;6951,89;6956,79;3731876463,00;53638
WDOFUT;22/06/2021;16:30:00;6954,69;6963,09;6953,29;6958,89;3996849527,00;57438
WDOFUT;22/06/2021;16:15:00;6970,79;6971,49;6951,89;6953,99;6570599956,00;94380
WDOFUT;22/06/2021;16:00:00;6977,09;6981,98;6963,79;6970,09;6437300842,00;92324
WDOFUT;22/06/2021;15:45:00;6988,98;6991,08;6976,39;6977,09;4627355799,00;66256
WDOFUT;22/06/2021;15:30:00;6991,08;7000,88;6979,89;6988,98;7229830225,00;103445
WDOFUT;22/06/2021;15:15:00;6994,58;6995,28;6984,78;6991,08;4557230880,00;65206
WDOFUT;22/06/2021;15:00:00;6991,08;6998,78;6989,68;6993,88;4181507117,00;59786
WDOFUT;22/06/2021;14:45:00;7000,18;7000,18;6974,29;6991,08;1,021345748E10;146212
WDOFUT;22/06/2021;14:30:00;7007,88;7009,28;6991,08;7000,18;5281495825,00;75454
WDOFUT;22/06/2021;14:15:00;7007,18;7009,28;7001,58;7007,88;3370833980,00;48115
WDOFUT;22/06/2021;14:00:00;7000,88;7011,38;6998,08;7007,18;3913972273,00;55877
WDOFUT;22/06/2021;13:45:00;6998,78;7004,38;6998,08;7000,18;2812708725,00;40173
WDOFUT;22/06/2021;13:30:00;7003,68;7007,18;6991,08;6998,78;6137728542,00;87688
WDOFUT;22/06/2021;13:15:00;7002,98;7005,78;6990,38;7003,68;8657928038,00;123715
WDOFUT;22/06/2021;13:00:00;7003,68;7012,08;6998,78;7003,68;6925555390,00;98854
WDOFUT;22/06/2021;12:45:00;7014,88;7016,97;6998,08;7004,38;8674418279,00;123838
WDOFUT;22/06/2021;12:30:00;7018,37;7022,57;7007,18;7014,88;8189691218,00;116747
WDOFUT;22/06/2021;12:15:00;7024,67;7028,87;7015,58;7019,07;3916985506,00;55771
WDOFUT;22/06/2021;12:00:00;7024,67;7033,77;7014,18;7024,67;1,046265653E10;148956
WDOFUT;22/06/2021;11:45:00;7038,67;7051,27;7023,97;7023,97;1,29301576E10;183698
WDOFUT;22/06/2021;11:30:00;7022,57;7040,07;7016,28;7039,37;8574232100,00;122020
WDOFUT;22/06/2021;11:15:00;7041,47;7044,27;7018,37;7023,27;1,185868503E10;168682
WDOFUT;22/06/2021;11:00:00;7054,76;7058,26;7038,67;7040,77;9674129252,00;137250
WDOFUT;22/06/2021;10:45:00;7049,17;7065,96;7045,67;7054,76;1,133423035E10;160638
WDOFUT;22/06/2021;10:30:00;7048,47;7049,17;7035,17;7049,17;1,085818147E10;154182
WDOFUT;22/06/2021;10:15:00;7037,97;7054,06;7036,57;7048,47;9971159373,00;141507
WDOFUT;22/06/2021;10:00:00;7050,57;7060,36;7033,07;7037,97;1,643426841E10;233327
WDOFUT;22/06/2021;09:45:00;7064,56;7066,66;7047,77;7050,57;1,070979564E10;151763
WDOFUT;22/06/2021;09:30:00;7057,56;7068,06;7051,97;7063,86;1,256919345E10;178029
WDOFUT;22/06/2021;09:15:00;7030,27;7058,26;7029,57;7057,56;1,397785976E10;198468
WDOFUT;22/06/2021;09:00:00;7024,67;7030,97;7012,78;7029,57;1,149310085E10;163643
WDOFUT;21/06/2021;17:45:00;7028,87;7033,07;7023,27;7024,67;2680466524,00;38137
WDOFUT;21/06/2021;17:30:00;7040,77;7044,27;7026,77;7028,87;3289645362,00;46772
WDOFUT;21/06/2021;17:15:00;7036,57;7042,17;7033,07;7040,77;1887641738,00;26822
WDOFUT;21/06/2021;17:00:00;7035,87;7037,97;7031,67;7035,87;1848494835,00;26273
WDOFUT;21/06/2021;16:45:00;7039,37;7040,77;7033,77;7035,87;2488547817,00;35364
WDOFUT;21/06/2021;16:30:00;7036,57;7040,77;7036,57;7038,67;1734366968,00;24640
WDOFUT;21/06/2021;16:15:00;7033,07;7040,77;7031,67;7037,27;2332637276,00;33153
WDOFUT;21/06/2021;16:00:00;7034,47;7035,87;7028,87;7033,07;2601739803,00;36998
WDOFUT;21/06/2021;15:45:00;7033,07;7038,67;7030,27;7033,77;2879673962,00;40943
WDOFUT;21/06/2021;15:30:00;7033,77;7037,97;7028,87;7033,07;4454676571,00;63338
WDOFUT;21/06/2021;15:15:00;7036,57;7041,47;7031,67;7034,47;5841942477,00;83026
WDOFUT;21/06/2021;15:00:00;7045,67;7047,07;7033,77;7035,87;5279010100,00;74969
WDOFUT;21/06/2021;14:45:00;7050,57;7052,67;7042,87;7045,67;4902305305,00;69563
WDOFUT;21/06/2021;14:30:00;7054,76;7058,96;7049,87;7051,27;3079483522,00;43649
WDOFUT;21/06/2021;14:15:00;7057,56;7060,36;7052,67;7054,76;2665253153,00;37772
WDOFUT;21/06/2021;14:00:00;7048,47;7061,76;7047,77;7056,86;3755210316,00;53226
WDOFUT;21/06/2021;13:45:00;7051,27;7054,06;7044,97;7049,17;2865557540,00;40652
WDOFUT;21/06/2021;13:30:00;7056,16;7056,16;7048,47;7050,57;2686498869,00;38092
WDOFUT;21/06/2021;13:15:00;7048,47;7058,96;7044,97;7056,16;3407698424,00;48316
WDOFUT;21/06/2021;13:00:00;7049,87;7054,06;7037,97;7049,17;8352058803,00;118532
WDOFUT;21/06/2021;12:45:00;7063,86;7065,26;7049,17;7049,17;5497179732,00;77898
WDOFUT;21/06/2021;12:30:00;7064,56;7066,66;7061,06;7063,86;2102145474,00;29761
WDOFUT;21/06/2021;12:15:00;7063,86;7066,66;7056,86;7063,86;3488655154,00;49396
WDOFUT;21/06/2021;12:00:00;7058,96;7064,56;7055,46;7063,86;5028018591,00;71219
WDOFUT;21/06/2021;11:45:00;7061,76;7067,36;7058,96;7058,96;4388452570,00;62131
WDOFUT;21/06/2021;11:30:00;7068,06;7068,76;7054,76;7061,76;7264753745,00;102883
WDOFUT;21/06/2021;11:15:00;7065,96;7075,06;7061,06;7068,76;7379168526,00;104418
WDOFUT;21/06/2021;11:00:00;7071,56;7074,36;7051,97;7065,96;1,1304786E10;160098
WDOFUT;21/06/2021;10:45:00;7063,16;7083,46;7063,16;7072,26;9915500528,00;140143
WDOFUT;21/06/2021;10:30:00;7059,66;7068,76;7057,56;7063,16;7422090844,00;105068
WDOFUT;21/06/2021;10:15:00;7068,76;7070,86;7054,76;7058,96;7333779468,00;103857
WDOFUT;21/06/2021;10:00:00;7080,66;7082,06;7058,26;7068,76;1,135390023E10;160646
WDOFUT;21/06/2021;09:45:00;7079,26;7086,26;7075,06;7080,66;7972133785,00;112613
WDOFUT;21/06/2021;09:30:00;7091,85;7093,25;7075,06;7079,96;8284597010,00;116980
WDOFUT;21/06/2021;09:15:00;7091,15;7098,15;7082,06;7091,85;9919694190,00;139935
WDOFUT;21/06/2021;09:00:00;7107,95;7120,55;7090,45;7090,45;1,130269125E10;159063
WDOFUT;18/06/2021;17:45:00;7155,54;7158,34;7128,24;7131,74;2811168349,00;39328
WDOFUT;18/06/2021;17:30:00;7136,64;7159,74;7135,24;7155,54;5444376300,00;76171
WDOFUT;18/06/2021;17:15:00;7119,15;7136,64;7116,35;7135,94;6610727094,00;92729
WDOFUT;18/06/2021;17:00:00;7106,55;7121,25;7101,65;7119,85;3471940176,00;48824
WDOFUT;18/06/2021;16:45:00;7103,75;7107,25;7098,85;7106,55;2501497162,00;35216
WDOFUT;18/06/2021;16:30:00;7105,15;7113,55;7100,25;7103,75;3988689465,00;56119
WDOFUT;18/06/2021;16:15:00;7098,15;7105,15;7086,96;7105,15;4563269201,00;64305
WDOFUT;18/06/2021;16:00:00;7100,95;7107,95;7094,65;7098,15;4450400919,00;62668
WDOFUT;18/06/2021;15:45:00;7092,55;7101,65;7089,06;7100,95;4119618414,00;58063
WDOFUT;18/06/2021;15:30:00;7088,36;7096,05;7080,66;7093,25;5593286241,00;78909
WDOFUT;18/06/2021;15:15:00;7098,15;7106,55;7086,96;7088,36;5514005503,00;77705
WDOFUT;18/06/2021;15:00:00;7096,75;7100,95;7088,36;7097,45;4209552686,00;59319
WDOFUT;18/06/2021;14:45:00;7093,25;7097,45;7087,66;7096,75;2937780672,00;41419
WDOFUT;18/06/2021;14:30:00;7100,25;7100,95;7086,96;7093,95;4137279860,00;58333
WDOFUT;18/06/2021;14:15:00;7110,75;7110,75;7095,35;7100,25;4690459691,00;66044
WDOFUT;18/06/2021;14:00:00;7118,45;7124,05;7107,25;7110,75;6556291975,00;92111
WDOFUT;18/06/2021;13:45:00;7093,95;7122,65;7093,25;7119,15;5753319162,00;80942
WDOFUT;18/06/2021;13:30:00;7100,25;7112,85;7090,45;7093,95;6824028161,00;96087
WDOFUT;18/06/2021;13:15:00;7066,66;7103,05;7066,66;7100,25;9675686436,00;136535
WDOFUT;18/06/2021;13:00:00;7063,86;7070,86;7053,36;7066,66;5572621295,00;78911
WDOFUT;18/06/2021;12:45:00;7071,56;7072,26;7058,26;7063,86;3929097622,00;55617
WDOFUT;18/06/2021;12:30:00;7074,36;7078,56;7058,96;7070,86;6252942182,00;88482
WDOFUT;18/06/2021;12:15:00;7082,76;7085,56;7061,76;7074,36;7279740497,00;102934
WDOFUT;18/06/2021;12:00:00;7056,16;7086,26;7056,16;7082,06;1,165493945E10;164792
WDOFUT;18/06/2021;11:45:00;7056,16;7069,46;7048,47;7056,16;1,181969912E10;167416
WDOFUT;18/06/2021;11:30:00;7072,96;7082,06;7051,27;7055,46;1,211330333E10;171437
WDOFUT;18/06/2021;11:15:00;7056,86;7086,96;7056,86;7072,96;1,558051962E10;220187
WDOFUT;18/06/2021;11:00:00;7035,87;7067,36;7033,07;7057,56;1,879653782E10;266458
WDOFUT;18/06/2021;10:45:00;7003,68;7043,57;7003,68;7035,87;1,894603063E10;269781
WDOFUT;18/06/2021;10:30:00;6991,78;7005,08;6981,28;7004,38;1,394225758E10;199370
WDOFUT;18/06/2021;10:15:00;7010,68;7010,68;6985,48;6991,78;1,384163122E10;197869
WDOFUT;18/06/2021;10:00:00;7004,38;7018,37;6995,28;7010,68;1,450312043E10;206975
WDOFUT;18/06/2021;09:45:00;7028,87;7037,27;7001,58;7005,08;1,324724283E10;188701
WDOFUT;18/06/2021;09:30:00;7035,87;7037,27;7019,77;7028,87;1,190384877E10;169376
WDOFUT;18/06/2021;09:15:00;7016,97;7044,27;7014,88;7035,87;1,476588731E10;210050
WDOFUT;18/06/2021;09:00:00;7016,97;7026,77;7007,88;7017,67;1,159330725E10;165212
WDOFUT;17/06/2021;17:45:00;7026,77;7028,87;7016,97;7016,97;2435104067,00;34673
WDOFUT;17/06/2021;17:30:00;7026,07;7034,47;7024,67;7026,77;2284274875,00;32496
WDOFUT;17/06/2021;17:15:00;7033,07;7036,57;7025,37;7026,07;2552074736,00;36304
WDOFUT;17/06/2021;17:00:00;7042,87;7042,87;7029,57;7032,37;3161940870,00;44941
WDOFUT;17/06/2021;16:45:00;7044,27;7045,67;7039,37;7042,87;1956069329,00;27775
WDOFUT;17/06/2021;16:30:00;7041,47;7046,37;7037,27;7043,57;2777637518,00;39443
WDOFUT;17/06/2021;16:15:00;7047,77;7049,17;7038,67;7041,47;2800862522,00;39759
WDOFUT;17/06/2021;16:00:00;7049,17;7052,67;7046,37;7047,77;2273542598,00;32253
WDOFUT;17/06/2021;15:45:00;7042,17;7050,57;7039,37;7049,17;3821823969,00;54243
WDOFUT;17/06/2021;15:30:00;7043,57;7045,67;7037,97;7042,17;2574763925,00;36561
WDOFUT;17/06/2021;15:15:00;7037,27;7045,67;7036,57;7042,87;2546335191,00;36159
WDOFUT;17/06/2021;15:00:00;7037,97;7044,97;7031,67;7037,27;4841066632,00;68778
WDOFUT;17/06/2021;14:45:00;7049,87;7051,97;7037,27;7037,97;3887160942,00;55170
WDOFUT;17/06/2021;14:30:00;7047,77;7055,46;7047,07;7049,17;3412334526,00;48390
WDOFUT;17/06/2021;14:15:00;7051,27;7053,36;7041,47;7047,77;2834591245,00;40222
WDOFUT;17/06/2021;14:00:00;7049,87;7052,67;7043,57;7051,97;3520786796,00;49951
WDOFUT;17/06/2021;13:45:00;7051,27;7060,36;7048,47;7050,57;4889353223,00;69313
WDOFUT;17/06/2021;13:30:00;7044,97;7051,27;7037,97;7051,27;4357855278,00;61858
WDOFUT;17/06/2021;13:15:00;7038,67;7044,97;7034,47;7044,27;4356001836,00;61871
WDOFUT;17/06/2021;13:00:00;7042,87;7049,17;7037,27;7038,67;5397871867,00;76636
WDOFUT;17/06/2021;12:45:00;7037,27;7047,07;7034,47;7042,87;5343211312,00;75885
WDOFUT;17/06/2021;12:30:00;7035,17;7038,67;7019,07;7037,27;1,007876591E10;143406
WDOFUT;17/06/2021;12:15:00;7062,46;7062,46;7034,47;7035,17;8939145179,00;126788
WDOFUT;17/06/2021;12:00:00;7038,67;7068,76;7036,57;7062,46;1,080304385E10;153153
WDOFUT;17/06/2021;11:45:00;7040,77;7045,67;7033,77;7038,67;6042115874,00;85836
WDOFUT;17/06/2021;11:30:00;7044,97;7047,07;7031,67;7040,07;8921540557,00;126780
WDOFUT;17/06/2021;11:15:00;7042,17;7047,77;7033,77;7045,67;7688106944,00;109181
WDOFUT;17/06/2021;11:00:00;7059,66;7065,96;7040,77;7042,87;1,183531308E10;167799
WDOFUT;17/06/2021;10:45:00;7055,46;7067,36;7047,77;7059,66;9543287898,00;135215
WDOFUT;17/06/2021;10:30:00;7051,97;7055,46;7035,87;7055,46;1,475772615E10;209464
WDOFUT;17/06/2021;10:15:00;7089,06;7090,45;7050,57;7051,97;1,787044069E10;252906
WDOFUT;17/06/2021;10:00:00;7105,85;7107,95;7086,96;7089,06;1,385928472E10;195276
WDOFUT;17/06/2021;09:45:00;7098,15;7114,95;7096,05;7105,85;1,452717521E10;204489
WDOFUT;17/06/2021;09:30:00;7096,05;7100,25;7073,66;7098,15;1,3542938E10;191097
WDOFUT;17/06/2021;09:15:00;7081,36;7103,75;7069,46;7096,05;1,320157751E10;186304
WDOFUT;17/06/2021;09:00:00;7103,05;7109,35;7070,86;7081,36;1,491238112E10;210420
WDOFUT;16/06/2021;17:45:00;7094,65;7095,35;7085,56;7086,26;1898316966,00;26777
WDOFUT;16/06/2021;17:30:00;7091,85;7100,25;7087,66;7094,65;2418315323,00;34092
WDOFUT;16/06/2021;17:15:00;7095,35;7096,75;7083,46;7091,85;2819826304,00;39768
WDOFUT;16/06/2021;17:00:00;7087,66;7099,55;7086,26;7096,05;4048973075,00;57080
WDOFUT;16/06/2021;16:45:00;7078,56;7091,15;7077,16;7087,66;4401887680,00;62134
WDOFUT;16/06/2021;16:30:00;7072,26;7085,56;7065,26;7079,26;6634922809,00;93763
WDOFUT;16/06/2021;16:15:00;7083,46;7085,56;7071,56;7071,56;4690134336,00;66273
WDOFUT;16/06/2021;16:00:00;7095,35;7097,45;7071,56;7082,76;8492861819,00;119876
WDOFUT;16/06/2021;15:45:00;7117,05;7119,15;7085,56;7095,35;1,30852071E10;184196
WDOFUT;16/06/2021;15:30:00;7072,96;7123,35;7065,96;7117,05;1,870731317E10;263747
WDOFUT;16/06/2021;15:15:00;7079,26;7104,45;7065,96;7072,26;1,993558034E10;281170
WDOFUT;16/06/2021;15:00:00;7016,28;7088,36;7016,28;7079,26;2,950465739E10;417565
WDOFUT;16/06/2021;14:45:00;7023,27;7023,97;7009,28;7016,28;3785002486,00;53932
WDOFUT;16/06/2021;14:30:00;7027,47;7027,47;7018,37;7023,27;3929344039,00;55951
WDOFUT;16/06/2021;14:15:00;7018,37;7032,37;7016,97;7027,47;5366630065,00;76395
WDOFUT;16/06/2021;14:00:00;7011,38;7020,47;7009,98;7017,67;3655351702,00;52109
WDOFUT;16/06/2021;13:45:00;7021,17;7023,27;7006,48;7012,08;6070633547,00;86562
WDOFUT;16/06/2021;13:30:00;7021,17;7026,07;7019,07;7021,87;4930623757,00;70213
WDOFUT;16/06/2021;13:15:00;7013,48;7022,57;7012,78;7020,47;4172114462,00;59450
WDOFUT;16/06/2021;13:00:00;7007,88;7014,88;7004,38;7013,48;4493405219,00;64102
WDOFUT;16/06/2021;12:45:00;7006,48;7011,38;6999,48;7007,88;5491934769,00;78394
WDOFUT;16/06/2021;12:30:00;7007,88;7012,78;7000,88;7006,48;8193391929,00;116946
WDOFUT;16/06/2021;12:15:00;7021,87;7021,87;7004,38;7007,18;1,312322293E10;187166
WDOFUT;16/06/2021;12:00:00;7030,27;7035,17;7016,28;7021,17;1,439496813E10;204891
WDOFUT;16/06/2021;11:45:00;7049,17;7052,67;7028,17;7030,97;9990125674,00;141920
WDOFUT;16/06/2021;11:30:00;7054,06;7055,46;7044,27;7049,87;7188449654,00;101965
WDOFUT;16/06/2021;11:15:00;7053,36;7058,96;7048,47;7054,76;7258951895,00;102902
WDOFUT;16/06/2021;11:00:00;7054,06;7054,76;7042,87;7052,67;8785321494,00;124627
WDOFUT;16/06/2021;10:45:00;7058,96;7065,96;7047,77;7054,06;1,042224757E10;147732
WDOFUT;16/06/2021;10:30:00;7065,26;7066,66;7051,97;7058,96;9676804345,00;137093
WDOFUT;16/06/2021;10:15:00;7064,56;7070,86;7057,56;7065,26;7238244352,00;102469
WDOFUT;16/06/2021;10:00:00;7079,26;7079,96;7061,76;7064,56;8877819709,00;125570
WDOFUT;16/06/2021;09:45:00;7075,06;7082,76;7059,66;7079,26;1,011206835E10;142998
WDOFUT;16/06/2021;09:30:00;7071,56;7081,36;7063,16;7075,06;1,057523069E10;149530
WDOFUT;16/06/2021;09:15:00;7062,46;7078,56;7062,46;7071,56;8403729155,00;118853
WDOFUT;16/06/2021;09:00:00;7083,46;7089,06;7055,46;7062,46;1,192756754E10;168773
WDOFUT;15/06/2021;17:45:00;7071,56;7078,56;7069,46;7069,46;2247434287,00;31776
WDOFUT;15/06/2021;17:30:00;7072,26;7076,46;7070,86;7072,26;2281117565,00;32248
WDOFUT;15/06/2021;17:15:00;7070,86;7073,66;7069,46;7072,26;1762878105,00;24928
WDOFUT;15/06/2021;17:00:00;7068,06;7072,96;7067,36;7071,56;1787019116,00;25274
WDOFUT;15/06/2021;16:45:00;7070,16;7072,96;7066,66;7068,06;2136757880,00;30221
WDOFUT;15/06/2021;16:30:00;7069,46;7075,76;7066,66;7070,86;3724494916,00;52674
WDOFUT;15/06/2021;16:15:00;7075,06;7075,76;7066,66;7069,46;2864080154,00;40507
WDOFUT;15/06/2021;16:00:00;7070,16;7077,16;7069,46;7074,36;4122072136,00;58279
WDOFUT;15/06/2021;15:45:00;7088,36;7089,06;7064,56;7069,46;8344062342,00;117977
WDOFUT;15/06/2021;15:30:00;7088,36;7091,15;7084,86;7087,66;2734794446,00;38582
WDOFUT;15/06/2021;15:15:00;7083,46;7089,75;7078,56;7089,06;5328798522,00;75216
WDOFUT;15/06/2021;15:00:00;7094,65;7098,15;7080,66;7082,76;6331071736,00;89295
WDOFUT;15/06/2021;14:45:00;7110,05;7110,75;7073,66;7095,35;1,319644597E10;186082
WDOFUT;15/06/2021;14:30:00;7118,45;7119,85;7107,25;7110,75;4103559968,00;57684
WDOFUT;15/06/2021;14:15:00;7126,14;7126,84;7112,15;7119,15;6450559901,00;90614
WDOFUT;15/06/2021;14:00:00;7127,54;7135,24;7124,75;7125,45;3520318310,00;49378
WDOFUT;15/06/2021;13:45:00;7125,45;7132,44;7120,55;7127,54;4338403177,00;60877
WDOFUT;15/06/2021;13:30:00;7130,34;7134,54;7124,75;7125,45;3106230303,00;43572
WDOFUT;15/06/2021;13:15:00;7133,14;7134,54;7127,54;7131,04;3274318937,00;45917
WDOFUT;15/06/2021;13:00:00;7139,44;7142,94;7131,74;7132,44;3806447151,00;53330
WDOFUT;15/06/2021;12:45:00;7131,74;7143,64;7131,04;7140,14;5884753364,00;82428
WDOFUT;15/06/2021;12:30:00;7126,84;7134,54;7126,14;7131,04;4302790031,00;60347
WDOFUT;15/06/2021;12:15:00;7120,55;7130,34;7114,95;7126,84;5679380905,00;79732
WDOFUT;15/06/2021;12:00:00;7121,25;7128,24;7117,05;7119,85;7732933390,00;108569
WDOFUT;15/06/2021;11:45:00;7135,94;7135,94;7114,25;7121,95;1,144681737E10;160654
WDOFUT;15/06/2021;11:30:00;7146,44;7146,44;7133,84;7135,94;7585112581,00;106235
WDOFUT;15/06/2021;11:15:00;7152,74;7156,94;7142,24;7145,74;8795719549,00;123018
WDOFUT;15/06/2021;11:00:00;7124,05;7154,14;7122,65;7153,44;1,189407592E10;166588
WDOFUT;15/06/2021;10:45:00;7121,95;7134,54;7121,25;7124,05;9410100019,00;132001
WDOFUT;15/06/2021;10:30:00;7122,65;7130,34;7113,55;7121,95;9588462289,00;134645
WDOFUT;15/06/2021;10:15:00;7119,15;7124,05;7105,85;7122,65;1,156162796E10;162506
WDOFUT;15/06/2021;10:00:00;7121,95;7128,24;7118,45;7119,15;1,02168655E10;143422
WDOFUT;15/06/2021;09:45:00;7112,85;7126,84;7108,65;7121,25;1,404650093E10;197333
WDOFUT;15/06/2021;09:30:00;7092,55;7119,15;7088,36;7112,85;1,512716475E10;212894
WDOFUT;15/06/2021;09:15:00;7107,95;7110,75;7089,75;7091,85;9232716989,00;130020
WDOFUT;15/06/2021;09:00:00;7100,25;7117,05;7098,15;7107,95;9095223778,00;127960
WDOFUT;14/06/2021;17:45:00;7096,75;7100,95;7093,25;7096,05;2178382915,00;30692
WDOFUT;14/06/2021;17:30:00;7101,65;7103,75;7096,75;7097,45;1750482574,00;24651
WDOFUT;14/06/2021;17:15:00;7107,95;7108,65;7099,55;7102,35;2368889871,00;33348
WDOFUT;14/06/2021;17:00:00;7110,75;7111,45;7104,45;7107,95;2839955008,00;39960
WDOFUT;14/06/2021;16:45:00;7116,35;7119,15;7110,05;7110,75;3197209542,00;44933
WDOFUT;14/06/2021;16:30:00;7111,45;7117,05;7108,65;7116,35;2554717694,00;35914
WDOFUT;14/06/2021;16:15:00;7112,85;7114,25;7109,35;7112,15;2691040378,00;37836
WDOFUT;14/06/2021;16:00:00;7110,75;7112,85;7107,25;7112,85;2877744108,00;40477
WDOFUT;14/06/2021;15:45:00;7111,45;7112,85;7106,55;7110,75;3587511474,00;50457
WDOFUT;14/06/2021;15:30:00;7119,15;7121,95;7106,55;7110,75;5927915178,00;83342
WDOFUT;14/06/2021;15:15:00;7117,75;7122,65;7117,05;7119,85;4461634776,00;62666
WDOFUT;14/06/2021;15:00:00;7108,65;7119,85;7106,55;7117,75;6001046983,00;84354
WDOFUT;14/06/2021;14:45:00;7103,05;7110,75;7101,65;7108,65;4653300215,00;65482
WDOFUT;14/06/2021;14:30:00;7098,85;7103,05;7098,85;7102,35;2316967273,00;32627
WDOFUT;14/06/2021;14:15:00;7100,25;7102,35;7093,95;7098,85;2776699551,00;39120
WDOFUT;14/06/2021;14:00:00;7096,05;7102,35;7094,65;7100,25;2635386467,00;37123
WDOFUT;14/06/2021;13:45:00;7098,85;7099,55;7093,95;7096,75;2070528701,00;29175
WDOFUT;14/06/2021;13:30:00;7095,35;7102,35;7094,65;7098,85;3335055932,00;46977
WDOFUT;14/06/2021;13:15:00;7099,55;7100,25;7093,95;7095,35;2640092269,00;37201
WDOFUT;14/06/2021;13:00:00;7091,15;7100,25;7089,75;7099,55;6095273570,00;85909
WDOFUT;14/06/2021;12:45:00;7098,15;7099,55;7090,45;7091,85;3599900854,00;50742
WDOFUT;14/06/2021;12:30:00;7098,85;7105,15;7096,05;7098,15;4484164633,00;63147
WDOFUT;14/06/2021;12:15:00;7093,95;7099,55;7090,45;7099,55;3962700233,00;55845
WDOFUT;14/06/2021;12:00:00;7098,15;7100,25;7088,36;7094,65;8930549262,00;125874
WDOFUT;14/06/2021;11:45:00;7118,45;7119,85;7096,05;7098,15;9932400128,00;139763
WDOFUT;14/06/2021;11:30:00;7121,95;7124,05;7114,25;7118,45;6602013330,00;92747
WDOFUT;14/06/2021;11:15:00;7125,45;7128,24;7119,15;7121,95;4551046284,00;63882
WDOFUT;14/06/2021;11:00:00;7118,45;7129,64;7117,05;7125,45;9132259543,00;128208
WDOFUT;14/06/2021;10:45:00;7128,94;7133,14;7118,45;7118,45;6370273784,00;89384
WDOFUT;14/06/2021;10:30:00;7127,54;7133,84;7117,75;7128,94;8917996204,00;125138
WDOFUT;14/06/2021;10:15:00;7124,05;7128,94;7121,25;7127,54;5934980600,00;83298
WDOFUT;14/06/2021;10:00:00;7146,44;7147,84;7120,55;7124,05;1,706916506E10;239361
WDOFUT;14/06/2021;09:45:00;7157,64;7163,93;7145,74;7146,44;9126844883,00;127538
WDOFUT;14/06/2021;09:30:00;7160,44;7161,84;7149,24;7158,34;7077127128,00;98910
WDOFUT;14/06/2021;09:15:00;7159,74;7167,43;7154,14;7160,44;8034604568,00;112194
WDOFUT;14/06/2021;09:00:00;7159,04;7163,93;7148,54;7159,74;8589511603,00;120034
WDOFUT;11/06/2021;17:45:00;7180,03;7182,13;7176,53;7178,63;1748048299,00;24349
WDOFUT;11/06/2021;17:30:00;7180,03;7184,23;7173,03;7180,73;2311424136,00;32203
WDOFUT;11/06/2021;17:15:00;7182,83;7184,93;7177,23;7180,03;1999113385,00;27840
WDOFUT;11/06/2021;17:00:00;7179,33;7194,03;7179,33;7182,83;5203494609,00;72389
WDOFUT;11/06/2021;16:45:00;7181,43;7184,93;7177,93;7180,03;2563355725,00;35696
WDOFUT;11/06/2021;16:30:00;7179,33;7181,43;7176,53;7181,43;1357832954,00;18914
WDOFUT;11/06/2021;16:15:00;7176,53;7181,43;7175,83;7178,63;2486555030,00;34636
WDOFUT;11/06/2021;16:00:00;7169,53;7179,33;7169,53;7177,23;3709161675,00;51700
WDOFUT;11/06/2021;15:45:00;7176,53;7179,33;7168,13;7170,23;4051523218,00;56477
WDOFUT;11/06/2021;15:30:00;7180,03;7182,83;7174,43;7176,53;2247126847,00;31301
WDOFUT;11/06/2021;15:15:00;7176,53;7190,53;7175,83;7180,03;3948413702,00;54969
WDOFUT;11/06/2021;15:00:00;7175,83;7183,53;7174,43;7176,53;3169166878,00;44148
WDOFUT;11/06/2021;14:45:00;7180,03;7184,23;7174,43;7176,53;3465142017,00;48271
WDOFUT;11/06/2021;14:30:00;7178,63;7191,93;7178,63;7180,03;5007597221,00;69699
WDOFUT;11/06/2021;14:15:00;7175,83;7182,83;7170,23;7178,63;3458115833,00;48186
WDOFUT;11/06/2021;14:00:00;7177,93;7183,53;7173,73;7175,83;3859021753,00;53757
WDOFUT;11/06/2021;13:45:00;7183,53;7184,23;7175,83;7177,93;3450959128,00;48069
WDOFUT;11/06/2021;13:30:00;7191,23;7193,33;7181,43;7184,23;3128828552,00;43541
WDOFUT;11/06/2021;13:15:00;7192,63;7194,73;7187,73;7191,23;3197340014,00;44461
WDOFUT;11/06/2021;13:00:00;7194,73;7201,02;7191,23;7191,93;4492265435,00;62424
WDOFUT;11/06/2021;12:45:00;7188,43;7195,43;7184,23;7194,73;4795039685,00;66694
WDOFUT;11/06/2021;12:30:00;7205,22;7206,62;7187,73;7189,13;5496141504,00;76371
WDOFUT;11/06/2021;12:15:00;7195,43;7205,92;7194,03;7205,22;6346231355,00;88135
WDOFUT;11/06/2021;12:00:00;7191,93;7197,53;7186,33;7195,43;6831208479,00;94982
WDOFUT;11/06/2021;11:45:00;7189,13;7197,53;7178,63;7191,93;8237106864,00;114598
WDOFUT;11/06/2021;11:30:00;7177,23;7192,63;7176,53;7189,13;6998951912,00;97371
WDOFUT;11/06/2021;11:15:00;7175,13;7187,03;7169,53;7177,23;1,051691265E10;146486
WDOFUT;11/06/2021;11:00:00;7166,03;7175,83;7157,64;7174,43;1,274913947E10;177903
WDOFUT;11/06/2021;10:45:00;7142,94;7166,73;7138,74;7166,03;9787986699,00;136869
WDOFUT;11/06/2021;10:30:00;7134,54;7143,64;7126,84;7142,94;9154529715,00;128310
WDOFUT;11/06/2021;10:15:00;7140,14;7140,14;7132,44;7134,54;4372869904,00;61280
WDOFUT;11/06/2021;10:00:00;7146,44;7154,84;7132,44;7139,44;1,099091846E10;153859
WDOFUT;11/06/2021;09:45:00;7140,84;7158,34;7139,44;7145,74;1,232748415E10;172419
WDOFUT;11/06/2021;09:30:00;7126,14;7149,24;7125,45;7140,14;1,110202218E10;155509
WDOFUT;11/06/2021;09:15:00;7122,65;7132,44;7120,55;7126,14;8889282214,00;124735
WDOFUT;11/06/2021;09:00:00;7082,06;7125,45;7081,36;7121,95;1,045231049E10;147004
WDOFUT;10/06/2021;17:45:00;7105,85;7105,85;7089,75;7091,15;1913458376,00;26959
WDOFUT;10/06/2021;17:30:00;7110,05;7110,75;7096,75;7105,85;2501701597,00;35223
WDOFUT;10/06/2021;17:15:00;7107,95;7114,25;7105,85;7110,05;1733098468,00;24372
WDOFUT;10/06/2021;17:00:00;7105,15;7110,05;7103,05;7108,65;1474027795,00;20741
WDOFUT;10/06/2021;16:45:00;7112,15;7114,25;7103,75;7104,45;2650767057,00;37284
WDOFUT;10/06/2021;16:30:00;7105,15;7114,25;7103,75;7111,45;3066493524,00;43133
WDOFUT;10/06/2021;16:15:00;7110,75;7110,75;7096,75;7105,15;6449024110,00;90805
WDOFUT;10/06/2021;16:00:00;7113,55;7121,25;7108,65;7110,05;3953211229,00;55565
WDOFUT;10/06/2021;15:45:00;7122,65;7124,05;7111,45;7112,85;3219347003,00;45237
WDOFUT;10/06/2021;15:30:00;7118,45;7127,54;7117,05;7121,95;3299613162,00;46328
WDOFUT;10/06/2021;15:15:00;7118,45;7121,25;7112,85;7117,75;2958460202,00;41572
WDOFUT;10/06/2021;15:00:00;7117,05;7119,85;7112,85;7117,75;3827685176,00;53787
WDOFUT;10/06/2021;14:45:00;7126,84;7130,34;7117,05;7117,75;5879779549,00;82541
WDOFUT;10/06/2021;14:30:00;7124,75;7131,74;7119,85;7126,84;6237410461,00;87529
WDOFUT;10/06/2021;14:15:00;7110,75;7125,45;7110,75;7124,75;4179692690,00;58717
WDOFUT;10/06/2021;14:00:00;7114,25;7119,15;7110,75;7110,75;4624242528,00;64997
WDOFUT;10/06/2021;13:45:00;7128,24;7130,34;7112,15;7114,25;4358494370,00;61217
WDOFUT;10/06/2021;13:30:00;7128,94;7140,84;7124,05;7128,24;6991699039,00;98037
WDOFUT;10/06/2021;13:15:00;7114,25;7132,44;7110,75;7128,94;5626404606,00;79015
WDOFUT;10/06/2021;13:00:00;7107,25;7117,75;7104,45;7114,25;6104905909,00;85842
WDOFUT;10/06/2021;12:45:00;7111,45;7111,45;7103,75;7106,55;3087842091,00;43449
WDOFUT;10/06/2021;12:30:00;7115,65;7117,75;7107,25;7110,75;4309877512,00;60604
WDOFUT;10/06/2021;12:15:00;7112,15;7118,45;7109,35;7114,95;3941447127,00;55410
WDOFUT;10/06/2021;12:00:00;7116,35;7126,14;7110,05;7112,15;1,128530775E10;158522
WDOFUT;10/06/2021;11:45:00;7085,56;7116,35;7084,16;7116,35;1,240272322E10;174685
WDOFUT;10/06/2021;11:30:00;7065,26;7086,96;7065,26;7085,56;9776736928,00;138175
WDOFUT;10/06/2021;11:15:00;7086,96;7091,15;7065,26;7065,96;9424857934,00;133192
WDOFUT;10/06/2021;11:00:00;7084,16;7094,65;7082,06;7086,26;1,035788147E10;146128
WDOFUT;10/06/2021;10:45:00;7073,66;7085,56;7063,86;7084,16;1,010374376E10;142871
WDOFUT;10/06/2021;10:30:00;7083,46;7098,85;7073,66;7073,66;1,18914671E10;167805
WDOFUT;10/06/2021;10:15:00;7075,76;7091,15;7072,26;7083,46;8572621813,00;121088
WDOFUT;10/06/2021;10:00:00;7076,46;7091,85;7070,86;7075,06;1,262021461E10;178197
WDOFUT;10/06/2021;09:45:00;7067,36;7080,66;7059,66;7077,16;1,035597963E10;146440
WDOFUT;10/06/2021;09:30:00;7071,56;7106,55;7057,56;7067,36;2,159505127E10;305262
WDOFUT;10/06/2021;09:15:00;7079,26;7087,66;7061,76;7071,56;8787962177,00;124130
WDOFUT;10/06/2021;09:00:00;7099,55;7100,25;7077,86;7078,56;9024275864,00;127315
WDOFUT;09/06/2021;17:45:00;7105,85;7108,65;7098,15;7102,35;2477822413,00;34882
WDOFUT;09/06/2021;17:30:00;7110,75;7111,45;7103,05;7106,55;1814989035,00;25541
WDOFUT;09/06/2021;17:15:00;7107,95;7112,85;7105,85;7111,45;1654799945,00;23278
WDOFUT;09/06/2021;17:00:00;7111,45;7114,95;7107,95;7107,95;1739083905,00;24457
WDOFUT;09/06/2021;16:45:00;7110,75;7117,05;7107,25;7111,45;3152960486,00;44335
WDOFUT;09/06/2021;16:30:00;7110,75;7113,55;7107,25;7110,75;2164547627,00;30442
WDOFUT;09/06/2021;16:15:00;7110,05;7114,25;7107,25;7111,45;2634293359,00;37044
WDOFUT;09/06/2021;16:00:00;7100,95;7110,75;7098,85;7110,05;4401205669,00;61943
WDOFUT;09/06/2021;15:45:00;7108,65;7108,65;7100,25;7100,95;3834556906,00;53979
WDOFUT;09/06/2021;15:30:00;7111,45;7115,65;7103,75;7108,65;4253301449,00;59827
WDOFUT;09/06/2021;15:15:00;7114,95;7117,05;7106,55;7112,15;3694471655,00;51950
WDOFUT;09/06/2021;15:00:00;7119,85;7120,55;7105,15;7114,95;7139127647,00;100370
WDOFUT;09/06/2021;14:45:00;7114,95;7126,14;7112,85;7120,55;5435073066,00;76334
WDOFUT;09/06/2021;14:30:00;7124,05;7125,45;7109,35;7114,95;5624249750,00;79030
WDOFUT;09/06/2021;14:15:00;7125,45;7127,54;7116,35;7124,05;5043427846,00;70828
WDOFUT;09/06/2021;14:00:00;7122,65;7133,14;7121,95;7125,45;6124985591,00;85936
WDOFUT;09/06/2021;13:45:00;7128,94;7130,34;7121,25;7122,65;5314223774,00;74575
WDOFUT;09/06/2021;13:30:00;7103,75;7131,74;7103,75;7128,94;8503213750,00;119440
WDOFUT;09/06/2021;13:15:00;7104,45;7114,25;7101,65;7103,75;4953994139,00;69699
WDOFUT;09/06/2021;13:00:00;7103,75;7115,65;7102,35;7104,45;6804599105,00;95726
WDOFUT;09/06/2021;12:45:00;7096,05;7105,15;7092,55;7104,45;5960878374,00;83987
WDOFUT;09/06/2021;12:30:00;7105,85;7106,55;7092,55;7095,35;5234144562,00;73732
WDOFUT;09/06/2021;12:15:00;7100,95;7109,35;7099,55;7105,15;6406212515,00;90171
WDOFUT;09/06/2021;12:00:00;7094,65;7101,65;7088,36;7100,95;7015683215,00;98880
WDOFUT;09/06/2021;11:45:00;7092,55;7094,65;7082,06;7093,95;6121858415,00;86364
WDOFUT;09/06/2021;11:30:00;7081,36;7096,05;7080,66;7091,85;8762903193,00;123589
WDOFUT;09/06/2021;11:15:00;7087,66;7088,36;7076,46;7081,36;7462240970,00;105365
WDOFUT;09/06/2021;11:00:00;7074,36;7090,45;7061,06;7086,96;1,156839311E10;163510
WDOFUT;09/06/2021;10:45:00;7073,66;7079,26;7068,76;7074,36;6885992164,00;97359
WDOFUT;09/06/2021;10:30:00;7058,26;7076,46;7051,97;7073,66;1,237134639E10;175084
WDOFUT;09/06/2021;10:15:00;7078,56;7079,26;7049,17;7058,96;1,299922328E10;184069
WDOFUT;09/06/2021;10:00:00;7058,26;7084,16;7053,36;7078,56;1,634826612E10;231224
WDOFUT;09/06/2021;09:45:00;7050,57;7059,66;7048,47;7058,26;5068965638,00;71875
WDOFUT;09/06/2021;09:30:00;7049,17;7057,56;7043,57;7051,27;9158982978,00;129917
WDOFUT;09/06/2021;09:15:00;7056,16;7060,36;7040,07;7049,17;1,08342701E10;153679
WDOFUT;09/06/2021;09:00:00;7048,47;7068,06;7044,97;7056,16;8429432327,00;119436
WDOFUT;08/06/2021;17:45:00;7067,36;7069,46;7060,36;7064,56;1824633299,00;25828
WDOFUT;08/06/2021;17:30:00;7072,96;7073,66;7063,16;7066,66;2091932819,00;29597
WDOFUT;08/06/2021;17:15:00;7074,36;7077,16;7072,96;7073,66;1166879338,00;16494
WDOFUT;08/06/2021;17:00:00;7061,76;7077,86;7061,76;7075,06;3159828724,00;44686
WDOFUT;08/06/2021;16:45:00;7069,46;7072,26;7061,06;7062,46;2967498348,00;41990
WDOFUT;08/06/2021;16:30:00;7068,06;7073,66;7067,36;7068,76;2365438362,00;33455
WDOFUT;08/06/2021;16:15:00;7063,16;7071,56;7062,46;7067,36;3102135971,00;43898
WDOFUT;08/06/2021;16:00:00;7063,86;7065,96;7061,06;7063,86;2982844361,00;42229
WDOFUT;08/06/2021;15:45:00;7077,16;7077,86;7063,86;7063,86;4013780801,00;56774
WDOFUT;08/06/2021;15:30:00;7077,16;7082,06;7072,96;7076,46;5345850309,00;75529
WDOFUT;08/06/2021;15:15:00;7066,66;7078,56;7065,26;7077,16;4016488470,00;56792
WDOFUT;08/06/2021;15:00:00;7062,46;7068,76;7057,56;7067,36;4476266753,00;63385
WDOFUT;08/06/2021;14:45:00;7061,06;7072,96;7059,66;7061,76;4826616065,00;68309
WDOFUT;08/06/2021;14:30:00;7069,46;7070,86;7059,66;7061,06;5750639268,00;81374
WDOFUT;08/06/2021;14:15:00;7063,86;7072,26;7061,76;7069,46;3486731136,00;49339
WDOFUT;08/06/2021;14:00:00;7056,16;7064,56;7056,16;7063,86;2426344046,00;34362
WDOFUT;08/06/2021;13:45:00;7065,26;7065,96;7056,16;7056,16;6334605542,00;89710
WDOFUT;08/06/2021;13:30:00;7065,26;7068,76;7061,06;7064,56;4080175310,00;57756
WDOFUT;08/06/2021;13:15:00;7070,86;7075,76;7063,86;7064,56;5279460378,00;74674
WDOFUT;08/06/2021;13:00:00;7068,76;7078,56;7067,36;7071,56;6718142745,00;94970
WDOFUT;08/06/2021;12:45:00;7051,97;7070,86;7050,57;7068,76;6987268393,00;98935
WDOFUT;08/06/2021;12:30:00;7046,37;7054,06;7044,27;7051,97;4938624438,00;70053
WDOFUT;08/06/2021;12:15:00;7063,86;7063,86;7044,27;7047,07;8899984882,00;126202
WDOFUT;08/06/2021;12:00:00;7064,56;7070,86;7057,56;7063,16;6894186139,00;97609
WDOFUT;08/06/2021;11:45:00;7077,16;7077,86;7051,97;7063,86;1,462364584E10;207009
WDOFUT;08/06/2021;11:30:00;7089,06;7091,85;7076,46;7077,16;8258904784,00;116607
WDOFUT;08/06/2021;11:15:00;7095,35;7098,85;7085,56;7089,06;6319840685,00;89123
WDOFUT;08/06/2021;11:00:00;7104,45;7107,25;7089,06;7095,35;1,088174539E10;153325
WDOFUT;08/06/2021;10:45:00;7100,25;7110,05;7097,45;7105,15;9566049098,00;134621
WDOFUT;08/06/2021;10:30:00;7095,35;7102,35;7089,75;7099,55;8818169999,00;124254
WDOFUT;08/06/2021;10:15:00;7091,85;7097,45;7086,26;7095,35;6906073274,00;97394
WDOFUT;08/06/2021;10:00:00;7091,15;7099,55;7083,46;7091,15;1,062580936E10;149837
WDOFUT;08/06/2021;09:45:00;7073,66;7092,55;7072,96;7091,15;1,432154201E10;202224
WDOFUT;08/06/2021;09:30:00;7065,26;7074,36;7058,96;7072,96;9005080061,00;127446
WDOFUT;08/06/2021;09:15:00;7061,06;7071,56;7051,97;7065,26;1,134350154E10;160618
WDOFUT;08/06/2021;09:00:00;7075,06;7077,16;7055,46;7061,76;8820576890,00;124882
WDOFUT;07/06/2021;17:45:00;7067,36;7096,05;7066,66;7093,25;1957336807,00;27667
WDOFUT;07/06/2021;17:30:00;7071,56;7071,56;7064,56;7068,06;1825149975,00;25824
WDOFUT;07/06/2021;17:15:00;7062,46;7071,56;7061,76;7070,86;1895746697,00;26827
WDOFUT;07/06/2021;17:00:00;7066,66;7071,56;7061,06;7063,16;5914921773,00;83708
WDOFUT;07/06/2021;16:45:00;7075,76;7076,46;7063,86;7067,36;3087037697,00;43654
WDOFUT;07/06/2021;16:30:00;7068,76;7076,46;7068,06;7075,76;4319631695,00;61078
WDOFUT;07/06/2021;16:15:00;7070,16;7075,76;7066,66;7068,06;6443752638,00;91135
WDOFUT;07/06/2021;16:00:00;7064,56;7074,36;7061,06;7069,46;4834854975,00;68401
WDOFUT;07/06/2021;15:45:00;7061,76;7069,46;7058,26;7063,86;4278148560,00;60558
WDOFUT;07/06/2021;15:30:00;7056,86;7063,16;7054,76;7061,76;3927067955,00;55626
WDOFUT;07/06/2021;15:15:00;7068,06;7069,46;7056,16;7056,86;4498950519,00;63723
WDOFUT;07/06/2021;15:00:00;7073,66;7075,06;7065,26;7067,36;3918065380,00;55424
WDOFUT;07/06/2021;14:45:00;7072,96;7079,96;7070,86;7073,66;5813295675,00;82158
WDOFUT;07/06/2021;14:30:00;7065,96;7074,36;7063,86;7072,96;3170284093,00;44850
WDOFUT;07/06/2021;14:15:00;7069,46;7071,56;7065,26;7065,96;2140666826,00;30284
WDOFUT;07/06/2021;14:00:00;7067,36;7070,16;7065,26;7069,46;2610894943,00;36938
WDOFUT;07/06/2021;13:45:00;7072,96;7073,66;7062,46;7066,66;4067187839,00;57547
WDOFUT;07/06/2021;13:30:00;7065,96;7075,06;7063,86;7072,96;4944291609,00;69927
WDOFUT;07/06/2021;13:15:00;7061,76;7068,06;7058,26;7065,96;5139305895,00;72766
WDOFUT;07/06/2021;13:00:00;7044,27;7063,86;7040,07;7061,06;1,024474656E10;145286
WDOFUT;07/06/2021;12:45:00;7069,46;7070,16;7043,57;7044,27;9618345799,00;136319
WDOFUT;07/06/2021;12:30:00;7079,96;7084,16;7065,96;7069,46;6275986608,00;88717
WDOFUT;07/06/2021;12:15:00;7075,76;7082,06;7070,16;7079,96;5501125837,00;77747
WDOFUT;07/06/2021;12:00:00;7085,56;7090,45;7071,56;7075,76;8407897625,00;118749
WDOFUT;07/06/2021;11:45:00;7092,55;7098,15;7084,86;7085,56;7684947975,00;108361
WDOFUT;07/06/2021;11:30:00;7086,26;7092,55;7080,66;7092,55;8320005686,00;117411
WDOFUT;07/06/2021;11:15:00;7098,15;7100,95;7085,56;7085,56;6627364078,00;93416
WDOFUT;07/06/2021;11:00:00;7099,55;7112,85;7093,25;7098,15;8725622524,00;122834
WDOFUT;07/06/2021;10:45:00;7093,25;7107,95;7090,45;7099,55;9405353095,00;132497
WDOFUT;07/06/2021;10:30:00;7091,85;7097,45;7078,56;7093,25;1,164371257E10;164259
WDOFUT;07/06/2021;10:15:00;7107,25;7107,95;7088,36;7091,85;8527490894,00;120173
WDOFUT;07/06/2021;10:00:00;7097,45;7107,95;7092,55;7107,25;8564806148,00;120632
WDOFUT;07/06/2021;09:45:00;7083,46;7100,95;7081,36;7098,15;1,156109171E10;163000
WDOFUT;07/06/2021;09:30:00;7079,26;7084,86;7055,46;7084,16;1,536451873E10;217342
WDOFUT;07/06/2021;09:15:00;7081,36;7089,75;7072,26;7079,26;9232214492,00;130391
WDOFUT;07/06/2021;09:00:00;7070,86;7088,36;7068,76;7080,66;8090915145,00;114280
WDOFUT;04/06/2021;17:45:00;7077,16;7096,05;7075,76;7082,06;2322114032,00;32798
WDOFUT;04/06/2021;17:30:00;7072,96;7078,56;7068,06;7076,46;1878196002,00;26552
WDOFUT;04/06/2021;17:15:00;7072,26;7077,16;7070,16;7073,66;2246029086,00;31751
WDOFUT;04/06/2021;17:00:00;7065,96;7072,96;7063,16;7071,56;2764827371,00;39107
WDOFUT;04/06/2021;16:45:00;7063,86;7068,76;7060,36;7065,96;4141397670,00;58628
WDOFUT;04/06/2021;16:30:00;7070,86;7074,36;7063,16;7063,86;3309459327,00;46819
WDOFUT;04/06/2021;16:15:00;7076,46;7078,56;7069,46;7070,86;3234502864,00;45723
WDOFUT;04/06/2021;16:00:00;7075,76;7082,06;7072,96;7076,46;3959440402,00;55945
WDOFUT;04/06/2021;15:45:00;7077,86;7079,26;7060,36;7075,76;9136240547,00;129212
WDOFUT;04/06/2021;15:30:00;7080,66;7087,66;7077,16;7078,56;5131869833,00;72474
WDOFUT;04/06/2021;15:15:00;7082,06;7092,55;7080,66;7081,36;4239627012,00;59827
WDOFUT;04/06/2021;15:00:00;7086,26;7086,26;7077,16;7082,06;5352183334,00;75577
WDOFUT;04/06/2021;14:45:00;7098,15;7101,65;7084,86;7086,26;5393923900,00;76053
WDOFUT;04/06/2021;14:30:00;7098,85;7105,15;7096,75;7098,15;3214732077,00;45272
WDOFUT;04/06/2021;14:15:00;7100,25;7104,45;7093,95;7099,55;5329270241,00;75074
WDOFUT;04/06/2021;14:00:00;7111,45;7113,55;7098,85;7100,25;4347784411,00;61181
WDOFUT;04/06/2021;13:45:00;7117,05;7119,85;7111,45;7111,45;2262873234,00;31800
WDOFUT;04/06/2021;13:30:00;7114,95;7124,05;7112,15;7117,75;3358240340,00;47173
WDOFUT;04/06/2021;13:15:00;7112,85;7120,55;7112,15;7115,65;4080745933,00;57341
WDOFUT;04/06/2021;13:00:00;7111,45;7114,25;7108,65;7112,15;3085043363,00;43384
WDOFUT;04/06/2021;12:45:00;7114,95;7117,05;7108,65;7111,45;4491573969,00;63154
WDOFUT;04/06/2021;12:30:00;7129,64;7139,44;7112,85;7114,95;8819894242,00;123784
WDOFUT;04/06/2021;12:15:00;7119,15;7133,14;7116,35;7129,64;6971234140,00;97836
WDOFUT;04/06/2021;12:00:00;7109,35;7126,84;7103,05;7118,45;7686401687,00;108054
WDOFUT;04/06/2021;11:45:00;7105,85;7123,35;7102,35;7109,35;9754411233,00;137127
WDOFUT;04/06/2021;11:30:00;7105,85;7106,55;7094,65;7105,15;7180484026,00;101105
WDOFUT;04/06/2021;11:15:00;7100,95;7107,25;7098,15;7105,85;5192924310,00;73107
WDOFUT;04/06/2021;11:00:00;7095,35;7107,25;7093,95;7100,95;6549857787,00;92244
WDOFUT;04/06/2021;10:45:00;7103,75;7106,55;7090,45;7094,65;9718737309,00;136928
WDOFUT;04/06/2021;10:30:00;7098,15;7107,25;7096,05;7103,05;7684663475,00;108218
WDOFUT;04/06/2021;10:15:00;7112,15;7116,35;7093,25;7098,15;1,005198635E10;141501
WDOFUT;04/06/2021;10:00:00;7110,75;7120,55;7105,85;7111,45;9452327091,00;132891
WDOFUT;04/06/2021;09:45:00;7114,25;7135,94;7104,45;7110,05;1,437362579E10;201921
WDOFUT;04/06/2021;09:30:00;7154,84;7154,84;7100,95;7114,95;2,496807022E10;350834
WDOFUT;04/06/2021;09:15:00;7163,23;7163,93;7151,34;7154,14;7205004179,00;100672
WDOFUT;04/06/2021;09:00:00;7168,83;7171,63;7154,14;7163,23;8205487116,00;114582
WDOFUT;02/06/2021;17:45:00;7126,14;7128,24;7117,05;7121,95;2681506816,00;37637
WDOFUT;02/06/2021;17:30:00;7120,55;7131,04;7120,55;7126,14;3937131054,00;55245
WDOFUT;02/06/2021;17:15:00;7129,64;7129,64;7118,45;7120,55;3464122978,00;48626
WDOFUT;02/06/2021;17:00:00;7131,74;7142,94;7126,84;7128,94;5400178154,00;75701
WDOFUT;02/06/2021;16:45:00;7138,04;7141,54;7129,64;7131,74;5335284615,00;74771
WDOFUT;02/06/2021;16:30:00;7145,04;7147,14;7134,54;7138,04;4336948416,00;60730
WDOFUT;02/06/2021;16:15:00;7139,44;7149,94;7136,64;7145,74;6890828804,00;96448
WDOFUT;02/06/2021;16:00:00;7127,54;7142,24;7124,75;7139,44;6832311572,00;95756
WDOFUT;02/06/2021;15:45:00;7124,75;7128,24;7121,25;7126,84;5734224585,00;80480
WDOFUT;02/06/2021;15:30:00;7117,75;7128,24;7117,75;7124,05;4955360017,00;69561
WDOFUT;02/06/2021;15:15:00;7121,25;7121,95;7112,15;7117,75;5357912676,00;75287
WDOFUT;02/06/2021;15:00:00;7126,14;7126,14;7115,65;7121,25;7183297513,00;100869
WDOFUT;02/06/2021;14:45:00;7126,84;7133,14;7122,65;7125,45;7206008767,00;101095
WDOFUT;02/06/2021;14:30:00;7140,14;7142,24;7126,14;7127,54;5797113797,00;81267
WDOFUT;02/06/2021;14:15:00;7138,74;7146,44;7138,04;7140,14;4197103297,00;58759
WDOFUT;02/06/2021;14:00:00;7138,74;7140,84;7135,94;7138,04;4578606942,00;64142
WDOFUT;02/06/2021;13:45:00;7124,05;7140,14;7121,25;7138,04;5817915261,00;81568
WDOFUT;02/06/2021;13:30:00;7135,24;7135,24;7122,65;7124,75;6292796941,00;88266
WDOFUT;02/06/2021;13:15:00;7124,75;7137,34;7124,05;7134,54;6010565107,00;84263
WDOFUT;02/06/2021;13:00:00;7120,55;7128,94;7120,55;7125,45;5899491482,00;82805
WDOFUT;02/06/2021;12:45:00;7126,14;7126,14;7110,05;7120,55;8152838111,00;114552
WDOFUT;02/06/2021;12:30:00;7126,14;7136,64;7121,25;7125,45;6254860510,00;87754
WDOFUT;02/06/2021;12:15:00;7132,44;7138,04;7121,25;7125,45;1,039640653E10;145824
WDOFUT;02/06/2021;12:00:00;7142,94;7151,34;7126,84;7132,44;1,5189298E10;212726
WDOFUT;02/06/2021;11:45:00;7165,33;7169,53;7141,54;7142,94;1,656194347E10;231440
WDOFUT;02/06/2021;11:30:00;7179,33;7184,23;7162,53;7165,33;1,289339949E10;179691
WDOFUT;02/06/2021;11:15:00;7189,83;7190,53;7173,03;7178,63;1,534863358E10;213749
WDOFUT;02/06/2021;11:00:00;7219,92;7221,32;7187,03;7189,83;2,003068379E10;278177
WDOFUT;02/06/2021;10:45:00;7233,22;7239,51;7217,82;7219,92;1,223501232E10;169313
WDOFUT;02/06/2021;10:30:00;7250,71;7254,91;7229,72;7233,92;1,212658982E10;167467
WDOFUT;02/06/2021;10:15:00;7255,61;7260,51;7247,91;7251,41;1,229860957E10;169541
WDOFUT;02/06/2021;10:00:00;7237,41;7255,61;7233,92;7255,61;1,039764728E10;143539
WDOFUT;02/06/2021;09:45:00;7244,41;7246,51;7226,92;7237,41;1,291194132E10;178482
WDOFUT;02/06/2021;09:30:00;7244,41;7250,01;7229,02;7244,41;1,366217021E10;188729
WDOFUT;02/06/2021;09:15:00;7240,91;7245,11;7236,71;7244,41;7699237796,00;106331
WDOFUT;02/06/2021;09:00:00;7236,01;7243,01;7225,52;7241,61;1,006703711E10;139147
WDOFUT;01/06/2021;17:45:00;7226,92;7236,71;7223,42;7228,32;2397203795,00;33164
WDOFUT;01/06/2021;17:30:00;7217,12;7231,82;7215,72;7227,62;3193910213,00;44200
WDOFUT;01/06/2021;17:15:00;7218,52;7220,62;7213,62;7216,42;2502676535,00;34678
WDOFUT;01/06/2021;17:00:00;7219,92;7227,62;7217,12;7218,52;3838179987,00;53141
WDOFUT;01/06/2021;16:45:00;7222,02;7224,12;7215,02;7219,92;5597739756,00;77534
WDOFUT;01/06/2021;16:30:00;7236,01;7236,71;7219,92;7221,32;5798803806,00;80209
WDOFUT;01/06/2021;16:15:00;7238,81;7239,51;7233,22;7236,01;2525460422,00;34899
WDOFUT;01/06/2021;16:00:00;7238,11;7240,91;7236,01;7238,11;3668554049,00;50681
WDOFUT;01/06/2021;15:45:00;7238,11;7240,91;7232,52;7238,11;4817950742,00;66567
WDOFUT;01/06/2021;15:30:00;7242,31;7245,11;7236,01;7237,41;4613010644,00;63710
WDOFUT;01/06/2021;15:15:00;7247,91;7247,91;7236,71;7241,61;5267457173,00;72751
WDOFUT;01/06/2021;15:00:00;7250,01;7251,41;7245,11;7247,91;2437697241,00;33631
WDOFUT;01/06/2021;14:45:00;7252,11;7252,11;7243,71;7250,01;4692834385,00;64754
WDOFUT;01/06/2021;14:30:00;7256,31;7256,31;7247,21;7252,11;4103728482,00;56597
WDOFUT;01/06/2021;14:15:00;7251,41;7257,01;7248,61;7255,61;5258719181,00;72494
WDOFUT;01/06/2021;14:00:00;7243,71;7251,41;7243,01;7250,71;2661911499,00;36731
WDOFUT;01/06/2021;13:45:00;7246,51;7249,31;7237,41;7243,71;4978656626,00;68741
WDOFUT;01/06/2021;13:30:00;7243,71;7252,11;7240,21;7246,51;3904362474,00;53885
WDOFUT;01/06/2021;13:15:00;7245,11;7248,61;7242,31;7243,01;3423656398,00;47254
WDOFUT;01/06/2021;13:00:00;7247,91;7256,31;7245,11;7245,11;6651279365,00;91723
WDOFUT;01/06/2021;12:45:00;7239,51;7251,41;7238,11;7247,21;6117869034,00;84436
WDOFUT;01/06/2021;12:30:00;7238,81;7243,71;7233,92;7240,21;4197175707,00;57987
WDOFUT;01/06/2021;12:15:00;7240,91;7245,81;7236,71;7238,81;4390487626,00;60637
WDOFUT;01/06/2021;12:00:00;7231,12;7242,31;7230,42;7240,91;6111607326,00;84451
WDOFUT;01/06/2021;11:45:00;7240,21;7243,01;7230,42;7231,12;6299244993,00;87044
WDOFUT;01/06/2021;11:30:00;7233,92;7249,31;7231,12;7240,91;9944345781,00;137326
WDOFUT;01/06/2021;11:15:00;7233,22;7234,62;7229,72;7233,22;3689613350,00;51016
WDOFUT;01/06/2021;11:00:00;7236,01;7236,71;7223,42;7233,22;1,045521676E10;144613
WDOFUT;01/06/2021;10:45:00;7233,22;7244,41;7229,02;7236,71;9384427681,00;129665
WDOFUT;01/06/2021;10:30:00;7229,02;7236,01;7222,02;7233,22;9794077904,00;135479
WDOFUT;01/06/2021;10:15:00;7239,51;7239,51;7226,92;7229,02;1,274487812E10;176199
WDOFUT;01/06/2021;10:00:00;7265,41;7267,51;7237,41;7240,21;1,555394576E10;214425
WDOFUT;01/06/2021;09:45:00;7274,50;7282,20;7257,71;7266,11;1,079754332E10;148541
WDOFUT;01/06/2021;09:30:00;7271,70;7282,20;7264,01;7275,20;1,332580061E10;183202
WDOFUT;01/06/2021;09:15:00;7301,80;7308,79;7266,81;7271,01;1,887002463E10;258915
WDOFUT;01/06/2021;09:00:00;7296,90;7306,70;7290,60;7301,80;1,060138112E10;145257
WDOFUT;31/05/2021;17:45:00;7330,49;7331,89;7319,99;7323,49;1693476885,00;23112
WDOFUT;31/05/2021;17:30:00;7326,29;7331,19;7324,89;7329,79;1423213483,00;19420
WDOFUT;31/05/2021;17:15:00;7333,99;7334,69;7324,19;7326,29;1930120658,00;26339
WDOFUT;31/05/2021;17:00:00;7332,59;7334,69;7323,49;7334,69;2631085510,00;35903
WDOFUT;31/05/2021;16:45:00;7328,39;7333,99;7326,29;7331,89;1476132866,00;20134
WDOFUT;31/05/2021;16:30:00;7333,29;7336,09;7324,89;7328,39;2381466359,00;32487
WDOFUT;31/05/2021;16:15:00;7332,59;7336,79;7330,49;7332,59;1896864186,00;25863
WDOFUT;31/05/2021;16:00:00;7331,89;7336,79;7324,89;7331,89;3004960323,00;40984
WDOFUT;31/05/2021;15:45:00;7328,39;7333,29;7321,39;7331,89;3189407285,00;43530
WDOFUT;31/05/2021;15:30:00;7336,79;7337,49;7326,29;7328,39;2192451191,00;29906
WDOFUT;31/05/2021;15:15:00;7324,89;7338,89;7324,19;7336,09;3336345755,00;45502
WDOFUT;31/05/2021;15:00:00;7336,09;7339,59;7317,19;7324,19;6194395418,00;84537
WDOFUT;31/05/2021;14:45:00;7342,39;7343,09;7335,39;7336,09;2240042670,00;30519
WDOFUT;31/05/2021;14:30:00;7344,49;7344,49;7339,59;7341,69;1537424158,00;20942
WDOFUT;31/05/2021;14:15:00;7344,49;7345,18;7340,29;7344,49;2040892833,00;27794
WDOFUT;31/05/2021;14:00:00;7357,08;7357,08;7340,99;7344,49;4219813915,00;57421
WDOFUT;31/05/2021;13:45:00;7370,38;7371,78;7352,18;7356,38;5106337198,00;69390
WDOFUT;31/05/2021;13:30:00;7374,58;7385,07;7366,18;7370,38;5687486466,00;77123
WDOFUT;31/05/2021;13:15:00;7367,58;7375,98;7366,18;7373,88;2610490377,00;35421
WDOFUT;31/05/2021;13:00:00;7364,78;7369,68;7362,68;7367,58;2641885297,00;35867
WDOFUT;31/05/2021;12:45:00;7376,68;7377,38;7362,68;7364,78;4535514998,00;61545
WDOFUT;31/05/2021;12:30:00;7380,88;7381,57;7371,78;7376,68;4507402555,00;61104
WDOFUT;31/05/2021;12:15:00;7378,78;7385,77;7374,58;7380,18;5468086649,00;74093
WDOFUT;31/05/2021;12:00:00;7364,78;7381,57;7362,68;7378,08;7755128662,00;105203
WDOFUT;31/05/2021;11:45:00;7353,58;7373,88;7349,38;7364,78;8500399290,00;115460
WDOFUT;31/05/2021;11:30:00;7331,89;7362,68;7330,49;7352,88;1,112674884E10;151380
WDOFUT;31/05/2021;11:15:00;7321,39;7335,39;7320,69;7331,89;4797198355,00;65468
WDOFUT;31/05/2021;11:00:00;7317,19;7326,29;7317,19;7321,39;5591042978,00;76350
WDOFUT;31/05/2021;10:45:00;7308,10;7317,89;7306,00;7317,19;5118501674,00;69998
WDOFUT;31/05/2021;10:30:00;7312,99;7314,39;7295,50;7308,10;1,008936819E10;138153
WDOFUT;31/05/2021;10:15:00;7326,29;7326,29;7312,29;7312,99;5697587271,00;77848
WDOFUT;31/05/2021;10:00:00;7328,39;7330,49;7317,19;7326,29;7960645303,00;108692
WDOFUT;31/05/2021;09:45:00;7327,69;7332,59;7322,79;7329,09;5358069160,00;73116
WDOFUT;31/05/2021;09:30:00;7337,49;7340,29;7324,89;7327,69;6850027778,00;93424
WDOFUT;31/05/2021;09:15:00;7345,88;7346,58;7332,59;7337,49;5540601244,00;75495
WDOFUT;31/05/2021;09:00:00;7338,19;7350,08;7334,69;7346,58;6389528714,00;87017
WDOFUT;28/05/2021;17:45:00;7323,43;7342,39;7323,43;7340,99;2589729055,00;35320
WDOFUT;28/05/2021;17:30:00;7328,35;7332,56;7322,03;7324,13;2390940169,00;32628
WDOFUT;28/05/2021;17:15:00;7319,92;7329,05;7319,92;7329,05;1902292956,00;25969
WDOFUT;28/05/2021;17:00:00;7321,32;7325,54;7319,22;7319,92;2600018816,00;35509
WDOFUT;28/05/2021;16:45:00;7324,13;7324,83;7317,11;7322,03;3493154406,00;47718
WDOFUT;28/05/2021;16:30:00;7329,05;7330,45;7322,03;7324,83;2414727927,00;32963
WDOFUT;28/05/2021;16:15:00;7327,64;7331,86;7321,32;7329,05;3855083757,00;52619
WDOFUT;28/05/2021;16:00:00;7324,13;7331,15;7323,43;7326,94;3054216264,00;41679
WDOFUT;28/05/2021;15:45:00;7322,73;7327,64;7320,62;7323,43;2771492002,00;37842
WDOFUT;28/05/2021;15:30:00;7329,05;7329,75;7319,92;7322,73;2540233451,00;34682
WDOFUT;28/05/2021;15:15:00;7329,75;7331,15;7318,52;7328,35;4477527314,00;61121
WDOFUT;28/05/2021;15:00:00;7326,94;7335,37;7322,73;7329,75;4646957320,00;63411
WDOFUT;28/05/2021;14:45:00;7324,83;7330,45;7323,43;7327,64;2530961485,00;34538
WDOFUT;28/05/2021;14:30:00;7328,35;7329,05;7320,62;7324,13;5721934420,00;78115
WDOFUT;28/05/2021;14:15:00;7339,58;7339,58;7328,35;7329,05;5059015809,00;68983
WDOFUT;28/05/2021;14:00:00;7347,31;7348,01;7337,47;7339,58;3850093242,00;52440
WDOFUT;28/05/2021;13:45:00;7348,01;7351,52;7347,31;7348,01;2215564681,00;30147
WDOFUT;28/05/2021;13:30:00;7339,58;7350,82;7338,18;7348,01;4890972733,00;66588
WDOFUT;28/05/2021;13:15:00;7333,26;7340,28;7327,64;7338,88;3996339727,00;54481
WDOFUT;28/05/2021;13:00:00;7330,45;7336,77;7326,94;7333,26;5391395150,00;73538
WDOFUT;28/05/2021;12:45:00;7339,58;7340,28;7329,75;7330,45;2760007839,00;37630
WDOFUT;28/05/2021;12:30:00;7335,37;7341,69;7330,45;7339,58;4200433821,00;57259
WDOFUT;28/05/2021;12:15:00;7334,67;7336,77;7333,96;7334,67;2191305278,00;29873
WDOFUT;28/05/2021;12:00:00;7336,07;7338,18;7333,26;7334,67;3248345816,00;44284
WDOFUT;28/05/2021;11:45:00;7338,88;7340,99;7331,86;7336,07;5323865656,00;72573
WDOFUT;28/05/2021;11:30:00;7341,69;7343,09;7332,56;7338,88;5489747165,00;74821
WDOFUT;28/05/2021;11:15:00;7343,79;7345,20;7333,96;7341,69;5161621221,00;70328
WDOFUT;28/05/2021;11:00:00;7347,31;7351,52;7337,47;7343,79;6923634978,00;94280
WDOFUT;28/05/2021;10:45:00;7352,92;7357,84;7345,20;7348,01;5081164563,00;69126
WDOFUT;28/05/2021;10:30:00;7352,92;7355,73;7339,58;7352,22;9279039045,00;126271
WDOFUT;28/05/2021;10:15:00;7348,01;7353,63;7340,28;7352,22;6923653685,00;94231
WDOFUT;28/05/2021;10:00:00;7376,10;7378,91;7345,90;7348,01;1,336555688E10;181645
WDOFUT;28/05/2021;09:45:00;7369,07;7381,71;7365,56;7376,80;6465535207,00;87681
WDOFUT;28/05/2021;09:30:00;7377,50;7381,71;7359,95;7369,07;1,110431978E10;150665
WDOFUT;28/05/2021;09:15:00;7383,82;7386,63;7376,80;7377,50;3752718230,00;50836
WDOFUT;28/05/2021;09:00:00;7384,52;7388,74;7374,69;7383,82;7545026318,00;102205
WDOFUT;27/05/2021;17:45:00;7368,37;7369,07;7354,33;7356,43;4015168408,00;54555
WDOFUT;27/05/2021;17:30:00;7383,12;7387,33;7364,86;7368,37;4327073617,00;58676
WDOFUT;27/05/2021;17:15:00;7381,71;7385,93;7380,31;7382,42;2844172250,00;38523
WDOFUT;27/05/2021;17:00:00;7381,71;7385,23;7379,61;7381,01;2456309669,00;33270
WDOFUT;27/05/2021;16:45:00;7378,20;7387,33;7377,50;7381,71;4874163034,00;66021
WDOFUT;27/05/2021;16:30:00;7379,61;7381,01;7374,69;7377,50;2336450454,00;31669
WDOFUT;27/05/2021;16:15:00;7372,59;7380,31;7370,48;7378,91;3911922559,00;53029
WDOFUT;27/05/2021;16:00:00;7362,05;7374,69;7361,35;7372,59;4346385346,00;58987
WDOFUT;27/05/2021;15:45:00;7381,71;7384,52;7361,35;7362,05;6311456372,00;85613
WDOFUT;27/05/2021;15:30:00;7371,88;7383,12;7368,37;7381,01;5293263470,00;71767
WDOFUT;27/05/2021;15:15:00;7383,12;7385,23;7369,78;7371,18;7157707681,00;97002
WDOFUT;27/05/2021;15:00:00;7368,37;7386,63;7359,95;7383,12;9246844798,00;125385
WDOFUT;27/05/2021;14:45:00;7383,82;7385,23;7361,35;7368,37;1,008974611E10;136915
WDOFUT;27/05/2021;14:30:00;7385,23;7388,74;7376,80;7383,82;4849839315,00;65690
WDOFUT;27/05/2021;14:15:00;7397,87;7399,27;7376,10;7385,23;8659788325,00;117248
WDOFUT;27/05/2021;14:00:00;7409,10;7409,10;7392,95;7397,87;6193427861,00;83676
WDOFUT;27/05/2021;13:45:00;7408,40;7409,80;7404,89;7409,10;2335656526,00;31531
WDOFUT;27/05/2021;13:30:00;7412,61;7414,02;7404,19;7407,70;5644882402,00;76201
WDOFUT;27/05/2021;13:15:00;7405,59;7414,02;7403,48;7412,61;4904059807,00;66186
WDOFUT;27/05/2021;13:00:00;7394,35;7409,80;7393,65;7404,89;7050532860,00;95230
WDOFUT;27/05/2021;12:45:00;7390,84;7396,46;7387,33;7395,06;5082740255,00;68765
WDOFUT;27/05/2021;12:30:00;7398,57;7403,48;7390,14;7390,84;5816494269,00;78621
WDOFUT;27/05/2021;12:15:00;7395,76;7398,57;7392,95;7398,57;2721497570,00;36800
WDOFUT;27/05/2021;12:00:00;7394,35;7399,27;7387,33;7395,76;9238274993,00;124949
WDOFUT;27/05/2021;11:45:00;7400,67;7404,19;7390,14;7393,65;1,175049602E10;158826
WDOFUT;27/05/2021;11:30:00;7416,12;7416,83;7399,97;7400,67;1,22929704E10;165961
WDOFUT;27/05/2021;11:15:00;7440,00;7440,00;7411,91;7416,12;1,443239591E10;194384
WDOFUT;27/05/2021;11:00:00;7435,79;7442,81;7430,17;7440,00;1,038978858E10;139708
WDOFUT;27/05/2021;10:45:00;7433,68;7440,00;7425,95;7435,79;9032157150,00;121528
WDOFUT;27/05/2021;10:30:00;7437,89;7440,00;7430,17;7432,98;8291980146,00;111509
WDOFUT;27/05/2021;10:15:00;7431,57;7440,70;7428,76;7437,19;7932002743,00;106672
WDOFUT;27/05/2021;10:00:00;7432,98;7443,51;7430,17;7431,57;9946775622,00;133767
WDOFUT;27/05/2021;09:45:00;7427,36;7442,11;7422,44;7433,68;1,170901791E10;157533
WDOFUT;27/05/2021;09:30:00;7444,21;7455,45;7425,25;7427,36;1,5576818E10;209447
WDOFUT;27/05/2021;09:15:00;7449,13;7460,36;7437,19;7444,21;1,061585487E10;142547
WDOFUT;27/05/2021;09:00:00;7453,34;7462,47;7440,70;7448,43;1,25476302E10;168408
WDOFUT;26/05/2021;17:45:00;7456,85;7464,58;7454,75;7463,87;1686278411,00;22609
WDOFUT;26/05/2021;17:30:00;7459,66;7462,47;7454,04;7457,55;1396387685,00;18723
WDOFUT;26/05/2021;17:15:00;7463,87;7467,39;7456,85;7459,66;2223484505,00;29795
WDOFUT;26/05/2021;17:00:00;7463,17;7465,28;7454,75;7463,17;2987885505,00;40053
WDOFUT;26/05/2021;16:45:00;7461,07;7465,98;7455,45;7463,17;2821307466,00;37810
WDOFUT;26/05/2021;16:30:00;7460,36;7462,47;7458,26;7461,07;1606970848,00;21539
WDOFUT;26/05/2021;16:15:00;7465,98;7467,39;7458,96;7461,07;3885927857,00;52069
WDOFUT;26/05/2021;16:00:00;7468,09;7471,60;7463,87;7465,28;2730607007,00;36568
WDOFUT;26/05/2021;15:45:00;7460,36;7469,49;7458,26;7468,79;3623809512,00;48551
WDOFUT;26/05/2021;15:30:00;7469,49;7470,19;7459,66;7460,36;3322421870,00;44503
WDOFUT;26/05/2021;15:15:00;7466,68;7474,41;7463,17;7470,19;3436344478,00;46009
WDOFUT;26/05/2021;15:00:00;7468,09;7472,30;7465,28;7466,68;3174524800,00;42507
WDOFUT;26/05/2021;14:45:00;7473,71;7476,51;7467,39;7468,09;4187977072,00;56051
WDOFUT;26/05/2021;14:30:00;7461,77;7475,81;7460,36;7473,71;5731527447,00;76745
WDOFUT;26/05/2021;14:15:00;7451,23;7463,87;7449,13;7461,07;4061905420,00;54469
WDOFUT;26/05/2021;14:00:00;7449,83;7454,75;7443,51;7451,23;5504461474,00;73897
WDOFUT;26/05/2021;13:45:00;7450,53;7453,34;7449,13;7449,83;1756957606,00;23579
WDOFUT;26/05/2021;13:30:00;7457,55;7458,96;7447,72;7450,53;4122789854,00;55311
WDOFUT;26/05/2021;13:15:00;7458,26;7463,87;7456,15;7458,26;2335761009,00;31311
WDOFUT;26/05/2021;13:00:00;7454,75;7463,87;7454,75;7458,96;4934981474,00;66160
WDOFUT;26/05/2021;12:45:00;7451,94;7458,96;7449,83;7454,75;5298506236,00;71078
WDOFUT;26/05/2021;12:30:00;7436,49;7452,64;7434,38;7451,94;7385664088,00;99210
WDOFUT;26/05/2021;12:15:00;7449,83;7451,94;7428,76;7436,49;1,191708127E10;160208
WDOFUT;26/05/2021;12:00:00;7457,55;7458,26;7449,13;7449,83;6381783741,00;85628
WDOFUT;26/05/2021;11:45:00;7461,07;7464,58;7449,13;7457,55;1,084981292E10;145496
WDOFUT;26/05/2021;11:30:00;7478,62;7480,73;7458,96;7461,07;1,031595778E10;138085
WDOFUT;26/05/2021;11:15:00;7494,07;7494,77;7476,51;7477,92;8919879571,00;119197
WDOFUT;26/05/2021;11:00:00;7494,07;7499,69;7488,45;7493,37;6097205076,00;81358
WDOFUT;26/05/2021;10:45:00;7499,69;7503,20;7491,26;7494,07;5239690971,00;69882
WDOFUT;26/05/2021;10:30:00;7502,50;7505,30;7489,86;7500,39;1,133404161E10;151153
WDOFUT;26/05/2021;10:15:00;7475,11;7503,20;7474,41;7502,50;1,378466734E10;184055
WDOFUT;26/05/2021;10:00:00;7469,49;7482,13;7465,98;7474,41;8933546986,00;119523
WDOFUT;26/05/2021;09:45:00;7455,45;7475,11;7452,64;7469,49;1,309863109E10;175484
WDOFUT;26/05/2021;09:30:00;7458,96;7459,66;7447,72;7456,15;8919096731,00;119688
WDOFUT;26/05/2021;09:15:00;7469,49;7482,13;7452,64;7458,96;1,339324975E10;179455
WDOFUT;26/05/2021;09:00:00;7480,73;7484,24;7468,79;7469,49;1,042667419E10;139445
WDOFUT;25/05/2021;17:45:00;7496,88;7497,58;7490,56;7490,56;2317853329,00;30929
WDOFUT;25/05/2021;17:30:00;7506,71;7507,41;7496,18;7496,88;2466329033,00;32884
WDOFUT;25/05/2021;17:15:00;7511,62;7513,03;7503,90;7506,71;1861555554,00;24795
WDOFUT;25/05/2021;17:00:00;7500,39;7513,73;7498,28;7510,92;3619721101,00;48220
WDOFUT;25/05/2021;16:45:00;7501,09;7507,41;7496,18;7500,39;4858700856,00;64762
WDOFUT;25/05/2021;16:30:00;7497,58;7502,50;7496,88;7501,79;2052841678,00;27373
WDOFUT;25/05/2021;16:15:00;7498,28;7500,39;7492,67;7498,28;3236692341,00;43176
WDOFUT;25/05/2021;16:00:00;7491,96;7508,11;7491,26;7498,99;7551305565,00;100677
WDOFUT;25/05/2021;15:45:00;7481,43;7492,67;7475,81;7491,26;5338571152,00;71331
WDOFUT;25/05/2021;15:30:00;7482,83;7486,35;7478,62;7481,43;3188254389,00;42610
WDOFUT;25/05/2021;15:15:00;7487,05;7487,75;7477,22;7483,54;5012778573,00;67000
WDOFUT;25/05/2021;15:00:00;7481,43;7492,67;7479,32;7487,05;6970220950,00;93113
WDOFUT;25/05/2021;14:45:00;7475,11;7483,54;7473,00;7482,13;4076216733,00;54507
WDOFUT;25/05/2021;14:30:00;7466,68;7477,92;7464,58;7475,11;4468565700,00;59807
WDOFUT;25/05/2021;14:15:00;7463,17;7466,68;7459,66;7466,68;3018963275,00;40450
WDOFUT;25/05/2021;14:00:00;7464,58;7469,49;7461,77;7463,17;3167957350,00;42438
WDOFUT;25/05/2021;13:45:00;7465,28;7468,09;7461,07;7464,58;1790432684,00;23984
WDOFUT;25/05/2021;13:30:00;7468,79;7470,19;7462,47;7465,28;2978579889,00;39894
WDOFUT;25/05/2021;13:15:00;7467,39;7474,41;7465,98;7468,09;3234259655,00;43294
WDOFUT;25/05/2021;13:00:00;7458,96;7473,71;7456,85;7467,39;6813268134,00;91241
WDOFUT;25/05/2021;12:45:00;7456,15;7465,28;7456,15;7458,26;4365352961,00;58512
WDOFUT;25/05/2021;12:30:00;7463,17;7463,17;7449,13;7455,45;6698795366,00;89839
WDOFUT;25/05/2021;12:15:00;7458,96;7465,28;7456,15;7462,47;5252708188,00;70405
WDOFUT;25/05/2021;12:00:00;7459,66;7468,09;7458,26;7458,96;5248165028,00;70322
WDOFUT;25/05/2021;11:45:00;7463,17;7470,19;7458,96;7459,66;6141794403,00;82272
WDOFUT;25/05/2021;11:30:00;7465,28;7467,39;7458,26;7463,17;4711785002,00;63137
WDOFUT;25/05/2021;11:15:00;7461,77;7465,98;7456,15;7465,28;7321398804,00;98124
WDOFUT;25/05/2021;11:00:00;7473,71;7481,43;7460,36;7462,47;9604733222,00;128565
WDOFUT;25/05/2021;10:45:00;7464,58;7482,83;7458,96;7473,71;9887003388,00;132328
WDOFUT;25/05/2021;10:30:00;7453,34;7475,81;7453,34;7464,58;1,196248539E10;160180
WDOFUT;25/05/2021;10:15:00;7463,87;7465,28;7450,53;7454,04;9300963861,00;124734
WDOFUT;25/05/2021;10:00:00;7452,64;7467,39;7444,91;7463,87;1,265047446E10;169622
WDOFUT;25/05/2021;09:45:00;7451,23;7455,45;7444,21;7453,34;8458292789,00;113529
WDOFUT;25/05/2021;09:30:00;7445,62;7451,23;7440,00;7451,23;8482738012,00;113928
WDOFUT;25/05/2021;09:15:00;7444,91;7455,45;7439,30;7445,62;1,03501137E10;138971
WDOFUT;25/05/2021;09:00:00;7463,17;7465,98;7441,40;7444,91;1,132677275E10;152037
WDOFUT;24/05/2021;17:45:00;7471,60;7481,43;7468,09;7472,30;2490408485,00;33326
WDOFUT;24/05/2021;17:30:00;7475,81;7476,51;7469,49;7471,60;2408056105,00;32222
WDOFUT;24/05/2021;17:15:00;7478,62;7481,43;7474,41;7475,11;1923405144,00;25721
WDOFUT;24/05/2021;17:00:00;7485,64;7485,64;7475,11;7479,32;3546887895,00;47420
WDOFUT;24/05/2021;16:45:00;7481,43;7486,35;7479,32;7484,94;2699444782,00;36076
WDOFUT;24/05/2021;16:30:00;7479,32;7482,83;7476,51;7480,73;1903873297,00;25454
WDOFUT;24/05/2021;16:15:00;7478,62;7480,73;7471,60;7479,32;3451726829,00;46168
WDOFUT;24/05/2021;16:00:00;7475,81;7482,83;7473,00;7479,32;4235394231,00;56644
WDOFUT;24/05/2021;15:45:00;7484,94;7484,94;7475,11;7476,51;3721370675,00;49756
WDOFUT;24/05/2021;15:30:00;7485,64;7491,26;7484,24;7484,24;4508497413,00;60212
WDOFUT;24/05/2021;15:15:00;7478,62;7485,64;7476,51;7485,64;3072324098,00;41065
WDOFUT;24/05/2021;15:00:00;7476,51;7479,32;7473,00;7477,92;2352154174,00;31461
WDOFUT;24/05/2021;14:45:00;7471,60;7478,62;7471,60;7476,51;2610819040,00;34925
WDOFUT;24/05/2021;14:30:00;7475,11;7475,81;7468,79;7471,60;3953254375,00;52910
WDOFUT;24/05/2021;14:15:00;7475,11;7480,73;7474,41;7475,81;2203542928,00;29471
WDOFUT;24/05/2021;14:00:00;7475,11;7479,32;7472,30;7475,11;2692905855,00;36023
WDOFUT;24/05/2021;13:45:00;7475,11;7476,51;7465,98;7474,41;4725010104,00;63239
WDOFUT;24/05/2021;13:30:00;7480,03;7482,83;7473,00;7475,11;3133784456,00;41913
WDOFUT;24/05/2021;13:15:00;7480,73;7487,75;7479,32;7480,73;4089736934,00;54652
WDOFUT;24/05/2021;13:00:00;7480,73;7482,83;7472,30;7480,03;3628912557,00;48532
WDOFUT;24/05/2021;12:45:00;7482,13;7483,54;7477,92;7480,73;2364692577,00;31609
WDOFUT;24/05/2021;12:30:00;7476,51;7484,94;7473,71;7482,13;6898543244,00;92224
WDOFUT;24/05/2021;12:15:00;7472,30;7478,62;7468,79;7477,22;5058510641,00;67682
WDOFUT;24/05/2021;12:00:00;7473,71;7475,11;7463,17;7473,00;6608644231,00;88484
WDOFUT;24/05/2021;11:45:00;7477,92;7484,24;7465,98;7474,41;9978854565,00;133512
WDOFUT;24/05/2021;11:30:00;7476,51;7481,43;7473,71;7477,92;4429569721,00;59236
WDOFUT;24/05/2021;11:15:00;7481,43;7485,64;7475,11;7475,81;4294975194,00;57415
WDOFUT;24/05/2021;11:00:00;7477,92;7483,54;7473,00;7481,43;4975404570,00;66529
WDOFUT;24/05/2021;10:45:00;7484,94;7489,15;7471,60;7477,92;9867054241,00;131929
WDOFUT;24/05/2021;10:30:00;7483,54;7491,26;7474,41;7484,24;1,104261321E10;147597
WDOFUT;24/05/2021;10:15:00;7487,05;7490,56;7481,43;7484,24;3983311717,00;53211
WDOFUT;24/05/2021;10:00:00;7484,94;7491,96;7478,62;7486,35;9854460321,00;131654
WDOFUT;24/05/2021;09:45:00;7491,26;7494,07;7484,24;7484,24;6099863518,00;81456
WDOFUT;24/05/2021;09:30:00;7503,90;7503,90;7483,54;7491,96;1,398832034E10;186717
WDOFUT;24/05/2021;09:15:00;7515,14;7517,94;7502,50;7503,90;8923435476,00;118803
WDOFUT;24/05/2021;09:00:00;7534,80;7553,76;7514,43;7515,84;1,093863608E10;145224
WDOFUT;21/05/2021;17:45:00;7521,46;7549,54;7520,75;7538,31;4115515726,00;54634
WDOFUT;21/05/2021;17:30:00;7522,16;7526,37;7518,65;7522,16;2070139783,00;27523
WDOFUT;21/05/2021;17:15:00;7517,24;7524,26;7513,73;7522,16;2123517382,00;28240
WDOFUT;21/05/2021;17:00:00;7526,37;7527,78;7517,24;7517,24;2394098857,00;31829
WDOFUT;21/05/2021;16:45:00;7525,67;7527,78;7517,94;7526,37;3104838058,00;41278
WDOFUT;21/05/2021;16:30:00;7515,14;7526,37;7515,14;7525,67;2837946751,00;37734
WDOFUT;21/05/2021;16:15:00;7516,54;7521,46;7512,33;7515,84;3323274152,00;44207
WDOFUT;21/05/2021;16:00:00;7525,67;7527,07;7515,84;7516,54;3332905365,00;44309
WDOFUT;21/05/2021;15:45:00;7516,54;7527,07;7515,14;7526,37;6337149170,00;84244
WDOFUT;21/05/2021;15:30:00;7513,03;7517,94;7508,82;7516,54;3959095683,00;52690
WDOFUT;21/05/2021;15:15:00;7506,01;7515,84;7505,30;7513,73;2635333411,00;35087
WDOFUT;21/05/2021;15:00:00;7510,22;7514,43;7504,60;7506,71;2782497975,00;37052
WDOFUT;21/05/2021;14:45:00;7504,60;7516,54;7501,79;7510,22;4790643694,00;63800
WDOFUT;21/05/2021;14:30:00;7509,52;7512,33;7501,09;7504,60;3819705120,00;50893
WDOFUT;21/05/2021;14:15:00;7513,73;7516,54;7506,01;7509,52;3585567286,00;47742
WDOFUT;21/05/2021;14:00:00;7517,24;7518,65;7507,41;7513,03;4487822285,00;59738
WDOFUT;21/05/2021;13:45:00;7503,90;7522,16;7501,79;7517,94;7390973283,00;98351
WDOFUT;21/05/2021;13:30:00;7503,90;7513,03;7501,09;7503,90;5957598201,00;79366
WDOFUT;21/05/2021;13:15:00;7493,37;7510,92;7492,67;7503,90;5861129479,00;78111
WDOFUT;21/05/2021;13:00:00;7484,24;7506,71;7480,73;7493,37;1,081096179E10;144230
WDOFUT;21/05/2021;12:45:00;7479,32;7485,64;7474,41;7484,24;4270250670,00;57094
WDOFUT;21/05/2021;12:30:00;7481,43;7490,56;7476,51;7479,32;7035067768,00;93987
WDOFUT;21/05/2021;12:15:00;7466,68;7484,94;7463,17;7481,43;6853147167,00;91695
WDOFUT;21/05/2021;12:00:00;7465,28;7477,92;7461,77;7466,68;7092423887,00;94959
WDOFUT;21/05/2021;11:45:00;7463,17;7472,30;7458,26;7465,28;8078536660,00;108217
WDOFUT;21/05/2021;11:30:00;7453,34;7477,22;7447,02;7463,17;1,130942928E10;151526
WDOFUT;21/05/2021;11:15:00;7463,87;7468,79;7449,83;7453,34;9134025760,00;122463
WDOFUT;21/05/2021;11:00:00;7428,76;7467,39;7428,06;7464,58;1,619665272E10;217516
WDOFUT;21/05/2021;10:45:00;7421,74;7433,68;7420,34;7428,76;8726324918,00;117495
WDOFUT;21/05/2021;10:30:00;7430,17;7430,17;7416,12;7421,04;7165221968,00;96548
WDOFUT;21/05/2021;10:15:00;7423,85;7434,38;7415,42;7430,17;9103262232,00;122611
WDOFUT;21/05/2021;10:00:00;7418,23;7425,95;7409,10;7423,85;1,140500042E10;153779
WDOFUT;21/05/2021;09:45:00;7433,68;7435,08;7416,12;7418,23;1,078610864E10;145250
WDOFUT;21/05/2021;09:30:00;7444,21;7447,02;7430,17;7434,38;9857980231,00;132544
WDOFUT;21/05/2021;09:15:00;7452,64;7462,47;7439,30;7444,21;1,101419304E10;147844
WDOFUT;21/05/2021;09:00:00;7429,47;7454,04;7424,55;7453,34;9905753941,00;133098
WDOFUT;20/05/2021;17:45:00;7426,66;7430,87;7421,74;7428,76;1902233064,00;25617
WDOFUT;20/05/2021;17:30:00;7426,66;7429,47;7425,95;7426,66;1279245351,00;17223
WDOFUT;20/05/2021;17:15:00;7425,25;7427,36;7422,44;7425,95;1733287890,00;23344
WDOFUT;20/05/2021;17:00:00;7416,12;7426,66;7415,42;7425,25;2983299994,00;40194
WDOFUT;20/05/2021;16:45:00;7411,91;7419,63;7411,21;7416,12;3211174115,00;43298
WDOFUT;20/05/2021;16:30:00;7412,61;7416,12;7409,10;7411,91;2220526166,00;29957
WDOFUT;20/05/2021;16:15:00;7411,91;7414,72;7409,80;7411,91;2364297839,00;31898
WDOFUT;20/05/2021;16:00:00;7419,63;7423,15;7408,40;7411,21;6079761379,00;82004
WDOFUT;20/05/2021;15:45:00;7431,57;7434,38;7418,23;7420,34;4391252204,00;59151
WDOFUT;20/05/2021;15:30:00;7428,76;7432,98;7423,85;7432,27;2941481380,00;39598
WDOFUT;20/05/2021;15:15:00;7434,38;7437,89;7428,06;7428,76;3253162293,00;43769
WDOFUT;20/05/2021;15:00:00;7426,66;7435,08;7419,63;7435,08;4370931317,00;58857
WDOFUT;20/05/2021;14:45:00;7430,17;7431,57;7422,44;7426,66;3768290944,00;50743
WDOFUT;20/05/2021;14:30:00;7432,98;7433,68;7426,66;7430,17;2854225707,00;38414
WDOFUT;20/05/2021;14:15:00;7433,68;7437,19;7429,47;7432,98;2724678708,00;36656
WDOFUT;20/05/2021;14:00:00;7436,49;7442,81;7432,27;7433,68;3050131653,00;41013
WDOFUT;20/05/2021;13:45:00;7435,08;7438,59;7429,47;7436,49;3429989435,00;46137
WDOFUT;20/05/2021;13:30:00;7438,59;7444,21;7434,38;7435,79;3540440783,00;47594
WDOFUT;20/05/2021;13:15:00;7439,30;7442,11;7435,79;7437,89;3638609281,00;48912
WDOFUT;20/05/2021;13:00:00;7427,36;7440,70;7421,04;7439,30;6651183209,00;89507
WDOFUT;20/05/2021;12:45:00;7419,63;7430,87;7417,53;7428,06;6161869198,00;82991
WDOFUT;20/05/2021;12:30:00;7440,00;7440,70;7416,12;7419,63;8281007956,00;111499
WDOFUT;20/05/2021;12:15:00;7442,11;7442,81;7437,19;7440,00;3160019380,00;42473
WDOFUT;20/05/2021;12:00:00;7443,51;7449,83;7435,08;7442,11;7343662728,00;98670
WDOFUT;20/05/2021;11:45:00;7436,49;7444,91;7432,98;7443,51;5352514580,00;71949
WDOFUT;20/05/2021;11:30:00;7440,70;7447,72;7435,79;7435,79;5969356159,00;80208
WDOFUT;20/05/2021;11:15:00;7442,81;7447,72;7431,57;7440,70;7708265725,00;103600
WDOFUT;20/05/2021;11:00:00;7444,21;7447,72;7432,98;7442,81;8423671676,00;113231
WDOFUT;20/05/2021;10:45:00;7430,17;7446,32;7424,55;7444,21;9917443966,00;133356
WDOFUT;20/05/2021;10:30:00;7437,19;7440,70;7423,15;7430,17;9437419933,00;126981
WDOFUT;20/05/2021;10:15:00;7436,49;7447,72;7428,06;7436,49;8524738402,00;114596
WDOFUT;20/05/2021;10:00:00;7442,11;7448,43;7432,27;7437,19;9091691605,00;122204
WDOFUT;20/05/2021;09:45:00;7442,81;7451,94;7425,95;7441,40;1,31201378E10;176371
WDOFUT;20/05/2021;09:30:00;7435,08;7444,91;7428,06;7443,51;8892611073,00;119584
WDOFUT;20/05/2021;09:15:00;7436,49;7440,00;7426,66;7435,08;7854903290,00;105671
WDOFUT;20/05/2021;09:00:00;7457,55;7461,07;7432,98;7435,79;1,014916389E10;136316
WDOFUT;19/05/2021;17:45:00;7470,90;7473,00;7464,58;7468,79;1734207684,00;23218
WDOFUT;19/05/2021;17:30:00;7478,62;7479,32;7468,09;7470,90;2055893510,00;27514
WDOFUT;19/05/2021;17:15:00;7477,92;7481,43;7473,00;7479,32;1833158164,00;24519
WDOFUT;19/05/2021;17:00:00;7473,71;7482,13;7468,09;7477,92;3114842690,00;41667
WDOFUT;19/05/2021;16:45:00;7474,41;7480,03;7468,09;7473,71;3898637903,00;52169
WDOFUT;19/05/2021;16:30:00;7473,00;7480,73;7470,19;7475,11;3412982665,00;45657
WDOFUT;19/05/2021;16:15:00;7479,32;7485,64;7468,79;7473,71;4891425530,00;65422
WDOFUT;19/05/2021;16:00:00;7478,62;7487,75;7475,81;7479,32;5790613564,00;77399
WDOFUT;19/05/2021;15:45:00;7456,15;7484,94;7456,15;7477,92;1,190923334E10;159362
WDOFUT;19/05/2021;15:30:00;7432,98;7457,55;7429,47;7456,85;7380202637,00;99124
WDOFUT;19/05/2021;15:15:00;7451,23;7460,36;7423,85;7432,98;1,013258077E10;136149
WDOFUT;19/05/2021;15:00:00;7417,53;7463,87;7405,59;7451,23;1,674978892E10;225177
WDOFUT;19/05/2021;14:45:00;7418,23;7425,25;7414,72;7417,53;4005228078,00;53974
WDOFUT;19/05/2021;14:30:00;7411,21;7418,23;7406,99;7417,53;3590670290,00;48442
WDOFUT;19/05/2021;14:15:00;7409,80;7421,04;7407,70;7410,51;3981071557,00;53691
WDOFUT;19/05/2021;14:00:00;7416,12;7416,12;7404,89;7409,80;3817866517,00;51524
WDOFUT;19/05/2021;13:45:00;7411,91;7421,04;7410,51;7416,12;4075392392,00;54958
WDOFUT;19/05/2021;13:30:00;7407,70;7416,12;7404,19;7411,91;4574767416,00;61730
WDOFUT;19/05/2021;13:15:00;7405,59;7407,70;7398,57;7407,70;2596852705,00;35075
WDOFUT;19/05/2021;13:00:00;7404,19;7407,70;7394,35;7405,59;5943981129,00;80303
WDOFUT;19/05/2021;12:45:00;7413,31;7421,74;7402,78;7404,19;6443001076,00;86947
WDOFUT;19/05/2021;12:30:00;7416,12;7417,53;7405,59;7413,31;5670902749,00;76519
WDOFUT;19/05/2021;12:15:00;7426,66;7432,27;7411,21;7416,83;7444383774,00;100322
WDOFUT;19/05/2021;12:00:00;7442,81;7449,13;7422,44;7425,95;8718986650,00;117282
WDOFUT;19/05/2021;11:45:00;7440,00;7444,91;7431,57;7442,81;6186272998,00;83171
WDOFUT;19/05/2021;11:30:00;7437,19;7447,02;7431,57;7440,00;7185836031,00;96603
WDOFUT;19/05/2021;11:15:00;7448,43;7455,45;7435,08;7437,89;1,082127761E10;145332
WDOFUT;19/05/2021;11:00:00;7423,85;7459,66;7422,44;7448,43;1,596550054E10;214565
WDOFUT;19/05/2021;10:45:00;7415,42;7424,55;7406,99;7423,15;7979346070,00;107614
WDOFUT;19/05/2021;10:30:00;7421,74;7425,25;7407,70;7415,42;1,02603279E10;138358
WDOFUT;19/05/2021;10:15:00;7432,98;7439,30;7418,23;7421,04;9815113844,00;132122
WDOFUT;19/05/2021;10:00:00;7444,21;7451,94;7430,87;7432,27;1,001876829E10;134664
WDOFUT;19/05/2021;09:45:00;7444,91;7452,64;7440,00;7444,21;9941408837,00;133535
WDOFUT;19/05/2021;09:30:00;7432,98;7454,75;7430,87;7444,91;1,276758525E10;171432
WDOFUT;19/05/2021;09:15:00;7428,06;7436,49;7424,55;7432,27;6917672931,00;93092
WDOFUT;19/05/2021;09:00:00;7432,98;7439,30;7420,34;7428,06;1,090901381E10;146803
WDOFUT;18/05/2021;17:45:00;7398,57;7399,97;7388,74;7397,16;1944952308,00;26299
WDOFUT;18/05/2021;17:30:00;7391,55;7399,27;7387,33;7399,27;1970470183,00;26654
WDOFUT;18/05/2021;17:15:00;7396,46;7397,16;7390,84;7392,25;1643152148,00;22223
WDOFUT;18/05/2021;17:00:00;7388,74;7398,57;7383,12;7395,76;3745095928,00;50664
WDOFUT;18/05/2021;16:45:00;7381,01;7390,14;7378,91;7388,74;3555571395,00;48143
WDOFUT;18/05/2021;16:30:00;7376,10;7383,12;7373,29;7380,31;2132589546,00;28903
WDOFUT;18/05/2021;16:15:00;7378,20;7381,01;7373,29;7376,10;2532992714,00;34336
WDOFUT;18/05/2021;16:00:00;7386,63;7388,03;7373,29;7378,20;4331871225,00;58696
WDOFUT;18/05/2021;15:45:00;7392,25;7400,67;7381,71;7386,63;5799280801,00;78459
WDOFUT;18/05/2021;15:30:00;7389,44;7394,35;7384,52;7392,25;5355331717,00;72467
WDOFUT;18/05/2021;15:15:00;7390,14;7398,57;7385,23;7390,14;4950332547,00;66968
WDOFUT;18/05/2021;15:00:00;7396,46;7399,97;7388,03;7390,14;3627762486,00;49068
WDOFUT;18/05/2021;14:45:00;7396,46;7399,97;7390,14;7396,46;4133787773,00;55898
WDOFUT;18/05/2021;14:30:00;7382,42;7399,97;7382,42;7396,46;5621973167,00;76054
WDOFUT;18/05/2021;14:15:00;7376,10;7384,52;7376,10;7383,12;2481311582,00;33614
WDOFUT;18/05/2021;14:00:00;7379,61;7382,42;7374,69;7376,10;3299252260,00;44721
WDOFUT;18/05/2021;13:45:00;7374,69;7384,52;7370,48;7379,61;4261046419,00;57755
WDOFUT;18/05/2021;13:30:00;7377,50;7384,52;7373,29;7373,99;4550457692,00;61670
WDOFUT;18/05/2021;13:15:00;7385,93;7390,14;7376,10;7378,20;5663549306,00;76708
WDOFUT;18/05/2021;13:00:00;7362,75;7387,33;7362,75;7385,23;8389499225,00;113731
WDOFUT;18/05/2021;12:45:00;7359,24;7365,56;7355,03;7363,46;5450306022,00;74046
WDOFUT;18/05/2021;12:30:00;7384,52;7388,74;7357,84;7359,95;1,175746282E10;159445
WDOFUT;18/05/2021;12:15:00;7376,10;7384,52;7371,88;7383,82;7754702988,00;105119
WDOFUT;18/05/2021;12:00:00;7399,97;7402,78;7373,99;7376,10;1,336053667E10;180844
WDOFUT;18/05/2021;11:45:00;7417,53;7418,23;7397,87;7399,97;8314697675,00;112274
WDOFUT;18/05/2021;11:30:00;7411,91;7421,74;7407,70;7418,23;5244041106,00;70720
WDOFUT;18/05/2021;11:15:00;7411,21;7423,85;7406,29;7411,21;8518808727,00;114891
WDOFUT;18/05/2021;11:00:00;7411,21;7425,95;7406,99;7411,21;1,118556121E10;150795
WDOFUT;18/05/2021;10:45:00;7395,76;7419,63;7392,25;7411,21;1,104524649E10;149132
WDOFUT;18/05/2021;10:30:00;7392,25;7403,48;7381,01;7396,46;1,247174067E10;168720
WDOFUT;18/05/2021;10:15:00;7400,67;7404,19;7387,33;7392,95;8516514686,00;115160
WDOFUT;18/05/2021;10:00:00;7399,97;7410,51;7392,95;7400,67;1,060091208E10;143222
WDOFUT;18/05/2021;09:45:00;7406,29;7412,61;7395,76;7400,67;1,14136246E10;154133
WDOFUT;18/05/2021;09:30:00;7387,33;7407,70;7385,93;7406,29;9574205352,00;129425
WDOFUT;18/05/2021;09:15:00;7372,59;7404,89;7369,07;7388,03;1,586529902E10;214803
WDOFUT;18/05/2021;09:00:00;7401,38;7409,10;7371,88;7372,59;1,076593085E10;145789
WDOFUT;17/05/2021;17:45:00;7401,38;7421,04;7401,38;7420,34;3318888394,00;44779
WDOFUT;17/05/2021;17:30:00;7406,99;7408,40;7399,97;7401,38;1747990648,00;23609
WDOFUT;17/05/2021;17:15:00;7404,19;7411,21;7403,48;7407,70;1745535736,00;23566
WDOFUT;17/05/2021;17:00:00;7404,89;7409,10;7398,57;7404,89;2489861809,00;33627
WDOFUT;17/05/2021;16:45:00;7403,48;7411,21;7402,78;7405,59;2949749715,00;39827
WDOFUT;17/05/2021;16:30:00;7404,89;7409,10;7402,08;7403,48;2731520319,00;36885
WDOFUT;17/05/2021;16:15:00;7393,65;7409,10;7392,95;7405,59;5940512067,00;80243
WDOFUT;17/05/2021;16:00:00;7391,55;7397,87;7390,14;7394,35;3174592656,00;42933
WDOFUT;17/05/2021;15:45:00;7395,76;7400,67;7386,63;7390,84;4826811160,00;65287
WDOFUT;17/05/2021;15:30:00;7397,87;7398,57;7391,55;7395,76;2643884206,00;35752
WDOFUT;17/05/2021;15:15:00;7398,57;7400,67;7393,65;7397,16;3147705132,00;42551
WDOFUT;17/05/2021;15:00:00;7401,38;7402,78;7390,84;7399,27;6433238204,00;86979
WDOFUT;17/05/2021;14:45:00;7404,19;7405,59;7394,35;7400,67;3827080072,00;51721
WDOFUT;17/05/2021;14:30:00;7400,67;7407,70;7397,16;7404,89;4403294778,00;59485
WDOFUT;17/05/2021;14:15:00;7388,74;7402,78;7388,03;7399,97;4185935570,00;56598
WDOFUT;17/05/2021;14:00:00;7398,57;7399,27;7376,80;7389,44;8218275523,00;111276
WDOFUT;17/05/2021;13:45:00;7404,89;7408,40;7396,46;7399,27;4064401439,00;54905
WDOFUT;17/05/2021;13:30:00;7406,29;7407,70;7401,38;7405,59;1974090692,00;26659
WDOFUT;17/05/2021;13:15:00;7408,40;7409,80;7398,57;7406,29;3066527900,00;41419
WDOFUT;17/05/2021;13:00:00;7397,87;7408,40;7394,35;7408,40;4542569033,00;61378
WDOFUT;17/05/2021;12:45:00;7396,46;7399,27;7390,14;7397,87;3210497352,00;43416
WDOFUT;17/05/2021;12:30:00;7404,19;7408,40;7394,35;7396,46;4300095058,00;58098
WDOFUT;17/05/2021;12:15:00;7399,27;7406,29;7389,44;7404,19;5170753144,00;69897
WDOFUT;17/05/2021;12:00:00;7386,63;7404,89;7383,82;7399,27;9437403269,00;127609
WDOFUT;17/05/2021;11:45:00;7415,42;7418,23;7385,23;7385,93;1,135404832E10;153433
WDOFUT;17/05/2021;11:30:00;7424,55;7429,47;7410,51;7415,42;9396146169,00;126647
WDOFUT;17/05/2021;11:15:00;7437,89;7442,11;7419,63;7424,55;1,027295528E10;138284
WDOFUT;17/05/2021;11:00:00;7444,21;7447,02;7433,68;7437,89;1,027151384E10;138051
WDOFUT;17/05/2021;10:45:00;7468,09;7473,00;7443,51;7444,21;1,041083439E10;139562
WDOFUT;17/05/2021;10:30:00;7474,41;7475,81;7463,17;7468,09;8000629586,00;107114
WDOFUT;17/05/2021;10:15:00;7456,85;7481,43;7453,34;7475,11;8411742139,00;112602
WDOFUT;17/05/2021;10:00:00;7478,62;7481,43;7446,32;7456,85;1,313382918E10;176051
WDOFUT;17/05/2021;09:45:00;7445,62;7479,32;7443,51;7478,62;1,516200558E10;203092
WDOFUT;17/05/2021;09:30:00;7447,02;7456,15;7434,38;7445,62;9795162064,00;131563
WDOFUT;17/05/2021;09:15:00;7454,75;7463,87;7437,19;7447,02;1,172069435E10;157353
WDOFUT;17/05/2021;09:00:00;7436,49;7464,58;7429,47;7454,75;1,083407153E10;145423
WDOFUT;14/05/2021;17:45:00;7406,99;7418,23;7401,38;7415,42;1796942230,00;24254
WDOFUT;14/05/2021;17:30:00;7418,23;7418,23;7401,38;7406,99;2956369474,00;39901
WDOFUT;14/05/2021;17:15:00;7424,55;7425,95;7416,12;7418,23;2161774536,00;29126
WDOFUT;14/05/2021;17:00:00;7412,61;7425,25;7412,61;7423,85;2679618874,00;36114
WDOFUT;14/05/2021;16:45:00;7412,61;7418,23;7406,29;7412,61;3035068924,00;40947
WDOFUT;14/05/2021;16:30:00;7411,91;7414,02;7409,80;7411,91;1531490323,00;20662
WDOFUT;14/05/2021;16:15:00;7409,10;7415,42;7407,70;7412,61;2187016279,00;29507
WDOFUT;14/05/2021;16:00:00;7403,48;7411,91;7401,38;7409,10;2920797187,00;39430
WDOFUT;14/05/2021;15:45:00;7411,91;7414,02;7402,78;7402,78;3680445843,00;49678
WDOFUT;14/05/2021;15:30:00;7411,21;7420,34;7408,40;7411,21;3510922990,00;47352
WDOFUT;14/05/2021;15:15:00;7409,10;7414,02;7404,89;7410,51;3192364014,00;43085
WDOFUT;14/05/2021;15:00:00;7423,85;7428,06;7408,40;7409,10;4714459301,00;63571
WDOFUT;14/05/2021;14:45:00;7411,21;7426,66;7407,70;7424,55;6609250512,00;89109
WDOFUT;14/05/2021;14:30:00;7405,59;7414,72;7401,38;7411,21;3337300631,00;45044
WDOFUT;14/05/2021;14:15:00;7406,29;7406,99;7402,08;7404,89;1736160109,00;23447
WDOFUT;14/05/2021;14:00:00;7402,78;7411,21;7398,57;7405,59;4771444607,00;64437
WDOFUT;14/05/2021;13:45:00;7398,57;7407,70;7390,84;7402,78;6900609675,00;93252
WDOFUT;14/05/2021;13:30:00;7382,42;7399,97;7380,31;7397,87;5327802500,00;72070
WDOFUT;14/05/2021;13:15:00;7397,87;7397,87;7376,80;7382,42;6008925618,00;81369
WDOFUT;14/05/2021;13:00:00;7399,97;7401,38;7394,35;7397,16;3890634100,00;52585
WDOFUT;14/05/2021;12:45:00;7398,57;7400,67;7385,23;7399,97;6650506446,00;89962
WDOFUT;14/05/2021;12:30:00;7397,87;7403,48;7389,44;7398,57;6378158485,00;86225
WDOFUT;14/05/2021;12:15:00;7418,93;7420,34;7397,87;7398,57;5883474095,00;79436
WDOFUT;14/05/2021;12:00:00;7402,08;7418,93;7401,38;7418,23;6135302876,00;82790
WDOFUT;14/05/2021;11:45:00;7423,15;7424,55;7397,87;7402,08;8491685757,00;114601
WDOFUT;14/05/2021;11:30:00;7411,91;7430,87;7403,48;7422,44;1,196589423E10;161281
WDOFUT;14/05/2021;11:15:00;7399,97;7412,61;7399,27;7411,91;5829306599,00;78709
WDOFUT;14/05/2021;11:00:00;7397,87;7411,21;7396,46;7399,97;9331065162,00;126035
WDOFUT;14/05/2021;10:45:00;7398,57;7409,10;7391,55;7397,16;9106523339,00;123073
WDOFUT;14/05/2021;10:30:00;7411,91;7414,02;7395,76;7398,57;9276487985,00;125301
WDOFUT;14/05/2021;10:15:00;7426,66;7426,66;7402,78;7412,61;1,062861383E10;143389
WDOFUT;14/05/2021;10:00:00;7437,19;7446,32;7418,93;7425,95;9833186911,00;132323
WDOFUT;14/05/2021;09:45:00;7429,47;7443,51;7423,15;7437,89;1,078625497E10;145148
WDOFUT;14/05/2021;09:30:00;7435,79;7449,83;7412,61;7429,47;1,795996086E10;241663
WDOFUT;14/05/2021;09:15:00;7418,93;7439,30;7406,29;7435,79;1,17576321E10;158446
WDOFUT;14/05/2021;09:00:00;7436,49;7437,89;7415,42;7418,93;9932855465,00;133753
WDOFUT;13/05/2021;17:45:00;7456,85;7471,60;7443,51;7463,87;3280873245,00;44011
WDOFUT;13/05/2021;17:30:00;7470,90;7471,60;7449,83;7457,55;2812393014,00;37694
WDOFUT;13/05/2021;17:15:00;7469,49;7471,60;7460,36;7471,60;2420656844,00;32423
WDOFUT;13/05/2021;17:00:00;7472,30;7475,11;7461,77;7470,19;3063724463,00;41027
WDOFUT;13/05/2021;16:45:00;7461,07;7477,92;7456,85;7473,00;4765455110,00;63809
WDOFUT;13/05/2021;16:30:00;7454,75;7464,58;7451,23;7461,07;3511707930,00;47080
WDOFUT;13/05/2021;16:15:00;7455,45;7469,49;7452,64;7454,75;4537389157,00;60822
WDOFUT;13/05/2021;16:00:00;7450,53;7463,17;7440,00;7456,15;5549405463,00;74480
WDOFUT;13/05/2021;15:45:00;7461,77;7461,77;7442,81;7449,83;7136195931,00;95760
WDOFUT;13/05/2021;15:30:00;7470,19;7472,30;7457,55;7461,07;4761292994,00;63798
WDOFUT;13/05/2021;15:15:00;7473,00;7480,73;7464,58;7470,19;5036149502,00;67400
WDOFUT;13/05/2021;15:00:00;7488,45;7489,15;7467,39;7472,30;7133466937,00;95426
WDOFUT;13/05/2021;14:45:00;7487,05;7501,09;7479,32;7488,45;9189086820,00;122695
WDOFUT;13/05/2021;14:30:00;7449,13;7495,47;7445,62;7486,35;1,396604669E10;186773
WDOFUT;13/05/2021;14:15:00;7428,06;7454,04;7427,36;7449,13;7232088435,00;97156
WDOFUT;13/05/2021;14:00:00;7421,04;7434,38;7419,63;7428,76;5420050984,00;72978
WDOFUT;13/05/2021;13:45:00;7419,63;7423,85;7414,02;7421,04;3933195864,00;53013
WDOFUT;13/05/2021;13:30:00;7415,42;7423,85;7405,59;7418,93;5356323537,00;72241
WDOFUT;13/05/2021;13:15:00;7418,93;7428,76;7413,31;7415,42;4490297006,00;60511
WDOFUT;13/05/2021;13:00:00;7426,66;7431,57;7414,72;7418,23;4802124290,00;64706
WDOFUT;13/05/2021;12:45:00;7439,30;7439,30;7419,63;7426,66;8084710826,00;108832
WDOFUT;13/05/2021;12:30:00;7444,21;7447,02;7423,15;7439,30;6117550407,00;82300
WDOFUT;13/05/2021;12:15:00;7460,36;7461,07;7435,79;7444,21;8035029907,00;107878
WDOFUT;13/05/2021;12:00:00;7423,85;7462,47;7422,44;7460,36;1,18824761E10;159631
WDOFUT;13/05/2021;11:45:00;7411,91;7430,87;7404,89;7423,85;1,099571215E10;148233
WDOFUT;13/05/2021;11:30:00;7417,53;7421,74;7399,27;7411,91;7788353762,00;105108
WDOFUT;13/05/2021;11:15:00;7393,65;7418,93;7392,25;7418,23;9103357172,00;122924
WDOFUT;13/05/2021;11:00:00;7403,48;7404,19;7388,74;7392,95;9522643478,00;128734
WDOFUT;13/05/2021;10:45:00;7431,57;7439,30;7391,55;7402,78;1,436955325E10;193808
WDOFUT;13/05/2021;10:30:00;7455,45;7459,66;7421,04;7431,57;1,645698958E10;221345
WDOFUT;13/05/2021;10:15:00;7444,21;7467,39;7439,30;7456,15;1,127903868E10;151359
WDOFUT;13/05/2021;10:00:00;7434,38;7447,02;7422,44;7443,51;1,031055442E10;138662
WDOFUT;13/05/2021;09:45:00;7416,12;7440,00;7415,42;7434,38;1,135676032E10;152897
WDOFUT;13/05/2021;09:30:00;7459,66;7477,22;7413,31;7416,12;2,13136529E10;286422
WDOFUT;13/05/2021;09:15:00;7456,15;7469,49;7444,21;7459,66;1,420004266E10;190413
WDOFUT;13/05/2021;09:00:00;7459,66;7485,64;7454,75;7456,85;1,475960598E10;197570
WDOFUT;12/05/2021;17:45:00;7475,11;7480,03;7460,36;7465,98;3101622244,00;41521
WDOFUT;12/05/2021;17:30:00;7476,51;7480,73;7471,60;7475,81;2304828697,00;30832
WDOFUT;12/05/2021;17:15:00;7467,39;7482,83;7463,87;7476,51;4497395186,00;60163
WDOFUT;12/05/2021;17:00:00;7461,77;7471,60;7460,36;7466,68;3767000506,00;50450
WDOFUT;12/05/2021;16:45:00;7456,85;7466,68;7451,94;7461,77;5280327956,00;70771
WDOFUT;12/05/2021;16:30:00;7457,55;7461,07;7449,13;7456,15;5295133596,00;71030
WDOFUT;12/05/2021;16:15:00;7452,64;7465,28;7447,72;7457,55;6794460759,00;91117
WDOFUT;12/05/2021;16:00:00;7436,49;7454,04;7434,38;7452,64;7496557679,00;100693
WDOFUT;12/05/2021;15:45:00;7434,38;7439,30;7423,85;7436,49;5667645357,00;76263
WDOFUT;12/05/2021;15:30:00;7428,76;7442,11;7416,83;7434,38;8612790847,00;115938
WDOFUT;12/05/2021;15:15:00;7414,72;7429,47;7413,31;7428,76;5964897778,00;80373
WDOFUT;12/05/2021;15:00:00;7418,23;7421,04;7409,10;7414,72;5732241406,00;77295
WDOFUT;12/05/2021;14:45:00;7393,65;7425,25;7392,95;7418,23;8113169331,00;109478
WDOFUT;12/05/2021;14:30:00;7395,06;7407,70;7390,84;7393,65;6831732442,00;92329
WDOFUT;12/05/2021;14:15:00;7390,84;7401,38;7389,44;7394,35;6270735283,00;84797
WDOFUT;12/05/2021;14:00:00;7387,33;7392,95;7369,78;7391,55;1,071188291E10;145109
WDOFUT;12/05/2021;13:45:00;7402,08;7404,89;7384,52;7386,63;5139541419,00;69505
WDOFUT;12/05/2021;13:30:00;7396,46;7403,48;7395,06;7402,08;3688119344,00;49844
WDOFUT;12/05/2021;13:15:00;7403,48;7406,99;7390,14;7397,16;5147164963,00;69576
WDOFUT;12/05/2021;13:00:00;7389,44;7405,59;7387,33;7403,48;5257135293,00;71076
WDOFUT;12/05/2021;12:45:00;7395,76;7396,46;7383,82;7388,74;6690376876,00;90534
WDOFUT;12/05/2021;12:30:00;7399,97;7415,42;7391,55;7395,76;1,227938395E10;165843
WDOFUT;12/05/2021;12:15:00;7369,78;7400,67;7363,46;7399,97;1,032349462E10;139872
WDOFUT;12/05/2021;12:00:00;7366,27;7377,50;7355,03;7369,78;9862532646,00;133902
WDOFUT;12/05/2021;11:45:00;7360,65;7370,48;7345,20;7366,97;1,160846547E10;157776
WDOFUT;12/05/2021;11:30:00;7337,47;7364,16;7336,77;7359,95;1,047851557E10;142511
WDOFUT;12/05/2021;11:15:00;7354,33;7357,14;7333,96;7337,47;9072990131,00;123547
WDOFUT;12/05/2021;11:00:00;7346,60;7364,86;7345,20;7355,03;9384916568,00;127573
WDOFUT;12/05/2021;10:45:00;7356,43;7359,24;7344,50;7345,90;7544379639,00;102631
WDOFUT;12/05/2021;10:30:00;7371,18;7372,59;7351,52;7357,14;1,033457322E10;140420
WDOFUT;12/05/2021;10:15:00;7345,20;7375,39;7342,39;7371,18;1,499873971E10;203734
WDOFUT;12/05/2021;10:00:00;7352,92;7358,54;7330,45;7345,20;1,639221528E10;223238
WDOFUT;12/05/2021;09:45:00;7373,99;7380,31;7350,11;7353,63;1,58954699E10;215893
WDOFUT;12/05/2021;09:30:00;7355,73;7404,89;7355,03;7373,99;2,095815636E10;283637
WDOFUT;12/05/2021;09:15:00;7369,78;7374,69;7348,71;7356,43;1,186080191E10;161111
WDOFUT;12/05/2021;09:00:00;7364,16;7377,50;7352,92;7370,48;1,138424499E10;154537
WDOFUT;11/05/2021;17:45:00;7348,01;7348,71;7340,99;7347,31;1920878375,00;26152
WDOFUT;11/05/2021;17:30:00;7350,82;7355,03;7344,50;7348,01;1900421995,00;25854
WDOFUT;11/05/2021;17:15:00;7345,90;7354,33;7340,99;7350,82;2307172293,00;31400
WDOFUT;11/05/2021;17:00:00;7349,41;7350,11;7335,37;7346,60;4143742316,00;56436
WDOFUT;11/05/2021;16:45:00;7359,24;7359,24;7346,60;7348,71;3333360136,00;45337
WDOFUT;11/05/2021;16:30:00;7351,52;7362,75;7348,71;7358,54;4250971938,00;57776
WDOFUT;11/05/2021;16:15:00;7358,54;7359,24;7346,60;7350,82;3943992219,00;53644
WDOFUT;11/05/2021;16:00:00;7353,63;7359,95;7348,01;7357,84;3577795623,00;48646
WDOFUT;11/05/2021;15:45:00;7369,78;7371,88;7350,82;7353,63;5426801384,00;73722
WDOFUT;11/05/2021;15:30:00;7353,63;7372,59;7352,22;7369,78;6408704564,00;87018
WDOFUT;11/05/2021;15:15:00;7360,65;7361,35;7351,52;7353,63;3005980685,00;40863
WDOFUT;11/05/2021;15:00:00;7348,01;7362,05;7343,09;7359,95;5745938321,00;78131
WDOFUT;11/05/2021;14:45:00;7352,92;7357,84;7346,60;7348,01;4359887276,00;59299
WDOFUT;11/05/2021;14:30:00;7350,82;7357,84;7345,90;7352,92;4020880508,00;54691
WDOFUT;11/05/2021;14:15:00;7350,11;7355,03;7341,69;7350,82;5223203576,00;71068
WDOFUT;11/05/2021;14:00:00;7344,50;7350,82;7338,18;7350,11;4229331555,00;57588
WDOFUT;11/05/2021;13:45:00;7345,20;7348,71;7340,99;7344,50;2307406468,00;31418
WDOFUT;11/05/2021;13:30:00;7340,28;7347,31;7335,37;7345,20;2927964648,00;39883
WDOFUT;11/05/2021;13:15:00;7343,79;7345,90;7332,56;7339,58;4517046979,00;61547
WDOFUT;11/05/2021;13:00:00;7333,96;7349,41;7326,24;7343,79;7046930356,00;96011
WDOFUT;11/05/2021;12:45:00;7336,07;7338,88;7329,05;7334,67;4505251221,00;61433
WDOFUT;11/05/2021;12:30:00;7333,96;7338,88;7324,13;7336,77;5069422068,00;69136
WDOFUT;11/05/2021;12:15:00;7342,39;7343,79;7320,62;7333,96;1,225573104E10;167177
WDOFUT;11/05/2021;12:00:00;7367,67;7373,29;7341,69;7342,39;1,064707216E10;144692
WDOFUT;11/05/2021;11:45:00;7379,61;7383,82;7365,56;7366,97;8753110936,00;118679
WDOFUT;11/05/2021;11:30:00;7385,23;7394,35;7376,80;7379,61;7775767973,00;105268
WDOFUT;11/05/2021;11:15:00;7381,71;7386,63;7362,75;7385,93;1,112439768E10;150826
WDOFUT;11/05/2021;11:00:00;7374,69;7383,12;7365,56;7381,71;1,259984692E10;170859
WDOFUT;11/05/2021;10:45:00;7403,48;7405,59;7373,29;7374,69;1,455480874E10;196935
WDOFUT;11/05/2021;10:30:00;7422,44;7427,36;7399,97;7403,48;1,21716905E10;164261
WDOFUT;11/05/2021;10:15:00;7428,76;7429,47;7416,83;7422,44;7863814329,00;105936
WDOFUT;11/05/2021;10:00:00;7405,59;7430,87;7404,19;7428,76;1,349229961E10;181877
WDOFUT;11/05/2021;09:45:00;7395,76;7411,21;7388,74;7404,89;1,142296566E10;154354
WDOFUT;11/05/2021;09:30:00;7381,71;7407,70;7381,01;7395,76;1,728138951E10;233648
WDOFUT;11/05/2021;09:15:00;7348,01;7384,52;7347,31;7382,42;1,600980757E10;217295
WDOFUT;11/05/2021;09:00:00;7369,78;7376,10;7340,99;7348,01;1,520567177E10;206732
WDOFUT;10/05/2021;17:45:00;7357,14;7357,14;7350,11;7350,82;1764234247,00;23992
WDOFUT;10/05/2021;17:30:00;7356,43;7358,54;7350,82;7357,14;1224853160,00;16653
WDOFUT;10/05/2021;17:15:00;7355,73;7359,24;7348,01;7355,73;2450308107,00;33323
WDOFUT;10/05/2021;17:00:00;7361,35;7361,35;7353,63;7355,03;1598033559,00;21723
WDOFUT;10/05/2021;16:45:00;7352,92;7364,86;7351,52;7360,65;5237781170,00;71195
WDOFUT;10/05/2021;16:30:00;7359,95;7362,75;7350,82;7352,92;3531960940,00;48012
WDOFUT;10/05/2021;16:15:00;7366,97;7366,97;7356,43;7359,24;2573235073,00;34952
WDOFUT;10/05/2021;16:00:00;7371,88;7373,99;7362,75;7366,97;3570233347,00;48456
WDOFUT;10/05/2021;15:45:00;7371,18;7381,71;7366,97;7372,59;4634135684,00;62849
WDOFUT;10/05/2021;15:30:00;7370,48;7376,80;7362,75;7371,18;5160180656,00;70005
WDOFUT;10/05/2021;15:15:00;7356,43;7387,33;7352,22;7371,18;1,027542278E10;139410
WDOFUT;10/05/2021;15:00:00;7347,31;7363,46;7345,90;7357,14;5381290466,00;73153
WDOFUT;10/05/2021;14:45:00;7355,03;7359,95;7342,39;7347,31;5202964666,00;70794
WDOFUT;10/05/2021;14:30:00;7361,35;7366,27;7352,22;7355,73;4115905948,00;55937
WDOFUT;10/05/2021;14:15:00;7362,05;7371,88;7359,24;7361,35;4919817717,00;66805
WDOFUT;10/05/2021;14:00:00;7359,95;7365,56;7357,14;7362,05;3172465188,00;43099
WDOFUT;10/05/2021;13:45:00;7353,63;7362,05;7350,82;7359,95;3006077296,00;40857
WDOFUT;10/05/2021;13:30:00;7353,63;7354,33;7347,31;7353,63;1724460773,00;23460
WDOFUT;10/05/2021;13:15:00;7350,11;7357,84;7346,60;7352,92;4128106261,00;56147
WDOFUT;10/05/2021;13:00:00;7351,52;7353,63;7336,07;7350,11;7104037637,00;96724
WDOFUT;10/05/2021;12:45:00;7362,75;7366,27;7346,60;7351,52;5818971953,00;79100
WDOFUT;10/05/2021;12:30:00;7352,22;7363,46;7350,11;7362,75;4889467557,00;66461
WDOFUT;10/05/2021;12:15:00;7363,46;7370,48;7351,52;7352,92;7441245295,00;101088
WDOFUT;10/05/2021;12:00:00;7335,37;7366,27;7331,86;7363,46;1,333303894E10;181325
WDOFUT;10/05/2021;11:45:00;7331,15;7350,11;7331,15;7336,07;8299826659,00;113063
WDOFUT;10/05/2021;11:30:00;7326,94;7343,79;7326,24;7331,86;1,019573683E10;139000
WDOFUT;10/05/2021;11:15:00;7324,83;7331,15;7312,20;7326,94;1,275861271E10;174252
WDOFUT;10/05/2021;11:00:00;7355,03;7357,84;7324,13;7324,83;1,353233704E10;184364
WDOFUT;10/05/2021;10:45:00;7346,60;7364,86;7343,09;7355,03;1,011455642E10;137506
WDOFUT;10/05/2021;10:30:00;7339,58;7359,24;7335,37;7345,90;1,171277579E10;159443
WDOFUT;10/05/2021;10:15:00;7349,41;7359,24;7338,88;7339,58;1,032256248E10;140434
WDOFUT;10/05/2021;10:00:00;7349,41;7355,03;7341,69;7350,11;8035780964,00;109350
WDOFUT;10/05/2021;09:45:00;7356,43;7362,05;7336,77;7348,71;1,226934209E10;166948
WDOFUT;10/05/2021;09:30:00;7360,65;7365,56;7347,31;7357,14;1,32381579E10;179938
WDOFUT;10/05/2021;09:15:00;7382,42;7384,52;7356,43;7360,65;1,436116392E10;194816
WDOFUT;10/05/2021;09:00:00;7371,18;7390,14;7366,27;7382,42;1,203039293E10;163075
WDOFUT;07/05/2021;17:45:00;7360,65;7372,59;7359,24;7372,59;2084669332,00;28299
WDOFUT;07/05/2021;17:30:00;7352,22;7362,75;7351,52;7361,35;3306335764,00;44939
WDOFUT;07/05/2021;17:15:00;7347,31;7352,92;7346,60;7351,52;2465326519,00;33542
WDOFUT;07/05/2021;17:00:00;7356,43;7357,84;7347,31;7347,31;2493013054,00;33904
WDOFUT;07/05/2021;16:45:00;7357,14;7359,95;7354,33;7356,43;2607559885,00;35443
WDOFUT;07/05/2021;16:30:00;7348,71;7358,54;7346,60;7356,43;3506598943,00;47683
WDOFUT;07/05/2021;16:15:00;7351,52;7355,73;7345,90;7349,41;3023304260,00;41131
WDOFUT;07/05/2021;16:00:00;7355,73;7359,95;7348,01;7351,52;4159747709,00;56570
WDOFUT;07/05/2021;15:45:00;7350,11;7359,24;7348,71;7356,43;4883034785,00;66389
WDOFUT;07/05/2021;15:30:00;7350,82;7354,33;7345,20;7350,11;4721443027,00;64244
WDOFUT;07/05/2021;15:15:00;7352,92;7356,43;7348,01;7350,82;3892732412,00;52950
WDOFUT;07/05/2021;15:00:00;7356,43;7359,24;7349,41;7353,63;4756037181,00;64673
WDOFUT;07/05/2021;14:45:00;7362,75;7365,56;7356,43;7357,14;3871457779,00;52598
WDOFUT;07/05/2021;14:30:00;7366,97;7366,97;7359,95;7362,75;3383425267,00;45949
WDOFUT;07/05/2021;14:15:00;7362,75;7371,88;7354,33;7366,97;7847847769,00;106570
WDOFUT;07/05/2021;14:00:00;7346,60;7363,46;7341,69;7362,75;5959295097,00;81042
WDOFUT;07/05/2021;13:45:00;7348,01;7354,33;7343,09;7345,90;3431336506,00;46692
WDOFUT;07/05/2021;13:30:00;7342,39;7355,03;7340,99;7348,01;4171938408,00;56767
WDOFUT;07/05/2021;13:15:00;7349,41;7350,82;7339,58;7342,39;4117322863,00;56062
WDOFUT;07/05/2021;13:00:00;7335,37;7353,63;7335,37;7350,11;7775307901,00;105846
WDOFUT;07/05/2021;12:45:00;7329,05;7336,07;7324,13;7335,37;3666234400,00;50016
WDOFUT;07/05/2021;12:30:00;7333,26;7334,67;7325,54;7328,35;4024136482,00;54899
WDOFUT;07/05/2021;12:15:00;7333,96;7340,99;7327,64;7333,26;6071611558,00;82783
WDOFUT;07/05/2021;12:00:00;7325,54;7338,88;7323,43;7333,96;8370104100,00;114178
WDOFUT;07/05/2021;11:45:00;7330,45;7336,77;7322,73;7325,54;7725812198,00;105407
WDOFUT;07/05/2021;11:30:00;7343,79;7347,31;7325,54;7330,45;9597244356,00;130851
WDOFUT;07/05/2021;11:15:00;7345,20;7351,52;7338,88;7343,09;8341281081,00;113553
WDOFUT;07/05/2021;11:00:00;7369,78;7373,29;7340,99;7344,50;1,501685303E10;204146
WDOFUT;07/05/2021;10:45:00;7392,95;7402,08;7366,97;7369,78;1,209204458E10;163828
WDOFUT;07/05/2021;10:30:00;7366,97;7394,35;7366,27;7392,95;1,127897968E10;152791
WDOFUT;07/05/2021;10:15:00;7379,61;7384,52;7365,56;7366,97;9146303934,00;124030
WDOFUT;07/05/2021;10:00:00;7385,93;7395,76;7365,56;7379,61;1,799638314E10;243868
WDOFUT;07/05/2021;09:45:00;7390,84;7404,19;7377,50;7385,23;1,544970487E10;209080
WDOFUT;07/05/2021;09:30:00;7442,11;7443,51;7379,61;7390,84;2,774070163E10;375171
WDOFUT;07/05/2021;09:15:00;7446,32;7451,23;7428,76;7442,81;9861698341,00;132505
WDOFUT;07/05/2021;09:00:00;7432,98;7447,72;7423,15;7446,32;1,227847491E10;165130
WDOFUT;06/05/2021;17:45:00;7423,15;7431,57;7411,91;7430,17;3503763366,00;47224
WDOFUT;06/05/2021;17:30:00;7426,66;7428,06;7421,04;7423,85;3073407367,00;41396
WDOFUT;06/05/2021;17:15:00;7428,06;7433,68;7425,95;7426,66;1682897850,00;22652
WDOFUT;06/05/2021;17:00:00;7428,76;7432,98;7425,25;7428,76;2185823611,00;29423
WDOFUT;06/05/2021;16:45:00;7435,79;7439,30;7425,95;7428,06;2272482658,00;30573
WDOFUT;06/05/2021;16:30:00;7433,68;7441,40;7429,47;7435,79;3047380903,00;40983
WDOFUT;06/05/2021;16:15:00;7435,79;7440,00;7430,17;7433,68;3036708659,00;40840
WDOFUT;06/05/2021;16:00:00;7434,38;7436,49;7427,36;7435,08;3371853460,00;45368
WDOFUT;06/05/2021;15:45:00;7435,79;7440,70;7424,55;7434,38;5379543432,00;72383
WDOFUT;06/05/2021;15:30:00;7449,83;7450,53;7422,44;7435,79;9064731030,00;121953
WDOFUT;06/05/2021;15:15:00;7440,70;7454,75;7439,30;7450,53;4986234540,00;66952
WDOFUT;06/05/2021;15:00:00;7452,64;7456,15;7435,79;7440,70;7765631303,00;104307
WDOFUT;06/05/2021;14:45:00;7440,70;7454,04;7440,00;7453,34;4892310269,00;65692
WDOFUT;06/05/2021;14:30:00;7428,06;7442,11;7425,95;7440,70;4113491316,00;55320
WDOFUT;06/05/2021;14:15:00;7435,08;7435,08;7425,25;7428,06;5529966007,00;74435
WDOFUT;06/05/2021;14:00:00;7448,43;7449,13;7432,98;7435,08;3987535733,00;53599
WDOFUT;06/05/2021;13:45:00;7439,30;7451,94;7437,19;7448,43;4889827549,00;65684
WDOFUT;06/05/2021;13:30:00;7435,08;7449,13;7435,08;7439,30;5563434815,00;74757
WDOFUT;06/05/2021;13:15:00;7435,08;7439,30;7427,36;7435,08;5286703912,00;71117
WDOFUT;06/05/2021;13:00:00;7434,38;7438,59;7422,44;7435,08;5663092141,00;76201
WDOFUT;06/05/2021;12:45:00;7428,76;7439,30;7428,06;7435,08;6932571628,00;93254
WDOFUT;06/05/2021;12:30:00;7409,10;7430,17;7408,40;7428,06;8031837098,00;108239
WDOFUT;06/05/2021;12:15:00;7415,42;7419,63;7401,38;7409,10;7993909234,00;107885
WDOFUT;06/05/2021;12:00:00;7402,08;7421,04;7399,97;7415,42;1,04847113E10;141507
WDOFUT;06/05/2021;11:45:00;7415,42;7417,53;7401,38;7402,78;1,05095672E10;141822
WDOFUT;06/05/2021;11:30:00;7440,00;7442,11;7413,31;7415,42;1,414260633E10;190451
WDOFUT;06/05/2021;11:15:00;7458,26;7458,26;7435,79;7439,30;1,24794879E10;167603
WDOFUT;06/05/2021;11:00:00;7451,94;7461,77;7451,23;7458,26;9022369840,00;120988
WDOFUT;06/05/2021;10:45:00;7473,71;7475,81;7451,94;7451,94;1,221318874E10;163658
WDOFUT;06/05/2021;10:30:00;7486,35;7492,67;7463,17;7473,00;1,679603461E10;224623
WDOFUT;06/05/2021;10:15:00;7497,58;7506,01;7484,94;7486,35;8908728070,00;118854
WDOFUT;06/05/2021;10:00:00;7491,96;7509,52;7477,92;7497,58;1,990706354E10;265652
WDOFUT;06/05/2021;09:45:00;7534,80;7543,93;7489,86;7491,96;1,910327076E10;254283
WDOFUT;06/05/2021;09:30:00;7534,80;7547,44;7523,56;7535,50;1,573250044E10;208760
WDOFUT;06/05/2021;09:15:00;7551,65;7564,99;7531,29;7535,50;1,39789114E10;185181
WDOFUT;06/05/2021;09:00:00;7524,97;7555,86;7505,30;7552,35;1,864631025E10;247734
WDOFUT;05/05/2021;17:45:00;7549,54;7550,95;7532,69;7535,50;3044264046,00;40360
WDOFUT;05/05/2021;17:30:00;7562,18;7564,99;7546,74;7549,54;3592447112,00;47540
WDOFUT;05/05/2021;17:15:00;7551,65;7562,89;7550,95;7561,48;2867703621,00;37949
WDOFUT;05/05/2021;17:00:00;7551,65;7555,86;7548,14;7550,95;2437512665,00;32278
WDOFUT;05/05/2021;16:45:00;7551,65;7560,08;7549,54;7550,95;3765792986,00;49841
WDOFUT;05/05/2021;16:30:00;7553,06;7556,57;7548,14;7551,65;3284661408,00;43494
WDOFUT;05/05/2021;16:15:00;7556,57;7559,38;7550,95;7553,06;2513200604,00;33266
WDOFUT;05/05/2021;16:00:00;7546,03;7562,89;7544,63;7556,57;6051235286,00;80098
WDOFUT;05/05/2021;15:45:00;7552,35;7553,06;7536,90;7545,33;6894253697,00;91391
WDOFUT;05/05/2021;15:30:00;7548,84;7557,27;7542,52;7552,35;8105778684,00;107375
WDOFUT;05/05/2021;15:15:00;7557,97;7557,97;7548,14;7549,54;5531679728,00;73238
WDOFUT;05/05/2021;15:00:00;7566,40;7569,21;7555,86;7557,27;5853665703,00;77411
WDOFUT;05/05/2021;14:45:00;7564,99;7574,82;7564,29;7566,40;3967070070,00;52410
WDOFUT;05/05/2021;14:30:00;7570,61;7572,72;7562,18;7564,99;4229528296,00;55889
WDOFUT;05/05/2021;14:15:00;7573,42;7578,34;7568,50;7571,31;3183056973,00;42031
WDOFUT;05/05/2021;14:00:00;7574,12;7576,93;7567,80;7573,42;4929572781,00;65098
WDOFUT;05/05/2021;13:45:00;7569,21;7574,82;7567,10;7574,12;3831179740,00;50605
WDOFUT;05/05/2021;13:30:00;7553,06;7570,61;7553,06;7569,91;6063712856,00;80175
WDOFUT;05/05/2021;13:15:00;7554,46;7557,27;7550,25;7553,06;2759174278,00;36527
WDOFUT;05/05/2021;13:00:00;7554,46;7560,08;7546,74;7554,46;5701350826,00;75481
WDOFUT;05/05/2021;12:45:00;7558,67;7564,29;7548,84;7553,76;5899496650,00;78080
WDOFUT;05/05/2021;12:30:00;7576,93;7576,93;7553,06;7557,97;9645189316,00;127510
WDOFUT;05/05/2021;12:15:00;7581,14;7583,95;7570,61;7576,23;5527335113,00;72949
WDOFUT;05/05/2021;12:00:00;7587,46;7600,10;7579,04;7580,44;9984903898,00;131546
WDOFUT;05/05/2021;11:45:00;7585,36;7588,87;7568,50;7587,46;1,237173575E10;163220
WDOFUT;05/05/2021;11:30:00;7597,30;7605,02;7583,95;7585,36;9562907649,00;125887
WDOFUT;05/05/2021;11:15:00;7588,87;7598,70;7587,46;7597,30;6419411147,00;84542
WDOFUT;05/05/2021;11:00:00;7586,76;7598,00;7583,95;7588,87;1,01533483E10;133739
WDOFUT;05/05/2021;10:45:00;7579,04;7592,38;7572,72;7587,46;8945444607,00;117952
WDOFUT;05/05/2021;10:30:00;7590,98;7596,59;7575,53;7579,04;1,093536175E10;144185
WDOFUT;05/05/2021;10:15:00;7589,57;7599,40;7585,36;7590,98;8308232404,00;109431
WDOFUT;05/05/2021;10:00:00;7602,21;7605,72;7581,14;7589,57;1,596127439E10;210172
WDOFUT;05/05/2021;09:45:00;7638,02;7644,34;7600,81;7602,21;1,357815558E10;178140
WDOFUT;05/05/2021;09:30:00;7651,37;7656,98;7631,70;7637,32;1,315646553E10;172113
WDOFUT;05/05/2021;09:15:00;7641,54;7654,18;7623,98;7651,37;1,488282221E10;194869
WDOFUT;05/05/2021;09:00:00;7654,88;7664,71;7633,11;7642,94;9756224095,00;127643
WDOFUT;04/05/2021;17:45:00;7655,58;7667,52;7652,77;7667,52;2667093224,00;34821
WDOFUT;04/05/2021;17:30:00;7640,13;7656,28;7639,43;7655,58;2649142069,00;34632
WDOFUT;04/05/2021;17:15:00;7638,73;7640,83;7629,60;7640,13;2834226654,00;37121
WDOFUT;04/05/2021;17:00:00;7645,75;7654,18;7638,02;7638,73;3354135302,00;43867
WDOFUT;04/05/2021;16:45:00;7645,05;7651,37;7640,13;7645,05;2788510239,00;36470
WDOFUT;04/05/2021;16:30:00;7649,26;7650,66;7641,54;7644,34;2296952726,00;30043
WDOFUT;04/05/2021;16:15:00;7649,96;7654,18;7647,15;7648,56;1927166132,00;25191
WDOFUT;04/05/2021;16:00:00;7652,07;7661,20;7645,05;7649,96;4882901279,00;63800
WDOFUT;04/05/2021;15:45:00;7648,56;7653,47;7646,45;7652,77;3528796297,00;46127
WDOFUT;04/05/2021;15:30:00;7653,47;7655,58;7643,64;7647,86;4037193985,00;52776
WDOFUT;04/05/2021;15:15:00;7634,51;7654,18;7631,70;7653,47;5506584560,00;72030
WDOFUT;04/05/2021;15:00:00;7631,70;7647,15;7631,00;7635,22;4502982720,00;58944
WDOFUT;04/05/2021;14:45:00;7638,02;7648,56;7630,30;7631,70;6742811564,00;88242
WDOFUT;04/05/2021;14:30:00;7636,62;7641,54;7631,70;7638,02;3151655867,00;41272
WDOFUT;04/05/2021;14:15:00;7628,19;7642,94;7617,66;7636,62;8999758255,00;117961
WDOFUT;04/05/2021;14:00:00;7636,62;7642,94;7627,49;7628,19;4862285362,00;63674
WDOFUT;04/05/2021;13:45:00;7636,62;7639,43;7626,09;7636,62;4554154884,00;59668
WDOFUT;04/05/2021;13:30:00;7625,38;7636,62;7621,17;7635,92;5962352526,00;78142
WDOFUT;04/05/2021;13:15:00;7655,58;7664,71;7618,36;7625,38;1,051618362E10;137622
WDOFUT;04/05/2021;13:00:00;7670,33;7671,73;7651,37;7655,58;5154824707,00;67279
WDOFUT;04/05/2021;12:45:00;7657,69;7672,43;7656,98;7671,03;4639346457,00;60513
WDOFUT;04/05/2021;12:30:00;7660,50;7665,41;7656,98;7657,69;5336468620,00;69673
WDOFUT;04/05/2021;12:15:00;7674,54;7676,65;7660,50;7660,50;6039158824,00;78751
WDOFUT;04/05/2021;12:00:00;7685,77;7687,88;7659,79;7674,54;1,190196141E10;155095
WDOFUT;04/05/2021;11:45:00;7665,41;7690,69;7664,01;7685,77;8142552256,00;106072
WDOFUT;04/05/2021;11:30:00;7680,16;7681,56;7663,30;7664,71;6639238552,00;86541
WDOFUT;04/05/2021;11:15:00;7666,82;7683,67;7662,60;7679,46;1,112266259E10;144961
WDOFUT;04/05/2021;11:00:00;7655,58;7669,62;7642,24;7666,82;1,288643319E10;168348
WDOFUT;04/05/2021;10:45:00;7648,56;7665,41;7648,56;7656,28;1,032936649E10;134899
WDOFUT;04/05/2021;10:30:00;7679,46;7684,37;7646,45;7649,26;1,466657223E10;191316
WDOFUT;04/05/2021;10:15:00;7687,18;7690,69;7671,73;7679,46;1,341026512E10;174586
WDOFUT;04/05/2021;10:00:00;7702,63;7705,44;7685,07;7687,18;1,01877517E10;132363
WDOFUT;04/05/2021;09:45:00;7702,63;7707,54;7690,69;7703,33;8894606173,00;115532
WDOFUT;04/05/2021;09:30:00;7702,63;7710,35;7684,37;7702,63;1,412449535E10;183497
WDOFUT;04/05/2021;09:15:00;7702,63;7719,48;7697,71;7703,33;1,190062429E10;154420
WDOFUT;04/05/2021;09:00:00;7687,88;7709,65;7678,05;7702,63;1,461193516E10;189906
WDOFUT;03/05/2021;17:45:00;7653,47;7666,82;7648,56;7659,09;2252675436,00;29423
WDOFUT;03/05/2021;17:30:00;7652,07;7656,28;7647,86;7654,18;1960850598,00;25623
WDOFUT;03/05/2021;17:15:00;7650,66;7671,73;7649,26;7652,07;5933513166,00;77471
WDOFUT;03/05/2021;17:00:00;7627,49;7650,66;7626,79;7650,66;4601997551,00;60231
WDOFUT;03/05/2021;16:45:00;7640,83;7642,94;7625,38;7628,19;4127337066,00;54056
WDOFUT;03/05/2021;16:30:00;7632,41;7651,37;7629,60;7641,54;4703323663,00;61543
WDOFUT;03/05/2021;16:15:00;7626,09;7636,62;7621,87;7633,11;4623676057,00;60595
WDOFUT;03/05/2021;16:00:00;7616,26;7631,70;7614,15;7626,09;5529370590,00;72532
WDOFUT;03/05/2021;15:45:00;7612,74;7617,66;7605,02;7616,26;3964109182,00;52085
WDOFUT;03/05/2021;15:30:00;7595,19;7619,77;7594,49;7612,74;5545145557,00;72874
WDOFUT;03/05/2021;15:15:00;7600,81;7602,21;7589,57;7595,19;4999774916,00;65833
WDOFUT;03/05/2021;15:00:00;7618,36;7620,47;7593,78;7600,81;6331927387,00;83256
WDOFUT;03/05/2021;14:45:00;7614,85;7621,17;7611,34;7618,36;2466643184,00;32383
WDOFUT;03/05/2021;14:30:00;7612,04;7622,58;7609,23;7614,85;4457110904,00;58524
WDOFUT;03/05/2021;14:15:00;7612,04;7615,55;7606,42;7612,04;2305214825,00;30287
WDOFUT;03/05/2021;14:00:00;7614,85;7619,77;7607,83;7612,04;2941734825,00;38643
WDOFUT;03/05/2021;13:45:00;7610,64;7619,77;7605,72;7614,85;3557729423,00;46730
WDOFUT;03/05/2021;13:30:00;7601,51;7627,49;7600,10;7610,64;8925424010,00;117206
WDOFUT;03/05/2021;13:15:00;7595,19;7605,02;7592,38;7601,51;4068956607,00;53535
WDOFUT;03/05/2021;13:00:00;7584,66;7599,40;7584,66;7594,49;4858065264,00;63982
WDOFUT;03/05/2021;12:45:00;7574,82;7588,17;7574,12;7585,36;5468302659,00;72124
WDOFUT;03/05/2021;12:30:00;7597,30;7598,00;7564,99;7574,82;1,221333247E10;161183
WDOFUT;03/05/2021;12:15:00;7609,23;7613,45;7596,59;7597,30;4611555650,00;60633
WDOFUT;03/05/2021;12:00:00;7603,62;7617,66;7600,81;7609,23;7991987404,00;105020
WDOFUT;03/05/2021;11:45:00;7604,32;7611,34;7594,49;7603,62;7497001291,00;98607
WDOFUT;03/05/2021;11:30:00;7628,90;7629,60;7593,78;7604,32;1,231359437E10;161896
WDOFUT;03/05/2021;11:15:00;7624,68;7630,30;7613,45;7629,60;8485675003,00;111349
WDOFUT;03/05/2021;11:00:00;7645,75;7645,75;7615,55;7624,68;1,495357788E10;196064
WDOFUT;03/05/2021;10:45:00;7656,98;7667,52;7636,62;7645,75;1,013138985E10;132397
WDOFUT;03/05/2021;10:30:00;7649,26;7678,05;7647,15;7656,98;1,426423572E10;186111
WDOFUT;03/05/2021;10:15:00;7647,86;7653,47;7642,24;7648,56;5253665550,00;68697
WDOFUT;03/05/2021;10:00:00;7645,05;7656,28;7629,60;7648,56;1,322181445E10;173013
WDOFUT;03/05/2021;09:45:00;7659,09;7680,16;7643,64;7645,05;1,529363587E10;199574
WDOFUT;03/05/2021;09:30:00;7645,75;7662,60;7633,11;7659,09;1,273616922E10;166552
WDOFUT;03/05/2021;09:15:00;7656,98;7664,71;7643,64;7645,75;1,088051413E10;142173
WDOFUT;03/05/2021;09:00:00;7623,28;7661,20;7612,04;7656,98;1,270983597E10;166517
WDOFUT;30/04/2021;17:45:00;7657,69;7667,52;7650,66;7657,69;2675847058,00;34942
WDOFUT;30/04/2021;17:30:00;7653,47;7660,50;7649,96;7658,39;1867710831,00;24396
WDOFUT;30/04/2021;17:15:00;7653,47;7661,90;7647,15;7654,18;4221779195,00;55152
WDOFUT;30/04/2021;17:00:00;7644,34;7654,18;7637,32;7652,77;3611438574,00;47231
WDOFUT;30/04/2021;16:45:00;7653,47;7659,09;7644,34;7644,34;4005666550,00;52336
WDOFUT;30/04/2021;16:30:00;7651,37;7654,18;7644,34;7653,47;2514816920,00;32872
WDOFUT;30/04/2021;16:15:00;7654,18;7656,28;7647,15;7651,37;4544368192,00;59389
WDOFUT;30/04/2021;16:00:00;7644,34;7654,18;7638,02;7654,18;5770384703,00;75472
WDOFUT;30/04/2021;15:45:00;7614,85;7647,86;7614,15;7644,34;6898466491,00;90409
WDOFUT;30/04/2021;15:30:00;7618,36;7631,70;7614,85;7614,85;4851451214,00;63631
WDOFUT;30/04/2021;15:15:00;7625,38;7631,00;7612,04;7619,06;9162031228,00;120228
WDOFUT;30/04/2021;15:00:00;7648,56;7652,77;7623,28;7625,38;7074773015,00;92634
WDOFUT;30/04/2021;14:45:00;7640,83;7669,62;7639,43;7647,86;9413689918,00;122987
WDOFUT;30/04/2021;14:30:00;7638,02;7647,15;7636,62;7640,83;3838560457,00;50225
WDOFUT;30/04/2021;14:15:00;7642,94;7645,75;7635,92;7638,73;2695968185,00;35286
WDOFUT;30/04/2021;14:00:00;7627,49;7643,64;7624,68;7642,94;4035394004,00;52862
WDOFUT;30/04/2021;13:45:00;7633,11;7633,81;7626,09;7628,19;3212662761,00;42105
WDOFUT;30/04/2021;13:30:00;7633,11;7642,24;7629,60;7632,41;3876689169,00;50767
WDOFUT;30/04/2021;13:15:00;7631,70;7639,43;7625,38;7633,81;3547266257,00;46476
WDOFUT;30/04/2021;13:00:00;7628,90;7645,75;7619,77;7631,70;8361216065,00;109530
WDOFUT;30/04/2021;12:45:00;7627,49;7638,02;7622,58;7629,60;6225660252,00;81586
WDOFUT;30/04/2021;12:30:00;7645,05;7650,66;7626,79;7628,19;7060125227,00;92463
WDOFUT;30/04/2021;12:15:00;7639,43;7656,28;7631,00;7644,34;7957591612,00;104114
WDOFUT;30/04/2021;12:00:00;7643,64;7652,77;7629,60;7639,43;1,470727885E10;192456
WDOFUT;30/04/2021;11:45:00;7605,72;7646,45;7605,02;7643,64;1,395599271E10;183008
WDOFUT;30/04/2021;11:30:00;7607,83;7611,34;7600,10;7605,02;5521922572,00;72595
WDOFUT;30/04/2021;11:15:00;7620,47;7623,28;7605,72;7608,53;9411382233,00;123591
WDOFUT;30/04/2021;11:00:00;7580,44;7620,47;7579,04;7620,47;1,437030901E10;189032
WDOFUT;30/04/2021;10:45:00;7586,06;7595,19;7578,34;7579,74;8532705008,00;112463
WDOFUT;30/04/2021;10:30:00;7564,29;7588,17;7564,29;7585,36;1,122020159E10;148103
WDOFUT;30/04/2021;10:15:00;7550,95;7569,91;7548,14;7564,29;9856071595,00;130407
WDOFUT;30/04/2021;10:00:00;7530,58;7565,70;7527,78;7550,95;1,594989792E10;211252
WDOFUT;30/04/2021;09:45:00;7529,88;7532,69;7510,92;7529,88;1,297589579E10;172527
WDOFUT;30/04/2021;09:30:00;7529,88;7541,82;7528,48;7529,88;8585522202,00;113949
WDOFUT;30/04/2021;09:15:00;7525,67;7534,10;7520,05;7529,88;4978385169,00;66138
WDOFUT;30/04/2021;09:00:00;7540,42;7546,03;7516,54;7525,67;8108737360,00;107728
WDOFUT;29/04/2021;17:45:00;7517,96;7524,99;7503,89;7510,22;2430603417,00;32333
WDOFUT;29/04/2021;17:30:00;7515,14;7522,88;7514,44;7517,96;2380436501,00;31661
WDOFUT;29/04/2021;17:15:00;7508,11;7516,55;7505,30;7515,85;2571525232,00;34238
WDOFUT;29/04/2021;17:00:00;7505,30;7510,22;7496,86;7507,41;4119930713,00;54897
WDOFUT;29/04/2021;16:45:00;7505,30;7507,41;7496,86;7504,59;5981629864,00;79729
WDOFUT;29/04/2021;16:30:00;7534,13;7534,13;7490,53;7505,30;7310068877,00;97250
WDOFUT;29/04/2021;16:15:00;7532,02;7536,24;7528,51;7534,13;2458019020,00;32630
WDOFUT;29/04/2021;16:00:00;7526,40;7539,76;7525,69;7532,73;4812731170,00;63888
WDOFUT;29/04/2021;15:45:00;7535,54;7535,54;7522,88;7526,40;6423672202,00;85335
WDOFUT;29/04/2021;15:30:00;7541,16;7546,09;7534,13;7535,54;3421379034,00;45373
WDOFUT;29/04/2021;15:15:00;7553,12;7555,93;7537,65;7540,46;5059851765,00;67071
WDOFUT;29/04/2021;15:00:00;7553,82;7561,56;7549,60;7553,82;4060652907,00;53744
WDOFUT;29/04/2021;14:45:00;7553,82;7558,04;7543,98;7553,82;6494652879,00;86000
WDOFUT;29/04/2021;14:30:00;7549,60;7557,34;7546,79;7554,53;3375779689,00;44692
WDOFUT;29/04/2021;14:15:00;7546,79;7553,12;7543,98;7550,31;3648971101,00;48338
WDOFUT;29/04/2021;14:00:00;7537,65;7548,20;7534,13;7546,09;3049764829,00;40442
WDOFUT;29/04/2021;13:45:00;7545,38;7546,09;7535,54;7537,65;5025438372,00;66647
WDOFUT;29/04/2021;13:30:00;7555,23;7559,45;7542,57;7546,09;4731637512,00;62683
WDOFUT;29/04/2021;13:15:00;7553,82;7558,04;7547,49;7555,23;4206674696,00;55698
WDOFUT;29/04/2021;13:00:00;7544,68;7561,56;7544,68;7554,53;7940457397,00;105111
WDOFUT;29/04/2021;12:45:00;7545,38;7545,38;7529,91;7544,68;4764331417,00;63211
WDOFUT;29/04/2021;12:30:00;7536,24;7545,38;7533,43;7544,68;4634922139,00;61468
WDOFUT;29/04/2021;12:15:00;7543,27;7557,34;7534,13;7536,94;8343630964,00;110553
WDOFUT;29/04/2021;12:00:00;7531,32;7543,27;7529,91;7542,57;8174467654,00;108470
WDOFUT;29/04/2021;11:45:00;7551,01;7559,45;7522,88;7530,62;1,2847822E10;170351
WDOFUT;29/04/2021;11:30:00;7551,01;7564,37;7543,98;7551,01;9406641302,00;124510
WDOFUT;29/04/2021;11:15:00;7557,34;7562,97;7548,90;7551,01;5553763319,00;73500
WDOFUT;29/04/2021;11:00:00;7552,42;7567,19;7547,49;7557,34;9863272800,00;130492
WDOFUT;29/04/2021;10:45:00;7552,42;7560,15;7544,68;7553,12;9120822402,00;120773
WDOFUT;29/04/2021;10:30:00;7553,82;7567,19;7550,31;7552,42;1,160595766E10;153554
WDOFUT;29/04/2021;10:15:00;7542,57;7559,45;7541,16;7553,12;7774998955,00;102983
WDOFUT;29/04/2021;10:00:00;7532,02;7556,64;7524,99;7542,57;1,540313491E10;204191
WDOFUT;29/04/2021;09:45:00;7524,99;7534,83;7517,25;7532,02;1,160236715E10;154151
WDOFUT;29/04/2021;09:30:00;7536,94;7541,87;7521,47;7524,99;1,045685182E10;138847
WDOFUT;29/04/2021;09:15:00;7536,94;7549,60;7527,80;7537,65;1,044262712E10;138511
WDOFUT;29/04/2021;09:00:00;7525,69;7562,97;7524,99;7537,65;1,732895002E10;229722
WDOFUT;28/04/2021;17:45:00;7537,65;7538,35;7517,25;7519,36;3330671226,00;44236
WDOFUT;28/04/2021;17:30:00;7534,83;7543,27;7534,13;7537,65;2263998834,00;30029
WDOFUT;28/04/2021;17:15:00;7541,87;7541,87;7528,51;7534,83;3630460936,00;48184
WDOFUT;28/04/2021;17:00:00;7541,16;7543,98;7532,73;7542,57;3475818175,00;46105
WDOFUT;28/04/2021;16:45:00;7546,09;7556,64;7540,46;7541,87;4827371747,00;63950
WDOFUT;28/04/2021;16:30:00;7546,79;7553,82;7545,38;7545,38;2921634651,00;38703
WDOFUT;28/04/2021;16:15:00;7549,60;7560,15;7537,65;7547,49;6010514267,00;79629
WDOFUT;28/04/2021;16:00:00;7544,68;7558,75;7543,27;7549,60;7467634070,00;98896
WDOFUT;28/04/2021;15:45:00;7550,31;7560,15;7535,54;7545,38;1,048146208E10;138860
WDOFUT;28/04/2021;15:30:00;7586,88;7589,69;7545,38;7550,31;1,323199866E10;174861
WDOFUT;28/04/2021;15:15:00;7587,58;7589,69;7564,37;7586,88;8913103986,00;117647
WDOFUT;28/04/2021;15:00:00;7582,66;7599,54;7569,30;7587,58;1,021556192E10;134717
WDOFUT;28/04/2021;14:45:00;7596,72;7598,13;7570,70;7583,36;6009357262,00;79182
WDOFUT;28/04/2021;14:30:00;7594,61;7605,87;7588,99;7597,43;6600163262,00;86880
WDOFUT;28/04/2021;14:15:00;7595,32;7600,94;7593,21;7595,32;3119920886,00;41069
WDOFUT;28/04/2021;14:00:00;7601,65;7605,16;7591,80;7594,61;5851802878,00;77014
WDOFUT;28/04/2021;13:45:00;7606,57;7608,68;7599,54;7600,94;3930028329,00;51683
WDOFUT;28/04/2021;13:30:00;7604,46;7610,08;7597,43;7606,57;6746192035,00;88709
WDOFUT;28/04/2021;13:15:00;7595,32;7612,90;7593,21;7603,76;6518535978,00;85738
WDOFUT;28/04/2021;13:00:00;7595,32;7598,83;7586,88;7594,61;6843349751,00;90133
WDOFUT;28/04/2021;12:45:00;7598,13;7602,35;7586,88;7595,32;7580547756,00;99791
WDOFUT;28/04/2021;12:30:00;7604,46;7607,27;7591,10;7598,83;6769783868,00;89085
WDOFUT;28/04/2021;12:15:00;7620,63;7625,56;7602,35;7604,46;9585155024,00;125900
WDOFUT;28/04/2021;12:00:00;7605,16;7622,04;7605,16;7621,34;1,315869368E10;172864
WDOFUT;28/04/2021;11:45:00;7586,17;7610,08;7581,95;7605,87;1,360328891E10;178973
WDOFUT;28/04/2021;11:30:00;7584,77;7593,91;7581,25;7586,17;6737044637,00;88779
WDOFUT;28/04/2021;11:15:00;7596,02;7596,72;7577,03;7584,06;1,33340385E10;175767
WDOFUT;28/04/2021;11:00:00;7604,46;7606,57;7586,88;7596,02;1,577440819E10;207631
WDOFUT;28/04/2021;10:45:00;7614,30;7615,01;7600,24;7604,46;8924778395,00;117341
WDOFUT;28/04/2021;10:30:00;7615,01;7616,41;7607,98;7613,60;6321698738,00;83047
WDOFUT;28/04/2021;10:15:00;7602,35;7619,23;7600,24;7615,71;9318394783,00;122452
WDOFUT;28/04/2021;10:00:00;7621,34;7622,04;7599,54;7603,05;1,761758695E10;231543
WDOFUT;28/04/2021;09:45:00;7630,48;7637,51;7615,71;7621,34;1,241551686E10;162765
WDOFUT;28/04/2021;09:30:00;7649,47;7652,98;7622,04;7630,48;1,330966164E10;174367
WDOFUT;28/04/2021;09:15:00;7648,76;7657,20;7636,81;7649,47;1,151683202E10;150597
WDOFUT;28/04/2021;09:00:00;7669,86;7676,90;7643,14;7648,76;1,225597684E10;160094
WDOFUT;27/04/2021;17:45:00;7670,57;7679,71;7667,75;7669,86;1885346084,00;24573
WDOFUT;27/04/2021;17:30:00;7677,60;7679,71;7667,75;7670,57;3950178175,00;51476
WDOFUT;27/04/2021;17:15:00;7681,12;7684,63;7677,60;7677,60;1685163579,00;21938
WDOFUT;27/04/2021;17:00:00;7683,22;7686,04;7676,90;7681,12;2437088516,00;31730
WDOFUT;27/04/2021;16:45:00;7681,12;7690,26;7679,01;7683,22;3338453837,00;43439
WDOFUT;27/04/2021;16:30:00;7689,55;7690,96;7674,08;7680,41;3274582973,00;42626
WDOFUT;27/04/2021;16:15:00;7686,74;7691,66;7685,33;7688,85;3050013962,00;39671
WDOFUT;27/04/2021;16:00:00;7691,66;7692,37;7676,19;7686,74;5605834366,00;72957
WDOFUT;27/04/2021;15:45:00;7671,97;7692,37;7667,05;7691,66;1,037914402E10;135123
WDOFUT;27/04/2021;15:30:00;7669,86;7679,71;7663,53;7671,97;9651611726,00;125778
WDOFUT;27/04/2021;15:15:00;7645,25;7670,57;7640,33;7669,86;8977037877,00;117240
WDOFUT;27/04/2021;15:00:00;7635,40;7650,17;7634,70;7645,95;5560781574,00;72746
WDOFUT;27/04/2021;14:45:00;7639,62;7642,44;7630,48;7634,70;4083711872,00;53487
WDOFUT;27/04/2021;14:30:00;7640,33;7646,65;7634,00;7639,62;4704363168,00;61565
WDOFUT;27/04/2021;14:15:00;7620,63;7643,14;7612,19;7639,62;8616413615,00;112966
WDOFUT;27/04/2021;14:00:00;7647,36;7650,87;7619,23;7620,63;8405012519,00;110096
WDOFUT;27/04/2021;13:45:00;7633,29;7650,17;7633,29;7646,65;5203317393,00;68067
WDOFUT;27/04/2021;13:30:00;7638,22;7641,73;7633,29;7633,29;2741536638,00;35893
WDOFUT;27/04/2021;13:15:00;7636,11;7645,25;7628,37;7638,22;7497147577,00;98167
WDOFUT;27/04/2021;13:00:00;7645,95;7650,87;7630,48;7635,40;7181920822,00;93993
WDOFUT;27/04/2021;12:45:00;7636,81;7647,36;7636,11;7646,65;4405704463,00;57649
WDOFUT;27/04/2021;12:30:00;7656,50;7660,02;7623,45;7636,11;1,089461571E10;142636
WDOFUT;27/04/2021;12:15:00;7653,69;7658,61;7647,36;7656,50;4090703888,00;53451
WDOFUT;27/04/2021;12:00:00;7651,58;7657,91;7649,47;7654,39;5345573114,00;69851
WDOFUT;27/04/2021;11:45:00;7668,46;7669,86;7650,17;7651,58;7493898413,00;97834
WDOFUT;27/04/2021;11:30:00;7655,09;7668,46;7652,28;7668,46;6898279289,00;90046
WDOFUT;27/04/2021;11:15:00;7650,17;7658,61;7643,14;7655,09;7843738310,00;102528
WDOFUT;27/04/2021;11:00:00;7661,42;7675,49;7647,36;7649,47;1,061573297E10;138546
WDOFUT;27/04/2021;10:45:00;7669,16;7670,57;7646,65;7661,42;1,109902879E10;144948
WDOFUT;27/04/2021;10:30:00;7680,41;7688,15;7665,64;7669,86;1,079016197E10;140579
WDOFUT;27/04/2021;10:15:00;7660,02;7689,55;7656,50;7681,12;1,224784276E10;159619
WDOFUT;27/04/2021;10:00:00;7661,42;7676,19;7651,58;7659,31;1,292752119E10;168678
WDOFUT;27/04/2021;09:45:00;7649,47;7664,24;7643,84;7661,42;6879319481,00;89876
WDOFUT;27/04/2021;09:30:00;7640,33;7664,24;7639,62;7650,17;1,596871637E10;208704
WDOFUT;27/04/2021;09:15:00;7650,17;7656,50;7619,93;7640,33;1,838468055E10;240756
WDOFUT;27/04/2021;09:00:00;7652,98;7667,75;7646,65;7649,47;1,212777525E10;158385
WDOFUT;26/04/2021;17:45:00;7649,47;7653,69;7644,55;7651,58;2300159903,00;30069
WDOFUT;26/04/2021;17:30:00;7651,58;7655,80;7645,25;7649,47;2524131310,00;32995
WDOFUT;26/04/2021;17:15:00;7659,31;7660,02;7644,55;7650,87;4253476528,00;55591
WDOFUT;26/04/2021;17:00:00;7666,35;7668,46;7658,61;7660,02;2041158109,00;26638
WDOFUT;26/04/2021;16:45:00;7664,94;7668,46;7661,42;7665,64;2774087497,00;36190
WDOFUT;26/04/2021;16:30:00;7672,68;7681,82;7657,20;7664,94;6498953839,00;84752
WDOFUT;26/04/2021;16:15:00;7667,05;7675,49;7662,83;7673,38;3766544380,00;49121
WDOFUT;26/04/2021;16:00:00;7672,68;7678,30;7661,42;7667,75;5542177972,00;72268
WDOFUT;26/04/2021;15:45:00;7688,85;7692,37;7670,57;7673,38;7210527040,00;93886
WDOFUT;26/04/2021;15:30:00;7674,08;7692,37;7673,38;7689,55;9011495963,00;117283
WDOFUT;26/04/2021;15:15:00;7670,57;7674,08;7664,24;7674,08;3778428610,00;49261
WDOFUT;26/04/2021;15:00:00;7663,53;7671,27;7657,20;7670,57;4673304928,00;60970
WDOFUT;26/04/2021;14:45:00;7673,38;7674,79;7662,13;7663,53;3381260497,00;44097
WDOFUT;26/04/2021;14:30:00;7667,75;7676,90;7664,94;7673,38;4289071562,00;55909
WDOFUT;26/04/2021;14:15:00;7669,16;7675,49;7655,80;7667,75;9593498211,00;125151
WDOFUT;26/04/2021;14:00:00;7668,46;7671,27;7659,31;7668,46;4568459782,00;59596
WDOFUT;26/04/2021;13:45:00;7668,46;7673,38;7663,53;7667,75;2823380305,00;36817
WDOFUT;26/04/2021;13:30:00;7667,75;7671,97;7665,64;7667,75;1806833245,00;23563
WDOFUT;26/04/2021;13:15:00;7670,57;7674,08;7666,35;7668,46;2537796965,00;33086
WDOFUT;26/04/2021;13:00:00;7671,97;7675,49;7662,13;7670,57;4149459967,00;54113
WDOFUT;26/04/2021;12:45:00;7669,86;7676,90;7666,35;7671,27;3580456068,00;46669
WDOFUT;26/04/2021;12:30:00;7678,30;7680,41;7668,46;7669,86;3885547984,00;50627
WDOFUT;26/04/2021;12:15:00;7676,19;7681,12;7667,75;7678,30;4766471672,00;62092
WDOFUT;26/04/2021;12:00:00;7674,79;7678,30;7665,64;7676,19;5712439509,00;74459
WDOFUT;26/04/2021;11:45:00;7676,19;7680,41;7660,02;7674,79;1,072990817E10;139894
WDOFUT;26/04/2021;11:30:00;7667,05;7680,41;7664,94;7676,19;7177126047,00;93514
WDOFUT;26/04/2021;11:15:00;7683,93;7685,33;7652,28;7667,05;1,506227452E10;196524
WDOFUT;26/04/2021;11:00:00;7690,96;7694,48;7676,90;7684,63;1,040504775E10;135394
WDOFUT;26/04/2021;10:45:00;7713,47;7717,69;7688,85;7690,96;1,201825906E10;155999
WDOFUT;26/04/2021;10:30:00;7687,44;7724,72;7683,93;7712,76;1,590103212E10;206237
WDOFUT;26/04/2021;10:15:00;7695,88;7697,29;7686,04;7687,44;5863644159,00;76241
WDOFUT;26/04/2021;10:00:00;7686,74;7702,21;7678,30;7695,88;1,149316392E10;149440
WDOFUT;26/04/2021;09:45:00;7686,04;7688,15;7668,46;7686,04;9674493770,00;125998
WDOFUT;26/04/2021;09:30:00;7670,57;7692,37;7663,53;7686,04;1,276328302E10;166190
WDOFUT;26/04/2021;09:15:00;7674,79;7683,93;7667,75;7670,57;8876301135,00;115644
WDOFUT;26/04/2021;09:00:00;7676,90;7686,74;7657,91;7674,08;9900011345,00;129059
WDOFUT;23/04/2021;17:45:00;7716,28;7718,39;7703,62;7704,32;2042063907,00;26482
WDOFUT;23/04/2021;17:30:00;7719,09;7721,20;7714,17;7716,28;1894176680,00;24543
WDOFUT;23/04/2021;17:15:00;7733,16;7735,27;7716,98;7719,09;3127122484,00;40484
WDOFUT;23/04/2021;17:00:00;7733,86;7738,08;7728,94;7733,86;2246291818,00;29043
WDOFUT;23/04/2021;16:45:00;7737,38;7743,00;7732,45;7733,86;2906039399,00;37558
WDOFUT;23/04/2021;16:30:00;7731,75;7738,08;7727,53;7737,38;2778862581,00;35933
WDOFUT;23/04/2021;16:15:00;7729,64;7735,27;7726,83;7731,75;1666205129,00;21549
WDOFUT;23/04/2021;16:00:00;7730,34;7734,56;7726,12;7728,94;2804490746,00;36281
WDOFUT;23/04/2021;15:45:00;7732,45;7740,89;7721,90;7730,34;4906508429,00;63469
WDOFUT;23/04/2021;15:30:00;7737,38;7738,78;7727,53;7731,75;3711968159,00;47999
WDOFUT;23/04/2021;15:15:00;7734,56;7740,89;7723,31;7737,38;5821164336,00;75288
WDOFUT;23/04/2021;15:00:00;7738,78;7746,52;7733,16;7734,56;3453101323,00;44615
WDOFUT;23/04/2021;14:45:00;7731,05;7743,71;7729,64;7739,49;4530048053,00;58546
WDOFUT;23/04/2021;14:30:00;7711,36;7734,56;7709,95;7730,34;6172450318,00;79893
WDOFUT;23/04/2021;14:15:00;7720,50;7726,12;7707,84;7711,36;5025798714,00;65131
WDOFUT;23/04/2021;14:00:00;7739,49;7739,49;7713,47;7720,50;8653123065,00;112040
WDOFUT;23/04/2021;13:45:00;7744,41;7748,63;7737,38;7739,49;2441168045,00;31530
WDOFUT;23/04/2021;13:30:00;7746,52;7749,33;7734,56;7744,41;5271300606,00;68085
WDOFUT;23/04/2021;13:15:00;7749,33;7752,85;7744,41;7747,22;2680814131,00;34599
WDOFUT;23/04/2021;13:00:00;7740,89;7751,44;7734,56;7750,04;6460788374,00;83446
WDOFUT;23/04/2021;12:45:00;7756,37;7759,18;7733,86;7740,89;8244194710,00;106462
WDOFUT;23/04/2021;12:30:00;7745,82;7772,54;7743,71;7757,07;1,333033296E10;171822
WDOFUT;23/04/2021;12:15:00;7725,42;7747,22;7721,90;7745,82;9981441313,00;129040
WDOFUT;23/04/2021;12:00:00;7720,50;7728,23;7713,47;7724,72;8906349078,00;115368
WDOFUT;23/04/2021;11:45:00;7714,17;7725,42;7707,14;7721,20;9008463279,00;116732
WDOFUT;23/04/2021;11:30:00;7701,51;7719,09;7700,10;7714,17;7165067034,00;92929
WDOFUT;23/04/2021;11:15:00;7714,17;7721,20;7697,99;7700,81;1,061533076E10;137676
WDOFUT;23/04/2021;11:00:00;7688,85;7714,87;7687,44;7714,17;1,296085307E10;168150
WDOFUT;23/04/2021;10:45:00;7680,41;7697,99;7674,08;7688,85;9976039665,00;129762
WDOFUT;23/04/2021;10:30:00;7688,85;7694,48;7671,27;7680,41;1,135877832E10;147885
WDOFUT;23/04/2021;10:15:00;7676,90;7699,40;7675,49;7688,85;1,081645642E10;140705
WDOFUT;23/04/2021;10:00:00;7670,57;7688,15;7664,24;7676,19;1,12635893E10;146729
WDOFUT;23/04/2021;09:45:00;7664,24;7680,41;7656,50;7670,57;1,199122954E10;156322
WDOFUT;23/04/2021;09:30:00;7657,91;7671,27;7650,17;7664,24;1,365494119E10;178252
WDOFUT;23/04/2021;09:15:00;7648,06;7662,83;7638,22;7657,91;1,367507252E10;178731
WDOFUT;23/04/2021;09:00:00;7640,33;7651,58;7633,29;7648,76;1,115446331E10;145972
WDOFUT;22/04/2021;17:45:00;7658,61;7677,60;7652,98;7662,83;3738044644,00;48758
WDOFUT;22/04/2021;17:30:00;7656,50;7674,08;7655,09;7659,31;4020241802,00;52443
WDOFUT;22/04/2021;17:15:00;7664,94;7669,86;7654,39;7656,50;4105852781,00;53600
WDOFUT;22/04/2021;17:00:00;7676,19;7681,82;7662,13;7664,94;4768942885,00;62169
WDOFUT;22/04/2021;16:45:00;7669,16;7680,41;7663,53;7675,49;6337562928,00;82598
WDOFUT;22/04/2021;16:30:00;7687,44;7688,85;7662,13;7669,16;1,056209687E10;137613
WDOFUT;22/04/2021;16:15:00;7690,96;7694,48;7681,82;7687,44;4960339367,00;64518
WDOFUT;22/04/2021;16:00:00;7692,37;7699,40;7686,04;7690,96;4059373075,00;52765
WDOFUT;22/04/2021;15:45:00;7686,04;7700,81;7685,33;7693,07;5028525137,00;65366
WDOFUT;22/04/2021;15:30:00;7697,99;7706,43;7685,33;7686,04;5804675327,00;75428
WDOFUT;22/04/2021;15:15:00;7690,26;7711,36;7688,15;7697,99;7367641831,00;95684
WDOFUT;22/04/2021;15:00:00;7688,85;7700,81;7686,74;7689,55;5855226214,00;76098
WDOFUT;22/04/2021;14:45:00;7695,88;7701,51;7681,82;7688,15;9126134566,00;118631
WDOFUT;22/04/2021;14:30:00;7702,21;7709,95;7684,63;7696,59;1,159478312E10;150654
WDOFUT;22/04/2021;14:15:00;7729,64;7743,71;7689,55;7701,51;1,538998499E10;199356
WDOFUT;22/04/2021;14:00:00;7729,64;7743,00;7722,61;7728,94;7999674659,00;103463
WDOFUT;22/04/2021;13:45:00;7728,94;7734,56;7724,72;7729,64;3461674500,00;44786
WDOFUT;22/04/2021;13:30:00;7729,64;7738,78;7724,72;7728,94;4613151642,00;59671
WDOFUT;22/04/2021;13:15:00;7739,49;7740,89;7721,90;7728,94;6394565972,00;82721
WDOFUT;22/04/2021;13:00:00;7738,78;7743,00;7734,56;7740,19;5536705504,00;71546
WDOFUT;22/04/2021;12:45:00;7744,41;7747,93;7726,83;7738,78;7326125565,00;94712
WDOFUT;22/04/2021;12:30:00;7745,82;7759,88;7743,00;7744,41;9401559149,00;121285
WDOFUT;22/04/2021;12:15:00;7741,60;7750,04;7740,19;7746,52;8736239503,00;112776
WDOFUT;22/04/2021;12:00:00;7738,08;7747,22;7731,75;7741,60;8555725372,00;110544
WDOFUT;22/04/2021;11:45:00;7731,05;7740,19;7720,50;7738,08;8486187693,00;109787
WDOFUT;22/04/2021;11:30:00;7736,67;7738,08;7710,65;7731,05;1,200203748E10;155404
WDOFUT;22/04/2021;11:15:00;7730,34;7743,00;7721,90;7737,38;8613060832,00;111382
WDOFUT;22/04/2021;11:00:00;7737,38;7745,82;7719,09;7731,05;1,095148351E10;141630
WDOFUT;22/04/2021;10:45:00;7723,31;7747,22;7719,79;7736,67;1,157468481E10;149625
WDOFUT;22/04/2021;10:30:00;7730,34;7740,19;7719,09;7723,31;1,292208267E10;167156
WDOFUT;22/04/2021;10:15:00;7728,94;7733,16;7719,79;7731,05;7374589717,00;95456
WDOFUT;22/04/2021;10:00:00;7725,42;7731,75;7717,69;7728,23;9559430820,00;123752
WDOFUT;22/04/2021;09:45:00;7731,05;7737,38;7714,17;7724,72;1,857157026E10;240362
WDOFUT;22/04/2021;09:30:00;7771,13;7776,06;7729,64;7731,75;1,837024384E10;236968
WDOFUT;22/04/2021;09:15:00;7775,35;7788,01;7761,29;7770,43;1,385682194E10;178283
WDOFUT;22/04/2021;09:00:00;7817,55;7825,29;7771,84;7775,35;1,719005292E10;220600
WDOFUT;20/04/2021;17:45:00;7833,72;7842,16;7831,61;7837,94;2864604832,00;36557
WDOFUT;20/04/2021;17:30:00;7822,47;7835,83;7818,96;7833,72;2425318547,00;30985
WDOFUT;20/04/2021;17:15:00;7825,29;7828,80;7817,55;7821,77;2428114699,00;31031
WDOFUT;20/04/2021;17:00:00;7809,11;7833,02;7806,30;7825,29;5565752975,00;71136
WDOFUT;20/04/2021;16:45:00;7812,63;7823,18;7804,19;7808,41;4672539356,00;59806
WDOFUT;20/04/2021;16:30:00;7821,07;7824,58;7811,22;7813,33;3295783843,00;42160
WDOFUT;20/04/2021;16:15:00;7823,18;7840,05;7818,25;7821,77;5367203330,00;68560
WDOFUT;20/04/2021;16:00:00;7824,58;7829,51;7813,33;7823,88;5292096350,00;67667
WDOFUT;20/04/2021;15:45:00;7816,14;7832,32;7811,22;7824,58;1,026467984E10;131190
WDOFUT;20/04/2021;15:30:00;7792,23;7816,14;7790,12;7816,14;8155910981,00;104481
WDOFUT;20/04/2021;15:15:00;7803,48;7803,48;7779,57;7791,53;7439255929,00;95487
WDOFUT;20/04/2021;15:00:00;7781,68;7805,59;7781,68;7802,78;7397699915,00;94916
WDOFUT;20/04/2021;14:45:00;7776,06;7784,50;7767,62;7782,39;4380070975,00;56332
WDOFUT;20/04/2021;14:30:00;7783,79;7786,61;7765,51;7776,06;6563573270,00;84406
WDOFUT;20/04/2021;14:15:00;7778,87;7789,42;7775,35;7783,79;4112669683,00;52842
WDOFUT;20/04/2021;14:00:00;7783,09;7788,01;7772,54;7778,87;4973689289,00;63920
WDOFUT;20/04/2021;13:45:00;7773,24;7784,50;7768,32;7783,09;4030554666,00;51825
WDOFUT;20/04/2021;13:30:00;7770,43;7783,79;7769,73;7773,95;4614904050,00;59337
WDOFUT;20/04/2021;13:15:00;7764,80;7774,65;7759,88;7770,43;3890233190,00;50082
WDOFUT;20/04/2021;13:00:00;7766,91;7778,87;7761,29;7764,80;6280320462,00;80822
WDOFUT;20/04/2021;12:45:00;7767,62;7770,43;7754,96;7766,91;5712729882,00;73584
WDOFUT;20/04/2021;12:30:00;7766,21;7785,90;7760,58;7767,62;7940975426,00;102134
WDOFUT;20/04/2021;12:15:00;7757,77;7777,46;7753,55;7766,21;8372098617,00;107805
WDOFUT;20/04/2021;12:00:00;7757,07;7763,40;7751,44;7757,77;6232620603,00;80342
WDOFUT;20/04/2021;11:45:00;7761,99;7771,84;7747,22;7757,07;9691697843,00;124864
WDOFUT;20/04/2021;11:30:00;7755,66;7768,32;7745,11;7761,29;1,278253023E10;164805
WDOFUT;20/04/2021;11:15:00;7778,17;7778,87;7752,85;7755,66;1,187661858E10;152906
WDOFUT;20/04/2021;11:00:00;7784,50;7789,42;7767,62;7777,46;1,066073448E10;137048
WDOFUT;20/04/2021;10:45:00;7797,86;7804,89;7778,87;7784,50;1,308483934E10;167904
WDOFUT;20/04/2021;10:30:00;7790,83;7802,08;7785,90;7797,86;7712580949,00;98968
WDOFUT;20/04/2021;10:15:00;7788,72;7796,45;7770,43;7791,53;1,269460827E10;163112
WDOFUT;20/04/2021;10:00:00;7802,78;7809,11;7784,50;7788,72;1,270945704E10;163028
WDOFUT;20/04/2021;09:45:00;7805,59;7816,14;7795,75;7802,78;1,437693918E10;184240
WDOFUT;20/04/2021;09:30:00;7838,65;7840,76;7804,19;7804,89;1,373747779E10;175656
WDOFUT;20/04/2021;09:15:00;7838,65;7847,09;7821,07;7839,35;1,303816752E10;166486
WDOFUT;20/04/2021;09:00:00;7835,83;7865,37;7828,10;7839,35;1,519491755E10;193698
WDOFUT;19/04/2021;17:45:00;7802,08;7813,33;7797,15;7804,89;2322836865,00;29758
WDOFUT;19/04/2021;17:30:00;7804,89;7806,30;7796,45;7802,78;1847113731,00;23674
WDOFUT;19/04/2021;17:15:00;7809,11;7814,03;7801,37;7804,89;2981102558,00;38188
WDOFUT;19/04/2021;17:00:00;7816,14;7817,55;7805,59;7808,41;3259695500,00;41730
WDOFUT;19/04/2021;16:45:00;7823,88;7828,10;7814,74;7816,85;3299638374,00;42196
WDOFUT;19/04/2021;16:30:00;7829,51;7833,02;7821,77;7824,58;3023886756,00;38633
WDOFUT;19/04/2021;16:15:00;7826,69;7839,35;7819,66;7830,21;5348469131,00;68307
WDOFUT;19/04/2021;16:00:00;7816,85;7830,21;7816,85;7826,69;3689556343,00;47153
WDOFUT;19/04/2021;15:45:00;7814,74;7826,69;7811,92;7816,85;5424319946,00;69366
WDOFUT;19/04/2021;15:30:00;7795,04;7822,47;7793,64;7814,74;9683822393,00;124015
WDOFUT;19/04/2021;15:15:00;7812,63;7815,44;7780,28;7794,34;1,347868701E10;172935
WDOFUT;19/04/2021;15:00:00;7833,02;7835,83;7810,52;7812,63;5509948155,00;70422
WDOFUT;19/04/2021;14:45:00;7825,99;7841,46;7821,77;7833,02;5760436893,00;73545
WDOFUT;19/04/2021;14:30:00;7821,07;7827,40;7807,70;7825,99;7415805700,00;94875
WDOFUT;19/04/2021;14:15:00;7827,40;7835,83;7818,96;7821,07;5100392454,00;65156
WDOFUT;19/04/2021;14:00:00;7835,13;7841,46;7817,55;7827,40;6686119589,00;85391
WDOFUT;19/04/2021;13:45:00;7836,54;7842,16;7832,32;7835,83;3297301520,00;42068
WDOFUT;19/04/2021;13:30:00;7825,99;7847,09;7823,88;7836,54;5778481824,00;73740
WDOFUT;19/04/2021;13:15:00;7828,80;7835,13;7816,85;7825,29;5116904109,00;65378
WDOFUT;19/04/2021;13:00:00;7837,24;7842,16;7826,69;7828,80;5791670816,00;73925
WDOFUT;19/04/2021;12:45:00;7821,77;7838,65;7821,77;7837,24;5528818479,00;70614
WDOFUT;19/04/2021;12:30:00;7809,81;7826,69;7804,19;7822,47;4836627568,00;61877
WDOFUT;19/04/2021;12:15:00;7819,66;7823,18;7800,67;7810,52;5448382344,00;69745
WDOFUT;19/04/2021;12:00:00;7811,22;7825,99;7801,37;7819,66;8764010265,00;112183
WDOFUT;19/04/2021;11:45:00;7804,89;7830,91;7802,08;7811,22;1,306296968E10;167115
WDOFUT;19/04/2021;11:30:00;7835,13;7841,46;7799,26;7804,89;1,623700182E10;207667
WDOFUT;19/04/2021;11:15:00;7882,95;7889,99;7833,02;7835,13;1,254539896E10;159644
WDOFUT;19/04/2021;11:00:00;7875,92;7896,32;7873,81;7882,95;9514028833,00;120650
WDOFUT;19/04/2021;10:45:00;7890,69;7892,80;7863,97;7876,62;1,105487979E10;140334
WDOFUT;19/04/2021;10:30:00;7900,54;7908,97;7889,99;7890,69;9531126565,00;120654
WDOFUT;19/04/2021;10:15:00;7887,88;7913,19;7887,17;7900,54;1,180336952E10;149403
WDOFUT;19/04/2021;10:00:00;7858,34;7901,94;7851,31;7887,88;1,651811106E10;209678
WDOFUT;19/04/2021;09:45:00;7847,09;7861,86;7832,32;7858,34;1,284755481E10;163713
WDOFUT;19/04/2021;09:30:00;7854,12;7876,62;7842,87;7847,09;1,415125929E10;180005
WDOFUT;19/04/2021;09:15:00;7842,16;7880,84;7837,24;7854,12;1,451422053E10;184655
WDOFUT;19/04/2021;09:00:00;7842,16;7855,53;7822,47;7841,46;1,031293411E10;131577
WDOFUT;16/04/2021;17:45:00;7865,37;7871,70;7863,26;7864,67;2100229668,00;26694
WDOFUT;16/04/2021;17:30:00;7857,64;7869,59;7856,93;7865,37;2196846647,00;27932
WDOFUT;16/04/2021;17:15:00;7857,64;7858,34;7852,01;7857,64;1966286513,00;25031
WDOFUT;16/04/2021;17:00:00;7861,86;7863,97;7853,42;7857,64;1962583501,00;24971
WDOFUT;16/04/2021;16:45:00;7861,86;7867,48;7856,93;7861,15;3498511264,00;44498
WDOFUT;16/04/2021;16:30:00;7860,45;7863,26;7856,93;7861,15;1651031734,00;21005
WDOFUT;16/04/2021;16:15:00;7870,29;7872,40;7858,34;7860,45;3717986518,00;47282
WDOFUT;16/04/2021;16:00:00;7854,12;7871,00;7852,71;7870,29;4357021103,00;55427
WDOFUT;16/04/2021;15:45:00;7864,67;7866,08;7851,31;7853,42;4296307845,00;54669
WDOFUT;16/04/2021;15:30:00;7863,97;7866,08;7854,82;7864,67;3855624126,00;49048
WDOFUT;16/04/2021;15:15:00;7857,64;7864,67;7852,71;7863,26;3624008877,00;46109
WDOFUT;16/04/2021;15:00:00;7854,12;7860,45;7848,49;7857,64;4711432593,00;59986
WDOFUT;16/04/2021;14:45:00;7848,49;7854,82;7835,83;7854,12;7784107202,00;99231
WDOFUT;16/04/2021;14:30:00;7884,36;7886,47;7844,98;7848,49;9206017144,00;117084
WDOFUT;16/04/2021;14:15:00;7875,22;7886,47;7867,48;7884,36;5942314883,00;75421
WDOFUT;16/04/2021;14:00:00;7867,48;7876,62;7866,78;7875,22;3419237465,00;43435
WDOFUT;16/04/2021;13:45:00;7872,40;7882,25;7865,37;7867,48;6593795089,00;83716
WDOFUT;16/04/2021;13:30:00;7861,15;7873,81;7856,93;7872,40;5436308498,00;69118
WDOFUT;16/04/2021;13:15:00;7878,03;7878,73;7849,20;7861,86;1,13343495E10;144196
WDOFUT;16/04/2021;13:00:00;7899,13;7899,13;7876,62;7878,73;6369950790,00;80774
WDOFUT;16/04/2021;12:45:00;7911,08;7911,79;7884,36;7898,43;6640045353,00;84088
WDOFUT;16/04/2021;12:30:00;7893,50;7912,49;7890,69;7911,08;6842831694,00;86581
WDOFUT;16/04/2021;12:15:00;7897,72;7900,54;7871,00;7893,50;1,283486732E10;162760
WDOFUT;16/04/2021;12:00:00;7915,30;7920,93;7896,32;7897,72;1,020194529E10;129001
WDOFUT;16/04/2021;11:45:00;7930,78;7930,78;7904,75;7915,30;1,103719389E10;139449
WDOFUT;16/04/2021;11:30:00;7945,54;7949,76;7911,08;7930,78;1,326145316E10;167227
WDOFUT;16/04/2021;11:15:00;7949,06;7953,98;7927,26;7945,54;1,33092738E10;167617
WDOFUT;16/04/2021;11:00:00;7982,11;7982,11;7948,36;7949,06;1,158629667E10;145504
WDOFUT;16/04/2021;10:45:00;7982,11;7986,33;7976,49;7982,11;5697371098,00;71380
WDOFUT;16/04/2021;10:30:00;7981,41;7991,26;7969,46;7982,82;9188208019,00;115133
WDOFUT;16/04/2021;10:15:00;7972,97;7991,96;7966,64;7981,41;1,038007258E10;130039
WDOFUT;16/04/2021;10:00:00;7966,64;7975,79;7958,20;7973,68;9811230404,00;123149
WDOFUT;16/04/2021;09:45:00;7965,94;7981,41;7960,31;7966,64;1,193308384E10;149692
WDOFUT;16/04/2021;09:30:00;7944,84;7970,86;7944,14;7965,94;1,412259259E10;177428
WDOFUT;16/04/2021;09:15:00;7917,41;7944,84;7912,49;7944,84;1,12773135E10;142217
WDOFUT;16/04/2021;09:00:00;7904,75;7927,26;7903,35;7918,12;8657326151,00;109368
WDOFUT;15/04/2021;17:45:00;7908,97;7911,79;7899,13;7907,57;2352512954,00;29756
WDOFUT;15/04/2021;17:30:00;7911,79;7918,82;7907,57;7908,97;1474629847,00;18633
WDOFUT;15/04/2021;17:15:00;7911,79;7919,52;7907,57;7911,79;1932696931,00;24425
WDOFUT;15/04/2021;17:00:00;7921,63;7923,04;7905,46;7911,79;3026722215,00;38248
WDOFUT;15/04/2021;16:45:00;7916,71;7930,78;7909,68;7922,34;4327217441,00;54624
WDOFUT;15/04/2021;16:30:00;7916,71;7925,15;7910,38;7916,01;4283047140,00;54097
WDOFUT;15/04/2021;16:15:00;7908,27;7920,93;7907,57;7916,71;3953828357,00;49952
WDOFUT;15/04/2021;16:00:00;7906,86;7913,19;7899,83;7908,27;3788674452,00;47917
WDOFUT;15/04/2021;15:45:00;7896,32;7911,08;7894,91;7906,86;5414076333,00;68506
WDOFUT;15/04/2021;15:30:00;7911,79;7916,71;7896,32;7896,32;4224534927,00;53423
WDOFUT;15/04/2021;15:15:00;7921,63;7926,56;7906,16;7911,79;6002059162,00;75812
WDOFUT;15/04/2021;15:00:00;7899,83;7922,34;7894,21;7921,63;6089486961,00;77019
WDOFUT;15/04/2021;14:45:00;7898,43;7906,86;7894,21;7899,13;4385134779,00;55501
WDOFUT;15/04/2021;14:30:00;7911,08;7913,19;7896,32;7898,43;5997323637,00;75872
WDOFUT;15/04/2021;14:15:00;7920,23;7927,26;7908,97;7911,79;6578957126,00;83061
WDOFUT;15/04/2021;14:00:00;7910,38;7921,63;7904,75;7920,23;4583646792,00;57931
WDOFUT;15/04/2021;13:45:00;7907,57;7918,82;7906,16;7910,38;5955656098,00;75265
WDOFUT;15/04/2021;13:30:00;7906,16;7911,79;7899,83;7907,57;3837724863,00;48539
WDOFUT;15/04/2021;13:15:00;7901,94;7908,27;7889,99;7905,46;4760616006,00;60261
WDOFUT;15/04/2021;13:00:00;7903,35;7904,75;7888,58;7902,65;6476317356,00;81996
WDOFUT;15/04/2021;12:45:00;7911,08;7913,19;7894,21;7903,35;5809436127,00;73515
WDOFUT;15/04/2021;12:30:00;7905,46;7918,12;7903,35;7910,38;5345239476,00;67568
WDOFUT;15/04/2021;12:15:00;7906,86;7911,79;7899,13;7906,16;5297138015,00;67010
WDOFUT;15/04/2021;12:00:00;7922,34;7927,26;7901,94;7906,86;9106229873,00;115067
WDOFUT;15/04/2021;11:45:00;7918,12;7940,62;7915,30;7921,63;9618265989,00;121317
WDOFUT;15/04/2021;11:30:00;7930,07;7936,40;7914,60;7917,41;7378568931,00;93094
WDOFUT;15/04/2021;11:15:00;7939,22;7949,06;7925,85;7930,78;7313185320,00;92143
WDOFUT;15/04/2021;11:00:00;7926,56;7947,65;7924,45;7939,22;1,289147292E10;162387
WDOFUT;15/04/2021;10:45:00;7924,45;7930,78;7916,01;7926,56;1,290023585E10;162826
WDOFUT;15/04/2021;10:30:00;7901,94;7927,96;7896,32;7925,15;1,241766481E10;156928
WDOFUT;15/04/2021;10:15:00;7885,77;7911,08;7883,66;7902,65;1,054513199E10;133473
WDOFUT;15/04/2021;10:00:00;7897,02;7902,65;7882,95;7885,77;9543365882,00;120877
WDOFUT;15/04/2021;09:45:00;7908,27;7908,97;7878,73;7897,02;1,488525405E10;188632
WDOFUT;15/04/2021;09:30:00;7927,26;7939,22;7899,83;7907,57;1,789097172E10;226066
WDOFUT;15/04/2021;09:15:00;7954,69;7954,69;7921,63;7927,26;1,330881223E10;167660
WDOFUT;15/04/2021;09:00:00;7959,61;7972,97;7938,51;7955,39;1,088197073E10;136742
WDOFUT;14/04/2021;17:45:00;7953,98;7965,24;7951,87;7963,83;2513056467,00;31575
WDOFUT;14/04/2021;17:30:00;7968,75;7975,79;7949,06;7953,98;4148798640,00;52104
WDOFUT;14/04/2021;17:15:00;7980,71;7981,41;7962,42;7968,05;5001802845,00;62728
WDOFUT;14/04/2021;17:00:00;7982,82;7988,44;7979,30;7981,41;2953385119,00;36995
WDOFUT;14/04/2021;16:45:00;7988,44;7996,18;7977,19;7982,82;3652145986,00;45717
WDOFUT;14/04/2021;16:30:00;7987,74;7994,07;7986,33;7989,15;3053272374,00;38212
WDOFUT;14/04/2021;16:15:00;7998,99;7999,70;7982,82;7987,74;7754869131,00;97051
WDOFUT;14/04/2021;16:00:00;8017,98;8024,31;7998,29;7998,99;1,096231422E10;136839
WDOFUT;14/04/2021;15:45:00;7996,18;8020,79;7995,48;8018,68;1,045704796E10;130569
WDOFUT;14/04/2021;15:30:00;7994,77;7996,88;7989,15;7996,88;6571388618,00;82213
WDOFUT;14/04/2021;15:15:00;7998,29;8006,73;7994,07;7995,48;5346256763,00;66833
WDOFUT;14/04/2021;15:00:00;8010,95;8011,65;7993,37;7998,99;7042303214,00;87995
WDOFUT;14/04/2021;14:45:00;7997,59;8015,87;7995,48;8010,95;6939931130,00;86693
WDOFUT;14/04/2021;14:30:00;8002,51;8004,62;7990,55;7997,59;5414278045,00;67700
WDOFUT;14/04/2021;14:15:00;7999,70;8004,62;7993,37;8002,51;6694175273,00;83687
WDOFUT;14/04/2021;14:00:00;7995,48;8003,21;7992,66;7998,99;6728410338,00;84123
WDOFUT;14/04/2021;13:45:00;7986,33;7995,48;7975,79;7994,77;6548866058,00;82016
WDOFUT;14/04/2021;13:30:00;7989,15;7992,66;7979,30;7986,33;4597096634,00;57569
WDOFUT;14/04/2021;13:15:00;7997,59;7998,99;7975,08;7989,85;8065071977,00;101012
WDOFUT;14/04/2021;13:00:00;7999,70;8006,03;7988,44;7996,88;7593953004,00;94957
WDOFUT;14/04/2021;12:45:00;8008,84;8009,54;7991,96;7999,70;6931349591,00;86638
WDOFUT;14/04/2021;12:30:00;8008,14;8017,28;8005,32;8009,54;5204290922,00;64949
WDOFUT;14/04/2021;12:15:00;8007,43;8015,17;7999,70;8008,14;6227676094,00;77769
WDOFUT;14/04/2021;12:00:00;8002,51;8018,68;7998,29;8006,73;1,177190761E10;146988
WDOFUT;14/04/2021;11:45:00;7998,29;8005,32;7989,85;8001,81;5806849648,00;72616
WDOFUT;14/04/2021;11:30:00;7997,59;8003,92;7989,15;7997,59;6636874907,00;83001
WDOFUT;14/04/2021;11:15:00;7996,88;8008,84;7983,52;7996,88;1,009953537E10;126300
WDOFUT;14/04/2021;11:00:00;7996,88;8005,32;7989,15;7996,88;9318254347,00;116510
WDOFUT;14/04/2021;10:45:00;8040,49;8040,49;7992,66;7996,88;1,702284023E10;212538
WDOFUT;14/04/2021;10:30:00;8065,80;8065,80;8031,34;8039,78;1,371257914E10;170435
WDOFUT;14/04/2021;10:15:00;8070,02;8073,54;8059,47;8065,80;6709872154,00;83182
WDOFUT;14/04/2021;10:00:00;8052,44;8075,65;8046,11;8070,02;1,209362768E10;150054
WDOFUT;14/04/2021;09:45:00;8031,34;8065,10;8028,53;8052,44;1,919092691E10;238487
WDOFUT;14/04/2021;09:30:00;8025,01;8034,16;8001,81;8031,34;1,442605719E10;179965
WDOFUT;14/04/2021;09:15:00;8026,42;8035,56;8014,47;8024,31;1,038055967E10;129355
WDOFUT;14/04/2021;09:00:00;8028,53;8055,96;8013,06;8025,72;1,238312936E10;154091
WDOFUT;13/04/2021;17:45:00;8034,86;8052,44;8032,75;8049,63;2335633180,00;29039
WDOFUT;13/04/2021;17:30:00;8038,38;8038,38;8027,83;8034,86;2245180320,00;27954
WDOFUT;13/04/2021;17:15:00;8036,97;8042,60;8034,16;8037,67;1991897160,00;24781
WDOFUT;13/04/2021;17:00:00;8049,63;8051,04;8035,56;8036,27;3017849275,00;37530
WDOFUT;13/04/2021;16:45:00;8056,66;8057,36;8044,00;8050,33;4402870271,00;54690
WDOFUT;13/04/2021;16:30:00;8027,83;8060,88;8025,72;8056,66;8001194025,00;99463
WDOFUT;13/04/2021;16:15:00;8013,06;8029,23;8013,06;8028,53;4626166877,00;57658
WDOFUT;13/04/2021;16:00:00;8017,98;8024,31;8011,65;8013,06;9424559785,00;117538
WDOFUT;13/04/2021;15:45:00;8022,90;8026,42;8006,73;8017,28;4832091469,00;60262
WDOFUT;13/04/2021;15:30:00;8020,09;8027,12;8013,06;8023,61;1,033010415E10;128782
WDOFUT;13/04/2021;15:15:00;7998,99;8023,61;7997,59;8020,79;7256532025,00;90606
WDOFUT;13/04/2021;15:00:00;7994,77;8004,62;7987,74;7998,99;7613085894,00;95195
WDOFUT;13/04/2021;14:45:00;7989,15;8000,40;7983,52;7994,07;8792554328,00;110020
WDOFUT;13/04/2021;14:30:00;7992,66;7996,18;7981,41;7989,15;5570664346,00;69729
WDOFUT;13/04/2021;14:15:00;7979,30;7994,07;7973,68;7992,66;7637544394,00;95665
WDOFUT;13/04/2021;14:00:00;8017,98;8020,09;7977,19;7979,30;1,387058977E10;173457
WDOFUT;13/04/2021;13:45:00;8022,90;8025,72;8013,06;8017,98;4738433309,00;59090
WDOFUT;13/04/2021;13:30:00;8037,67;8045,41;8018,68;8022,20;7310814519,00;91010
WDOFUT;13/04/2021;13:15:00;8019,39;8038,38;8015,87;8037,67;7177919511,00;89378
WDOFUT;13/04/2021;13:00:00;8015,17;8025,72;8010,25;8020,09;5196700550,00;64807
WDOFUT;13/04/2021;12:45:00;8016,57;8031,34;8007,43;8014,47;7960173516,00;99260
WDOFUT;13/04/2021;12:30:00;8029,23;8030,64;8008,14;8015,87;7752052379,00;96662
WDOFUT;13/04/2021;12:15:00;8043,30;8048,22;8019,39;8029,94;7814358305,00;97275
WDOFUT;13/04/2021;12:00:00;8048,93;8059,47;8040,49;8043,30;5621608185,00;69833
WDOFUT;13/04/2021;11:45:00;8058,77;8065,80;8047,52;8048,93;7968335112,00;98910
WDOFUT;13/04/2021;11:30:00;8064,40;8070,02;8058,07;8059,47;6350181392,00;78739
WDOFUT;13/04/2021;11:15:00;8055,25;8083,39;8054,55;8064,40;1,024700563E10;126974
WDOFUT;13/04/2021;11:00:00;8041,89;8061,58;8029,94;8055,25;1,149114864E10;142791
WDOFUT;13/04/2021;10:45:00;8064,40;8069,32;8036,97;8041,89;9509953643,00;118142
WDOFUT;13/04/2021;10:30:00;8075,65;8086,20;8053,14;8064,40;1,159920174E10;143748
WDOFUT;13/04/2021;10:15:00;8053,85;8081,98;8046,11;8075,65;1,361884101E10;168851
WDOFUT;13/04/2021;10:00:00;8029,94;8055,25;8018,68;8053,85;1,162576273E10;144645
WDOFUT;13/04/2021;09:45:00;8020,79;8031,34;8011,65;8029,94;1,049695176E10;130853
WDOFUT;13/04/2021;09:30:00;8071,43;8092,53;8017,28;8020,79;2,419098884E10;300669
WDOFUT;13/04/2021;09:15:00;8074,24;8091,82;8063,69;8071,43;1,26473226E10;156603
WDOFUT;13/04/2021;09:00:00;8074,24;8105,89;8062,29;8074,24;1,578465956E10;195218
WDOFUT;12/04/2021;17:45:00;8056,66;8080,57;8055,25;8077,76;2862501338,00;35494
WDOFUT;12/04/2021;17:30:00;8051,74;8065,80;8048,93;8057,36;3276779553,00;40671
WDOFUT;12/04/2021;17:15:00;8044,00;8053,14;8034,86;8052,44;4004034712,00;49773
WDOFUT;12/04/2021;17:00:00;8062,29;8062,29;8042,60;8044,00;4795668960,00;59545
WDOFUT;12/04/2021;16:45:00;8060,88;8072,84;8058,77;8062,29;5534897327,00;68611
WDOFUT;12/04/2021;16:30:00;8061,58;8064,40;8057,36;8060,88;2142954763,00;26584
WDOFUT;12/04/2021;16:15:00;8072,13;8077,06;8051,04;8062,29;7940149245,00;98471
WDOFUT;12/04/2021;16:00:00;8067,21;8075,65;8062,99;8072,13;4870448027,00;60361
WDOFUT;12/04/2021;15:45:00;8069,32;8086,20;8066,51;8067,21;1,242749695E10;153879
WDOFUT;12/04/2021;15:30:00;8015,87;8069,32;8012,36;8068,62;1,243904843E10;154612
WDOFUT;12/04/2021;15:15:00;8020,09;8022,20;8011,65;8016,57;4049158739,00;50504
WDOFUT;12/04/2021;15:00:00;8024,31;8028,53;8019,39;8019,39;2394726772,00;29845
WDOFUT;12/04/2021;14:45:00;8028,53;8029,94;8018,68;8024,31;3830698865,00;47739
WDOFUT;12/04/2021;14:30:00;8021,50;8030,64;8020,09;8028,53;3348908853,00;41730
WDOFUT;12/04/2021;14:15:00;8020,09;8031,34;8019,39;8022,20;4557626357,00;56784
WDOFUT;12/04/2021;14:00:00;8007,43;8022,20;8001,10;8020,09;5014030474,00;62582
WDOFUT;12/04/2021;13:45:00;8020,79;8022,90;8000,40;8007,43;6852366960,00;85545
WDOFUT;12/04/2021;13:30:00;8032,75;8034,16;8019,39;8021,50;3995516741,00;49785
WDOFUT;12/04/2021;13:15:00;8021,50;8036,97;8020,09;8032,75;4425437095,00;55122
WDOFUT;12/04/2021;13:00:00;8025,01;8026,42;8019,39;8021,50;2384867742,00;29726
WDOFUT;12/04/2021;12:45:00;8020,09;8027,83;8008,14;8025,01;5685235583,00;70898
WDOFUT;12/04/2021;12:30:00;8014,47;8030,64;8008,84;8020,09;9085207479,00;113297
WDOFUT;12/04/2021;12:15:00;8015,17;8029,23;8014,47;8014,47;8762895849,00;109246
WDOFUT;12/04/2021;12:00:00;7972,97;8022,90;7968,75;8015,17;1,502055723E10;187892
WDOFUT;12/04/2021;11:45:00;7966,64;7975,08;7963,13;7972,97;8135957298,00;102092
WDOFUT;12/04/2021;11:30:00;7951,17;7968,05;7948,36;7967,35;6977853707,00;87692
WDOFUT;12/04/2021;11:15:00;7949,06;7959,61;7947,65;7951,87;8478880724,00;106596
WDOFUT;12/04/2021;11:00:00;7940,62;7951,17;7932,89;7949,06;7252614052,00;91332
WDOFUT;12/04/2021;10:45:00;7944,14;7951,17;7939,92;7941,33;5727874500,00;72077
WDOFUT;12/04/2021;10:30:00;7946,95;7951,17;7935,00;7944,84;9372642887,00;118003
WDOFUT;12/04/2021;10:15:00;7946,25;7951,17;7938,51;7947,65;6976322527,00;87808
WDOFUT;12/04/2021;10:00:00;7937,11;7949,06;7932,18;7946,25;1,010085833E10;127182
WDOFUT;12/04/2021;09:45:00;7937,11;7942,73;7929,37;7937,11;9142792768,00;115204
WDOFUT;12/04/2021;09:30:00;7956,80;7962,42;7935,70;7937,11;1,213026138E10;152599
WDOFUT;12/04/2021;09:15:00;7980,00;7989,85;7954,69;7957,50;1,287046807E10;161417
WDOFUT;12/04/2021;09:00:00;7994,77;7994,77;7966,64;7980,00;1,018582529E10;127681
WDOFUT;09/04/2021;17:45:00;8000,40;8013,06;7984,22;8013,06;3403277321,00;42563
WDOFUT;09/04/2021;17:30:00;7989,15;8001,10;7981,41;8001,10;3954204452,00;49482
WDOFUT;09/04/2021;17:15:00;8002,51;8004,62;7987,74;7989,85;2859703568,00;35762
WDOFUT;09/04/2021;17:00:00;7990,55;8006,03;7989,15;8002,51;3577920772,00;44727
WDOFUT;09/04/2021;16:45:00;7996,18;7996,88;7986,33;7990,55;3917381150,00;49021
WDOFUT;09/04/2021;16:30:00;7997,59;8001,81;7994,77;7996,18;1958566965,00;24487
WDOFUT;09/04/2021;16:15:00;7996,88;8003,21;7995,48;7997,59;3045931894,00;38076
WDOFUT;09/04/2021;16:00:00;7994,77;8003,21;7991,96;7996,88;4932328362,00;61671
WDOFUT;09/04/2021;15:45:00;7986,33;8002,51;7979,30;7994,77;6654398040,00;83249
WDOFUT;09/04/2021;15:30:00;7984,22;7996,18;7980,71;7985,63;3967596542,00;49664
WDOFUT;09/04/2021;15:15:00;7989,85;7992,66;7979,30;7984,22;3455538062,00;43272
WDOFUT;09/04/2021;15:00:00;7993,37;8001,10;7985,63;7990,55;7062371362,00;88355
WDOFUT;09/04/2021;14:45:00;7977,90;7996,18;7972,97;7992,66;6386712015,00;79996
WDOFUT;09/04/2021;14:30:00;7970,16;7980,00;7964,53;7977,90;2960145210,00;37131
WDOFUT;09/04/2021;14:15:00;7970,86;7975,08;7965,94;7970,16;2771852843,00;34775
WDOFUT;09/04/2021;14:00:00;7967,35;7974,38;7963,83;7970,16;3404069836,00;42718
WDOFUT;09/04/2021;13:45:00;7963,13;7968,05;7959,61;7967,35;3426102463,00;43019
WDOFUT;09/04/2021;13:30:00;7977,19;7980,71;7961,72;7963,13;4183409286,00;52480
WDOFUT;09/04/2021;13:15:00;7970,16;7980,71;7966,64;7976,49;4081809646,00;51185
WDOFUT;09/04/2021;13:00:00;7962,42;7970,16;7953,98;7969,46;7137218849,00;89635
WDOFUT;09/04/2021;12:45:00;7981,41;7986,33;7952,58;7962,42;1,025159214E10;128689
WDOFUT;09/04/2021;12:30:00;7961,02;7989,85;7959,61;7981,41;1,196276956E10;150029
WDOFUT;09/04/2021;12:15:00;7950,47;7961,72;7946,25;7960,31;5732246582,00;72062
WDOFUT;09/04/2021;12:00:00;7946,95;7953,28;7942,03;7951,17;5217048353,00;65640
WDOFUT;09/04/2021;11:45:00;7939,92;7949,76;7932,89;7946,95;7513091306,00;94608
WDOFUT;09/04/2021;11:30:00;7937,81;7950,47;7932,89;7939,92;6831964618,00;86029
WDOFUT;09/04/2021;11:15:00;7951,87;7953,28;7935,00;7937,11;7169105379,00;90264
WDOFUT;09/04/2021;11:00:00;7938,51;7956,80;7937,81;7951,87;1,176467061E10;148015
WDOFUT;09/04/2021;10:45:00;7930,07;7938,51;7918,12;7938,51;6578423034,00;82980
WDOFUT;09/04/2021;10:30:00;7927,26;7936,40;7914,60;7930,07;1,022172283E10;128954
WDOFUT;09/04/2021;10:15:00;7935,00;7944,84;7920,23;7926,56;9162695697,00;115519
WDOFUT;09/04/2021;10:00:00;7926,56;7951,87;7922,34;7935,00;1,179737403E10;148632
WDOFUT;09/04/2021;09:45:00;7931,48;7947,65;7923,74;7926,56;1,445992334E10;182197
WDOFUT;09/04/2021;09:30:00;7927,96;7932,89;7920,93;7931,48;7892288774,00;99564
WDOFUT;09/04/2021;09:15:00;7894,91;7930,07;7893,50;7927,26;1,216267764E10;153706
WDOFUT;09/04/2021;09:00:00;7883,66;7901,94;7876,62;7894,91;8810370387,00;111643
WDOFUT;08/04/2021;17:45:00;7850,60;7852,71;7842,87;7846,38;2344081359,00;29867
WDOFUT;08/04/2021;17:30:00;7859,75;7864,67;7849,20;7851,31;3058132223,00;38918
WDOFUT;08/04/2021;17:15:00;7852,71;7862,56;7844,98;7860,45;3300896264,00;42027
WDOFUT;08/04/2021;17:00:00;7849,90;7856,23;7845,68;7852,71;1947758865,00;24810
WDOFUT;08/04/2021;16:45:00;7845,68;7856,93;7841,46;7850,60;3590990110,00;45742
WDOFUT;08/04/2021;16:30:00;7847,79;7853,42;7844,27;7845,68;2131901518,00;27161
WDOFUT;08/04/2021;16:15:00;7844,98;7856,23;7839,35;7848,49;3756802888,00;47867
WDOFUT;08/04/2021;16:00:00;7844,27;7848,49;7836,54;7844,27;3022520261,00;38541
WDOFUT;08/04/2021;15:45:00;7852,71;7858,34;7837,94;7843,57;6028809809,00;76830
WDOFUT;08/04/2021;15:30:00;7832,32;7853,42;7819,66;7852,71;8388953510,00;107038
WDOFUT;08/04/2021;15:15:00;7821,07;7840,76;7819,66;7832,32;6243754887,00;79725
WDOFUT;08/04/2021;15:00:00;7821,77;7824,58;7810,52;7821,07;3966471092,00;50737
WDOFUT;08/04/2021;14:45:00;7809,11;7829,51;7807,00;7821,07;4910073923,00;62801
WDOFUT;08/04/2021;14:30:00;7810,52;7811,92;7800,67;7809,11;4608605719,00;59032
WDOFUT;08/04/2021;14:15:00;7805,59;7816,85;7804,19;7810,52;3445398715,00;44105
WDOFUT;08/04/2021;14:00:00;7805,59;7821,77;7804,19;7806,30;7920353980,00;101394
WDOFUT;08/04/2021;13:45:00;7816,14;7818,25;7803,48;7805,59;7172819524,00;91836
WDOFUT;08/04/2021;13:30:00;7832,32;7847,79;7811,22;7816,85;9932691290,00;126873
WDOFUT;08/04/2021;13:15:00;7846,38;7851,31;7830,91;7833,02;6829086514,00;87079
WDOFUT;08/04/2021;13:00:00;7852,01;7862,56;7842,87;7845,68;5750104028,00;73218
WDOFUT;08/04/2021;12:45:00;7861,15;7861,15;7837,94;7852,01;7455275513,00;94973
WDOFUT;08/04/2021;12:30:00;7874,51;7875,92;7858,34;7861,15;4805139033,00;61074
WDOFUT;08/04/2021;12:15:00;7869,59;7893,50;7868,89;7874,51;7142065807,00;90613
WDOFUT;08/04/2021;12:00:00;7864,67;7873,81;7852,71;7869,59;5930197182,00;75401
WDOFUT;08/04/2021;11:45:00;7871,70;7883,66;7863,97;7864,67;6756903583,00;85821
WDOFUT;08/04/2021;11:30:00;7891,39;7892,10;7871,70;7871,70;7394653026,00;93816
WDOFUT;08/04/2021;11:15:00;7897,02;7911,79;7888,58;7891,39;1,25335027E10;158624
WDOFUT;08/04/2021;11:00:00;7861,86;7899,13;7856,23;7897,72;1,292673388E10;164093
WDOFUT;08/04/2021;10:45:00;7871,00;7878,03;7859,75;7861,15;5809931968,00;73828
WDOFUT;08/04/2021;10:30:00;7858,34;7878,73;7852,71;7871,00;1,007083912E10;128018
WDOFUT;08/04/2021;10:15:00;7863,26;7866,78;7846,38;7858,34;8568472408,00;109054
WDOFUT;08/04/2021;10:00:00;7880,84;7887,88;7850,60;7863,26;1,530030895E10;194504
WDOFUT;08/04/2021;09:45:00;7877,33;7892,80;7871,70;7880,14;1,000296717E10;126926
WDOFUT;08/04/2021;09:30:00;7892,10;7904,05;7873,81;7876,62;1,088231157E10;137930
WDOFUT;08/04/2021;09:15:00;7894,91;7900,54;7880,14;7892,10;7640479119,00;96837
WDOFUT;08/04/2021;09:00:00;7897,72;7906,86;7865,37;7894,91;1,566847054E10;198692
WDOFUT;07/04/2021;17:45:00;7914,60;7922,34;7901,94;7912,49;2462283748,00;31131
WDOFUT;07/04/2021;17:30:00;7919,52;7930,07;7911,79;7913,90;5077813619,00;64117
WDOFUT;07/04/2021;17:15:00;7940,62;7949,06;7918,82;7919,52;3568920513,00;44977
WDOFUT;07/04/2021;17:00:00;7951,87;7951,87;7935,70;7940,62;2859720292,00;36007
WDOFUT;07/04/2021;16:45:00;7937,11;7953,28;7935,70;7951,87;3495466941,00;43996
WDOFUT;07/04/2021;16:30:00;7958,91;7965,24;7936,40;7937,11;7372262195,00;92702
WDOFUT;07/04/2021;16:15:00;7937,81;7962,42;7937,81;7958,91;7470959004,00;93958
WDOFUT;07/04/2021;16:00:00;7936,40;7942,73;7927,96;7938,51;4250656218,00;53562
WDOFUT;07/04/2021;15:45:00;7920,93;7944,14;7916,01;7935,70;9332587834,00;117649
WDOFUT;07/04/2021;15:30:00;7907,57;7922,34;7903,35;7920,23;6906987959,00;87303
WDOFUT;07/04/2021;15:15:00;7898,43;7909,68;7894,91;7907,57;4649528171,00;58844
WDOFUT;07/04/2021;15:00:00;7880,14;7901,94;7869,59;7899,13;7498020208,00;95072
WDOFUT;07/04/2021;14:45:00;7888,58;7892,10;7878,03;7880,84;4039309020,00;51224
WDOFUT;07/04/2021;14:30:00;7896,32;7906,16;7879,44;7888,58;6556925216,00;83087
WDOFUT;07/04/2021;14:15:00;7901,94;7904,05;7894,21;7897,02;3063720188,00;38787
WDOFUT;07/04/2021;14:00:00;7904,05;7913,19;7897,02;7901,24;5154667029,00;65210
WDOFUT;07/04/2021;13:45:00;7919,52;7920,93;7899,13;7904,05;8056606160,00;101864
WDOFUT;07/04/2021;13:30:00;7924,45;7930,07;7919,52;7919,52;3825449932,00;48275
WDOFUT;07/04/2021;13:15:00;7906,86;7935,00;7904,75;7924,45;8906157957,00;112411
WDOFUT;07/04/2021;13:00:00;7898,43;7913,19;7891,39;7906,86;6617895323,00;83725
WDOFUT;07/04/2021;12:45:00;7909,68;7909,68;7888,58;7897,72;8169567556,00;103444
WDOFUT;07/04/2021;12:30:00;7857,64;7913,90;7855,53;7908,97;1,37220062E10;174032
WDOFUT;07/04/2021;12:15:00;7846,38;7863,26;7840,76;7857,64;6773741407,00;86240
WDOFUT;07/04/2021;12:00:00;7828,80;7849,20;7825,29;7847,09;7465996309,00;95228
WDOFUT;07/04/2021;11:45:00;7818,96;7842,16;7818,96;7828,10;8773365149,00;112040
WDOFUT;07/04/2021;11:30:00;7828,80;7833,72;7815,44;7818,96;1,000732346E10;127909
WDOFUT;07/04/2021;11:15:00;7848,49;7856,23;7827,40;7828,80;9376988161,00;119600
WDOFUT;07/04/2021;11:00:00;7859,75;7866,78;7845,68;7847,79;8583160217,00;109262
WDOFUT;07/04/2021;10:45:00;7868,89;7883,66;7855,53;7859,04;9563901219,00;121526
WDOFUT;07/04/2021;10:30:00;7856,23;7876,62;7840,05;7868,18;1,402639884E10;178606
WDOFUT;07/04/2021;10:15:00;7861,15;7876,62;7855,53;7856,23;7719870068,00;98161
WDOFUT;07/04/2021;10:00:00;7882,95;7888,58;7855,53;7861,15;1,026174322E10;130379
WDOFUT;07/04/2021;09:45:00;7864,67;7894,91;7863,97;7883,66;1,300855568E10;165068
WDOFUT;07/04/2021;09:30:00;7852,01;7867,48;7849,90;7863,97;8805282200,00;112073
WDOFUT;07/04/2021;09:15:00;7875,92;7896,32;7849,20;7852,71;1,546958009E10;196513
WDOFUT;07/04/2021;09:00:00;7872,40;7890,69;7865,37;7875,92;1,388253909E10;176232
WDOFUT;06/04/2021;17:45:00;7871,00;7880,14;7866,08;7875,92;2829217298,00;35941
WDOFUT;06/04/2021;17:30:00;7879,44;7885,06;7871,00;7871,70;2322477298,00;29485
WDOFUT;06/04/2021;17:15:00;7879,44;7880,84;7876,62;7879,44;944586207,30;11989
WDOFUT;06/04/2021;17:00:00;7889,28;7889,99;7874,51;7879,44;3371219672,00;42772
WDOFUT;06/04/2021;16:45:00;7884,36;7897,72;7879,44;7889,28;4697670372,00;59539
WDOFUT;06/04/2021;16:30:00;7886,47;7887,17;7873,11;7883,66;4438543383,00;56324
WDOFUT;06/04/2021;16:15:00;7890,69;7892,10;7885,06;7885,77;3106045763,00;39374
WDOFUT;06/04/2021;16:00:00;7889,99;7897,02;7880,84;7889,99;6779622967,00;85938
WDOFUT;06/04/2021;15:45:00;7882,95;7890,69;7882,25;7889,99;6355979474,00;80597
WDOFUT;06/04/2021;15:30:00;7878,73;7887,88;7877,33;7882,95;3042535578,00;38602
WDOFUT;06/04/2021;15:15:00;7881,55;7882,95;7873,81;7879,44;3478033841,00;44148
WDOFUT;06/04/2021;15:00:00;7900,54;7901,24;7852,71;7881,55;1,62139474E10;205873
WDOFUT;06/04/2021;14:45:00;7905,46;7908,97;7896,32;7899,83;5313256999,00;67230
WDOFUT;06/04/2021;14:30:00;7925,15;7927,96;7904,05;7906,16;6522299576,00;82410
WDOFUT;06/04/2021;14:15:00;7915,30;7927,96;7906,86;7925,15;6614263657,00;83535
WDOFUT;06/04/2021;14:00:00;7903,35;7918,82;7903,35;7914,60;6511729041,00;82293
WDOFUT;06/04/2021;13:45:00;7891,39;7906,16;7891,39;7904,05;4524969831,00;57280
WDOFUT;06/04/2021;13:30:00;7885,77;7894,91;7883,66;7892,10;3325080088,00;42140
WDOFUT;06/04/2021;13:15:00;7899,13;7899,83;7882,25;7885,77;5309794934,00;67297
WDOFUT;06/04/2021;13:00:00;7909,68;7909,68;7887,88;7899,13;8506208855,00;107715
WDOFUT;06/04/2021;12:45:00;7911,79;7912,49;7904,75;7908,97;2101062037,00;26565
WDOFUT;06/04/2021;12:30:00;7908,27;7913,19;7905,46;7911,08;3050734835,00;38570
WDOFUT;06/04/2021;12:15:00;7909,68;7918,12;7900,54;7907,57;6037913027,00;76345
WDOFUT;06/04/2021;12:00:00;7908,27;7917,41;7907,57;7910,38;5075354087,00;64147
WDOFUT;06/04/2021;11:45:00;7916,01;7923,74;7901,94;7908,27;8976612518,00;113460
WDOFUT;06/04/2021;11:30:00;7922,34;7926,56;7911,79;7916,01;6229752598,00;78681
WDOFUT;06/04/2021;11:15:00;7927,96;7930,07;7909,68;7921,63;1,225335918E10;154719
WDOFUT;06/04/2021;11:00:00;7940,62;7949,06;7922,34;7928,67;1,03943576E10;130950
WDOFUT;06/04/2021;10:45:00;7945,54;7953,28;7939,22;7941,33;7485285205,00;94210
WDOFUT;06/04/2021;10:30:00;7948,36;7958,20;7942,03;7944,84;8377746185,00;105395
WDOFUT;06/04/2021;10:15:00;7960,31;7963,83;7944,14;7948,36;7223798660,00;90838
WDOFUT;06/04/2021;10:00:00;7955,39;7966,64;7949,06;7959,61;9053682965,00;113786
WDOFUT;06/04/2021;09:45:00;7964,53;7974,38;7954,69;7955,39;9727842785,00;122126
WDOFUT;06/04/2021;09:30:00;7949,76;7967,35;7946,25;7965,24;1,059209843E10;133113
WDOFUT;06/04/2021;09:15:00;7946,25;7960,31;7935,00;7949,76;1,378365997E10;173437
WDOFUT;06/04/2021;09:00:00;7982,11;7987,04;7943,43;7946,95;1,199301919E10;150655
WDOFUT;05/04/2021;17:45:00;7995,48;7997,59;7977,90;7977,90;1861073746,00;23299
WDOFUT;05/04/2021;17:30:00;7988,44;7996,88;7985,63;7994,77;1413964025,00;17694
WDOFUT;05/04/2021;17:15:00;7994,77;7997,59;7983,52;7989,15;2089972580,00;26153
WDOFUT;05/04/2021;17:00:00;7999,70;8002,51;7994,77;7994,77;2273206756,00;28419
WDOFUT;05/04/2021;16:45:00;7994,07;8001,81;7984,22;7999,70;4570022504,00;57175
WDOFUT;05/04/2021;16:30:00;7991,96;7997,59;7986,33;7994,07;4195684315,00;52497
WDOFUT;05/04/2021;16:15:00;7998,99;8000,40;7989,85;7991,96;5624365552,00;70351
WDOFUT;05/04/2021;16:00:00;7987,74;8004,62;7981,41;7998,99;5763896918,00;72097
WDOFUT;05/04/2021;15:45:00;7989,15;7990,55;7976,49;7987,04;5629424152,00;70514
WDOFUT;05/04/2021;15:30:00;7988,44;7999,70;7986,33;7989,85;5848924436,00;73170
WDOFUT;05/04/2021;15:15:00;7984,22;7989,15;7975,79;7987,74;3930607113,00;49235
WDOFUT;05/04/2021;15:00:00;7975,08;7989,15;7975,08;7984,93;5151644684,00;64526
WDOFUT;05/04/2021;14:45:00;7993,37;7996,18;7972,27;7975,08;6163352691,00;77222
WDOFUT;05/04/2021;14:30:00;7976,49;7995,48;7975,08;7993,37;4733328068,00;59271
WDOFUT;05/04/2021;14:15:00;7989,15;7991,96;7971,57;7977,19;7189655252,00;90093
WDOFUT;05/04/2021;14:00:00;7981,41;7991,96;7981,41;7989,15;6225947710,00;77952
WDOFUT;05/04/2021;13:45:00;7970,16;7982,82;7969,46;7982,11;4622954108,00;57963
WDOFUT;05/04/2021;13:30:00;7968,05;7973,68;7960,31;7970,16;3911854305,00;49096
WDOFUT;05/04/2021;13:15:00;7963,83;7970,16;7956,80;7968,75;3830527021,00;48109
WDOFUT;05/04/2021;13:00:00;7970,86;7972,27;7961,72;7963,83;3927214496,00;49296
WDOFUT;05/04/2021;12:45:00;7956,80;7972,27;7956,80;7970,86;4837296399,00;60726
WDOFUT;05/04/2021;12:30:00;7952,58;7959,61;7949,76;7957,50;3466584690,00;43577
WDOFUT;05/04/2021;12:15:00;7959,61;7963,13;7946,95;7951,87;4992531137,00;62776
WDOFUT;05/04/2021;12:00:00;7962,42;7965,94;7953,98;7959,61;5583785508,00;70146
WDOFUT;05/04/2021;11:45:00;7958,91;7979,30;7957,50;7961,72;9356430312,00;117406
WDOFUT;05/04/2021;11:30:00;7962,42;7968,75;7947,65;7958,20;6158954159,00;77395
WDOFUT;05/04/2021;11:15:00;7951,17;7964,53;7935,70;7962,42;9421637030,00;118516
WDOFUT;05/04/2021;11:00:00;7962,42;7963,83;7950,47;7951,17;5177738407,00;65079
WDOFUT;05/04/2021;10:45:00;7965,94;7965,94;7946,95;7962,42;7335588071,00;92209
WDOFUT;05/04/2021;10:30:00;7950,47;7966,64;7946,25;7965,94;7628124085,00;95875
WDOFUT;05/04/2021;10:15:00;7970,16;7970,86;7939,92;7949,76;1,371373365E10;172427
WDOFUT;05/04/2021;10:00:00;7996,18;8001,81;7967,35;7970,86;1,032987573E10;129372
WDOFUT;05/04/2021;09:45:00;7984,93;8000,40;7981,41;7996,18;7104067397,00;88900
WDOFUT;05/04/2021;09:30:00;8003,21;8004,62;7965,94;7984,93;1,060570683E10;132901
WDOFUT;05/04/2021;09:15:00;7985,63;8006,73;7977,90;8003,92;8616522917,00;107804
WDOFUT;05/04/2021;09:00:00;7987,04;8004,62;7972,27;7985,63;9322812880,00;116731
WDOFUT;01/04/2021;17:45:00;8061,58;8062,99;8040,49;8043,30;2689007529,00;33394
WDOFUT;01/04/2021;17:30:00;8058,77;8069,32;8055,96;8062,29;3246775515,00;40269
WDOFUT;01/04/2021;17:15:00;8041,89;8064,40;8041,89;8058,77;4876980547,00;60548
WDOFUT;01/04/2021;17:00:00;8049,63;8051,74;8037,67;8042,60;3713967309,00;46163
WDOFUT;01/04/2021;16:45:00;8045,41;8051,04;8034,86;8049,63;4046067516,00;50310
WDOFUT;01/04/2021;16:30:00;8039,08;8048,93;8037,67;8046,11;3880733404,00;48246
WDOFUT;01/04/2021;16:15:00;8034,86;8042,60;8033,45;8039,78;2993995741,00;37241
WDOFUT;01/04/2021;16:00:00;8041,19;8042,60;8032,75;8035,56;2934080786,00;36505
WDOFUT;01/04/2021;15:45:00;8036,97;8044,00;8034,16;8040,49;4144461988,00;51553
WDOFUT;01/04/2021;15:30:00;8025,01;8040,49;8022,90;8036,27;4214718121,00;52471
WDOFUT;01/04/2021;15:15:00;8025,01;8029,23;8018,68;8025,01;3288367481,00;40978
WDOFUT;01/04/2021;15:00:00;8030,64;8034,86;8021,50;8024,31;3677608559,00;45815
WDOFUT;01/04/2021;14:45:00;8030,64;8036,27;8026,42;8029,94;2581736614,00;32147
WDOFUT;01/04/2021;14:30:00;8045,41;8048,93;8026,42;8029,94;6205932969,00;77241
WDOFUT;01/04/2021;14:15:00;8033,45;8053,85;8030,64;8045,41;6435424265,00;79993
WDOFUT;01/04/2021;14:00:00;8025,01;8037,67;8025,01;8032,75;3901399064,00;48570
WDOFUT;01/04/2021;13:45:00;8023,61;8035,56;8022,20;8025,72;5927748522,00;73828
WDOFUT;01/04/2021;13:30:00;8018,68;8024,31;8011,65;8023,61;3861770045,00;48162
WDOFUT;01/04/2021;13:15:00;8017,28;8026,42;8011,65;8018,68;4199438385,00;52373
WDOFUT;01/04/2021;13:00:00;8014,47;8023,61;8009,54;8017,98;5322147598,00;66388
WDOFUT;01/04/2021;12:45:00;8006,73;8015,87;7997,59;8014,47;4226890481,00;52796
WDOFUT;01/04/2021;12:30:00;8003,92;8013,06;7996,18;8006,73;4359381080,00;54463
WDOFUT;01/04/2021;12:15:00;8012,36;8022,20;8001,81;8004,62;6172197493,00;77028
WDOFUT;01/04/2021;12:00:00;8003,92;8017,28;7999,70;8013,06;5045834117,00;63007
WDOFUT;01/04/2021;11:45:00;8010,95;8017,28;7998,29;8003,92;5933362424,00;74093
WDOFUT;01/04/2021;11:30:00;8010,25;8017,98;7995,48;8011,65;6176308008,00;77107
WDOFUT;01/04/2021;11:15:00;8006,03;8019,39;7996,88;8010,95;7677976513,00;95854
WDOFUT;01/04/2021;11:00:00;8026,42;8030,64;8002,51;8005,32;8542786843,00;106551
WDOFUT;01/04/2021;10:45:00;8012,36;8040,49;8008,84;8027,12;1,213405648E10;151197
WDOFUT;01/04/2021;10:30:00;7985,63;8014,47;7975,08;8011,65;1,13688136E10;142216
WDOFUT;01/04/2021;10:15:00;7984,22;7997,59;7976,49;7986,33;7402010306,00;92678
WDOFUT;01/04/2021;10:00:00;7989,85;7998,29;7975,79;7984,22;7773207986,00;97342
WDOFUT;01/04/2021;09:45:00;7990,55;8006,73;7979,30;7989,15;1,270432876E10;158936
WDOFUT;01/04/2021;09:30:00;7961,72;7991,96;7952,58;7989,85;1,192850404E10;149609
WDOFUT;01/04/2021;09:15:00;7934,29;7972,27;7933,59;7961,72;1,417859157E10;178167
WDOFUT;01/04/2021;09:00:00;7925,85;7935,70;7899,83;7934,29;1,205411056E10;152233
WDOFUT;31/03/2021;17:45:00;7938,51;7946,25;7931,48;7934,29;3193778986,00;40224
WDOFUT;31/03/2021;17:30:00;7926,56;7939,92;7920,93;7937,81;3307592393,00;41717
WDOFUT;31/03/2021;17:15:00;7937,11;7937,81;7923,04;7927,26;2465476467,00;31093
WDOFUT;31/03/2021;17:00:00;7930,78;7938,51;7925,85;7937,11;2319027336,00;29228
WDOFUT;31/03/2021;16:45:00;7933,59;7941,33;7923,74;7930,07;4542480523,00;57249
WDOFUT;31/03/2021;16:30:00;7929,37;7938,51;7919,52;7933,59;4646124893,00;58600
WDOFUT;31/03/2021;16:15:00;7936,40;7937,81;7922,34;7929,37;3948010823,00;49786
WDOFUT;31/03/2021;16:00:00;7947,65;7948,36;7930,78;7936,40;4634967795,00;58379
WDOFUT;31/03/2021;15:45:00;7958,91;7959,61;7922,34;7948,36;1,161915904E10;146332
WDOFUT;31/03/2021;15:30:00;7989,85;7997,59;7954,69;7958,91;8789615180,00;110226
WDOFUT;31/03/2021;15:15:00;7985,63;7994,07;7971,57;7989,85;4736816463,00;59330
WDOFUT;31/03/2021;15:00:00;7994,77;7998,29;7976,49;7984,22;4445009950,00;55657
WDOFUT;31/03/2021;14:45:00;7987,04;7998,29;7987,04;7994,77;3298674564,00;41273
WDOFUT;31/03/2021;14:30:00;7989,85;7996,18;7975,79;7987,74;5267667837,00;65963
WDOFUT;31/03/2021;14:15:00;7983,52;7995,48;7970,86;7989,85;5960453089,00;74657
WDOFUT;31/03/2021;14:00:00;8003,92;8008,14;7977,90;7983,52;8293041116,00;103778
WDOFUT;31/03/2021;13:45:00;8002,51;8025,72;8000,40;8003,92;1,008540004E10;125835
WDOFUT;31/03/2021;13:30:00;7965,24;8003,21;7962,42;8002,51;1,095896029E10;137205
WDOFUT;31/03/2021;13:15:00;7968,75;7971,57;7960,31;7964,53;3300738893,00;41440
WDOFUT;31/03/2021;13:00:00;7972,27;7977,19;7961,72;7968,05;5299074511,00;66490
WDOFUT;31/03/2021;12:45:00;7972,27;7978,60;7963,83;7972,27;5239808927,00;65738
WDOFUT;31/03/2021;12:30:00;7962,42;7984,22;7958,20;7972,27;6994973754,00;87730
WDOFUT;31/03/2021;12:15:00;7952,58;7977,90;7949,06;7962,42;7835938582,00;98391
WDOFUT;31/03/2021;12:00:00;7940,62;7966,64;7939,92;7953,28;1,346437552E10;169268
WDOFUT;31/03/2021;11:45:00;7980,71;7988,44;7937,11;7939,92;1,898819335E10;238483
WDOFUT;31/03/2021;11:30:00;8014,47;8014,47;7979,30;7980,71;1,408675028E10;176156
WDOFUT;31/03/2021;11:15:00;8039,78;8044,71;8008,14;8015,17;1,504088937E10;187360
WDOFUT;31/03/2021;11:00:00;8077,06;8081,28;8037,67;8039,08;1,407117131E10;174540
WDOFUT;31/03/2021;10:45:00;8099,56;8103,78;8074,95;8077,06;7536810958,00;93194
WDOFUT;31/03/2021;10:30:00;8108,70;8110,81;8086,20;8099,56;8923399740,00;110227
WDOFUT;31/03/2021;10:15:00;8110,81;8117,85;8105,19;8108,70;5346650032,00;65913
WDOFUT;31/03/2021;10:00:00;8106,59;8124,88;8104,48;8111,52;7552534591,00;93078
WDOFUT;31/03/2021;09:45:00;8103,08;8123,47;8095,34;8107,30;9321666564,00;114973
WDOFUT;31/03/2021;09:30:00;8086,20;8119,25;8086,20;8103,08;1,02580668E10;126555
WDOFUT;31/03/2021;09:15:00;8098,15;8100,26;8067,91;8086,20;1,216977329E10;150571
WDOFUT;31/03/2021;09:00:00;8119,96;8126,99;8092,53;8098,15;8776412966,00;108224
WDOFUT;30/03/2021;17:45:00;8125,57;8140,36;8124,86;8134,72;2320869077,00;28539
WDOFUT;30/03/2021;17:30:00;8118,52;8129,79;8115,70;8125,57;2480475615,00;30541
WDOFUT;30/03/2021;17:15:00;8115,70;8119,23;8108,66;8118,52;2142701470,00;26407
WDOFUT;30/03/2021;17:00:00;8114,30;8120,64;8105,14;8115,70;3322891100,00;40958
WDOFUT;30/03/2021;16:45:00;8117,82;8123,45;8111,48;8113,59;5122553192,00;63101
WDOFUT;30/03/2021;16:30:00;8102,32;8119,23;8096,69;8117,82;4221789354,00;52069
WDOFUT;30/03/2021;16:15:00;8102,32;8105,14;8088,94;8102,32;3365011812,00;41553
WDOFUT;30/03/2021;16:00:00;8103,73;8111,48;8097,39;8101,62;4978440359,00;61428
WDOFUT;30/03/2021;15:45:00;8098,09;8105,14;8086,82;8103,03;5562098077,00;68709
WDOFUT;30/03/2021;15:30:00;8078,37;8108,66;8069,21;8098,80;8641014327,00;106857
WDOFUT;30/03/2021;15:15:00;8068,51;8080,48;8065,69;8078,37;4201610849,00;52042
WDOFUT;30/03/2021;15:00:00;8088,94;8091,05;8061,46;8067,80;1,066086574E10;132034
WDOFUT;30/03/2021;14:45:00;8107,25;8112,18;8084,01;8088,94;6082416238,00;75132
WDOFUT;30/03/2021;14:30:00;8095,28;8113,59;8095,28;8107,96;4403887207,00;54329
WDOFUT;30/03/2021;14:15:00;8095,28;8104,43;8093,87;8095,28;2829328095,00;34933
WDOFUT;30/03/2021;14:00:00;8098,09;8099,50;8088,23;8094,57;4046572021,00;49990
WDOFUT;30/03/2021;13:45:00;8103,73;8105,84;8097,39;8097,39;1831665934,00;22606
WDOFUT;30/03/2021;13:30:00;8106,55;8107,96;8095,28;8104,43;3047525456,00;37615
WDOFUT;30/03/2021;13:15:00;8094,57;8107,96;8094,57;8105,84;4161470416,00;51371
WDOFUT;30/03/2021;13:00:00;8093,87;8100,91;8091,05;8095,28;5678234615,00;70119
WDOFUT;30/03/2021;12:45:00;8090,35;8096,69;8081,19;8093,87;5812872501,00;71869
WDOFUT;30/03/2021;12:30:00;8096,69;8098,80;8079,78;8090,35;9595203910,00;118629
WDOFUT;30/03/2021;12:15:00;8105,84;8111,48;8092,46;8095,98;7795579139,00;96204
WDOFUT;30/03/2021;12:00:00;8119,23;8126,27;8100,91;8105,84;1,32957932E10;163907
WDOFUT;30/03/2021;11:45:00;8155,15;8161,49;8102,32;8119,93;1,26480744E10;155351
WDOFUT;30/03/2021;11:30:00;8130,50;8176,99;8125,57;8154,45;1,719693783E10;210835
WDOFUT;30/03/2021;11:15:00;8124,86;8136,13;8117,11;8129,79;6052941690,00;74486
WDOFUT;30/03/2021;11:00:00;8127,68;8133,32;8119,93;8124,86;7906741295,00;97284
WDOFUT;30/03/2021;10:45:00;8132,61;8140,36;8113,59;8126,98;9156811038,00;112677
WDOFUT;30/03/2021;10:30:00;8137,54;8148,11;8118,52;8133,32;1,217140293E10;149627
WDOFUT;30/03/2021;10:15:00;8131,91;8141,06;8117,82;8137,54;7639297864,00;93970
WDOFUT;30/03/2021;10:00:00;8137,54;8148,11;8126,27;8131,91;7450637892,00;91553
WDOFUT;30/03/2021;09:45:00;8124,16;8146,00;8123,45;8137,54;9221531547,00;113341
WDOFUT;30/03/2021;09:30:00;8136,84;8138,95;8117,82;8124,86;1,041192475E10;128089
WDOFUT;30/03/2021;09:15:00;8122,75;8148,11;8110,77;8137,54;1,344659021E10;165406
WDOFUT;30/03/2021;09:00:00;8148,81;8161,49;8119,23;8122,75;1,267470148E10;155815
WDOFUT;29/03/2021;17:45:00;8133,32;8152,33;8123,45;8147,40;2969084370,00;36478
WDOFUT;29/03/2021;17:30:00;8102,32;8137,54;8100,91;8132,61;4516759063,00;55591
WDOFUT;29/03/2021;17:15:00;8104,43;8109,36;8090,35;8103,03;3444466449,00;42526
WDOFUT;29/03/2021;17:00:00;8124,86;8125,57;8088,94;8104,43;6024994411,00;74340
WDOFUT;29/03/2021;16:45:00;8128,38;8130,50;8112,89;8124,16;5663502776,00;69740
WDOFUT;29/03/2021;16:30:00;8129,09;8131,91;8119,93;8128,38;3688289988,00;45385
WDOFUT;29/03/2021;16:15:00;8135,43;8138,25;8124,16;8129,79;4185747926,00;51477
WDOFUT;29/03/2021;16:00:00;8149,52;8150,93;8133,32;8136,13;4824681186,00;59258
WDOFUT;29/03/2021;15:45:00;8141,06;8160,08;8125,57;8150,22;9564456209,00;117454
WDOFUT;29/03/2021;15:30:00;8125,57;8142,47;8124,16;8141,06;5979458531,00;73524
WDOFUT;29/03/2021;15:15:00;8112,89;8127,68;8110,77;8125,57;5461792806,00;67264
WDOFUT;29/03/2021;15:00:00;8105,14;8119,23;8104,43;8112,89;5046433721,00;62190
WDOFUT;29/03/2021;14:45:00;8107,25;8116,41;8100,21;8105,14;4540203574,00;56010
WDOFUT;29/03/2021;14:30:00;8095,28;8108,66;8092,46;8107,25;3852400245,00;47565
WDOFUT;29/03/2021;14:15:00;8098,80;8105,84;8082,60;8095,98;5215572813,00;64443
WDOFUT;29/03/2021;14:00:00;8101,62;8106,55;8090,35;8098,80;4855340531,00;59958
WDOFUT;29/03/2021;13:45:00;8095,98;8110,07;8095,28;8102,32;5006731392,00;61781
WDOFUT;29/03/2021;13:30:00;8123,45;8126,27;8083,30;8095,98;1,002933886E10;123843
WDOFUT;29/03/2021;13:15:00;8126,27;8131,20;8106,55;8124,16;6469314192,00;79658
WDOFUT;29/03/2021;13:00:00;8144,59;8148,81;8115,70;8126,27;8681724255,00;106776
WDOFUT;29/03/2021;12:45:00;8154,45;8155,15;8136,13;8145,29;5700203647,00;70000
WDOFUT;29/03/2021;12:30:00;8150,93;8161,49;8145,29;8153,74;5418674498,00;66467
WDOFUT;29/03/2021;12:15:00;8163,61;8167,13;8148,11;8150,22;7810381696,00;95748
WDOFUT;29/03/2021;12:00:00;8176,99;8180,51;8162,90;8164,31;6334528545,00;77508
WDOFUT;29/03/2021;11:45:00;8157,97;8179,81;8157,27;8176,99;7076601967,00;86619
WDOFUT;29/03/2021;11:30:00;8167,13;8180,51;8157,27;8157,97;9452578300,00;115694
WDOFUT;29/03/2021;11:15:00;8150,22;8172,76;8150,22;8167,83;7149256600,00;87588
WDOFUT;29/03/2021;11:00:00;8153,04;8163,61;8143,18;8150,93;9307904792,00;114153
WDOFUT;29/03/2021;10:45:00;8163,61;8167,13;8150,22;8152,33;7628024424,00;93503
WDOFUT;29/03/2021;10:30:00;8162,90;8175,58;8155,15;8164,31;8107614243,00;99294
WDOFUT;29/03/2021;10:15:00;8162,20;8172,76;8148,81;8162,90;1,031144519E10;126359
WDOFUT;29/03/2021;10:00:00;8155,15;8164,31;8146,00;8162,90;8961568117,00;109877
WDOFUT;29/03/2021;09:45:00;8152,33;8166,42;8148,11;8154,45;9551016099,00;117095
WDOFUT;29/03/2021;09:30:00;8138,95;8153,04;8124,86;8152,33;1,344168743E10;165119
WDOFUT;29/03/2021;09:15:00;8126,98;8142,47;8119,23;8139,66;7905985134,00;97243
WDOFUT;29/03/2021;09:00:00;8124,86;8139,66;8113,59;8126,98;1,028545986E10;126552
WDOFUT;26/03/2021;17:45:00;8100,91;8113,59;8099,50;8110,77;3439023714,00;42425
WDOFUT;26/03/2021;17:30:00;8101,62;8103,03;8095,98;8101,62;1972138322,00;24348
WDOFUT;26/03/2021;17:15:00;8099,50;8106,55;8096,69;8102,32;2570296919,00;31722
WDOFUT;26/03/2021;17:00:00;8086,82;8100,91;8086,82;8099,50;2839128388,00;35073
WDOFUT;26/03/2021;16:45:00;8093,16;8098,80;8082,60;8086,82;3708716564,00;45840
WDOFUT;26/03/2021;16:30:00;8100,21;8100,91;8086,82;8093,87;4882895268,00;60331
WDOFUT;26/03/2021;16:15:00;8099,50;8105,84;8088,94;8100,91;5386846058,00;66527
WDOFUT;26/03/2021;16:00:00;8102,32;8110,77;8097,39;8099,50;4297331624,00;53031
WDOFUT;26/03/2021;15:45:00;8100,21;8109,36;8098,09;8102,32;4259007472,00;52553
WDOFUT;26/03/2021;15:30:00;8103,03;8107,96;8095,28;8100,91;4043561553,00;49907
WDOFUT;26/03/2021;15:15:00;8098,09;8112,18;8095,28;8102,32;6754132804,00;83338
WDOFUT;26/03/2021;15:00:00;8080,48;8104,43;8078,37;8098,09;8448481331,00;104391
WDOFUT;26/03/2021;14:45:00;8081,19;8091,75;8074,14;8080,48;5564035399,00;68838
WDOFUT;26/03/2021;14:30:00;8079,78;8091,75;8073,44;8081,19;7068688151,00;87454
WDOFUT;26/03/2021;14:15:00;8081,19;8086,12;8071,33;8080,48;6326575486,00;78310
WDOFUT;26/03/2021;14:00:00;8066,39;8081,89;8062,17;8081,89;7728016986,00;95767
WDOFUT;26/03/2021;13:45:00;8043,15;8069,92;8039,63;8066,39;6195092285,00;76904
WDOFUT;26/03/2021;13:30:00;8048,78;8052,31;8040,33;8043,15;3615662419,00;44934
WDOFUT;26/03/2021;13:15:00;8055,83;8063,58;8048,78;8048,78;4835689994,00;60021
WDOFUT;26/03/2021;13:00:00;8054,42;8065,69;8048,08;8055,12;7978655392,00;99038
WDOFUT;26/03/2021;12:45:00;8047,38;8058,65;8042,44;8055,12;6490794619,00;80615
WDOFUT;26/03/2021;12:30:00;8041,74;8048,08;8032,58;8046,67;4178491883,00;51974
WDOFUT;26/03/2021;12:15:00;8040,33;8048,78;8030,47;8041,74;6295743824,00;78319
WDOFUT;26/03/2021;12:00:00;8045,26;8052,31;8036,81;8040,33;6456542999,00;80264
WDOFUT;26/03/2021;11:45:00;8035,40;8058,65;8033,99;8045,97;1,014077158E10;125997
WDOFUT;26/03/2021;11:30:00;8014,27;8036,10;8009,34;8035,40;8218103312,00;102404
WDOFUT;26/03/2021;11:15:00;8010,75;8024,83;8003,00;8014,27;7697799288,00;96023
WDOFUT;26/03/2021;11:00:00;8012,15;8017,79;7998,77;8010,75;8812538489,00;110039
WDOFUT;26/03/2021;10:45:00;8022,72;8029,06;8006,52;8011,45;9390961764,00;117107
WDOFUT;26/03/2021;10:30:00;8015,68;8024,83;8003,00;8022,72;9296907431,00;116001
WDOFUT;26/03/2021;10:15:00;8026,95;8030,47;8008,63;8015,68;8643965271,00;107785
WDOFUT;26/03/2021;10:00:00;8043,85;8048,78;8018,49;8026,95;1,150798646E10;143247
WDOFUT;26/03/2021;09:45:00;8046,67;8055,12;8039,63;8043,85;1,046895441E10;130090
WDOFUT;26/03/2021;09:30:00;8028,36;8049,49;8028,36;8045,97;1,206908158E10;150100
WDOFUT;26/03/2021;09:15:00;7993,84;8039,63;7988,20;8028,36;1,405906756E10;175421
WDOFUT;26/03/2021;09:00:00;7965,66;8000,88;7953,69;7994,54;9249379340,00;115843
WDOFUT;25/03/2021;17:45:00;7966,37;7968,48;7947,35;7961,44;2447525410,00;30750
WDOFUT;25/03/2021;17:30:00;7962,14;7969,89;7952,28;7966,37;3327679000,00;41809
WDOFUT;25/03/2021;17:15:00;7974,11;7976,93;7960,03;7962,14;4078184942,00;51184
WDOFUT;25/03/2021;17:00:00;7988,20;7991,73;7972,71;7974,11;2721515589,00;34102
WDOFUT;25/03/2021;16:45:00;7989,61;7991,73;7980,45;7988,20;2800891591,00;35068
WDOFUT;25/03/2021;16:30:00;7985,39;7995,95;7985,39;7990,32;3590901531,00;44948
WDOFUT;25/03/2021;16:15:00;7984,68;7988,20;7975,52;7985,39;3269748013,00;40968
WDOFUT;25/03/2021;16:00:00;7996,66;7997,36;7975,52;7984,68;5887795319,00;73734
WDOFUT;25/03/2021;15:45:00;7987,50;8007,22;7982,57;7997,36;7898920731,00;98801
WDOFUT;25/03/2021;15:30:00;7972,00;7991,02;7969,18;7986,79;6978617966,00;87450
WDOFUT;25/03/2021;15:15:00;7959,32;7974,82;7950,16;7971,30;6458586162,00;81109
WDOFUT;25/03/2021;15:00:00;7960,03;7964,25;7948,05;7959,32;4948473135,00;62188
WDOFUT;25/03/2021;14:45:00;7965,66;7974,11;7952,28;7960,03;5722039387,00;71876
WDOFUT;25/03/2021;14:30:00;7962,14;7984,68;7955,10;7966,37;1,031772859E10;129460
WDOFUT;25/03/2021;14:15:00;7943,12;7967,78;7941,71;7961,44;5776481127,00;72608
WDOFUT;25/03/2021;14:00:00;7936,78;7956,50;7935,37;7943,12;6515159668,00;81980
WDOFUT;25/03/2021;13:45:00;7939,60;7943,12;7925,51;7936,78;6419265463,00;80912
WDOFUT;25/03/2021;13:30:00;7944,53;7952,28;7937,48;7939,60;4841624046,00;60944
WDOFUT;25/03/2021;13:15:00;7957,21;7964,96;7941,01;7944,53;6704682852,00;84325
WDOFUT;25/03/2021;13:00:00;7943,82;7960,03;7931,85;7957,21;7905567465,00;99525
WDOFUT;25/03/2021;12:45:00;7950,87;7952,98;7933,96;7943,12;7345039584,00;92459
WDOFUT;25/03/2021;12:30:00;7934,67;7957,91;7929,74;7950,16;8913381112,00;112205
WDOFUT;25/03/2021;12:15:00;7950,16;7951,57;7918,47;7933,96;1,22597871E10;154494
WDOFUT;25/03/2021;12:00:00;7950,87;7971,30;7949,46;7949,46;7805900525,00;98030
WDOFUT;25/03/2021;11:45:00;7954,39;7960,03;7941,01;7951,57;6446553737,00;81079
WDOFUT;25/03/2021;11:30:00;7957,21;7961,44;7941,71;7955,10;7125073998,00;89600
WDOFUT;25/03/2021;11:15:00;7967,07;7981,86;7943,82;7956,50;1,099356711E10;138050
WDOFUT;25/03/2021;11:00:00;7953,69;7987,50;7939,60;7966,37;1,647980524E10;206936
WDOFUT;25/03/2021;10:45:00;7960,03;7967,07;7943,82;7953,69;9073439208,00;114033
WDOFUT;25/03/2021;10:30:00;7979,05;7983,98;7945,23;7959,32;1,521481523E10;191059
WDOFUT;25/03/2021;10:15:00;7994,54;7999,47;7978,34;7978,34;7330299820,00;91737
WDOFUT;25/03/2021;10:00:00;7996,66;8003,70;7979,75;7994,54;1,069724035E10;133836
WDOFUT;25/03/2021;09:45:00;7999,47;8004,41;7983,27;7995,95;9619654427,00;120332
WDOFUT;25/03/2021;09:30:00;7965,66;8005,81;7960,03;7998,77;1,424625349E10;178356
WDOFUT;25/03/2021;09:15:00;7934,67;7985,39;7930,44;7965,66;1,732212834E10;217531
WDOFUT;25/03/2021;09:00:00;7928,33;7940,30;7917,06;7933,96;1,071550709E10;135138
WDOFUT;24/03/2021;17:45:00;7939,60;7943,12;7920,58;7929,03;2701147051,00;34047
WDOFUT;24/03/2021;17:30:00;7929,03;7939,60;7919,17;7938,89;3925507762,00;49519
WDOFUT;24/03/2021;17:15:00;7920,58;7946,64;7918,47;7929,03;6162034823,00;77657
WDOFUT;24/03/2021;17:00:00;7944,53;7948,76;7919,87;7920,58;5634372073,00;71021
WDOFUT;24/03/2021;16:45:00;7931,14;7951,57;7924,80;7944,53;7286163545,00;91758
WDOFUT;24/03/2021;16:30:00;7910,01;7941,01;7909,31;7931,85;1,167072837E10;147262
WDOFUT;24/03/2021;16:15:00;7887,47;7915,65;7885,36;7910,72;9374270265,00;118593
WDOFUT;24/03/2021;16:00:00;7890,99;7891,70;7881,83;7886,77;4405100202,00;55853
WDOFUT;24/03/2021;15:45:00;7874,09;7891,70;7872,68;7890,99;8555202996,00;108504
WDOFUT;24/03/2021;15:30:00;7871,97;7881,13;7867,04;7874,09;7418469045,00;94222
WDOFUT;24/03/2021;15:15:00;7858,59;7873,38;7858,59;7871,27;6874572292,00;87404
WDOFUT;24/03/2021;15:00:00;7855,77;7860,70;7849,43;7858,59;7029898048,00;89496
WDOFUT;24/03/2021;14:45:00;7869,16;7874,09;7855,77;7856,48;7006985372,00;89106
WDOFUT;24/03/2021;14:30:00;7857,88;7870,56;7854,36;7869,16;7260435366,00;92366
WDOFUT;24/03/2021;14:15:00;7854,36;7860,00;7845,91;7857,88;6147937342,00;78281
WDOFUT;24/03/2021;14:00:00;7841,68;7854,36;7837,46;7854,36;5810987215,00;74075
WDOFUT;24/03/2021;13:45:00;7826,89;7843,09;7824,07;7840,98;6201148322,00;79161
WDOFUT;24/03/2021;13:30:00;7819,85;7840,27;7818,44;7826,89;7359357121,00;93978
WDOFUT;24/03/2021;13:15:00;7827,59;7832,53;7819,85;7820,55;5808840734,00;74226
WDOFUT;24/03/2021;13:00:00;7829,71;7837,46;7816,32;7827,59;8594303864,00;109810
WDOFUT;24/03/2021;12:45:00;7831,12;7849,43;7826,19;7829,71;9103023294,00;116146
WDOFUT;24/03/2021;12:30:00;7807,17;7836,75;7805,05;7831,82;1,163036414E10;148685
WDOFUT;24/03/2021;12:15:00;7793,78;7809,28;7788,85;7807,17;7302450794,00;93629
WDOFUT;24/03/2021;12:00:00;7793,78;7796,60;7774,76;7794,49;9457697794,00;121466
WDOFUT;24/03/2021;11:45:00;7807,17;7807,17;7787,44;7793,08;8069303411,00;103501
WDOFUT;24/03/2021;11:30:00;7795,89;7817,03;7795,89;7807,17;7892801598,00;101086
WDOFUT;24/03/2021;11:15:00;7793,08;7812,10;7791,67;7796,60;8486244182,00;108734
WDOFUT;24/03/2021;11:00:00;7799,42;7802,23;7786,74;7793,08;8779240699,00;112641
WDOFUT;24/03/2021;10:45:00;7800,83;7816,32;7788,85;7799,42;1,232499326E10;157960
WDOFUT;24/03/2021;10:30:00;7800,83;7812,10;7794,49;7800,83;9980716813,00;127888
WDOFUT;24/03/2021;10:15:00;7777,58;7806,46;7776,17;7800,12;1,153979614E10;148075
WDOFUT;24/03/2021;10:00:00;7771,24;7787,44;7770,54;7777,58;9203537139,00;118325
WDOFUT;24/03/2021;09:45:00;7785,33;7800,83;7763,49;7770,54;1,341292536E10;172387
WDOFUT;24/03/2021;09:30:00;7769,13;7787,44;7753,63;7785,33;1,291050648E10;166153
WDOFUT;24/03/2021;09:15:00;7759,26;7774,76;7757,86;7769,83;9297573840,00;119703
WDOFUT;24/03/2021;09:00:00;7762,79;7770,54;7738,13;7759,26;1,237317721E10;159600
WDOFUT;23/03/2021;17:45:00;7762,08;7790,26;7759,26;7787,44;3709164664,00;47714
WDOFUT;23/03/2021;17:30:00;7768,42;7769,13;7752,22;7762,79;3688990478,00;47530
WDOFUT;23/03/2021;17:15:00;7778,99;7782,51;7768,42;7769,13;2382435556,00;30646
WDOFUT;23/03/2021;17:00:00;7774,06;7790,96;7769,13;7778,99;4288970180,00;55120
WDOFUT;23/03/2021;16:45:00;7776,88;7783,92;7767,01;7774,06;6209664536,00;79859
WDOFUT;23/03/2021;16:30:00;7771,94;7797,30;7769,83;7776,88;1,169795524E10;150258
WDOFUT;23/03/2021;16:15:00;7758,56;7774,06;7753,63;7771,24;7284670941,00;93811
WDOFUT;23/03/2021;16:00:00;7741,65;7759,97;7736,02;7757,86;7926610063,00;102308
WDOFUT;23/03/2021;15:45:00;7721,93;7743,06;7720,52;7742,36;7204673099,00;93175
WDOFUT;23/03/2021;15:30:00;7706,43;7724,75;7705,02;7721,93;5622049114,00;72857
WDOFUT;23/03/2021;15:15:00;7736,02;7740,25;7702,21;7706,43;9593470336,00;124271
WDOFUT;23/03/2021;15:00:00;7737,43;7744,47;7731,09;7735,31;4721009359,00;61006
WDOFUT;23/03/2021;14:45:00;7740,95;7743,06;7728,27;7737,43;6357225222,00;82195
WDOFUT;23/03/2021;14:30:00;7742,36;7752,92;7735,31;7741,65;5748382354,00;74227
WDOFUT;23/03/2021;14:15:00;7751,52;7751,52;7731,09;7742,36;7190127693,00;92895
WDOFUT;23/03/2021;14:00:00;7743,77;7752,92;7736,02;7751,52;6347678058,00;81958
WDOFUT;23/03/2021;13:45:00;7743,77;7748,70;7742,36;7743,77;3838433344,00;49555
WDOFUT;23/03/2021;13:30:00;7741,65;7745,18;7738,13;7743,77;3890572559,00;50253
WDOFUT;23/03/2021;13:15:00;7736,72;7743,06;7732,50;7741,65;3545709496,00;45822
WDOFUT;23/03/2021;13:00:00;7719,82;7739,54;7716,29;7736,72;7247133767,00;93786
WDOFUT;23/03/2021;12:45:00;7742,36;7742,36;7717,70;7719,11;7540328095,00;97557
WDOFUT;23/03/2021;12:30:00;7733,91;7747,99;7730,38;7741,65;6117085717,00;79020
WDOFUT;23/03/2021;12:15:00;7722,63;7737,43;7721,93;7733,91;5810723322,00;75163
WDOFUT;23/03/2021;12:00:00;7739,54;7740,95;7719,11;7721,93;1,196224606E10;154717
WDOFUT;23/03/2021;11:45:00;7759,97;7764,20;7736,02;7739,54;1,082408837E10;139746
WDOFUT;23/03/2021;11:30:00;7762,79;7775,47;7759,97;7759,97;8272656662,00;106499
WDOFUT;23/03/2021;11:15:00;7753,63;7764,20;7750,11;7762,79;5875839310,00;75740
WDOFUT;23/03/2021;11:00:00;7763,49;7770,54;7748,70;7752,92;1,123639927E10;144805
WDOFUT;23/03/2021;10:45:00;7765,60;7771,94;7759,26;7762,79;6187700414,00;79683
WDOFUT;23/03/2021;10:30:00;7766,31;7773,35;7756,45;7765,60;8532572528,00;109879
WDOFUT;23/03/2021;10:15:00;7773,35;7774,76;7750,81;7766,31;1,092559343E10;140733
WDOFUT;23/03/2021;10:00:00;7771,24;7783,92;7755,74;7773,35;1,59942865E10;205865
WDOFUT;23/03/2021;09:45:00;7772,65;7780,40;7764,90;7770,54;1,075513771E10;138363
WDOFUT;23/03/2021;09:30:00;7813,51;7818,44;7767,01;7772,65;1,719971201E10;220792
WDOFUT;23/03/2021;09:15:00;7807,17;7823,37;7797,30;7813,51;1,409449159E10;180445
WDOFUT;23/03/2021;09:00:00;7807,87;7821,96;7800,83;7806,46;1,09872843E10;140693
WDOFUT;22/03/2021;17:45:00;7766,31;7768,42;7754,33;7768,42;2028012283,00;26132
WDOFUT;22/03/2021;17:30:00;7771,94;7771,94;7762,79;7765,60;2003823376,00;25803
WDOFUT;22/03/2021;17:15:00;7781,81;7783,22;7769,13;7771,24;2305799036,00;29655
WDOFUT;22/03/2021;17:00:00;7776,17;7782,51;7774,06;7781,81;1756459845,00;22581
WDOFUT;22/03/2021;16:45:00;7774,76;7780,40;7770,54;7776,17;3499729714,00;45011
WDOFUT;22/03/2021;16:30:00;7770,54;7776,88;7766,31;7774,76;3162307952,00;40695
WDOFUT;22/03/2021;16:15:00;7754,33;7772,65;7751,52;7770,54;4292906195,00;55308
WDOFUT;22/03/2021;16:00:00;7762,08;7769,13;7752,92;7754,33;5212015118,00;67147
WDOFUT;22/03/2021;15:45:00;7758,56;7762,79;7750,81;7762,08;4720751483,00;60864
WDOFUT;22/03/2021;15:30:00;7771,24;7771,24;7749,40;7758,56;5510072084,00;71014
WDOFUT;22/03/2021;15:15:00;7767,01;7774,06;7758,56;7770,54;5622892067,00;72413
WDOFUT;22/03/2021;15:00:00;7768,42;7770,54;7755,04;7766,31;5893306525,00;75917
WDOFUT;22/03/2021;14:45:00;7776,17;7778,28;7764,90;7768,42;4016267595,00;51688
WDOFUT;22/03/2021;14:30:00;7781,81;7786,03;7769,13;7776,17;4810040070,00;61857
WDOFUT;22/03/2021;14:15:00;7786,74;7788,85;7779,69;7781,81;3435614217,00;44136
WDOFUT;22/03/2021;14:00:00;7788,15;7792,37;7778,28;7786,74;3983087634,00;51157
WDOFUT;22/03/2021;13:45:00;7795,19;7798,71;7783,22;7787,44;4218512098,00;54147
WDOFUT;22/03/2021;13:30:00;7802,23;7805,05;7792,37;7795,89;3421108590,00;43860
WDOFUT;22/03/2021;13:15:00;7802,94;7804,35;7790,96;7802,23;3995891005,00;51246
WDOFUT;22/03/2021;13:00:00;7790,26;7803,64;7788,85;7802,94;5110497302,00;65564
WDOFUT;22/03/2021;12:45:00;7793,78;7802,23;7788,85;7790,26;4131288278,00;52986
WDOFUT;22/03/2021;12:30:00;7790,26;7803,64;7789,55;7794,49;7661652365,00;98285
WDOFUT;22/03/2021;12:15:00;7784,62;7795,89;7777,58;7790,26;7221364041,00;92725
WDOFUT;22/03/2021;12:00:00;7772,65;7785,33;7759,26;7784,62;9217567883,00;118591
WDOFUT;22/03/2021;11:45:00;7790,96;7792,37;7769,13;7772,65;6590469012,00;84746
WDOFUT;22/03/2021;11:30:00;7790,96;7796,60;7778,99;7790,96;6258002430,00;80348
WDOFUT;22/03/2021;11:15:00;7800,12;7802,94;7781,10;7790,96;7825699928,00;100448
WDOFUT;22/03/2021;11:00:00;7812,10;7814,91;7792,37;7800,12;7379124804,00;94595
WDOFUT;22/03/2021;10:45:00;7815,62;7818,44;7801,53;7811,39;7709167453,00;98700
WDOFUT;22/03/2021;10:30:00;7787,44;7817,73;7783,92;7816,32;1,230231149E10;157693
WDOFUT;22/03/2021;10:15:00;7791,67;7792,37;7773,35;7786,74;9785722161,00;125730
WDOFUT;22/03/2021;10:00:00;7809,98;7814,91;7786,74;7790,96;8918413264,00;114348
WDOFUT;22/03/2021;09:45:00;7808,57;7818,44;7798,71;7809,98;9769195955,00;125089
WDOFUT;22/03/2021;09:30:00;7771,24;7810,69;7764,90;7808,57;1,339270074E10;171947
WDOFUT;22/03/2021;09:15:00;7749,40;7774,76;7744,47;7771,24;9775267166,00;125990
WDOFUT;22/03/2021;09:00:00;7762,79;7775,47;7749,40;7749,40;1,042039635E10;134200
WDOFUT;19/03/2021;17:45:00;7731,79;7747,99;7730,38;7737,43;2283672008,00;29518
WDOFUT;19/03/2021;17:30:00;7724,75;7739,54;7724,04;7732,50;2071121785,00;26786
WDOFUT;19/03/2021;17:15:00;7725,45;7733,20;7716,29;7724,04;2986846345,00;38668
WDOFUT;19/03/2021;17:00:00;7728,97;7733,20;7712,07;7725,45;4477230974,00;57990
WDOFUT;19/03/2021;16:45:00;7733,20;7734,61;7718,41;7728,27;4023730740,00;52078
WDOFUT;19/03/2021;16:30:00;7736,02;7739,54;7726,86;7733,20;2905864185,00;37583
WDOFUT;19/03/2021;16:15:00;7733,91;7743,77;7732,50;7736,72;3992964562,00;51597
WDOFUT;19/03/2021;16:00:00;7719,11;7738,13;7717,00;7734,61;5051862579,00;65346
WDOFUT;19/03/2021;15:45:00;7721,93;7724,04;7715,59;7719,11;2717245000,00;35199
WDOFUT;19/03/2021;15:30:00;7712,77;7730,38;7710,66;7721,93;5502808666,00;71270
WDOFUT;19/03/2021;15:15:00;7701,50;7717,70;7695,16;7713,48;5233506731,00;67920
WDOFUT;19/03/2021;15:00:00;7698,68;7711,36;7694,46;7701,50;4986661876,00;64741
WDOFUT;19/03/2021;14:45:00;7708,55;7710,66;7697,98;7699,39;4964504769,00;64440
WDOFUT;19/03/2021;14:30:00;7709,25;7726,16;7705,02;7707,84;7163227292,00;92856
WDOFUT;19/03/2021;14:15:00;7700,09;7712,77;7695,16;7709,25;3958280395,00;51381
WDOFUT;19/03/2021;14:00:00;7694,46;7708,55;7693,75;7700,09;4137884421,00;53741
WDOFUT;19/03/2021;13:45:00;7688,82;7698,68;7684,60;7694,46;3569124625,00;46401
WDOFUT;19/03/2021;13:30:00;7693,05;7701,50;7680,37;7688,82;7772674502,00;101085
WDOFUT;19/03/2021;13:15:00;7698,68;7702,21;7690,23;7693,05;4785034923,00;62174
WDOFUT;19/03/2021;13:00:00;7717,00;7718,41;7698,68;7699,39;1,054787175E10;136808
WDOFUT;19/03/2021;12:45:00;7712,07;7723,34;7706,43;7717,70;1,124172727E10;145716
WDOFUT;19/03/2021;12:30:00;7706,43;7715,59;7695,16;7712,07;8972154762,00;116435
WDOFUT;19/03/2021;12:15:00;7740,95;7743,77;7706,43;7707,14;1,155428034E10;149582
WDOFUT;19/03/2021;12:00:00;7751,52;7762,79;7734,61;7740,95;8747646333,00;112909
WDOFUT;19/03/2021;11:45:00;7743,77;7755,74;7729,68;7751,52;1,109777955E10;143336
WDOFUT;19/03/2021;11:30:00;7747,99;7774,06;7738,13;7743,77;1,253562454E10;161627
WDOFUT;19/03/2021;11:15:00;7788,15;7790,26;7744,47;7748,70;1,656550811E10;213392
WDOFUT;19/03/2021;11:00:00;7794,49;7806,46;7786,03;7787,44;6919518743,00;88774
WDOFUT;19/03/2021;10:45:00;7799,42;7806,46;7783,92;7793,78;9229241945,00;118394
WDOFUT;19/03/2021;10:30:00;7792,37;7814,91;7778,99;7799,42;1,078661842E10;138365
WDOFUT;19/03/2021;10:15:00;7788,85;7793,78;7776,88;7792,37;9450002935,00;121395
WDOFUT;19/03/2021;10:00:00;7794,49;7821,96;7781,10;7789,55;1,883287504E10;241416
WDOFUT;19/03/2021;09:45:00;7800,83;7807,87;7787,44;7794,49;8961353035,00;114899
WDOFUT;19/03/2021;09:30:00;7815,62;7818,44;7789,55;7801,53;1,152049285E10;147646
WDOFUT;19/03/2021;09:15:00;7802,94;7823,37;7791,67;7815,62;1,043416877E10;133583
WDOFUT;19/03/2021;09:00:00;7790,96;7807,17;7784,62;7802,94;9572390144,00;122804
WDOFUT;18/03/2021;17:45:00;7846,61;7852,25;7833,23;7840,27;1675397712,00;21362
WDOFUT;18/03/2021;17:30:00;7845,20;7859,29;7838,86;7845,91;1975415796,00;25163
WDOFUT;18/03/2021;17:15:00;7834,64;7850,14;7834,64;7845,91;1546773308,00;19719
WDOFUT;18/03/2021;17:00:00;7846,61;7851,54;7833,23;7834,64;2299512510,00;29325
WDOFUT;18/03/2021;16:45:00;7849,43;7852,25;7837,46;7845,91;3677555012,00;46881
WDOFUT;18/03/2021;16:30:00;7836,05;7855,77;7833,93;7849,43;4289846220,00;54677
WDOFUT;18/03/2021;16:15:00;7829,00;7840,98;7825,48;7836,75;4432619197,00;56588
WDOFUT;18/03/2021;16:00:00;7832,53;7841,68;7822,66;7829,00;6534901625,00;83438
WDOFUT;18/03/2021;15:45:00;7824,07;7837,46;7819,85;7832,53;5961907490,00;76143
WDOFUT;18/03/2021;15:30:00;7809,98;7831,82;7797,30;7823,37;7200596079,00;92153
WDOFUT;18/03/2021;15:15:00;7812,10;7823,37;7807,17;7809,28;3680465860,00;47092
WDOFUT;18/03/2021;15:00:00;7799,42;7816,32;7793,78;7811,39;7120961947,00;91248
WDOFUT;18/03/2021;14:45:00;7818,44;7832,53;7798,71;7800,12;6902289189,00;88315
WDOFUT;18/03/2021;14:30:00;7840,98;7848,73;7817,03;7817,73;5389487702,00;68815
WDOFUT;18/03/2021;14:15:00;7829,71;7843,80;7821,25;7840,27;6008237661,00;76711
WDOFUT;18/03/2021;14:00:00;7859,29;7861,41;7826,89;7830,41;8667317565,00;110526
WDOFUT;18/03/2021;13:45:00;7835,34;7861,41;7825,48;7858,59;9043212783,00;115280
WDOFUT;18/03/2021;13:30:00;7814,91;7839,57;7812,80;7834,64;6300421192,00;80493
WDOFUT;18/03/2021;13:15:00;7809,28;7821,96;7802,94;7815,62;4562051536,00;58392
WDOFUT;18/03/2021;13:00:00;7805,05;7817,03;7798,01;7809,28;7184208625,00;92021
WDOFUT;18/03/2021;12:45:00;7812,80;7819,14;7802,23;7805,76;5933005937,00;75954
WDOFUT;18/03/2021;12:30:00;7814,21;7828,30;7804,35;7812,80;5276286385,00;67506
WDOFUT;18/03/2021;12:15:00;7809,28;7820,55;7800,12;7813,51;6102472517,00;78130
WDOFUT;18/03/2021;12:00:00;7798,71;7814,21;7786,03;7808,57;6961918317,00;89279
WDOFUT;18/03/2021;11:45:00;7795,19;7810,69;7786,03;7799,42;8828511177,00;113212
WDOFUT;18/03/2021;11:30:00;7788,85;7798,71;7774,06;7794,49;1,107729338E10;142277
WDOFUT;18/03/2021;11:15:00;7816,32;7830,41;7782,51;7789,55;1,291607108E10;165521
WDOFUT;18/03/2021;11:00:00;7837,46;7841,68;7813,51;7816,32;1,357682631E10;173395
WDOFUT;18/03/2021;10:45:00;7851,54;7867,04;7837,46;7838,16;1,119239982E10;142507
WDOFUT;18/03/2021;10:30:00;7848,73;7855,77;7839,57;7850,84;8153973916,00;103908
WDOFUT;18/03/2021;10:15:00;7838,16;7857,88;7833,23;7848,02;1,103884343E10;140708
WDOFUT;18/03/2021;10:00:00;7816,32;7845,91;7816,32;7838,16;1,188589601E10;151723
WDOFUT;18/03/2021;09:45:00;7817,03;7819,14;7796,60;7816,32;1,087697015E10;139284
WDOFUT;18/03/2021;09:30:00;7785,33;7834,64;7776,88;7817,03;1,791240903E10;229458
WDOFUT;18/03/2021;09:15:00;7731,09;7790,26;7728,27;7786,03;1,568230766E10;202073
WDOFUT;18/03/2021;09:00:00;7759,97;7767,01;7720,52;7730,38;1,864386624E10;240826
WDOFUT;17/03/2021;17:45:00;7873,38;7895,22;7865,63;7869,86;2514448951,00;31909
WDOFUT;17/03/2021;17:30:00;7881,13;7893,11;7869,86;7873,38;3548481938,00;45020
WDOFUT;17/03/2021;17:15:00;7872,68;7881,83;7869,16;7881,13;1929341403,00;24502
WDOFUT;17/03/2021;17:00:00;7874,79;7881,83;7870,56;7872,68;2064341907,00;26210
WDOFUT;17/03/2021;16:45:00;7873,38;7876,90;7864,93;7874,79;3589206652,00;45596
WDOFUT;17/03/2021;16:30:00;7873,38;7874,09;7851,54;7873,38;6432582806,00;81803
WDOFUT;17/03/2021;16:15:00;7879,02;7888,17;7867,04;7873,38;5680566945,00;72093
WDOFUT;17/03/2021;16:00:00;7872,68;7881,13;7869,16;7878,31;4201016249,00;53342
WDOFUT;17/03/2021;15:45:00;7871,27;7885,36;7866,34;7871,97;9421719405,00;119631
WDOFUT;17/03/2021;15:30:00;7910,72;7917,76;7869,16;7871,27;1,220897019E10;154629
WDOFUT;17/03/2021;15:15:00;7900,15;7912,13;7893,81;7910,72;1,075396242E10;136063
WDOFUT;17/03/2021;15:00:00;7967,78;7968,48;7899,45;7900,85;2,114233811E10;266759
WDOFUT;17/03/2021;14:45:00;7967,78;7983,98;7964,25;7967,78;5860888775,00;73484
WDOFUT;17/03/2021;14:30:00;7958,62;7974,11;7954,39;7967,78;3701314747,00;46461
WDOFUT;17/03/2021;14:15:00;7964,25;7964,96;7951,57;7959,32;4101011268,00;51528
WDOFUT;17/03/2021;14:00:00;7964,96;7976,23;7962,14;7964,96;4584282304,00;57537
WDOFUT;17/03/2021;13:45:00;7956,50;7969,18;7950,16;7964,96;4206314950,00;52847
WDOFUT;17/03/2021;13:30:00;7964,96;7965,66;7954,39;7956,50;2697659954,00;33891
WDOFUT;17/03/2021;13:15:00;7963,55;7965,66;7955,80;7964,96;2712140256,00;34062
WDOFUT;17/03/2021;13:00:00;7972,71;7977,64;7957,91;7962,84;6870053294,00;86215
WDOFUT;17/03/2021;12:45:00;7963,55;7973,41;7951,57;7972,71;5441969529,00;68342
WDOFUT;17/03/2021;12:30:00;7962,84;7968,48;7955,10;7962,84;3711534639,00;46618
WDOFUT;17/03/2021;12:15:00;7954,39;7964,96;7951,57;7962,84;3584664731,00;45042
WDOFUT;17/03/2021;12:00:00;7958,62;7968,48;7948,76;7954,39;6186810765,00;77731
WDOFUT;17/03/2021;11:45:00;7955,80;7968,48;7955,10;7958,62;6429352099,00;80754
WDOFUT;17/03/2021;11:30:00;7951,57;7958,62;7945,23;7956,50;6724420005,00;84559
WDOFUT;17/03/2021;11:15:00;7962,84;7967,07;7940,30;7950,87;9734394291,00;122403
WDOFUT;17/03/2021;11:00:00;7968,48;7977,64;7956,50;7962,14;8912769514,00;111893
WDOFUT;17/03/2021;10:45:00;7967,78;7993,84;7965,66;7968,48;1,009303266E10;126477
WDOFUT;17/03/2021;10:30:00;7976,23;7977,64;7957,21;7967,78;7414029315,00;93029
WDOFUT;17/03/2021;10:15:00;7967,78;7976,93;7952,28;7976,23;1,025261165E10;128721
WDOFUT;17/03/2021;10:00:00;7979,75;7994,54;7963,55;7967,07;1,242909046E10;155816
WDOFUT;17/03/2021;09:45:00;7995,95;7996,66;7969,89;7979,75;9823467845,00;123085
WDOFUT;17/03/2021;09:30:00;8000,88;8010,75;7981,86;7996,66;1,201292859E10;150235
WDOFUT;17/03/2021;09:15:00;7987,50;8005,81;7977,64;8000,88;1,015765215E10;127089
WDOFUT;17/03/2021;09:00:00;7981,16;7998,77;7971,30;7986,79;1,2101781E10;151524
WDOFUT;16/03/2021;17:45:00;7924,80;7931,85;7921,28;7929,03;2614381073,00;32984
WDOFUT;16/03/2021;17:30:00;7913,53;7928,33;7912,83;7925,51;2934890985,00;37051
WDOFUT;16/03/2021;17:15:00;7914,94;7916,35;7909,31;7913,53;1568584048,00;19824
WDOFUT;16/03/2021;17:00:00;7917,06;7922,69;7907,90;7914,94;2727553326,00;34459
WDOFUT;16/03/2021;16:45:00;7912,83;7923,40;7910,72;7917,76;3349566874,00;42315
WDOFUT;16/03/2021;16:30:00;7907,90;7917,76;7905,08;7913,53;4158068441,00;52552
WDOFUT;16/03/2021;16:15:00;7914,24;7914,24;7902,26;7908,60;3429661617,00;43373
WDOFUT;16/03/2021;16:00:00;7919,87;7920,58;7907,19;7914,24;4190701950,00;52957
WDOFUT;16/03/2021;15:45:00;7923,40;7933,96;7912,13;7919,87;8759469832,00;110550
WDOFUT;16/03/2021;15:30:00;7902,97;7924,80;7898,04;7924,10;8231241842,00;104061
WDOFUT;16/03/2021;15:15:00;7890,29;7905,79;7884,65;7902,97;5127405962,00;64940
WDOFUT;16/03/2021;15:00:00;7897,33;7903,67;7886,77;7890,29;7396646076,00;93696
WDOFUT;16/03/2021;14:45:00;7880,43;7898,74;7879,02;7896,63;6295564385,00;79800
WDOFUT;16/03/2021;14:30:00;7871,27;7885,36;7869,86;7881,13;5627217221,00;71432
WDOFUT;16/03/2021;14:15:00;7860,70;7872,68;7860,00;7871,97;4872983894,00;61941
WDOFUT;16/03/2021;14:00:00;7866,34;7867,04;7851,54;7860,70;4792286345,00;60975
WDOFUT;16/03/2021;13:45:00;7855,77;7867,75;7854,36;7865,63;3776113128,00;48031
WDOFUT;16/03/2021;13:30:00;7859,29;7862,82;7848,02;7855,77;6805506060,00;86624
WDOFUT;16/03/2021;13:15:00;7864,93;7872,68;7855,07;7859,29;5618212353,00;71446
WDOFUT;16/03/2021;13:00:00;7863,52;7870,56;7854,36;7864,93;6984853520,00;88838
WDOFUT;16/03/2021;12:45:00;7878,31;7889,58;7862,11;7863,52;1,001836024E10;127179
WDOFUT;16/03/2021;12:30:00;7871,27;7879,72;7860,70;7879,02;7928462960,00;100740
WDOFUT;16/03/2021;12:15:00;7861,41;7873,38;7851,54;7871,97;7579382886,00;96403
WDOFUT;16/03/2021;12:00:00;7839,57;7864,93;7839,57;7860,70;9549892256,00;121568
WDOFUT;16/03/2021;11:45:00;7851,54;7855,07;7836,05;7840,27;8205898485,00;104622
WDOFUT;16/03/2021;11:30:00;7858,59;7860,70;7843,09;7850,84;7705149640,00;98150
WDOFUT;16/03/2021;11:15:00;7860,70;7868,45;7852,95;7858,59;6892918392,00;87689
WDOFUT;16/03/2021;11:00:00;7878,31;7878,31;7855,07;7861,41;7879016438,00;100164
WDOFUT;16/03/2021;10:45:00;7867,04;7890,99;7864,93;7878,31;1,087736657E10;138039
WDOFUT;16/03/2021;10:30:00;7874,79;7879,02;7859,29;7867,75;1,019488765E10;129577
WDOFUT;16/03/2021;10:15:00;7887,47;7887,47;7863,52;7874,09;1,161473258E10;147523
WDOFUT;16/03/2021;10:00:00;7901,56;7903,67;7880,43;7887,47;1,004684331E10;127311
WDOFUT;16/03/2021;09:45:00;7883,95;7903,67;7876,20;7902,26;1,099705704E10;139336
WDOFUT;16/03/2021;09:30:00;7882,54;7897,33;7873,38;7883,95;1,428984315E10;181193
WDOFUT;16/03/2021;09:15:00;7907,19;7910,01;7877,61;7883,24;1,396652654E10;176920
WDOFUT;16/03/2021;09:00:00;7933,26;7944,53;7907,19;7907,19;1,152301574E10;145412
WDOFUT;15/03/2021;17:45:00;7939,60;7941,71;7917,76;7919,17;2606747162,00;32887
WDOFUT;15/03/2021;17:30:00;7935,37;7946,64;7928,33;7940,30;3061970819,00;38575
WDOFUT;15/03/2021;17:15:00;7943,82;7950,16;7931,14;7934,67;3765280476,00;47420
WDOFUT;15/03/2021;17:00:00;7948,76;7965,66;7940,30;7943,12;4628751485,00;58189
WDOFUT;15/03/2021;16:45:00;7951,57;7958,62;7945,23;7948,76;3636660074,00;45738
WDOFUT;15/03/2021;16:30:00;7958,62;7961,44;7946,64;7951,57;4095123962,00;51491
WDOFUT;15/03/2021;16:15:00;7940,30;7964,96;7939,60;7958,62;6818508291,00;85704
WDOFUT;15/03/2021;16:00:00;7939,60;7948,76;7935,37;7939,60;3972105679,00;50011
WDOFUT;15/03/2021;15:45:00;7931,14;7945,23;7930,44;7939,60;5118844982,00;64488
WDOFUT;15/03/2021;15:30:00;7922,69;7938,19;7921,28;7930,44;6476416543,00;81669
WDOFUT;15/03/2021;15:15:00;7905,79;7926,92;7905,79;7921,99;4012851250,00;50689
WDOFUT;15/03/2021;15:00:00;7919,17;7919,17;7905,08;7905,79;3390364757,00;42857
WDOFUT;15/03/2021;14:45:00;7910,01;7919,87;7907,90;7919,17;3666512526,00;46331
WDOFUT;15/03/2021;14:30:00;7905,08;7927,62;7904,38;7910,01;6911530004,00;87307
WDOFUT;15/03/2021;14:15:00;7903,67;7914,94;7896,63;7905,08;4018990509,00;50839
WDOFUT;15/03/2021;14:00:00;7906,49;7912,83;7896,63;7902,97;5020128032,00;63503
WDOFUT;15/03/2021;13:45:00;7901,56;7908,60;7890,29;7907,19;6869295612,00;86959
WDOFUT;15/03/2021;13:30:00;7918,47;7920,58;7892,40;7901,56;1,174899594E10;148549
WDOFUT;15/03/2021;13:15:00;7956,50;7967,07;7914,24;7918,47;1,60405845E10;202241
WDOFUT;15/03/2021;13:00:00;7968,48;7972,71;7955,10;7956,50;6088181805,00;76450
WDOFUT;15/03/2021;12:45:00;7967,07;7974,82;7950,87;7968,48;1,022724127E10;128421
WDOFUT;15/03/2021;12:30:00;7948,76;7967,78;7946,64;7967,07;9950647701,00;125028
WDOFUT;15/03/2021;12:15:00;7933,96;7948,76;7931,85;7948,05;5334908957,00;67192
WDOFUT;15/03/2021;12:00:00;7938,89;7945,94;7932,55;7933,96;6331991114,00;79752
WDOFUT;15/03/2021;11:45:00;7931,85;7942,42;7920,58;7938,89;9725571052,00;122631
WDOFUT;15/03/2021;11:30:00;7936,08;7943,82;7929,74;7931,85;7844708225,00;98854
WDOFUT;15/03/2021;11:15:00;7953,69;7955,80;7935,37;7936,08;8691967893,00;109427
WDOFUT;15/03/2021;11:00:00;7944,53;7958,62;7943,82;7953,69;9262662306,00;116486
WDOFUT;15/03/2021;10:45:00;7925,51;7950,16;7923,40;7945,23;1,407025015E10;177248
WDOFUT;15/03/2021;10:30:00;7917,06;7929,74;7914,94;7925,51;1,089832442E10;137566
WDOFUT;15/03/2021;10:15:00;7912,13;7924,10;7904,38;7916,35;1,002777312E10;126682
WDOFUT;15/03/2021;10:00:00;7885,36;7915,65;7883,24;7912,13;1,597013654E10;202180
WDOFUT;15/03/2021;09:45:00;7833,23;7886,06;7831,12;7885,36;1,46342298E10;186125
WDOFUT;15/03/2021;09:30:00;7832,53;7842,39;7821,96;7833,23;8607112371,00;109903
WDOFUT;15/03/2021;09:15:00;7817,73;7839,57;7817,03;7832,53;1,024573551E10;130901
WDOFUT;15/03/2021;09:00:00;7833,23;7838,86;7800,12;7817,73;1,200527375E10;153586
WDOFUT;12/03/2021;18:15:00;7838,16;7838,16;7820,55;7828,30;1735322748,00;22167
WDOFUT;12/03/2021;18:00:00;7833,93;7840,98;7833,23;7838,16;1568260364,00;20009
WDOFUT;12/03/2021;17:45:00;7836,05;7839,57;7827,59;7833,23;1879226401,00;23987
WDOFUT;12/03/2021;17:30:00;7838,86;7840,27;7833,93;7836,05;1936938515,00;24716
WDOFUT;12/03/2021;17:15:00;7840,27;7844,50;7837,46;7838,16;1595849604,00;20354
WDOFUT;12/03/2021;17:00:00;7838,16;7845,20;7837,46;7840,98;2036425129,00;25972
WDOFUT;12/03/2021;16:45:00;7843,09;7848,73;7835,34;7838,16;2720511731,00;34695
WDOFUT;12/03/2021;16:30:00;7846,61;7858,59;7839,57;7843,09;4550859386,00;57982
WDOFUT;12/03/2021;16:15:00;7843,09;7851,54;7841,68;7846,61;2419599306,00;30831
WDOFUT;12/03/2021;16:00:00;7848,02;7848,02;7838,16;7843,09;2951936599,00;37633
WDOFUT;12/03/2021;15:45:00;7850,84;7857,18;7841,68;7848,02;3744266479,00;47707
WDOFUT;12/03/2021;15:30:00;7850,14;7859,29;7848,73;7850,84;3179533519,00;40481
WDOFUT;12/03/2021;15:15:00;7846,61;7857,18;7844,50;7850,84;2954467240,00;37627
WDOFUT;12/03/2021;15:00:00;7861,41;7863,52;7840,98;7845,91;5883358915,00;74946
WDOFUT;12/03/2021;14:45:00;7860,00;7863,52;7848,73;7860,70;4412167740,00;56162
WDOFUT;12/03/2021;14:30:00;7843,09;7867,04;7842,39;7860,00;6554736046,00;83457
WDOFUT;12/03/2021;14:15:00;7838,16;7850,84;7834,64;7843,80;4389331869,00;55967
WDOFUT;12/03/2021;14:00:00;7833,23;7845,91;7832,53;7838,16;4690954498,00;59843
WDOFUT;12/03/2021;13:45:00;7821,96;7835,34;7820,55;7833,23;3698319361,00;47248
WDOFUT;12/03/2021;13:30:00;7845,20;7848,02;7819,14;7821,96;7494991215,00;95687
WDOFUT;12/03/2021;13:15:00;7861,41;7861,41;7842,39;7845,91;4336011506,00;55228
WDOFUT;12/03/2021;13:00:00;7856,48;7865,63;7851,54;7861,41;6544233383,00;83284
WDOFUT;12/03/2021;12:45:00;7862,82;7863,52;7846,61;7856,48;7753048423,00;98687
WDOFUT;12/03/2021;12:30:00;7857,18;7869,86;7850,14;7862,82;7287639566,00;92729
WDOFUT;12/03/2021;12:15:00;7836,75;7859,29;7833,23;7856,48;6921600029,00;88215
WDOFUT;12/03/2021;12:00:00;7829,71;7838,16;7824,78;7837,46;6849498928,00;87462
WDOFUT;12/03/2021;11:45:00;7836,75;7847,32;7828,30;7830,41;7494879141,00;95614
WDOFUT;12/03/2021;11:30:00;7845,91;7854,36;7834,64;7837,46;7359921156,00;93820
WDOFUT;12/03/2021;11:15:00;7853,66;7855,77;7840,98;7845,91;5346343831,00;68115
WDOFUT;12/03/2021;11:00:00;7836,75;7855,77;7831,12;7854,36;8301552008,00;105848
WDOFUT;12/03/2021;10:45:00;7830,41;7845,91;7821,96;7837,46;1,0111396E10;129035
WDOFUT;12/03/2021;10:30:00;7845,20;7845,91;7829,00;7830,41;9878973355,00;126061
WDOFUT;12/03/2021;10:15:00;7850,14;7852,95;7838,16;7845,91;9093702075,00;115909
WDOFUT;12/03/2021;10:00:00;7850,14;7862,82;7847,32;7849,43;7576984213,00;96479
WDOFUT;12/03/2021;09:45:00;7857,18;7862,11;7847,32;7850,14;5529287736,00;70408
WDOFUT;12/03/2021;09:30:00;7858,59;7865,63;7852,95;7857,18;6838379483,00;87010
WDOFUT;12/03/2021;09:15:00;7857,88;7862,11;7844,50;7859,29;7842269026,00;99859
WDOFUT;12/03/2021;09:00:00;7857,88;7870,56;7848,02;7857,18;8181010807,00;104089
WDOFUT;11/03/2021;18:15:00;7812,10;7816,32;7802,94;7808,57;1762801823,00;22573
WDOFUT;11/03/2021;18:00:00;7811,39;7817,03;7808,57;7812,10;1530017291,00;19583
WDOFUT;11/03/2021;17:45:00;7808,57;7814,91;7805,76;7812,10;2271264962,00;29078
WDOFUT;11/03/2021;17:30:00;7806,46;7819,14;7802,23;7808,57;2703708320,00;34620
WDOFUT;11/03/2021;17:15:00;7812,10;7815,62;7802,94;7806,46;2421981636,00;31015
WDOFUT;11/03/2021;17:00:00;7812,80;7821,25;7808,57;7812,80;2363791892,00;30247
WDOFUT;11/03/2021;16:45:00;7824,07;7831,12;7809,28;7812,80;3999422623,00;51142
WDOFUT;11/03/2021;16:30:00;7808,57;7852,25;7803,64;7824,07;1,153375804E10;147324
WDOFUT;11/03/2021;16:15:00;7816,32;7817,73;7805,76;7809,28;3172828676,00;40617
WDOFUT;11/03/2021;16:00:00;7813,51;7818,44;7809,28;7816,32;3990557844,00;51070
WDOFUT;11/03/2021;15:45:00;7820,55;7824,78;7807,17;7814,21;5936047942,00;75940
WDOFUT;11/03/2021;15:30:00;7812,80;7823,37;7809,28;7820,55;4953750386,00;63381
WDOFUT;11/03/2021;15:15:00;7800,12;7824,78;7798,01;7812,10;6941715108,00;88863
WDOFUT;11/03/2021;15:00:00;7810,69;7812,10;7793,78;7800,83;6687016841,00;85720
WDOFUT;11/03/2021;14:45:00;7813,51;7818,44;7802,23;7810,69;5087211795,00;65128
WDOFUT;11/03/2021;14:30:00;7830,41;7836,05;7806,46;7813,51;9129609670,00;116749
WDOFUT;11/03/2021;14:15:00;7828,30;7836,75;7825,48;7831,12;4052262243,00;51743
WDOFUT;11/03/2021;14:00:00;7834,64;7843,09;7822,66;7827,59;6367227636,00;81285
WDOFUT;11/03/2021;13:45:00;7826,19;7835,34;7817,03;7833,93;6682181907,00;85379
WDOFUT;11/03/2021;13:30:00;7843,09;7850,84;7822,66;7826,89;6743391819,00;86051
WDOFUT;11/03/2021;13:15:00;7836,05;7852,25;7834,64;7843,80;5092296512,00;64902
WDOFUT;11/03/2021;13:00:00;7843,09;7855,07;7831,12;7836,05;1,153899364E10;147102
WDOFUT;11/03/2021;12:45:00;7886,06;7887,47;7838,16;7843,09;1,118049662E10;142195
WDOFUT;11/03/2021;12:30:00;7893,81;7894,51;7876,90;7886,06;6184428258,00;78424
WDOFUT;11/03/2021;12:15:00;7888,17;7901,56;7879,02;7894,51;6660196561,00;84386
WDOFUT;11/03/2021;12:00:00;7883,24;7889,58;7864,93;7888,17;1,007645632E10;127884
WDOFUT;11/03/2021;11:45:00;7905,08;7910,72;7877,61;7883,24;1,210959835E10;153404
WDOFUT;11/03/2021;11:30:00;7908,60;7927,62;7902,26;7905,08;9617152661,00;121521
WDOFUT;11/03/2021;11:15:00;7908,60;7912,13;7900,15;7907,90;5103666585,00;64540
WDOFUT;11/03/2021;11:00:00;7898,04;7916,35;7893,81;7908,60;8311367679,00;105181
WDOFUT;11/03/2021;10:45:00;7909,31;7921,28;7897,33;7897,33;9275012294,00;117280
WDOFUT;11/03/2021;10:30:00;7905,08;7915,65;7896,63;7910,01;8320093615,00;105228
WDOFUT;11/03/2021;10:15:00;7900,15;7911,42;7888,17;7905,08;6726245690,00;85144
WDOFUT;11/03/2021;10:00:00;7893,81;7912,83;7890,29;7900,15;1,013675088E10;128277
WDOFUT;11/03/2021;09:45:00;7902,97;7912,13;7887,47;7894,51;8573808564,00;108551
WDOFUT;11/03/2021;09:30:00;7902,97;7926,21;7900,85;7902,97;1,128301108E10;142575
WDOFUT;11/03/2021;09:15:00;7879,02;7912,83;7878,31;7902,26;1,157283412E10;146547
WDOFUT;11/03/2021;09:00:00;7882,54;7896,63;7864,22;7878,31;1,130906848E10;143511
WDOFUT;10/03/2021;18:15:00;7999,47;8008,63;7994,54;8000,18;1374392485,00;17179
WDOFUT;10/03/2021;18:00:00;7998,77;8008,63;7988,91;7999,47;2687842149,00;33600
WDOFUT;10/03/2021;17:45:00;7979,75;8005,81;7976,93;7998,77;4069635409,00;50938
WDOFUT;10/03/2021;17:30:00;7974,82;7982,57;7968,48;7979,75;2526462434,00;31675
WDOFUT;10/03/2021;17:15:00;7976,23;7983,27;7962,14;7974,82;3312105039,00;41553
WDOFUT;10/03/2021;17:00:00;7973,41;7979,05;7966,37;7976,23;2934220483,00;36804
WDOFUT;10/03/2021;16:45:00;7983,98;7983,98;7959,32;7973,41;5240711111,00;65752
WDOFUT;10/03/2021;16:30:00;7976,93;7992,43;7974,11;7983,98;4360964667,00;54642
WDOFUT;10/03/2021;16:15:00;7994,54;7998,07;7971,30;7976,23;4500669377,00;56342
WDOFUT;10/03/2021;16:00:00;8003,70;8015,68;7991,73;7994,54;4818409580,00;60224
WDOFUT;10/03/2021;15:45:00;8012,86;8020,61;7998,77;8003,70;4138185409,00;51663
WDOFUT;10/03/2021;15:30:00;8023,42;8034,70;7996,66;8012,15;6556490844,00;81782
WDOFUT;10/03/2021;15:15:00;8062,17;8078,37;8011,45;8024,13;9330650448,00;116041
WDOFUT;10/03/2021;15:00:00;8062,17;8088,94;8047,38;8062,87;9328931357,00;115644
WDOFUT;10/03/2021;14:45:00;8005,11;8086,12;8000,18;8062,17;1,439087362E10;178788
WDOFUT;10/03/2021;14:30:00;8017,79;8021,31;8003,00;8004,41;3877207344,00;48391
WDOFUT;10/03/2021;14:15:00;8015,68;8026,95;7976,23;8017,79;1,010426534E10;126212
WDOFUT;10/03/2021;14:00:00;8001,59;8037,51;7995,95;8015,68;8808024556,00;109847
WDOFUT;10/03/2021;13:45:00;8033,29;8033,99;7991,73;8001,59;8494943899,00;106032
WDOFUT;10/03/2021;13:30:00;8045,97;8057,24;8011,45;8033,99;1,27355867E10;158453
WDOFUT;10/03/2021;13:15:00;8095,28;8105,14;8035,40;8035,40;8095597745,00;100138
WDOFUT;10/03/2021;13:00:00;8117,11;8127,68;8090,35;8095,98;1,046272869E10;129026
WDOFUT;10/03/2021;12:45:00;8090,35;8141,77;8085,41;8117,11;1,449663857E10;178619
WDOFUT;10/03/2021;12:30:00;8107,25;8112,18;8088,23;8091,05;8380943134,00;103482
WDOFUT;10/03/2021;12:15:00;8081,89;8110,07;8078,37;8107,25;1,064795306E10;131527
WDOFUT;10/03/2021;12:00:00;8059,35;8082,60;8059,35;8081,89;8570596546,00;106200
WDOFUT;10/03/2021;11:45:00;8074,85;8085,41;8053,72;8059,35;8106556849,00;100477
WDOFUT;10/03/2021;11:30:00;8084,01;8104,43;8069,92;8074,85;1,081708249E10;133763
WDOFUT;10/03/2021;11:15:00;8070,62;8099,50;8069,92;8084,01;9306651539,00;115082
WDOFUT;10/03/2021;11:00:00;8081,89;8093,16;8065,69;8069,92;1,398955882E10;173150
WDOFUT;10/03/2021;10:45:00;8113,59;8115,70;8081,89;8081,89;1,260443617E10;155593
WDOFUT;10/03/2021;10:30:00;8160,08;8160,79;8105,84;8113,59;1,586653805E10;195234
WDOFUT;10/03/2021;10:15:00;8160,08;8165,72;8146,00;8160,08;7378673245,00;90470
WDOFUT;10/03/2021;10:00:00;8150,22;8165,72;8133,32;8158,67;1,286631213E10;157913
WDOFUT;10/03/2021;09:45:00;8148,81;8165,72;8143,18;8150,22;1,138951372E10;139681
WDOFUT;10/03/2021;09:30:00;8183,33;8193,19;8136,13;8148,11;1,656816789E10;203025
WDOFUT;10/03/2021;09:15:00;8172,06;8198,83;8169,24;8184,03;1,218286649E10;148847
WDOFUT;10/03/2021;09:00:00;8173,47;8181,22;8149,52;8172,06;1,071043436E10;131229
WDOFUT;09/03/2021;18:15:00;8187,56;8192,49;8179,10;8182,63;1268425825,00;15495
WDOFUT;09/03/2021;18:00:00;8187,56;8192,49;8181,92;8186,85;1800051421,00;21984
WDOFUT;09/03/2021;17:45:00;8184,03;8191,08;8174,17;8187,56;2919087874,00;35677
WDOFUT;09/03/2021;17:30:00;8160,08;8188,26;8158,67;8184,03;3379026572,00;41342
WDOFUT;09/03/2021;17:15:00;8154,45;8167,13;8152,33;8160,08;2012934098,00;24670
WDOFUT;09/03/2021;17:00:00;8167,83;8175,58;8141,77;8155,15;5009059319,00;61422
WDOFUT;09/03/2021;16:45:00;8154,45;8172,76;8150,93;8168,54;3244091171,00;39756
WDOFUT;09/03/2021;16:30:00;8164,31;8169,95;8152,33;8154,45;3334557716,00;40860
WDOFUT;09/03/2021;16:15:00;8159,38;8165,72;8153,74;8163,61;1977884919,00;24236
WDOFUT;09/03/2021;16:00:00;8170,65;8170,65;8148,11;8158,67;5464821990,00;66976
WDOFUT;09/03/2021;15:45:00;8176,29;8190,37;8154,45;8169,95;5721745802,00;70000
WDOFUT;09/03/2021;15:30:00;8166,42;8181,22;8162,90;8176,29;3853505668,00;47152
WDOFUT;09/03/2021;15:15:00;8169,24;8180,51;8155,86;8166,42;4530908729,00;55458
WDOFUT;09/03/2021;15:00:00;8163,61;8199,53;8138,95;8168,54;1,30041799E10;159111
WDOFUT;09/03/2021;14:45:00;8156,56;8173,47;8151,63;8164,31;5557403162,00;68068
WDOFUT;09/03/2021;14:30:00;8176,29;8176,99;8134,72;8157,27;1,081524131E10;132652
WDOFUT;09/03/2021;14:15:00;8204,46;8227,71;8141,77;8176,99;1,472268313E10;179759
WDOFUT;09/03/2021;14:00:00;8191,78;8208,69;8191,08;8204,46;5710199566,00;69627
WDOFUT;09/03/2021;13:45:00;8202,35;8205,17;8181,22;8191,08;5308515546,00;64803
WDOFUT;09/03/2021;13:30:00;8193,90;8219,26;8191,08;8202,35;9052624972,00;110324
WDOFUT;09/03/2021;13:15:00;8198,83;8203,76;8185,44;8193,19;4663711850,00;56915
WDOFUT;09/03/2021;13:00:00;8194,60;8210,10;8189,67;8198,12;7823202368,00;95409
WDOFUT;09/03/2021;12:45:00;8186,85;8217,85;8172,06;8194,60;1,190230905E10;145260
WDOFUT;09/03/2021;12:30:00;8237,57;8244,61;8173,47;8186,85;1,449198075E10;176617
WDOFUT;09/03/2021;12:15:00;8243,91;8246,02;8220,66;8237,57;8006045427,00;97229
WDOFUT;09/03/2021;12:00:00;8258,70;8261,52;8226,30;8244,61;1,050931631E10;127527
WDOFUT;09/03/2021;11:45:00;8263,63;8266,45;8248,14;8259,41;6214635206,00;75271
WDOFUT;09/03/2021;11:30:00;8247,43;8274,91;8231,94;8263,63;1,350864898E10;163675
WDOFUT;09/03/2021;11:15:00;8249,55;8268,57;8244,61;8247,43;8647781209,00;104743
WDOFUT;09/03/2021;11:00:00;8268,57;8269,27;8246,73;8249,55;8557251399,00;103637
WDOFUT;09/03/2021;10:45:00;8279,84;8284,06;8255,89;8267,86;9660611066,00;116810
WDOFUT;09/03/2021;10:30:00;8263,63;8281,25;8259,41;8280,54;8566379880,00;103585
WDOFUT;09/03/2021;10:15:00;8246,02;8275,61;8238,98;8263,63;1,426647582E10;172755
WDOFUT;09/03/2021;10:00:00;8255,89;8256,59;8236,87;8246,02;1,07959083E10;130955
WDOFUT;09/03/2021;09:45:00;8234,05;8278,43;8231,94;8255,89;1,849588936E10;223946
WDOFUT;09/03/2021;09:30:00;8206,58;8241,09;8201,64;8233,34;1,231929672E10;149763
WDOFUT;09/03/2021;09:15:00;8212,92;8219,26;8188,26;8206,58;1,115055699E10;135939
WDOFUT;09/03/2021;09:00:00;8227,71;8228,41;8204,46;8212,92;1,019294871E10;124088
WDOFUT;08/03/2021;18:15:00;8234,75;8287,58;8234,75;8287,58;4071924050,00;49281
WDOFUT;08/03/2021;18:00:00;8203,05;8250,25;8202,35;8235,46;6965069438,00;84674
WDOFUT;08/03/2021;17:45:00;8198,12;8212,92;8195,31;8203,05;3614457088,00;44061
WDOFUT;08/03/2021;17:30:00;8205,17;8212,21;8192,49;8198,12;5305872521,00;64697
WDOFUT;08/03/2021;17:15:00;8182,63;8212,92;8179,10;8205,17;1,136144394E10;138618
WDOFUT;08/03/2021;17:00:00;8147,40;8183,33;8147,40;8181,92;9795808451,00;119939
WDOFUT;08/03/2021;16:45:00;8146,00;8155,86;8143,18;8147,40;4462108298,00;54752
WDOFUT;08/03/2021;16:30:00;8136,84;8150,22;8132,61;8146,70;3960242732,00;48645
WDOFUT;08/03/2021;16:15:00;8137,54;8145,29;8129,79;8136,13;4016410291,00;49353
WDOFUT;08/03/2021;16:00:00;8142,47;8149,52;8129,79;8137,54;7128833194,00;87598
WDOFUT;08/03/2021;15:45:00;8134,72;8158,67;8132,61;8143,18;1,184334153E10;145400
WDOFUT;08/03/2021;15:30:00;8076,96;8158,67;8076,96;8134,72;2,036545075E10;250746
WDOFUT;08/03/2021;15:15:00;8076,26;8080,48;8072,73;8076,26;2858368842,00;35390
WDOFUT;08/03/2021;15:00:00;8069,92;8082,60;8066,39;8076,96;3899293078,00;48294
WDOFUT;08/03/2021;14:45:00;8075,55;8081,19;8066,39;8070,62;4710637889,00;58334
WDOFUT;08/03/2021;14:30:00;8068,51;8079,78;8065,69;8075,55;4389286011,00;54373
WDOFUT;08/03/2021;14:15:00;8087,53;8089,64;8067,10;8067,80;5044464622,00;62465
WDOFUT;08/03/2021;14:00:00;8086,82;8091,05;8073,44;8087,53;5295214222,00;65521
WDOFUT;08/03/2021;13:45:00;8083,30;8100,21;8078,37;8087,53;8683368719,00;107351
WDOFUT;08/03/2021;13:30:00;8060,06;8084,71;8056,53;8083,30;5949544400,00;73692
WDOFUT;08/03/2021;13:15:00;8067,80;8072,03;8054,42;8060,06;4594149736,00;56971
WDOFUT;08/03/2021;13:00:00;8064,28;8076,26;8059,35;8067,80;6551569561,00;81194
WDOFUT;08/03/2021;12:45:00;8053,72;8065,69;8048,08;8064,28;5393822739,00;66943
WDOFUT;08/03/2021;12:30:00;8057,24;8064,28;8044,56;8053,72;8306706294,00;103110
WDOFUT;08/03/2021;12:15:00;8076,96;8081,19;8053,01;8057,94;7917371713,00;98153
WDOFUT;08/03/2021;12:00:00;8082,60;8085,41;8073,44;8076,96;6740817659,00;83434
WDOFUT;08/03/2021;11:45:00;8063,58;8088,23;8060,06;8082,60;1,023500359E10;126772
WDOFUT;08/03/2021;11:30:00;8067,80;8082,60;8056,53;8063,58;1,235831643E10;153158
WDOFUT;08/03/2021;11:15:00;8071,33;8079,07;8060,76;8067,10;7242256709,00;89747
WDOFUT;08/03/2021;11:00:00;8071,33;8076,26;8063,58;8071,33;6817506892,00;84476
WDOFUT;08/03/2021;10:45:00;8086,12;8088,23;8066,39;8070,62;1,082832441E10;134091
WDOFUT;08/03/2021;10:30:00;8098,80;8103,73;8084,71;8086,12;7177315270,00;88662
WDOFUT;08/03/2021;10:15:00;8107,25;8113,59;8081,19;8098,09;1,046072755E10;129197
WDOFUT;08/03/2021;10:00:00;8105,84;8126,98;8105,14;8107,96;1,156655392E10;142510
WDOFUT;08/03/2021;09:45:00;8088,94;8114,30;8083,30;8105,84;9629189968,00;118902
WDOFUT;08/03/2021;09:30:00;8097,39;8105,84;8076,26;8089,64;1,159963576E10;143340
WDOFUT;08/03/2021;09:15:00;8106,55;8118,52;8094,57;8098,09;1,065005511E10;131369
WDOFUT;08/03/2021;09:00:00;8086,82;8107,96;8081,19;8105,84;9499684263,00;117372
WDOFUT;05/03/2021;18:15:00;8026,24;8035,40;8019,20;8026,24;1621433396,00;20198
WDOFUT;05/03/2021;18:00:00;8012,86;8028,36;8005,81;8028,36;1502024583,00;18745
WDOFUT;05/03/2021;17:45:00;8017,79;8021,31;8007,22;8012,86;2047483783,00;25548
WDOFUT;05/03/2021;17:30:00;8016,38;8019,20;8010,75;8017,79;1704233161,00;21261
WDOFUT;05/03/2021;17:15:00;8019,20;8022,72;8013,56;8016,38;1924327305,00;24001
WDOFUT;05/03/2021;17:00:00;8014,27;8022,72;8003,70;8019,20;3159508889,00;39423
WDOFUT;05/03/2021;16:45:00;8026,24;8028,36;8003,00;8014,27;4308615694,00;53768
WDOFUT;05/03/2021;16:30:00;8029,76;8031,17;8022,72;8026,24;2234865071,00;27843
WDOFUT;05/03/2021;16:15:00;8028,36;8034,70;8025,54;8029,76;2909723784,00;36229
WDOFUT;05/03/2021;16:00:00;8026,24;8033,29;8023,42;8028,36;3733358108,00;46505
WDOFUT;05/03/2021;15:45:00;8014,27;8035,40;8011,45;8025,54;4299621076,00;53574
WDOFUT;05/03/2021;15:30:00;8024,83;8033,29;8010,75;8014,27;5279543297,00;65818
WDOFUT;05/03/2021;15:15:00;8028,36;8033,29;8010,04;8024,13;5023177511,00;62628
WDOFUT;05/03/2021;15:00:00;8025,54;8034,70;8013,56;8029,06;4362369682,00;54362
WDOFUT;05/03/2021;14:45:00;8024,13;8030,47;8019,90;8025,54;2865775344,00;35710
WDOFUT;05/03/2021;14:30:00;8029,76;8036,81;8018,49;8023,42;4521175821,00;56323
WDOFUT;05/03/2021;14:15:00;8047,38;8048,08;8024,83;8029,06;4609153907,00;57362
WDOFUT;05/03/2021;14:00:00;8027,65;8053,01;8022,72;8048,08;5143285996,00;63984
WDOFUT;05/03/2021;13:45:00;8034,70;8043,15;8025,54;8026,95;5642117608,00;70225
WDOFUT;05/03/2021;13:30:00;8043,85;8043,85;8019,20;8035,40;6195505100,00;77128
WDOFUT;05/03/2021;13:15:00;8017,79;8067,10;8012,86;8043,15;9500441107,00;118250
WDOFUT;05/03/2021;13:00:00;8009,34;8023,42;8003,70;8018,49;7382951224,00;92111
WDOFUT;05/03/2021;12:45:00;8003,70;8015,68;7981,16;8009,34;7138325335,00;89268
WDOFUT;05/03/2021;12:30:00;8000,18;8012,15;7988,91;8003,00;6413841431,00;80135
WDOFUT;05/03/2021;12:15:00;8014,27;8021,31;7981,16;8000,88;8395760181,00;104898
WDOFUT;05/03/2021;12:00:00;8007,22;8019,90;7993,13;8014,27;6885243948,00;85991
WDOFUT;05/03/2021;11:45:00;8015,68;8024,83;7993,13;8007,22;7882661842,00;98414
WDOFUT;05/03/2021;11:30:00;7986,79;8031,17;7983,27;8015,68;1,023347668E10;127724
WDOFUT;05/03/2021;11:15:00;8009,34;8010,04;7970,59;7987,50;1,125594885E10;140887
WDOFUT;05/03/2021;11:00:00;8031,17;8033,99;8003,00;8009,34;9503895899,00;118550
WDOFUT;05/03/2021;10:45:00;8028,36;8036,81;8010,04;8031,88;9813071247,00;122289
WDOFUT;05/03/2021;10:30:00;8022,02;8068,51;8019,90;8028,36;1,806906728E10;224553
WDOFUT;05/03/2021;10:15:00;8029,76;8030,47;8017,08;8022,02;6225622635,00;77595
WDOFUT;05/03/2021;10:00:00;8036,81;8039,63;8024,13;8030,47;7488693820,00;93238
WDOFUT;05/03/2021;09:45:00;8038,22;8049,49;8031,17;8036,81;8748447245,00;108796
WDOFUT;05/03/2021;09:30:00;8002,29;8041,04;8001,59;8038,92;1,093433306E10;136324
WDOFUT;05/03/2021;09:15:00;8002,29;8016,38;7997,36;8002,29;6899541810,00;86186
WDOFUT;05/03/2021;09:00:00;8006,52;8021,31;7992,43;8003,00;9247533607,00;115501
WDOFUT;04/03/2021;18:15:00;7982,57;7995,25;7977,64;7995,25;1683354068,00;21079
WDOFUT;04/03/2021;18:00:00;7994,54;8002,29;7982,57;7982,57;1771575181,00;22161
WDOFUT;04/03/2021;17:45:00;7990,32;7996,66;7983,98;7994,54;3432275873,00;42957
WDOFUT;04/03/2021;17:30:00;7996,66;8002,29;7986,79;7989,61;3176381292,00;39733
WDOFUT;04/03/2021;17:15:00;7995,95;8012,15;7988,91;7995,95;4354887778,00;54431
WDOFUT;04/03/2021;17:00:00;7983,98;8007,22;7978,34;7995,25;4597412389,00;57502
WDOFUT;04/03/2021;16:45:00;8011,45;8012,15;7972,71;7983,98;5359243455,00;67087
WDOFUT;04/03/2021;16:30:00;7980,45;8016,38;7980,45;8010,75;7107330500,00;88827
WDOFUT;04/03/2021;16:15:00;7988,91;7998,77;7967,07;7981,16;6649502808,00;83325
WDOFUT;04/03/2021;16:00:00;7987,50;7997,36;7976,93;7988,91;8299916392,00;103920
WDOFUT;04/03/2021;15:45:00;7949,46;7991,73;7944,53;7988,20;9943470173,00;124813
WDOFUT;04/03/2021;15:30:00;7913,53;7957,91;7907,90;7949,46;1,119350245E10;141093
WDOFUT;04/03/2021;15:15:00;7931,14;7937,48;7912,13;7912,83;6834636199,00;86225
WDOFUT;04/03/2021;15:00:00;7921,28;7937,48;7902,26;7931,85;9172206842,00;115792
WDOFUT;04/03/2021;14:45:00;7883,24;7933,26;7879,72;7921,28;1,159879526E10;146866
WDOFUT;04/03/2021;14:30:00;7866,34;7889,58;7864,22;7883,24;8700067255,00;110455
WDOFUT;04/03/2021;14:15:00;7852,95;7876,20;7839,57;7866,34;9702657299,00;123434
WDOFUT;04/03/2021;14:00:00;7853,66;7871,27;7838,16;7852,95;6530942921,00;83169
WDOFUT;04/03/2021;13:45:00;7841,68;7857,18;7838,16;7853,66;5399182366,00;68804
WDOFUT;04/03/2021;13:30:00;7833,23;7868,45;7819,14;7841,68;9660448414,00;123235
WDOFUT;04/03/2021;13:15:00;7864,22;7870,56;7831,82;7833,93;6368226063,00;81059
WDOFUT;04/03/2021;13:00:00;7834,64;7878,31;7833,23;7863,52;1,546953993E10;196876
WDOFUT;04/03/2021;12:45:00;7890,99;7914,24;7821,25;7834,64;1,442817174E10;183240
WDOFUT;04/03/2021;12:30:00;7927,62;7930,44;7882,54;7890,99;9584940182,00;121282
WDOFUT;04/03/2021;12:15:00;7934,67;7952,98;7923,40;7927,62;9298058930,00;117153
WDOFUT;04/03/2021;12:00:00;7900,15;7948,76;7898,04;7934,67;1,213249497E10;153037
WDOFUT;04/03/2021;11:45:00;7913,53;7933,96;7892,40;7900,85;1,160207349E10;146602
WDOFUT;04/03/2021;11:30:00;7903,67;7917,76;7871,97;7914,24;1,45288355E10;184001
WDOFUT;04/03/2021;11:15:00;7896,63;7912,13;7890,99;7902,97;6723294020,00;85071
WDOFUT;04/03/2021;11:00:00;7898,74;7910,72;7889,58;7897,33;9403104362,00;119024
WDOFUT;04/03/2021;10:45:00;7895,22;7902,26;7877,61;7899,45;8789295565,00;111412
WDOFUT;04/03/2021;10:30:00;7915,65;7924,10;7881,83;7895,22;1,11026749E10;140460
WDOFUT;04/03/2021;10:15:00;7907,19;7919,87;7896,63;7914,94;8873305077,00;112207
WDOFUT;04/03/2021;10:00:00;7930,44;7933,26;7902,26;7906,49;1,413611572E10;178551
WDOFUT;04/03/2021;09:45:00;7919,17;7937,48;7914,24;7930,44;1,172014772E10;147892
WDOFUT;04/03/2021;09:30:00;7893,11;7922,69;7888,17;7919,17;1,078819051E10;136485
WDOFUT;04/03/2021;09:15:00;7864,22;7894,51;7855,07;7892,40;1,341839652E10;170376
WDOFUT;04/03/2021;09:00:00;7876,90;7888,17;7849,43;7864,22;1,141466975E10;145107
WDOFUT;03/03/2021;18:15:00;7927,62;7939,60;7912,13;7920,58;1407229644,00;17752
WDOFUT;03/03/2021;18:00:00;7931,14;7955,10;7900,85;7927,62;3678916381,00;46394
WDOFUT;03/03/2021;17:45:00;7895,92;7934,67;7881,13;7932,55;4925973846,00;62285
WDOFUT;03/03/2021;17:30:00;7949,46;7952,98;7870,56;7895,22;7174970923,00;90707
WDOFUT;03/03/2021;17:15:00;7938,89;7972,71;7927,62;7949,46;7290893470,00;91732
WDOFUT;03/03/2021;17:00:00;7986,09;8007,22;7930,44;7938,89;1,007837515E10;126428
WDOFUT;03/03/2021;16:45:00;8022,02;8026,95;7950,87;7986,09;1,450014054E10;181546
WDOFUT;03/03/2021;16:30:00;8107,25;8115,70;7978,34;7978,34;1,399634704E10;173732
WDOFUT;03/03/2021;16:15:00;8111,48;8115,00;8097,39;8107,25;4179038504,00;51552
WDOFUT;03/03/2021;16:00:00;8116,41;8127,68;8104,43;8110,77;7078857394,00;87201
WDOFUT;03/03/2021;15:45:00;8089,64;8119,93;8074,14;8116,41;9804346425,00;121035
WDOFUT;03/03/2021;15:30:00;8092,46;8099,50;8074,85;8090,35;1,155767986E10;142924
WDOFUT;03/03/2021;15:15:00;8113,59;8114,30;8079,07;8092,46;1,300095995E10;160589
WDOFUT;03/03/2021;15:00:00;8126,98;8130,50;8110,77;8112,89;4574126325,00;56332
WDOFUT;03/03/2021;14:45:00;8122,04;8130,50;8107,25;8126,98;7331144083,00;90300
WDOFUT;03/03/2021;14:30:00;8129,79;8134,02;8119,23;8122,04;4502957307,00;55410
WDOFUT;03/03/2021;14:15:00;8126,98;8134,72;8122,04;8129,79;3807001651,00;46837
WDOFUT;03/03/2021;14:00:00;8126,98;8131,91;8123,45;8126,27;3843128217,00;47285
WDOFUT;03/03/2021;13:45:00;8126,98;8132,61;8122,04;8126,98;4375696682,00;53844
WDOFUT;03/03/2021;13:30:00;8136,13;8141,06;8125,57;8126,27;4570128856,00;56185
WDOFUT;03/03/2021;13:15:00;8132,61;8142,47;8131,91;8136,13;5541877180,00;68100
WDOFUT;03/03/2021;13:00:00;8123,45;8138,25;8110,07;8132,61;1,035613819E10;127465
WDOFUT;03/03/2021;12:45:00;8112,18;8125,57;8100,91;8122,75;7381932214,00;91017
WDOFUT;03/03/2021;12:30:00;8112,89;8126,27;8103,73;8112,89;8980702605,00;110681
WDOFUT;03/03/2021;12:15:00;8098,80;8117,11;8084,01;8112,18;1,247833925E10;154146
WDOFUT;03/03/2021;12:00:00;8101,62;8106,55;8072,73;8098,80;1,533029397E10;189431
WDOFUT;03/03/2021;11:45:00;8101,62;8109,36;8089,64;8101,62;7840412290,00;96799
WDOFUT;03/03/2021;11:30:00;8099,50;8110,77;8091,75;8101,62;1,164635902E10;143755
WDOFUT;03/03/2021;11:15:00;8091,75;8100,21;8086,12;8100,21;8855731910,00;109427
WDOFUT;03/03/2021;11:00:00;8064,99;8094,57;8064,28;8091,75;1,534472768E10;189868
WDOFUT;03/03/2021;10:45:00;8057,24;8071,33;8055,12;8064,99;1,049924041E10;130220
WDOFUT;03/03/2021;10:30:00;8047,38;8058,65;8040,33;8057,94;8836232374,00;109763
WDOFUT;03/03/2021;10:15:00;8058,65;8060,06;8045,97;8046,67;7060763895,00;87675
WDOFUT;03/03/2021;10:00:00;8057,24;8064,99;8052,31;8059,35;8334390977,00;103414
WDOFUT;03/03/2021;09:45:00;8040,33;8060,76;8038,92;8057,24;8483641929,00;105370
WDOFUT;03/03/2021;09:30:00;8040,33;8048,08;8034,70;8041,04;7633576718,00;94923
WDOFUT;03/03/2021;09:15:00;8029,06;8044,56;8024,83;8041,04;9501511336,00;118257
WDOFUT;03/03/2021;09:00:00;8021,31;8041,04;7999,47;8029,06;1,22832455E10;153104
WDOFUT;02/03/2021;18:15:00;8004,41;8022,72;8004,41;8010,75;2120209063,00;26455
WDOFUT;02/03/2021;18:00:00;7990,32;8008,63;7987,50;8004,41;1882897009,00;23546
WDOFUT;02/03/2021;17:45:00;7977,64;8000,88;7975,52;7989,61;3224079834,00;40348
WDOFUT;02/03/2021;17:30:00;7981,16;7988,20;7975,52;7976,93;2111878135,00;26458
WDOFUT;02/03/2021;17:15:00;7974,82;7984,68;7972,71;7981,86;2865659036,00;35912
WDOFUT;02/03/2021;17:00:00;7993,13;7993,13;7971,30;7974,82;3963288182,00;49666
WDOFUT;02/03/2021;16:45:00;7983,27;7993,84;7978,34;7992,43;3933787042,00;49258
WDOFUT;02/03/2021;16:30:00;7993,84;7996,66;7961,44;7983,27;7060080397,00;88467
WDOFUT;02/03/2021;16:15:00;8005,81;8010,04;7993,13;7993,84;3223127251,00;40274
WDOFUT;02/03/2021;16:00:00;7995,25;8024,83;7994,54;8005,11;7035567538,00;87863
WDOFUT;02/03/2021;15:45:00;8014,97;8021,31;7957,91;7957,91;5794486200,00;72397
WDOFUT;02/03/2021;15:30:00;8020,61;8022,02;8011,45;8014,97;3448195433,00;43012
WDOFUT;02/03/2021;15:15:00;8016,38;8029,06;8014,27;8020,61;3797686948,00;47339
WDOFUT;02/03/2021;15:00:00;8036,81;8037,51;8009,34;8016,38;6192410136,00;77193
WDOFUT;02/03/2021;14:45:00;8026,24;8041,74;8019,90;8037,51;6088860400,00;75823
WDOFUT;02/03/2021;14:30:00;8039,63;8045,26;8012,86;8026,95;8728032856,00;108728
WDOFUT;02/03/2021;14:15:00;8046,67;8053,01;8034,70;8039,63;4604365246,00;57255
WDOFUT;02/03/2021;14:00:00;8055,83;8059,35;8037,51;8046,67;6160054327,00;76579
WDOFUT;02/03/2021;13:45:00;8060,76;8067,80;8049,49;8055,12;5461732373,00;67780
WDOFUT;02/03/2021;13:30:00;8065,69;8071,33;8048,08;8060,76;5750143112,00;71356
WDOFUT;02/03/2021;13:15:00;8058,65;8072,73;8048,78;8065,69;7023630957,00;87136
WDOFUT;02/03/2021;13:00:00;8038,92;8068,51;8033,99;8057,94;1,120577778E10;139139
WDOFUT;02/03/2021;12:45:00;8084,71;8086,12;8020,61;8038,92;2,123458442E10;263785
WDOFUT;02/03/2021;12:30:00;8070,62;8087,53;8062,87;8084,71;9580528404,00;118624
WDOFUT;02/03/2021;12:15:00;8055,12;8074,14;8046,67;8071,33;1,088196562E10;135048
WDOFUT;02/03/2021;12:00:00;8033,29;8055,12;8029,76;8055,12;9751016728,00;121223
WDOFUT;02/03/2021;11:45:00;8012,86;8055,83;8011,45;8033,29;1,695798915E10;210905
WDOFUT;02/03/2021;11:30:00;8012,15;8024,83;8006,52;8013,56;8694448026,00;108467
WDOFUT;02/03/2021;11:15:00;8002,29;8014,97;7997,36;8011,45;7089354471,00;88549
WDOFUT;02/03/2021;11:00:00;7996,66;8018,49;7989,61;8003,00;1,1392966E10;142374
WDOFUT;02/03/2021;10:45:00;8010,04;8019,90;7994,54;7995,95;9378066395,00;117152
WDOFUT;02/03/2021;10:30:00;8010,75;8026,24;8002,29;8010,04;8874532576,00;110760
WDOFUT;02/03/2021;10:15:00;8019,20;8034,70;8007,93;8011,45;1,002543481E10;125004
WDOFUT;02/03/2021;10:00:00;7995,25;8028,36;7993,84;8019,20;1,287832611E10;160737
WDOFUT;02/03/2021;09:45:00;8007,93;8014,27;7992,43;7995,25;7380339997,00;92217
WDOFUT;02/03/2021;09:30:00;7997,36;8030,47;7995,25;8008,63;1,386184065E10;172924
WDOFUT;02/03/2021;09:15:00;7988,91;8016,38;7979,75;7997,36;1,693484351E10;211669
WDOFUT;02/03/2021;09:00:00;7992,43;8000,18;7976,23;7988,20;1,087602202E10;136162
WDOFUT;01/03/2021;18:15:00;7947,35;7960,03;7942,42;7956,50;2652792603,00;33370
WDOFUT;01/03/2021;18:00:00;7946,64;7957,91;7943,12;7947,35;2334070739,00;29359
WDOFUT;01/03/2021;17:45:00;7931,85;7956,50;7930,44;7946,64;5942923214,00;74799
WDOFUT;01/03/2021;17:30:00;7933,96;7937,48;7925,51;7931,85;3817837670,00;48136
WDOFUT;01/03/2021;17:15:00;7912,83;7937,48;7911,42;7933,96;6216517907,00;78454
WDOFUT;01/03/2021;17:00:00;7900,15;7917,76;7898,74;7912,83;5847510337,00;73936
WDOFUT;01/03/2021;16:45:00;7893,81;7900,85;7886,77;7900,15;4237878434,00;53683
WDOFUT;01/03/2021;16:30:00;7898,74;7904,38;7893,11;7893,81;2418567482,00;30620
WDOFUT;01/03/2021;16:15:00;7900,15;7902,97;7893,81;7898,74;2221830317,00;28132
WDOFUT;01/03/2021;16:00:00;7902,97;7906,49;7895,22;7900,15;3717773475,00;47056
WDOFUT;01/03/2021;15:45:00;7896,63;7910,01;7892,40;7902,97;7314073616,00;92582
WDOFUT;01/03/2021;15:30:00;7893,11;7900,85;7890,99;7896,63;3474230037,00;43996
WDOFUT;01/03/2021;15:15:00;7894,51;7897,33;7886,06;7893,11;3602264589,00;45643
WDOFUT;01/03/2021;15:00:00;7890,29;7901,56;7877,61;7893,81;6140048068,00;77809
WDOFUT;01/03/2021;14:45:00;7874,79;7890,99;7867,04;7889,58;6748567259,00;85660
WDOFUT;01/03/2021;14:30:00;7862,82;7875,50;7852,25;7874,79;4247754763,00;54034
WDOFUT;01/03/2021;14:15:00;7853,66;7864,22;7848,73;7862,11;3602280988,00;45858
WDOFUT;01/03/2021;14:00:00;7860,00;7860,00;7851,54;7853,66;2436804241,00;31023
WDOFUT;01/03/2021;13:45:00;7858,59;7862,11;7850,14;7860,00;2723499777,00;34665
WDOFUT;01/03/2021;13:30:00;7866,34;7866,34;7855,07;7857,88;3049246935,00;38789
WDOFUT;01/03/2021;13:15:00;7860,70;7872,68;7856,48;7865,63;4299670717,00;54676
WDOFUT;01/03/2021;13:00:00;7860,00;7867,04;7854,36;7860,00;5347555720,00;68030
WDOFUT;01/03/2021;12:45:00;7844,50;7861,41;7837,46;7860,00;6355678603,00;80954
WDOFUT;01/03/2021;12:30:00;7857,88;7859,29;7841,68;7843,80;5291604625,00;67412
WDOFUT;01/03/2021;12:15:00;7874,79;7875,50;7838,16;7857,88;1,32712603E10;168964
WDOFUT;01/03/2021;12:00:00;7890,29;7905,08;7871,97;7874,09;9349985253,00;118505
WDOFUT;01/03/2021;11:45:00;7876,90;7907,19;7875,50;7890,29;1,062000262E10;134532
WDOFUT;01/03/2021;11:30:00;7860,70;7887,47;7853,66;7876,90;1,010426239E10;128340
WDOFUT;01/03/2021;11:15:00;7850,84;7865,63;7847,32;7860,00;8722608331,00;111020
WDOFUT;01/03/2021;11:00:00;7877,61;7889,58;7849,43;7850,14;1,470245813E10;186812
WDOFUT;01/03/2021;10:45:00;7889,58;7890,29;7871,27;7877,61;7735547523,00;98180
WDOFUT;01/03/2021;10:30:00;7908,60;7912,13;7883,95;7889,58;9313067377,00;117905
WDOFUT;01/03/2021;10:15:00;7869,86;7910,01;7869,16;7908,60;1,120897611E10;142063
WDOFUT;01/03/2021;10:00:00;7874,09;7884,65;7866,34;7869,16;6060226840,00;76963
WDOFUT;01/03/2021;09:45:00;7886,06;7888,17;7869,16;7874,09;5335064586,00;67734
WDOFUT;01/03/2021;09:30:00;7895,22;7895,22;7865,63;7886,06;1,343943303E10;170545
WDOFUT;01/03/2021;09:15:00;7894,51;7905,79;7880,43;7894,51;9122573204,00;115584
WDOFUT;01/03/2021;09:00:00;7879,72;7900,15;7862,11;7894,51;1,211702302E10;153787
WDOFUT;26/02/2021;18:15:00;7918,47;7920,58;7886,06;7903,67;2622163781,00;33171
WDOFUT;26/02/2021;18:00:00;7903,67;7928,33;7902,26;7919,17;3202398420,00;40442
WDOFUT;26/02/2021;17:45:00;7878,31;7905,08;7875,50;7902,97;2949196068,00;37377
WDOFUT;26/02/2021;17:30:00;7887,47;7888,88;7876,90;7878,31;2140556229,00;27158
WDOFUT;26/02/2021;17:15:00;7888,17;7893,11;7876,90;7887,47;3428779520,00;43481
WDOFUT;26/02/2021;17:00:00;7900,15;7909,31;7883,95;7888,17;3981750054,00;50419
WDOFUT;26/02/2021;16:45:00;7882,54;7905,08;7881,83;7900,15;4013584284,00;50854
WDOFUT;26/02/2021;16:30:00;7873,38;7886,77;7864,22;7883,24;3904535121,00;49568
WDOFUT;26/02/2021;16:15:00;7871,97;7882,54;7868,45;7873,38;5753293542,00;73058
WDOFUT;26/02/2021;16:00:00;7876,20;7910,01;7868,45;7868,45;9662755589,00;122504
WDOFUT;26/02/2021;15:45:00;7871,97;7881,13;7865,63;7876,20;4743447518,00;60233
WDOFUT;26/02/2021;15:30:00;7850,14;7874,79;7847,32;7871,97;7471338201,00;95052
WDOFUT;26/02/2021;15:15:00;7859,29;7865,63;7849,43;7850,14;5841197177,00;74345
WDOFUT;26/02/2021;15:00:00;7869,86;7886,06;7855,77;7860,00;8720102183,00;110770
WDOFUT;26/02/2021;14:45:00;7868,45;7874,09;7865,63;7869,16;4185508075,00;53187
WDOFUT;26/02/2021;14:30:00;7865,63;7872,68;7862,82;7869,16;3745130571,00;47600
WDOFUT;26/02/2021;14:15:00;7860,00;7869,86;7858,59;7865,63;3724848833,00;47359
WDOFUT;26/02/2021;14:00:00;7860,00;7869,86;7856,48;7860,00;3960744573,00;50376
WDOFUT;26/02/2021;13:45:00;7869,16;7872,68;7859,29;7860,00;3090868511,00;39303
WDOFUT;26/02/2021;13:30:00;7866,34;7871,27;7855,07;7869,16;4635184651,00;58962
WDOFUT;26/02/2021;13:15:00;7864,22;7874,09;7857,88;7867,04;6197149057,00;78798
WDOFUT;26/02/2021;13:00:00;7858,59;7869,16;7840,27;7863,52;1,14351386E10;145517
WDOFUT;26/02/2021;12:45:00;7836,75;7862,11;7829,00;7858,59;9631814009,00;122766
WDOFUT;26/02/2021;12:30:00;7841,68;7860,00;7831,12;7836,75;8907947168,00;113581
WDOFUT;26/02/2021;12:15:00;7840,27;7854,36;7802,94;7842,39;1,48116017E10;189174
WDOFUT;26/02/2021;12:00:00;7816,32;7855,77;7816,32;7839,57;1,39415117E10;177902
WDOFUT;26/02/2021;11:45:00;7786,03;7819,14;7773,35;7817,03;1,279684448E10;164123
WDOFUT;26/02/2021;11:30:00;7750,81;7793,08;7749,40;7786,03;1,275732288E10;164039
WDOFUT;26/02/2021;11:15:00;7760,67;7768,42;7745,88;7750,81;5763400099,00;74292
WDOFUT;26/02/2021;11:00:00;7750,81;7770,54;7746,58;7759,97;7298996100,00;94052
WDOFUT;26/02/2021;10:45:00;7752,22;7759,97;7745,18;7750,11;7121762521,00;91877
WDOFUT;26/02/2021;10:30:00;7772,65;7776,88;7750,81;7752,22;8984850096,00;115728
WDOFUT;26/02/2021;10:15:00;7754,33;7774,06;7752,92;7772,65;8722470305,00;112350
WDOFUT;26/02/2021;10:00:00;7779,69;7785,33;7754,33;7755,04;1,138716324E10;146600
WDOFUT;26/02/2021;09:45:00;7773,35;7789,55;7763,49;7780,40;9436827739,00;121349
WDOFUT;26/02/2021;09:30:00;7789,55;7797,30;7766,31;7773,35;9802083861,00;126017
WDOFUT;26/02/2021;09:15:00;7807,17;7815,62;7788,15;7788,85;9604143133,00;123113
WDOFUT;26/02/2021;09:00:00;7800,12;7813,51;7771,94;7806,46;1,1331483E10;145372
WDOFUT;25/02/2021;18:15:00;7794,48;7813,51;7793,77;7805,05;2431317952,00;31163
WDOFUT;25/02/2021;18:00:00;7786,02;7796,59;7780,38;7795,18;2041740828,00;26223
WDOFUT;25/02/2021;17:45:00;7786,02;7787,43;7776,15;7786,02;3067419280,00;39421
WDOFUT;25/02/2021;17:30:00;7784,61;7800,82;7783,20;7786,72;4604840050,00;59109
WDOFUT;25/02/2021;17:15:00;7769,80;7786,02;7768,39;7784,61;3977044190,00;51134
WDOFUT;25/02/2021;17:00:00;7771,21;7776,85;7764,87;7769,80;4002226696,00;51498
WDOFUT;25/02/2021;16:45:00;7763,46;7771,92;7759,93;7771,21;3856833206,00;49672
WDOFUT;25/02/2021;16:30:00;7762,75;7769,80;7757,82;7763,46;3648491197,00;46989
WDOFUT;25/02/2021;16:15:00;7762,75;7774,74;7759,23;7762,05;4577368951,00;58936
WDOFUT;25/02/2021;16:00:00;7772,62;7781,08;7753,59;7762,75;6661634336,00;85794
WDOFUT;25/02/2021;15:45:00;7776,85;7781,08;7759,93;7773,33;8201190430,00;105529
WDOFUT;25/02/2021;15:30:00;7789,54;7809,28;7755,00;7776,85;1,419525421E10;182382
WDOFUT;25/02/2021;15:15:00;7787,43;7801,53;7776,15;7788,84;1,031975107E10;132556
WDOFUT;25/02/2021;15:00:00;7774,74;7806,46;7764,16;7786,72;1,691967403E10;217186
WDOFUT;25/02/2021;14:45:00;7763,46;7780,38;7759,93;7774,74;8018548968,00;103200
WDOFUT;25/02/2021;14:30:00;7761,34;7770,51;7759,23;7762,75;5536243438,00;71305
WDOFUT;25/02/2021;14:15:00;7743,01;7765,57;7738,78;7762,05;8315387271,00;107234
WDOFUT;25/02/2021;14:00:00;7744,42;7750,77;7735,96;7743,01;6854522701,00;88501
WDOFUT;25/02/2021;13:45:00;7745,83;7758,52;7729,62;7743,72;8230447997,00;106289
WDOFUT;25/02/2021;13:30:00;7713,40;7753,59;7711,99;7746,54;1,08348298E10;140023
WDOFUT;25/02/2021;13:15:00;7767,69;7770,51;7709,17;7714,11;2,0715247E10;267997
WDOFUT;25/02/2021;13:00:00;7762,75;7774,03;7758,52;7768,39;9361841933,00;120537
WDOFUT;25/02/2021;12:45:00;7745,83;7767,69;7745,13;7762,75;1,188286739E10;153169
WDOFUT;25/02/2021;12:30:00;7734,55;7755,00;7734,55;7745,83;1,190472911E10;153661
WDOFUT;25/02/2021;12:15:00;7722,57;7740,90;7715,52;7734,55;1,284067571E10;166160
WDOFUT;25/02/2021;12:00:00;7692,96;7727,50;7690,14;7722,57;1,468253213E10;190419
WDOFUT;25/02/2021;11:45:00;7675,33;7692,96;7673,22;7692,25;1,080085984E10;140551
WDOFUT;25/02/2021;11:30:00;7688,73;7692,96;7669,69;7676,04;8251253739,00;107463
WDOFUT;25/02/2021;11:15:00;7683,79;7698,60;7680,27;7688,73;1,261481227E10;164060
WDOFUT;25/02/2021;11:00:00;7673,22;7687,32;7657,71;7683,09;1,148052817E10;149640
WDOFUT;25/02/2021;10:45:00;7652,07;7676,04;7651,36;7673,92;8937213504,00;116604
WDOFUT;25/02/2021;10:30:00;7673,22;7674,63;7646,43;7652,77;1,306658175E10;170589
WDOFUT;25/02/2021;10:15:00;7688,73;7688,73;7666,87;7673,22;9278243406,00;120868
WDOFUT;25/02/2021;10:00:00;7673,92;7688,73;7662,64;7688,02;1,307255089E10;170378
WDOFUT;25/02/2021;09:45:00;7659,82;7675,33;7659,12;7674,63;8666317852,00;113023
WDOFUT;25/02/2021;09:30:00;7657,00;7663,35;7649,25;7660,53;8513059067,00;111177
WDOFUT;25/02/2021;09:15:00;7661,23;7666,87;7640,08;7657,71;1,112870323E10;145402
WDOFUT;25/02/2021;09:00:00;7665,46;7668,28;7653,48;7660,53;8703119658,00;113585
WDOFUT;24/02/2021;18:15:00;7641,49;7642,90;7614,00;7621,05;1321254158,00;17309
WDOFUT;24/02/2021;18:00:00;7635,85;7642,20;7635,15;7640,08;1237870593,00;16203
WDOFUT;24/02/2021;17:45:00;7640,08;7640,79;7633,74;7635,85;2148932580,00;28138
WDOFUT;24/02/2021;17:30:00;7640,79;7647,13;7638,67;7639,38;2354963728,00;30812
WDOFUT;24/02/2021;17:15:00;7643,61;7652,07;7640,08;7641,49;2498329237,00;32677
WDOFUT;24/02/2021;17:00:00;7643,61;7647,84;7639,38;7642,90;2689850996,00;35192
WDOFUT;24/02/2021;16:45:00;7652,77;7655,59;7642,20;7643,61;3185933040,00;41656
WDOFUT;24/02/2021;16:30:00;7661,94;7661,94;7650,66;7653,48;3083427082,00;40276
WDOFUT;24/02/2021;16:15:00;7661,23;7668,28;7659,82;7661,23;3828451671,00;49954
WDOFUT;24/02/2021;16:00:00;7648,54;7662,64;7647,84;7660,53;4620564125,00;60333
WDOFUT;24/02/2021;15:45:00;7646,43;7657,71;7646,43;7648,54;3371860654,00;44068
WDOFUT;24/02/2021;15:30:00;7654,89;7656,30;7645,72;7647,13;4124289333,00;53908
WDOFUT;24/02/2021;15:15:00;7653,48;7659,12;7650,66;7654,89;3760122784,00;49121
WDOFUT;24/02/2021;15:00:00;7642,90;7656,30;7640,08;7652,77;4957279252,00;64811
WDOFUT;24/02/2021;14:45:00;7639,38;7645,02;7635,85;7642,90;2639386915,00;34542
WDOFUT;24/02/2021;14:30:00;7645,72;7648,54;7635,85;7640,08;4587521442,00;60029
WDOFUT;24/02/2021;14:15:00;7642,20;7656,30;7635,15;7645,72;5262325234,00;68823
WDOFUT;24/02/2021;14:00:00;7650,66;7654,89;7639,38;7642,90;3710996856,00;48529
WDOFUT;24/02/2021;13:45:00;7646,43;7662,64;7633,03;7650,66;7673886061,00;100343
WDOFUT;24/02/2021;13:30:00;7637,26;7646,43;7629,51;7645,72;4555580024,00;59647
WDOFUT;24/02/2021;13:15:00;7650,66;7651,36;7625,98;7636,56;7069318645,00;92585
WDOFUT;24/02/2021;13:00:00;7649,25;7654,18;7642,90;7650,66;5455727608,00;71323
WDOFUT;24/02/2021;12:45:00;7649,95;7655,59;7643,61;7648,54;4893889058,00;63964
WDOFUT;24/02/2021;12:30:00;7640,08;7659,12;7634,44;7649,95;7436802014,00;97250
WDOFUT;24/02/2021;12:15:00;7654,89;7655,59;7630,21;7640,08;1,102714114E10;144289
WDOFUT;24/02/2021;12:00:00;7659,82;7669,69;7652,77;7654,89;7567929242,00;98793
WDOFUT;24/02/2021;11:45:00;7661,23;7674,63;7656,30;7659,12;8969337157,00;117026
WDOFUT;24/02/2021;11:30:00;7661,94;7676,04;7653,48;7661,23;1,259560591E10;164338
WDOFUT;24/02/2021;11:15:00;7649,95;7670,40;7649,95;7661,23;1,258413233E10;164256
WDOFUT;24/02/2021;11:00:00;7647,13;7657,71;7635,85;7650,66;1,23239881E10;161206
WDOFUT;24/02/2021;10:45:00;7644,31;7661,23;7641,49;7646,43;1,06213392E10;138810
WDOFUT;24/02/2021;10:30:00;7645,02;7658,41;7639,38;7643,61;1,104740746E10;144440
WDOFUT;24/02/2021;10:15:00;7617,52;7652,07;7617,52;7645,02;1,613491666E10;211260
WDOFUT;24/02/2021;10:00:00;7614,70;7630,92;7608,36;7617,52;1,342213712E10;176135
WDOFUT;24/02/2021;09:45:00;7613,29;7620,34;7601,31;7614,70;9906990875,00;130198
WDOFUT;24/02/2021;09:30:00;7618,23;7627,39;7607,65;7612,59;1,137713128E10;149350
WDOFUT;24/02/2021;09:15:00;7645,02;7647,13;7614,70;7618,23;1,096663104E10;143765
WDOFUT;24/02/2021;09:00:00;7638,67;7649,25;7633,74;7645,72;8260395845,00;108106
WDOFUT;23/02/2021;18:15:00;7668,99;7676,74;7660,53;7673,92;1868070805,00;24364
WDOFUT;23/02/2021;18:00:00;7672,51;7673,92;7666,17;7667,58;1388829006,00;18110
WDOFUT;23/02/2021;17:45:00;7672,51;7676,74;7668,28;7672,51;1947970198,00;25392
WDOFUT;23/02/2021;17:30:00;7662,64;7675,33;7659,12;7672,51;3236359044,00;42208
WDOFUT;23/02/2021;17:15:00;7668,99;7671,10;7661,23;7662,64;3667159189,00;47834
WDOFUT;23/02/2021;17:00:00;7678,15;7678,15;7667,58;7668,99;4197970797,00;54714
WDOFUT;23/02/2021;16:45:00;7692,25;7695,78;7670,40;7677,45;7373017351,00;95969
WDOFUT;23/02/2021;16:30:00;7688,02;7696,48;7687,32;7692,25;3317615244,00;43129
WDOFUT;23/02/2021;16:15:00;7683,79;7697,89;7681,68;7688,73;7096269278,00;92290
WDOFUT;23/02/2021;16:00:00;7677,45;7684,50;7675,33;7683,79;6126434590,00;79763
WDOFUT;23/02/2021;15:45:00;7659,82;7678,86;7657,00;7677,45;6947854349,00;90616
WDOFUT;23/02/2021;15:30:00;7653,48;7663,35;7646,43;7659,82;5675892625,00;74146
WDOFUT;23/02/2021;15:15:00;7668,28;7668,99;7644,31;7654,18;7444441166,00;97242
WDOFUT;23/02/2021;15:00:00;7676,74;7679,56;7663,35;7668,28;5123029392,00;66789
WDOFUT;23/02/2021;14:45:00;7668,28;7680,97;7662,64;7676,74;5281655284,00;68855
WDOFUT;23/02/2021;14:30:00;7673,22;7673,92;7661,23;7668,28;5551866155,00;72418
WDOFUT;23/02/2021;14:15:00;7664,05;7676,74;7660,53;7672,51;5114504902,00;66686
WDOFUT;23/02/2021;14:00:00;7655,59;7669,69;7654,18;7664,05;6207099782,00;81003
WDOFUT;23/02/2021;13:45:00;7650,66;7662,64;7648,54;7654,89;4931332124,00;64423
WDOFUT;23/02/2021;13:30:00;7643,61;7658,41;7637,97;7650,66;6109060012,00;79868
WDOFUT;23/02/2021;13:15:00;7647,13;7654,89;7641,49;7642,90;6094325256,00;79676
WDOFUT;23/02/2021;13:00:00;7642,90;7649,25;7626,69;7647,13;1,041329217E10;136324
WDOFUT;23/02/2021;12:45:00;7649,25;7656,30;7639,38;7643,61;7771033569,00;101607
WDOFUT;23/02/2021;12:30:00;7664,76;7669,69;7640,08;7649,95;1,240971685E10;162128
WDOFUT;23/02/2021;12:15:00;7697,89;7710,58;7655,59;7665,46;1,33264455E10;173436
WDOFUT;23/02/2021;12:00:00;7718,34;7720,45;7688,73;7697,89;1,310427657E10;170059
WDOFUT;23/02/2021;11:45:00;7728,91;7733,14;7711,99;7717,63;9501769884,00;123059
WDOFUT;23/02/2021;11:30:00;7705,65;7732,44;7705,65;7728,21;1,228149648E10;159029
WDOFUT;23/02/2021;11:15:00;7711,29;7721,16;7704,94;7706,35;9880317188,00;128091
WDOFUT;23/02/2021;11:00:00;7704,94;7716,22;7690,14;7710,58;1,065125526E10;138235
WDOFUT;23/02/2021;10:45:00;7693,66;7711,99;7688,73;7704,24;9864746754,00;128095
WDOFUT;23/02/2021;10:30:00;7680,27;7697,19;7676,74;7693,66;7993134819,00;103982
WDOFUT;23/02/2021;10:15:00;7671,10;7686,61;7666,87;7680,27;8788565143,00;114480
WDOFUT;23/02/2021;10:00:00;7680,27;7685,91;7663,35;7671,10;1,101848912E10;143586
WDOFUT;23/02/2021;09:45:00;7693,66;7701,42;7673,92;7680,27;1,003305195E10;130532
WDOFUT;23/02/2021;09:30:00;7690,14;7705,65;7686,61;7693,66;1,006853372E10;130814
WDOFUT;23/02/2021;09:15:00;7678,86;7694,37;7674,63;7690,14;1,034318516E10;134606
WDOFUT;23/02/2021;09:00:00;7688,02;7701,42;7668,28;7678,15;9876477097,00;128604
WDOFUT;22/02/2021;18:15:00;7695,07;7711,99;7692,25;7708,47;1865000313,00;24211
WDOFUT;22/02/2021;18:00:00;7700,71;7703,53;7688,73;7694,37;2637857369,00;34273
WDOFUT;22/02/2021;17:45:00;7690,84;7714,81;7685,91;7700,01;4221911109,00;54824
WDOFUT;22/02/2021;17:30:00;7698,60;7703,53;7685,20;7690,14;4072019488,00;52908
WDOFUT;22/02/2021;17:15:00;7699,30;7700,71;7691,55;7698,60;2568594039,00;33377
WDOFUT;22/02/2021;17:00:00;7692,96;7702,83;7690,14;7698,60;4835058301,00;62816
WDOFUT;22/02/2021;16:45:00;7688,02;7696,48;7682,38;7692,25;3713814402,00;48303
WDOFUT;22/02/2021;16:30:00;7673,92;7691,55;7673,22;7688,73;5030598798,00;65487
WDOFUT;22/02/2021;16:15:00;7664,76;7676,04;7662,64;7673,92;3300726227,00;43030
WDOFUT;22/02/2021;16:00:00;7675,33;7677,45;7660,53;7664,05;4179940443,00;54503
WDOFUT;22/02/2021;15:45:00;7672,51;7676,74;7663,35;7675,33;6302005743,00;82158
WDOFUT;22/02/2021;15:30:00;7677,45;7687,32;7670,40;7672,51;6080835346,00;79179
WDOFUT;22/02/2021;15:15:00;7695,78;7701,42;7675,33;7678,15;5871258952,00;76386
WDOFUT;22/02/2021;15:00:00;7696,48;7699,30;7687,32;7695,78;4479000363,00;58221
WDOFUT;22/02/2021;14:45:00;7699,30;7702,12;7692,25;7696,48;3848762679,00;50001
WDOFUT;22/02/2021;14:30:00;7704,94;7706,35;7682,38;7698,60;9134310373,00;118686
WDOFUT;22/02/2021;14:15:00;7721,16;7721,86;7703,53;7704,94;6164804977,00;79933
WDOFUT;22/02/2021;14:00:00;7726,80;7738,78;7715,52;7720,45;6772373767,00;87652
WDOFUT;22/02/2021;13:45:00;7731,03;7732,44;7718,34;7726,09;5356779727,00;69338
WDOFUT;22/02/2021;13:30:00;7733,85;7742,31;7726,80;7731,03;4657233849,00;60217
WDOFUT;22/02/2021;13:15:00;7747,24;7750,06;7730,32;7733,85;5472314482,00;70711
WDOFUT;22/02/2021;13:00:00;7748,65;7757,82;7743,01;7747,24;5371920775,00;69309
WDOFUT;22/02/2021;12:45:00;7750,06;7756,41;7737,37;7748,65;6609109456,00;85302
WDOFUT;22/02/2021;12:30:00;7743,01;7766,28;7742,31;7750,06;7547043427,00;97307
WDOFUT;22/02/2021;12:15:00;7733,14;7758,52;7731,03;7743,01;1,012482523E10;130735
WDOFUT;22/02/2021;12:00:00;7743,01;7745,83;7721,16;7733,14;1,213654105E10;156947
WDOFUT;22/02/2021;11:45:00;7781,79;7782,49;7739,49;7743,01;1,156759576E10;149051
WDOFUT;22/02/2021;11:30:00;7786,02;7796,59;7778,26;7781,79;9772061245,00;125513
WDOFUT;22/02/2021;11:15:00;7773,33;7789,54;7768,39;7786,72;7696787435,00;98979
WDOFUT;22/02/2021;11:00:00;7794,48;7804,35;7744,42;7772,62;1,362535576E10;175163
WDOFUT;22/02/2021;10:45:00;7778,26;7796,59;7771,21;7795,18;7988565857,00;102628
WDOFUT;22/02/2021;10:30:00;7790,95;7805,05;7774,74;7778,97;1,097188945E10;140871
WDOFUT;22/02/2021;10:15:00;7769,80;7793,07;7757,82;7791,66;1,385161998E10;178124
WDOFUT;22/02/2021;10:00:00;7772,62;7783,90;7765,57;7770,51;1,043315077E10;134162
WDOFUT;22/02/2021;09:45:00;7790,25;7790,25;7761,34;7771,92;1,060953384E10;136493
WDOFUT;22/02/2021;09:30:00;7786,72;7796,59;7778,97;7790,25;1,069337403E10;137335
WDOFUT;22/02/2021;09:15:00;7782,49;7792,36;7766,28;7787,43;1,285799412E10;165277
WDOFUT;22/02/2021;09:00:00;7769,10;7803,64;7757,11;7783,20;1,882121803E10;241883
WDOFUT;19/02/2021;18:15:00;7597,78;7598,49;7588,62;7590,03;1476337017,00;19443
WDOFUT;19/02/2021;18:00:00;7599,90;7599,90;7593,55;7597,08;1207802430,00;15899
WDOFUT;19/02/2021;17:45:00;7599,90;7602,01;7594,26;7599,19;2403508820,00;31632
WDOFUT;19/02/2021;17:30:00;7602,01;7605,54;7595,67;7599,90;2302253173,00;30291
WDOFUT;19/02/2021;17:15:00;7599,90;7604,83;7599,19;7602,72;1792923217,00;23583
WDOFUT;19/02/2021;17:00:00;7593,55;7605,54;7590,73;7599,90;4521939325,00;59512
WDOFUT;19/02/2021;16:45:00;7622,46;7626,69;7592,85;7592,85;5290286511,00;69499
WDOFUT;19/02/2021;16:30:00;7628,10;7630,21;7619,64;7622,46;2802179101,00;36754
WDOFUT;19/02/2021;16:15:00;7619,64;7630,21;7614,00;7628,10;4784089765,00;62775
WDOFUT;19/02/2021;16:00:00;7628,10;7632,33;7616,82;7620,34;4054805205,00;53175
WDOFUT;19/02/2021;15:45:00;7630,92;7635,15;7620,34;7628,10;4654576768,00;61021
WDOFUT;19/02/2021;15:30:00;7631,62;7636,56;7625,28;7630,21;5721474315,00;74982
WDOFUT;19/02/2021;15:15:00;7632,33;7645,72;7628,10;7632,33;7198585675,00;94258
WDOFUT;19/02/2021;15:00:00;7614,70;7633,74;7612,59;7632,33;5051293086,00;66247
WDOFUT;19/02/2021;14:45:00;7625,98;7636,56;7611,18;7614,00;8201320946,00;107560
WDOFUT;19/02/2021;14:30:00;7613,29;7640,08;7607,65;7625,28;8681876506,00;113862
WDOFUT;19/02/2021;14:15:00;7602,72;7615,41;7598,49;7613,29;5044569454,00;66313
WDOFUT;19/02/2021;14:00:00;7610,47;7615,41;7599,19;7602,72;6647659746,00;87378
WDOFUT;19/02/2021;13:45:00;7588,62;7612,59;7587,21;7610,47;7201153721,00;94758
WDOFUT;19/02/2021;13:30:00;7580,86;7591,44;7580,16;7587,91;4122761754,00;54339
WDOFUT;19/02/2021;13:15:00;7573,81;7585,80;7571,70;7581,57;4240242019,00;55963
WDOFUT;19/02/2021;13:00:00;7585,80;7587,21;7572,40;7573,11;8619656075,00;113755
WDOFUT;19/02/2021;12:45:00;7579,45;7591,44;7573,11;7585,80;6621419415,00;87336
WDOFUT;19/02/2021;12:30:00;7575,93;7590,03;7572,40;7578,75;7629781198,00;100632
WDOFUT;19/02/2021;12:15:00;7575,22;7582,27;7572,40;7575,22;6132034868,00;80931
WDOFUT;19/02/2021;12:00:00;7582,27;7587,91;7573,11;7575,22;9628897803,00;127013
WDOFUT;19/02/2021;11:45:00;7592,14;7597,78;7580,16;7582,98;9195633924,00;121139
WDOFUT;19/02/2021;11:30:00;7614,00;7617,52;7590,03;7592,14;1,433580953E10;188535
WDOFUT;19/02/2021;11:15:00;7621,75;7625,28;7611,88;7613,29;7740243599,00;101598
WDOFUT;19/02/2021;11:00:00;7607,65;7631,62;7606,24;7621,05;1,058041691E10;138852
WDOFUT;19/02/2021;10:45:00;7623,16;7623,87;7605,54;7608,36;1,083355608E10;142264
WDOFUT;19/02/2021;10:30:00;7641,49;7642,20;7622,46;7623,87;7967094165,00;104415
WDOFUT;19/02/2021;10:15:00;7627,39;7656,30;7621,05;7642,20;1,286804669E10;168436
WDOFUT;19/02/2021;10:00:00;7631,62;7643,61;7621,75;7626,69;1,059851678E10;138864
WDOFUT;19/02/2021;09:45:00;7650,66;7652,77;7625,28;7632,33;1,155545591E10;151318
WDOFUT;19/02/2021;09:30:00;7662,64;7668,99;7635,15;7650,66;1,882229311E10;246048
WDOFUT;19/02/2021;09:15:00;7700,71;7700,71;7660,53;7662,64;1,407478975E10;183241
WDOFUT;19/02/2021;09:00:00;7702,12;7715,52;7698,60;7700,01;9472033678,00;122913
WDOFUT;18/02/2021;18:15:00;7665,46;7668,99;7652,07;7658,41;1601782694,00;20908
WDOFUT;18/02/2021;18:00:00;7660,53;7668,99;7656,30;7665,46;1749391448,00;22834
WDOFUT;18/02/2021;17:45:00;7661,23;7668,99;7657,71;7661,23;2419053261,00;31561
WDOFUT;18/02/2021;17:30:00;7664,76;7665,46;7654,89;7661,23;3686885145,00;48129
WDOFUT;18/02/2021;17:15:00;7675,33;7677,45;7663,35;7664,76;2756373624,00;35943
WDOFUT;18/02/2021;17:00:00;7673,92;7678,86;7672,51;7676,04;1867107536,00;24324
WDOFUT;18/02/2021;16:45:00;7674,63;7679,56;7671,81;7673,92;2692072104,00;35071
WDOFUT;18/02/2021;16:30:00;7673,92;7676,04;7668,28;7674,63;2510570204,00;32725
WDOFUT;18/02/2021;16:15:00;7663,35;7678,15;7662,64;7673,92;4335274507,00;56519
WDOFUT;18/02/2021;16:00:00;7663,35;7666,17;7659,12;7663,35;3673089950,00;47933
WDOFUT;18/02/2021;15:45:00;7673,22;7678,15;7659,82;7662,64;6788429403,00;88526
WDOFUT;18/02/2021;15:30:00;7683,79;7684,50;7668,99;7673,22;5268445365,00;68640
WDOFUT;18/02/2021;15:15:00;7688,73;7690,84;7682,38;7683,79;4151507908,00;54010
WDOFUT;18/02/2021;15:00:00;7680,27;7692,25;7679,56;7688,73;5066042160,00;65910
WDOFUT;18/02/2021;14:45:00;7674,63;7683,09;7670,40;7679,56;3432943751,00;44716
WDOFUT;18/02/2021;14:30:00;7673,22;7680,97;7672,51;7674,63;2650633262,00;34529
WDOFUT;18/02/2021;14:15:00;7676,74;7681,68;7670,40;7673,22;4696731926,00;61188
WDOFUT;18/02/2021;14:00:00;7672,51;7678,86;7671,81;7676,04;2339710550,00;30484
WDOFUT;18/02/2021;13:45:00;7678,15;7680,27;7668,28;7672,51;3629745478,00;47301
WDOFUT;18/02/2021;13:30:00;7676,74;7682,38;7673,22;7678,15;2591026328,00;33749
WDOFUT;18/02/2021;13:15:00;7679,56;7680,97;7670,40;7675,33;5325186911,00;69379
WDOFUT;18/02/2021;13:00:00;7684,50;7690,14;7675,33;7679,56;6171985682,00;80334
WDOFUT;18/02/2021;12:45:00;7680,97;7688,02;7674,63;7684,50;9133925859,00;118890
WDOFUT;18/02/2021;12:30:00;7668,99;7683,79;7666,87;7680,97;9934156046,00;129424
WDOFUT;18/02/2021;12:15:00;7646,43;7677,45;7646,43;7669,69;1,10163847E10;143804
WDOFUT;18/02/2021;12:00:00;7644,31;7658,41;7637,97;7647,13;9548791839,00;124845
WDOFUT;18/02/2021;11:45:00;7649,25;7653,48;7640,79;7644,31;7437478603,00;97271
WDOFUT;18/02/2021;11:30:00;7651,36;7661,23;7640,79;7647,84;1,352552506E10;176767
WDOFUT;18/02/2021;11:15:00;7654,89;7663,35;7646,43;7651,36;7834743333,00;102366
WDOFUT;18/02/2021;11:00:00;7648,54;7657,71;7645,72;7655,59;9274554544,00;121202
WDOFUT;18/02/2021;10:45:00;7649,25;7659,12;7647,84;7648,54;7450620165,00;97345
WDOFUT;18/02/2021;10:30:00;7629,51;7659,82;7625,28;7648,54;1,58238023E10;206985
WDOFUT;18/02/2021;10:15:00;7616,82;7636,56;7615,41;7629,51;1,065920514E10;139792
WDOFUT;18/02/2021;10:00:00;7617,52;7624,57;7606,95;7616,82;8091905413,00;106271
WDOFUT;18/02/2021;09:45:00;7605,54;7622,46;7604,13;7617,52;1,154826538E10;151645
WDOFUT;18/02/2021;09:30:00;7622,46;7627,39;7599,90;7605,54;9824485803,00;129062
WDOFUT;18/02/2021;09:15:00;7614,00;7623,87;7597,78;7622,46;1,489608894E10;195749
WDOFUT;18/02/2021;09:00:00;7603,42;7620,34;7602,01;7614,00;9025439938,00;118537
WDOFUT;17/02/2021;18:15:00;7637,97;7639,38;7629,51;7633,74;1475401983,00;19327
WDOFUT;17/02/2021;18:00:00;7633,74;7641,49;7629,51;7637,97;1849996494,00;24233
WDOFUT;17/02/2021;17:45:00;7640,08;7641,49;7630,92;7633,74;2084868589,00;27307
WDOFUT;17/02/2021;17:30:00;7643,61;7643,61;7637,97;7640,79;2272210566,00;29739
WDOFUT;17/02/2021;17:15:00;7647,13;7648,54;7640,08;7643,61;2387410334,00;31232
WDOFUT;17/02/2021;17:00:00;7637,97;7652,07;7637,26;7647,84;3643638634,00;47649
WDOFUT;17/02/2021;16:45:00;7638,67;7640,79;7633,03;7638,67;2618280343,00;34285
WDOFUT;17/02/2021;16:30:00;7645,02;7647,13;7637,26;7638,67;2753761156,00;36036
WDOFUT;17/02/2021;16:15:00;7632,33;7647,84;7631,62;7644,31;4770409639,00;62434
WDOFUT;17/02/2021;16:00:00;7637,26;7639,38;7628,10;7633,03;5496148184,00;71992
WDOFUT;17/02/2021;15:45:00;7646,43;7653,48;7632,33;7637,26;6473121833,00;84669
WDOFUT;17/02/2021;15:30:00;7637,26;7649,95;7630,21;7645,72;5939826433,00;77752
WDOFUT;17/02/2021;15:15:00;7637,97;7645,02;7630,92;7637,26;5271914288,00;69030
WDOFUT;17/02/2021;15:00:00;7627,39;7645,72;7625,98;7638,67;6990302117,00;91530
WDOFUT;17/02/2021;14:45:00;7618,93;7631,62;7615,41;7627,39;5900183189,00;77402
WDOFUT;17/02/2021;14:30:00;7641,49;7642,20;7618,23;7619,64;6331180572,00;82952
WDOFUT;17/02/2021;14:15:00;7624,57;7647,84;7620,34;7641,49;7381237303,00;96685
WDOFUT;17/02/2021;14:00:00;7626,69;7627,39;7614,70;7625,28;6747290954,00;88538
WDOFUT;17/02/2021;13:45:00;7626,69;7635,15;7622,46;7625,98;7607169374,00;99715
WDOFUT;17/02/2021;13:30:00;7611,18;7628,80;7602,72;7626,69;1,144904862E10;150371
WDOFUT;17/02/2021;13:15:00;7629,51;7640,08;7608,36;7611,18;1,084568091E10;142213
WDOFUT;17/02/2021;13:00:00;7654,89;7664,05;7623,16;7629,51;1,168652142E10;152839
WDOFUT;12/02/2021;18:15:00;7582,27;7582,98;7569,58;7575,93;2160999850,00;28527
WDOFUT;12/02/2021;18:00:00;7585,80;7589,32;7580,16;7582,27;1182503401,00;15590
WDOFUT;12/02/2021;17:45:00;7587,21;7590,03;7582,27;7585,09;1960125127,00;25839
WDOFUT;12/02/2021;17:30:00;7589,32;7590,73;7584,39;7587,21;2046875447,00;26977
WDOFUT;12/02/2021;17:15:00;7582,27;7589,32;7581,57;7588,62;1552738180,00;20468
WDOFUT;12/02/2021;17:00:00;7579,45;7585,80;7579,45;7582,27;2016192567,00;26589
WDOFUT;12/02/2021;16:45:00;7590,73;7593,55;7579,45;7579,45;3409668494,00;44949
WDOFUT;12/02/2021;16:30:00;7587,21;7594,96;7584,39;7590,03;2317012173,00;30523
WDOFUT;12/02/2021;16:15:00;7583,68;7591,44;7582,27;7587,91;3014862140,00;39735
WDOFUT;12/02/2021;16:00:00;7583,68;7594,96;7582,27;7583,68;5838840983,00;76937
WDOFUT;12/02/2021;15:45:00;7577,34;7586,50;7573,81;7583,68;3519530412,00;46426
WDOFUT;12/02/2021;15:30:00;7585,80;7591,44;7575,93;7577,34;5036545556,00;66422
WDOFUT;12/02/2021;15:15:00;7581,57;7591,44;7579,45;7585,80;6185861339,00;81552
WDOFUT;12/02/2021;15:00:00;7571,70;7585,80;7565,35;7581,57;5844720583,00;77167
WDOFUT;12/02/2021;14:45:00;7576,63;7581,57;7568,17;7571,70;4514512357,00;59603
WDOFUT;12/02/2021;14:30:00;7563,94;7584,39;7562,53;7577,34;6353692681,00;83874
WDOFUT;12/02/2021;14:15:00;7568,17;7569,58;7554,78;7563,24;4220640904,00;55825
WDOFUT;12/02/2021;14:00:00;7575,22;7576,63;7559,71;7567,47;4332721766,00;57241
WDOFUT;12/02/2021;13:45:00;7570,29;7580,86;7565,35;7575,93;3682842303,00;48632
WDOFUT;12/02/2021;13:30:00;7569,58;7577,34;7563,94;7570,29;4164285754,00;55005
WDOFUT;12/02/2021;13:15:00;7571,70;7585,80;7566,06;7568,88;5436799182,00;71752
WDOFUT;12/02/2021;13:00:00;7567,47;7578,75;7566,06;7570,99;6448421074,00;85158
WDOFUT;12/02/2021;12:45:00;7584,39;7587,91;7553,37;7567,47;1,038026341E10;137183
WDOFUT;12/02/2021;12:30:00;7594,96;7606,24;7583,68;7584,39;7200687526,00;94794
WDOFUT;12/02/2021;12:15:00;7580,16;7597,78;7573,81;7595,67;6367064510,00;83922
WDOFUT;12/02/2021;12:00:00;7586,50;7590,03;7573,11;7580,86;9865850255,00;130129
WDOFUT;12/02/2021;11:45:00;7597,08;7599,19;7578,75;7587,21;1,024865829E10;135084
WDOFUT;12/02/2021;11:30:00;7607,65;7616,82;7596,37;7597,08;7737709175,00;101725
WDOFUT;12/02/2021;11:15:00;7604,13;7618,23;7592,85;7607,65;9107429860,00;119744
WDOFUT;12/02/2021;11:00:00;7618,23;7623,16;7597,78;7604,13;9106215046,00;119648
WDOFUT;12/02/2021;10:45:00;7618,23;7635,15;7604,83;7618,93;1,159702213E10;152166
WDOFUT;12/02/2021;10:30:00;7623,87;7625,98;7611,18;7618,23;6115997421,00;80281
WDOFUT;12/02/2021;10:15:00;7609,06;7630,92;7609,06;7623,87;1,010606804E10;132623
WDOFUT;12/02/2021;10:00:00;7613,29;7616,11;7596,37;7609,06;1,02326069E10;134553
WDOFUT;12/02/2021;09:45:00;7609,77;7621,75;7607,65;7614,00;7311815701,00;96018
WDOFUT;12/02/2021;09:30:00;7623,87;7628,80;7600,60;7609,77;1,115870853E10;146627
WDOFUT;12/02/2021;09:15:00;7610,47;7625,98;7610,47;7624,57;8658259529,00;113638
WDOFUT;12/02/2021;09:00:00;7621,05;7623,16;7604,83;7610,47;8622470103,00;113242
WDOFUT;11/02/2021;18:15:00;7594,26;7594,26;7571,70;7572,40;2250375321,00;29667
WDOFUT;11/02/2021;18:00:00;7597,08;7602,72;7592,14;7593,55;1298337901,00;17088
WDOFUT;11/02/2021;17:45:00;7595,67;7598,49;7592,14;7596,37;1525350518,00;20084
WDOFUT;11/02/2021;17:30:00;7595,67;7599,19;7591,44;7596,37;1798749863,00;23686
WDOFUT;11/02/2021;17:15:00;7593,55;7599,90;7592,85;7595,67;2117742968,00;27878
WDOFUT;11/02/2021;17:00:00;7599,19;7602,72;7591,44;7594,26;2382435975,00;31365
WDOFUT;11/02/2021;16:45:00;7600,60;7604,13;7597,08;7599,19;2477825961,00;32600
WDOFUT;11/02/2021;16:30:00;7608,36;7610,47;7599,90;7600,60;2946582229,00;38747
WDOFUT;11/02/2021;16:15:00;7613,29;7616,82;7604,13;7607,65;3750755558,00;49285
WDOFUT;11/02/2021;16:00:00;7606,24;7614,00;7602,01;7613,29;4002411117,00;52606
WDOFUT;11/02/2021;15:45:00;7603,42;7611,88;7602,72;7605,54;3000657206,00;39443
WDOFUT;11/02/2021;15:30:00;7604,13;7611,18;7594,26;7603,42;3882334549,00;51070
WDOFUT;11/02/2021;15:15:00;7591,44;7604,83;7586,50;7604,83;4813700171,00;63386
WDOFUT;11/02/2021;15:00:00;7597,08;7609,77;7589,32;7590,73;5473842012,00;72015
WDOFUT;11/02/2021;14:45:00;7606,95;7616,82;7592,85;7597,08;6486568160,00;85312
WDOFUT;11/02/2021;14:30:00;7614,00;7614,70;7598,49;7606,95;6160799712,00;80993
WDOFUT;11/02/2021;14:15:00;7600,60;7633,74;7600,60;7614,00;1,228137474E10;161154
WDOFUT;11/02/2021;14:00:00;7603,42;7608,36;7592,85;7600,60;5303504869,00;69764
WDOFUT;11/02/2021;13:45:00;7581,57;7612,59;7578,04;7604,13;6457820617,00;84999
WDOFUT;11/02/2021;13:30:00;7585,09;7588,62;7574,52;7581,57;3419387261,00;45099
WDOFUT;11/02/2021;13:15:00;7577,34;7587,91;7575,93;7585,09;2968764941,00;39153
WDOFUT;11/02/2021;13:00:00;7582,27;7591,44;7572,40;7576,63;6886517938,00;90823
WDOFUT;11/02/2021;12:45:00;7574,52;7584,39;7567,47;7582,27;5679946092,00;74968
WDOFUT;11/02/2021;12:30:00;7577,34;7586,50;7566,06;7574,52;5115897312,00;67536
WDOFUT;11/02/2021;12:15:00;7576,63;7583,68;7566,06;7578,04;3928384781,00;51859
WDOFUT;11/02/2021;12:00:00;7585,09;7587,91;7571,70;7576,63;5784229396,00;76325
WDOFUT;11/02/2021;11:45:00;7566,06;7587,91;7559,71;7585,09;9512233505,00;125575
WDOFUT;11/02/2021;11:30:00;7573,81;7578,75;7557,60;7566,06;1,293076923E10;170833
WDOFUT;11/02/2021;11:15:00;7594,26;7612,59;7569,58;7573,81;1,380044089E10;181679
WDOFUT;11/02/2021;11:00:00;7572,40;7607,65;7556,19;7593,55;1,769446894E10;233336
WDOFUT;11/02/2021;10:45:00;7549,14;7576,63;7544,91;7571,70;1,140985977E10;150873
WDOFUT;11/02/2021;10:30:00;7535,74;7558,30;7528,69;7549,84;1,324966219E10;175623
WDOFUT;11/02/2021;10:15:00;7541,38;7544,91;7524,46;7535,74;9072587968,00;120423
WDOFUT;11/02/2021;10:00:00;7538,56;7547,73;7526,58;7541,38;1,295389379E10;171837
WDOFUT;11/02/2021;09:45:00;7557,60;7563,24;7538,56;7539,27;8811371913,00;116717
WDOFUT;11/02/2021;09:30:00;7537,15;7558,30;7530,10;7557,60;1,199637355E10;159012
WDOFUT;11/02/2021;09:15:00;7548,43;7563,94;7537,15;7537,86;9189086598,00;121644
WDOFUT;11/02/2021;09:00:00;7577,34;7580,86;7543,50;7548,43;1,322399828E10;174982
WDOFUT;10/02/2021;18:15:00;7587,91;7601,31;7587,21;7601,31;1183663549,00;15591
WDOFUT;10/02/2021;18:00:00;7597,08;7602,01;7585,80;7588,62;2020034604,00;26601
WDOFUT;10/02/2021;17:45:00;7592,14;7598,49;7587,21;7597,08;3273967707,00;43120
WDOFUT;10/02/2021;17:30:00;7575,93;7593,55;7574,52;7592,14;3220900091,00;42467
WDOFUT;10/02/2021;17:15:00;7578,04;7582,27;7572,40;7575,22;2738738802,00;36142
WDOFUT;10/02/2021;17:00:00;7575,93;7579,45;7570,99;7578,04;2788747538,00;36811
WDOFUT;10/02/2021;16:45:00;7585,09;7585,80;7575,22;7575,93;2746621405,00;36235
WDOFUT;10/02/2021;16:30:00;7592,14;7592,14;7581,57;7585,09;3112849959,00;41039
WDOFUT;10/02/2021;16:15:00;7574,52;7593,55;7570,99;7591,44;5833552449,00;76917
WDOFUT;10/02/2021;16:00:00;7597,78;7598,49;7568,17;7574,52;6631229014,00;87470
WDOFUT;10/02/2021;15:45:00;7581,57;7599,19;7580,16;7598,49;6695634190,00;88206
WDOFUT;10/02/2021;15:30:00;7581,57;7584,39;7571,70;7582,27;4508542052,00;59500
WDOFUT;10/02/2021;15:15:00;7573,81;7581,57;7570,29;7581,57;2760823054,00;36442
WDOFUT;10/02/2021;15:00:00;7560,42;7575,93;7560,42;7573,81;3417672899,00;45155
WDOFUT;10/02/2021;14:45:00;7565,35;7578,75;7560,42;7560,42;5299722891,00;70027
WDOFUT;10/02/2021;14:30:00;7571,70;7572,40;7554,78;7565,35;3985979455,00;52703
WDOFUT;10/02/2021;14:15:00;7567,47;7573,81;7556,89;7571,70;4997704623,00;66045
WDOFUT;10/02/2021;14:00:00;7565,35;7577,34;7560,42;7567,47;3736534620,00;49364
WDOFUT;10/02/2021;13:45:00;7576,63;7577,34;7556,19;7565,35;5109528597,00;67540
WDOFUT;10/02/2021;13:30:00;7570,29;7581,57;7566,76;7576,63;4682579020,00;61828
WDOFUT;10/02/2021;13:15:00;7587,91;7599,90;7546,32;7570,29;1,379385656E10;182192
WDOFUT;10/02/2021;13:00:00;7597,78;7606,95;7583,68;7587,91;7044555832,00;92740
WDOFUT;10/02/2021;12:45:00;7634,44;7638,67;7587,21;7598,49;9929939781,00;130502
WDOFUT;10/02/2021;12:30:00;7613,29;7635,85;7604,13;7635,15;8136431562,00;106820
WDOFUT;10/02/2021;12:15:00;7594,26;7630,92;7591,44;7613,29;1,34034233E10;176063
WDOFUT;10/02/2021;12:00:00;7616,82;7618,23;7580,86;7593,55;1,039713038E10;136838
WDOFUT;10/02/2021;11:45:00;7610,47;7618,23;7597,08;7617,52;6932292903,00;91130
WDOFUT;10/02/2021;11:30:00;7604,13;7626,69;7599,90;7609,77;9069854521,00;119128
WDOFUT;10/02/2021;11:15:00;7599,90;7622,46;7594,26;7603,42;8641225620,00;113596
WDOFUT;10/02/2021;11:00:00;7623,16;7625,28;7599,19;7599,90;7275631031,00;95593
WDOFUT;10/02/2021;10:45:00;7628,80;7630,21;7609,06;7622,46;1,02430584E10;134437
WDOFUT;10/02/2021;10:30:00;7637,26;7637,97;7597,08;7628,10;2,07610564E10;272698
WDOFUT;10/02/2021;10:15:00;7637,26;7645,02;7628,80;7637,97;7331419496,00;95993
WDOFUT;10/02/2021;10:00:00;7641,49;7657,00;7635,15;7637,26;9997676264,00;130780
WDOFUT;10/02/2021;09:45:00;7664,05;7664,05;7631,62;7640,79;1,257884574E10;164526
WDOFUT;10/02/2021;09:30:00;7627,39;7669,69;7625,28;7663,35;1,723856254E10;225332
WDOFUT;10/02/2021;09:15:00;7642,20;7643,61;7621,75;7627,39;8352710488,00;109454
WDOFUT;10/02/2021;09:00:00;7590,03;7646,43;7579,45;7642,20;1,5193582E10;199345
WDOFUT;09/02/2021;18:15:00;7590,73;7598,49;7587,21;7590,03;1293051439,00;17031
WDOFUT;09/02/2021;18:00:00;7593,55;7598,49;7589,32;7590,03;1113167626,00;14659
WDOFUT;09/02/2021;17:45:00;7590,73;7596,37;7585,09;7593,55;1528705062,00;20140
WDOFUT;09/02/2021;17:30:00;7596,37;7596,37;7588,62;7590,03;1320687507,00;17396
WDOFUT;09/02/2021;17:15:00;7585,09;7597,08;7585,09;7595,67;2017273882,00;26569
WDOFUT;09/02/2021;17:00:00;7592,14;7593,55;7578,75;7584,39;2866231425,00;37781
WDOFUT;09/02/2021;16:45:00;7591,44;7593,55;7587,91;7592,14;1243237058,00;16377
WDOFUT;09/02/2021;16:30:00;7591,44;7594,96;7584,39;7591,44;2647683641,00;34885
WDOFUT;09/02/2021;16:15:00;7594,26;7597,78;7586,50;7592,14;4488051974,00;59118
WDOFUT;09/02/2021;16:00:00;7582,98;7596,37;7578,75;7594,96;3731101546,00;49171
WDOFUT;09/02/2021;15:45:00;7582,98;7599,19;7580,86;7582,98;5939695500,00;78265
WDOFUT;09/02/2021;15:30:00;7582,98;7592,14;7573,81;7582,27;5186574786,00;68395
WDOFUT;09/02/2021;15:15:00;7571,70;7585,09;7564,65;7583,68;6016866558,00;79434
WDOFUT;09/02/2021;15:00:00;7563,94;7578,75;7563,24;7570,99;7040080423,00;93001
WDOFUT;09/02/2021;14:45:00;7602,72;7604,13;7549,84;7549,84;6454390286,00;85089
WDOFUT;09/02/2021;14:30:00;7582,98;7618,23;7581,57;7602,72;1,352610441E10;178029
WDOFUT;09/02/2021;14:15:00;7603,42;7605,54;7580,16;7582,27;1,168694816E10;153955
WDOFUT;09/02/2021;14:00:00;7657,00;7662,64;7599,90;7603,42;1,412266487E10;185138
WDOFUT;09/02/2021;13:45:00;7662,64;7664,76;7652,07;7657,71;5012625019,00;65455
WDOFUT;09/02/2021;13:30:00;7668,28;7671,10;7657,00;7663,35;5116431990,00;66757
WDOFUT;09/02/2021;13:15:00;7672,51;7685,20;7665,46;7667,58;7236494288,00;94279
WDOFUT;09/02/2021;13:00:00;7658,41;7675,33;7655,59;7672,51;7315118026,00;95403
WDOFUT;09/02/2021;12:45:00;7671,10;7676,74;7655,59;7659,12;7335126659,00;95715
WDOFUT;09/02/2021;12:30:00;7653,48;7679,56;7649,25;7670,40;1,043078414E10;136042
WDOFUT;09/02/2021;12:15:00;7649,25;7658,41;7644,31;7653,48;6065821629,00;79283
WDOFUT;09/02/2021;12:00:00;7646,43;7663,35;7637,26;7649,25;1,323839649E10;173049
WDOFUT;09/02/2021;11:45:00;7638,67;7649,25;7631,62;7645,72;7953516730,00;104080
WDOFUT;09/02/2021;11:30:00;7644,31;7650,66;7615,41;7638,67;1,550959986E10;203175
WDOFUT;09/02/2021;11:15:00;7633,74;7646,43;7625,28;7645,02;1,033453866E10;135347
WDOFUT;09/02/2021;11:00:00;7630,92;7638,67;7614,70;7633,74;1,005610667E10;131829
WDOFUT;09/02/2021;10:45:00;7641,49;7642,90;7624,57;7630,92;1,120459141E10;146771
WDOFUT;09/02/2021;10:30:00;7649,25;7659,12;7637,97;7642,20;1,036742822E10;135531
WDOFUT;09/02/2021;10:15:00;7633,03;7661,94;7632,33;7649,25;1,448506328E10;189319
WDOFUT;09/02/2021;10:00:00;7626,69;7645,02;7623,16;7633,03;1,142229639E10;149621
WDOFUT;09/02/2021;09:45:00;7606,95;7633,03;7602,01;7625,98;1,555868014E10;204257
WDOFUT;09/02/2021;09:30:00;7581,57;7613,29;7573,81;7606,95;1,367836522E10;180152
WDOFUT;09/02/2021;09:15:00;7585,09;7594,26;7575,93;7582,27;8973633700,00;118322
WDOFUT;09/02/2021;09:00:00;7563,24;7592,14;7562,53;7584,39;1,08210551E10;142747
WDOFUT;08/02/2021;18:15:00;7566,06;7575,22;7560,42;7573,11;1165609139,00;15407
WDOFUT;08/02/2021;18:00:00;7558,30;7569,58;7557,60;7566,06;1368126349,00;18087
WDOFUT;08/02/2021;17:45:00;7546,32;7570,29;7546,32;7559,01;4826333597,00;63833
WDOFUT;08/02/2021;17:30:00;7565,35;7565,35;7544,91;7546,32;4996886196,00;66136
WDOFUT;08/02/2021;17:15:00;7571,70;7576,63;7562,53;7565,35;3101613792,00;40968
WDOFUT;08/02/2021;17:00:00;7577,34;7582,27;7562,53;7572,40;4309478982,00;56911
WDOFUT;08/02/2021;16:45:00;7580,16;7585,80;7573,11;7577,34;3199116987,00;42199
WDOFUT;08/02/2021;16:30:00;7578,75;7584,39;7574,52;7579,45;4803579624,00;63374
WDOFUT;08/02/2021;16:15:00;7583,68;7595,67;7577,34;7578,04;7989718743,00;105300
WDOFUT;08/02/2021;16:00:00;7585,80;7587,21;7576,63;7583,68;5305816218,00;69981
WDOFUT;08/02/2021;15:45:00;7554,78;7588,62;7549,84;7585,80;1,014628063E10;134027
WDOFUT;08/02/2021;15:30:00;7549,84;7564,65;7547,73;7555,48;6574080930,00;86986
WDOFUT;08/02/2021;15:15:00;7552,66;7558,30;7547,02;7550,55;6618841379,00;87637
WDOFUT;08/02/2021;15:00:00;7528,69;7556,19;7528,69;7552,66;8433818885,00;111754
WDOFUT;08/02/2021;14:45:00;7528,69;7537,15;7525,87;7528,69;4799520905,00;63727
WDOFUT;08/02/2021;14:30:00;7520,94;7537,86;7516,71;7527,99;6729617653,00;89393
WDOFUT;08/02/2021;14:15:00;7512,48;7526,58;7509,66;7520,94;6024602908,00;80119
WDOFUT;08/02/2021;14:00:00;7499,08;7513,18;7496,26;7512,48;6847456700,00;91270
WDOFUT;08/02/2021;13:45:00;7516,00;7519,53;7484,28;7498,38;1,120449635E10;149414
WDOFUT;08/02/2021;13:30:00;7508,95;7526,58;7508,95;7516,00;5505271952,00;73217
WDOFUT;08/02/2021;13:15:00;7525,87;7530,10;7508,25;7508,95;7626153854,00;101424
WDOFUT;08/02/2021;13:00:00;7521,64;7526,58;7509,66;7525,17;6698729668,00;89117
WDOFUT;08/02/2021;12:45:00;7518,82;7524,46;7506,84;7522,35;1,073369496E10;142819
WDOFUT;08/02/2021;12:30:00;7537,86;7540,68;7516,00;7518,12;1,09777802E10;145844
WDOFUT;08/02/2021;12:15:00;7549,84;7555,48;7537,15;7537,86;9493208706,00;125794
WDOFUT;08/02/2021;12:00:00;7572,40;7573,11;7547,02;7549,84;1,079624225E10;142885
WDOFUT;08/02/2021;11:45:00;7578,04;7579,45;7564,65;7573,11;7778199962,00;102710
WDOFUT;08/02/2021;11:30:00;7593,55;7597,78;7559,01;7577,34;1,650822377E10;217880
WDOFUT;08/02/2021;11:15:00;7597,08;7602,72;7589,32;7593,55;6886758371,00;90666
WDOFUT;08/02/2021;11:00:00;7610,47;7620,34;7594,26;7597,08;1,053796405E10;138550
WDOFUT;08/02/2021;10:45:00;7618,93;7625,28;7606,95;7609,77;8087791535,00;106189
WDOFUT;08/02/2021;10:30:00;7623,87;7637,97;7610,47;7618,93;9106198133,00;119464
WDOFUT;08/02/2021;10:15:00;7621,75;7640,08;7619,64;7623,87;9997722625,00;131054
WDOFUT;08/02/2021;10:00:00;7604,83;7628,10;7599,90;7621,75;1,018661264E10;133777
WDOFUT;08/02/2021;09:45:00;7622,46;7625,28;7604,13;7604,13;7309728514,00;95986
WDOFUT;08/02/2021;09:30:00;7640,79;7645,02;7602,72;7623,16;1,492615862E10;195879
WDOFUT;08/02/2021;09:15:00;7622,46;7647,84;7618,23;7640,79;1,01460708E10;132882
WDOFUT;08/02/2021;09:00:00;7614,00;7638,67;7611,18;7621,75;8990062049,00;117879
WDOFUT;05/02/2021;18:15:00;7580,86;7582,98;7573,81;7578,75;1266031265,00;16704
WDOFUT;05/02/2021;18:00:00;7586,50;7590,03;7575,22;7580,86;1945772002,00;25661
WDOFUT;05/02/2021;17:45:00;7590,03;7592,85;7585,09;7585,80;1549512707,00;20416
WDOFUT;05/02/2021;17:30:00;7589,32;7595,67;7588,62;7590,73;3411669530,00;44934
WDOFUT;05/02/2021;17:15:00;7590,03;7596,37;7585,80;7589,32;3022243206,00;39817
WDOFUT;05/02/2021;17:00:00;7596,37;7596,37;7586,50;7590,03;2491484768,00;32823
WDOFUT;05/02/2021;16:45:00;7595,67;7601,31;7588,62;7595,67;3985601075,00;52479
WDOFUT;05/02/2021;16:30:00;7599,19;7614,00;7588,62;7595,67;6505911422,00;85599
WDOFUT;05/02/2021;16:15:00;7590,03;7616,11;7588,62;7599,19;8789094245,00;115616
WDOFUT;05/02/2021;16:00:00;7581,57;7594,96;7580,16;7590,03;6554385323,00;86375
WDOFUT;05/02/2021;15:45:00;7566,06;7582,98;7560,42;7582,27;5377186587,00;71031
WDOFUT;05/02/2021;15:30:00;7570,29;7574,52;7564,65;7566,06;3084709569,00;40754
WDOFUT;05/02/2021;15:15:00;7567,47;7575,93;7563,94;7570,29;4183132315,00;55264
WDOFUT;05/02/2021;15:00:00;7557,60;7571,70;7557,60;7567,47;4650678218,00;61465
WDOFUT;05/02/2021;14:45:00;7556,89;7563,94;7554,07;7558,30;3127186432,00;41371
WDOFUT;05/02/2021;14:30:00;7561,83;7564,65;7553,37;7556,19;4326723085,00;57244
WDOFUT;05/02/2021;14:15:00;7558,30;7565,35;7553,37;7561,12;3700243453,00;48948
WDOFUT;05/02/2021;14:00:00;7554,78;7562,53;7547,02;7557,60;4891650627,00;64747
WDOFUT;05/02/2021;13:45:00;7556,89;7556,89;7548,43;7554,78;4052934834,00;53661
WDOFUT;05/02/2021;13:30:00;7554,07;7560,42;7539,97;7556,19;7072026930,00;93668
WDOFUT;05/02/2021;13:15:00;7549,84;7561,83;7547,02;7554,07;4830505638,00;63944
WDOFUT;05/02/2021;13:00:00;7566,06;7567,47;7544,91;7550,55;7626005092,00;100970
WDOFUT;05/02/2021;12:45:00;7558,30;7566,76;7549,84;7565,35;6652872444,00;88023
WDOFUT;05/02/2021;12:30:00;7558,30;7563,94;7551,96;7559,01;4680057546,00;61922
WDOFUT;05/02/2021;12:15:00;7548,43;7572,40;7547,02;7558,30;7692551310,00;101722
WDOFUT;05/02/2021;12:00:00;7571,70;7575,22;7546,32;7548,43;8379851371,00;110859
WDOFUT;05/02/2021;11:45:00;7568,17;7580,16;7560,42;7573,11;8789433110,00;116104
WDOFUT;05/02/2021;11:30:00;7599,90;7601,31;7564,65;7567,47;1,371940191E10;181038
WDOFUT;05/02/2021;11:15:00;7613,29;7621,75;7595,67;7599,90;8227061820,00;108124
WDOFUT;05/02/2021;11:00:00;7624,57;7624,57;7593,55;7613,29;1,041987966E10;136951
WDOFUT;05/02/2021;10:45:00;7622,46;7628,10;7588,62;7623,87;1,828606862E10;240434
WDOFUT;05/02/2021;10:30:00;7667,58;7673,22;7615,41;7623,16;1,9796093E10;259209
WDOFUT;05/02/2021;10:15:00;7683,79;7683,79;7654,18;7667,58;1,028630357E10;134174
WDOFUT;05/02/2021;10:00:00;7681,68;7697,19;7679,56;7683,09;9700751450,00;126190
WDOFUT;05/02/2021;09:45:00;7688,73;7691,55;7671,81;7682,38;7873761756,00;102498
WDOFUT;05/02/2021;09:30:00;7685,20;7689,43;7670,40;7688,02;1,076768838E10;140207
WDOFUT;05/02/2021;09:15:00;7666,87;7697,19;7661,94;7685,91;1,332895841E10;173522
WDOFUT;05/02/2021;09:00:00;7630,92;7668,28;7630,92;7666,87;1,177502877E10;153879
WDOFUT;04/02/2021;18:15:00;7664,76;7666,87;7653,48;7656,30;1892461034,00;24705
WDOFUT;04/02/2021;18:00:00;7664,76;7673,22;7663,35;7664,76;2060503226,00;26873
WDOFUT;04/02/2021;17:45:00;7668,28;7674,63;7663,35;7664,05;2789924929,00;36378
WDOFUT;04/02/2021;17:30:00;7676,04;7679,56;7667,58;7667,58;4005735424,00;52198
WDOFUT;04/02/2021;17:15:00;7683,79;7684,50;7675,33;7676,04;2678518907,00;34875
WDOFUT;04/02/2021;17:00:00;7686,61;7689,43;7681,68;7683,09;2721947999,00;35419
WDOFUT;04/02/2021;16:45:00;7691,55;7692,25;7683,79;7686,61;4390939991,00;57117
WDOFUT;04/02/2021;16:30:00;7696,48;7697,89;7690,14;7691,55;3424840646,00;44514
WDOFUT;04/02/2021;16:15:00;7687,32;7698,60;7683,09;7695,78;4248759650,00;55246
WDOFUT;04/02/2021;16:00:00;7680,97;7690,14;7680,27;7687,32;3450380334,00;44899
WDOFUT;04/02/2021;15:45:00;7678,15;7688,73;7677,45;7680,27;5925190673,00;77124
WDOFUT;04/02/2021;15:30:00;7666,87;7680,97;7666,17;7678,86;6202173011,00;80805
WDOFUT;04/02/2021;15:15:00;7659,12;7670,40;7657,00;7666,87;3974855193,00;51862
WDOFUT;04/02/2021;15:00:00;7654,18;7672,51;7652,77;7659,12;7159195893,00;93407
WDOFUT;04/02/2021;14:45:00;7660,53;7660,53;7649,95;7653,48;4047981231,00;52874
WDOFUT;04/02/2021;14:30:00;7652,77;7666,17;7652,07;7659,82;6237926510,00;81437
WDOFUT;04/02/2021;14:15:00;7658,41;7660,53;7649,95;7652,77;4839699773,00;63224
WDOFUT;04/02/2021;14:00:00;7652,77;7660,53;7648,54;7659,12;4995037545,00;65249
WDOFUT;04/02/2021;13:45:00;7643,61;7654,18;7635,15;7652,07;4417269335,00;57768
WDOFUT;04/02/2021;13:30:00;7642,20;7648,54;7637,97;7642,90;4465805798,00;58429
WDOFUT;04/02/2021;13:15:00;7657,71;7659,12;7637,26;7642,20;6087481886,00;79606
WDOFUT;04/02/2021;13:00:00;7646,43;7661,94;7638,67;7658,41;6971865964,00;91146
WDOFUT;04/02/2021;12:45:00;7644,31;7658,41;7639,38;7646,43;7268590304,00;95024
WDOFUT;04/02/2021;12:30:00;7647,84;7654,89;7640,79;7643,61;7391382574,00;96653
WDOFUT;04/02/2021;12:15:00;7626,69;7649,25;7618,23;7647,84;8951681573,00;117284
WDOFUT;04/02/2021;12:00:00;7618,93;7634,44;7608,36;7626,69;1,057342798E10;138803
WDOFUT;04/02/2021;11:45:00;7635,85;7641,49;7618,23;7618,93;1,199967661E10;157284
WDOFUT;04/02/2021;11:30:00;7587,91;7637,97;7582,98;7636,56;1,831654545E10;240578
WDOFUT;04/02/2021;11:15:00;7584,39;7595,67;7575,93;7588,62;1,016078626E10;133919
WDOFUT;04/02/2021;11:00:00;7581,57;7590,73;7568,88;7584,39;9758413092,00;128717
WDOFUT;04/02/2021;10:45:00;7580,16;7584,39;7573,81;7582,27;8700962887,00;114786
WDOFUT;04/02/2021;10:30:00;7566,76;7580,16;7559,01;7579,45;8716968165,00;115155
WDOFUT;04/02/2021;10:15:00;7560,42;7577,34;7557,60;7567,47;7092904159,00;93727
WDOFUT;04/02/2021;10:00:00;7583,68;7585,09;7556,19;7560,42;1,213314595E10;160266
WDOFUT;04/02/2021;09:45:00;7574,52;7591,44;7568,17;7583,68;9580044302,00;126370
WDOFUT;04/02/2021;09:30:00;7586,50;7589,32;7570,29;7573,81;1,133236613E10;149514
WDOFUT;04/02/2021;09:15:00;7588,62;7593,55;7573,11;7587,21;1,18001733E10;155555
WDOFUT;04/02/2021;09:00:00;7578,75;7609,06;7577,34;7588,62;1,249324631E10;164457
WDOFUT;03/02/2021;18:15:00;7574,52;7578,75;7539,27;7552,66;1756235374,00;23206
WDOFUT;03/02/2021;18:00:00;7587,21;7588,62;7566,76;7574,52;2002138171,00;26428
WDOFUT;03/02/2021;17:45:00;7579,45;7590,03;7577,34;7587,21;2294782798,00;30261
WDOFUT;03/02/2021;17:30:00;7579,45;7587,21;7576,63;7579,45;2754659495,00;36329
WDOFUT;03/02/2021;17:15:00;7573,81;7582,27;7567,47;7580,16;3125537289,00;41256
WDOFUT;03/02/2021;17:00:00;7574,52;7580,86;7572,40;7573,81;2613171626,00;34491
WDOFUT;03/02/2021;16:45:00;7568,17;7576,63;7564,65;7574,52;3273840116,00;43242
WDOFUT;03/02/2021;16:30:00;7568,88;7569,58;7561,83;7568,88;3533190502,00;46701
WDOFUT;03/02/2021;16:15:00;7576,63;7576,63;7567,47;7568,17;2872615677,00;37941
WDOFUT;03/02/2021;16:00:00;7583,68;7585,09;7573,11;7576,63;2682903456,00;35405
WDOFUT;03/02/2021;15:45:00;7580,16;7586,50;7577,34;7582,98;3933243294,00;51873
WDOFUT;03/02/2021;15:30:00;7578,75;7583,68;7572,40;7580,16;3950453615,00;52131
WDOFUT;03/02/2021;15:15:00;7589,32;7591,44;7575,22;7578,75;3608981022,00;47594
WDOFUT;03/02/2021;15:00:00;7568,88;7595,67;7568,17;7589,32;6349536623,00;83728
WDOFUT;03/02/2021;14:45:00;7564,65;7570,29;7560,42;7569,58;2663350985,00;35205
WDOFUT;03/02/2021;14:30:00;7565,35;7580,16;7561,83;7565,35;6399512505,00;84525
WDOFUT;03/02/2021;14:15:00;7568,88;7569,58;7554,07;7565,35;4937522882,00;65295
WDOFUT;03/02/2021;14:00:00;7565,35;7574,52;7561,12;7568,88;5748012282,00;75948
WDOFUT;03/02/2021;13:45:00;7544,91;7567,47;7542,09;7564,65;6129133569,00;81118
WDOFUT;03/02/2021;13:30:00;7566,06;7569,58;7535,04;7545,61;7217455903,00;95614
WDOFUT;03/02/2021;13:15:00;7551,25;7567,47;7547,02;7566,06;6748771383,00;89307
WDOFUT;03/02/2021;13:00:00;7570,99;7570,99;7545,61;7551,25;8889594866,00;117653
WDOFUT;03/02/2021;12:45:00;7581,57;7591,44;7564,65;7570,29;9072088842,00;119757
WDOFUT;03/02/2021;12:30:00;7603,42;7610,47;7578,75;7581,57;1,187547579E10;156353
WDOFUT;03/02/2021;12:15:00;7544,20;7605,54;7537,86;7603,42;1,810993275E10;239074
WDOFUT;03/02/2021;12:00:00;7525,17;7549,14;7522,35;7544,91;8824991324,00;117113
WDOFUT;03/02/2021;11:45:00;7530,10;7533,63;7518,12;7525,17;6003733632,00;79768
WDOFUT;03/02/2021;11:30:00;7531,51;7538,56;7516,71;7529,40;1,047032266E10;139096
WDOFUT;03/02/2021;11:15:00;7524,46;7535,04;7523,05;7530,81;5128755696,00;68119
WDOFUT;03/02/2021;11:00:00;7520,23;7531,51;7514,59;7524,46;7752267977,00;103041
WDOFUT;03/02/2021;10:45:00;7527,99;7529,40;7506,13;7520,23;1,047305881E10;139328
WDOFUT;03/02/2021;10:30:00;7549,84;7550,55;7516,00;7527,28;1,163083766E10;154446
WDOFUT;03/02/2021;10:15:00;7542,79;7563,94;7532,92;7549,14;1,491370277E10;197568
WDOFUT;03/02/2021;10:00:00;7537,15;7556,19;7532,22;7542,79;1,305998565E10;173084
WDOFUT;03/02/2021;09:45:00;7523,76;7537,86;7523,05;7537,15;9079434305,00;120573
WDOFUT;03/02/2021;09:30:00;7532,92;7537,86;7511,07;7523,76;1,66797515E10;221757
WDOFUT;03/02/2021;09:15:00;7570,99;7578,75;7531,51;7532,92;1,366526452E10;180779
WDOFUT;03/02/2021;09:00:00;7566,06;7587,91;7550,55;7570,29;1,189893526E10;157166
WDOFUT;02/02/2021;18:15:00;7553,37;7576,63;7549,84;7573,81;1684939115,00;22282
WDOFUT;02/02/2021;18:00:00;7560,42;7563,24;7552,66;7552,66;1351342659,00;17882
WDOFUT;02/02/2021;17:45:00;7561,83;7571,70;7559,01;7561,12;3003089271,00;39696
WDOFUT;02/02/2021;17:30:00;7559,01;7566,76;7559,01;7562,53;2169321202,00;28685
WDOFUT;02/02/2021;17:15:00;7563,94;7568,88;7556,89;7559,71;3665313619,00;48460
WDOFUT;02/02/2021;17:00:00;7554,78;7566,06;7552,66;7564,65;2564381546,00;33925
WDOFUT;02/02/2021;16:45:00;7549,14;7559,01;7547,73;7555,48;3110912119,00;41185
WDOFUT;02/02/2021;16:30:00;7559,01;7566,06;7547,02;7549,14;3817787295,00;50523
WDOFUT;02/02/2021;16:15:00;7557,60;7569,58;7555,48;7559,71;3213745492,00;42494
WDOFUT;02/02/2021;16:00:00;7559,01;7563,24;7556,19;7557,60;2842128174,00;37596
WDOFUT;02/02/2021;15:45:00;7549,84;7561,12;7547,73;7559,01;4948542169,00;65492
WDOFUT;02/02/2021;15:30:00;7568,88;7570,99;7544,91;7549,84;5555493273,00;73508
WDOFUT;02/02/2021;15:15:00;7570,29;7571,70;7561,12;7569,58;3131793457,00;41386
WDOFUT;02/02/2021;15:00:00;7561,83;7573,11;7559,01;7570,29;4316616413,00;57045
WDOFUT;02/02/2021;14:45:00;7549,14;7567,47;7547,02;7562,53;4911883324,00;64975
WDOFUT;02/02/2021;14:30:00;7555,48;7555,48;7538,56;7549,14;6548372895,00;86759
WDOFUT;02/02/2021;14:15:00;7549,14;7567,47;7544,20;7555,48;6943953219,00;91866
WDOFUT;02/02/2021;14:00:00;7578,04;7578,04;7547,02;7549,14;8491039147,00;112320
WDOFUT;02/02/2021;13:45:00;7576,63;7587,91;7571,70;7578,04;8791478801,00;115953
WDOFUT;02/02/2021;13:30:00;7560,42;7581,57;7559,71;7576,63;7256444787,00;95829
WDOFUT;02/02/2021;13:15:00;7573,81;7575,93;7554,07;7560,42;6605385239,00;87294
WDOFUT;02/02/2021;13:00:00;7568,88;7575,93;7562,53;7573,81;6681021012,00;88278
WDOFUT;02/02/2021;12:45:00;7592,85;7594,96;7551,96;7568,88;1,33353481E10;176130
WDOFUT;02/02/2021;12:30:00;7603,42;7608,36;7592,85;7593,55;6079484968,00;79981
WDOFUT;02/02/2021;12:15:00;7610,47;7613,29;7597,78;7602,72;5414869938,00;71193
WDOFUT;02/02/2021;12:00:00;7618,23;7624,57;7607,65;7611,18;8724949799,00;114548
WDOFUT;02/02/2021;11:45:00;7580,16;7622,46;7575,22;7618,93;1,291609433E10;169914
WDOFUT;02/02/2021;11:30:00;7568,17;7582,27;7561,12;7580,86;1,02189511E10;134966
WDOFUT;02/02/2021;11:15:00;7597,78;7603,42;7563,94;7568,17;9771486854,00;128787
WDOFUT;02/02/2021;11:00:00;7602,72;7604,13;7578,04;7597,08;1,032842324E10;136080
WDOFUT;02/02/2021;10:45:00;7602,01;7609,06;7589,32;7602,01;9590153054,00;126187
WDOFUT;02/02/2021;10:30:00;7614,00;7621,75;7597,08;7602,01;9825946020,00;129134
WDOFUT;02/02/2021;10:15:00;7602,01;7629,51;7602,01;7613,29;1,11961765E10;146976
WDOFUT;02/02/2021;10:00:00;7628,80;7633,03;7595,67;7602,01;1,376738605E10;180841
WDOFUT;02/02/2021;09:45:00;7625,98;7639,38;7620,34;7629,51;9055019775,00;118684
WDOFUT;02/02/2021;09:30:00;7633,74;7647,84;7621,75;7625,98;1,124070473E10;147229
WDOFUT;02/02/2021;09:15:00;7632,33;7642,20;7625,28;7634,44;8072113666,00;105737
WDOFUT;02/02/2021;09:00:00;7614,70;7640,79;7608,36;7632,33;1,02632261E10;134585
WDOFUT;01/02/2021;18:15:00;7677,45;7677,45;7658,41;7664,05;1931652591,00;25188
WDOFUT;01/02/2021;18:00:00;7682,38;7684,50;7672,51;7676,74;1639723821,00;21357
WDOFUT;01/02/2021;17:45:00;7680,97;7686,61;7677,45;7682,38;2112982965,00;27506
WDOFUT;01/02/2021;17:30:00;7692,25;7695,07;7679,56;7680,97;2404476249,00;31281
WDOFUT;01/02/2021;17:15:00;7690,14;7692,96;7684,50;7692,25;2580362685,00;33559
WDOFUT;01/02/2021;17:00:00;7685,20;7703,53;7681,68;7690,14;5389343758,00;70066
WDOFUT;01/02/2021;16:45:00;7692,25;7692,25;7677,45;7685,20;4021408069,00;52336
WDOFUT;01/02/2021;16:30:00;7685,91;7696,48;7685,20;7692,96;3225883064,00;41946
WDOFUT;01/02/2021;16:15:00;7700,01;7700,71;7685,91;7685,91;4993230342,00;64911
WDOFUT;01/02/2021;16:00:00;7700,71;7705,65;7697,19;7699,30;2548382895,00;33090
WDOFUT;01/02/2021;15:45:00;7709,17;7711,29;7700,01;7700,01;3402272461,00;44151
WDOFUT;01/02/2021;15:30:00;7681,68;7714,81;7679,56;7709,17;8512917588,00;110605
WDOFUT;01/02/2021;15:15:00;7702,83;7704,24;7678,15;7680,97;6295988831,00;81887
WDOFUT;01/02/2021;15:00:00;7700,01;7704,94;7680,97;7703,53;7407628567,00;96258
WDOFUT;01/02/2021;14:45:00;7717,63;7717,63;7697,19;7700,01;6155299980,00;79886
WDOFUT;01/02/2021;14:30:00;7714,81;7719,04;7707,76;7717,63;3688204101,00;47811
WDOFUT;01/02/2021;14:15:00;7713,40;7723,27;7711,29;7714,81;4006784287,00;51914
WDOFUT;01/02/2021;14:00:00;7723,27;7723,98;7707,76;7713,40;4119316843,00;53398
WDOFUT;01/02/2021;13:45:00;7709,17;7723,98;7700,71;7723,98;4946310323,00;64139
WDOFUT;01/02/2021;13:30:00;7700,71;7714,81;7697,19;7709,17;5769051527,00;74870
WDOFUT;01/02/2021;13:15:00;7719,04;7721,86;7697,89;7701,42;5525299290,00;71685
WDOFUT;01/02/2021;13:00:00;7719,75;7732,44;7715,52;7719,04;7212498591,00;93379
WDOFUT;01/02/2021;12:45:00;7709,88;7738,78;7707,06;7719,04;8690080158,00;112491
WDOFUT;01/02/2021;12:30:00;7699,30;7726,09;7697,89;7710,58;8919728614,00;115646
WDOFUT;01/02/2021;12:15:00;7713,40;7715,52;7684,50;7699,30;8936155990,00;116049
WDOFUT;01/02/2021;12:00:00;7721,16;7728,91;7703,53;7713,40;8594580397,00;111401
WDOFUT;01/02/2021;11:45:00;7702,12;7739,49;7698,60;7720,45;1,244595233E10;161119
WDOFUT;01/02/2021;11:30:00;7692,96;7714,11;7689,43;7702,83;1,139837298E10;147951
WDOFUT;01/02/2021;11:15:00;7700,01;7703,53;7684,50;7693,66;4864582570,00;63236
WDOFUT;01/02/2021;11:00:00;7700,71;7707,06;7691,55;7700,01;6047998487,00;78547
WDOFUT;01/02/2021;10:45:00;7686,61;7702,83;7679,56;7701,42;8211171281,00;106769
WDOFUT;01/02/2021;10:30:00;7709,17;7711,29;7681,68;7686,61;8447941073,00;109792
WDOFUT;01/02/2021;10:15:00;7677,45;7711,29;7674,63;7709,88;1,113721382E10;144752
WDOFUT;01/02/2021;10:00:00;7662,64;7681,68;7659,82;7677,45;8755527176,00;114102
WDOFUT;01/02/2021;09:45:00;7656,30;7669,69;7647,13;7662,64;9592285869,00;125252
WDOFUT;01/02/2021;09:30:00;7677,45;7684,50;7654,18;7656,30;9953947279,00;129759
WDOFUT;01/02/2021;09:15:00;7657,71;7680,27;7650,66;7677,45;9405946154,00;122690
WDOFUT;01/02/2021;09:00:00;7666,87;7677,45;7645,02;7657,71;1,033408706E10;134856
WDOFUT;29/01/2021;18:15:00;7713,40;7718,34;7702,12;7706,35;1232033914,00;15980
WDOFUT;29/01/2021;18:00:00;7719,75;7724,68;7710,58;7712,70;1722046115,00;22312
WDOFUT;29/01/2021;17:45:00;7718,34;7728,91;7714,11;7719,04;2376873894,00;30787
WDOFUT;29/01/2021;17:30:00;7702,83;7721,86;7697,89;7717,63;3465830672,00;44938
WDOFUT;29/01/2021;17:15:00;7707,06;7711,29;7695,07;7702,83;3112252380,00;40404
WDOFUT;29/01/2021;17:00:00;7726,80;7727,50;7696,48;7707,76;6450260446,00;83695
WDOFUT;29/01/2021;16:45:00;7721,16;7728,21;7716,93;7726,80;2639398117,00;34178
WDOFUT;29/01/2021;16:30:00;7735,26;7737,37;7719,75;7721,16;3136631723,00;40582
WDOFUT;29/01/2021;16:15:00;7724,68;7735,96;7722,57;7734,55;2752354695,00;35608
WDOFUT;29/01/2021;16:00:00;7719,75;7726,09;7708,47;7723,98;4492144526,00;58202
WDOFUT;29/01/2021;15:45:00;7725,39;7738,08;7719,04;7720,45;4314203065,00;55824
WDOFUT;29/01/2021;15:30:00;7716,22;7726,80;7706,35;7725,39;4910334510,00;63627
WDOFUT;29/01/2021;15:15:00;7740,19;7746,54;7714,11;7716,22;6184466631,00;79985
WDOFUT;29/01/2021;15:00:00;7719,75;7740,90;7707,06;7740,90;6707084275,00;86809
WDOFUT;29/01/2021;14:45:00;7721,16;7728,91;7709,88;7719,04;6459303394,00;83665
WDOFUT;29/01/2021;14:30:00;7707,06;7732,44;7697,89;7721,16;6944989547,00;90004
WDOFUT;29/01/2021;14:15:00;7697,19;7710,58;7692,96;7707,06;6517992967,00;84623
WDOFUT;29/01/2021;14:00:00;7686,61;7697,19;7677,45;7696,48;6984732358,00;90865
WDOFUT;29/01/2021;13:45:00;7711,99;7714,11;7685,20;7686,61;4284624328,00;55671
WDOFUT;29/01/2021;13:30:00;7721,16;7721,86;7697,19;7711,99;5839434755,00;75750
WDOFUT;29/01/2021;13:15:00;7713,40;7721,86;7685,20;7721,16;8115104995,00;105330
WDOFUT;29/01/2021;13:00:00;7703,53;7726,80;7693,66;7713,40;1,108552563E10;143775
WDOFUT;29/01/2021;12:45:00;7755,70;7759,93;7695,78;7702,83;1,266340225E10;163931
WDOFUT;29/01/2021;12:30:00;7748,65;7758,52;7743,01;7755,70;5955557022,00;76820
WDOFUT;29/01/2021;12:15:00;7730,32;7752,18;7728,21;7749,36;5335223704,00;68918
WDOFUT;29/01/2021;12:00:00;7728,21;7745,13;7724,68;7730,32;7386018921,00;95493
WDOFUT;29/01/2021;11:45:00;7730,32;7747,24;7718,34;7727,50;7476195730,00;96671
WDOFUT;29/01/2021;11:30:00;7738,78;7752,18;7722,57;7730,32;8604758507,00;111207
WDOFUT;29/01/2021;11:15:00;7715,52;7740,90;7704,24;7738,78;8288806764,00;107297
WDOFUT;29/01/2021;11:00:00;7735,26;7738,08;7710,58;7716,22;8438113489,00;109221
WDOFUT;29/01/2021;10:45:00;7713,40;7740,19;7711,29;7735,26;7173885282,00;92830
WDOFUT;29/01/2021;10:30:00;7751,47;7755,00;7712,70;7713,40;1,115998376E10;144327
WDOFUT;29/01/2021;10:15:00;7738,78;7762,05;7736,67;7751,47;1,104766089E10;142617
WDOFUT;29/01/2021;10:00:00;7723,98;7767,69;7716,93;7739,49;2,028347357E10;261880
WDOFUT;29/01/2021;09:45:00;7689,43;7724,68;7679,56;7723,98;1,01778855E10;132158
WDOFUT;29/01/2021;09:30:00;7668,28;7700,71;7660,53;7689,43;9840672506,00;128017
WDOFUT;29/01/2021;09:15:00;7664,76;7687,32;7659,82;7668,99;9491676671,00;123719
WDOFUT;29/01/2021;09:00:00;7645,02;7675,33;7643,61;7664,76;7875178834,00;102801
WDOFUT;28/01/2021;18:15:00;7677,45;7686,62;7668,27;7678,86;1757730292,00;22897
WDOFUT;28/01/2021;18:00:00;7675,33;7685,91;7672,51;7677,45;1911375481,00;24888
WDOFUT;28/01/2021;17:45:00;7666,86;7678,15;7666,16;7674,62;3056272057,00;39835
WDOFUT;28/01/2021;17:30:00;7667,57;7668,98;7661,92;7666,86;1733366443,00;22613
WDOFUT;28/01/2021;17:15:00;7659,10;7668,27;7656,28;7666,86;5875916997,00;76701
WDOFUT;28/01/2021;17:00:00;7670,39;7676,04;7655,58;7659,81;3687971958,00;48122
WDOFUT;28/01/2021;16:45:00;7664,75;7670,39;7659,10;7669,69;4939088785,00;64443
WDOFUT;28/01/2021;16:30:00;7670,39;7682,39;7658,40;7664,75;5905943728,00;77010
WDOFUT;28/01/2021;16:15:00;7668,27;7676,04;7663,34;7669,69;3178382505,00;41444
WDOFUT;28/01/2021;16:00:00;7664,04;7673,21;7661,92;7668,27;3521037372,00;45921
WDOFUT;28/01/2021;15:45:00;7659,81;7680,97;7655,58;7663,34;9089055179,00;118516
WDOFUT;28/01/2021;15:30:00;7647,11;7661,92;7645,70;7659,10;4301656515,00;56196
WDOFUT;28/01/2021;15:15:00;7653,46;7659,10;7640,05;7647,81;3560449313,00;46554
WDOFUT;28/01/2021;15:00:00;7637,94;7659,10;7634,41;7653,46;5748881476,00;75182
WDOFUT;28/01/2021;14:45:00;7642,17;7646,40;7635,12;7637,94;4567174254,00;59771
WDOFUT;28/01/2021;14:30:00;7633,70;7654,16;7626,65;7642,17;7972205919,00;104295
WDOFUT;28/01/2021;14:15:00;7629,47;7637,94;7621,71;7634,41;4724917154,00;61927
WDOFUT;28/01/2021;14:00:00;7618,89;7630,88;7615,36;7630,18;5317880691,00;69762
WDOFUT;28/01/2021;13:45:00;7644,99;7657,69;7612,54;7618,18;1,000395932E10;131104
WDOFUT;28/01/2021;13:30:00;7658,40;7664,75;7640,05;7644,99;7339206792,00;95932
WDOFUT;28/01/2021;13:15:00;7658,40;7666,16;7646,40;7657,69;5422177495,00;70833
WDOFUT;28/01/2021;13:00:00;7668,27;7685,91;7649,23;7657,69;9167731726,00;119538
WDOFUT;28/01/2021;12:45:00;7685,21;7688,73;7653,46;7668,27;8084388544,00;105428
WDOFUT;28/01/2021;12:30:00;7661,92;7711,31;7654,87;7685,21;1,308304429E10;170415
WDOFUT;28/01/2021;12:15:00;7650,64;7663,34;7637,23;7661,92;7838617921,00;102480
WDOFUT;28/01/2021;12:00:00;7668,27;7676,04;7640,76;7650,64;1,345090364E10;175654
WDOFUT;28/01/2021;11:45:00;7627,35;7673,21;7619,59;7668,98;1,293256017E10;169146
WDOFUT;28/01/2021;11:30:00;7652,05;7668,27;7624,53;7627,35;1,456672032E10;190451
WDOFUT;28/01/2021;11:15:00;7634,41;7669,69;7633,00;7652,05;1,107078656E10;144663
WDOFUT;28/01/2021;11:00:00;7622,42;7636,53;7606,89;7634,41;1,185795204E10;155636
WDOFUT;28/01/2021;10:45:00;7641,46;7652,75;7621,00;7622,42;1,294366898E10;169481
WDOFUT;28/01/2021;10:30:00;7680,97;7687,32;7635,82;7640,76;1,298711613E10;169464
WDOFUT;28/01/2021;10:15:00;7686,62;7704,26;7671,10;7680,97;1,026601226E10;133515
WDOFUT;28/01/2021;10:00:00;7670,39;7699,32;7670,39;7685,91;1,098265674E10;142892
WDOFUT;28/01/2021;09:45:00;7677,45;7683,80;7661,22;7670,39;7668109393,00;99963
WDOFUT;28/01/2021;09:30:00;7654,16;7680,27;7653,46;7676,74;1,017072807E10;132637
WDOFUT;28/01/2021;09:15:00;7649,23;7669,69;7640,76;7654,87;1,293149052E10;168903
WDOFUT;28/01/2021;09:00:00;7661,92;7667,57;7636,53;7648,52;1,281243447E10;167452
WDOFUT;27/01/2021;18:15:00;7647,11;7647,81;7633,00;7640,76;1289685123,00;16882
WDOFUT;27/01/2021;18:00:00;7633,00;7647,81;7627,35;7646,40;2184188508,00;28595
WDOFUT;27/01/2021;17:45:00;7637,94;7644,99;7630,18;7633,00;3281234246,00;42967
WDOFUT;27/01/2021;17:30:00;7626,65;7644,29;7619,59;7637,94;4254586128,00;55744
WDOFUT;27/01/2021;17:15:00;7618,89;7630,18;7610,42;7625,94;5761280806,00;75600
WDOFUT;27/01/2021;17:00:00;7625,94;7633,70;7617,48;7618,18;4087081399,00;53596
WDOFUT;27/01/2021;16:45:00;7618,89;7631,59;7615,36;7626,65;4413977295,00;57895
WDOFUT;27/01/2021;16:30:00;7616,07;7633,70;7613,95;7618,89;5689139168,00;74607
WDOFUT;27/01/2021;16:15:00;7624,53;7630,18;7608,31;7615,36;6426465909,00;84334
WDOFUT;27/01/2021;16:00:00;7621,71;7625,24;7602,66;7625,24;5422317329,00;71218
WDOFUT;27/01/2021;15:45:00;7588,55;7627,35;7584,32;7620,30;6637115382,00;87298
WDOFUT;27/01/2021;15:30:00;7588,55;7594,90;7582,91;7587,85;5229656552,00;68920
WDOFUT;27/01/2021;15:15:00;7601,25;7604,07;7587,85;7588,55;3814853436,00;50224
WDOFUT;27/01/2021;15:00:00;7595,61;7607,60;7587,14;7601,96;6446035573,00;84831
WDOFUT;27/01/2021;14:45:00;7602,66;7606,19;7589,26;7595,61;7409108622,00;97510
WDOFUT;27/01/2021;14:30:00;7618,89;7628,06;7601,25;7601,96;8730442399,00;114641
WDOFUT;27/01/2021;14:15:00;7611,83;7621,71;7606,89;7618,89;6570103911,00;86275
WDOFUT;27/01/2021;14:00:00;7640,05;7642,88;7609,01;7611,83;8524173543,00;111764
WDOFUT;27/01/2021;13:45:00;7627,35;7647,81;7621,00;7639,35;6050108131,00;79193
WDOFUT;27/01/2021;13:30:00;7623,83;7630,88;7617,48;7627,35;6465546481,00;84807
WDOFUT;27/01/2021;13:15:00;7637,94;7647,81;7623,83;7623,83;6598518223,00;86393
WDOFUT;27/01/2021;13:00:00;7632,29;7642,88;7616,07;7637,23;9563428266,00;125323
WDOFUT;27/01/2021;12:45:00;7620,30;7647,81;7616,07;7632,29;1,273250268E10;166817
WDOFUT;27/01/2021;12:30:00;7591,37;7626,65;7581,50;7620,30;1,0736617E10;141139
WDOFUT;27/01/2021;12:15:00;7604,07;7622,42;7579,38;7591,37;9603315676,00;126401
WDOFUT;27/01/2021;12:00:00;7606,89;7611,83;7575,15;7604,07;1,178040207E10;155176
WDOFUT;27/01/2021;11:45:00;7635,82;7643,58;7600,54;7606,89;1,514444578E10;198586
WDOFUT;27/01/2021;11:30:00;7569,50;7640,05;7569,50;7636,53;1,847797351E10;242973
WDOFUT;27/01/2021;11:15:00;7579,38;7590,67;7568,80;7569,50;6442125910,00;84971
WDOFUT;27/01/2021;11:00:00;7565,27;7588,55;7562,45;7580,08;9495538503,00;125362
WDOFUT;27/01/2021;10:45:00;7594,90;7597,72;7563,15;7565,27;1,054065911E10;139086
WDOFUT;27/01/2021;10:30:00;7579,38;7609,72;7578,67;7594,20;1,236570189E10;162779
WDOFUT;27/01/2021;10:15:00;7568,09;7583,61;7557,51;7579,38;1,065056726E10;140671
WDOFUT;27/01/2021;10:00:00;7583,61;7593,49;7562,45;7568,09;9331717508,00;123136
WDOFUT;27/01/2021;09:45:00;7584,32;7596,31;7566,68;7583,61;1,022406051E10;134851
WDOFUT;27/01/2021;09:30:00;7564,56;7593,49;7556,10;7585,02;1,461393512E10;192869
WDOFUT;27/01/2021;09:15:00;7605,48;7611,83;7559,62;7564,56;1,38351946E10;182322
WDOFUT;27/01/2021;09:00:00;7579,38;7610,42;7549,04;7605,48;1,825074556E10;240787
WDOFUT;26/01/2021;18:15:00;7551,16;7565,97;7550,45;7557,51;1307785609,00;17306
WDOFUT;26/01/2021;18:00:00;7551,16;7556,10;7546,22;7551,86;1544070190,00;20447
WDOFUT;26/01/2021;17:45:00;7563,86;7571,62;7550,45;7551,16;3523384292,00;46598
WDOFUT;26/01/2021;17:30:00;7553,98;7567,39;7544,81;7563,86;4859192185,00;64311
WDOFUT;26/01/2021;17:15:00;7534,93;7556,10;7532,82;7553,28;6691889348,00;88686
WDOFUT;26/01/2021;17:00:00;7511,65;7535,64;7511,65;7534,23;5128721704,00;68181
WDOFUT;26/01/2021;16:45:00;7508,12;7512,36;7503,89;7512,36;3316078473,00;44161
WDOFUT;26/01/2021;16:30:00;7520,12;7523,64;7497,54;7508,12;1,03248788E10;137491
WDOFUT;26/01/2021;16:15:00;7551,16;7553,98;7518,70;7520,82;7551428336,00;100199
WDOFUT;26/01/2021;16:00:00;7542,69;7551,86;7539,87;7551,16;3339843542,00;44266
WDOFUT;26/01/2021;15:45:00;7553,98;7557,51;7538,46;7541,99;6728279372,00;89157
WDOFUT;26/01/2021;15:30:00;7539,16;7558,21;7534,93;7553,98;5960376449,00;78977
WDOFUT;26/01/2021;15:15:00;7543,40;7546,93;7530,70;7538,46;4380560620,00;58115
WDOFUT;26/01/2021;15:00:00;7550,45;7553,28;7537,75;7543,40;4304556483,00;57056
WDOFUT;26/01/2021;14:45:00;7552,57;7555,39;7535,64;7550,45;6144425292,00;81420
WDOFUT;26/01/2021;14:30:00;7563,86;7568,09;7539,16;7552,57;7476817886,00;99017
WDOFUT;26/01/2021;14:15:00;7572,32;7575,15;7563,15;7564,56;5146351920,00;67986
WDOFUT;26/01/2021;14:00:00;7576,56;7578,67;7560,33;7572,32;7442964087,00;98331
WDOFUT;26/01/2021;13:45:00;7576,56;7581,50;7570,21;7577,26;6344828691,00;83748
WDOFUT;26/01/2021;13:30:00;7563,86;7580,08;7553,28;7577,26;5678883590,00;75041
WDOFUT;26/01/2021;13:15:00;7566,68;7573,74;7555,39;7563,86;6598619733,00;87235
WDOFUT;26/01/2021;13:00:00;7551,16;7566,68;7538,46;7565,97;1,334805213E10;176790
WDOFUT;26/01/2021;12:45:00;7599,84;7603,37;7549,04;7551,16;1,291018166E10;170442
WDOFUT;26/01/2021;12:30:00;7606,19;7611,13;7593,49;7600,54;4905412762,00;64527
WDOFUT;26/01/2021;12:15:00;7604,78;7614,66;7592,08;7606,19;7856936067,00;103347
WDOFUT;26/01/2021;12:00:00;7604,07;7609,72;7582,91;7604,78;1,396831152E10;183882
WDOFUT;26/01/2021;11:45:00;7632,29;7633,70;7603,37;7604,07;9435379205,00;123868
WDOFUT;26/01/2021;11:30:00;7628,06;7635,12;7613,95;7632,29;1,006102814E10;131940
WDOFUT;26/01/2021;11:15:00;7629,47;7635,82;7613,95;7628,77;9689295442,00;127083
WDOFUT;26/01/2021;11:00:00;7647,81;7653,46;7616,77;7629,47;1,328115461E10;174015
WDOFUT;26/01/2021;10:45:00;7649,23;7664,75;7640,76;7647,11;1,049996519E10;137235
WDOFUT;26/01/2021;10:30:00;7661,92;7673,92;7646,40;7649,23;9940531592,00;129719
WDOFUT;26/01/2021;10:15:00;7647,11;7666,16;7640,76;7662,63;8678433520,00;113414
WDOFUT;26/01/2021;10:00:00;7638,64;7659,81;7630,18;7647,11;1,129144967E10;147677
WDOFUT;26/01/2021;09:45:00;7627,35;7643,58;7620,30;7638,64;1,202888619E10;157588
WDOFUT;26/01/2021;09:30:00;7678,86;7679,56;7626,65;7627,35;1,834154361E10;239749
WDOFUT;26/01/2021;09:15:00;7690,85;7700,73;7668,98;7679,56;1,31288966E10;170835
WDOFUT;26/01/2021;09:00:00;7719,78;7731,07;7671,10;7690,85;1,630759209E10;212009
WDOFUT;22/01/2021;18:15:00;7722,60;7730,36;7716,96;7717,66;1538759298,00;19919
WDOFUT;22/01/2021;18:00:00;7721,19;7731,77;7717,66;7721,89;2432238300,00;31486
WDOFUT;22/01/2021;17:45:00;7709,90;7724,01;7707,08;7721,89;2697172942,00;34957
WDOFUT;22/01/2021;17:30:00;7724,01;7725,42;7705,67;7709,19;4067520913,00;52726
WDOFUT;22/01/2021;17:15:00;7737,42;7739,53;7722,60;7724,01;3552790675,00;45968
WDOFUT;22/01/2021;17:00:00;7729,65;7740,94;7726,83;7736,71;3447420884,00;44569
WDOFUT;22/01/2021;16:45:00;7732,48;7733,89;7725,42;7730,36;2454671301,00;31753
WDOFUT;22/01/2021;16:30:00;7722,60;7745,18;7721,89;7732,48;5874838789,00;75942
WDOFUT;22/01/2021;16:15:00;7725,42;7728,24;7721,19;7722,60;3001082308,00;38854
WDOFUT;22/01/2021;16:00:00;7713,43;7729,65;7711,31;7724,72;6202543907,00;80328
WDOFUT;22/01/2021;15:45:00;7713,43;7716,96;7709,90;7713,43;3434969219,00;44535
WDOFUT;22/01/2021;15:30:00;7712,72;7723,31;7711,31;7713,43;4325165805,00;56040
WDOFUT;22/01/2021;15:15:00;7712,72;7719,07;7707,08;7712,72;4856908727,00;62977
WDOFUT;22/01/2021;15:00:00;7720,48;7723,31;7712,02;7712,02;3936169111,00;51000
WDOFUT;22/01/2021;14:45:00;7730,36;7731,07;7719,78;7720,48;4373205969,00;56615
WDOFUT;22/01/2021;14:30:00;7724,01;7730,36;7716,96;7730,36;5535338568,00;71674
WDOFUT;22/01/2021;14:15:00;7711,31;7724,72;7706,37;7724,01;5779260211,00;74888
WDOFUT;22/01/2021;14:00:00;7696,50;7718,37;7695,08;7711,31;6015843791,00;78020
WDOFUT;22/01/2021;13:45:00;7701,43;7702,85;7693,67;7697,20;4887933886,00;63494
WDOFUT;22/01/2021;13:30:00;7706,37;7713,43;7699,32;7700,73;5021374438,00;65162
WDOFUT;22/01/2021;13:15:00;7702,14;7709,90;7698,61;7706,37;5056954590,00;65640
WDOFUT;22/01/2021;13:00:00;7697,91;7703,55;7688,03;7702,14;6694861053,00;86995
WDOFUT;22/01/2021;12:45:00;7685,91;7701,43;7683,80;7697,20;8919079535,00;115927
WDOFUT;22/01/2021;12:30:00;7671,10;7689,44;7666,16;7686,62;6792370739,00;88438
WDOFUT;22/01/2021;12:15:00;7673,92;7678,15;7661,92;7671,10;5188049760,00;67638
WDOFUT;22/01/2021;12:00:00;7663,34;7681,68;7659,81;7673,21;9885562854,00;128843
WDOFUT;22/01/2021;11:45:00;7647,11;7673,21;7631,59;7663,34;1,372740448E10;179366
WDOFUT;22/01/2021;11:30:00;7644,99;7653,46;7637,94;7646,40;7013797895,00;91731
WDOFUT;22/01/2021;11:15:00;7647,11;7652,75;7644,29;7644,99;4869874080,00;63663
WDOFUT;22/01/2021;11:00:00;7652,05;7654,87;7640,76;7647,11;5840574103,00;76373
WDOFUT;22/01/2021;10:45:00;7656,99;7658,40;7636,53;7652,75;1,043789931E10;136508
WDOFUT;22/01/2021;10:30:00;7649,23;7671,10;7649,23;7656,99;1,012642822E10;132168
WDOFUT;22/01/2021;10:15:00;7633,70;7654,87;7629,47;7649,93;8871250547,00;116091
WDOFUT;22/01/2021;10:00:00;7640,76;7645,70;7630,88;7634,41;8267803197,00;108240
WDOFUT;22/01/2021;09:45:00;7657,69;7664,04;7634,41;7641,46;9396829535,00;122855
WDOFUT;22/01/2021;09:30:00;7641,46;7661,22;7637,94;7658,40;9998189497,00;130683
WDOFUT;22/01/2021;09:15:00;7646,40;7650,64;7628,06;7641,46;1,008772083E10;132081
WDOFUT;22/01/2021;09:00:00;7626,65;7650,64;7614,66;7647,11;1,139225073E10;149279
WDOFUT;21/01/2021;18:15:00;7565,27;7572,32;7551,16;7553,28;1454608884,00;19227
WDOFUT;21/01/2021;18:00:00;7565,27;7576,56;7564,56;7565,97;1630429490,00;21538
WDOFUT;21/01/2021;17:45:00;7556,10;7570,21;7556,10;7565,27;1972145785,00;26078
WDOFUT;21/01/2021;17:30:00;7568,80;7570,91;7553,28;7556,80;3153062524,00;41705
WDOFUT;21/01/2021;17:15:00;7573,74;7582,91;7563,86;7568,80;3410958277,00;45041
WDOFUT;21/01/2021;17:00:00;7568,09;7575,85;7565,27;7573,03;3181568801,00;42022
WDOFUT;21/01/2021;16:45:00;7549,75;7575,85;7546,22;7568,09;4983429375,00;65893
WDOFUT;21/01/2021;16:30:00;7561,04;7562,45;7546,93;7550,45;4282857756,00;56704
WDOFUT;21/01/2021;16:15:00;7569,50;7573,74;7556,10;7560,33;4113196858,00;54378
WDOFUT;21/01/2021;16:00:00;7565,27;7573,74;7563,86;7568,80;3181560560,00;42036
WDOFUT;21/01/2021;15:45:00;7582,91;7592,08;7563,86;7565,27;5948410067,00;78502
WDOFUT;21/01/2021;15:30:00;7581,50;7585,73;7572,32;7582,91;5874266466,00;77514
WDOFUT;21/01/2021;15:15:00;7599,84;7601,25;7578,67;7582,20;6886505474,00;90774
WDOFUT;21/01/2021;15:00:00;7584,32;7602,66;7580,08;7599,13;6292930663,00;82915
WDOFUT;21/01/2021;14:45:00;7608,31;7610,42;7575,85;7584,32;8465507876,00;111532
WDOFUT;21/01/2021;14:30:00;7609,72;7613,95;7599,84;7608,31;2745790657,00;36096
WDOFUT;21/01/2021;14:15:00;7606,89;7617,48;7603,37;7609,01;3774631427,00;49597
WDOFUT;21/01/2021;14:00:00;7588,55;7619,59;7588,55;7606,89;6885554055,00;90533
WDOFUT;21/01/2021;13:45:00;7606,19;7609,72;7582,20;7589,26;8176443060,00;107618
WDOFUT;21/01/2021;13:30:00;7609,72;7621,71;7605,48;7606,89;8495612970,00;111574
WDOFUT;21/01/2021;13:15:00;7580,08;7611,13;7576,56;7609,72;8420181438,00;110809
WDOFUT;21/01/2021;13:00:00;7580,08;7591,37;7570,21;7579,38;8639522483,00;113969
WDOFUT;21/01/2021;12:45:00;7570,21;7584,32;7557,51;7580,08;8751175455,00;115580
WDOFUT;21/01/2021;12:30:00;7570,21;7588,55;7565,97;7569,50;8080567536,00;106630
WDOFUT;21/01/2021;12:15:00;7567,39;7582,91;7565,27;7570,21;8358073288,00;110342
WDOFUT;21/01/2021;12:00:00;7544,81;7575,15;7537,75;7567,39;1,544559773E10;204341
WDOFUT;21/01/2021;11:45:00;7503,89;7546,22;7492,60;7544,81;1,411543295E10;187777
WDOFUT;21/01/2021;11:30:00;7468,61;7513,06;7468,61;7503,89;1,477995788E10;197223
WDOFUT;21/01/2021;11:15:00;7460,85;7493,31;7454,50;7469,32;1,518513106E10;203106
WDOFUT;21/01/2021;11:00:00;7450,98;7466,50;7447,45;7460,15;1,034990003E10;138797
WDOFUT;21/01/2021;10:45:00;7424,17;7453,80;7412,88;7450,98;1,174936855E10;158042
WDOFUT;21/01/2021;10:30:00;7429,10;7441,80;7421,34;7424,17;7822382415,00;105273
WDOFUT;21/01/2021;10:15:00;7438,98;7444,63;7424,87;7429,10;7456115379,00;100302
WDOFUT;21/01/2021;10:00:00;7431,93;7442,51;7416,40;7438,98;1,048874099E10;141192
WDOFUT;21/01/2021;09:45:00;7402,29;7433,34;7395,24;7432,63;9170594076,00;123666
WDOFUT;21/01/2021;09:30:00;7416,40;7427,69;7389,60;7401,59;1,208848562E10;163128
WDOFUT;21/01/2021;09:15:00;7407,23;7419,23;7394,53;7416,40;1,130111708E10;152577
WDOFUT;21/01/2021;09:00:00;7406,53;7410,06;7383,25;7407,94;9875352126,00;133436
WDOFUT;20/01/2021;18:15:00;7479,20;7486,96;7465,79;7470,02;2045307927,00;27354
WDOFUT;20/01/2021;18:00:00;7492,60;7496,83;7477,78;7479,20;2139766762,00;28573
WDOFUT;20/01/2021;17:45:00;7484,84;7494,72;7481,31;7493,31;2361769424,00;31541
WDOFUT;20/01/2021;17:30:00;7486,96;7494,01;7482,72;7484,84;2019667224,00;26972
WDOFUT;20/01/2021;17:15:00;7490,48;7491,90;7484,13;7487,66;3119563953,00;41662
WDOFUT;20/01/2021;17:00:00;7494,72;7499,66;7489,78;7491,19;2165746346,00;28899
WDOFUT;20/01/2021;16:45:00;7498,95;7501,77;7488,37;7494,72;4353327373,00;58078
WDOFUT;20/01/2021;16:30:00;7508,12;7509,53;7497,54;7498,95;3123154016,00;41627
WDOFUT;20/01/2021;16:15:00;7515,18;7517,29;7503,89;7508,12;3011678228,00;40107
WDOFUT;20/01/2021;16:00:00;7518,00;7518,00;7502,48;7515,18;5463355241,00;72744
WDOFUT;20/01/2021;15:45:00;7501,77;7520,12;7495,42;7518,00;5813100747,00;77459
WDOFUT;20/01/2021;15:30:00;7492,60;7519,41;7489,07;7501,77;9747105774,00;129869
WDOFUT;20/01/2021;15:15:00;7479,20;7492,60;7477,08;7491,90;3420911308,00;45709
WDOFUT;20/01/2021;15:00:00;7474,26;7481,31;7471,44;7478,49;2325374250,00;31102
WDOFUT;20/01/2021;14:45:00;7474,26;7479,90;7469,32;7474,26;3331416849,00;44566
WDOFUT;20/01/2021;14:30:00;7477,78;7477,78;7460,15;7474,96;5376610948,00;71988
WDOFUT;20/01/2021;14:15:00;7478,49;7487,66;7472,14;7477,78;4868521623,00;65092
WDOFUT;20/01/2021;14:00:00;7469,32;7480,61;7465,79;7478,49;4709406970,00;63012
WDOFUT;20/01/2021;13:45:00;7479,20;7484,13;7455,91;7469,32;6854295983,00;91770
WDOFUT;20/01/2021;13:30:00;7488,37;7504,59;7474,26;7479,20;7081170232,00;94560
WDOFUT;20/01/2021;13:15:00;7484,84;7495,42;7470,73;7489,07;6925150375,00;92542
WDOFUT;20/01/2021;13:00:00;7477,08;7488,37;7466,50;7485,55;8045076456,00;107547
WDOFUT;20/01/2021;12:45:00;7469,32;7482,72;7462,26;7477,08;8677581967,00;116146
WDOFUT;20/01/2021;12:30:00;7472,14;7479,90;7462,26;7470,02;7434890683,00;99521
WDOFUT;20/01/2021;12:15:00;7485,55;7491,90;7471,44;7472,14;5526674864,00;73904
WDOFUT;20/01/2021;12:00:00;7482,02;7488,37;7470,02;7486,25;7213049663,00;96458
WDOFUT;20/01/2021;11:45:00;7470,02;7498,24;7464,38;7482,02;1,228823456E10;164243
WDOFUT;20/01/2021;11:30:00;7495,42;7498,95;7465,79;7470,02;1,787590403E10;238930
WDOFUT;20/01/2021;11:15:00;7501,77;7513,06;7495,42;7496,13;6009941103,00;80078
WDOFUT;20/01/2021;11:00:00;7504,59;7509,53;7492,60;7501,77;7717922347,00;102907
WDOFUT;20/01/2021;10:45:00;7507,42;7520,12;7503,18;7504,59;8328177416,00;110863
WDOFUT;20/01/2021;10:30:00;7508,83;7513,06;7496,13;7507,42;6044500287,00;80544
WDOFUT;20/01/2021;10:15:00;7509,53;7512,36;7500,36;7508,83;5217343895,00;69517
WDOFUT;20/01/2021;10:00:00;7501,07;7515,18;7490,48;7510,24;1,508547653E10;201089
WDOFUT;20/01/2021;09:45:00;7539,16;7541,99;7498,95;7501,77;1,22835071E10;163351
WDOFUT;20/01/2021;09:30:00;7536,34;7546,93;7523,64;7539,16;1,033599659E10;137141
WDOFUT;20/01/2021;09:15:00;7532,82;7560,33;7526,47;7535,64;1,36508561E10;180997
WDOFUT;20/01/2021;09:00:00;7532,11;7539,16;7521,53;7533,52;8980620752,00;119265
WDOFUT;19/01/2021;18:15:00;7566,68;7578,67;7562,45;7566,68;1740028254,00;22981
WDOFUT;19/01/2021;18:00:00;7553,98;7570,91;7553,98;7566,68;2012355405,00;26605
WDOFUT;19/01/2021;17:45:00;7551,16;7561,04;7548,34;7554,69;2403625462,00;31817
WDOFUT;19/01/2021;17:30:00;7551,86;7553,98;7535,64;7551,86;3367661600,00;44633
WDOFUT;19/01/2021;17:15:00;7549,04;7556,80;7546,22;7551,86;2640779918,00;34971
WDOFUT;19/01/2021;17:00:00;7544,81;7550,45;7540,58;7549,75;1763222058,00;23367
WDOFUT;19/01/2021;16:45:00;7547,63;7554,69;7544,10;7545,51;2248105578,00;29782
WDOFUT;19/01/2021;16:30:00;7550,45;7555,39;7543,40;7547,63;2540768592,00;33656
WDOFUT;19/01/2021;16:15:00;7544,10;7555,39;7541,99;7549,75;3382115927,00;44804
WDOFUT;19/01/2021;16:00:00;7546,93;7556,10;7537,75;7544,81;5807895443,00;76936
WDOFUT;19/01/2021;15:45:00;7560,33;7563,15;7540,58;7546,93;4472423672,00;59229
WDOFUT;19/01/2021;15:30:00;7555,39;7566,68;7542,69;7561,04;5996957520,00;79384
WDOFUT;19/01/2021;15:15:00;7558,92;7570,21;7551,16;7556,10;6855461873,00;90660
WDOFUT;19/01/2021;15:00:00;7536,34;7563,15;7529,29;7558,21;9552955127,00;126531
WDOFUT;19/01/2021;14:45:00;7510,94;7539,87;7500,36;7536,34;1,048866502E10;139433
WDOFUT;19/01/2021;14:30:00;7531,40;7543,40;7508,12;7510,24;7519813053,00;99902
WDOFUT;19/01/2021;14:15:00;7526,47;7539,16;7523,64;7530,70;4699513104,00;62401
WDOFUT;19/01/2021;14:00:00;7532,11;7536,34;7514,47;7526,47;5757443882,00;76504
WDOFUT;19/01/2021;13:45:00;7532,11;7537,75;7521,53;7532,11;5235417742,00;69539
WDOFUT;19/01/2021;13:30:00;7539,16;7544,10;7525,05;7532,11;6078556809,00;80670
WDOFUT;19/01/2021;13:15:00;7530,70;7549,75;7528,58;7539,87;7673247793,00;101770
WDOFUT;19/01/2021;13:00:00;7514,47;7533,52;7510,24;7529,99;6494215697,00;86339
WDOFUT;19/01/2021;12:45:00;7486,96;7531,40;7486,25;7515,18;8952068673,00;119193
WDOFUT;19/01/2021;12:30:00;7508,12;7512,36;7484,13;7486,96;6836385154,00;91198
WDOFUT;19/01/2021;12:15:00;7491,19;7525,05;7488,37;7508,12;9392713614,00;125062
WDOFUT;19/01/2021;12:00:00;7496,83;7501,07;7482,72;7491,19;7669826391,00;102390
WDOFUT;19/01/2021;11:45:00;7488,37;7503,89;7482,02;7497,54;7478008906,00;99788
WDOFUT;19/01/2021;11:30:00;7468,61;7500,36;7464,38;7488,37;1,278925774E10;170800
WDOFUT;19/01/2021;11:15:00;7472,14;7477,08;7455,91;7467,91;8832431461,00;118290
WDOFUT;19/01/2021;11:00:00;7448,86;7480,61;7444,63;7472,14;1,33791173E10;179261
WDOFUT;19/01/2021;10:45:00;7438,98;7455,21;7438,28;7448,15;8145732244,00;109386
WDOFUT;19/01/2021;10:30:00;7441,10;7443,21;7420,64;7438,28;6869129124,00;92426
WDOFUT;19/01/2021;10:15:00;7429,10;7442,51;7420,64;7441,10;7519889595,00;101186
WDOFUT;19/01/2021;10:00:00;7428,40;7446,74;7424,87;7429,10;1,030177176E10;138555
WDOFUT;19/01/2021;09:45:00;7414,99;7434,04;7410,76;7427,69;1,010996694E10;136221
WDOFUT;19/01/2021;09:30:00;7426,99;7430,52;7396,65;7414,99;1,052043673E10;141897
WDOFUT;19/01/2021;09:15:00;7412,88;7429,81;7400,88;7426,99;1,324404384E10;178631
WDOFUT;19/01/2021;09:00:00;7436,86;7462,97;7409,35;7412,17;1,514131951E10;203583
WDOFUT;18/01/2021;18:15:00;7474,26;7483,43;7468,61;7481,31;1089718680,00;14579
WDOFUT;18/01/2021;18:00:00;7477,08;7478,49;7473,55;7473,55;715679749,50;9573
WDOFUT;18/01/2021;17:45:00;7477,78;7478,49;7474,26;7477,08;809496719,30;10827
WDOFUT;18/01/2021;17:30:00;7482,72;7483,43;7473,55;7477,78;1300979336,00;17397
WDOFUT;18/01/2021;17:15:00;7484,84;7486,25;7470,02;7482,72;2918540016,00;39025
WDOFUT;18/01/2021;17:00:00;7489,07;7491,19;7482,02;7485,55;2770139577,00;36999
WDOFUT;18/01/2021;16:45:00;7464,38;7489,78;7464,38;7488,37;4108003943,00;54944
WDOFUT;18/01/2021;16:30:00;7472,85;7472,85;7459,44;7465,09;2960471940,00;39660
WDOFUT;18/01/2021;16:15:00;7475,67;7476,37;7467,20;7472,14;1921796172,00;25720
WDOFUT;18/01/2021;16:00:00;7472,85;7476,37;7464,38;7474,96;3190827785,00;42713
WDOFUT;18/01/2021;15:45:00;7452,39;7478,49;7451,68;7472,85;4926218733,00;65985
WDOFUT;18/01/2021;15:30:00;7444,63;7464,38;7444,63;7451,68;5615822349,00;75332
WDOFUT;18/01/2021;15:15:00;7434,04;7446,04;7431,22;7445,33;2059462183,00;27682
WDOFUT;18/01/2021;15:00:00;7435,45;7444,63;7424,87;7434,75;6095043769,00;81969
WDOFUT;18/01/2021;14:45:00;7441,80;7444,63;7431,93;7435,45;2569620495,00;34544
WDOFUT;18/01/2021;14:30:00;7446,74;7447,45;7432,63;7441,80;3166032639,00;42554
WDOFUT;18/01/2021;14:15:00;7435,45;7447,45;7431,22;7446,74;4781473675,00;64260
WDOFUT;18/01/2021;14:00:00;7431,93;7440,39;7423,46;7435,45;4353062127,00;58576
WDOFUT;18/01/2021;13:45:00;7426,28;7441,80;7426,28;7431,93;4918977403,00;66170
WDOFUT;18/01/2021;13:30:00;7422,75;7431,93;7420,64;7426,99;3618879393,00;48735
WDOFUT;18/01/2021;13:15:00;7414,29;7424,17;7412,88;7422,75;3132159445,00;42222
WDOFUT;18/01/2021;13:00:00;7398,77;7416,40;7392,42;7414,99;6954054903,00;93922
WDOFUT;18/01/2021;12:45:00;7438,98;7451,68;7391,01;7398,06;1,550111023E10;208891
WDOFUT;18/01/2021;12:30:00;7441,80;7444,63;7419,93;7438,28;7153846885,00;96270
WDOFUT;18/01/2021;12:15:00;7437,57;7446,74;7430,52;7442,51;4514592643,00;60692
WDOFUT;18/01/2021;12:00:00;7437,57;7442,51;7426,99;7438,28;7423226474,00;99837
WDOFUT;18/01/2021;11:45:00;7467,91;7470,02;7436,86;7438,28;1,071667917E10;143778
WDOFUT;18/01/2021;11:30:00;7489,07;7492,60;7465,79;7468,61;7482653380,00;100083
WDOFUT;18/01/2021;11:15:00;7510,24;7513,06;7487,66;7489,07;6391499543,00;85206
WDOFUT;18/01/2021;11:00:00;7484,84;7512,36;7479,90;7510,94;1,221306763E10;162885
WDOFUT;18/01/2021;10:45:00;7477,08;7487,66;7468,61;7484,13;6677769500,00;89288
WDOFUT;18/01/2021;10:30:00;7467,20;7481,31;7460,15;7477,78;6537369028,00;87514
WDOFUT;18/01/2021;10:15:00;7477,08;7479,20;7447,45;7467,20;1,089693686E10;146048
WDOFUT;18/01/2021;10:00:00;7477,78;7492,60;7461,56;7477,78;1,024645374E10;137005
WDOFUT;18/01/2021;09:45:00;7477,08;7489,78;7472,85;7477,78;6823232571,00;91202
WDOFUT;18/01/2021;09:30:00;7477,78;7486,96;7465,09;7476,37;6809500398,00;91092
WDOFUT;18/01/2021;09:15:00;7458,74;7477,78;7449,56;7477,08;7514927511,00;100672
WDOFUT;18/01/2021;09:00:00;7497,54;7498,95;7453,09;7458,74;1,233503929E10;165073
WDOFUT;15/01/2021;18:15:00;7485,55;7488,37;7467,20;7470,73;1408884392,00;18832
WDOFUT;15/01/2021;18:00:00;7480,61;7490,48;7478,49;7485,55;1787590945,00;23883
WDOFUT;15/01/2021;17:45:00;7477,08;7484,13;7474,26;7481,31;2308690147,00;30872
WDOFUT;15/01/2021;17:30:00;7482,72;7482,72;7465,79;7477,08;2868931768,00;38382
WDOFUT;15/01/2021;17:15:00;7477,08;7485,55;7475,67;7482,02;2955447438,00;39509
WDOFUT;15/01/2021;17:00:00;7485,55;7496,13;7474,26;7477,08;5167872497,00;69028
WDOFUT;15/01/2021;16:45:00;7468,61;7486,96;7467,91;7485,55;5658855783,00;75673
WDOFUT;15/01/2021;16:30:00;7462,26;7472,14;7460,15;7467,91;3211321283,00;43010
WDOFUT;15/01/2021;16:15:00;7462,97;7469,32;7459,44;7462,26;2020391791,00;27068
WDOFUT;15/01/2021;16:00:00;7458,74;7470,02;7457,32;7462,97;3574508282,00;47897
WDOFUT;15/01/2021;15:45:00;7479,90;7480,61;7455,21;7458,74;6154441199,00;82416
WDOFUT;15/01/2021;15:30:00;7461,56;7484,84;7457,32;7479,90;7811646316,00;104536
WDOFUT;15/01/2021;15:15:00;7434,75;7470,02;7429,81;7461,56;6922199215,00;92918
WDOFUT;15/01/2021;15:00:00;7422,05;7440,39;7417,11;7434,75;4161787693,00;56009
WDOFUT;15/01/2021;14:45:00;7443,21;7444,63;7411,47;7422,05;6450951149,00;86868
WDOFUT;15/01/2021;14:30:00;7428,40;7446,04;7426,99;7442,51;3179730094,00;42756
WDOFUT;15/01/2021;14:15:00;7431,22;7443,92;7423,46;7427,69;5810625720,00;78168
WDOFUT;15/01/2021;14:00:00;7424,87;7441,10;7415,70;7431,93;7146242982,00;96209
WDOFUT;15/01/2021;13:45:00;7383,95;7428,40;7383,25;7424,17;7268031185,00;98117
WDOFUT;15/01/2021;13:30:00;7410,06;7410,76;7374,07;7383,95;1,060507633E10;143501
WDOFUT;15/01/2021;13:15:00;7446,74;7448,86;7405,82;7409,35;7371256547,00;99232
WDOFUT;15/01/2021;13:00:00;7430,52;7455,91;7429,10;7446,74;6124131626,00;82250
WDOFUT;15/01/2021;12:45:00;7434,75;7451,68;7423,46;7430,52;7967288473,00;107127
WDOFUT;15/01/2021;12:30:00;7446,04;7453,09;7421,34;7434,75;8515015503,00;114530
WDOFUT;15/01/2021;12:15:00;7449,56;7466,50;7443,21;7446,74;7211490849,00;96730
WDOFUT;15/01/2021;12:00:00;7435,45;7474,96;7433,34;7449,56;1,196884878E10;160561
WDOFUT;15/01/2021;11:45:00;7434,75;7446,04;7419,23;7435,45;1,090086052E10;146648
WDOFUT;15/01/2021;11:30:00;7450,27;7455,21;7433,34;7435,45;9306244663,00;125013
WDOFUT;15/01/2021;11:15:00;7455,91;7463,67;7445,33;7450,98;5712301795,00;76630
WDOFUT;15/01/2021;11:00:00;7448,86;7468,61;7448,15;7455,21;9518995930,00;127659
WDOFUT;15/01/2021;10:45:00;7426,99;7450,27;7426,28;7448,15;9668364241,00;129915
WDOFUT;15/01/2021;10:30:00;7427,69;7437,57;7411,47;7427,69;9904555376,00;133380
WDOFUT;15/01/2021;10:15:00;7414,99;7431,22;7403,71;7426,28;9580397673,00;129183
WDOFUT;15/01/2021;10:00:00;7431,93;7433,34;7414,99;7414,99;6604411612,00;88961
WDOFUT;15/01/2021;09:45:00;7432,63;7443,21;7426,99;7432,63;9098962217,00;122373
WDOFUT;15/01/2021;09:30:00;7395,94;7433,34;7395,94;7432,63;1,031200988E10;139081
WDOFUT;15/01/2021;09:15:00;7405,82;7412,88;7393,83;7396,65;7988903328,00;107907
WDOFUT;15/01/2021;09:00:00;7399,47;7417,11;7390,30;7406,53;9752521562,00;131723
WDOFUT;14/01/2021;18:15:00;7345,15;7347,26;7335,27;7335,98;1299379539,00;17697
WDOFUT;14/01/2021;18:00:00;7347,97;7348,68;7334,56;7345,15;2115328799,00;28811
WDOFUT;14/01/2021;17:45:00;7338,80;7348,68;7332,45;7347,97;3269394865,00;44548
WDOFUT;14/01/2021;17:30:00;7348,68;7355,02;7338,09;7339,50;2969154411,00;40414
WDOFUT;14/01/2021;17:15:00;7353,61;7360,67;7347,26;7349,38;3543579899,00;48183
WDOFUT;14/01/2021;17:00:00;7355,73;7356,44;7344,44;7354,32;3079337852,00;41896
WDOFUT;14/01/2021;16:45:00;7344,44;7357,14;7344,44;7355,73;2905334569,00;39520
WDOFUT;14/01/2021;16:30:00;7344,44;7350,09;7339,50;7345,15;2890488629,00;39348
WDOFUT;14/01/2021;16:15:00;7343,74;7347,97;7337,39;7345,15;3362780354,00;45797
WDOFUT;14/01/2021;16:00:00;7334,56;7351,50;7334,56;7343,74;5156207181,00;70196
WDOFUT;14/01/2021;15:45:00;7340,91;7346,56;7331,04;7335,27;5777885912,00;78743
WDOFUT;14/01/2021;15:30:00;7352,20;7355,02;7328,92;7340,91;6303152680,00;85879
WDOFUT;14/01/2021;15:15:00;7345,15;7361,37;7340,91;7352,91;8656224767,00;117746
WDOFUT;14/01/2021;15:00:00;7340,21;7345,85;7333,15;7345,85;4513159736,00;61496
WDOFUT;14/01/2021;14:45:00;7358,55;7361,37;7329,63;7340,91;8081499864,00;110051
WDOFUT;14/01/2021;14:30:00;7365,61;7367,02;7349,38;7357,85;6952702630,00;94475
WDOFUT;14/01/2021;14:15:00;7373,37;7377,60;7364,90;7365,61;3447148272,00;46767
WDOFUT;14/01/2021;14:00:00;7383,25;7388,18;7364,20;7373,37;7585514935,00;102834
WDOFUT;14/01/2021;13:45:00;7374,78;7386,77;7373,37;7383,25;4493059508,00;60882
WDOFUT;14/01/2021;13:30:00;7374,78;7386,07;7371,96;7374,78;5361382223,00;72660
WDOFUT;14/01/2021;13:15:00;7362,08;7386,77;7358,55;7375,48;7730623328,00;104875
WDOFUT;14/01/2021;13:00:00;7382,54;7383,25;7358,55;7362,08;9545145523,00;129526
WDOFUT;14/01/2021;12:45:00;7403,00;7406,53;7375,48;7381,83;1,018667675E10;137853
WDOFUT;14/01/2021;12:30:00;7405,12;7412,17;7393,83;7402,29;6625961432,00;89498
WDOFUT;14/01/2021;12:15:00;7405,12;7414,99;7396,65;7405,12;9762212691,00;131832
WDOFUT;14/01/2021;12:00:00;7447,45;7453,80;7400,18;7405,12;1,431593006E10;192720
WDOFUT;14/01/2021;11:45:00;7472,85;7474,26;7443,92;7447,45;1,009604408E10;135342
WDOFUT;14/01/2021;11:30:00;7463,67;7485,55;7461,56;7472,85;1,403466694E10;187763
WDOFUT;14/01/2021;11:15:00;7450,98;7475,67;7446,04;7464,38;1,237079089E10;165743
WDOFUT;14/01/2021;11:00:00;7441,10;7454,50;7438,98;7450,27;7126126111,00;95691
WDOFUT;14/01/2021;10:45:00;7447,45;7454,50;7431,22;7441,10;8446273728,00;113491
WDOFUT;14/01/2021;10:30:00;7443,21;7450,27;7433,34;7448,15;7031414940,00;94483
WDOFUT;14/01/2021;10:15:00;7437,57;7451,68;7431,93;7443,21;8152085144,00;109547
WDOFUT;14/01/2021;10:00:00;7440,39;7460,85;7429,81;7436,86;1,105725883E10;148515
WDOFUT;14/01/2021;09:45:00;7434,75;7455,91;7428,40;7440,39;9768212493,00;131241
WDOFUT;14/01/2021;09:30:00;7441,80;7448,86;7425,58;7434,04;1,039455157E10;139756
WDOFUT;14/01/2021;09:15:00;7450,27;7455,91;7418,52;7442,51;1,396612227E10;187826
WDOFUT;14/01/2021;09:00:00;7474,26;7478,49;7438,28;7450,27;1,077780231E10;144661
WDOFUT;13/01/2021;18:15:00;7491,90;7496,13;7480,61;7482,72;1385606540,00;18494
WDOFUT;13/01/2021;18:00:00;7494,01;7498,95;7488,37;7492,60;1684655035,00;22481
WDOFUT;13/01/2021;17:45:00;7491,19;7503,18;7487,66;7494,01;2401521981,00;32039
WDOFUT;13/01/2021;17:30:00;7491,19;7497,54;7489,07;7491,90;2122448801,00;28324
WDOFUT;13/01/2021;17:15:00;7491,90;7496,83;7484,13;7491,19;2699726063,00;36047
WDOFUT;13/01/2021;17:00:00;7499,66;7500,36;7487,66;7491,90;2907976028,00;38802
WDOFUT;13/01/2021;16:45:00;7482,72;7501,07;7477,08;7498,95;3956950079,00;52840
WDOFUT;13/01/2021;16:30:00;7482,02;7485,55;7471,44;7482,72;3307524681,00;44230
WDOFUT;13/01/2021;16:15:00;7477,08;7491,19;7465,79;7482,72;5782838817,00;77319
WDOFUT;13/01/2021;16:00:00;7479,90;7486,96;7471,44;7477,08;4682059888,00;62594
WDOFUT;13/01/2021;15:45:00;7499,66;7501,77;7475,67;7479,90;4562659927,00;60927
WDOFUT;13/01/2021;15:30:00;7491,19;7503,89;7486,25;7499,66;3066585001,00;40913
WDOFUT;13/01/2021;15:15:00;7501,07;7504,59;7483,43;7491,90;3810783007,00;50857
WDOFUT;13/01/2021;15:00:00;7486,96;7506,71;7470,73;7501,77;8242549210,00;110073
WDOFUT;13/01/2021;14:45:00;7492,60;7507,42;7479,90;7486,96;4641704514,00;61959
WDOFUT;13/01/2021;14:30:00;7494,72;7510,94;7489,78;7492,60;5833747688,00;77788
WDOFUT;13/01/2021;14:15:00;7503,18;7524,35;7485,55;7494,01;9167566685,00;122160
WDOFUT;13/01/2021;14:00:00;7473,55;7503,18;7472,85;7502,48;7741819553,00;103415
WDOFUT;13/01/2021;13:45:00;7462,97;7482,72;7450,27;7473,55;9357777726,00;125356
WDOFUT;13/01/2021;13:30:00;7477,78;7479,90;7458,74;7462,26;5313295233,00;71121
WDOFUT;13/01/2021;13:15:00;7472,14;7483,43;7470,73;7477,78;4449994480,00;59507
WDOFUT;13/01/2021;13:00:00;7457,32;7479,90;7457,32;7472,14;7504637503,00;100470
WDOFUT;13/01/2021;12:45:00;7525,05;7527,88;7455,91;7457,32;1,11858358E10;149189
WDOFUT;13/01/2021;12:30:00;7492,60;7525,05;7490,48;7525,05;9172228282,00;122209
WDOFUT;13/01/2021;12:15:00;7491,90;7497,54;7465,09;7491,90;1,170561196E10;156431
WDOFUT;13/01/2021;12:00:00;7543,40;7551,86;7490,48;7491,90;1,446378704E10;192340
WDOFUT;13/01/2021;11:45:00;7553,98;7556,10;7526,47;7543,40;1,000303456E10;132689
WDOFUT;13/01/2021;11:30:00;7515,18;7554,69;7511,65;7554,69;1,471327492E10;195339
WDOFUT;13/01/2021;11:15:00;7453,80;7515,88;7452,39;7514,47;1,472823302E10;196759
WDOFUT;13/01/2021;11:00:00;7442,51;7462,97;7441,10;7453,80;1,231590879E10;165275
WDOFUT;13/01/2021;10:45:00;7496,83;7498,95;7442,51;7442,51;1,994772806E10;267040
WDOFUT;13/01/2021;10:30:00;7536,34;7538,46;7495,42;7497,54;1,188013842E10;158117
WDOFUT;13/01/2021;10:15:00;7527,17;7544,10;7521,53;7536,34;8711929925,00;115637
WDOFUT;13/01/2021;10:00:00;7517,29;7534,23;7513,77;7527,17;1,055411444E10;140258
WDOFUT;13/01/2021;09:45:00;7526,47;7527,17;7497,54;7516,59;1,397536918E10;186020
WDOFUT;13/01/2021;09:30:00;7543,40;7553,98;7524,35;7525,76;9296659721,00;123285
WDOFUT;13/01/2021;09:15:00;7551,16;7558,21;7526,47;7543,40;1,27079757E10;168499
WDOFUT;13/01/2021;09:00:00;7551,16;7560,33;7509,53;7550,45;1,775000407E10;235560
WDOFUT;12/01/2021;18:15:00;7512,36;7520,12;7506,71;7520,12;1895872803,00;25237
WDOFUT;12/01/2021;18:00:00;7512,36;7515,88;7505,30;7512,36;1742376458,00;23199
WDOFUT;12/01/2021;17:45:00;7520,12;7525,05;7509,53;7513,06;2800789225,00;37253
WDOFUT;12/01/2021;17:30:00;7527,88;7529,29;7518,00;7520,12;2560601394,00;34034
WDOFUT;12/01/2021;17:15:00;7520,12;7532,11;7514,47;7527,88;5302686240,00;70467
WDOFUT;12/01/2021;17:00:00;7510,94;7522,94;7500,36;7520,82;6756343324,00;89952
WDOFUT;12/01/2021;16:45:00;7514,47;7525,05;7508,83;7510,94;6933498544,00;92240
WDOFUT;12/01/2021;16:30:00;7527,88;7532,82;7513,06;7515,18;8790406592,00;116857
WDOFUT;12/01/2021;16:15:00;7549,75;7552,57;7521,53;7527,88;1,030301104E10;136748
WDOFUT;12/01/2021;16:00:00;7556,10;7558,92;7546,93;7551,16;5325444239,00;70508
WDOFUT;12/01/2021;15:45:00;7558,21;7571,62;7551,86;7556,10;8459943019,00;111866
WDOFUT;12/01/2021;15:30:00;7570,21;7576,56;7556,80;7558,21;7394647148,00;97728
WDOFUT;12/01/2021;15:15:00;7589,26;7596,31;7568,09;7570,21;1,144251134E10;150955
WDOFUT;12/01/2021;15:00:00;7606,89;7608,31;7587,14;7588,55;8780206757,00;115540
WDOFUT;12/01/2021;14:45:00;7625,24;7633,70;7604,07;7606,89;7985017137,00;104820
WDOFUT;12/01/2021;14:30:00;7630,18;7635,82;7622,42;7625,24;5815018528,00;76233
WDOFUT;12/01/2021;14:15:00;7645,70;7654,87;7628,06;7630,18;5605203125,00;73344
WDOFUT;12/01/2021;14:00:00;7642,88;7655,58;7636,53;7644,99;6293282766,00;82317
WDOFUT;12/01/2021;13:45:00;7647,11;7662,63;7641,46;7642,17;8015377247,00;104756
WDOFUT;12/01/2021;13:30:00;7658,40;7661,22;7635,12;7646,40;9826682957,00;128493
WDOFUT;12/01/2021;13:15:00;7668,27;7671,10;7655,58;7659,10;6444010299,00;84095
WDOFUT;12/01/2021;13:00:00;7678,86;7680,97;7664,75;7668,98;7975212512,00;103935
WDOFUT;12/01/2021;12:45:00;7678,86;7702,85;7666,86;7678,86;1,194854263E10;155494
WDOFUT;12/01/2021;12:30:00;7689,44;7690,85;7672,51;7678,86;9859950697,00;128364
WDOFUT;12/01/2021;12:15:00;7731,07;7732,48;7682,39;7689,44;1,194363578E10;154995
WDOFUT;12/01/2021;12:00:00;7719,07;7736,71;7716,96;7731,77;6111573476,00;79074
WDOFUT;12/01/2021;11:45:00;7746,59;7749,41;7712,72;7719,78;1,071576408E10;138545
WDOFUT;12/01/2021;11:30:00;7746,59;7755,76;7740,94;7747,29;6227357143,00;80391
WDOFUT;12/01/2021;11:15:00;7726,13;7752,23;7721,89;7746,59;7902890791,00;102119
WDOFUT;12/01/2021;11:00:00;7725,42;7741,65;7721,19;7725,42;7455970628,00;96438
WDOFUT;12/01/2021;10:45:00;7736,71;7736,71;7722,60;7725,42;6436006268,00;83269
WDOFUT;12/01/2021;10:30:00;7734,59;7752,94;7725,42;7736,00;1,058448091E10;136783
WDOFUT;12/01/2021;10:15:00;7731,77;7745,88;7728,24;7734,59;9196340592,00;118864
WDOFUT;12/01/2021;10:00:00;7714,13;7735,30;7707,78;7731,77;9294711384,00;120344
WDOFUT;12/01/2021;09:45:00;7738,83;7750,82;7709,90;7713,43;1,269884696E10;164274
WDOFUT;12/01/2021;09:30:00;7724,01;7745,18;7720,48;7738,83;1,121319306E10;144992
WDOFUT;12/01/2021;09:15:00;7753,64;7757,88;7718,37;7724,01;1,375678128E10;177849
WDOFUT;12/01/2021;09:00:00;7725,42;7755,05;7714,13;7753,64;1,138546611E10;147129
WDOFUT;11/01/2021;18:15:00;7763,52;7767,05;7745,18;7745,18;1752212098,00;22587
WDOFUT;11/01/2021;18:00:00;7776,22;7781,86;7755,76;7763,52;2877319720,00;37035
WDOFUT;11/01/2021;17:45:00;7773,40;7778,34;7755,05;7776,92;4338983622,00;55863
WDOFUT;11/01/2021;17:30:00;7771,99;7774,81;7769,87;7774,10;1782343358,00;22929
WDOFUT;11/01/2021;17:15:00;7766,34;7775,51;7754,35;7771,99;4206889410,00;54160
WDOFUT;11/01/2021;17:00:00;7768,46;7772,69;7761,40;7766,34;3180595179,00;40950
WDOFUT;11/01/2021;16:45:00;7766,34;7772,69;7754,35;7768,46;4597201585,00;59210
WDOFUT;11/01/2021;16:30:00;7753,64;7769,16;7752,23;7765,64;5954262226,00;76715
WDOFUT;11/01/2021;16:15:00;7736,71;7757,17;7733,18;7752,94;4812559142,00;62120
WDOFUT;11/01/2021;16:00:00;7731,07;7742,35;7730,36;7736,71;3614759499,00;46728
WDOFUT;11/01/2021;15:45:00;7755,05;7756,46;7725,42;7731,77;6860239041,00;88624
WDOFUT;11/01/2021;15:30:00;7751,53;7760,70;7748,70;7755,05;4132855566,00;53291
WDOFUT;11/01/2021;15:15:00;7739,53;7753,64;7738,12;7751,53;3299422838,00;42598
WDOFUT;11/01/2021;15:00:00;7749,41;7755,05;7738,12;7738,83;3798528209,00;49040
WDOFUT;11/01/2021;14:45:00;7753,64;7756,46;7737,42;7748,70;5520700375,00;71254
WDOFUT;11/01/2021;14:30:00;7745,88;7764,93;7738,12;7753,64;7707904112,00;99443
WDOFUT;11/01/2021;14:15:00;7730,36;7746,59;7721,89;7745,88;8270954668,00;106972
WDOFUT;11/01/2021;14:00:00;7742,35;7752,23;7729,65;7730,36;6839854546,00;88360
WDOFUT;11/01/2021;13:45:00;7748,00;7757,17;7738,83;7742,35;7234183876,00;93380
WDOFUT;11/01/2021;13:30:00;7779,04;7787,51;7743,77;7748,00;1,116688271E10;143936
WDOFUT;11/01/2021;13:15:00;7779,04;7788,92;7774,81;7779,04;4761970301,00;61193
WDOFUT;11/01/2021;13:00:00;7769,87;7788,21;7769,16;7779,04;7735994119,00;99442
WDOFUT;11/01/2021;12:45:00;7766,34;7781,86;7762,81;7769,87;6874425575,00;88451
WDOFUT;11/01/2021;12:30:00;7761,40;7781,16;7759,99;7767,05;5548084801,00;71404
WDOFUT;11/01/2021;12:15:00;7769,87;7781,86;7759,99;7761,40;6632447718,00;85355
WDOFUT;11/01/2021;12:00:00;7754,35;7776,92;7752,23;7769,87;6890407165,00;88743
WDOFUT;11/01/2021;11:45:00;7751,53;7768,46;7748,00;7754,35;9017385610,00;116218
WDOFUT;11/01/2021;11:30:00;7767,75;7774,10;7738,83;7751,53;1,119821185E10;144438
WDOFUT;11/01/2021;11:15:00;7771,99;7783,98;7762,81;7767,75;1,026079614E10;131980
WDOFUT;11/01/2021;11:00:00;7763,52;7772,69;7740,24;7772,69;1,190111609E10;153484
WDOFUT;11/01/2021;10:45:00;7755,76;7776,22;7751,53;7762,81;9154480067,00;117878
WDOFUT;11/01/2021;10:30:00;7769,16;7777,63;7748,70;7755,76;1,433747847E10;184670
WDOFUT;11/01/2021;10:15:00;7728,24;7770,57;7726,83;7769,87;1,236666674E10;159578
WDOFUT;11/01/2021;10:00:00;7740,94;7758,58;7726,13;7728,24;1,16456485E10;150360
WDOFUT;11/01/2021;09:45:00;7738,83;7752,94;7729,65;7740,94;1,063543535E10;137392
WDOFUT;11/01/2021;09:30:00;7745,88;7752,94;7736,71;7738,83;8818190616,00;113853
WDOFUT;11/01/2021;09:15:00;7745,88;7764,93;7743,77;7745,88;1,217949874E10;157053
WDOFUT;11/01/2021;09:00:00;7700,02;7747,29;7694,38;7745,88;1,170299959E10;151565
WDOFUT;08/01/2021;18:15:00;7653,46;7660,51;7648,52;7651,34;1520756646,00;19868
WDOFUT;08/01/2021;18:00:00;7655,58;7661,22;7647,81;7653,46;1971699834,00;25759
WDOFUT;08/01/2021;17:45:00;7640,76;7656,28;7633,70;7655,58;3155460975,00;41278
WDOFUT;08/01/2021;17:30:00;7626,65;7646,40;7623,83;7641,46;3181474910,00;41666
WDOFUT;08/01/2021;17:15:00;7633,00;7635,82;7622,42;7626,65;3767224187,00;49375
WDOFUT;08/01/2021;17:00:00;7647,11;7649,93;7628,06;7633,70;4079540343,00;53416
WDOFUT;08/01/2021;16:45:00;7640,76;7652,05;7630,18;7647,11;3423025252,00;44794
WDOFUT;08/01/2021;16:30:00;7649,23;7653,46;7635,82;7641,46;3915793668,00;51232
WDOFUT;08/01/2021;16:15:00;7644,29;7654,16;7635,82;7649,23;4466707290,00;58416
WDOFUT;08/01/2021;16:00:00;7660,51;7662,63;7635,12;7644,29;6742668389,00;88160
WDOFUT;08/01/2021;15:45:00;7666,16;7676,04;7655,58;7660,51;6562550424,00;85621
WDOFUT;08/01/2021;15:30:00;7645,70;7682,39;7644,99;7666,16;1,114511449E10;145358
WDOFUT;08/01/2021;15:15:00;7601,25;7652,75;7599,84;7646,40;1,020487291E10;133743
WDOFUT;08/01/2021;15:00:00;7585,73;7604,78;7581,50;7600,54;4361852887,00;57421
WDOFUT;08/01/2021;14:45:00;7600,54;7607,60;7581,50;7585,73;5973079603,00;78637
WDOFUT;08/01/2021;14:30:00;7611,13;7613,24;7597,02;7599,84;3763245433,00;49487
WDOFUT;08/01/2021;14:15:00;7604,07;7614,66;7592,78;7609,72;6140482717,00;80739
WDOFUT;08/01/2021;14:00:00;7606,89;7629,47;7602,66;7604,78;7415241662,00;97323
WDOFUT;08/01/2021;13:45:00;7605,48;7611,13;7597,72;7606,19;4169233349,00;54831
WDOFUT;08/01/2021;13:30:00;7600,54;7609,01;7592,78;7606,19;4561359452,00;59997
WDOFUT;08/01/2021;13:15:00;7611,13;7628,77;7590,67;7599,84;8134307890,00;106912
WDOFUT;08/01/2021;13:00:00;7613,95;7617,48;7587,14;7611,83;9137976507,00;120168
WDOFUT;08/01/2021;12:45:00;7630,88;7635,82;7602,66;7613,95;9863710571,00;129466
WDOFUT;08/01/2021;12:30:00;7627,35;7638,64;7611,13;7631,59;7940039218,00;104105
WDOFUT;08/01/2021;12:15:00;7611,13;7635,82;7601,96;7626,65;8719252312,00;114443
WDOFUT;08/01/2021;12:00:00;7616,77;7646,40;7599,13;7611,13;1,301406282E10;170769
WDOFUT;08/01/2021;11:45:00;7572,32;7625,24;7571,62;7616,77;1,83125184E10;240790
WDOFUT;08/01/2021;11:30:00;7534,93;7575,85;7525,05;7572,32;1,483369723E10;196489
WDOFUT;08/01/2021;11:15:00;7545,51;7549,75;7520,82;7534,23;9783851541,00;129890
WDOFUT;08/01/2021;11:00:00;7527,88;7554,69;7525,05;7546,22;8446549776,00;111996
WDOFUT;08/01/2021;10:45:00;7523,64;7551,86;7514,47;7527,88;1,409569065E10;187192
WDOFUT;08/01/2021;10:30:00;7551,86;7582,91;7519,41;7522,94;1,995652239E10;264109
WDOFUT;08/01/2021;10:15:00;7578,67;7580,08;7549,75;7551,86;8065436878,00;106581
WDOFUT;08/01/2021;10:00:00;7582,91;7584,32;7566,68;7579,38;6972312812,00;92057
WDOFUT;08/01/2021;09:45:00;7580,79;7589,96;7570,21;7583,61;8226874880,00;108532
WDOFUT;08/01/2021;09:30:00;7583,61;7590,67;7568,80;7581,50;8808331087,00;116195
WDOFUT;08/01/2021;09:15:00;7587,85;7598,43;7563,15;7582,91;1,471051393E10;194092
WDOFUT;08/01/2021;09:00:00;7601,96;7601,96;7575,85;7587,85;1,017746211E10;134116
WDOFUT;07/01/2021;18:15:00;7646,40;7652,75;7636,53;7649,23;1924715873,00;25182
WDOFUT;07/01/2021;18:00:00;7626,65;7649,23;7612,54;7645,70;3962145422,00;51945
WDOFUT;07/01/2021;17:45:00;7639,35;7649,93;7621,00;7626,65;5195327664,00;68020
WDOFUT;07/01/2021;17:30:00;7634,41;7645,70;7631,59;7639,35;3415451058,00;44720
WDOFUT;07/01/2021;17:15:00;7632,29;7635,82;7627,35;7633,70;2876524235,00;37689
WDOFUT;07/01/2021;17:00:00;7623,12;7637,23;7621,00;7632,29;5282878499,00;69228
WDOFUT;07/01/2021;16:45:00;7604,78;7630,18;7599,84;7623,83;5888453698,00;77331
WDOFUT;07/01/2021;16:30:00;7609,01;7614,66;7600,54;7604,78;3645185899,00;47915
WDOFUT;07/01/2021;16:15:00;7612,54;7617,48;7604,78;7609,72;4468855324,00;58716
WDOFUT;07/01/2021;16:00:00;7606,89;7614,66;7601,96;7612,54;4462703363,00;58652
WDOFUT;07/01/2021;15:45:00;7604,07;7621,00;7602,66;7606,89;6355015770,00;83484
WDOFUT;07/01/2021;15:30:00;7623,83;7624,53;7599,84;7604,07;6848418631,00;89970
WDOFUT;07/01/2021;15:15:00;7620,30;7632,29;7617,48;7623,12;4230986573,00;55497
WDOFUT;07/01/2021;15:00:00;7619,59;7632,29;7619,59;7621,00;4483290659,00;58788
WDOFUT;07/01/2021;14:45:00;7624,53;7628,06;7609,01;7620,30;5829512358,00;76515
WDOFUT;07/01/2021;14:30:00;7635,82;7637,23;7598,43;7625,24;9287743894,00;121850
WDOFUT;07/01/2021;14:15:00;7622,42;7642,88;7616,07;7635,82;7037376665,00;92231
WDOFUT;07/01/2021;14:00:00;7629,47;7641,46;7615,36;7621,71;8325293019,00;109114
WDOFUT;07/01/2021;13:45:00;7611,13;7635,12;7608,31;7628,77;9404170498,00;123388
WDOFUT;07/01/2021;13:30:00;7610,42;7617,48;7602,66;7611,13;6368755958,00;83679
WDOFUT;07/01/2021;13:15:00;7600,54;7611,13;7590,67;7610,42;5101105544,00;67100
WDOFUT;07/01/2021;13:00:00;7594,20;7610,42;7587,14;7601,25;9334540674,00;122826
WDOFUT;07/01/2021;12:45:00;7585,02;7598,43;7580,08;7594,20;5867295476,00;77306
WDOFUT;07/01/2021;12:30:00;7587,85;7600,54;7574,44;7585,73;7847341150,00;103438
WDOFUT;07/01/2021;12:15:00;7580,79;7604,78;7576,56;7587,14;1,202025884E10;158324
WDOFUT;07/01/2021;12:00:00;7566,68;7588,55;7550,45;7580,79;9158967380,00;121049
WDOFUT;07/01/2021;11:45:00;7543,40;7577,26;7529,29;7566,68;1,222730041E10;161881
WDOFUT;07/01/2021;11:30:00;7509,53;7547,63;7495,42;7543,40;1,257813592E10;167204
WDOFUT;07/01/2021;11:15:00;7491,19;7518,00;7487,66;7509,53;8705228217,00;115979
WDOFUT;07/01/2021;11:00:00;7522,94;7529,29;7483,43;7491,19;1,066188493E10;142099
WDOFUT;07/01/2021;10:45:00;7520,12;7525,05;7498,24;7523,64;9452504870,00;125849
WDOFUT;07/01/2021;10:30:00;7525,05;7536,34;7516,59;7520,12;9329420123,00;123949
WDOFUT;07/01/2021;10:15:00;7496,13;7526,47;7494,01;7525,05;7901014663,00;105177
WDOFUT;07/01/2021;10:00:00;7513,06;7527,88;7490,48;7496,83;1,073466872E10;142964
WDOFUT;07/01/2021;09:45:00;7501,07;7538,46;7497,54;7512,36;1,482921865E10;197274
WDOFUT;07/01/2021;09:30:00;7526,47;7548,34;7500,36;7501,07;1,41823356E10;188404
WDOFUT;07/01/2021;09:15:00;7542,69;7542,69;7515,88;7526,47;1,266994036E10;168320
WDOFUT;07/01/2021;09:00:00;7542,69;7582,91;7527,88;7541,99;1,873519076E10;248079
WDOFUT;06/01/2021;18:15:00;7492,60;7509,53;7478,49;7509,53;1160733133,00;15501
WDOFUT;06/01/2021;18:00:00;7484,13;7503,89;7479,90;7492,60;1903499742,00;25413
WDOFUT;06/01/2021;17:45:00;7501,07;7506,71;7482,02;7484,13;3486059775,00;46521
WDOFUT;06/01/2021;17:30:00;7504,59;7522,23;7493,31;7501,77;3601922156,00;47987
WDOFUT;06/01/2021;17:15:00;7482,72;7517,29;7481,31;7504,59;4715871575,00;62877
WDOFUT;06/01/2021;17:00:00;7488,37;7502,48;7479,20;7482,72;4315728183,00;57615
WDOFUT;06/01/2021;16:45:00;7466,50;7496,83;7462,26;7487,66;6202332400,00;82850
WDOFUT;06/01/2021;16:30:00;7465,09;7479,90;7448,15;7466,50;5745402115,00;76957
WDOFUT;06/01/2021;16:15:00;7438,98;7478,49;7436,16;7464,38;8634388464,00;115734
WDOFUT;06/01/2021;16:00:00;7417,11;7465,09;7414,29;7438,98;1,019194783E10;137000
WDOFUT;06/01/2021;15:45:00;7434,04;7438,28;7414,29;7417,11;5758285360,00;77540
WDOFUT;06/01/2021;15:30:00;7458,03;7465,09;7431,22;7434,04;7408299273,00;99460
WDOFUT;06/01/2021;15:15:00;7451,68;7461,56;7438,28;7458,03;6407108479,00;85997
WDOFUT;06/01/2021;15:00:00;7467,20;7469,32;7443,21;7451,68;7977691370,00;107028
WDOFUT;06/01/2021;14:45:00;7498,95;7503,89;7453,09;7467,20;1,201279991E10;160717
WDOFUT;06/01/2021;14:30:00;7502,48;7514,47;7486,25;7498,95;8982155684,00;119743
WDOFUT;06/01/2021;14:15:00;7537,75;7546,22;7496,13;7502,48;1,024979048E10;136352
WDOFUT;06/01/2021;14:00:00;7537,75;7546,22;7529,29;7537,75;5398384918,00;71601
WDOFUT;06/01/2021;13:45:00;7529,29;7543,40;7524,35;7537,75;4501042761,00;59755
WDOFUT;06/01/2021;13:30:00;7530,70;7539,87;7524,35;7529,29;5953588597,00;79050
WDOFUT;06/01/2021;13:15:00;7548,34;7550,45;7529,29;7530,70;3942809898,00;52283
WDOFUT;06/01/2021;13:00:00;7529,99;7554,69;7529,29;7548,34;7123781089,00;94448
WDOFUT;06/01/2021;12:45:00;7519,41;7542,69;7518,00;7529,99;6884554668,00;91411
WDOFUT;06/01/2021;12:30:00;7522,94;7532,11;7503,89;7519,41;6114973057,00;81333
WDOFUT;06/01/2021;12:15:00;7525,76;7534,23;7502,48;7522,23;7649011749,00;101733
WDOFUT;06/01/2021;12:00:00;7534,23;7548,34;7514,47;7525,76;9638875213,00;127941
WDOFUT;06/01/2021;11:45:00;7542,69;7550,45;7514,47;7534,23;1,01713921E10;135112
WDOFUT;06/01/2021;11:30:00;7541,28;7568,80;7525,76;7542,69;1,506064256E10;199552
WDOFUT;06/01/2021;11:15:00;7496,83;7556,80;7491,19;7541,28;1,668193381E10;221528
WDOFUT;06/01/2021;11:00:00;7484,13;7497,54;7467,91;7497,54;1,098821055E10;146850
WDOFUT;06/01/2021;10:45:00;7460,85;7484,84;7456,62;7484,13;1,01989517E10;136479
WDOFUT;06/01/2021;10:30:00;7426,99;7462,97;7422,05;7460,15;1,139421074E10;153050
WDOFUT;06/01/2021;10:15:00;7454,50;7460,85;7414,29;7426,99;1,357254643E10;182526
WDOFUT;06/01/2021;10:00:00;7486,25;7492,60;7451,68;7453,80;1,133688256E10;151702
WDOFUT;06/01/2021;09:45:00;7465,09;7503,18;7455,91;7486,25;1,827355758E10;244191
WDOFUT;06/01/2021;09:30:00;7403,00;7470,02;7391,71;7465,09;2,213534477E10;297940
WDOFUT;06/01/2021;09:15:00;7404,41;7409,35;7389,60;7402,29;1,033333616E10;139659
WDOFUT;06/01/2021;09:00:00;7439,69;7440,39;7395,94;7404,41;1,499478948E10;202171
WDOFUT;05/01/2021;18:15:00;7456,62;7477,08;7455,21;7471,44;1582960979,00;21199
WDOFUT;05/01/2021;18:00:00;7452,39;7462,97;7446,04;7456,62;2302029839,00;30887
WDOFUT;05/01/2021;17:45:00;7441,80;7453,80;7439,69;7452,39;1675458566,00;22498
WDOFUT;05/01/2021;17:30:00;7446,74;7451,68;7438,98;7441,10;2497894231,00;33556
WDOFUT;05/01/2021;17:15:00;7438,98;7453,80;7427,69;7446,74;5018840662,00;67454
WDOFUT;05/01/2021;17:00:00;7434,75;7438,98;7427,69;7438,28;1914535058,00;25754
WDOFUT;05/01/2021;16:45:00;7435,45;7441,10;7431,22;7434,75;2717243058,00;36541
WDOFUT;05/01/2021;16:30:00;7431,93;7441,80;7423,46;7436,16;4740195971,00;63771
WDOFUT;05/01/2021;16:15:00;7434,75;7436,16;7423,46;7432,63;3985774093,00;53644
WDOFUT;05/01/2021;16:00:00;7433,34;7443,92;7431,93;7435,45;4212127070,00;56634
WDOFUT;05/01/2021;15:45:00;7437,57;7441,10;7429,10;7433,34;4658267691,00;62661
WDOFUT;05/01/2021;15:30:00;7434,75;7442,51;7429,10;7438,28;5338239696,00;71783
WDOFUT;05/01/2021;15:15:00;7462,97;7465,09;7417,82;7434,04;1,156824618E10;155632
WDOFUT;05/01/2021;15:00:00;7455,91;7467,91;7444,63;7462,97;6908966781,00;92631
WDOFUT;05/01/2021;14:45:00;7469,32;7477,08;7453,09;7455,91;5322331761,00;71286
WDOFUT;05/01/2021;14:30:00;7477,78;7482,02;7464,38;7469,32;4905885572,00;65653
WDOFUT;05/01/2021;14:15:00;7477,08;7480,61;7453,09;7477,78;6986385983,00;93559
WDOFUT;05/01/2021;14:00:00;7491,90;7491,90;7467,91;7477,78;6044350794,00;80832
WDOFUT;05/01/2021;13:45:00;7501,77;7503,18;7477,78;7491,19;6671881769,00;89075
WDOFUT;05/01/2021;13:30:00;7517,29;7519,41;7501,07;7502,48;4606091337,00;61329
WDOFUT;05/01/2021;13:15:00;7513,77;7523,64;7508,83;7517,29;4584315179,00;60999
WDOFUT;05/01/2021;13:00:00;7503,18;7525,05;7501,07;7513,77;9922021496,00;132031
WDOFUT;05/01/2021;12:45:00;7507,42;7512,36;7482,72;7503,89;9728984199,00;129773
WDOFUT;05/01/2021;12:30:00;7501,77;7510,94;7496,13;7507,42;5240472143,00;69840
WDOFUT;05/01/2021;12:15:00;7501,07;7529,99;7498,24;7501,07;9102706881,00;121179
WDOFUT;05/01/2021;12:00:00;7476,37;7511,65;7464,38;7501,07;1,16168251E10;155072
WDOFUT;05/01/2021;11:45:00;7472,85;7487,66;7467,91;7476,37;8681621241,00;116088
WDOFUT;05/01/2021;11:30:00;7517,29;7517,29;7460,85;7472,85;1,652923694E10;220800
WDOFUT;05/01/2021;11:15:00;7530,70;7534,23;7509,53;7517,29;9554734422,00;127028
WDOFUT;05/01/2021;11:00:00;7556,80;7559,62;7527,17;7529,99;1,058206495E10;140327
WDOFUT;05/01/2021;10:45:00;7526,47;7558,21;7518,00;7556,80;1,316796938E10;174625
WDOFUT;05/01/2021;10:30:00;7541,99;7555,39;7520,12;7527,17;1,091907537E10;144839
WDOFUT;05/01/2021;10:15:00;7540,58;7556,10;7539,87;7542,69;8326255324,00;110339
WDOFUT;05/01/2021;10:00:00;7537,75;7561,04;7534,93;7540,58;1,28340053E10;170033
WDOFUT;05/01/2021;09:45:00;7527,88;7548,34;7527,17;7538,46;1,046004383E10;138759
WDOFUT;05/01/2021;09:30:00;7537,75;7552,57;7525,76;7527,88;1,398522584E10;185512
WDOFUT;05/01/2021;09:15:00;7471,44;7543,40;7469,32;7537,75;2,153452835E10;286759
WDOFUT;05/01/2021;09:00:00;7465,09;7475,67;7448,15;7470,73;1,310193987E10;175600
WDOFUT;04/01/2021;18:15:00;7458,03;7482,02;7458,03;7482,02;2729167970,00;36529
WDOFUT;04/01/2021;18:00:00;7444,63;7463,67;7443,92;7458,74;2316937673,00;31076
WDOFUT;04/01/2021;17:45:00;7447,45;7459,44;7443,21;7444,63;2860684376,00;38391
WDOFUT;04/01/2021;17:30:00;7452,39;7463,67;7445,33;7447,45;4985510096,00;66865
WDOFUT;04/01/2021;17:15:00;7442,51;7453,09;7436,86;7452,39;3030523706,00;40696
WDOFUT;04/01/2021;17:00:00;7441,10;7454,50;7434,75;7442,51;4529239604,00;60836
WDOFUT;04/01/2021;16:45:00;7451,68;7459,44;7432,63;7441,10;6217938669,00;83478
WDOFUT;04/01/2021;16:30:00;7430,52;7453,80;7429,10;7451,68;4559800265,00;61295
WDOFUT;04/01/2021;16:15:00;7434,75;7446,04;7427,69;7430,52;4553505076,00;61245
WDOFUT;04/01/2021;16:00:00;7407,23;7448,86;7404,41;7434,75;8494991987,00;114341
WDOFUT;04/01/2021;15:45:00;7401,59;7417,11;7393,12;7407,23;5348268789,00;72212
WDOFUT;04/01/2021;15:30:00;7408,64;7424,17;7383,95;7402,29;7926562823,00;107029
WDOFUT;04/01/2021;15:15:00;7412,88;7416,40;7386,77;7407,94;6146277919,00;83034
WDOFUT;04/01/2021;15:00:00;7424,87;7426,28;7409,35;7412,88;5358842097,00;72260
WDOFUT;04/01/2021;14:45:00;7437,57;7443,21;7400,88;7424,87;1,229464805E10;165692
WDOFUT;04/01/2021;14:30:00;7417,11;7444,63;7417,11;7436,86;5747391979,00;77325
WDOFUT;04/01/2021;14:15:00;7436,16;7446,04;7415,70;7417,11;9945248996,00;133842
WDOFUT;04/01/2021;14:00:00;7411,47;7436,86;7407,94;7436,16;7595116625,00;102292
WDOFUT;04/01/2021;13:45:00;7388,18;7417,82;7386,77;7411,47;9560784373,00;129170
WDOFUT;04/01/2021;13:30:00;7369,84;7395,94;7367,72;7388,89;6829313995,00;92508
WDOFUT;04/01/2021;13:15:00;7353,61;7383,25;7352,91;7369,84;7757793044,00;105290
WDOFUT;04/01/2021;13:00:00;7363,49;7370,55;7347,97;7354,32;1,025277334E10;139334
WDOFUT;04/01/2021;12:45:00;7334,56;7367,02;7333,86;7364,20;1,004272156E10;136597
WDOFUT;04/01/2021;12:30:00;7317,63;7338,80;7316,93;7333,86;9386556537,00;128101
WDOFUT;04/01/2021;12:15:00;7278,12;7318,34;7275,30;7318,34;9830935100,00;134748
WDOFUT;04/01/2021;12:00:00;7245,67;7283,77;7242,85;7278,12;1,038615545E10;142970
WDOFUT;04/01/2021;11:45:00;7261,19;7266,83;7244,26;7246,37;1,063946087E10;146685
WDOFUT;04/01/2021;11:30:00;7272,48;7275,30;7255,55;7261,19;1,122380372E10;154493
WDOFUT;04/01/2021;11:15:00;7276,71;7292,23;7270,36;7272,48;6670354337,00;91610
WDOFUT;04/01/2021;11:00:00;7283,06;7295,06;7269,66;7276,71;9011930679,00;123771
WDOFUT;04/01/2021;10:45:00;7269,66;7285,18;7266,83;7282,36;4816725105,00;66186
WDOFUT;04/01/2021;10:30:00;7288,00;7293,64;7261,90;7268,95;1,087227698E10;149432
WDOFUT;04/01/2021;10:15:00;7262,60;7292,94;7260,49;7288,71;1,04284655E10;143285
WDOFUT;04/01/2021;10:00:00;7249,20;7265,42;7243,55;7262,60;7892315154,00;108770
WDOFUT;04/01/2021;09:45:00;7241,44;7252,02;7238,61;7249,20;6317855476,00;87196
WDOFUT;04/01/2021;09:30:00;7242,14;7248,49;7233,68;7240,73;6752651348,00;93251
WDOFUT;04/01/2021;09:15:00;7228,03;7244,96;7228,03;7242,85;6280648590,00;86762
WDOFUT;04/01/2021;09:00:00;7240,03;7261,90;7227,33;7228,03;1,074455689E10;148297
WDOFUT;30/12/2020;18:15:00;7334,56;7351,50;7328,22;7340,91;1410804445,00;19222
WDOFUT;30/12/2020;18:00:00;7328,22;7335,98;7318,34;7333,86;1252727397,00;17100
WDOFUT;30/12/2020;17:45:00;7332,45;7339,50;7327,51;7328,92;1518958937,00;20713
WDOFUT;30/12/2020;17:30:00;7326,80;7339,50;7325,39;7331,74;1636148778,00;22313
WDOFUT;30/12/2020;17:15:00;7333,15;7342,33;7324,69;7327,51;2331095253,00;31789
WDOFUT;30/12/2020;17:00:00;7326,10;7337,39;7320,45;7333,15;2160011487,00;29465
WDOFUT;30/12/2020;16:45:00;7315,52;7328,92;7313,40;7326,10;1623396985,00;22174
WDOFUT;30/12/2020;16:30:00;7324,69;7331,04;7312,69;7314,81;3559146616,00;48618
WDOFUT;30/12/2020;16:15:00;7332,45;7333,15;7316,93;7324,69;3688089674,00;50348
WDOFUT;30/12/2020;16:00:00;7309,17;7351,50;7302,82;7333,15;7507432984,00;102501
WDOFUT;30/12/2020;15:45:00;7313,40;7317,63;7302,11;7309,87;3341171058,00;45710
WDOFUT;30/12/2020;15:30:00;7295,76;7321,16;7293,64;7313,40;3819243740,00;52240
WDOFUT;30/12/2020;15:15:00;7295,06;7300,70;7293,64;7295,06;1695591481,00;23237
WDOFUT;30/12/2020;15:00:00;7294,35;7298,58;7288,71;7295,06;2248423033,00;30829
WDOFUT;30/12/2020;14:45:00;7301,41;7305,64;7282,36;7295,06;4425716464,00;60672
WDOFUT;30/12/2020;14:30:00;7320,45;7322,57;7292,94;7302,11;3818210453,00;52274
WDOFUT;30/12/2020;14:15:00;7318,34;7322,57;7311,99;7321,16;2212532339,00;30234
WDOFUT;30/12/2020;14:00:00;7307,75;7320,45;7302,11;7318,34;3151432862,00;43098
WDOFUT;30/12/2020;13:45:00;7307,75;7312,69;7304,23;7307,75;2579481696,00;35294
WDOFUT;30/12/2020;13:30:00;7296,47;7309,17;7293,64;7307,05;2675716180,00;36637
WDOFUT;30/12/2020;13:15:00;7291,53;7302,11;7284,47;7296,47;3618381240,00;49602
WDOFUT;30/12/2020;13:00:00;7308,46;7312,69;7271,77;7290,82;9815334221,00;134516
WDOFUT;30/12/2020;12:45:00;7310,58;7321,87;7304,23;7308,46;5254322102,00;71858
WDOFUT;30/12/2020;12:30:00;7314,10;7314,81;7302,82;7309,87;2884284135,00;39464
WDOFUT;30/12/2020;12:15:00;7326,10;7329,63;7309,17;7314,10;4658252897,00;63637
WDOFUT;30/12/2020;12:00:00;7351,50;7355,73;7310,58;7326,10;1,140741665E10;155622
WDOFUT;30/12/2020;11:45:00;7362,79;7363,49;7347,97;7350,79;4125754669,00;56091
WDOFUT;30/12/2020;11:30:00;7369,14;7374,07;7357,14;7362,79;4800055437,00;65184
WDOFUT;30/12/2020;11:15:00;7383,25;7388,89;7361,37;7369,14;5332631526,00;72275
WDOFUT;30/12/2020;11:00:00;7366,31;7390,30;7352,91;7383,25;8392552487,00;113902
WDOFUT;30/12/2020;10:45:00;7357,14;7372,66;7352,20;7366,31;5515913591,00;74919
WDOFUT;30/12/2020;10:30:00;7333,86;7366,31;7331,74;7356,44;7238970181,00;98473
WDOFUT;30/12/2020;10:15:00;7311,28;7334,56;7307,75;7333,86;5364058168,00;73288
WDOFUT;30/12/2020;10:00:00;7326,80;7331,04;7297,88;7310,58;8587244097,00;117394
WDOFUT;30/12/2020;09:45:00;7305,64;7331,74;7292,94;7327,51;7356651359,00;100626
WDOFUT;30/12/2020;09:30:00;7302,82;7311,28;7278,12;7305,64;6953827359,00;95310
WDOFUT;30/12/2020;09:15:00;7292,94;7314,81;7281,65;7302,82;6994499101,00;95844
WDOFUT;30/12/2020;09:00:00;7321,87;7346,56;7292,94;7293,64;5827836139,00;79621
WDOFUT;29/12/2020;18:15:00;7328,92;7359,26;7327,51;7357,85;1200981510,00;16356
WDOFUT;29/12/2020;18:00:00;7341,62;7342,32;7328,21;7328,92;1264608427,00;17242
WDOFUT;29/12/2020;17:45:00;7350,09;7352,91;7339,50;7341,62;1937654187,00;26381
WDOFUT;29/12/2020;17:30:00;7335,27;7359,26;7335,27;7349,38;4808963916,00;65438
WDOFUT;29/12/2020;17:15:00;7323,98;7337,38;7323,98;7335,27;2274212294,00;31021
WDOFUT;29/12/2020;17:00:00;7309,87;7331,74;7308,46;7323,98;4649425075,00;63492
WDOFUT;29/12/2020;16:45:00;7307,75;7311,28;7300,69;7309,87;2676044407,00;36628
WDOFUT;29/12/2020;16:30:00;7315,51;7316,22;7305,63;7307,75;2579834147,00;35287
WDOFUT;29/12/2020;16:15:00;7323,27;7326,80;7311,98;7315,51;3111979576,00;42520
WDOFUT;29/12/2020;16:00:00;7326,10;7329,62;7320,45;7323,27;2484398345,00;33922
WDOFUT;29/12/2020;15:45:00;7331,03;7333,86;7323,98;7325,39;2772734776,00;37833
WDOFUT;29/12/2020;15:30:00;7329,62;7332,45;7316,22;7331,03;4516775749,00;61657
WDOFUT;29/12/2020;15:15:00;7326,80;7333,86;7320,45;7328,92;5618405711,00;76672
WDOFUT;29/12/2020;15:00:00;7313,39;7328,92;7309,87;7326,80;4043489764,00;55234
WDOFUT;29/12/2020;14:45:00;7314,10;7321,16;7309,87;7313,39;3766453293,00;51481
WDOFUT;29/12/2020;14:30:00;7311,28;7318,33;7304,93;7314,81;4518250698,00;61795
WDOFUT;29/12/2020;14:15:00;7297,17;7311,98;7285,88;7311,28;6132396924,00;84008
WDOFUT;29/12/2020;14:00:00;7292,23;7302,81;7290,11;7297,87;3031448960,00;41550
WDOFUT;29/12/2020;13:45:00;7293,64;7304,93;7290,82;7291,52;2957431992,00;40527
WDOFUT;29/12/2020;13:30:00;7299,28;7304,93;7289,40;7294,34;4561467330,00;62520
WDOFUT;29/12/2020;13:15:00;7291,52;7306,34;7288,70;7299,28;4306530048,00;59014
WDOFUT;29/12/2020;13:00:00;7322,57;7322,57;7288,70;7291,52;9250915197,00;126674
WDOFUT;29/12/2020;12:45:00;7321,16;7338,80;7317,63;7322,57;7051331776,00;96239
WDOFUT;29/12/2020;12:30:00;7354,32;7357,85;7320,45;7320,45;6956612157,00;94833
WDOFUT;29/12/2020;12:15:00;7354,32;7359,26;7338,09;7355,02;7612880143,00;103589
WDOFUT;29/12/2020;12:00:00;7343,03;7357,14;7316,92;7353,61;1,061561956E10;144670
WDOFUT;29/12/2020;11:45:00;7328,21;7359,26;7315,51;7343,03;1,142808777E10;155745
WDOFUT;29/12/2020;11:30:00;7307,04;7332,45;7298,58;7328,21;9307827337,00;127270
WDOFUT;29/12/2020;11:15:00;7305,63;7311,28;7301,40;7307,04;4773893136,00;65343
WDOFUT;29/12/2020;11:00:00;7314,81;7316,92;7300,69;7304,93;8782417485,00;120158
WDOFUT;29/12/2020;10:45:00;7314,81;7321,86;7302,81;7314,81;9267242286,00;126738
WDOFUT;29/12/2020;10:30:00;7331,74;7337,38;7314,10;7314,81;9167918029,00;125149
WDOFUT;29/12/2020;10:15:00;7332,45;7338,09;7321,16;7332,45;7636711107,00;104193
WDOFUT;29/12/2020;10:00:00;7343,03;7355,02;7324,68;7332,45;1,132670037E10;154275
WDOFUT;29/12/2020;09:45:00;7388,19;7390,30;7340,91;7342,32;1,140143253E10;154762
WDOFUT;29/12/2020;09:30:00;7398,77;7401,59;7369,14;7388,19;1,216707942E10;164731
WDOFUT;29/12/2020;09:15:00;7386,07;7403,00;7383,25;7398,77;8522763137,00;115276
WDOFUT;29/12/2020;09:00:00;7376,19;7391,01;7359,96;7386,78;9184691069,00;124504
WDOFUT;28/12/2020;18:15:00;7389,60;7401,59;7389,60;7391,71;1274041415,00;17226
WDOFUT;28/12/2020;18:00:00;7403,00;7404,42;7389,60;7389,60;2094746085,00;28321
WDOFUT;28/12/2020;17:45:00;7410,06;7415,00;7400,18;7403,00;3071214516,00;41456
WDOFUT;28/12/2020;17:30:00;7399,48;7410,77;7394,54;7410,77;2829893935,00;38227
WDOFUT;28/12/2020;17:15:00;7393,13;7404,42;7391,01;7400,18;1937330768,00;26193
WDOFUT;28/12/2020;17:00:00;7391,71;7402,30;7388,89;7393,83;3622714772,00;48988
WDOFUT;28/12/2020;16:45:00;7396,65;7400,18;7389,60;7392,42;2929007786,00;39617
WDOFUT;28/12/2020;16:30:00;7393,13;7402,30;7385,36;7396,65;5230276571,00;70724
WDOFUT;28/12/2020;16:15:00;7403,00;7405,83;7388,89;7393,13;4589344990,00;62045
WDOFUT;28/12/2020;16:00:00;7417,82;7422,76;7396,65;7403,71;7573958658,00;102241
WDOFUT;28/12/2020;15:45:00;7446,04;7446,75;7410,77;7417,82;9355595850,00;125951
WDOFUT;28/12/2020;15:30:00;7430,52;7448,16;7424,17;7445,34;6085872520,00;81854
WDOFUT;28/12/2020;15:15:00;7432,64;7441,81;7428,41;7430,52;3434893252,00;46196
WDOFUT;28/12/2020;15:00:00;7434,05;7438,99;7427,70;7433,34;3804340947,00;51186
WDOFUT;28/12/2020;14:45:00;7426,99;7441,81;7422,76;7434,05;6865369904,00;92365
WDOFUT;28/12/2020;14:30:00;7408,65;7434,05;7405,83;7427,70;7949358145,00;107174
WDOFUT;28/12/2020;14:15:00;7447,46;7454,51;7408,65;7408,65;1,855155794E10;249795
WDOFUT;28/12/2020;14:00:00;7486,97;7494,73;7443,93;7446,75;1,239473264E10;165881
WDOFUT;28/12/2020;13:45:00;7466,51;7489,09;7465,80;7487,67;7742822730,00;103531
WDOFUT;28/12/2020;13:30:00;7469,33;7479,91;7462,27;7466,51;6782963128,00;90791
WDOFUT;28/12/2020;13:15:00;7471,45;7486,97;7465,80;7470,03;9484065873,00;126868
WDOFUT;28/12/2020;13:00:00;7476,39;7484,15;7467,92;7471,45;1,093172512E10;146214
WDOFUT;28/12/2020;12:45:00;7450,28;7476,39;7450,28;7475,68;1,206648614E10;161665
WDOFUT;28/12/2020;12:30:00;7420,64;7453,81;7419,23;7450,28;1,111633297E10;149381
WDOFUT;28/12/2020;12:15:00;7421,35;7427,70;7413,59;7419,94;5707284598,00;76910
WDOFUT;28/12/2020;12:00:00;7419,94;7426,29;7415,70;7421,35;6810915135,00;91779
WDOFUT;28/12/2020;11:45:00;7405,83;7421,35;7401,59;7420,64;6916685580,00;93334
WDOFUT;28/12/2020;11:30:00;7372,66;7408,65;7372,66;7405,12;1,285618319E10;173865
WDOFUT;28/12/2020;11:15:00;7372,66;7377,60;7362,08;7371,96;8726137775,00;118392
WDOFUT;28/12/2020;11:00:00;7343,74;7373,37;7342,32;7372,66;1,042691704E10;141757
WDOFUT;28/12/2020;10:45:00;7329,62;7346,56;7326,80;7344,44;6146313104,00;83767
WDOFUT;28/12/2020;10:30:00;7344,44;7344,44;7324,68;7329,62;5721469607,00;78008
WDOFUT;28/12/2020;10:15:00;7326,80;7347,97;7326,10;7344,44;7456192115,00;101603
WDOFUT;28/12/2020;10:00:00;7314,10;7333,15;7308,46;7326,80;9221170855,00;125922
WDOFUT;28/12/2020;09:45:00;7303,52;7315,51;7289,40;7314,10;9485524283,00;129923
WDOFUT;28/12/2020;09:30:00;7292,23;7307,75;7288,70;7304,22;4824857789,00;66107
WDOFUT;28/12/2020;09:15:00;7301,40;7301,40;7286,58;7292,23;7253485201,00;99450
WDOFUT;28/12/2020;09:00:00;7309,87;7322,57;7299,99;7301,40;7301939769,00;99880
WDOFUT;23/12/2020;18:15:00;7352,91;7366,31;7352,20;7366,31;1726673654,00;23467
WDOFUT;23/12/2020;18:00:00;7345,15;7359,26;7343,03;7352,91;2655045065,00;36108
WDOFUT;23/12/2020;17:45:00;7337,38;7347,26;7336,68;7344,44;2249523952,00;30635
WDOFUT;23/12/2020;17:30:00;7340,91;7340,91;7331,74;7338,09;2264347395,00;30864
WDOFUT;23/12/2020;17:15:00;7342,32;7347,97;7337,38;7340,91;3297197930,00;44905
WDOFUT;23/12/2020;17:00:00;7335,97;7342,32;7335,97;7341,62;1603156264,00;21844
WDOFUT;23/12/2020;16:45:00;7335,97;7341,62;7333,86;7335,97;2311863880,00;31507
WDOFUT;23/12/2020;16:30:00;7335,97;7336,68;7331,03;7335,27;1860834930,00;25372
WDOFUT;23/12/2020;16:15:00;7334,56;7336,68;7331,03;7335,97;2562959072,00;34946
WDOFUT;23/12/2020;16:00:00;7343,03;7345,85;7333,86;7333,86;4112050911,00;56018
WDOFUT;23/12/2020;15:45:00;7333,15;7343,03;7330,33;7343,03;3471277839,00;47313
WDOFUT;23/12/2020;15:30:00;7332,45;7338,09;7326,80;7332,45;5214837441,00;71121
WDOFUT;23/12/2020;15:15:00;7351,50;7354,32;7332,45;7332,45;4937724774,00;67248
WDOFUT;23/12/2020;15:00:00;7356,44;7359,26;7343,03;7351,50;5282402562,00;71869
WDOFUT;23/12/2020;14:45:00;7358,55;7362,79;7347,97;7356,44;4779259707,00;64973
WDOFUT;23/12/2020;14:30:00;7350,79;7364,90;7350,09;7358,55;6068094472,00;82465
WDOFUT;23/12/2020;14:15:00;7350,09;7352,91;7340,91;7350,79;3614430908,00;49195
WDOFUT;23/12/2020;14:00:00;7350,79;7355,02;7345,85;7349,38;3324309429,00;45227
WDOFUT;23/12/2020;13:45:00;7353,61;7353,61;7342,32;7350,09;4008640100,00;54560
WDOFUT;23/12/2020;13:30:00;7335,97;7357,85;7329,62;7353,61;7781139274,00;105940
WDOFUT;23/12/2020;13:15:00;7333,15;7337,38;7325,39;7335,97;4717953293,00;64360
WDOFUT;23/12/2020;13:00:00;7336,68;7341,62;7328,92;7333,86;5762352916,00;78552
WDOFUT;23/12/2020;12:45:00;7314,81;7346,56;7309,16;7336,68;1,276669927E10;174180
WDOFUT;23/12/2020;12:30:00;7306,34;7316,22;7299,28;7314,81;5056919499,00;69206
WDOFUT;23/12/2020;12:15:00;7295,05;7317,63;7292,23;7305,63;8373845998,00;114600
WDOFUT;23/12/2020;12:00:00;7291,52;7299,28;7282,35;7295,76;6582173114,00;90274
WDOFUT;23/12/2020;11:45:00;7280,23;7292,23;7276,70;7290,82;7225535770,00;99202
WDOFUT;23/12/2020;11:30:00;7299,28;7302,81;7273,18;7280,94;1,042936431E10;143112
WDOFUT;23/12/2020;11:15:00;7293,64;7299,28;7285,88;7299,28;5439923696,00;74612
WDOFUT;23/12/2020;11:00:00;7292,93;7302,81;7287,29;7293,64;7814672477,00;107101
WDOFUT;23/12/2020;10:45:00;7291,52;7297,17;7283,05;7293,64;5406492358,00;74162
WDOFUT;23/12/2020;10:30:00;7280,94;7293,64;7276,00;7291,52;7551935264,00;103670
WDOFUT;23/12/2020;10:15:00;7290,82;7299,28;7274,59;7280,94;9440220684,00;129522
WDOFUT;23/12/2020;10:00:00;7270,35;7291,52;7265,42;7290,82;8766737143,00;120462
WDOFUT;23/12/2020;09:45:00;7254,13;7273,18;7247,78;7271,06;7127574380,00;98166
WDOFUT;23/12/2020;09:30:00;7249,89;7257,65;7247,07;7254,83;5554589507,00;76588
WDOFUT;23/12/2020;09:15:00;7244,95;7254,13;7242,13;7249,89;4872352373,00;67219
WDOFUT;23/12/2020;09:00:00;7261,89;7261,89;7237,90;7244,95;6782410105,00;93591
WDOFUT;22/12/2020;18:15:00;7273,88;7283,76;7273,18;7280,94;1654259035,00;22730
WDOFUT;22/12/2020;18:00:00;7284,47;7285,88;7272,47;7274,59;2086508543,00;28673
WDOFUT;22/12/2020;17:45:00;7288,70;7289,40;7280,23;7284,47;2510710740,00;34467
WDOFUT;22/12/2020;17:30:00;7290,11;7296,46;7287,29;7288,70;2119825166,00;29075
WDOFUT;22/12/2020;17:15:00;7291,52;7297,17;7288,70;7290,11;2625419056,00;35999
WDOFUT;22/12/2020;17:00:00;7284,47;7292,93;7280,23;7290,82;2464913436,00;33827
WDOFUT;22/12/2020;16:45:00;7285,88;7287,29;7282,35;7284,47;1706325898,00;23423
WDOFUT;22/12/2020;16:30:00;7288,70;7291,52;7285,17;7285,88;2260930816,00;31021
WDOFUT;22/12/2020;16:15:00;7280,94;7292,23;7279,53;7288,70;3196386941,00;43867
WDOFUT;22/12/2020;16:00:00;7283,76;7284,47;7274,59;7280,94;3251625687,00;44672
WDOFUT;22/12/2020;15:45:00;7280,94;7287,99;7279,53;7284,47;3772634703,00;51794
WDOFUT;22/12/2020;15:30:00;7273,88;7286,58;7273,18;7280,94;4178997692,00;57404
WDOFUT;22/12/2020;15:15:00;7277,41;7279,53;7268,24;7274,59;2682789178,00;36886
WDOFUT;22/12/2020;15:00:00;7274,59;7279,53;7273,88;7278,12;1872507446,00;25732
WDOFUT;22/12/2020;14:45:00;7272,47;7280,23;7268,24;7275,29;3325966025,00;45724
WDOFUT;22/12/2020;14:30:00;7278,12;7278,12;7264,00;7272,47;3721767371,00;51188
WDOFUT;22/12/2020;14:15:00;7280,23;7280,94;7271,06;7278,12;2655470180,00;36494
WDOFUT;22/12/2020;14:00:00;7280,94;7282,35;7270,35;7280,23;3251521867,00;44680
WDOFUT;22/12/2020;13:45:00;7285,88;7293,64;7273,88;7280,23;5644608092,00;77495
WDOFUT;22/12/2020;13:30:00;7266,83;7286,58;7263,30;7285,88;6649551622,00;91409
WDOFUT;22/12/2020;13:15:00;7254,13;7273,88;7244,25;7267,53;5131081564,00;70681
WDOFUT;22/12/2020;13:00:00;7256,24;7267,53;7249,89;7253,42;6162728948,00;84904
WDOFUT;22/12/2020;12:45:00;7247,07;7263,30;7244,95;7256,24;6228625719,00;85846
WDOFUT;22/12/2020;12:30:00;7257,65;7260,48;7239,31;7247,07;7629783533,00;105266
WDOFUT;22/12/2020;12:15:00;7285,17;7285,88;7257,65;7257,65;4933895624,00;67867
WDOFUT;22/12/2020;12:00:00;7284,47;7287,29;7271,06;7285,88;6490218805,00;89163
WDOFUT;22/12/2020;11:45:00;7295,05;7295,76;7276,70;7283,76;7881701551,00;108197
WDOFUT;22/12/2020;11:30:00;7274,59;7297,87;7272,47;7294,34;1,129538754E10;155056
WDOFUT;22/12/2020;11:15:00;7244,25;7276,70;7241,43;7273,88;9324378951,00;128446
WDOFUT;22/12/2020;11:00:00;7239,31;7253,42;7232,25;7244,25;9546703621,00;131785
WDOFUT;22/12/2020;10:45:00;7214,61;7244,25;7209,67;7238,60;1,068319523E10;147808
WDOFUT;22/12/2020;10:30:00;7238,60;7240,72;7213,91;7214,61;9807979998,00;135719
WDOFUT;22/12/2020;10:15:00;7243,54;7247,07;7235,07;7237,90;6423212423,00;88703
WDOFUT;22/12/2020;10:00:00;7266,12;7266,83;7241,43;7243,54;8311972321,00;114586
WDOFUT;22/12/2020;09:45:00;7261,18;7272,47;7256,24;7266,12;7571718671,00;104220
WDOFUT;22/12/2020;09:30:00;7246,36;7264,71;7240,72;7261,18;6863689510,00;94599
WDOFUT;22/12/2020;09:15:00;7251,30;7255,54;7239,31;7246,36;6560003741,00;90521
WDOFUT;22/12/2020;09:00:00;7247,78;7269,65;7242,13;7251,30;8433930381,00;116246
WDOFUT;21/12/2020;18:15:00;7228,72;7232,25;7218,85;7223,08;1528577403,00;21155
WDOFUT;21/12/2020;18:00:00;7234,37;7238,60;7227,31;7228,02;1583916997,00;21897
WDOFUT;21/12/2020;17:45:00;7243,54;7245,66;7231,55;7234,37;3138674963,00;43353
WDOFUT;21/12/2020;17:30:00;7245,66;7251,30;7242,84;7242,84;2734141501,00;37731
WDOFUT;21/12/2020;17:15:00;7237,19;7247,78;7236,49;7245,66;2930429534,00;40460
WDOFUT;21/12/2020;17:00:00;7228,72;7242,84;7225,90;7237,19;4229982892,00;58461
WDOFUT;21/12/2020;16:45:00;7228,72;7236,49;7223,08;7228,72;3317614748,00;45890
WDOFUT;21/12/2020;16:30:00;7237,90;7239,31;7223,08;7228,72;3849800946,00;53251
WDOFUT;21/12/2020;16:15:00;7229,43;7239,31;7226,61;7238,60;4644633733,00;64214
WDOFUT;21/12/2020;16:00:00;7220,26;7230,14;7213,20;7229,43;4936386631,00;68351
WDOFUT;21/12/2020;15:45:00;7230,84;7232,96;7215,32;7219,55;5854460034,00;81060
WDOFUT;21/12/2020;15:30:00;7235,78;7244,95;7223,08;7230,84;5118585826,00;70751
WDOFUT;21/12/2020;15:15:00;7248,48;7256,24;7231,55;7236,49;6940487692,00;95827
WDOFUT;21/12/2020;15:00:00;7242,84;7256,95;7239,31;7249,19;5311794098,00;73276
WDOFUT;21/12/2020;14:45:00;7246,36;7252,01;7239,31;7242,84;4567854531,00;63052
WDOFUT;21/12/2020;14:30:00;7240,01;7247,07;7230,84;7246,36;4319755559,00;59673
WDOFUT;21/12/2020;14:15:00;7235,07;7244,95;7232,96;7240,72;4163034425,00;57503
WDOFUT;21/12/2020;14:00:00;7238,60;7239,31;7225,20;7235,07;5362496619,00;74161
WDOFUT;21/12/2020;13:45:00;7247,78;7248,48;7233,66;7239,31;4974606305,00;68721
WDOFUT;21/12/2020;13:30:00;7256,95;7258,36;7239,31;7247,78;5494603998,00;75815
WDOFUT;21/12/2020;13:15:00;7258,36;7263,30;7243,54;7256,95;6751526933,00;93121
WDOFUT;21/12/2020;13:00:00;7268,24;7271,77;7255,54;7258,36;5632235965,00;77549
WDOFUT;21/12/2020;12:45:00;7268,24;7277,41;7257,65;7268,94;6163154466,00;84803
WDOFUT;21/12/2020;12:30:00;7261,18;7270,35;7254,83;7268,24;4988715647,00;68694
WDOFUT;21/12/2020;12:15:00;7266,12;7276,70;7257,65;7261,89;6629036840,00;91221
WDOFUT;21/12/2020;12:00:00;7270,35;7277,41;7261,89;7265,42;6936633762,00;95421
WDOFUT;21/12/2020;11:45:00;7281,64;7292,23;7261,89;7270,35;7680963235,00;105564
WDOFUT;21/12/2020;11:30:00;7285,88;7292,93;7273,88;7282,35;6200589981,00;85143
WDOFUT;21/12/2020;11:15:00;7278,12;7290,11;7271,06;7285,88;7516798363,00;103250
WDOFUT;21/12/2020;11:00:00;7299,99;7302,11;7267,53;7278,82;1,014482915E10;139340
WDOFUT;21/12/2020;10:45:00;7310,57;7319,75;7294,34;7300,69;7712689963,00;105564
WDOFUT;21/12/2020;10:30:00;7316,22;7321,16;7297,87;7310,57;6482183899,00;88673
WDOFUT;21/12/2020;10:15:00;7318,33;7341,62;7300,69;7316,22;1,090829377E10;148970
WDOFUT;21/12/2020;10:00:00;7305,63;7325,39;7304,22;7318,33;1,124921239E10;153790
WDOFUT;21/12/2020;09:45:00;7343,74;7344,44;7305,63;7305,63;1,507744109E10;205962
WDOFUT;21/12/2020;09:30:00;7342,32;7372,66;7335,97;7343,74;1,026522015E10;139585
WDOFUT;21/12/2020;09:15:00;7361,37;7369,14;7340,21;7341,62;1,151098343E10;156540
WDOFUT;21/12/2020;09:00:00;7342,32;7369,84;7331,74;7360,67;1,223313852E10;166429
WDOFUT;18/12/2020;18:15:00;7199,80;7206,15;7196,97;7199,80;1500577155,00;20837
WDOFUT;18/12/2020;18:00:00;7173,69;7201,21;7171,57;7199,80;2131601200,00;29652
WDOFUT;18/12/2020;17:45:00;7176,51;7178,63;7169,46;7173,69;1987542272,00;27705
WDOFUT;18/12/2020;17:30:00;7184,27;7190,62;7174,39;7176,51;2045199525,00;28471
WDOFUT;18/12/2020;17:15:00;7180,04;7187,80;7177,22;7184,98;2411789959,00;33572
WDOFUT;18/12/2020;17:00:00;7170,87;7185,68;7166,63;7179,33;3841294470,00;53536
WDOFUT;18/12/2020;16:45:00;7170,16;7173,69;7158,87;7170,87;3422772956,00;47752
WDOFUT;18/12/2020;16:30:00;7178,63;7179,33;7163,11;7170,16;3945822060,00;55034
WDOFUT;18/12/2020;16:15:00;7183,57;7184,27;7175,10;7178,63;2268107468,00;31595
WDOFUT;18/12/2020;16:00:00;7176,51;7186,39;7175,81;7184,27;2347309411,00;32686
WDOFUT;18/12/2020;15:45:00;7180,74;7186,39;7173,69;7175,81;3019110758,00;42049
WDOFUT;18/12/2020;15:30:00;7194,86;7199,80;7180,04;7180,04;4305913994,00;59884
WDOFUT;18/12/2020;15:15:00;7188,51;7195,56;7182,86;7195,56;2127541493,00;29594
WDOFUT;18/12/2020;15:00:00;7189,21;7198,38;7187,80;7189,21;2990128730,00;41571
WDOFUT;18/12/2020;14:45:00;7185,68;7194,15;7184,98;7189,92;2132875424,00;29662
WDOFUT;18/12/2020;14:30:00;7186,39;7192,03;7176,51;7185,68;3595701194,00;50045
WDOFUT;18/12/2020;14:15:00;7180,74;7195,56;7180,04;7186,39;4008938309,00;55776
WDOFUT;18/12/2020;14:00:00;7170,16;7181,45;7168,04;7180,04;2571199423,00;35837
WDOFUT;18/12/2020;13:45:00;7173,69;7177,22;7168,75;7170,16;2003623217,00;27934
WDOFUT;18/12/2020;13:30:00;7179,33;7194,15;7171,57;7173,69;4581118920,00;63791
WDOFUT;18/12/2020;13:15:00;7193,45;7196,97;7176,51;7180,04;3243660176,00;45145
WDOFUT;18/12/2020;13:00:00;7186,39;7206,85;7177,22;7194,15;6689576354,00;93050
WDOFUT;18/12/2020;12:45:00;7184,98;7192,03;7175,81;7186,39;5608934262,00;78064
WDOFUT;18/12/2020;12:30:00;7177,22;7192,74;7168,75;7184,98;5211574157,00;72571
WDOFUT;18/12/2020;12:15:00;7160,28;7179,33;7159,58;7177,22;4920317638,00;68611
WDOFUT;18/12/2020;12:00:00;7189,21;7196,97;7156,75;7160,28;1,044450985E10;145601
WDOFUT;18/12/2020;11:45:00;7180,74;7196,97;7176,51;7188,51;6728655848,00;93600
WDOFUT;18/12/2020;11:30:00;7200,50;7203,32;7174,39;7180,04;6428237724,00;89405
WDOFUT;18/12/2020;11:15:00;7183,57;7207,56;7183,57;7200,50;6332627232,00;87969
WDOFUT;18/12/2020;11:00:00;7185,68;7194,86;7179,33;7184,27;6331300456,00;88093
WDOFUT;18/12/2020;10:45:00;7182,16;7191,33;7179,33;7185,68;6131394047,00;85346
WDOFUT;18/12/2020;10:30:00;7199,80;7206,15;7180,74;7182,86;7842343958,00;109000
WDOFUT;18/12/2020;10:15:00;7211,08;7220,26;7198,38;7199,09;7943375167,00;110206
WDOFUT;18/12/2020;10:00:00;7192,03;7217,44;7190,62;7211,08;1,063090475E10;147538
WDOFUT;18/12/2020;09:45:00;7189,92;7195,56;7168,04;7191,33;1,168479665E10;162677
WDOFUT;18/12/2020;09:30:00;7187,80;7215,32;7184,98;7189,92;1,065078888E10;147901
WDOFUT;18/12/2020;09:15:00;7169,46;7195,56;7163,81;7187,10;9768966476,00;136044
WDOFUT;18/12/2020;09:00:00;7196,27;7206,85;7158,17;7169,46;1,288572322E10;179501
WDOFUT;17/12/2020;18:15:00;7152,52;7155,34;7137,00;7137,00;1596326004,00;22339
WDOFUT;17/12/2020;18:00:00;7145,47;7154,64;7141,94;7152,52;1519845752,00;21264
WDOFUT;17/12/2020;17:45:00;7153,93;7156,05;7145,47;7146,17;1904791248,00;26635
WDOFUT;17/12/2020;17:30:00;7159,58;7160,99;7147,58;7154,64;2330818421,00;32581
WDOFUT;17/12/2020;17:15:00;7163,81;7165,93;7155,34;7159,58;2643962262,00;36927
WDOFUT;17/12/2020;17:00:00;7163,11;7170,16;7160,28;7163,81;2701535078,00;37704
WDOFUT;17/12/2020;16:45:00;7148,29;7166,63;7144,76;7163,11;4313646344,00;60263
WDOFUT;17/12/2020;16:30:00;7158,87;7165,22;7145,47;7147,58;3899122023,00;54499
WDOFUT;17/12/2020;16:15:00;7161,69;7164,52;7155,34;7158,87;2560495026,00;35765
WDOFUT;17/12/2020;16:00:00;7171,57;7172,98;7158,17;7161,69;4004569570,00;55888
WDOFUT;17/12/2020;15:45:00;7161,69;7177,92;7155,34;7171,57;6119236926,00;85387
WDOFUT;17/12/2020;15:30:00;7151,82;7168,75;7144,05;7162,40;5931515014,00;82910
WDOFUT;17/12/2020;15:15:00;7134,88;7153,93;7134,18;7151,82;4859463490,00;68010
WDOFUT;17/12/2020;15:00:00;7141,23;7149,70;7133,47;7135,59;4894626836,00;68545
WDOFUT;17/12/2020;14:45:00;7136,29;7141,94;7133,47;7141,94;2593501658,00;36332
WDOFUT;17/12/2020;14:30:00;7132,06;7138,41;7127,83;7137,00;2124514121,00;29783
WDOFUT;17/12/2020;14:15:00;7137,00;7141,23;7123,59;7132,76;5266369843,00;73839
WDOFUT;17/12/2020;14:00:00;7134,88;7142,64;7132,76;7137,00;3740916097,00;52404
WDOFUT;17/12/2020;13:45:00;7129,94;7139,12;7126,41;7135,59;4210515891,00;59025
WDOFUT;17/12/2020;13:30:00;7123,59;7136,29;7122,89;7129,94;3595553508,00;50423
WDOFUT;17/12/2020;13:15:00;7125,71;7134,88;7117,95;7122,89;5324663831,00;74705
WDOFUT;17/12/2020;13:00:00;7133,47;7137,70;7110,89;7125,71;1,015871565E10;142599
WDOFUT;17/12/2020;12:45:00;7152,52;7153,23;7132,06;7134,18;5312076565,00;74357
WDOFUT;17/12/2020;12:30:00;7138,41;7158,87;7137,70;7151,82;5370620936,00;75099
WDOFUT;17/12/2020;12:15:00;7142,64;7152,52;7135,59;7137,70;4464218766,00;62490
WDOFUT;17/12/2020;12:00:00;7151,11;7157,46;7141,23;7142,64;6351882741,00;88849
WDOFUT;17/12/2020;11:45:00;7137,70;7165,93;7129,24;7151,11;1,109988788E10;155273
WDOFUT;17/12/2020;11:30:00;7143,35;7148,99;7134,88;7137,70;6587640662,00;92251
WDOFUT;17/12/2020;11:15:00;7144,76;7145,47;7133,47;7143,35;6187969827,00;86674
WDOFUT;17/12/2020;11:00:00;7156,75;7156,75;7135,59;7144,76;8627004358,00;120746
WDOFUT;17/12/2020;10:45:00;7153,93;7165,93;7148,99;7156,75;6000926081,00;83837
WDOFUT;17/12/2020;10:30:00;7160,28;7163,81;7148,29;7153,23;5838627928,00;81597
WDOFUT;17/12/2020;10:15:00;7158,87;7167,34;7151,11;7160,99;6546744023,00;91436
WDOFUT;17/12/2020;10:00:00;7145,47;7162,40;7142,64;7158,87;9883607253,00;138137
WDOFUT;17/12/2020;09:45:00;7139,12;7147,58;7131,35;7145,47;7110330580,00;99601
WDOFUT;17/12/2020;09:30:00;7151,82;7153,23;7136,29;7138,41;6830712224,00;95597
WDOFUT;17/12/2020;09:15:00;7132,06;7154,64;7128,53;7151,82;1,074421426E10;150493
WDOFUT;17/12/2020;09:00:00;7140,53;7149,70;7120,77;7132,06;1,191886501E10;167072
WDOFUT;16/12/2020;18:15:00;7168,75;7174,39;7167,34;7172,98;1149809662,00;16033
WDOFUT;16/12/2020;18:00:00;7175,10;7175,81;7165,22;7168,75;1507671501,00;21023
WDOFUT;16/12/2020;17:45:00;7178,63;7180,74;7165,22;7175,10;3996635944,00;55707
WDOFUT;16/12/2020;17:30:00;7187,10;7187,10;7176,51;7177,92;3743195808,00;52120
WDOFUT;16/12/2020;17:15:00;7189,92;7192,74;7184,27;7187,10;3827507637,00;53248
WDOFUT;16/12/2020;17:00:00;7206,85;7206,85;7189,92;7189,92;5566080992,00;77361
WDOFUT;16/12/2020;16:45:00;7210,38;7212,50;7201,91;7206,85;3568331698,00;49510
WDOFUT;16/12/2020;16:30:00;7232,25;7233,66;7206,15;7211,08;4943208204,00;68493
WDOFUT;16/12/2020;16:15:00;7231,55;7242,13;7225,20;7232,25;4464934773,00;61720
WDOFUT;16/12/2020;16:00:00;7211,08;7237,90;7210,38;7231,55;7042613716,00;97452
WDOFUT;16/12/2020;15:45:00;7212,50;7223,08;7206,15;7211,08;4686363674,00;64954
WDOFUT;16/12/2020;15:30:00;7230,84;7234,37;7211,79;7212,50;6164025730,00;85348
WDOFUT;16/12/2020;15:15:00;7244,95;7247,07;7230,84;7230,84;3820812201,00;52784
WDOFUT;16/12/2020;15:00:00;7238,60;7257,65;7227,31;7245,66;1,053641822E10;145469
WDOFUT;16/12/2020;14:45:00;7244,95;7256,24;7238,60;7238,60;7471080226,00;103072
WDOFUT;16/12/2020;14:30:00;7230,14;7246,36;7228,02;7245,66;5623397384,00;77706
WDOFUT;16/12/2020;14:15:00;7231,55;7235,78;7224,49;7230,14;3956230210,00;54715
WDOFUT;16/12/2020;14:00:00;7235,78;7238,60;7222,37;7230,84;5566939782,00;76996
WDOFUT;16/12/2020;13:45:00;7246,36;7247,07;7235,78;7235,78;4379491580,00;60491
WDOFUT;16/12/2020;13:30:00;7247,07;7249,19;7242,84;7246,36;2515340123,00;34713
WDOFUT;16/12/2020;13:15:00;7235,78;7255,54;7235,07;7246,36;7932660743,00;109484
WDOFUT;16/12/2020;13:00:00;7232,25;7235,78;7225,20;7235,78;5195991030,00;71853
WDOFUT;16/12/2020;12:45:00;7217,44;7235,07;7216,73;7232,96;6890238848,00;95337
WDOFUT;16/12/2020;12:30:00;7219,55;7219,55;7210,38;7216,73;3558070542,00;49317
WDOFUT;16/12/2020;12:15:00;7218,14;7221,67;7211,08;7219,55;4444054836,00;61584
WDOFUT;16/12/2020;12:00:00;7194,86;7220,26;7194,15;7218,85;7296265132,00;101234
WDOFUT;16/12/2020;11:45:00;7189,92;7202,62;7185,68;7194,15;6509310364,00;90473
WDOFUT;16/12/2020;11:30:00;7189,92;7196,27;7180,04;7189,92;7882542779,00;109663
WDOFUT;16/12/2020;11:15:00;7187,80;7193,45;7179,33;7189,21;6180580815,00;85996
WDOFUT;16/12/2020;11:00:00;7202,62;7205,44;7178,63;7187,80;1,086864441E10;151183
WDOFUT;16/12/2020;10:45:00;7204,73;7211,08;7190,62;7202,62;7736790820,00;107449
WDOFUT;16/12/2020;10:30:00;7209,67;7220,26;7203,32;7204,03;6825970568,00;94643
WDOFUT;16/12/2020;10:15:00;7203,32;7223,79;7201,91;7209,67;7596259870,00;105320
WDOFUT;16/12/2020;10:00:00;7196,97;7218,14;7195,56;7203,32;1,16446769E10;161543
WDOFUT;16/12/2020;09:45:00;7200,50;7210,38;7190,62;7196,27;7824629610,00;108690
WDOFUT;16/12/2020;09:30:00;7211,08;7214,61;7196,97;7201,21;7643250354,00;106104
WDOFUT;16/12/2020;09:15:00;7186,39;7216,02;7180,74;7211,79;1,383956995E10;192136
WDOFUT;16/12/2020;09:00:00;7144,76;7192,03;7141,94;7187,10;1,059807416E10;147745
WDOFUT;15/12/2020;18:15:00;7170,87;7184,27;7168,75;7175,10;1280269796,00;17836
WDOFUT;15/12/2020;18:00:00;7171,57;7181,45;7168,75;7170,87;1420667298,00;19797
WDOFUT;15/12/2020;17:45:00;7169,46;7178,63;7168,04;7172,28;1500118616,00;20913
WDOFUT;15/12/2020;17:30:00;7173,69;7176,51;7161,69;7169,46;3021661753,00;42146
WDOFUT;15/12/2020;17:15:00;7179,33;7182,16;7172,28;7173,69;1898184815,00;26450
WDOFUT;15/12/2020;17:00:00;7177,92;7181,45;7173,69;7180,04;2031165441,00;28295
WDOFUT;15/12/2020;16:45:00;7184,98;7184,98;7175,10;7177,92;2756927034,00;38402
WDOFUT;15/12/2020;16:30:00;7182,86;7186,39;7180,04;7184,98;1700479691,00;23674
WDOFUT;15/12/2020;16:15:00;7178,63;7186,39;7177,22;7182,86;2613432109,00;36392
WDOFUT;15/12/2020;16:00:00;7172,28;7180,04;7170,16;7178,63;3024549821,00;42152
WDOFUT;15/12/2020;15:45:00;7182,16;7185,68;7169,46;7171,57;6591631983,00;91843
WDOFUT;15/12/2020;15:30:00;7192,03;7196,97;7180,74;7182,86;3852404000,00;53591
WDOFUT;15/12/2020;15:15:00;7188,51;7193,45;7181,45;7192,03;3917582887,00;54514
WDOFUT;15/12/2020;15:00:00;7187,10;7192,74;7181,45;7187,80;3212615855,00;44706
WDOFUT;15/12/2020;14:45:00;7186,39;7195,56;7178,63;7187,10;5297114396,00;73691
WDOFUT;15/12/2020;14:30:00;7193,45;7195,56;7182,16;7186,39;5792262641,00;80591
WDOFUT;15/12/2020;14:15:00;7200,50;7210,38;7192,03;7194,15;3497780658,00;48581
WDOFUT;15/12/2020;14:00:00;7212,50;7213,20;7196,97;7199,80;4296938698,00;59645
WDOFUT;15/12/2020;13:45:00;7193,45;7216,02;7187,80;7213,20;4664127800,00;64745
WDOFUT;15/12/2020;13:30:00;7199,09;7206,85;7185,68;7193,45;6685805224,00;92918
WDOFUT;15/12/2020;13:15:00;7202,62;7218,14;7196,97;7199,09;4642861915,00;64409
WDOFUT;15/12/2020;13:00:00;7200,50;7211,08;7196,97;7202,62;4962117743,00;68874
WDOFUT;15/12/2020;12:45:00;7209,67;7212,50;7196,27;7201,21;6442836572,00;89433
WDOFUT;15/12/2020;12:30:00;7218,85;7226,61;7206,15;7209,67;5504308757,00;76306
WDOFUT;15/12/2020;12:15:00;7215,32;7232,25;7212,50;7218,85;5871762785,00;81304
WDOFUT;15/12/2020;12:00:00;7223,79;7229,43;7211,08;7214,61;6753406302,00;93541
WDOFUT;15/12/2020;11:45:00;7220,26;7228,72;7209,67;7223,79;6798122156,00;94160
WDOFUT;15/12/2020;11:30:00;7197,68;7229,43;7196,27;7220,26;1,421963907E10;197069
WDOFUT;15/12/2020;11:15:00;7193,45;7200,50;7190,62;7198,38;5344601422,00;74279
WDOFUT;15/12/2020;11:00:00;7175,81;7194,86;7165,93;7194,15;8448673910,00;117639
WDOFUT;15/12/2020;10:45:00;7184,27;7190,62;7169,46;7175,81;8317070290,00;115855
WDOFUT;15/12/2020;10:30:00;7197,68;7201,21;7183,57;7184,98;5359839454,00;74526
WDOFUT;15/12/2020;10:15:00;7182,16;7206,85;7178,63;7198,38;8493277653,00;118054
WDOFUT;15/12/2020;10:00:00;7204,73;7212,50;7176,51;7182,16;1,705185663E10;237097
WDOFUT;15/12/2020;09:45:00;7209,67;7219,55;7203,32;7204,73;9693611033,00;134398
WDOFUT;15/12/2020;09:30:00;7201,21;7211,79;7189,92;7208,97;1,136719085E10;157880
WDOFUT;15/12/2020;09:15:00;7190,62;7202,62;7180,74;7201,21;9161442891,00;127411
WDOFUT;15/12/2020;09:00:00;7188,51;7194,86;7172,98;7189,92;7243123648,00;100832
WDOFUT;14/12/2020;18:15:00;7220,96;7226,61;7217,44;7221,67;1194475552,00;16538
WDOFUT;14/12/2020;18:00:00;7220,96;7226,61;7217,44;7220,96;1375348035,00;19041
WDOFUT;14/12/2020;17:45:00;7217,44;7222,37;7212,50;7220,96;2373601556,00;32883
WDOFUT;14/12/2020;17:30:00;7219,55;7229,43;7212,50;7216,73;3513193033,00;48645
WDOFUT;14/12/2020;17:15:00;7229,43;7230,84;7216,02;7219,55;3259081610,00;45120
WDOFUT;14/12/2020;17:00:00;7235,78;7235,78;7225,90;7229,43;2227781014,00;30814
WDOFUT;14/12/2020;16:45:00;7225,90;7237,90;7225,90;7235,78;5686685047,00;78633
WDOFUT;14/12/2020;16:30:00;7213,20;7229,43;7212,50;7226,61;4220302491,00;58441
WDOFUT;14/12/2020;16:15:00;7218,14;7220,96;7207,56;7213,91;3003287231,00;41635
WDOFUT;14/12/2020;16:00:00;7222,37;7225,90;7211,08;7217,44;4280731474,00;59310
WDOFUT;14/12/2020;15:45:00;7220,96;7226,61;7219,55;7222,37;2525240589,00;34962
WDOFUT;14/12/2020;15:30:00;7206,85;7223,08;7205,44;7220,96;4003979404,00;55488
WDOFUT;14/12/2020;15:15:00;7216,73;7220,26;7204,03;7206,15;3327100754,00;46129
WDOFUT;14/12/2020;15:00:00;7222,37;7223,79;7208,97;7216,73;4220277979,00;58495
WDOFUT;14/12/2020;14:45:00;7220,26;7228,02;7216,73;7223,08;4717452976,00;65322
WDOFUT;14/12/2020;14:30:00;7213,20;7221,67;7211,08;7220,26;3574186866,00;49531
WDOFUT;14/12/2020;14:15:00;7200,50;7225,90;7195,56;7212,50;6040337821,00;83767
WDOFUT;14/12/2020;14:00:00;7213,91;7218,14;7198,38;7199,80;4577269393,00;63507
WDOFUT;14/12/2020;13:45:00;7219,55;7221,67;7209,67;7213,20;4580343354,00;63477
WDOFUT;14/12/2020;13:30:00;7229,43;7240,72;7219,55;7220,26;7306787784,00;101074
WDOFUT;14/12/2020;13:15:00;7199,80;7232,25;7196,27;7230,14;5991961510,00;83066
WDOFUT;14/12/2020;13:00:00;7219,55;7230,14;7192,03;7199,80;1,076842737E10;149265
WDOFUT;14/12/2020;12:45:00;7199,80;7223,79;7191,33;7219,55;8266562750,00;114749
WDOFUT;14/12/2020;12:30:00;7180,74;7206,85;7175,81;7199,80;9260033268,00;128774
WDOFUT;14/12/2020;12:15:00;7188,51;7211,08;7180,74;7180,74;1,51909315E10;211096
WDOFUT;14/12/2020;12:00:00;7165,93;7193,45;7163,81;7189,92;1,155749445E10;160991
WDOFUT;14/12/2020;11:45:00;7137,70;7172,28;7137,00;7165,93;1,110957684E10;155311
WDOFUT;14/12/2020;11:30:00;7127,83;7144,05;7120,77;7137,70;1,079583768E10;151352
WDOFUT;14/12/2020;11:15:00;7094,66;7129,94;7091,84;7127,83;1,074966995E10;151157
WDOFUT;14/12/2020;11:00:00;7087,61;7097,49;7078,43;7094,66;7200449068,00;101588
WDOFUT;14/12/2020;10:45:00;7095,37;7103,13;7077,73;7088,31;9433409144,00;133092
WDOFUT;14/12/2020;10:30:00;7104,54;7109,48;7091,84;7095,37;7013156801,00;98767
WDOFUT;14/12/2020;10:15:00;7105,25;7107,36;7089,02;7104,54;7229054751,00;101861
WDOFUT;14/12/2020;10:00:00;7074,91;7115,13;7072,08;7105,95;1,237989589E10;174385
WDOFUT;14/12/2020;09:45:00;7094,66;7101,72;7070,67;7074,91;1,231877232E10;173796
WDOFUT;14/12/2020;09:30:00;7105,25;7110,89;7087,61;7095,37;7972655234,00;112325
WDOFUT;14/12/2020;09:15:00;7089,02;7111,60;7086,90;7105,95;9621731962,00;135504
WDOFUT;14/12/2020;09:00:00;7110,89;7120,77;7086,20;7089,02;1,040269715E10;146455
WDOFUT;11/12/2020;18:15:00;7158,17;7163,81;7150,40;7155,34;1461580369,00;20421
WDOFUT;11/12/2020;18:00:00;7140,53;7159,58;7134,88;7156,75;2351910993,00;32914
WDOFUT;11/12/2020;17:45:00;7127,83;7150,40;7127,12;7140,53;3290123517,00;46077
WDOFUT;11/12/2020;17:30:00;7125,00;7132,76;7121,48;7127,83;1833283434,00;25724
WDOFUT;11/12/2020;17:15:00;7124,30;7129,24;7120,06;7125,00;2225944748,00;31241
WDOFUT;11/12/2020;17:00:00;7122,89;7129,94;7117,95;7124,30;2684178201,00;37673
WDOFUT;11/12/2020;16:45:00;7132,06;7133,47;7117,95;7123,59;3085305533,00;43304
WDOFUT;11/12/2020;16:30:00;7139,12;7141,94;7127,83;7132,06;3588929611,00;50295
WDOFUT;11/12/2020;16:15:00;7149,70;7155,34;7136,29;7139,12;3655901349,00;51159
WDOFUT;11/12/2020;16:00:00;7138,41;7151,82;7134,18;7150,40;2854415272,00;39956
WDOFUT;11/12/2020;15:45:00;7139,82;7153,93;7137,00;7138,41;5874242883,00;82181
WDOFUT;11/12/2020;15:30:00;7143,35;7147,58;7126,41;7139,12;4624222453,00;64792
WDOFUT;11/12/2020;15:15:00;7148,99;7151,11;7140,53;7142,64;3071800131,00;42992
WDOFUT;11/12/2020;15:00:00;7142,64;7164,52;7139,12;7148,29;6869884714,00;96042
WDOFUT;11/12/2020;14:45:00;7134,18;7146,17;7127,83;7143,35;4092995894,00;57331
WDOFUT;11/12/2020;14:30:00;7131,35;7137,00;7123,59;7134,18;3750197426,00;52589
WDOFUT;11/12/2020;14:15:00;7131,35;7139,82;7117,24;7131,35;4202309853,00;58935
WDOFUT;11/12/2020;14:00:00;7134,88;7141,94;7127,12;7131,35;4054098921,00;56822
WDOFUT;11/12/2020;13:45:00;7127,83;7140,53;7120,77;7134,88;5180832815,00;72646
WDOFUT;11/12/2020;13:30:00;7121,48;7128,53;7118,65;7127,12;3215525874,00;45135
WDOFUT;11/12/2020;13:15:00;7122,18;7123,59;7097,49;7122,18;8293342060,00;116640
WDOFUT;11/12/2020;13:00:00;7144,76;7148,99;7117,24;7121,48;7801961938,00;109411
WDOFUT;11/12/2020;12:45:00;7139,12;7153,23;7130,65;7144,76;4972387182,00;69619
WDOFUT;11/12/2020;12:30:00;7137,00;7146,17;7123,59;7139,82;6313841425,00;88453
WDOFUT;11/12/2020;12:15:00;7158,17;7160,28;7113,71;7136,29;1,272827283E10;178375
WDOFUT;11/12/2020;12:00:00;7166,63;7173,69;7155,34;7158,87;5247625094,00;73254
WDOFUT;11/12/2020;11:45:00;7177,22;7180,74;7162,40;7166,63;5276016963,00;73592
WDOFUT;11/12/2020;11:30:00;7163,81;7177,92;7157,46;7177,22;7852942820,00;109579
WDOFUT;11/12/2020;11:15:00;7169,46;7174,39;7156,05;7163,81;6358630821,00;88745
WDOFUT;11/12/2020;11:00:00;7177,92;7181,45;7155,34;7170,16;9646054584,00;134529
WDOFUT;11/12/2020;10:45:00;7162,40;7178,63;7158,87;7177,92;7593485253,00;105920
WDOFUT;11/12/2020;10:30:00;7160,28;7164,52;7149,70;7162,40;5821825577,00;81347
WDOFUT;11/12/2020;10:15:00;7151,11;7169,46;7146,17;7160,99;8842896819,00;123539
WDOFUT;11/12/2020;10:00:00;7137,00;7160,99;7137,00;7150,40;1,042894646E10;145852
WDOFUT;11/12/2020;09:45:00;7132,76;7139,82;7111,60;7137,70;1,093840769E10;153526
WDOFUT;11/12/2020;09:30:00;7146,17;7152,52;7126,41;7132,76;8073869225,00;113110
WDOFUT;11/12/2020;09:15:00;7151,82;7153,23;7120,77;7146,17;1,286645988E10;180269
WDOFUT;11/12/2020;09:00:00;7133,47;7153,93;7128,53;7151,82;9006808731,00;126128
WDOFUT;10/12/2020;18:15:00;7104,54;7110,89;7094,66;7094,66;1875032427,00;26389
WDOFUT;10/12/2020;18:00:00;7084,08;7110,89;7081,26;7104,54;3982060394,00;56096
WDOFUT;10/12/2020;17:45:00;7091,84;7091,84;7078,43;7084,08;3376278900,00;47667
WDOFUT;10/12/2020;17:30:00;7095,37;7096,78;7080,55;7091,84;3667997500,00;51746
WDOFUT;10/12/2020;17:15:00;7087,61;7103,84;7084,79;7095,37;5608146863,00;79063
WDOFUT;10/12/2020;17:00:00;7114,42;7115,13;7087,61;7088,31;6087377718,00;85744
WDOFUT;10/12/2020;16:45:00;7110,89;7115,83;7101,72;7115,13;3817572286,00;53700
WDOFUT;10/12/2020;16:30:00;7110,89;7113,71;7105,95;7110,19;2783819526,00;39157
WDOFUT;10/12/2020;16:15:00;7107,36;7111,60;7101,01;7110,89;4484771042,00;63100
WDOFUT;10/12/2020;16:00:00;7116,54;7120,06;7105,25;7108,07;6300486686,00;88568
WDOFUT;10/12/2020;15:45:00;7128,53;7131,35;7115,83;7116,54;6357641653,00;89242
WDOFUT;10/12/2020;15:30:00;7133,47;7139,12;7127,12;7128,53;3903784772,00;54722
WDOFUT;10/12/2020;15:15:00;7137,70;7143,35;7132,06;7133,47;4543154180,00;63654
WDOFUT;10/12/2020;15:00:00;7143,35;7148,29;7135,59;7137,70;4138806844,00;57944
WDOFUT;10/12/2020;14:45:00;7133,47;7146,17;7122,89;7143,35;6425501724,00;90067
WDOFUT;10/12/2020;14:30:00;7137,00;7144,76;7130,65;7133,47;4726032248,00;66217
WDOFUT;10/12/2020;14:15:00;7146,88;7147,58;7134,88;7137,70;3755721463,00;52596
WDOFUT;10/12/2020;14:00:00;7156,05;7156,75;7134,18;7147,58;7320139355,00;102466
WDOFUT;10/12/2020;13:45:00;7149,70;7158,17;7144,76;7155,34;5388541491,00;75338
WDOFUT;10/12/2020;13:30:00;7133,47;7153,23;7128,53;7149,70;6593185266,00;92333
WDOFUT;10/12/2020;13:15:00;7135,59;7141,94;7120,06;7133,47;8345323102,00;117042
WDOFUT;10/12/2020;13:00:00;7137,00;7140,53;7123,59;7136,29;1,098682531E10;154038
WDOFUT;10/12/2020;12:45:00;7145,47;7155,34;7135,59;7137,70;9071231090,00;126936
WDOFUT;10/12/2020;12:30:00;7158,17;7166,63;7143,35;7146,17;8274562419,00;115666
WDOFUT;10/12/2020;12:15:00;7166,63;7169,46;7152,52;7158,17;6607623919,00;92257
WDOFUT;10/12/2020;12:00:00;7174,39;7175,81;7159,58;7165,93;8408387667,00;117287
WDOFUT;10/12/2020;11:45:00;7205,44;7206,85;7164,52;7173,69;1,444517296E10;201054
WDOFUT;10/12/2020;11:30:00;7236,49;7237,90;7203,32;7206,15;1,27159719E10;176138
WDOFUT;10/12/2020;11:15:00;7230,84;7243,54;7225,90;7235,78;7864602552,00;108723
WDOFUT;10/12/2020;11:00:00;7211,08;7231,55;7204,73;7230,84;1,003242462E10;139017
WDOFUT;10/12/2020;10:45:00;7187,80;7217,44;7184,98;7211,08;9915806907,00;137685
WDOFUT;10/12/2020;10:30:00;7189,21;7201,91;7180,04;7187,80;9658789650,00;134302
WDOFUT;10/12/2020;10:15:00;7176,51;7194,15;7175,10;7189,21;8167653886,00;113694
WDOFUT;10/12/2020;10:00:00;7200,50;7204,73;7169,46;7176,51;1,609747636E10;224053
WDOFUT;10/12/2020;09:45:00;7231,55;7233,66;7199,80;7201,21;1,112445576E10;154192
WDOFUT;10/12/2020;09:30:00;7221,67;7243,54;7216,73;7231,55;1,031951958E10;142747
WDOFUT;10/12/2020;09:15:00;7228,02;7229,43;7193,45;7220,96;1,417303113E10;196629
WDOFUT;10/12/2020;09:00:00;7213,91;7239,31;7211,79;7228,02;1,091544299E10;151036
WDOFUT;09/12/2020;18:15:00;7291,52;7299,99;7283,05;7299,28;1366970702,00;18750
WDOFUT;09/12/2020;18:00:00;7295,05;7299,99;7288,70;7291,52;1598878975,00;21922
WDOFUT;09/12/2020;17:45:00;7302,11;7308,46;7288,70;7295,05;3016801157,00;41340
WDOFUT;09/12/2020;17:30:00;7302,81;7307,04;7297,17;7302,11;2040650198,00;27948
WDOFUT;09/12/2020;17:15:00;7311,98;7314,81;7297,17;7302,81;4478242802,00;61295
WDOFUT;09/12/2020;17:00:00;7298,58;7314,10;7298,58;7311,98;3443940793,00;47132
WDOFUT;09/12/2020;16:45:00;7307,04;7309,87;7295,76;7298,58;4474401587,00;61277
WDOFUT;09/12/2020;16:30:00;7313,39;7320,45;7304,93;7306,34;3441326753,00;47051
WDOFUT;09/12/2020;16:15:00;7316,92;7321,16;7301,40;7312,69;8221003864,00;112447
WDOFUT;09/12/2020;16:00:00;7325,39;7335,27;7313,39;7317,63;8111496694,00;110739
WDOFUT;09/12/2020;15:45:00;7311,28;7326,10;7302,81;7324,68;7647025647,00;104544
WDOFUT;09/12/2020;15:30:00;7296,46;7314,10;7296,46;7311,28;5096320980,00;69752
WDOFUT;09/12/2020;15:15:00;7284,47;7309,87;7279,53;7297,17;8179667653,00;112055
WDOFUT;09/12/2020;15:00:00;7283,05;7290,11;7273,88;7284,47;4994908755,00;68596
WDOFUT;09/12/2020;14:45:00;7294,34;7295,76;7272,47;7282,35;7092994455,00;97387
WDOFUT;09/12/2020;14:30:00;7283,05;7296,46;7276,70;7294,34;6838779184,00;93850
WDOFUT;09/12/2020;14:15:00;7282,35;7291,52;7278,82;7283,05;4834200533,00;66365
WDOFUT;09/12/2020;14:00:00;7271,06;7283,76;7266,83;7282,35;5498593203,00;75585
WDOFUT;09/12/2020;13:45:00;7264,71;7287,29;7263,30;7270,35;8977646194,00;123407
WDOFUT;09/12/2020;13:30:00;7262,59;7268,94;7259,06;7264,71;5835014475,00;80331
WDOFUT;09/12/2020;13:15:00;7235,78;7264,71;7232,25;7261,89;6457693877,00;89086
WDOFUT;09/12/2020;13:00:00;7230,84;7246,36;7225,20;7235,78;8669400846,00;119823
WDOFUT;09/12/2020;12:45:00;7229,43;7242,13;7228,02;7230,14;6581140489,00;90955
WDOFUT;09/12/2020;12:30:00;7208,97;7235,07;7202,62;7229,43;9272727847,00;128409
WDOFUT;09/12/2020;12:15:00;7212,50;7217,44;7204,73;7208,97;5050928661,00;70048
WDOFUT;09/12/2020;12:00:00;7188,51;7217,44;7185,68;7213,20;9267439702,00;128726
WDOFUT;09/12/2020;11:45:00;7196,27;7208,26;7188,51;7188,51;5816039401,00;80795
WDOFUT;09/12/2020;11:30:00;7208,26;7219,55;7192,03;7196,27;1,015343614E10;140896
WDOFUT;09/12/2020;11:15:00;7195,56;7209,67;7189,92;7208,26;5957581999,00;82746
WDOFUT;09/12/2020;11:00:00;7194,15;7204,03;7188,51;7195,56;7677140076,00;106684
WDOFUT;09/12/2020;10:45:00;7201,21;7214,61;7194,15;7194,15;5379601051,00;74665
WDOFUT;09/12/2020;10:30:00;7206,15;7223,08;7199,80;7200,50;8415781590,00;116668
WDOFUT;09/12/2020;10:15:00;7224,49;7225,20;7199,09;7205,44;8239515389,00;114230
WDOFUT;09/12/2020;10:00:00;7229,43;7243,54;7216,73;7224,49;9763800009,00;135085
WDOFUT;09/12/2020;09:45:00;7213,20;7247,78;7204,03;7229,43;1,621088853E10;224206
WDOFUT;09/12/2020;09:30:00;7193,45;7213,91;7189,92;7212,50;1,248833862E10;173418
WDOFUT;09/12/2020;09:15:00;7201,91;7206,15;7184,98;7192,74;1,022156768E10;142051
WDOFUT;09/12/2020;09:00:00;7197,68;7204,03;7178,63;7202,62;9295753166,00;129284
WDOFUT;08/12/2020;18:15:00;7220,96;7225,20;7216,73;7225,20;1338147466,00;18531
WDOFUT;08/12/2020;18:00:00;7224,49;7228,02;7220,96;7222,37;1023955478,00;14173
WDOFUT;08/12/2020;17:45:00;7229,43;7234,37;7220,26;7225,20;2505362782,00;34663
WDOFUT;08/12/2020;17:30:00;7232,25;7234,37;7223,08;7229,43;2563049345,00;35457
WDOFUT;08/12/2020;17:15:00;7235,07;7237,90;7231,55;7232,25;2548823688,00;35234
WDOFUT;08/12/2020;17:00:00;7236,49;7237,90;7228,72;7234,37;2338489315,00;32328
WDOFUT;08/12/2020;16:45:00;7239,31;7239,31;7228,02;7236,49;3933107845,00;54375
WDOFUT;08/12/2020;16:30:00;7242,84;7243,54;7230,14;7238,60;5160464096,00;71319
WDOFUT;08/12/2020;16:15:00;7239,31;7247,07;7235,07;7242,84;4628863111,00;63922
WDOFUT;08/12/2020;16:00:00;7224,49;7252,71;7222,37;7239,31;8246488988,00;113957
WDOFUT;08/12/2020;15:45:00;7213,91;7225,90;7212,50;7224,49;5211651446,00;72183
WDOFUT;08/12/2020;15:30:00;7211,08;7219,55;7206,85;7213,91;4162333693,00;57707
WDOFUT;08/12/2020;15:15:00;7211,08;7216,73;7201,21;7211,08;6026594460,00;83598
WDOFUT;08/12/2020;15:00:00;7223,08;7230,84;7206,15;7211,08;7943033981,00;110025
WDOFUT;08/12/2020;14:45:00;7215,32;7225,90;7213,20;7223,08;6701003031,00;92810
WDOFUT;08/12/2020;14:30:00;7194,86;7219,55;7192,74;7215,32;9780440272,00;135709
WDOFUT;08/12/2020;14:15:00;7184,98;7196,27;7178,63;7195,56;5068454632,00;70512
WDOFUT;08/12/2020;14:00:00;7170,87;7190,62;7170,16;7184,27;5262890700,00;73280
WDOFUT;08/12/2020;13:45:00;7176,51;7180,04;7169,46;7171,57;4049792407,00;56442
WDOFUT;08/12/2020;13:30:00;7160,28;7183,57;7159,58;7176,51;6776947948,00;94495
WDOFUT;08/12/2020;13:15:00;7164,52;7165,93;7154,64;7160,28;3660800915,00;51132
WDOFUT;08/12/2020;13:00:00;7144,76;7166,63;7144,76;7164,52;6966457384,00;97348
WDOFUT;08/12/2020;12:45:00;7151,82;7162,40;7144,76;7144,76;6068598120,00;84832
WDOFUT;08/12/2020;12:30:00;7189,92;7190,62;7148,29;7151,82;1,29144867E10;180319
WDOFUT;08/12/2020;12:15:00;7183,57;7195,56;7181,45;7189,21;5233231352,00;72799
WDOFUT;08/12/2020;12:00:00;7192,03;7192,74;7174,39;7184,27;7108065276,00;98967
WDOFUT;08/12/2020;11:45:00;7192,03;7201,91;7189,92;7192,74;4194857902,00;58293
WDOFUT;08/12/2020;11:30:00;7194,15;7207,56;7184,98;7192,03;9030612777,00;125515
WDOFUT;08/12/2020;11:15:00;7184,98;7196,97;7172,28;7194,15;1,050305214E10;146183
WDOFUT;08/12/2020;11:00:00;7211,08;7212,50;7178,63;7184,98;1,162698107E10;161608
WDOFUT;08/12/2020;10:45:00;7191,33;7221,67;7189,92;7212,50;1,02513793E10;142175
WDOFUT;08/12/2020;10:30:00;7206,15;7208,26;7189,92;7191,33;8002925654,00;111168
WDOFUT;08/12/2020;10:15:00;7211,79;7211,79;7197,68;7205,44;9259969928,00;128516
WDOFUT;08/12/2020;10:00:00;7196,27;7218,14;7192,03;7211,08;8656020381,00;120183
WDOFUT;08/12/2020;09:45:00;7201,91;7205,44;7177,22;7195,56;1,019482712E10;141766
WDOFUT;08/12/2020;09:30:00;7194,15;7213,20;7184,98;7201,21;1,541805744E10;214161
WDOFUT;08/12/2020;09:15:00;7225,90;7233,66;7192,03;7194,15;1,551878881E10;215276
WDOFUT;08/12/2020;09:00:00;7227,31;7237,90;7216,02;7225,90;1,052614936E10;145630
WDOFUT;07/12/2020;18:15:00;7218,85;7218,85;7187,10;7196,27;1946258387,00;27018
WDOFUT;07/12/2020;18:00:00;7206,85;7223,79;7205,44;7218,85;2252264538,00;31221
WDOFUT;07/12/2020;17:45:00;7230,14;7235,07;7204,73;7206,15;5203513017,00;72042
WDOFUT;07/12/2020;17:30:00;7231,55;7238,60;7194,15;7230,14;1,081531102E10;149861
WDOFUT;07/12/2020;17:15:00;7236,49;7248,48;7230,14;7231,55;7448265355,00;102863
WDOFUT;07/12/2020;17:00:00;7229,43;7250,60;7215,32;7237,19;1,2871749E10;177953
WDOFUT;07/12/2020;16:45:00;7171,57;7231,55;7169,46;7229,43;1,234685181E10;171471
WDOFUT;07/12/2020;16:30:00;7174,39;7179,33;7169,46;7171,57;3975366320,00;55414
WDOFUT;07/12/2020;16:15:00;7168,75;7174,39;7165,93;7174,39;3004697881,00;41904
WDOFUT;07/12/2020;16:00:00;7169,46;7170,87;7154,64;7169,46;7526600789,00;105067
WDOFUT;07/12/2020;15:45:00;7179,33;7189,21;7166,63;7168,75;6851371876,00;95436
WDOFUT;07/12/2020;15:30:00;7170,16;7181,45;7166,63;7179,33;5138128967,00;71614
WDOFUT;07/12/2020;15:15:00;7166,63;7171,57;7158,17;7170,16;6637640617,00;92630
WDOFUT;07/12/2020;15:00:00;7153,23;7167,34;7151,82;7166,63;4807346410,00;67150
WDOFUT;07/12/2020;14:45:00;7155,34;7158,87;7147,58;7153,23;3488086024,00;48763
WDOFUT;07/12/2020;14:30:00;7151,82;7160,99;7150,40;7155,34;5294577018,00;74000
WDOFUT;07/12/2020;14:15:00;7154,64;7158,87;7140,53;7151,82;7188196990,00;100539
WDOFUT;07/12/2020;14:00:00;7157,46;7164,52;7150,40;7154,64;5008661465,00;69975
WDOFUT;07/12/2020;13:45:00;7151,11;7161,69;7148,99;7158,17;4803046424,00;67113
WDOFUT;07/12/2020;13:30:00;7143,35;7155,34;7138,41;7151,11;6037460387,00;84463
WDOFUT;07/12/2020;13:15:00;7144,76;7151,82;7140,53;7142,64;5074290495,00;71002
WDOFUT;07/12/2020;13:00:00;7158,17;7158,17;7137,00;7145,47;1,107432611E10;154918
WDOFUT;07/12/2020;12:45:00;7182,16;7182,86;7147,58;7157,46;1,40827068E10;196554
WDOFUT;07/12/2020;12:30:00;7198,38;7199,09;7181,45;7182,86;5047010742,00;70196
WDOFUT;07/12/2020;12:15:00;7209,67;7209,67;7188,51;7197,68;7545923667,00;104813
WDOFUT;07/12/2020;12:00:00;7210,38;7217,44;7203,32;7209,67;6822595816,00;94630
WDOFUT;07/12/2020;11:45:00;7196,97;7215,32;7196,97;7210,38;8090338898,00;112238
WDOFUT;07/12/2020;11:30:00;7204,03;7211,08;7193,45;7197,68;7280099636,00;101100
WDOFUT;07/12/2020;11:15:00;7195,56;7206,15;7192,74;7204,03;5319680251,00;73872
WDOFUT;07/12/2020;11:00:00;7199,09;7203,32;7187,80;7196,27;6567365045,00;91262
WDOFUT;07/12/2020;10:45:00;7194,15;7208,97;7191,33;7199,09;9146215041,00;127017
WDOFUT;07/12/2020;10:30:00;7197,68;7204,73;7179,33;7194,15;1,145832352E10;159294
WDOFUT;07/12/2020;10:15:00;7230,14;7230,14;7195,56;7196,97;1,425219593E10;197661
WDOFUT;07/12/2020;10:00:00;7239,31;7247,07;7222,37;7229,43;1,144614787E10;158239
WDOFUT;07/12/2020;09:45:00;7269,65;7271,77;7237,19;7239,31;1,472021517E10;202982
WDOFUT;07/12/2020;09:30:00;7285,88;7288,70;7266,12;7269,65;8594526972,00;118137
WDOFUT;07/12/2020;09:15:00;7277,41;7295,05;7276,00;7285,17;7460115820,00;102361
WDOFUT;07/12/2020;09:00:00;7295,76;7295,76;7276,70;7276,70;8271742200,00;113509
WDOFUT;04/12/2020;18:15:00;7259,77;7287,29;7256,95;7280,23;1689426008,00;23236
WDOFUT;04/12/2020;18:00:00;7238,60;7264,00;7236,49;7259,77;2165935348,00;29873
WDOFUT;04/12/2020;17:45:00;7244,25;7252,71;7236,49;7238,60;2379090666,00;32834
WDOFUT;04/12/2020;17:30:00;7244,25;7249,89;7241,43;7244,25;1872856979,00;25849
WDOFUT;04/12/2020;17:15:00;7252,71;7257,65;7242,13;7244,25;4310698182,00;59478
WDOFUT;04/12/2020;17:00:00;7231,55;7254,83;7230,84;7252,01;4686935813,00;64710
WDOFUT;04/12/2020;16:45:00;7232,96;7233,66;7220,26;7231,55;5412688860,00;74894
WDOFUT;04/12/2020;16:30:00;7240,72;7241,43;7229,43;7233,66;3928841077,00;54305
WDOFUT;04/12/2020;16:15:00;7237,19;7244,25;7231,55;7241,43;3191189097,00;44086
WDOFUT;04/12/2020;16:00:00;7233,66;7238,60;7230,14;7237,90;3024614326,00;41807
WDOFUT;04/12/2020;15:45:00;7253,42;7254,83;7228,02;7233,66;9399685567,00;129886
WDOFUT;04/12/2020;15:30:00;7266,12;7268,94;7252,71;7253,42;5183287554,00;71400
WDOFUT;04/12/2020;15:15:00;7275,29;7276,00;7257,65;7266,12;6885017147,00;94735
WDOFUT;04/12/2020;15:00:00;7296,46;7296,46;7274,59;7275,29;4148369385,00;56946
WDOFUT;04/12/2020;14:45:00;7289,40;7299,28;7286,58;7295,76;3554879101,00;48747
WDOFUT;04/12/2020;14:30:00;7282,35;7295,05;7278,82;7289,40;3623041162,00;49714
WDOFUT;04/12/2020;14:15:00;7288,70;7292,23;7279,53;7282,35;2867183521,00;39360
WDOFUT;04/12/2020;14:00:00;7284,47;7293,64;7276,00;7287,99;4726423128,00;64875
WDOFUT;04/12/2020;13:45:00;7291,52;7292,23;7272,47;7283,76;5418080409,00;74423
WDOFUT;04/12/2020;13:30:00;7298,58;7300,69;7283,05;7292,23;4272515988,00;58605
WDOFUT;04/12/2020;13:15:00;7290,82;7308,46;7290,11;7298,58;4326232214,00;59248
WDOFUT;04/12/2020;13:00:00;7299,28;7302,11;7283,76;7290,11;5979766316,00;81972
WDOFUT;04/12/2020;12:45:00;7291,52;7308,46;7291,52;7298,58;5662682013,00;77567
WDOFUT;04/12/2020;12:30:00;7311,98;7313,39;7289,40;7291,52;5692792985,00;78009
WDOFUT;04/12/2020;12:15:00;7308,46;7316,22;7300,69;7312,69;5967668698,00;81657
WDOFUT;04/12/2020;12:00:00;7291,52;7316,22;7285,88;7308,46;1,060892193E10;145262
WDOFUT;04/12/2020;11:45:00;7275,29;7293,64;7270,35;7290,82;6613080163,00;90784
WDOFUT;04/12/2020;11:30:00;7294,34;7294,34;7271,06;7276,00;6806655804,00;93482
WDOFUT;04/12/2020;11:15:00;7276,70;7295,05;7270,35;7294,34;7695744329,00;105709
WDOFUT;04/12/2020;11:00:00;7299,99;7304,22;7276,00;7276,70;9144965315,00;125431
WDOFUT;04/12/2020;10:45:00;7266,83;7309,16;7266,12;7299,99;1,170201746E10;160416
WDOFUT;04/12/2020;10:30:00;7268,94;7281,64;7256,24;7266,83;1,225072231E10;168594
WDOFUT;04/12/2020;10:15:00;7284,47;7302,11;7267,53;7269,65;9669192380,00;132677
WDOFUT;04/12/2020;10:00:00;7282,35;7294,34;7278,12;7284,47;1,033547176E10;141843
WDOFUT;04/12/2020;09:45:00;7252,01;7286,58;7246,36;7282,35;1,211179071E10;166630
WDOFUT;04/12/2020;09:30:00;7254,83;7261,18;7246,36;7251,30;8734164023,00;120397
WDOFUT;04/12/2020;09:15:00;7235,07;7255,54;7231,55;7254,83;9680281964,00;133660
WDOFUT;04/12/2020;09:00:00;7266,12;7266,12;7235,07;7235,78;1,172371331E10;161701
WDOFUT;03/12/2020;18:15:00;7266,83;7283,76;7266,83;7272,47;1227216157,00;16869
WDOFUT;03/12/2020;18:00:00;7278,12;7290,11;7266,12;7266,83;2253920011,00;30965
WDOFUT;03/12/2020;17:45:00;7280,94;7297,87;7267,53;7278,12;6423768700,00;88211
WDOFUT;03/12/2020;17:30:00;7241,43;7311,98;7240,72;7280,23;1,031594779E10;141752
WDOFUT;03/12/2020;17:15:00;7241,43;7244,95;7237,19;7242,13;2813669333,00;38857
WDOFUT;03/12/2020;17:00:00;7251,30;7254,83;7239,31;7241,43;3596842309,00;49634
WDOFUT;03/12/2020;16:45:00;7259,77;7259,77;7245,66;7250,60;4132392986,00;56976
WDOFUT;03/12/2020;16:30:00;7249,89;7265,42;7249,89;7259,06;4404931187,00;60679
WDOFUT;03/12/2020;16:15:00;7252,01;7256,95;7247,78;7250,60;2975377553,00;41030
WDOFUT;03/12/2020;16:00:00;7254,83;7257,65;7249,89;7252,01;2938557809,00;40510
WDOFUT;03/12/2020;15:45:00;7253,42;7259,06;7243,54;7255,54;5713917209,00;78792
WDOFUT;03/12/2020;15:30:00;7251,30;7256,95;7246,36;7252,71;4433480338,00;61134
WDOFUT;03/12/2020;15:15:00;7242,13;7251,30;7236,49;7251,30;5266740657,00;72719
WDOFUT;03/12/2020;15:00:00;7250,60;7254,83;7241,43;7242,13;5682028507,00;78403
WDOFUT;03/12/2020;14:45:00;7248,48;7262,59;7247,78;7250,60;5667959327,00;78100
WDOFUT;03/12/2020;14:30:00;7253,42;7254,13;7245,66;7249,19;2626786925,00;36231
WDOFUT;03/12/2020;14:15:00;7250,60;7259,06;7246,36;7252,71;5389187779,00;74311
WDOFUT;03/12/2020;14:00:00;7232,25;7254,13;7232,25;7251,30;5821793128,00;80355
WDOFUT;03/12/2020;13:45:00;7240,01;7244,25;7230,84;7232,25;4674645076,00;64583
WDOFUT;03/12/2020;13:30:00;7230,14;7240,72;7228,02;7240,01;4207548438,00;58174
WDOFUT;03/12/2020;13:15:00;7236,49;7242,84;7228,02;7230,14;5629089322,00;77816
WDOFUT;03/12/2020;13:00:00;7235,78;7248,48;7233,66;7235,78;7012723303,00;96841
WDOFUT;03/12/2020;12:45:00;7249,19;7261,18;7235,07;7235,78;8393360239,00;115771
WDOFUT;03/12/2020;12:30:00;7251,30;7254,13;7238,60;7249,19;6253500533,00;86295
WDOFUT;03/12/2020;12:15:00;7244,25;7253,42;7235,78;7251,30;9863118656,00;136171
WDOFUT;03/12/2020;12:00:00;7261,18;7261,89;7242,13;7244,95;1,10837944E10;152873
WDOFUT;03/12/2020;11:45:00;7281,64;7283,76;7259,06;7261,89;1,072054493E10;147438
WDOFUT;03/12/2020;11:30:00;7285,88;7302,11;7281,64;7282,35;8896410817,00;122041
WDOFUT;03/12/2020;11:15:00;7297,87;7299,99;7284,47;7286,58;8541071609,00;117107
WDOFUT;03/12/2020;11:00:00;7303,52;7313,39;7295,05;7298,58;6846958749,00;93744
WDOFUT;03/12/2020;10:45:00;7302,11;7321,16;7298,58;7303,52;8642045122,00;118221
WDOFUT;03/12/2020;10:30:00;7307,04;7311,98;7292,23;7302,11;1,018438803E10;139456
WDOFUT;03/12/2020;10:15:00;7321,16;7326,10;7301,40;7307,04;1,679224101E10;229543
WDOFUT;03/12/2020;10:00:00;7350,79;7357,14;7321,16;7321,86;1,292163029E10;176062
WDOFUT;03/12/2020;09:45:00;7355,73;7364,90;7343,03;7350,79;1,024825711E10;139375
WDOFUT;03/12/2020;09:30:00;7369,14;7374,78;7352,20;7356,44;9450931551,00;128359
WDOFUT;03/12/2020;09:15:00;7361,37;7371,25;7345,15;7369,14;1,306551321E10;177573
WDOFUT;03/12/2020;09:00:00;7369,14;7382,54;7350,79;7361,37;1,340425732E10;181927
WDOFUT;02/12/2020;18:15:00;7379,72;7381,13;7364,90;7366,31;1519617114,00;20605
WDOFUT;02/12/2020;18:00:00;7383,25;7385,36;7374,08;7379,01;1528294046,00;20711
WDOFUT;02/12/2020;17:45:00;7379,01;7387,48;7374,78;7383,25;2544433061,00;34476
WDOFUT;02/12/2020;17:30:00;7390,30;7390,30;7376,90;7378,31;2805619680,00;37998
WDOFUT;02/12/2020;17:15:00;7389,60;7393,83;7387,48;7390,30;1724583702,00;23335
WDOFUT;02/12/2020;17:00:00;7396,65;7399,48;7383,95;7388,89;3951126879,00;53464
WDOFUT;02/12/2020;16:45:00;7402,30;7404,42;7394,54;7397,36;2771120213,00;37455
WDOFUT;02/12/2020;16:30:00;7403,71;7404,42;7396,65;7402,30;2757039744,00;37252
WDOFUT;02/12/2020;16:15:00;7407,94;7415,70;7400,18;7403,71;6192914719,00;83618
WDOFUT;02/12/2020;16:00:00;7410,06;7410,06;7402,30;7407,24;3617122964,00;48833
WDOFUT;02/12/2020;15:45:00;7406,53;7411,47;7398,07;7410,06;5389369376,00;72779
WDOFUT;02/12/2020;15:30:00;7393,13;7411,47;7391,71;7407,24;8579498260,00;115853
WDOFUT;02/12/2020;15:15:00;7388,19;7395,24;7387,48;7393,83;3092272591,00;41834
WDOFUT;02/12/2020;15:00:00;7388,19;7393,83;7386,78;7388,19;2179350337,00;29492
WDOFUT;02/12/2020;14:45:00;7391,01;7393,83;7378,31;7388,19;3971398022,00;53773
WDOFUT;02/12/2020;14:30:00;7387,48;7393,83;7384,66;7391,01;2402320887,00;32508
WDOFUT;02/12/2020;14:15:00;7392,42;7395,95;7379,72;7388,19;4508553200,00;61029
WDOFUT;02/12/2020;14:00:00;7392,42;7399,48;7388,89;7393,13;3755877920,00;50796
WDOFUT;02/12/2020;13:45:00;7379,72;7394,54;7375,49;7392,42;4019189537,00;54409
WDOFUT;02/12/2020;13:30:00;7380,43;7383,95;7370,55;7379,72;4826844062,00;65424
WDOFUT;02/12/2020;13:15:00;7387,48;7391,71;7378,31;7380,43;3216036703,00;43543
WDOFUT;02/12/2020;13:00:00;7375,49;7393,13;7373,37;7387,48;5644508131,00;76469
WDOFUT;02/12/2020;12:45:00;7374,78;7397,36;7369,84;7376,19;8614546059,00;116702
WDOFUT;02/12/2020;12:30:00;7384,66;7388,89;7373,37;7375,49;6146460924,00;83316
WDOFUT;02/12/2020;12:15:00;7381,13;7389,60;7374,08;7383,95;4003569395,00;54228
WDOFUT;02/12/2020;12:00:00;7386,07;7388,19;7373,37;7381,13;6740222132,00;91330
WDOFUT;02/12/2020;11:45:00;7383,95;7399,48;7374,78;7385,36;8328908295,00;112760
WDOFUT;02/12/2020;11:30:00;7398,07;7405,12;7380,43;7383,25;9658086618,00;130644
WDOFUT;02/12/2020;11:15:00;7374,08;7403,00;7373,37;7398,07;9120816104,00;123464
WDOFUT;02/12/2020;11:00:00;7374,78;7379,72;7366,31;7374,78;7874162171,00;106784
WDOFUT;02/12/2020;10:45:00;7372,66;7396,65;7370,55;7374,78;1,160964021E10;157278
WDOFUT;02/12/2020;10:30:00;7356,44;7375,49;7354,32;7372,66;9190156895,00;124745
WDOFUT;02/12/2020;10:15:00;7364,90;7367,72;7347,26;7357,14;1,36131232E10;185044
WDOFUT;02/12/2020;10:00:00;7393,13;7393,83;7359,26;7364,20;1,513459667E10;205304
WDOFUT;02/12/2020;09:45:00;7407,94;7412,88;7386,78;7393,13;1,268389264E10;171490
WDOFUT;02/12/2020;09:30:00;7397,36;7410,77;7393,83;7407,94;9167829810,00;123856
WDOFUT;02/12/2020;09:15:00;7400,89;7416,41;7390,30;7397,36;1,353685031E10;182852
WDOFUT;02/12/2020;09:00:00;7374,78;7403,00;7363,49;7400,89;1,214206008E10;164464
WDOFUT;01/12/2020;18:15:00;7358,55;7361,37;7343,03;7350,09;2484645949,00;33794
WDOFUT;01/12/2020;18:00:00;7365,61;7366,31;7353,61;7358,55;2338775790,00;31781
WDOFUT;01/12/2020;17:45:00;7374,78;7374,78;7357,85;7365,61;4634431593,00;62928
WDOFUT;01/12/2020;17:30:00;7374,78;7380,43;7373,37;7374,78;2158248543,00;29255
WDOFUT;01/12/2020;17:15:00;7379,72;7383,25;7373,37;7374,08;2375231571,00;32184
WDOFUT;01/12/2020;17:00:00;7379,72;7387,48;7371,25;7379,72;5226946412,00;70821
WDOFUT;01/12/2020;16:45:00;7381,13;7387,48;7379,01;7379,01;2565619299,00;34755
WDOFUT;01/12/2020;16:30:00;7388,19;7392,42;7377,60;7381,13;5003962928,00;67770
WDOFUT;01/12/2020;16:15:00;7386,07;7393,13;7379,72;7388,19;4885860167,00;66139
WDOFUT;01/12/2020;16:00:00;7375,49;7387,48;7371,25;7386,07;6371562625,00;86360
WDOFUT;01/12/2020;15:45:00;7388,19;7395,24;7363,49;7375,49;8895743453,00;120542
WDOFUT;01/12/2020;15:30:00;7424,88;7426,99;7376,90;7388,89;1,043012153E10;140948
WDOFUT;01/12/2020;15:15:00;7423,47;7427,70;7414,29;7424,88;3909028748,00;52673
WDOFUT;01/12/2020;15:00:00;7417,82;7429,82;7417,82;7422,76;4641033863,00;62517
WDOFUT;01/12/2020;14:45:00;7413,59;7419,94;7404,42;7418,53;4112425718,00;55478
WDOFUT;01/12/2020;14:30:00;7419,94;7424,88;7412,18;7412,88;4960487509,00;66868
WDOFUT;01/12/2020;14:15:00;7414,29;7421,35;7408,65;7420,64;3696452018,00;49843
WDOFUT;01/12/2020;14:00:00;7428,41;7429,82;7404,42;7414,29;6207081368,00;83744
WDOFUT;01/12/2020;13:45:00;7422,76;7434,05;7416,41;7427,70;3997461663,00;53836
WDOFUT;01/12/2020;13:30:00;7419,94;7426,99;7412,18;7422,76;3804686988,00;51272
WDOFUT;01/12/2020;13:15:00;7413,59;7429,82;7400,18;7420,64;7955452231,00;107306
WDOFUT;01/12/2020;13:00:00;7411,47;7437,58;7410,06;7414,29;8752561081,00;117917
WDOFUT;01/12/2020;12:45:00;7417,12;7427,70;7410,77;7411,47;5121136215,00;69023
WDOFUT;01/12/2020;12:30:00;7416,41;7425,58;7409,35;7417,12;5840122809,00;78734
WDOFUT;01/12/2020;12:15:00;7424,88;7427,70;7409,35;7416,41;8432275254,00;113678
WDOFUT;01/12/2020;12:00:00;7434,76;7438,28;7415,70;7424,88;7648185813,00;102982
WDOFUT;01/12/2020;11:45:00;7441,11;7441,11;7424,17;7434,05;7673917313,00;103256
WDOFUT;01/12/2020;11:30:00;7460,16;7464,39;7433,34;7440,40;1,162619296E10;156110
WDOFUT;01/12/2020;11:15:00;7448,16;7460,86;7432,64;7460,16;1,003902815E10;134827
WDOFUT;01/12/2020;11:00:00;7455,92;7469,33;7437,58;7447,46;1,451195656E10;194779
WDOFUT;01/12/2020;10:45:00;7488,38;7489,79;7448,87;7456,63;1,539690535E10;206065
WDOFUT;01/12/2020;10:30:00;7486,26;7504,61;7485,56;7487,67;8832702610,00;117844
WDOFUT;01/12/2020;10:15:00;7498,26;7505,31;7482,03;7486,26;9907326812,00;132201
WDOFUT;01/12/2020;10:00:00;7480,62;7498,96;7470,03;7498,96;1,128401715E10;150776
WDOFUT;01/12/2020;09:45:00;7482,74;7503,90;7474,27;7480,62;1,295999638E10;173025
WDOFUT;01/12/2020;09:30:00;7507,43;7522,25;7479,91;7482,03;1,5807705E10;210736
WDOFUT;01/12/2020;09:15:00;7512,37;7517,31;7495,44;7508,14;9840109862,00;131096
WDOFUT;01/12/2020;09:00:00;7503,20;7514,49;7486,97;7512,37;1,187924891E10;158392
WDOFUT;30/11/2020;18:15:00;7552,59;7556,82;7527,19;7528,60;3335881598,00;44215
WDOFUT;30/11/2020;18:00:00;7567,41;7570,23;7549,77;7552,59;2004686457,00;26516
WDOFUT;30/11/2020;17:45:00;7561,76;7567,41;7553,29;7567,41;3059609389,00;40461
WDOFUT;30/11/2020;17:30:00;7551,88;7563,17;7535,65;7561,76;3465989348,00;45911
WDOFUT;30/11/2020;17:15:00;7559,64;7563,88;7551,88;7551,88;2749797867,00;36380
WDOFUT;30/11/2020;17:00:00;7546,24;7563,88;7544,83;7559,64;2824666512,00;37382
WDOFUT;30/11/2020;16:45:00;7557,53;7561,76;7544,12;7545,53;3089537833,00;40899
WDOFUT;30/11/2020;16:30:00;7553,29;7563,88;7552,59;7557,53;2195644623,00;29047
WDOFUT;30/11/2020;16:15:00;7559,64;7562,47;7552,59;7553,29;2913260674,00;38546
WDOFUT;30/11/2020;16:00:00;7562,47;7572,34;7559,64;7559,64;3256229351,00;43034
WDOFUT;30/11/2020;15:45:00;7558,23;7570,23;7553,29;7562,47;4173464504,00;55191
WDOFUT;30/11/2020;15:30:00;7570,23;7570,93;7554,71;7558,23;4940511548,00;65332
WDOFUT;30/11/2020;15:15:00;7580,81;7582,22;7565,99;7570,23;3701791120,00;48875
WDOFUT;30/11/2020;15:00:00;7589,98;7595,63;7572,34;7580,81;4015749496,00;52972
WDOFUT;30/11/2020;14:45:00;7587,87;7593,51;7582,93;7589,98;2963435947,00;39049
WDOFUT;30/11/2020;14:30:00;7599,16;7601,98;7580,11;7588,57;5344484189,00;70419
WDOFUT;30/11/2020;14:15:00;7601,27;7610,45;7593,51;7599,16;4461157731,00;58680
WDOFUT;30/11/2020;14:00:00;7592,81;7606,21;7589,28;7601,98;4121089879,00;54234
WDOFUT;30/11/2020;13:45:00;7577,28;7595,63;7576,58;7592,81;4281206347,00;56444
WDOFUT;30/11/2020;13:30:00;7597,04;7597,75;7568,11;7576,58;5783830209,00;76277
WDOFUT;30/11/2020;13:15:00;7594,92;7605,51;7587,87;7597,04;4873322200,00;64158
WDOFUT;30/11/2020;13:00:00;7601,27;7617,50;7592,81;7595,63;1,090194671E10;143384
WDOFUT;30/11/2020;12:45:00;7570,93;7606,92;7543,42;7601,27;1,699966589E10;224369
WDOFUT;30/11/2020;12:30:00;7530,01;7573,76;7520,84;7571,64;9283855285,00;123041
WDOFUT;30/11/2020;12:15:00;7504,61;7538,48;7503,90;7529,30;1,029710208E10;136875
WDOFUT;30/11/2020;12:00:00;7491,91;7510,96;7488,38;7504,61;9250467764,00;123338
WDOFUT;30/11/2020;11:45:00;7498,26;7500,38;7479,21;7491,20;6399883738,00;85433
WDOFUT;30/11/2020;11:30:00;7499,67;7503,20;7483,44;7498,26;6699436158,00;89396
WDOFUT;30/11/2020;11:15:00;7485,56;7501,79;7482,74;7500,38;5242692112,00;69981
WDOFUT;30/11/2020;11:00:00;7502,49;7506,02;7471,45;7486,26;1,133731856E10;151528
WDOFUT;30/11/2020;10:45:00;7500,38;7506,73;7491,20;7503,20;5981746458,00;79777
WDOFUT;30/11/2020;10:30:00;7470,74;7510,25;7470,03;7501,08;8990378825,00;119960
WDOFUT;30/11/2020;10:15:00;7483,44;7491,20;7465,10;7471,45;7875405978,00;105317
WDOFUT;30/11/2020;10:00:00;7539,89;7543,42;7479,21;7482,74;1,166863107E10;155287
WDOFUT;30/11/2020;09:45:00;7509,55;7543,42;7503,20;7539,89;1,090673998E10;145009
WDOFUT;30/11/2020;09:30:00;7476,39;7509,55;7472,15;7508,84;7713315358,00;102991
WDOFUT;30/11/2020;09:15:00;7489,09;7496,14;7474,27;7476,39;6886247131,00;91988
WDOFUT;30/11/2020;09:00:00;7480,62;7489,09;7444,63;7489,09;1,035970594E10;138789
WDOFUT;27/11/2020;18:15:00;7538,48;7547,64;7532,13;7541,30;916218765,90;12156
WDOFUT;27/11/2020;18:00:00;7525,79;7544,12;7515,21;7537,77;2289250831,00;30411
WDOFUT;27/11/2020;17:45:00;7520,85;7527,20;7515,92;7525,08;1226502179,00;16308
WDOFUT;27/11/2020;17:30:00;7515,92;7522,97;7513,80;7521,56;1221380850,00;16245
WDOFUT;27/11/2020;17:15:00;7515,21;7523,67;7509,57;7515,21;2316955573,00;30827
WDOFUT;27/11/2020;17:00:00;7509,57;7515,92;7507,46;7514,51;1648525745,00;21943
WDOFUT;27/11/2020;16:45:00;7508,16;7512,39;7505,34;7509,57;1767267629,00;23534
WDOFUT;27/11/2020;16:30:00;7511,69;7514,51;7503,93;7508,16;2497953652,00;33269
WDOFUT;27/11/2020;16:15:00;7510,28;7513,10;7508,16;7511,69;1712801866,00;22805
WDOFUT;27/11/2020;16:00:00;7512,39;7518,03;7509,57;7509,57;2621836600,00;34894
WDOFUT;27/11/2020;15:45:00;7532,13;7534,95;7505,34;7512,39;5215614082,00;69372
WDOFUT;27/11/2020;15:30:00;7534,95;7539,18;7525,08;7532,84;2473319938,00;32837
WDOFUT;27/11/2020;15:15:00;7542,71;7545,53;7531,43;7535,66;2946325026,00;39082
WDOFUT;27/11/2020;15:00:00;7542,71;7551,17;7537,07;7543,41;4474875584,00;59318
WDOFUT;27/11/2020;14:45:00;7553,29;7558,22;7541,30;7543,41;4261030946,00;56440
WDOFUT;27/11/2020;14:30:00;7543,41;7554,70;7540,59;7552,58;4387434920,00;58120
WDOFUT;27/11/2020;14:15:00;7530,72;7547,64;7526,49;7543,41;5898274813,00;78248
WDOFUT;27/11/2020;14:00:00;7542,00;7545,53;7530,02;7530,02;3738697993,00;49608
WDOFUT;27/11/2020;13:45:00;7537,07;7553,29;7535,66;7542,00;5967199783,00;79077
WDOFUT;27/11/2020;13:30:00;7530,02;7540,59;7528,61;7536,36;3569356185,00;47365
WDOFUT;27/11/2020;13:15:00;7528,61;7532,84;7527,20;7529,31;3222320981,00;42790
WDOFUT;27/11/2020;13:00:00;7512,39;7530,02;7510,28;7529,31;5799471140,00;77125
WDOFUT;27/11/2020;12:45:00;7526,49;7526,49;7501,82;7512,39;8362306601,00;111336
WDOFUT;27/11/2020;12:30:00;7528,61;7537,77;7524,38;7525,79;4877246769,00;64772
WDOFUT;27/11/2020;12:15:00;7534,25;7539,18;7527,90;7529,31;4261748131,00;56569
WDOFUT;27/11/2020;12:00:00;7537,07;7544,82;7530,02;7534,95;5284585170,00;70105
WDOFUT;27/11/2020;11:45:00;7539,18;7542,71;7532,13;7537,07;4321515414,00;57333
WDOFUT;27/11/2020;11:30:00;7561,04;7561,75;7534,25;7539,18;8969270971,00;118876
WDOFUT;27/11/2020;11:15:00;7563,16;7572,32;7556,11;7561,75;5464294819,00;72236
WDOFUT;27/11/2020;11:00:00;7577,96;7578,67;7562,45;7563,16;5142598226,00;67942
WDOFUT;27/11/2020;10:45:00;7580,78;7586,42;7569,50;7577,26;6032975584,00;79613
WDOFUT;27/11/2020;10:30:00;7565,27;7584,31;7565,27;7580,78;8239140654,00;108754
WDOFUT;27/11/2020;10:15:00;7570,91;7576,55;7560,34;7565,98;7270467683,00;96078
WDOFUT;27/11/2020;10:00:00;7542,71;7572,32;7542,71;7571,62;1,258068678E10;166425
WDOFUT;27/11/2020;09:45:00;7525,08;7544,12;7520,85;7543,41;6855271729,00;90992
WDOFUT;27/11/2020;09:30:00;7530,72;7538,48;7520,15;7525,79;8432734218,00;112013
WDOFUT;27/11/2020;09:15:00;7513,10;7542,00;7510,28;7530,72;9456394836,00;125581
WDOFUT;27/11/2020;09:00:00;7517,33;7522,97;7506,75;7513,10;7567504674,00;100713
WDOFUT;26/11/2020;18:15:00;7524,38;7529,31;7522,97;7525,79;1310371062,00;17410
WDOFUT;26/11/2020;18:00:00;7520,15;7528,61;7516,62;7524,38;1149382434,00;15276
WDOFUT;26/11/2020;17:45:00;7520,85;7524,38;7514,51;7519,44;1435962993,00;19097
WDOFUT;26/11/2020;17:30:00;7519,44;7523,67;7518,74;7521,56;732377484,60;9737
WDOFUT;26/11/2020;17:15:00;7520,15;7522,26;7515,21;7519,44;1179721617,00;15690
WDOFUT;26/11/2020;17:00:00;7522,97;7523,67;7515,21;7520,15;1427933625,00;18991
WDOFUT;26/11/2020;16:45:00;7520,15;7524,38;7517,33;7523,67;1633366049,00;21717
WDOFUT;26/11/2020;16:30:00;7515,92;7530,72;7515,21;7520,15;4110825325,00;54639
WDOFUT;26/11/2020;16:15:00;7510,28;7518,74;7508,16;7515,21;2984186831,00;39724
WDOFUT;26/11/2020;16:00:00;7499,70;7510,98;7499,00;7510,98;3136137068,00;41786
WDOFUT;26/11/2020;15:45:00;7498,29;7501,11;7486,30;7499,00;3134501391,00;41819
WDOFUT;26/11/2020;15:30:00;7494,06;7501,82;7492,65;7498,29;3027818160,00;40384
WDOFUT;26/11/2020;15:15:00;7489,12;7494,77;7482,07;7494,06;3417728370,00;45634
WDOFUT;26/11/2020;15:00:00;7477,14;7490,53;7470,79;7488,42;3842277037,00;51372
WDOFUT;26/11/2020;14:45:00;7482,78;7483,48;7475,02;7477,14;2890693485,00;38649
WDOFUT;26/11/2020;14:30:00;7471,50;7485,60;7467,97;7482,78;4899637087,00;65522
WDOFUT;26/11/2020;14:15:00;7490,53;7492,65;7467,97;7472,20;6261170808,00;83715
WDOFUT;26/11/2020;14:00:00;7489,83;7494,77;7487,01;7490,53;2753358406,00;36755
WDOFUT;26/11/2020;13:45:00;7484,89;7496,88;7481,37;7489,83;4625986415,00;61759
WDOFUT;26/11/2020;13:30:00;7492,65;7493,36;7483,48;7484,89;2874696786,00;38396
WDOFUT;26/11/2020;13:15:00;7489,12;7493,36;7487,71;7492,65;1202831222,00;16056
WDOFUT;26/11/2020;13:00:00;7496,88;7498,29;7482,78;7489,12;5963860241,00;79627
WDOFUT;26/11/2020;12:45:00;7505,34;7506,05;7494,06;7496,18;3380246027,00;45070
WDOFUT;26/11/2020;12:30:00;7498,29;7511,69;7496,18;7504,64;4134477443,00;55090
WDOFUT;26/11/2020;12:15:00;7495,47;7500,41;7494,77;7499,00;2408583900,00;32125
WDOFUT;26/11/2020;12:00:00;7505,34;7506,05;7491,24;7495,47;5306744484,00;70787
WDOFUT;26/11/2020;11:45:00;7503,23;7508,87;7499,70;7504,64;2982557837,00;39743
WDOFUT;26/11/2020;11:30:00;7506,05;7510,28;7490,53;7503,23;8843655075,00;117926
WDOFUT;26/11/2020;11:15:00;7515,92;7515,92;7503,23;7506,05;4497840264,00;59895
WDOFUT;26/11/2020;11:00:00;7521,56;7522,26;7506,05;7515,21;8286370168,00;110286
WDOFUT;26/11/2020;10:45:00;7532,84;7534,25;7518,03;7521,56;4542769689,00;60365
WDOFUT;26/11/2020;10:30:00;7527,20;7534,25;7520,85;7532,84;6855578577,00;91060
WDOFUT;26/11/2020;10:15:00;7522,97;7527,20;7515,92;7527,20;5364215944,00;71316
WDOFUT;26/11/2020;10:00:00;7544,82;7545,53;7518,74;7522,97;1,110373629E10;147499
WDOFUT;26/11/2020;09:45:00;7546,23;7556,11;7541,30;7544,82;8003769858,00;106021
WDOFUT;26/11/2020;09:30:00;7537,07;7547,64;7532,84;7546,23;3817785858,00;50637
WDOFUT;26/11/2020;09:15:00;7544,82;7548,35;7536,36;7537,07;4124133553,00;54684
WDOFUT;26/11/2020;09:00:00;7537,77;7553,29;7530,72;7544,82;8101360966,00;107423
WDOFUT;25/11/2020;18:15:00;7506,75;7519,44;7503,23;7504,64;1299481916,00;17304
WDOFUT;25/11/2020;18:00:00;7498,29;7507,46;7493,36;7506,05;1647682827,00;21971
WDOFUT;25/11/2020;17:45:00;7501,82;7506,05;7494,77;7498,29;2158482824,00;28776
WDOFUT;25/11/2020;17:30:00;7496,18;7503,93;7496,18;7501,82;1990962476,00;26546
WDOFUT;25/11/2020;17:15:00;7497,59;7500,41;7490,53;7496,18;2976420308,00;39710
WDOFUT;25/11/2020;17:00:00;7501,82;7503,93;7495,47;7498,29;1862639334,00;24838
WDOFUT;25/11/2020;16:45:00;7506,05;7513,80;7498,29;7501,11;3973783275,00;52946
WDOFUT;25/11/2020;16:30:00;7501,82;7506,75;7499,70;7506,75;2495159959,00;33253
WDOFUT;25/11/2020;16:15:00;7502,52;7504,64;7492,65;7501,82;3278646038,00;43718
WDOFUT;25/11/2020;16:00:00;7507,46;7508,87;7494,77;7501,82;4515076194,00;60186
WDOFUT;25/11/2020;15:45:00;7502,52;7507,46;7494,77;7507,46;3735783248,00;49802
WDOFUT;25/11/2020;15:30:00;7491,94;7510,28;7491,24;7502,52;6656363960,00;88726
WDOFUT;25/11/2020;15:15:00;7489,83;7493,36;7480,66;7491,24;5256124367,00;70204
WDOFUT;25/11/2020;15:00:00;7501,11;7501,82;7487,71;7489,12;5988117644,00;79916
WDOFUT;25/11/2020;14:45:00;7511,69;7515,92;7499,00;7501,11;4866180970,00;64819
WDOFUT;25/11/2020;14:30:00;7509,57;7514,51;7505,34;7511,69;2731686845,00;36379
WDOFUT;25/11/2020;14:15:00;7509,57;7515,21;7505,34;7509,57;3227517659,00;42979
WDOFUT;25/11/2020;14:00:00;7510,28;7517,33;7504,64;7508,87;3238718265,00;43121
WDOFUT;25/11/2020;13:45:00;7521,56;7527,20;7498,29;7509,57;7076102546,00;94224
WDOFUT;25/11/2020;13:30:00;7522,97;7536,36;7512,39;7520,85;5942260307,00;78985
WDOFUT;25/11/2020;13:15:00;7534,95;7536,36;7522,26;7522,97;4752083661,00;63118
WDOFUT;25/11/2020;13:00:00;7532,84;7544,12;7530,72;7534,25;8214244976,00;108978
WDOFUT;25/11/2020;12:45:00;7516,62;7535,66;7515,21;7533,54;8697566985,00;115570
WDOFUT;25/11/2020;12:30:00;7508,16;7518,03;7507,46;7515,92;4985490187,00;66364
WDOFUT;25/11/2020;12:15:00;7506,05;7513,80;7500,41;7508,16;5449243258,00;72580
WDOFUT;25/11/2020;12:00:00;7504,64;7525,79;7502,52;7506,05;1,078469218E10;143519
WDOFUT;25/11/2020;11:45:00;7507,46;7513,10;7493,36;7504,64;1,329190925E10;177132
WDOFUT;25/11/2020;11:30:00;7536,36;7537,07;7506,75;7508,16;1,200126875E10;159515
WDOFUT;25/11/2020;11:15:00;7553,29;7556,11;7532,84;7536,36;1,020794394E10;135354
WDOFUT;25/11/2020;11:00:00;7552,58;7561,75;7544,82;7553,99;7981214359,00;105670
WDOFUT;25/11/2020;10:45:00;7563,16;7568,09;7551,17;7552,58;6228169813,00;82373
WDOFUT;25/11/2020;10:30:00;7553,29;7566,68;7549,76;7562,45;7397373891,00;97865
WDOFUT;25/11/2020;10:15:00;7549,05;7556,11;7539,89;7553,29;8313016322,00;110131
WDOFUT;25/11/2020;10:00:00;7570,91;7573,73;7543,41;7549,05;1,02510223E10;135613
WDOFUT;25/11/2020;09:45:00;7564,57;7571,62;7559,63;7570,21;6202834869,00;81987
WDOFUT;25/11/2020;09:30:00;7565,27;7572,32;7553,99;7563,86;9432015718,00;124713
WDOFUT;25/11/2020;09:15:00;7568,09;7568,80;7548,35;7565,27;1,13825818E10;150595
WDOFUT;25/11/2020;09:00:00;7603,34;7612,51;7563,16;7568,09;1,498986254E10;197626
WDOFUT;24/11/2020;18:15:00;7578,67;7582,19;7573,73;7578,67;1522133975,00;20086
WDOFUT;24/11/2020;18:00:00;7580,78;7584,31;7576,55;7578,67;1129857090,00;14907
WDOFUT;24/11/2020;17:45:00;7581,49;7582,90;7573,73;7580,08;2558530568,00;33762
WDOFUT;24/11/2020;17:30:00;7581,49;7585,72;7580,08;7581,49;1189431124,00;15686
WDOFUT;24/11/2020;17:15:00;7582,19;7589,24;7576,55;7580,78;3340725383,00;44057
WDOFUT;24/11/2020;17:00:00;7580,08;7587,13;7579,37;7582,19;2439547440,00;32169
WDOFUT;24/11/2020;16:45:00;7587,83;7594,88;7579,37;7580,08;3664550046,00;48294
WDOFUT;24/11/2020;16:30:00;7597,00;7599,11;7582,90;7587,83;4022938648,00;53000
WDOFUT;24/11/2020;16:15:00;7594,18;7599,11;7590,65;7597,00;3362624664,00;44278
WDOFUT;24/11/2020;16:00:00;7588,54;7594,88;7587,83;7593,47;2206551040,00;29062
WDOFUT;24/11/2020;15:45:00;7595,59;7597,00;7584,31;7589,24;4669496806,00;61516
WDOFUT;24/11/2020;15:30:00;7587,83;7595,59;7575,85;7594,88;8226304624,00;108454
WDOFUT;24/11/2020;15:15:00;7590,65;7594,88;7580,78;7588,54;5274720952,00;69513
WDOFUT;24/11/2020;15:00:00;7598,41;7599,11;7583,60;7590,65;5740861815,00;75615
WDOFUT;24/11/2020;14:45:00;7610,39;7613,92;7597,00;7598,41;3938896490,00;51792
WDOFUT;24/11/2020;14:30:00;7604,75;7620,97;7597,00;7609,69;6406120505,00;84190
WDOFUT;24/11/2020;14:15:00;7604,75;7610,39;7600,52;7604,75;3170302495,00;41684
WDOFUT;24/11/2020;14:00:00;7604,05;7608,98;7599,11;7605,46;3003724224,00;39500
WDOFUT;24/11/2020;13:45:00;7594,18;7605,46;7589,24;7604,05;4842657532,00;63751
WDOFUT;24/11/2020;13:30:00;7602,64;7604,05;7582,90;7593,47;5341084356,00;70333
WDOFUT;24/11/2020;13:15:00;7606,16;7608,28;7593,47;7602,64;4073916878,00;53602
WDOFUT;24/11/2020;13:00:00;7596,29;7612,51;7594,18;7606,87;7844150333,00;103183
WDOFUT;24/11/2020;12:45:00;7598,41;7601,93;7577,96;7597,00;8834573056,00;116380
WDOFUT;24/11/2020;12:30:00;7618,15;7618,15;7587,83;7598,41;8164768957,00;107423
WDOFUT;24/11/2020;12:15:00;7616,04;7624,50;7604,75;7618,15;7653208089,00;100513
WDOFUT;24/11/2020;12:00:00;7604,75;7621,68;7603,34;7616,04;6746041752,00;88605
WDOFUT;24/11/2020;11:45:00;7616,04;7623,79;7597,70;7604,75;9823929985,00;129083
WDOFUT;24/11/2020;11:30:00;7597,00;7617,45;7589,24;7615,33;9453861485,00;124293
WDOFUT;24/11/2020;11:15:00;7599,82;7604,05;7592,06;7597,00;4404063985,00;57958
WDOFUT;24/11/2020;11:00:00;7614,63;7618,86;7592,06;7599,82;1,014447573E10;133376
WDOFUT;24/11/2020;10:45:00;7594,88;7615,33;7593,47;7614,63;6379711744,00;83898
WDOFUT;24/11/2020;10:30:00;7598,41;7604,05;7585,72;7594,18;8853179773,00;116536
WDOFUT;24/11/2020;10:15:00;7599,82;7611,80;7591,36;7598,41;1,102358615E10;145031
WDOFUT;24/11/2020;10:00:00;7636,48;7642,83;7599,11;7600,52;1,585926277E10;208126
WDOFUT;24/11/2020;09:45:00;7642,12;7654,81;7622,38;7636,48;1,321652583E10;173000
WDOFUT;24/11/2020;09:30:00;7642,12;7655,52;7638,60;7642,12;1,070103808E10;139941
WDOFUT;24/11/2020;09:15:00;7635,07;7644,94;7628,02;7642,83;9860533015,00;129128
WDOFUT;24/11/2020;09:00:00;7641,42;7649,17;7626,61;7634,37;9994015742,00;130850
WDOFUT;23/11/2020;18:15:00;7675,97;7679,49;7664,68;7673,85;1662688729,00;21664
WDOFUT;23/11/2020;18:00:00;7663,98;7678,79;7663,27;7677,38;2016687732,00;26281
WDOFUT;23/11/2020;17:45:00;7661,16;7666,80;7648,47;7663,98;3284676835,00;42891
WDOFUT;23/11/2020;17:30:00;7661,16;7667,50;7659,04;7661,16;3278520129,00;42783
WDOFUT;23/11/2020;17:15:00;7665,39;7673,14;7656,22;7660,45;8234775591,00;107430
WDOFUT;23/11/2020;17:00:00;7664,68;7668,91;7659,04;7666,09;5291441999,00;69039
WDOFUT;23/11/2020;16:45:00;7681,61;7685,84;7664,68;7664,68;6963036652,00;90716
WDOFUT;23/11/2020;16:30:00;7673,85;7684,43;7668,21;7682,31;4565514765,00;59481
WDOFUT;23/11/2020;16:15:00;7675,26;7683,02;7671,73;7674,55;3835619993,00;49959
WDOFUT;23/11/2020;16:00:00;7682,31;7687,25;7673,85;7675,26;5502246541,00;71628
WDOFUT;23/11/2020;15:45:00;7679,49;7683,72;7668,21;7682,31;5581720192,00;72701
WDOFUT;23/11/2020;15:30:00;7667,50;7680,90;7666,80;7678,79;3732475759,00;48641
WDOFUT;23/11/2020;15:15:00;7664,68;7677,38;7664,68;7667,50;4440997793,00;57895
WDOFUT;23/11/2020;15:00:00;7656,93;7668,91;7654,11;7664,68;3070811123,00;40082
WDOFUT;23/11/2020;14:45:00;7659,04;7665,39;7652,70;7657,63;3295633167,00;43035
WDOFUT;23/11/2020;14:30:00;7656,22;7662,57;7651,99;7659,04;4285344296,00;55954
WDOFUT;23/11/2020;14:15:00;7666,80;7672,44;7654,11;7656,22;1,028869903E10;134286
WDOFUT;23/11/2020;14:00:00;7667,50;7678,79;7661,86;7667,50;1,131573373E10;147535
WDOFUT;23/11/2020;13:45:00;7680,90;7680,90;7661,86;7667,50;6149817570,00;80191
WDOFUT;23/11/2020;13:30:00;7670,32;7683,72;7668,21;7680,20;7089781021,00;92353
WDOFUT;23/11/2020;13:15:00;7673,14;7679,49;7663,98;7671,03;9029706367,00;117698
WDOFUT;23/11/2020;13:00:00;7647,06;7674,55;7644,24;7672,44;1,143273249E10;149249
WDOFUT;23/11/2020;12:45:00;7653,40;7655,52;7642,83;7646,35;9641394485,00;126045
WDOFUT;23/11/2020;12:30:00;7666,80;7668,21;7649,17;7652,70;7061567454,00;92220
WDOFUT;23/11/2020;12:15:00;7639,30;7668,91;7637,89;7666,09;1,525795424E10;199385
WDOFUT;23/11/2020;12:00:00;7604,75;7640,01;7604,05;7638,60;1,549459405E10;203289
WDOFUT;23/11/2020;11:45:00;7600,52;7608,98;7596,29;7604,75;8211438246,00;107994
WDOFUT;23/11/2020;11:30:00;7581,49;7606,87;7580,78;7599,82;1,494839536E10;196761
WDOFUT;23/11/2020;11:15:00;7569,50;7590,65;7565,98;7582,19;1,104225014E10;145660
WDOFUT;23/11/2020;11:00:00;7539,89;7577,96;7535,66;7568,80;1,264901332E10;167289
WDOFUT;23/11/2020;10:45:00;7547,64;7556,11;7530,02;7540,59;1,244129303E10;164925
WDOFUT;23/11/2020;10:30:00;7549,76;7563,16;7538,48;7546,23;1,095670547E10;145113
WDOFUT;23/11/2020;10:15:00;7560,34;7562,45;7548,35;7549,76;6924603637,00;91659
WDOFUT;23/11/2020;10:00:00;7570,91;7575,85;7557,52;7561,04;9272907564,00;122554
WDOFUT;23/11/2020;09:45:00;7562,45;7576,55;7562,45;7571,62;6289430627,00;83077
WDOFUT;23/11/2020;09:30:00;7552,58;7568,09;7542,71;7561,75;1,015099993E10;134351
WDOFUT;23/11/2020;09:15:00;7552,58;7557,52;7535,66;7552,58;1,402843751E10;185882
WDOFUT;23/11/2020;09:00:00;7552,58;7580,08;7544,12;7552,58;1,414550804E10;187033
WDOFUT;20/11/2020;18:15:00;7597,70;7604,75;7586,42;7588,54;1978401285,00;26046
WDOFUT;20/11/2020;18:00:00;7601,23;7611,10;7593,47;7597,00;2633880709,00;34647
WDOFUT;20/11/2020;17:45:00;7600,52;7610,39;7598,41;7601,23;2332403497,00;30675
WDOFUT;20/11/2020;17:30:00;7608,28;7608,98;7597,70;7600,52;2140117667,00;28150
WDOFUT;20/11/2020;17:15:00;7592,06;7609,69;7587,13;7608,98;4859202082,00;63953
WDOFUT;20/11/2020;17:00:00;7597,00;7599,11;7589,95;7592,06;2690704390,00;35432
WDOFUT;20/11/2020;16:45:00;7594,88;7599,11;7591,36;7597,00;2853989335,00;37575
WDOFUT;20/11/2020;16:30:00;7580,08;7595,59;7575,85;7595,59;3789530106,00;49950
WDOFUT;20/11/2020;16:15:00;7585,01;7587,13;7577,96;7580,08;2679228085,00;35332
WDOFUT;20/11/2020;16:00:00;7593,47;7594,18;7582,19;7585,01;3021687597,00;39823
WDOFUT;20/11/2020;15:45:00;7589,24;7597,00;7585,01;7593,47;4983763782,00;65647
WDOFUT;20/11/2020;15:30:00;7582,19;7594,18;7577,96;7589,24;4369537759,00;57600
WDOFUT;20/11/2020;15:15:00;7583,60;7589,24;7577,26;7581,49;3361446061,00;44333
WDOFUT;20/11/2020;15:00:00;7585,72;7589,95;7571,62;7584,31;4813871274,00;63493
WDOFUT;20/11/2020;14:45:00;7583,60;7597,70;7580,78;7585,01;6865389147,00;90466
WDOFUT;20/11/2020;14:30:00;7582,19;7588,54;7577,26;7583,60;4312963894,00;56875
WDOFUT;20/11/2020;14:15:00;7577,26;7585,72;7572,32;7582,19;4393927312,00;57970
WDOFUT;20/11/2020;14:00:00;7570,91;7577,96;7554,70;7576,55;8084157046,00;106831
WDOFUT;20/11/2020;13:45:00;7590,65;7593,47;7560,34;7570,91;9104008934,00;120139
WDOFUT;20/11/2020;13:30:00;7593,47;7604,75;7587,13;7590,65;5462456656,00;71908
WDOFUT;20/11/2020;13:15:00;7594,88;7599,11;7585,72;7593,47;4680300006,00;61654
WDOFUT;20/11/2020;13:00:00;7578,67;7602,64;7574,44;7594,88;8657062771,00;114047
WDOFUT;20/11/2020;12:45:00;7570,21;7581,49;7565,98;7578,67;4797559309,00;63333
WDOFUT;20/11/2020;12:30:00;7570,91;7575,14;7563,16;7570,21;5053913148,00;66776
WDOFUT;20/11/2020;12:15:00;7576,55;7582,19;7570,91;7571,62;6602419284,00;87134
WDOFUT;20/11/2020;12:00:00;7558,93;7577,96;7558,22;7577,26;7706619636,00;101855
WDOFUT;20/11/2020;11:45:00;7538,48;7561,75;7536,36;7558,93;8225810075,00;108930
WDOFUT;20/11/2020;11:30:00;7537,77;7553,29;7531,43;7539,18;8795868029,00;116610
WDOFUT;20/11/2020;11:15:00;7535,66;7543,41;7530,02;7537,07;5360774831,00;71126
WDOFUT;20/11/2020;11:00:00;7541,30;7542,00;7527,90;7534,95;5867896443,00;77878
WDOFUT;20/11/2020;10:45:00;7527,20;7544,82;7526,49;7541,30;7364495562,00;97699
WDOFUT;20/11/2020;10:30:00;7526,49;7527,90;7513,80;7526,49;6257452410,00;83197
WDOFUT;20/11/2020;10:15:00;7531,43;7537,77;7520,15;7526,49;7518556863,00;99868
WDOFUT;20/11/2020;10:00:00;7522,26;7533,54;7510,28;7532,13;1,019299809E10;135517
WDOFUT;20/11/2020;09:45:00;7513,10;7527,20;7509,57;7522,97;9521404979,00;126628
WDOFUT;20/11/2020;09:30:00;7494,77;7513,10;7477,84;7512,39;1,575240144E10;210155
WDOFUT;20/11/2020;09:15:00;7486,30;7499,70;7484,89;7494,06;9639205372,00;128640
WDOFUT;20/11/2020;09:00:00;7459,51;7486,30;7458,10;7486,30;8805516556,00;117799
WDOFUT;19/11/2020;18:15:00;7476,43;7491,94;7476,43;7484,89;1520307748,00;20315
WDOFUT;19/11/2020;18:00:00;7489,12;7489,12;7475,73;7476,43;1748494914,00;23368
WDOFUT;19/11/2020;17:45:00;7494,77;7499,00;7486,30;7488,42;2595613009,00;34644
WDOFUT;19/11/2020;17:30:00;7501,82;7502,52;7489,83;7495,47;2883841838,00;38475
WDOFUT;19/11/2020;17:15:00;7490,53;7506,75;7489,12;7501,82;3405184756,00;45408
WDOFUT;19/11/2020;17:00:00;7494,06;7500,41;7489,12;7489,83;3405361690,00;45432
WDOFUT;19/11/2020;16:45:00;7490,53;7497,59;7478,55;7494,06;4539205262,00;60620
WDOFUT;19/11/2020;16:30:00;7491,94;7500,41;7484,19;7490,53;4761568685,00;63549
WDOFUT;19/11/2020;16:15:00;7483,48;7496,18;7475,02;7491,94;5281888218,00;70555
WDOFUT;19/11/2020;16:00:00;7500,41;7503,93;7482,07;7483,48;4681019122,00;62486
WDOFUT;19/11/2020;15:45:00;7492,65;7501,82;7479,96;7500,41;6479338706,00;86500
WDOFUT;19/11/2020;15:30:00;7491,24;7495,47;7486,30;7492,65;3267725665,00;43623
WDOFUT;19/11/2020;15:15:00;7492,65;7493,36;7481,37;7491,24;7272128024,00;97125
WDOFUT;19/11/2020;15:00:00;7508,16;7510,28;7489,83;7491,94;5998968866,00;80018
WDOFUT;19/11/2020;14:45:00;7511,69;7519,44;7504,64;7507,46;5408758927,00;71998
WDOFUT;19/11/2020;14:30:00;7506,75;7517,33;7496,88;7511,69;5286269666,00;70415
WDOFUT;19/11/2020;14:15:00;7492,65;7510,28;7491,94;7506,05;3835022915,00;51125
WDOFUT;19/11/2020;14:00:00;7499,00;7500,41;7489,83;7492,65;3616178331,00;48247
WDOFUT;19/11/2020;13:45:00;7499,70;7506,75;7492,65;7498,29;4887067717,00;65162
WDOFUT;19/11/2020;13:30:00;7482,07;7507,46;7477,84;7500,41;7415807390,00;98946
WDOFUT;19/11/2020;13:15:00;7490,53;7491,94;7474,32;7482,07;5256905543,00;70262
WDOFUT;19/11/2020;13:00:00;7490,53;7499,00;7482,78;7489,83;5647908995,00;75379
WDOFUT;19/11/2020;12:45:00;7481,37;7495,47;7477,84;7490,53;5285203774,00;70585
WDOFUT;19/11/2020;12:30:00;7497,59;7502,52;7480,66;7481,37;7103953291,00;94843
WDOFUT;19/11/2020;12:15:00;7505,34;7505,34;7486,30;7498,29;7632690306,00;101833
WDOFUT;19/11/2020;12:00:00;7502,52;7508,87;7484,89;7505,34;1,250455359E10;166798
WDOFUT;19/11/2020;11:45:00;7520,15;7525,08;7502,52;7503,23;1,037778052E10;138112
WDOFUT;19/11/2020;11:30:00;7540,59;7547,64;7518,74;7520,15;1,082428411E10;143674
WDOFUT;19/11/2020;11:15:00;7529,31;7542,00;7525,08;7539,89;7143867076,00;94815
WDOFUT;19/11/2020;11:00:00;7530,72;7534,25;7514,51;7528,61;1,027028936E10;136503
WDOFUT;19/11/2020;10:45:00;7561,04;7565,27;7525,08;7530,02;1,309359444E10;173711
WDOFUT;19/11/2020;10:30:00;7563,16;7574,44;7556,11;7561,75;8392737885,00;110932
WDOFUT;19/11/2020;10:15:00;7554,70;7563,86;7549,76;7563,16;4842203834,00;64079
WDOFUT;19/11/2020;10:00:00;7570,91;7585,01;7552,58;7554,70;1,345122795E10;177672
WDOFUT;19/11/2020;09:45:00;7553,99;7572,32;7546,94;7570,91;7096524484,00;93885
WDOFUT;19/11/2020;09:30:00;7552,58;7560,34;7542,71;7553,99;8605919678,00;113964
WDOFUT;19/11/2020;09:15:00;7565,27;7569,50;7534,25;7553,29;1,451623392E10;192253
WDOFUT;19/11/2020;09:00:00;7590,65;7594,88;7548,35;7565,27;1,368085953E10;180879
WDOFUT;18/11/2020;18:15:00;7575,85;7578,67;7561,04;7565,27;1581332756,00;20883
WDOFUT;18/11/2020;18:00:00;7564,57;7579,37;7564,57;7575,85;2692190920,00;35550
WDOFUT;18/11/2020;17:45:00;7555,40;7569,50;7551,87;7565,27;4122805161,00;54528
WDOFUT;18/11/2020;17:30:00;7530,72;7558,93;7530,72;7556,11;6696346756,00;88693
WDOFUT;18/11/2020;17:15:00;7529,31;7533,54;7523,67;7530,72;2614356810,00;34721
WDOFUT;18/11/2020;17:00:00;7526,49;7538,48;7522,97;7529,31;3919144399,00;52040
WDOFUT;18/11/2020;16:45:00;7522,26;7542,00;7519,44;7526,49;6175517593,00;81998
WDOFUT;18/11/2020;16:30:00;7537,07;7540,59;7519,44;7521,56;6062568618,00;80512
WDOFUT;18/11/2020;16:15:00;7508,16;7544,12;7503,93;7537,07;9408363833,00;125034
WDOFUT;18/11/2020;16:00:00;7503,23;7508,16;7491,94;7508,16;4556024354,00;60746
WDOFUT;18/11/2020;15:45:00;7506,75;7509,57;7496,18;7502,52;3796930175,00;50609
WDOFUT;18/11/2020;15:30:00;7506,75;7512,39;7499,00;7506,75;6191996240,00;82501
WDOFUT;18/11/2020;15:15:00;7493,36;7507,46;7486,30;7506,75;4648371143,00;62014
WDOFUT;18/11/2020;15:00:00;7489,12;7494,06;7486,30;7494,06;3316381187,00;44279
WDOFUT;18/11/2020;14:45:00;7484,19;7499,00;7484,19;7489,12;4622417659,00;61709
WDOFUT;18/11/2020;14:30:00;7488,42;7496,88;7475,02;7484,89;6175746497,00;82493
WDOFUT;18/11/2020;14:15:00;7487,01;7496,88;7483,48;7489,12;3710896941,00;49549
WDOFUT;18/11/2020;14:00:00;7485,60;7492,65;7480,66;7487,71;3669869531,00;49012
WDOFUT;18/11/2020;13:45:00;7483,48;7493,36;7478,55;7485,60;6545395430,00;87438
WDOFUT;18/11/2020;13:30:00;7511,69;7513,80;7482,78;7484,19;6593260033,00;87931
WDOFUT;18/11/2020;13:15:00;7494,77;7513,10;7493,36;7511,69;7394513077,00;98534
WDOFUT;18/11/2020;13:00:00;7461,63;7497,59;7460,22;7494,77;8352393980,00;111660
WDOFUT;18/11/2020;12:45:00;7478,55;7480,66;7460,22;7461,63;7195879420,00;96328
WDOFUT;18/11/2020;12:30:00;7464,45;7485,60;7464,45;7478,55;6533373545,00;87384
WDOFUT;18/11/2020;12:15:00;7465,86;7481,37;7459,51;7465,15;8727629757,00;116823
WDOFUT;18/11/2020;12:00:00;7450,35;7467,27;7441,18;7465,15;1,144426056E10;153543
WDOFUT;18/11/2020;11:45:00;7472,20;7479,25;7447,53;7450,35;1,143261923E10;153234
WDOFUT;18/11/2020;11:30:00;7477,84;7487,01;7470,79;7471,50;6093455547,00;81489
WDOFUT;18/11/2020;11:15:00;7476,43;7489,12;7474,32;7477,84;6362756921,00;85046
WDOFUT;18/11/2020;11:00:00;7479,96;7500,41;7465,86;7477,14;1,431343676E10;191301
WDOFUT;18/11/2020;10:45:00;7489,12;7490,53;7463,74;7479,96;9760175726,00;130558
WDOFUT;18/11/2020;10:30:00;7504,64;7511,69;7484,89;7489,12;1,013280749E10;135107
WDOFUT;18/11/2020;10:15:00;7484,89;7505,34;7478,55;7504,64;9354815491,00;124886
WDOFUT;18/11/2020;10:00:00;7486,30;7494,06;7475,02;7485,60;1,032967644E10;138041
WDOFUT;18/11/2020;09:45:00;7471,50;7501,11;7469,38;7486,30;1,215249255E10;162271
WDOFUT;18/11/2020;09:30:00;7475,02;7484,19;7461,63;7471,50;1,651103219E10;220959
WDOFUT;18/11/2020;09:15:00;7527,20;7532,84;7474,32;7475,73;1,974105474E10;263224
WDOFUT;18/11/2020;09:00:00;7520,15;7536,36;7510,28;7527,20;1,247780976E10;165877
WDOFUT;17/11/2020;18:15:00;7517,33;7528,61;7514,51;7523,67;1341834968,00;17843
WDOFUT;17/11/2020;18:00:00;7513,80;7523,67;7508,87;7518,03;2369691011,00;31531
WDOFUT;17/11/2020;17:45:00;7530,02;7533,54;7510,28;7513,80;3422676219,00;45493
WDOFUT;17/11/2020;17:30:00;7534,25;7538,48;7523,67;7530,02;3542604865,00;47035
WDOFUT;17/11/2020;17:15:00;7517,33;7537,07;7511,69;7534,25;5384468364,00;71557
WDOFUT;17/11/2020;17:00:00;7522,97;7524,38;7511,69;7517,33;5042013167,00;67075
WDOFUT;17/11/2020;16:45:00;7535,66;7536,36;7518,03;7523,67;4821111605,00;64064
WDOFUT;17/11/2020;16:30:00;7534,25;7537,77;7526,49;7536,36;5001761463,00;66413
WDOFUT;17/11/2020;16:15:00;7539,18;7545,53;7532,13;7534,25;4916081674,00;65214
WDOFUT;17/11/2020;16:00:00;7563,86;7564,57;7534,95;7538,48;8507276229,00;112733
WDOFUT;17/11/2020;15:45:00;7562,45;7572,32;7561,04;7563,86;5851984513,00;77331
WDOFUT;17/11/2020;15:30:00;7547,64;7565,27;7547,64;7562,45;4799054631,00;63494
WDOFUT;17/11/2020;15:15:00;7542,00;7556,11;7542,00;7548,35;6569753121,00;87019
WDOFUT;17/11/2020;15:00:00;7530,02;7544,82;7528,61;7542,00;4193498811,00;55630
WDOFUT;17/11/2020;14:45:00;7536,36;7546,94;7522,26;7529,31;9712796528,00;128896
WDOFUT;17/11/2020;14:30:00;7521,56;7537,77;7510,28;7536,36;8212256205,00;109158
WDOFUT;17/11/2020;14:15:00;7528,61;7530,72;7512,39;7521,56;9469737844,00;125912
WDOFUT;17/11/2020;14:00:00;7535,66;7546,94;7527,20;7527,90;8941125392,00;118632
WDOFUT;17/11/2020;13:45:00;7545,53;7554,70;7532,84;7535,66;6845387107,00;90749
WDOFUT;17/11/2020;13:30:00;7559,63;7561,04;7542,00;7545,53;6085952356,00;80597
WDOFUT;17/11/2020;13:15:00;7550,46;7563,16;7548,35;7559,63;5631023881,00;74512
WDOFUT;17/11/2020;13:00:00;7560,34;7563,86;7547,64;7550,46;7256455977,00;96048
WDOFUT;17/11/2020;12:45:00;7553,29;7565,98;7553,29;7560,34;7194320354,00;95168
WDOFUT;17/11/2020;12:30:00;7582,90;7585,01;7552,58;7553,99;1,301023437E10;171972
WDOFUT;17/11/2020;12:15:00;7583,60;7590,65;7575,85;7582,90;9898400073,00;130540
WDOFUT;17/11/2020;12:00:00;7605,46;7622,38;7582,19;7583,60;1,18163662E10;155377
WDOFUT;17/11/2020;11:45:00;7625,20;7626,61;7603,34;7605,46;7776921351,00;102146
WDOFUT;17/11/2020;11:30:00;7622,38;7630,14;7610,39;7625,20;1,088509976E10;142863
WDOFUT;17/11/2020;11:15:00;7618,86;7632,25;7616,74;7621,68;7209469460,00;94558
WDOFUT;17/11/2020;11:00:00;7625,20;7635,78;7616,04;7618,86;9964202299,00;130649
WDOFUT;17/11/2020;10:45:00;7619,56;7633,66;7608,98;7624,50;1,178025881E10;154558
WDOFUT;17/11/2020;10:30:00;7635,07;7649,17;7616,74;7620,27;1,368441647E10;179291
WDOFUT;17/11/2020;10:15:00;7644,24;7647,76;7629,43;7635,78;7833529813,00;102569
WDOFUT;17/11/2020;10:00:00;7620,27;7650,58;7617,45;7644,24;1,424641801E10;186490
WDOFUT;17/11/2020;09:45:00;7626,61;7636,48;7618,86;7620,27;6754599928,00;88568
WDOFUT;17/11/2020;09:30:00;7622,38;7639,30;7615,33;7627,32;1,154644272E10;151357
WDOFUT;17/11/2020;09:15:00;7622,38;7628,73;7600,52;7622,38;1,27025165E10;166822
WDOFUT;17/11/2020;09:00:00;7603,34;7634,37;7589,95;7622,38;1,478856545E10;194181
WDOFUT;16/11/2020;18:15:00;7646,35;7652,70;7633,66;7644,24;1424040930,00;18631
WDOFUT;16/11/2020;18:00:00;7660,45;7664,68;7644,94;7645,65;2144593706,00;28016
WDOFUT;16/11/2020;17:45:00;7671,03;7683,02;7658,34;7661,16;3874789145,00;50522
WDOFUT;16/11/2020;17:30:00;7666,09;7673,14;7661,16;7671,73;1987927597,00;25932
WDOFUT;16/11/2020;17:15:00;7673,14;7676,67;7661,16;7666,09;2745492428,00;35804
WDOFUT;16/11/2020;17:00:00;7673,85;7676,67;7664,68;7673,85;2938388915,00;38301
WDOFUT;16/11/2020;16:45:00;7665,39;7677,38;7658,34;7673,85;4464676118,00;58232
WDOFUT;16/11/2020;16:30:00;7663,98;7677,38;7661,86;7665,39;4713678009,00;61464
WDOFUT;16/11/2020;16:15:00;7671,73;7673,85;7660,45;7664,68;3543476535,00;46217
WDOFUT;16/11/2020;16:00:00;7670,32;7677,38;7663,98;7671,73;4180406986,00;54497
WDOFUT;16/11/2020;15:45:00;7659,75;7683,02;7654,11;7671,03;9434719115,00;123025
WDOFUT;16/11/2020;15:30:00;7666,09;7666,80;7633,66;7659,04;9418266942,00;123130
WDOFUT;16/11/2020;15:15:00;7657,63;7671,03;7651,99;7665,39;4590525769,00;59931
WDOFUT;16/11/2020;15:00:00;7656,22;7666,80;7649,17;7657,63;5497735023,00;71794
WDOFUT;16/11/2020;14:45:00;7653,40;7678,08;7651,99;7655,52;8638124931,00;112699
WDOFUT;16/11/2020;14:30:00;7653,40;7657,63;7645,65;7652,70;5034944948,00;65795
WDOFUT;16/11/2020;14:15:00;7625,20;7654,81;7623,79;7653,40;6149084853,00;80466
WDOFUT;16/11/2020;14:00:00;7618,86;7632,25;7617,45;7625,20;6767042718,00;88747
WDOFUT;16/11/2020;13:45:00;7647,76;7651,99;7615,33;7618,15;9872284165,00;129401
WDOFUT;16/11/2020;13:30:00;7650,58;7661,16;7647,06;7648,47;5321966084,00;69530
WDOFUT;16/11/2020;13:15:00;7651,29;7654,11;7640,01;7651,29;5155238602,00;67417
WDOFUT;16/11/2020;13:00:00;7659,04;7659,75;7644,24;7651,99;6667095569,00;87125
WDOFUT;16/11/2020;12:45:00;7676,67;7680,90;7653,40;7658,34;6369728773,00;83097
WDOFUT;16/11/2020;12:30:00;7672,44;7683,72;7662,57;7676,67;6798192845,00;88605
WDOFUT;16/11/2020;12:15:00;7688,66;7689,36;7671,03;7671,73;6295640389,00;81979
WDOFUT;16/11/2020;12:00:00;7673,14;7699,23;7671,03;7687,95;1,055904388E10;137361
WDOFUT;16/11/2020;11:45:00;7642,12;7685,13;7641,42;7673,85;1,605232666E10;209295
WDOFUT;16/11/2020;11:30:00;7635,78;7649,17;7625,20;7641,42;7709112833,00;100955
WDOFUT;16/11/2020;11:15:00;7638,60;7645,65;7627,32;7635,78;6662118967,00;87236
WDOFUT;16/11/2020;11:00:00;7626,61;7645,65;7623,79;7639,30;6897449518,00;90327
WDOFUT;16/11/2020;10:45:00;7641,42;7644,94;7618,86;7626,61;9615857493,00;126026
WDOFUT;16/11/2020;10:30:00;7635,78;7651,99;7616,04;7640,71;1,201511595E10;157397
WDOFUT;16/11/2020;10:15:00;7623,79;7645,65;7621,68;7635,78;9177027357,00;120193
WDOFUT;16/11/2020;10:00:00;7601,23;7630,84;7600,52;7623,79;1,332154752E10;174821
WDOFUT;16/11/2020;09:45:00;7606,16;7612,51;7592,77;7600,52;9083365333,00;119491
WDOFUT;16/11/2020;09:30:00;7589,95;7613,21;7580,08;7605,46;1,174835416E10;154559
WDOFUT;16/11/2020;09:15:00;7585,72;7597,70;7568,09;7590,65;1,547770488E10;204118
WDOFUT;16/11/2020;09:00:00;7658,34;7661,16;7578,67;7585,72;1,777103924E10;233455
WDOFUT;13/11/2020;18:15:00;7703,46;7709,81;7699,94;7701,35;978203385,90;12695
WDOFUT;13/11/2020;18:00:00;7709,10;7711,22;7700,64;7702,76;1390419533,00;18046
WDOFUT;13/11/2020;17:45:00;7706,28;7710,51;7700,64;7709,10;2319602050,00;30104
WDOFUT;13/11/2020;17:30:00;7708,40;7711,22;7702,76;7705,58;2446831160,00;31752
WDOFUT;13/11/2020;17:15:00;7721,79;7722,50;7703,46;7708,40;3660026112,00;47451
WDOFUT;13/11/2020;17:00:00;7723,91;7725,32;7715,45;7722,50;3080118853,00;39894
WDOFUT;13/11/2020;16:45:00;7718,97;7733,07;7718,27;7723,91;3343740408,00;43275
WDOFUT;13/11/2020;16:30:00;7729,55;7729,55;7716,15;7718,97;3417690508,00;44256
WDOFUT;13/11/2020;16:15:00;7722,50;7738,72;7722,50;7729,55;3331268829,00;43092
WDOFUT;13/11/2020;16:00:00;7728,84;7730,25;7719,68;7723,20;4032473287,00;52201
WDOFUT;13/11/2020;15:45:00;7711,92;7732,37;7711,92;7728,14;4778120616,00;61848
WDOFUT;13/11/2020;15:30:00;7716,86;7729,55;7711,22;7712,63;4698959299,00;60864
WDOFUT;13/11/2020;15:15:00;7735,89;7740,13;7709,81;7716,86;7282515219,00;94302
WDOFUT;13/11/2020;15:00:00;7756,34;7757,05;7727,43;7735,89;8759677211,00;113194
WDOFUT;13/11/2020;14:45:00;7750,70;7760,57;7742,95;7756,34;4630212391,00;59726
WDOFUT;13/11/2020;14:30:00;7762,69;7766,92;7750,00;7750,00;4145476755,00;53426
WDOFUT;13/11/2020;14:15:00;7761,28;7767,62;7757,75;7761,98;3119480781,00;40187
WDOFUT;13/11/2020;14:00:00;7761,98;7769,74;7754,93;7761,28;5476867115,00;70553
WDOFUT;13/11/2020;13:45:00;7785,95;7788,77;7761,98;7761,98;6108571374,00;78551
WDOFUT;13/11/2020;13:30:00;7769,74;7786,66;7769,03;7785,25;4718422182,00;60665
WDOFUT;13/11/2020;13:15:00;7786,66;7787,36;7764,10;7769,74;6066153196,00;78014
WDOFUT;13/11/2020;13:00:00;7787,36;7797,24;7781,02;7786,66;6184425914,00;79396
WDOFUT;13/11/2020;12:45:00;7776,79;7789,48;7776,79;7787,36;5126381436,00;65851
WDOFUT;13/11/2020;12:30:00;7771,15;7784,54;7770,44;7777,49;5367424302,00;68999
WDOFUT;13/11/2020;12:15:00;7764,80;7784,54;7761,28;7771,85;5926174447,00;76232
WDOFUT;13/11/2020;12:00:00;7762,69;7777,49;7757,05;7764,80;9122348441,00;117466
WDOFUT;13/11/2020;11:45:00;7739,42;7772,56;7735,89;7762,69;9831565811,00;126715
WDOFUT;13/11/2020;11:30:00;7747,88;7754,93;7720,38;7739,42;1,340407644E10;173181
WDOFUT;13/11/2020;11:15:00;7735,19;7748,59;7729,55;7747,88;8988223138,00;116128
WDOFUT;13/11/2020;11:00:00;7709,10;7736,60;7703,46;7735,19;7711450368,00;99923
WDOFUT;13/11/2020;10:45:00;7720,38;7725,32;7702,05;7708,40;7011025387,00;90922
WDOFUT;13/11/2020;10:30:00;7713,33;7723,91;7700,64;7720,38;9029154441,00;117067
WDOFUT;13/11/2020;10:15:00;7704,17;7718,97;7700,64;7713,33;7854757082,00;101881
WDOFUT;13/11/2020;10:00:00;7721,79;7734,48;7702,05;7703,46;1,260652697E10;163416
WDOFUT;13/11/2020;09:45:00;7733,78;7737,31;7714,74;7721,79;8992027102,00;116379
WDOFUT;13/11/2020;09:30:00;7729,55;7739,42;7718,27;7734,48;1,160814095E10;150195
WDOFUT;13/11/2020;09:15:00;7708,40;7733,07;7700,64;7728,84;1,216828338E10;157719
WDOFUT;13/11/2020;09:00:00;7692,89;7716,86;7685,84;7707,69;1,029414E10;133595
WDOFUT;12/11/2020;18:15:00;7700,64;7704,87;7690,77;7703,46;1271540536,00;16519
WDOFUT;12/11/2020;18:00:00;7702,76;7706,28;7697,82;7700,64;1116301062,00;14494
WDOFUT;12/11/2020;17:45:00;7717,56;7725,32;7696,41;7702,76;4837597874,00;62737
WDOFUT;12/11/2020;17:30:00;7723,91;7725,32;7709,10;7717,56;5066267250,00;65661
WDOFUT;12/11/2020;17:15:00;7729,55;7732,37;7722,50;7723,91;2881210083,00;37284
WDOFUT;12/11/2020;17:00:00;7730,25;7747,18;7716,15;7729,55;1,080910219E10;139767
WDOFUT;12/11/2020;16:45:00;7723,20;7730,96;7718,27;7730,96;4596516723,00;59503
WDOFUT;12/11/2020;16:30:00;7712,63;7727,43;7707,69;7723,20;6812054015,00;88244
WDOFUT;12/11/2020;16:15:00;7706,28;7720,38;7705,58;7712,63;6672253701,00;86480
WDOFUT;12/11/2020;16:00:00;7697,82;7714,04;7689,36;7705,58;7618954171,00;98901
WDOFUT;12/11/2020;15:45:00;7702,76;7704,17;7693,59;7697,82;6082609085,00;79005
WDOFUT;12/11/2020;15:30:00;7697,12;7715,45;7696,41;7703,46;1,161888456E10;150792
WDOFUT;12/11/2020;15:15:00;7674,55;7698,53;7672,44;7696,41;9061791493,00;117946
WDOFUT;12/11/2020;15:00:00;7656,22;7676,67;7654,81;7673,85;7818251569,00;101973
WDOFUT;12/11/2020;14:45:00;7651,99;7663,98;7650,58;7655,52;6232242953,00;81391
WDOFUT;12/11/2020;14:30:00;7651,29;7652,70;7640,01;7651,99;4401609827,00;57565
WDOFUT;12/11/2020;14:15:00;7642,12;7654,11;7642,12;7651,29;5022701724,00;65659
WDOFUT;12/11/2020;14:00:00;7640,01;7649,17;7640,01;7642,83;3914901996,00;51212
WDOFUT;12/11/2020;13:45:00;7638,60;7642,83;7630,84;7640,01;3594145469,00;47054
WDOFUT;12/11/2020;13:30:00;7625,91;7644,94;7623,09;7639,30;5657962718,00;74099
WDOFUT;12/11/2020;13:15:00;7633,66;7635,78;7624,50;7626,61;3824049042,00;50111
WDOFUT;12/11/2020;13:00:00;7635,07;7641,42;7628,02;7633,66;5409969151,00;70857
WDOFUT;12/11/2020;12:45:00;7645,65;7649,88;7631,55;7635,07;5337347239,00;69864
WDOFUT;12/11/2020;12:30:00;7642,83;7649,88;7640,01;7644,94;3672984435,00;48044
WDOFUT;12/11/2020;12:15:00;7642,83;7649,88;7632,96;7643,53;7801037355,00;102101
WDOFUT;12/11/2020;12:00:00;7665,39;7666,80;7640,01;7642,12;8731417103,00;114114
WDOFUT;12/11/2020;11:45:00;7649,88;7667,50;7642,83;7664,68;9534825918,00;124529
WDOFUT;12/11/2020;11:30:00;7638,60;7654,81;7634,37;7650,58;8006468164,00;104727
WDOFUT;12/11/2020;11:15:00;7635,78;7648,47;7628,02;7638,60;7945358316,00;104004
WDOFUT;12/11/2020;11:00:00;7616,74;7636,48;7613,92;7635,07;8493138380,00;111339
WDOFUT;12/11/2020;10:45:00;7605,46;7619,56;7596,29;7616,74;7869662401,00;103463
WDOFUT;12/11/2020;10:30:00;7615,33;7628,02;7601,93;7605,46;9186662756,00;120611
WDOFUT;12/11/2020;10:15:00;7616,04;7624,50;7597,70;7614,63;1,164134857E10;152973
WDOFUT;12/11/2020;10:00:00;7606,16;7627,32;7604,75;7616,74;1,237806206E10;162502
WDOFUT;12/11/2020;09:45:00;7578,67;7611,10;7577,26;7606,16;1,427908327E10;187948
WDOFUT;12/11/2020;09:30:00;7562,45;7579,37;7553,99;7577,96;1,147907347E10;151725
WDOFUT;12/11/2020;09:15:00;7601,23;7605,46;7558,93;7562,45;1,590502158E10;209872
WDOFUT;12/11/2020;09:00:00;7614,63;7614,63;7587,13;7601,23;1,135177188E10;149362
WDOFUT;11/11/2020;18:15:00;7607,57;7615,33;7606,16;7608,98;1170356651,00;15378
WDOFUT;11/11/2020;18:00:00;7620,97;7630,84;7604,05;7606,87;2435552794,00;31968
WDOFUT;11/11/2020;17:45:00;7632,25;7633,66;7617,45;7620,97;3870295381,00;50765
WDOFUT;11/11/2020;17:30:00;7634,37;7639,30;7630,14;7632,25;2489157286,00;32600
WDOFUT;11/11/2020;17:15:00;7625,91;7636,48;7625,20;7633,66;3560803106,00;46650
WDOFUT;11/11/2020;17:00:00;7642,83;7645,65;7624,50;7625,91;4679462305,00;61301
WDOFUT;11/11/2020;16:45:00;7640,01;7650,58;7638,60;7643,53;4586772633,00;59995
WDOFUT;11/11/2020;16:30:00;7642,12;7644,94;7635,78;7639,30;3755997018,00;49158
WDOFUT;11/11/2020;16:15:00;7635,07;7642,12;7628,02;7642,12;5925986154,00;77605
WDOFUT;11/11/2020;16:00:00;7630,84;7635,78;7617,45;7635,78;8187705314,00;107357
WDOFUT;11/11/2020;15:45:00;7643,53;7647,06;7630,14;7630,14;5202749505,00;68104
WDOFUT;11/11/2020;15:30:00;7632,96;7647,06;7627,32;7643,53;4734587114,00;61987
WDOFUT;11/11/2020;15:15:00;7639,30;7641,42;7628,73;7632,25;3863510271,00;50604
WDOFUT;11/11/2020;15:00:00;7632,25;7642,12;7626,61;7639,30;4077870017,00;53423
WDOFUT;11/11/2020;14:45:00;7639,30;7641,42;7629,43;7631,55;3117860058,00;40839
WDOFUT;11/11/2020;14:30:00;7634,37;7640,01;7626,61;7639,30;5617556669,00;73593
WDOFUT;11/11/2020;14:15:00;7638,60;7644,94;7632,25;7635,07;5139979175,00;67296
WDOFUT;11/11/2020;14:00:00;7620,27;7640,71;7618,86;7639,30;7376959540,00;96669
WDOFUT;11/11/2020;13:45:00;7614,63;7626,61;7608,98;7620,27;4801678546,00;63038
WDOFUT;11/11/2020;13:30:00;7595,59;7617,45;7591,36;7614,63;7312272701,00;96139
WDOFUT;11/11/2020;13:15:00;7586,42;7599,11;7585,01;7595,59;6035176986,00;79496
WDOFUT;11/11/2020;13:00:00;7611,80;7620,97;7583,60;7587,13;9609160444,00;126351
WDOFUT;11/11/2020;12:45:00;7626,61;7628,73;7606,87;7611,10;5615782574,00;73733
WDOFUT;11/11/2020;12:30:00;7613,92;7636,48;7608,98;7627,32;7527792691,00;98722
WDOFUT;11/11/2020;12:15:00;7623,09;7628,02;7599,11;7613,21;9336568149,00;122653
WDOFUT;11/11/2020;12:00:00;7611,10;7629,43;7606,87;7623,09;8021671362,00;105262
WDOFUT;11/11/2020;11:45:00;7611,10;7621,68;7602,64;7611,10;7851495619,00;103139
WDOFUT;11/11/2020;11:30:00;7608,28;7617,45;7593,47;7611,10;1,352343488E10;177769
WDOFUT;11/11/2020;11:15:00;7601,93;7611,80;7597,70;7608,28;8187368205,00;107653
WDOFUT;11/11/2020;11:00:00;7623,79;7630,14;7599,82;7601,23;1,33955969E10;175869
WDOFUT;11/11/2020;10:45:00;7656,22;7661,16;7622,38;7623,79;1,608980232E10;210605
WDOFUT;11/11/2020;10:30:00;7668,21;7678,79;7654,11;7656,93;1,042061478E10;135871
WDOFUT;11/11/2020;10:15:00;7656,22;7671,03;7641,42;7668,21;1,051735809E10;137400
WDOFUT;11/11/2020;10:00:00;7648,47;7661,16;7640,01;7655,52;1,247541566E10;163057
WDOFUT;11/11/2020;09:45:00;7686,54;7700,64;7644,24;7648,47;1,784657987E10;232613
WDOFUT;11/11/2020;09:30:00;7681,61;7692,18;7678,08;7687,25;8788163777,00;114344
WDOFUT;11/11/2020;09:15:00;7671,73;7688,66;7652,70;7680,90;1,33985103E10;174652
WDOFUT;11/11/2020;09:00:00;7632,25;7680,20;7631,55;7672,44;1,585636016E10;206980
WDOFUT;10/11/2020;18:15:00;7625,91;7642,12;7624,50;7640,71;1522373229,00;19941
WDOFUT;10/11/2020;18:00:00;7638,60;7647,76;7624,50;7625,91;2103660696,00;27539
WDOFUT;10/11/2020;17:45:00;7636,48;7642,83;7630,14;7638,60;3604753587,00;47193
WDOFUT;10/11/2020;17:30:00;7631,55;7642,83;7624,50;7636,48;5083927180,00;66587
WDOFUT;10/11/2020;17:15:00;7620,27;7633,66;7616,04;7631,55;5507469236,00;72223
WDOFUT;10/11/2020;17:00:00;7606,16;7621,68;7601,23;7620,27;5638166075,00;74079
WDOFUT;10/11/2020;16:45:00;7582,19;7608,98;7582,19;7605,46;6413472594,00;84421
WDOFUT;10/11/2020;16:30:00;7589,95;7595,59;7578,67;7582,19;5323880302,00;70151
WDOFUT;10/11/2020;16:15:00;7599,82;7604,05;7589,95;7589,95;4448364774,00;58562
WDOFUT;10/11/2020;16:00:00;7591,36;7603,34;7589,95;7600,52;4406560680,00;58011
WDOFUT;10/11/2020;15:45:00;7598,41;7599,82;7587,83;7591,36;3825512883,00;50382
WDOFUT;10/11/2020;15:30:00;7599,82;7601,93;7586,42;7599,11;5537697253,00;72909
WDOFUT;10/11/2020;15:15:00;7597,70;7607,57;7589,95;7600,52;6899696918,00;90810
WDOFUT;10/11/2020;15:00:00;7575,85;7599,11;7565,27;7597,70;6675504244,00;88034
WDOFUT;10/11/2020;14:45:00;7571,62;7576,55;7562,45;7576,55;4045225274,00;53442
WDOFUT;10/11/2020;14:30:00;7564,57;7581,49;7562,45;7572,32;5022761435,00;66341
WDOFUT;10/11/2020;14:15:00;7568,80;7578,67;7562,45;7563,86;4895594722,00;64673
WDOFUT;10/11/2020;14:00:00;7580,08;7585,01;7561,75;7568,80;8018241108,00;105930
WDOFUT;10/11/2020;13:45:00;7553,99;7581,49;7544,82;7580,08;8374754849,00;110747
WDOFUT;10/11/2020;13:30:00;7564,57;7568,80;7544,82;7553,29;7580092474,00;100325
WDOFUT;10/11/2020;13:15:00;7573,03;7577,26;7555,40;7563,86;5625237788,00;74356
WDOFUT;10/11/2020;13:00:00;7552,58;7577,26;7545,53;7572,32;9541674074,00;126227
WDOFUT;10/11/2020;12:45:00;7573,03;7575,14;7549,05;7551,87;8957709270,00;118419
WDOFUT;10/11/2020;12:30:00;7552,58;7578,67;7538,48;7572,32;1,062860055E10;140595
WDOFUT;10/11/2020;12:15:00;7538,48;7565,27;7537,77;7551,87;1,023151181E10;135485
WDOFUT;10/11/2020;12:00:00;7582,90;7589,24;7528,61;7539,18;1,727207227E10;228624
WDOFUT;10/11/2020;11:45:00;7590,65;7595,59;7568,80;7582,19;1,154899995E10;152306
WDOFUT;10/11/2020;11:30:00;7606,87;7620,27;7584,31;7590,65;1,564528826E10;205728
WDOFUT;10/11/2020;11:15:00;7611,80;7625,20;7604,75;7607,57;1,029738089E10;135175
WDOFUT;10/11/2020;11:00:00;7609,69;7626,61;7595,59;7611,80;1,267218128E10;166559
WDOFUT;10/11/2020;10:45:00;7614,63;7634,37;7601,93;7609,69;1,100174889E10;144375
WDOFUT;10/11/2020;10:30:00;7607,57;7628,73;7604,05;7614,63;1,304989976E10;171366
WDOFUT;10/11/2020;10:15:00;7596,29;7609,69;7573,73;7607,57;1,362260552E10;179401
WDOFUT;10/11/2020;10:00:00;7593,47;7603,34;7576,55;7596,29;1,258825504E10;165836
WDOFUT;10/11/2020;09:45:00;7582,19;7604,75;7565,27;7592,77;1,359697191E10;179239
WDOFUT;10/11/2020;09:30:00;7590,65;7592,06;7563,16;7581,49;1,696496999E10;223868
WDOFUT;10/11/2020;09:15:00;7579,37;7601,23;7551,87;7590,65;2,116129625E10;279319
WDOFUT;10/11/2020;09:00:00;7600,52;7616,74;7570,21;7579,37;2,075171141E10;273441
WDOFUT;09/11/2020;18:15:00;7590,65;7600,52;7584,31;7600,52;1836731510,00;24196
WDOFUT;09/11/2020;18:00:00;7594,18;7608,28;7579,37;7590,65;3381243402,00;44527
WDOFUT;09/11/2020;17:45:00;7585,72;7612,51;7577,96;7594,88;6886084373,00;90666
WDOFUT;09/11/2020;17:30:00;7595,59;7596,29;7572,32;7586,42;5887064879,00;77661
WDOFUT;09/11/2020;17:15:00;7599,82;7618,86;7589,95;7595,59;7067206492,00;92922
WDOFUT;09/11/2020;17:00:00;7599,11;7608,28;7587,13;7599,82;6962296123,00;91653
WDOFUT;09/11/2020;16:45:00;7605,46;7616,74;7592,77;7599,11;7950224386,00;104538
WDOFUT;09/11/2020;16:30:00;7637,19;7641,42;7603,34;7605,46;8450860036,00;110893
WDOFUT;09/11/2020;16:15:00;7641,42;7643,53;7630,14;7637,19;5581740053,00;73081
WDOFUT;09/11/2020;16:00:00;7632,96;7652,70;7629,43;7640,71;8783122346,00;114957
WDOFUT;09/11/2020;15:45:00;7641,42;7656,22;7631,55;7632,96;1,013690598E10;132597
WDOFUT;09/11/2020;15:30:00;7594,88;7642,83;7593,47;7641,42;1,214319638E10;159280
WDOFUT;09/11/2020;15:15:00;7612,51;7618,86;7593,47;7594,88;9158265090,00;120397
WDOFUT;09/11/2020;15:00:00;7602,64;7620,27;7598,41;7611,80;6984066442,00;91775
WDOFUT;09/11/2020;14:45:00;7592,06;7611,80;7589,95;7602,64;9566259153,00;125857
WDOFUT;09/11/2020;14:30:00;7561,04;7592,06;7554,70;7592,06;8970336786,00;118438
WDOFUT;09/11/2020;14:15:00;7572,32;7586,42;7558,22;7561,75;9204367548,00;121547
WDOFUT;09/11/2020;14:00:00;7580,08;7580,78;7560,34;7571,62;9946009169,00;131390
WDOFUT;09/11/2020;13:45:00;7580,08;7595,59;7575,14;7580,08;1,029681664E10;135760
WDOFUT;09/11/2020;13:30:00;7538,48;7586,42;7533,54;7579,37;1,158670785E10;153332
WDOFUT;09/11/2020;13:15:00;7551,87;7556,81;7528,61;7538,48;1,024118009E10;135825
WDOFUT;09/11/2020;13:00:00;7539,89;7570,21;7534,25;7551,87;1,204922331E10;159506
WDOFUT;09/11/2020;12:45:00;7539,18;7559,63;7534,25;7539,18;1,116814104E10;147949
WDOFUT;09/11/2020;12:30:00;7507,46;7541,30;7501,11;7539,89;1,121660163E10;149049
WDOFUT;09/11/2020;12:15:00;7492,65;7518,03;7483,48;7508,16;1,067844675E10;142349
WDOFUT;09/11/2020;12:00:00;7499,70;7506,05;7477,14;7491,94;1,325856779E10;176992
WDOFUT;09/11/2020;11:45:00;7453,87;7502,52;7450,35;7499,70;1,712367938E10;229029
WDOFUT;09/11/2020;11:30:00;7422,14;7459,51;7409,45;7453,87;1,497656389E10;201471
WDOFUT;09/11/2020;11:15:00;7422,85;7429,90;7404,52;7422,14;1,163636955E10;156889
WDOFUT;09/11/2020;11:00:00;7427,08;7434,13;7406,63;7422,14;1,263612481E10;170288
WDOFUT;09/11/2020;10:45:00;7444,00;7446,82;7420,03;7427,08;1,081810484E10;145592
WDOFUT;09/11/2020;10:30:00;7415,09;7445,41;7399,58;7444,00;1,346513579E10;181435
WDOFUT;09/11/2020;10:15:00;7416,50;7433,43;7391,83;7414,39;1,557393458E10;210034
WDOFUT;09/11/2020;10:00:00;7381,96;7416,50;7379,14;7416,50;1,35969158E10;183815
WDOFUT;09/11/2020;09:45:00;7391,83;7393,94;7372,09;7381,96;1,404425192E10;190310
WDOFUT;09/11/2020;09:30:00;7425,67;7438,36;7381,25;7392,53;1,809860905E10;244163
WDOFUT;09/11/2020;09:15:00;7415,80;7436,25;7386,19;7426,37;2,2712214E10;306549
WDOFUT;09/11/2020;09:00:00;7450,35;7473,61;7414,39;7415,80;1,975005452E10;265233
WDOFUT;06/11/2020;18:15:00;7577,96;7579,37;7562,45;7572,32;2571774170,00;33975
WDOFUT;06/11/2020;18:00:00;7589,24;7591,36;7575,85;7577,26;1861203576,00;24545
WDOFUT;06/11/2020;17:45:00;7578,67;7592,06;7576,55;7589,24;2835386383,00;37376
WDOFUT;06/11/2020;17:30:00;7597,00;7600,52;7574,44;7579,37;6042542514,00;79654
WDOFUT;06/11/2020;17:15:00;7612,51;7618,15;7594,18;7597,00;5102116334,00;67087
WDOFUT;06/11/2020;17:00:00;7605,46;7624,50;7604,75;7611,80;6658042569,00;87448
WDOFUT;06/11/2020;16:45:00;7630,84;7636,48;7599,82;7605,46;7012241379,00;92079
WDOFUT;06/11/2020;16:30:00;7635,07;7639,30;7624,50;7630,84;4091550629,00;53621
WDOFUT;06/11/2020;16:15:00;7640,01;7642,12;7613,21;7635,07;9514007399,00;124729
WDOFUT;06/11/2020;16:00:00;7636,48;7656,93;7635,07;7639,30;7778264740,00;101732
WDOFUT;06/11/2020;15:45:00;7667,50;7668,21;7632,25;7636,48;8671156434,00;113351
WDOFUT;06/11/2020;15:30:00;7672,44;7675,26;7665,39;7667,50;2303567440,00;30038
WDOFUT;06/11/2020;15:15:00;7677,38;7678,08;7665,39;7672,44;4538655705,00;59162
WDOFUT;06/11/2020;15:00:00;7666,80;7677,38;7663,98;7677,38;4488543131,00;58524
WDOFUT;06/11/2020;14:45:00;7669,62;7673,85;7656,22;7666,80;5586338441,00;72875
WDOFUT;06/11/2020;14:30:00;7677,38;7682,31;7667,50;7670,32;5589634720,00;72839
WDOFUT;06/11/2020;14:15:00;7683,72;7692,89;7657,63;7677,38;1,159256388E10;150962
WDOFUT;06/11/2020;14:00:00;7705,58;7706,99;7682,31;7684,43;5449804216,00;70808
WDOFUT;06/11/2020;13:45:00;7701,35;7710,51;7699,94;7704,87;4598936151,00;59685
WDOFUT;06/11/2020;13:30:00;7709,81;7711,22;7696,41;7700,64;5751117425,00;74653
WDOFUT;06/11/2020;13:15:00;7728,14;7730,96;7709,10;7709,81;6304244316,00;81689
WDOFUT;06/11/2020;13:00:00;7745,06;7746,47;7716,15;7728,84;7755974314,00;100348
WDOFUT;06/11/2020;12:45:00;7740,13;7747,18;7731,66;7745,77;6213077964,00;80293
WDOFUT;06/11/2020;12:30:00;7750,70;7750,70;7728,14;7740,13;8395450856,00;108504
WDOFUT;06/11/2020;12:15:00;7778,90;7783,84;7745,06;7750,70;1,363575768E10;175719
WDOFUT;06/11/2020;12:00:00;7811,34;7812,04;7773,97;7778,20;9337046079,00;119857
WDOFUT;06/11/2020;11:45:00;7806,40;7815,57;7790,89;7812,04;8315055511,00;106522
WDOFUT;06/11/2020;11:30:00;7800,76;7810,63;7785,95;7806,40;1,040035318E10;133316
WDOFUT;06/11/2020;11:15:00;7800,76;7809,93;7781,72;7800,76;1,308893384E10;167866
WDOFUT;06/11/2020;11:00:00;7819,80;7831,08;7800,76;7800,76;1,101794726E10;140913
WDOFUT;06/11/2020;10:45:00;7845,18;7850,11;7819,09;7819,80;1,076522924E10;137414
WDOFUT;06/11/2020;10:30:00;7836,72;7846,59;7816,27;7845,18;1,385479121E10;176869
WDOFUT;06/11/2020;10:15:00;7855,75;7861,40;7824,73;7836,72;9542684380,00;121577
WDOFUT;06/11/2020;10:00:00;7859,99;7865,63;7851,52;7856,46;9908015469,00;126068
WDOFUT;06/11/2020;09:45:00;7842,36;7860,69;7838,13;7859,99;8698486049,00;110805
WDOFUT;06/11/2020;09:30:00;7835,31;7855,05;7830,37;7842,36;1,431045432E10;182477
WDOFUT;06/11/2020;09:15:00;7816,98;7840,95;7799,35;7834,60;1,636313229E10;209169
WDOFUT;06/11/2020;09:00:00;7783,84;7817,68;7767,62;7816,27;1,876405453E10;240720
WDOFUT;05/11/2020;18:15:00;7805,70;7807,81;7792,30;7797,24;1654275597,00;21203
WDOFUT;05/11/2020;18:00:00;7819,09;7824,73;7804,29;7804,99;1660595771,00;21247
WDOFUT;05/11/2020;17:45:00;7837,42;7838,13;7811,34;7819,80;3392201912,00;43376
WDOFUT;05/11/2020;17:30:00;7828,26;7843,06;7826,14;7837,42;2855405691,00;36441
WDOFUT;05/11/2020;17:15:00;7832,49;7832,49;7821,21;7828,26;2641724866,00;33754
WDOFUT;05/11/2020;17:00:00;7824,73;7836,01;7824,03;7832,49;2628973062,00;33578
WDOFUT;05/11/2020;16:45:00;7811,34;7836,72;7810,63;7824,73;6341272066,00;81042
WDOFUT;05/11/2020;16:30:00;7828,96;7836,01;7808,52;7810,63;6318690550,00;80767
WDOFUT;05/11/2020;16:15:00;7846,59;7852,23;7823,32;7829,67;5611075664,00;71620
WDOFUT;05/11/2020;16:00:00;7840,95;7852,23;7837,42;7847,29;4498016536,00;57331
WDOFUT;05/11/2020;15:45:00;7871,27;7872,68;7836,72;7840,95;7282937358,00;92710
WDOFUT;05/11/2020;15:30:00;7874,09;7886,78;7866,33;7870,56;6626450738,00;84134
WDOFUT;05/11/2020;15:15:00;7865,63;7878,32;7862,10;7873,38;5266299410,00;66911
WDOFUT;05/11/2020;15:00:00;7856,46;7867,04;7849,41;7865,63;6028404419,00;76714
WDOFUT;05/11/2020;14:45:00;7863,51;7867,04;7855,75;7857,16;3387566156,00;43097
WDOFUT;05/11/2020;14:30:00;7879,73;7881,14;7857,87;7863,51;6040470363,00;76759
WDOFUT;05/11/2020;14:15:00;7852,93;7881,14;7850,82;7880,43;7510718135,00;95495
WDOFUT;05/11/2020;14:00:00;7859,99;7862,10;7851,52;7853,64;4538477121,00;57765
WDOFUT;05/11/2020;13:45:00;7845,18;7859,99;7835,31;7859,99;5335336858,00;67987
WDOFUT;05/11/2020;13:30:00;7828,26;7849,41;7828,26;7845,88;5695883931,00;72648
WDOFUT;05/11/2020;13:15:00;7840,95;7842,36;7826,14;7828,96;4586063923,00;58541
WDOFUT;05/11/2020;13:00:00;7836,01;7843,77;7831,08;7840,95;5293276792,00;67528
WDOFUT;05/11/2020;12:45:00;7831,08;7836,72;7823,32;7836,01;5230046737,00;66785
WDOFUT;05/11/2020;12:30:00;7842,36;7847,29;7824,03;7831,08;5901687124,00;75309
WDOFUT;05/11/2020;12:15:00;7845,18;7845,18;7819,80;7842,36;9949447891,00;127048
WDOFUT;05/11/2020;12:00:00;7845,88;7854,34;7838,83;7844,47;6227781255,00;79362
WDOFUT;05/11/2020;11:45:00;7860,69;7863,51;7833,19;7846,59;9494543134,00;121021
WDOFUT;05/11/2020;11:30:00;7858,58;7868,45;7842,36;7859,99;1,254510506E10;159648
WDOFUT;05/11/2020;11:15:00;7856,46;7864,92;7848,00;7857,87;7352133169,00;93582
WDOFUT;05/11/2020;11:00:00;7846,59;7865,63;7838,83;7856,46;9752643162,00;124168
WDOFUT;05/11/2020;10:45:00;7853,64;7858,58;7827,55;7846,59;1,04824295E10;133663
WDOFUT;05/11/2020;10:30:00;7850,11;7861,40;7830,37;7853,64;1,192275623E10;151920
WDOFUT;05/11/2020;10:15:00;7846,59;7852,23;7832,49;7850,82;1,205074906E10;153711
WDOFUT;05/11/2020;10:00:00;7869,15;7874,79;7841,65;7845,88;1,334759792E10;169879
WDOFUT;05/11/2020;09:45:00;7888,19;7895,24;7860,69;7868,45;1,495470861E10;189890
WDOFUT;05/11/2020;09:30:00;7912,16;7913,57;7888,19;7888,19;1,293258571E10;163680
WDOFUT;05/11/2020;09:15:00;7924,15;7927,67;7905,11;7912,16;1,374799232E10;173707
WDOFUT;05/11/2020;09:00:00;7917,80;7946,71;7917,80;7924,85;1,329948772E10;167660
WDOFUT;04/11/2020;18:15:00;7986,19;7986,90;7973,50;7976,32;1519457420,00;19039
WDOFUT;04/11/2020;18:00:00;7993,95;7995,36;7984,08;7986,19;1832210503,00;22931
WDOFUT;04/11/2020;17:45:00;8008,05;8012,98;7991,83;7993,95;2562000884,00;32008
WDOFUT;04/11/2020;17:30:00;8013,69;8018,62;8006,64;8008,75;3214791908,00;40122
WDOFUT;04/11/2020;17:15:00;7991,13;8016,51;7989,72;8012,98;5267561351,00;65829
WDOFUT;04/11/2020;17:00:00;7982,67;7993,24;7977,73;7991,13;3342015674,00;41852
WDOFUT;04/11/2020;16:45:00;7996,06;7996,06;7979,85;7982,67;3822545548,00;47856
WDOFUT;04/11/2020;16:30:00;7989,72;7999,59;7989,01;7996,06;2825590859,00;35344
WDOFUT;04/11/2020;16:15:00;7988,31;7996,06;7987,60;7990,42;3732427455,00;46702
WDOFUT;04/11/2020;16:00:00;7979,85;7990,42;7973,50;7988,31;4230782243,00;53003
WDOFUT;04/11/2020;15:45:00;7988,31;7990,42;7974,91;7979,85;5490578658,00;68772
WDOFUT;04/11/2020;15:30:00;7971,38;7991,13;7965,04;7989,01;6854672959,00;85940
WDOFUT;04/11/2020;15:15:00;7978,43;7981,26;7967,15;7971,38;6564057551,00;82318
WDOFUT;04/11/2020;15:00:00;7989,72;7993,95;7975,61;7979,14;5843053623,00;73168
WDOFUT;04/11/2020;14:45:00;7993,95;8005,93;7988,31;7989,72;6855185543,00;85710
WDOFUT;04/11/2020;14:30:00;7993,95;7996,77;7983,37;7993,95;6011992638,00;75245
WDOFUT;04/11/2020;14:15:00;7987,60;7999,59;7986,19;7993,95;5268068802,00;65911
WDOFUT;04/11/2020;14:00:00;7979,85;7988,31;7973,50;7987,60;5219674757,00;65393
WDOFUT;04/11/2020;13:45:00;7989,01;7991,83;7972,79;7980,55;7210343337,00;90328
WDOFUT;04/11/2020;13:30:00;8003,82;8003,82;7986,90;7989,72;6185339824,00;77380
WDOFUT;04/11/2020;13:15:00;8011,57;8013,69;7996,77;8003,82;5191156809,00;64849
WDOFUT;04/11/2020;13:00:00;8001,00;8013,69;7996,77;8012,28;5678706620,00;70945
WDOFUT;04/11/2020;12:45:00;8003,82;8016,51;7999,59;8001,00;5865506198,00;73256
WDOFUT;04/11/2020;12:30:00;8027,08;8028,49;8001,00;8003,11;8527719982,00;106439
WDOFUT;04/11/2020;12:15:00;8024,97;8029,20;8012,28;8026,38;9179297770,00;114444
WDOFUT;04/11/2020;12:00:00;8037,66;8045,42;8021,44;8024,97;9205853000,00;114581
WDOFUT;04/11/2020;11:45:00;8072,91;8076,44;8033,43;8037,66;1,178814792E10;146368
WDOFUT;04/11/2020;11:30:00;8067,98;8080,67;8053,17;8072,21;1,171274657E10;145153
WDOFUT;04/11/2020;11:15:00;8055,29;8072,21;8044,71;8068,68;7326642803,00;90916
WDOFUT;04/11/2020;11:00:00;8051,76;8063,04;8044,01;8055,99;9758992180,00;121179
WDOFUT;04/11/2020;10:45:00;8041,19;8054,58;8030,61;8052,47;8376953607,00;104176
WDOFUT;04/11/2020;10:30:00;8034,13;8054,58;8028,49;8040,48;9805503868,00;121914
WDOFUT;04/11/2020;10:15:00;8037,66;8050,35;8024,26;8034,13;9814637667,00;122103
WDOFUT;04/11/2020;10:00:00;8048,24;8051,76;8029,90;8038,36;1,262053878E10;156967
WDOFUT;04/11/2020;09:45:00;8063,04;8075,73;8042,60;8048,24;1,317609545E10;163548
WDOFUT;04/11/2020;09:30:00;8054,58;8075,03;8041,19;8063,04;1,468318791E10;182242
WDOFUT;04/11/2020;09:15:00;8090,54;8092,65;8039,77;8053,88;2,116064524E10;262394
WDOFUT;04/11/2020;09:00:00;8133,55;8133,55;8090,54;8091,24;1,204631304E10;148496
WDOFUT;03/11/2020;18:15:00;8109,58;8125,09;8106,76;8123,68;1199421379,00;14780
WDOFUT;03/11/2020;18:00:00;8119,45;8126,50;8108,17;8110,28;1690962325,00;20826
WDOFUT;03/11/2020;17:45:00;8118,04;8123,68;8108,17;8118,74;2446982727,00;30150
WDOFUT;03/11/2020;17:30:00;8117,33;8120,86;8101,82;8118,74;4477665682,00;55199
WDOFUT;03/11/2020;17:15:00;8134,96;8136,37;8116,63;8117,33;3782206628,00;46533
WDOFUT;03/11/2020;17:00:00;8130,73;8139,19;8129,32;8134,96;3468780546,00;42640
WDOFUT;03/11/2020;16:45:00;8117,33;8133,55;8115,92;8131,43;4332246607,00;53319
WDOFUT;03/11/2020;16:30:00;8119,45;8124,38;8113,81;8118,04;2721647843,00;33520
WDOFUT;03/11/2020;16:15:00;8127,20;8129,32;8113,10;8120,15;4552371795,00;56062
WDOFUT;03/11/2020;16:00:00;8118,74;8129,32;8113,10;8127,91;4141061104,00;50991
WDOFUT;03/11/2020;15:45:00;8110,28;8120,86;8101,11;8118,04;5479368202,00;67547
WDOFUT;03/11/2020;15:30:00;8102,53;8118,74;8097,59;8110,99;6232389633,00;76852
WDOFUT;03/11/2020;15:15:00;8092,65;8105,35;8091,24;8101,82;5801480435,00;71632
WDOFUT;03/11/2020;15:00:00;8121,56;8124,38;8091,95;8092,65;7992072694,00;98573
WDOFUT;03/11/2020;14:45:00;8119,45;8130,02;8117,33;8120,86;5000844013,00;61557
WDOFUT;03/11/2020;14:30:00;8108,87;8122,27;8103,94;8120,15;5435465941,00;66979
WDOFUT;03/11/2020;14:15:00;8112,40;8115,92;8105,35;8108,87;3970738885,00;48958
WDOFUT;03/11/2020;14:00:00;8093,36;8113,81;8092,65;8112,40;6896482855,00;85090
WDOFUT;03/11/2020;13:45:00;8094,06;8100,41;8087,01;8093,36;5358621859,00;66209
WDOFUT;03/11/2020;13:30:00;8075,73;8103,23;8075,73;8093,36;1,075448418E10;132876
WDOFUT;03/11/2020;13:15:00;8063,75;8077,85;8061,63;8075,73;6123163492,00;75887
WDOFUT;03/11/2020;13:00:00;8050,35;8065,16;8049,65;8063,04;7218300529,00;89564
WDOFUT;03/11/2020;12:45:00;8035,54;8053,88;8031,31;8050,35;6501389278,00;80843
WDOFUT;03/11/2020;12:30:00;8032,02;8043,30;8024,97;8035,54;6392973657,00;79575
WDOFUT;03/11/2020;12:15:00;8016,51;8033,43;8015,10;8031,31;5281115397,00;65812
WDOFUT;03/11/2020;12:00:00;8009,46;8022,15;8002,41;8017,21;6031776957,00;75268
WDOFUT;03/11/2020;11:45:00;8000,29;8011,57;7998,88;8008,75;7960696561,00;99439
WDOFUT;03/11/2020;11:30:00;7977,02;8001,70;7977,02;7999,59;7088865285,00;88726
WDOFUT;03/11/2020;11:15:00;7981,26;7987,60;7972,79;7977,02;9778115000,00;122521
WDOFUT;03/11/2020;11:00:00;8022,15;8022,85;7981,26;7981,26;1,317853488E10;164728
WDOFUT;03/11/2020;10:45:00;8051,06;8051,06;8014,39;8022,15;1,069533742E10;133192
WDOFUT;03/11/2020;10:30:00;8044,71;8057,40;8036,95;8051,06;9235333218,00;114770
WDOFUT;03/11/2020;10:15:00;8049,65;8061,63;8041,89;8044,71;9632065920,00;119622
WDOFUT;03/11/2020;10:00:00;8030,61;8050,35;8025,67;8049,65;9576033631,00;119108
WDOFUT;03/11/2020;09:45:00;8024,97;8035,54;8010,16;8030,61;1,088466908E10;135676
WDOFUT;03/11/2020;09:30:00;8050,35;8054,58;8008,75;8024,97;1,655883478E10;206293
WDOFUT;03/11/2020;09:15:00;8067,98;8071,50;8044,71;8050,35;9979305421,00;123856
WDOFUT;03/11/2020;09:00:00;8044,71;8079,96;8039,77;8067,98;1,139184506E10;141229
WDOFUT;30/10/2020;17:45:00;8106,05;8126,50;8097,59;8126,50;1721659741,00;21246
WDOFUT;30/10/2020;17:30:00;8100,41;8109,58;8099,00;8106,76;1897494138,00;23415
WDOFUT;30/10/2020;17:15:00;8099,70;8102,53;8091,24;8100,41;2677553375,00;33070
WDOFUT;30/10/2020;17:00:00;8099,70;8104,64;8094,06;8099,70;2545511103,00;31427
WDOFUT;30/10/2020;16:45:00;8105,35;8111,69;8097,59;8099,00;3413115825,00;42110
WDOFUT;30/10/2020;16:30:00;8117,33;8120,15;8103,23;8105,35;4374336221,00;53932
WDOFUT;30/10/2020;16:15:00;8127,20;8132,14;8113,81;8117,33;3601066141,00;44332
WDOFUT;30/10/2020;16:00:00;8112,40;8138,48;8108,17;8127,91;7114281388,00;87552
WDOFUT;30/10/2020;15:45:00;8112,40;8114,51;8103,23;8111,69;3937410714,00;48561
WDOFUT;30/10/2020;15:30:00;8115,92;8120,15;8101,82;8111,69;5220295096,00;64372
WDOFUT;30/10/2020;15:15:00;8106,76;8116,63;8105,35;8116,63;3697438697,00;45586
WDOFUT;30/10/2020;15:00:00;8115,22;8116,63;8091,95;8106,76;5706683909,00;70433
WDOFUT;30/10/2020;14:45:00;8111,69;8117,33;8103,94;8115,92;3618021944,00;44604
WDOFUT;30/10/2020;14:30:00;8103,94;8115,92;8103,23;8111,69;3387170400,00;41764
WDOFUT;30/10/2020;14:15:00;8103,23;8110,28;8096,18;8103,23;4476914450,00;55246
WDOFUT;30/10/2020;14:00:00;8099,00;8103,94;8083,49;8102,53;5006979131,00;61864
WDOFUT;30/10/2020;13:45:00;8094,06;8103,23;8077,85;8099,00;6748433731,00;83404
WDOFUT;30/10/2020;13:30:00;8094,06;8106,05;8089,13;8094,06;5590992556,00;69035
WDOFUT;30/10/2020;13:15:00;8129,32;8132,14;8091,24;8094,06;6720297099,00;82818
WDOFUT;30/10/2020;13:00:00;8130,02;8137,78;8118,74;8129,32;1,023712476E10;125954
WDOFUT;30/10/2020;12:45:00;8163,16;8170,92;8127,20;8130,73;6892295411,00;84541
WDOFUT;30/10/2020;12:30:00;8144,83;8167,39;8139,19;8162,46;7143455702,00;87617
WDOFUT;30/10/2020;12:15:00;8134,96;8148,35;8131,43;8144,83;6053493868,00;74370
WDOFUT;30/10/2020;12:00:00;8156,81;8158,22;8133,55;8134,96;1,315560707E10;161493
WDOFUT;30/10/2020;11:45:00;8189,25;8198,41;8153,29;8156,81;1,461210558E10;178705
WDOFUT;30/10/2020;11:30:00;8180,08;8192,07;8175,85;8189,25;8026920652,00;98084
WDOFUT;30/10/2020;11:15:00;8172,33;8190,66;8169,51;8180,08;9586707164,00;117189
WDOFUT;30/10/2020;11:00:00;8160,34;8175,85;8158,22;8172,33;1,065178817E10;130419
WDOFUT;30/10/2020;10:45:00;8154,70;8165,98;8150,47;8161,04;7940906898,00;97325
WDOFUT;30/10/2020;10:30:00;8155,40;8159,63;8146,24;8154,70;8294043461,00;101742
WDOFUT;30/10/2020;10:15:00;8158,22;8162,46;8150,47;8155,40;5088808451,00;62388
WDOFUT;30/10/2020;10:00:00;8115,92;8161,04;8114,51;8158,22;1,50286698E10;184525
WDOFUT;30/10/2020;09:45:00;8143,42;8156,11;8108,87;8115,22;1,118112483E10;137446
WDOFUT;30/10/2020;09:30:00;8127,20;8149,76;8113,81;8144,12;1,326975569E10;163202
WDOFUT;30/10/2020;09:15:00;8144,12;8156,81;8122,97;8127,20;1,129944132E10;138795
WDOFUT;30/10/2020;09:00:00;8153,29;8167,39;8139,19;8144,83;9787221471,00;120107
WDOFUT;29/10/2020;17:45:00;8150,47;8153,29;8139,90;8151,88;1903247410,00;23359
WDOFUT;29/10/2020;17:30:00;8132,85;8154,70;8130,03;8150,47;3612617617,00;44359
WDOFUT;29/10/2020;17:15:00;8137,08;8142,01;8132,15;8132,85;2541444942,00;31229
WDOFUT;29/10/2020;17:00:00;8126,51;8143,42;8119,46;8137,79;5472239923,00;67308
WDOFUT;29/10/2020;16:45:00;8113,83;8128,62;8107,48;8127,21;5615040797,00;69177
WDOFUT;29/10/2020;16:30:00;8104,66;8120,17;8103,26;8113,83;5671785543,00;69904
WDOFUT;29/10/2020;16:15:00;8113,83;8117,35;8096,91;8105,37;7211129897,00;88967
WDOFUT;29/10/2020;16:00:00;8113,83;8118,76;8107,48;8113,83;5270824783,00;64968
WDOFUT;29/10/2020;15:45:00;8117,35;8125,10;8112,42;8113,83;6494452320,00;79991
WDOFUT;29/10/2020;15:30:00;8115,94;8118,05;8103,26;8117,35;6193636352,00;76356
WDOFUT;29/10/2020;15:15:00;8125,10;8130,03;8113,83;8115,24;5143117197,00;63324
WDOFUT;29/10/2020;15:00:00;8127,21;8132,85;8121,58;8125,81;4337948011,00;53380
WDOFUT;29/10/2020;14:45:00;8131,44;8137,79;8120,87;8126,51;5638998577,00;69362
WDOFUT;29/10/2020;14:30:00;8134,26;8137,79;8125,81;8131,44;5128656511,00;63070
WDOFUT;29/10/2020;14:15:00;8144,13;8151,17;8132,85;8134,26;5048059288,00;61991
WDOFUT;29/10/2020;14:00:00;8131,44;8146,24;8129,33;8143,42;4010155899,00;49273
WDOFUT;29/10/2020;13:45:00;8134,97;8137,79;8128,62;8130,74;3601386656,00;44273
WDOFUT;29/10/2020;13:30:00;8137,79;8142,01;8126,51;8134,97;4175072628,00;51326
WDOFUT;29/10/2020;13:15:00;8137,79;8139,90;8130,74;8137,08;4719022111,00;58005
WDOFUT;29/10/2020;13:00:00;8147,65;8152,58;8137,08;8138,49;5051667580,00;62007
WDOFUT;29/10/2020;12:45:00;8148,36;8151,88;8143,42;8147,65;4516743103,00;55438
WDOFUT;29/10/2020;12:30:00;8154,70;8159,63;8143,42;8148,36;5774098469,00;70826
WDOFUT;29/10/2020;12:15:00;8149,77;8155,40;8145,54;8154,70;4244503320,00;52081
WDOFUT;29/10/2020;12:00:00;8138,49;8158,22;8135,67;8149,77;8667338643,00;106363
WDOFUT;29/10/2020;11:45:00;8134,26;8144,13;8132,15;8137,79;5017948524,00;61655
WDOFUT;29/10/2020;11:30:00;8140,60;8146,24;8129,33;8133,56;8437867078,00;103686
WDOFUT;29/10/2020;11:15:00;8149,06;8153,29;8132,15;8141,31;9178383610,00;112738
WDOFUT;29/10/2020;11:00:00;8127,92;8149,06;8125,10;8148,36;9565899823,00;117591
WDOFUT;29/10/2020;10:45:00;8148,36;8155,40;8114,53;8128,62;1,6028799E10;197095
WDOFUT;29/10/2020;10:30:00;8149,77;8163,15;8134,97;8148,36;1,572833512E10;193024
WDOFUT;29/10/2020;10:15:00;8151,17;8159,63;8141,31;8149,06;9415061927,00;115491
WDOFUT;29/10/2020;10:00:00;8149,06;8157,52;8140,60;8150,47;1,018811361E10;124999
WDOFUT;29/10/2020;09:45:00;8125,10;8149,06;8123,69;8148,36;9466037506,00;116313
WDOFUT;29/10/2020;09:30:00;8137,08;8144,13;8115,94;8124,40;1,463535395E10;180065
WDOFUT;29/10/2020;09:15:00;8142,01;8160,34;8127,92;8136,38;1,425619971E10;175037
WDOFUT;29/10/2020;09:00:00;8153,29;8155,40;8127,21;8142,72;1,210448674E10;148676
WDOFUT;28/10/2020;17:45:00;8120,87;8121,58;8102,55;8102,55;2289585920,00;28224
WDOFUT;28/10/2020;17:30:00;8122,28;8125,10;8116,64;8120,87;1590913531,00;19589
WDOFUT;28/10/2020;17:15:00;8122,28;8129,33;8115,94;8122,28;3342827654,00;41157
WDOFUT;28/10/2020;17:00:00;8122,99;8125,81;8114,53;8122,28;3908362521,00;48135
WDOFUT;28/10/2020;16:45:00;8101,14;8130,03;8099,73;8122,99;6860285203,00;84508
WDOFUT;28/10/2020;16:30:00;8099,73;8108,19;8088,46;8100,44;5916812990,00;73056
WDOFUT;28/10/2020;16:15:00;8105,37;8111,01;8096,21;8099,73;5660578647,00;69859
WDOFUT;28/10/2020;16:00:00;8084,23;8115,94;8082,82;8104,66;1,043337298E10;128810
WDOFUT;28/10/2020;15:45:00;8080,00;8089,16;8079,30;8084,93;4197138457,00;51918
WDOFUT;28/10/2020;15:30:00;8072,25;8087,75;8068,02;8080,00;5456717034,00;67538
WDOFUT;28/10/2020;15:15:00;8088,46;8093,39;8068,02;8072,95;7477331054,00;92556
WDOFUT;28/10/2020;15:00:00;8077,89;8090,57;8077,18;8088,46;4327320217,00;53524
WDOFUT;28/10/2020;14:45:00;8084,93;8091,28;8077,18;8077,89;5443704795,00;67340
WDOFUT;28/10/2020;14:30:00;8087,75;8096,21;8078,59;8085,64;5619520378,00;69486
WDOFUT;28/10/2020;14:15:00;8094,80;8102,55;8087,05;8087,75;5414675966,00;66882
WDOFUT;28/10/2020;14:00:00;8083,52;8095,50;8072,95;8095,50;6509247537,00;80516
WDOFUT;28/10/2020;13:45:00;8090,57;8091,28;8072,25;8082,82;5819586349,00;72012
WDOFUT;28/10/2020;13:30:00;8080,00;8094,09;8076,48;8089,87;5546208692,00;68605
WDOFUT;28/10/2020;13:15:00;8090,57;8101,85;8080,00;8080,00;6377494058,00;78815
WDOFUT;28/10/2020;13:00:00;8092,68;8104,66;8084,93;8091,28;1,082600319E10;133734
WDOFUT;28/10/2020;12:45:00;8076,48;8094,80;8075,07;8093,39;7791760279,00;96369
WDOFUT;28/10/2020;12:30:00;8071,54;8084,93;8068,73;8077,18;8751830897,00;108368
WDOFUT;28/10/2020;12:15:00;8048,99;8077,18;8042,65;8070,84;9620502241,00;119369
WDOFUT;28/10/2020;12:00:00;8087,75;8090,57;8037,72;8048,99;1,673408401E10;207590
WDOFUT;28/10/2020;11:45:00;8083,52;8101,14;8082,11;8087,05;1,068393435E10;132009
WDOFUT;28/10/2020;11:30:00;8103,96;8108,19;8074,36;8082,82;1,200368194E10;148446
WDOFUT;28/10/2020;11:15:00;8088,46;8113,83;8081,41;8103,96;1,291648765E10;159447
WDOFUT;28/10/2020;11:00:00;8082,82;8091,28;8065,20;8088,46;1,142539824E10;141431
WDOFUT;28/10/2020;10:45:00;8067,32;8094,09;8058,16;8083,52;1,275328246E10;157891
WDOFUT;28/10/2020;10:30:00;8080,00;8088,46;8060,97;8067,32;1,374218463E10;170175
WDOFUT;28/10/2020;10:15:00;8075,77;8108,19;8069,43;8080,00;1,521172897E10;188070
WDOFUT;28/10/2020;10:00:00;8080,71;8093,39;8059,56;8076,48;1,872237001E10;231740
WDOFUT;28/10/2020;09:45:00;8156,11;8164,56;8068,73;8080,71;3,602922689E10;443976
WDOFUT;28/10/2020;09:30:00;8110,30;8156,81;8105,37;8156,11;2,175743688E10;267595
WDOFUT;28/10/2020;09:15:00;8100,44;8115,94;8094,09;8110,30;1,478968803E10;182484
WDOFUT;28/10/2020;09:00:00;8080,71;8102,55;8062,38;8099,73;1,747839627E10;216209
WDOFUT;27/10/2020;17:45:00;8027,85;8051,11;8027,15;8046,88;5051066626,00;62823
WDOFUT;27/10/2020;17:30:00;8020,10;8028,56;8016,58;8028,56;2992381886,00;37301
WDOFUT;27/10/2020;17:15:00;8021,51;8032,08;8015,87;8020,81;6760724037,00;84249
WDOFUT;27/10/2020;17:00:00;8009,53;8022,22;8008,12;8021,51;5727538392,00;71459
WDOFUT;27/10/2020;16:45:00;8006,01;8010,94;8004,60;8008,83;4895346454,00;61129
WDOFUT;27/10/2020;16:30:00;7998,96;8008,12;7998,96;8006,01;4770349797,00;59594
WDOFUT;27/10/2020;16:15:00;8001,08;8003,19;7998,26;7999,67;3025079441,00;37812
WDOFUT;27/10/2020;16:00:00;8002,48;8002,48;7996,14;8001,08;3781355511,00;47270
WDOFUT;27/10/2020;15:45:00;7993,32;8003,19;7989,80;8001,78;6523580870,00;81569
WDOFUT;27/10/2020;15:30:00;7982,05;7997,55;7979,93;7992,62;7966154279,00;99708
WDOFUT;27/10/2020;15:15:00;7985,57;7989,10;7978,52;7981,34;4547603089,00;56957
WDOFUT;27/10/2020;15:00:00;7979,93;7987,69;7976,41;7984,87;4450696787,00;55748
WDOFUT;27/10/2020;14:45:00;7979,93;7981,34;7971,48;7979,93;3916062354,00;49094
WDOFUT;27/10/2020;14:30:00;7979,23;7982,05;7972,89;7979,93;4001270942,00;50159
WDOFUT;27/10/2020;14:15:00;7979,93;7984,87;7975,71;7979,23;4817326959,00;60362
WDOFUT;27/10/2020;14:00:00;7965,14;7980,64;7965,14;7980,64;4886877830,00;61280
WDOFUT;27/10/2020;13:45:00;7972,18;7972,89;7963,73;7965,14;3832184740,00;48095
WDOFUT;27/10/2020;13:30:00;7970,07;7981,34;7969,36;7972,89;6105647852,00;76560
WDOFUT;27/10/2020;13:15:00;7967,95;7972,18;7966,55;7970,07;2140095030,00;26853
WDOFUT;27/10/2020;13:00:00;7963,02;7972,18;7962,32;7967,95;5719956821,00;71787
WDOFUT;27/10/2020;12:45:00;7966,55;7967,95;7957,38;7962,32;4934861666,00;61976
WDOFUT;27/10/2020;12:30:00;7969,36;7970,77;7963,73;7966,55;3724913036,00;46755
WDOFUT;27/10/2020;12:15:00;7967,25;7975,00;7967,25;7968,66;5805278434,00;72827
WDOFUT;27/10/2020;12:00:00;7961,61;7970,77;7961,61;7967,95;7000557226,00;87870
WDOFUT;27/10/2020;11:45:00;7965,84;7965,84;7956,68;7961,61;6745062571,00;84737
WDOFUT;27/10/2020;11:30:00;7964,43;7971,48;7963,02;7965,84;6599967769,00;82839
WDOFUT;27/10/2020;11:15:00;7956,68;7967,95;7955,27;7965,14;8273727780,00;103895
WDOFUT;27/10/2020;11:00:00;7955,27;7962,32;7951,75;7956,68;6347951896,00;79778
WDOFUT;27/10/2020;10:45:00;7953,16;7960,20;7948,22;7955,27;6448527756,00;81068
WDOFUT;27/10/2020;10:30:00;7948,93;7963,02;7948,22;7952,45;1,087438352E10;136692
WDOFUT;27/10/2020;10:15:00;7947,52;7957,38;7946,11;7948,93;7305344388,00;91870
WDOFUT;27/10/2020;10:00:00;7941,18;7955,97;7940,47;7947,52;1,107373471E10;139322
WDOFUT;27/10/2020;09:45:00;7932,02;7946,81;7931,31;7941,18;1,229970174E10;154883
WDOFUT;27/10/2020;09:30:00;7923,56;7932,72;7912,99;7932,02;1,233133822E10;155646
WDOFUT;27/10/2020;09:15:00;7910,87;7924,97;7910,87;7923,56;8473059963,00;107000
WDOFUT;27/10/2020;09:00:00;7907,35;7917,92;7893,26;7910,87;1,371638342E10;173510
WDOFUT;26/10/2020;17:45:00;7924,97;7934,83;7924,26;7927,08;1689102915,00;21302
WDOFUT;26/10/2020;17:30:00;7921,44;7929,20;7920,74;7924,97;2485956451,00;31366
WDOFUT;26/10/2020;17:15:00;7917,22;7922,15;7915,81;7921,44;1441829227,00;18207
WDOFUT;26/10/2020;17:00:00;7910,87;7920,04;7909,47;7917,22;3105516234,00;39233
WDOFUT;26/10/2020;16:45:00;7926,38;7928,49;7910,17;7910,17;5203711605,00;65709
WDOFUT;26/10/2020;16:30:00;7929,90;7932,02;7924,26;7925,67;2746214515,00;34644
WDOFUT;26/10/2020;16:15:00;7929,20;7932,02;7924,97;7929,90;2233604997,00;28171
WDOFUT;26/10/2020;16:00:00;7932,02;7935,54;7927,08;7929,20;3381539017,00;42633
WDOFUT;26/10/2020;15:45:00;7928,49;7933,42;7926,38;7932,02;2388693786,00;30121
WDOFUT;26/10/2020;15:30:00;7925,67;7934,13;7924,26;7928,49;3043159714,00;38378
WDOFUT;26/10/2020;15:15:00;7929,90;7934,83;7922,85;7926,38;4037904083,00;50928
WDOFUT;26/10/2020;15:00:00;7923,56;7933,42;7919,33;7929,90;5591994502,00;70550
WDOFUT;26/10/2020;14:45:00;7935,54;7939,06;7921,44;7923,56;5362237086,00;67632
WDOFUT;26/10/2020;14:30:00;7941,18;7943,99;7929,20;7935,54;6834744601,00;86104
WDOFUT;26/10/2020;14:15:00;7929,90;7943,29;7929,20;7941,18;4741308213,00;59740
WDOFUT;26/10/2020;14:00:00;7936,24;7936,24;7923,56;7930,61;5831104740,00;73536
WDOFUT;26/10/2020;13:45:00;7941,18;7942,59;7935,54;7936,24;4784009332,00;60252
WDOFUT;26/10/2020;13:30:00;7927,79;7942,59;7927,79;7941,88;6403317116,00;80683
WDOFUT;26/10/2020;13:15:00;7922,85;7931,31;7919,33;7927,79;4042314103,00;51000
WDOFUT;26/10/2020;13:00:00;7917,22;7923,56;7914,40;7922,15;4319443401,00;54546
WDOFUT;26/10/2020;12:45:00;7930,61;7933,42;7910,87;7916,51;7544291370,00;95261
WDOFUT;26/10/2020;12:30:00;7927,08;7934,83;7924,97;7930,61;4758284114,00;60002
WDOFUT;26/10/2020;12:15:00;7931,31;7941,88;7924,97;7927,08;6653300994,00;83861
WDOFUT;26/10/2020;12:00:00;7924,26;7934,83;7923,56;7931,31;7674558384,00;96785
WDOFUT;26/10/2020;11:45:00;7915,81;7927,79;7913,69;7924,26;6932508302,00;87513
WDOFUT;26/10/2020;11:30:00;7929,20;7944,70;7914,40;7916,51;1,174867193E10;148191
WDOFUT;26/10/2020;11:15:00;7937,65;7941,18;7917,92;7929,20;1,189479377E10;150047
WDOFUT;26/10/2020;11:00:00;7933,42;7948,93;7932,72;7938,36;7205199419,00;90738
WDOFUT;26/10/2020;10:45:00;7944,70;7944,70;7930,61;7933,42;9214876637,00;116123
WDOFUT;26/10/2020;10:30:00;7943,29;7955,27;7936,24;7943,99;1,115640131E10;140414
WDOFUT;26/10/2020;10:15:00;7957,38;7960,20;7937,65;7943,29;1,220081106E10;153514
WDOFUT;26/10/2020;10:00:00;7975,71;7981,34;7952,45;7957,38;1,086291817E10;136316
WDOFUT;26/10/2020;09:45:00;7964,43;7983,46;7963,73;7975,71;1,187913432E10;148916
WDOFUT;26/10/2020;09:30:00;7951,04;7968,66;7950,34;7964,43;7945904139,00;99808
WDOFUT;26/10/2020;09:15:00;7965,84;7968,66;7946,11;7951,04;1,039467531E10;130670
WDOFUT;26/10/2020;09:00:00;7958,09;7970,77;7953,16;7965,84;9262381896,00;116335
WDOFUT;23/10/2020;17:45:00;7923,56;7927,08;7906,65;7922,85;2338932969,00;29524
WDOFUT;23/10/2020;17:30:00;7925,67;7927,08;7920,74;7923,56;2336157448,00;29484
WDOFUT;23/10/2020;17:15:00;7934,13;7936,24;7924,26;7926,38;2892892246,00;36482
WDOFUT;23/10/2020;17:00:00;7932,72;7936,95;7931,31;7934,13;2233560940,00;28152
WDOFUT;23/10/2020;16:45:00;7931,31;7939,77;7930,61;7933,42;2680953036,00;33788
WDOFUT;23/10/2020;16:30:00;7934,13;7934,83;7928,49;7932,02;2082030825,00;26247
WDOFUT;23/10/2020;16:15:00;7928,49;7936,95;7927,08;7933,42;3582414651,00;45162
WDOFUT;23/10/2020;16:00:00;7929,20;7932,72;7926,38;7928,49;3100927934,00;39104
WDOFUT;23/10/2020;15:45:00;7922,15;7930,61;7920,74;7929,20;3199001333,00;40356
WDOFUT;23/10/2020;15:30:00;7919,33;7927,08;7919,33;7921,44;2797042116,00;35301
WDOFUT;23/10/2020;15:15:00;7922,15;7924,97;7918,63;7919,33;2853917977,00;36028
WDOFUT;23/10/2020;15:00:00;7928,49;7929,90;7920,04;7922,15;3263566097,00;41186
WDOFUT;23/10/2020;14:45:00;7922,85;7937,65;7920,04;7929,20;6228589416,00;78547
WDOFUT;23/10/2020;14:30:00;7918,63;7923,56;7916,51;7922,15;2463661646,00;31106
WDOFUT;23/10/2020;14:15:00;7922,85;7930,61;7917,92;7918,63;5002065876,00;63125
WDOFUT;23/10/2020;14:00:00;7919,33;7923,56;7912,99;7922,15;3647824807,00;46069
WDOFUT;23/10/2020;13:45:00;7914,40;7920,04;7907,35;7919,33;3692861888,00;46661
WDOFUT;23/10/2020;13:30:00;7915,10;7917,22;7911,58;7914,40;2336357418,00;29520
WDOFUT;23/10/2020;13:15:00;7917,92;7926,38;7912,28;7914,40;5254571551,00;66351
WDOFUT;23/10/2020;13:00:00;7914,40;7920,74;7909,47;7917,92;5976377533,00;75502
WDOFUT;23/10/2020;12:45:00;7924,26;7926,38;7911,58;7915,10;4781336610,00;60373
WDOFUT;23/10/2020;12:30:00;7930,61;7935,54;7922,15;7924,26;5290305371,00;66737
WDOFUT;23/10/2020;12:15:00;7918,63;7943,99;7917,92;7930,61;9842033143,00;124078
WDOFUT;23/10/2020;12:00:00;7921,44;7927,08;7916,51;7919,33;6413674202,00;80962
WDOFUT;23/10/2020;11:45:00;7921,44;7923,56;7915,81;7920,74;4282810626,00;54078
WDOFUT;23/10/2020;11:30:00;7918,63;7926,38;7915,10;7922,15;4671901995,00;58988
WDOFUT;23/10/2020;11:15:00;7915,10;7923,56;7912,99;7917,92;5280092303,00;66683
WDOFUT;23/10/2020;11:00:00;7917,22;7925,67;7912,28;7914,40;8610793621,00;108730
WDOFUT;23/10/2020;10:45:00;7908,76;7920,04;7904,53;7917,22;8994565825,00;113656
WDOFUT;23/10/2020;10:30:00;7886,21;7912,28;7881,28;7908,76;1,386423721E10;175540
WDOFUT;23/10/2020;10:15:00;7891,85;7893,96;7875,64;7886,21;9135568825,00;115860
WDOFUT;23/10/2020;10:00:00;7875,64;7897,49;7871,41;7891,85;1,308296365E10;165882
WDOFUT;23/10/2020;09:45:00;7871,41;7882,69;7863,66;7874,94;1,143784602E10;145243
WDOFUT;23/10/2020;09:30:00;7865,07;7874,94;7860,84;7871,41;1,042978133E10;132555
WDOFUT;23/10/2020;09:15:00;7853,79;7870,00;7846,04;7865,07;1,130412287E10;143853
WDOFUT;23/10/2020;09:00:00;7858,73;7869,30;7847,45;7853,79;1,209393635E10;153926
WDOFUT;22/10/2020;17:45:00;7891,14;7896,08;7878,46;7893,96;1923961942,00;24391
WDOFUT;22/10/2020;17:30:00;7893,26;7897,49;7886,21;7891,14;2163908206,00;27423
WDOFUT;22/10/2020;17:15:00;7887,62;7896,08;7885,51;7892,55;2299798397,00;29143
WDOFUT;22/10/2020;17:00:00;7886,21;7891,14;7885,51;7888,32;2373895828,00;30095
WDOFUT;22/10/2020;16:45:00;7891,85;7896,08;7883,39;7886,91;3358273893,00;42564
WDOFUT;22/10/2020;16:30:00;7891,85;7896,08;7890,44;7892,55;2312218230,00;29295
WDOFUT;22/10/2020;16:15:00;7896,08;7898,89;7889,03;7891,85;3191001343,00;40420
WDOFUT;22/10/2020;16:00:00;7896,08;7902,42;7895,37;7896,08;3766251337,00;47686
WDOFUT;22/10/2020;15:45:00;7892,55;7898,19;7886,91;7896,08;4783644710,00;60604
WDOFUT;22/10/2020;15:30:00;7880,57;7894,67;7879,16;7892,55;6518116059,00;82628
WDOFUT;22/10/2020;15:15:00;7867,18;7887,62;7865,77;7880,57;6466709688,00;82084
WDOFUT;22/10/2020;15:00:00;7872,12;7874,94;7863,66;7867,18;4531472008,00;57584
WDOFUT;22/10/2020;14:45:00;7862,96;7873,53;7860,84;7871,41;4874028937,00;61956
WDOFUT;22/10/2020;14:30:00;7856,61;7867,18;7856,61;7862,96;3726471977,00;47394
WDOFUT;22/10/2020;14:15:00;7853,09;7863,66;7845,34;7856,61;6462502077,00;82260
WDOFUT;22/10/2020;14:00:00;7857,32;7858,02;7848,16;7852,38;5365185385,00;68325
WDOFUT;22/10/2020;13:45:00;7867,18;7868,59;7841,81;7858,02;9121160731,00;116141
WDOFUT;22/10/2020;13:30:00;7865,77;7873,53;7862,96;7867,89;3964172895,00;50380
WDOFUT;22/10/2020;13:15:00;7867,18;7870,71;7860,84;7865,77;3206136743,00;40764
WDOFUT;22/10/2020;13:00:00;7873,53;7875,64;7865,77;7867,89;4097895128,00;52066
WDOFUT;22/10/2020;12:45:00;7870,00;7873,53;7861,55;7872,82;3488420384,00;44337
WDOFUT;22/10/2020;12:30:00;7871,41;7879,87;7862,96;7869,30;4726870811,00;60046
WDOFUT;22/10/2020;12:15:00;7862,96;7879,87;7855,91;7871,41;6857880984,00;87133
WDOFUT;22/10/2020;12:00:00;7862,96;7877,05;7860,84;7862,96;6432573891,00;81740
WDOFUT;22/10/2020;11:45:00;7872,82;7883,39;7857,32;7863,66;1,132262091E10;143912
WDOFUT;22/10/2020;11:30:00;7877,75;7880,57;7867,18;7873,53;7063949615,00;89715
WDOFUT;22/10/2020;11:15:00;7884,10;7895,37;7872,12;7877,75;1,117591485E10;141770
WDOFUT;22/10/2020;11:00:00;7874,94;7889,03;7870,71;7884,80;8958527056,00;113680
WDOFUT;22/10/2020;10:45:00;7879,87;7881,28;7858,73;7874,23;1,170259831E10;148742
WDOFUT;22/10/2020;10:30:00;7881,28;7888,32;7862,96;7880,57;1,268784553E10;161105
WDOFUT;22/10/2020;10:15:00;7879,87;7884,80;7874,23;7881,98;6607769183,00;83852
WDOFUT;22/10/2020;10:00:00;7890,44;7901,01;7870,00;7880,57;1,346861826E10;170869
WDOFUT;22/10/2020;09:45:00;7886,91;7896,08;7874,23;7889,73;1,414321197E10;179398
WDOFUT;22/10/2020;09:30:00;7915,10;7926,38;7886,21;7886,91;1,738844016E10;219936
WDOFUT;22/10/2020;09:15:00;7917,92;7932,02;7910,17;7914,40;1,216316028E10;153520
WDOFUT;22/10/2020;09:00:00;7915,10;7926,38;7900,30;7917,92;1,175939497E10;148605
WDOFUT;21/10/2020;17:45:00;7907,35;7908,06;7896,78;7906,65;1865629257,00;23609
WDOFUT;21/10/2020;17:30:00;7907,35;7910,87;7903,12;7908,06;1340212952,00;16947
WDOFUT;21/10/2020;17:15:00;7910,17;7911,58;7898,19;7907,35;2748531177,00;34767
WDOFUT;21/10/2020;17:00:00;7917,22;7917,22;7898,19;7910,87;4312305524,00;54531
WDOFUT;21/10/2020;16:45:00;7915,10;7918,63;7910,87;7917,22;3969079532,00;50143
WDOFUT;21/10/2020;16:30:00;7906,65;7915,10;7905,24;7915,10;2561297213,00;32380
WDOFUT;21/10/2020;16:15:00;7912,28;7915,10;7901,01;7907,35;4035810584,00;51036
WDOFUT;21/10/2020;16:00:00;7911,58;7916,51;7905,24;7911,58;3972563601,00;50208
WDOFUT;21/10/2020;15:45:00;7905,24;7914,40;7903,12;7910,87;3909188146,00;49430
WDOFUT;21/10/2020;15:30:00;7886,91;7909,47;7886,21;7905,94;6511064501,00;82446
WDOFUT;21/10/2020;15:15:00;7905,24;7912,99;7882,69;7886,21;5574674747,00;70583
WDOFUT;21/10/2020;15:00:00;7905,94;7910,87;7898,89;7905,24;4889682039,00;61856
WDOFUT;21/10/2020;14:45:00;7922,15;7924,97;7903,83;7905,94;5335811242,00;67431
WDOFUT;21/10/2020;14:30:00;7892,55;7932,02;7891,85;7921,44;9987915228,00;126207
WDOFUT;21/10/2020;14:15:00;7889,73;7899,60;7884,80;7892,55;3744545929,00;47441
WDOFUT;21/10/2020;14:00:00;7899,60;7900,30;7882,69;7889,73;4185061794,00;53044
WDOFUT;21/10/2020;13:45:00;7884,80;7901,71;7881,98;7899,60;6501545610,00;82401
WDOFUT;21/10/2020;13:30:00;7873,53;7889,73;7870,00;7884,80;6302544513,00;79990
WDOFUT;21/10/2020;13:15:00;7904,53;7907,35;7853,79;7872,82;1,563088868E10;198464
WDOFUT;21/10/2020;13:00:00;7907,35;7912,28;7901,71;7905,24;4945202143,00;62540
WDOFUT;21/10/2020;12:45:00;7909,47;7913,69;7906,65;7907,35;3806357659,00;48117
WDOFUT;21/10/2020;12:30:00;7917,92;7925,67;7909,47;7909,47;6315085997,00;79762
WDOFUT;21/10/2020;12:15:00;7898,89;7934,83;7898,89;7917,92;1,309770003E10;165333
WDOFUT;21/10/2020;12:00:00;7892,55;7904,53;7891,85;7899,60;8520864145,00;107874
WDOFUT;21/10/2020;11:45:00;7871,41;7895,37;7868,59;7892,55;7092014996,00;89964
WDOFUT;21/10/2020;11:30:00;7869,30;7875,64;7866,48;7871,41;5429373702,00;68976
WDOFUT;21/10/2020;11:15:00;7877,05;7884,10;7865,07;7869,30;7511016482,00;95385
WDOFUT;21/10/2020;11:00:00;7877,75;7886,21;7866,48;7876,34;1,071921367E10;136077
WDOFUT;21/10/2020;10:45:00;7888,32;7894,67;7872,12;7877,05;9291499770,00;117857
WDOFUT;21/10/2020;10:30:00;7907,35;7910,87;7885,51;7889,03;1,209839875E10;153194
WDOFUT;21/10/2020;10:15:00;7896,08;7913,69;7893,96;7907,35;1,083131737E10;137026
WDOFUT;21/10/2020;10:00:00;7883,39;7910,17;7881,28;7896,78;1,908381071E10;241619
WDOFUT;21/10/2020;09:45:00;7872,12;7887,62;7870,71;7884,10;1,229757103E10;156049
WDOFUT;21/10/2020;09:30:00;7865,77;7873,53;7854,50;7872,12;1,296262145E10;164855
WDOFUT;21/10/2020;09:15:00;7865,07;7877,75;7862,25;7865,07;1,080973223E10;137357
WDOFUT;21/10/2020;09:00:00;7894,67;7901,01;7864,36;7865,07;1,346170114E10;170947
WDOFUT;20/10/2020;17:45:00;7911,58;7912,28;7898,89;7905,94;1770635088,00;22395
WDOFUT;20/10/2020;17:30:00;7906,65;7914,40;7903,12;7910,87;2350310535,00;29715
WDOFUT;20/10/2020;17:15:00;7904,53;7912,28;7902,42;7907,35;2308588811,00;29197
WDOFUT;20/10/2020;17:00:00;7910,87;7915,81;7898,19;7904,53;4426681617,00;55986
WDOFUT;20/10/2020;16:45:00;7901,71;7919,33;7901,01;7911,58;6906687950,00;87311
WDOFUT;20/10/2020;16:30:00;7891,85;7913,69;7891,85;7902,42;8419296896,00;106506
WDOFUT;20/10/2020;16:15:00;7894,67;7901,01;7890,44;7891,85;5906417406,00;74820
WDOFUT;20/10/2020;16:00:00;7876,34;7896,08;7873,53;7894,67;8445466972,00;107087
WDOFUT;20/10/2020;15:45:00;7865,07;7883,39;7865,07;7876,34;8589948516,00;109079
WDOFUT;20/10/2020;15:30:00;7853,79;7867,18;7851,68;7865,77;5720175508,00;72779
WDOFUT;20/10/2020;15:15:00;7838,29;7853,79;7834,06;7853,79;7004428882,00;89276
WDOFUT;20/10/2020;15:00:00;7836,88;7844,63;7830,54;7838,29;5286199433,00;67448
WDOFUT;20/10/2020;14:45:00;7826,31;7841,81;7824,20;7836,88;5476161218,00;69905
WDOFUT;20/10/2020;14:30:00;7827,02;7831,95;7824,90;7826,31;4065867897,00;51939
WDOFUT;20/10/2020;14:15:00;7835,47;7836,88;7822,08;7826,31;7454569637,00;95213
WDOFUT;20/10/2020;14:00:00;7847,45;7848,16;7832,65;7835,47;6449942200,00;82260
WDOFUT;20/10/2020;13:45:00;7854,50;7854,50;7842,52;7848,16;7712306482,00;98261
WDOFUT;20/10/2020;13:30:00;7874,94;7875,64;7853,79;7855,20;9659453425,00;122823
WDOFUT;20/10/2020;13:15:00;7869,30;7875,64;7865,07;7874,23;4015079766,00;51016
WDOFUT;20/10/2020;13:00:00;7862,96;7869,30;7862,96;7869,30;3843621866,00;48862
WDOFUT;20/10/2020;12:45:00;7858,02;7863,66;7855,20;7862,96;1996094213,00;25398
WDOFUT;20/10/2020;12:30:00;7862,96;7863,66;7854,50;7858,73;3112674511,00;39606
WDOFUT;20/10/2020;12:15:00;7863,66;7865,07;7854,50;7862,96;4700739070,00;59803
WDOFUT;20/10/2020;12:00:00;7863,66;7875,64;7861,55;7863,66;8065525538,00;102496
WDOFUT;20/10/2020;11:45:00;7857,32;7863,66;7851,68;7863,66;6399632125,00;81447
WDOFUT;20/10/2020;11:30:00;7871,41;7871,41;7854,50;7858,02;8584685910,00;109214
WDOFUT;20/10/2020;11:15:00;7865,77;7874,23;7862,96;7872,12;6188077564,00;78639
WDOFUT;20/10/2020;11:00:00;7876,34;7881,98;7863,66;7865,77;1,039129589E10;132003
WDOFUT;20/10/2020;10:45:00;7883,39;7894,67;7873,53;7876,34;9093685304,00;115332
WDOFUT;20/10/2020;10:30:00;7878,46;7891,85;7872,82;7883,39;1,193120663E10;151363
WDOFUT;20/10/2020;10:15:00;7872,82;7881,28;7860,84;7877,75;9371746698,00;119079
WDOFUT;20/10/2020;10:00:00;7871,41;7876,34;7865,07;7872,82;6787591892,00;86229
WDOFUT;20/10/2020;09:45:00;7885,51;7887,62;7866,48;7871,41;9686093608,00;122982
WDOFUT;20/10/2020;09:30:00;7910,87;7913,69;7874,23;7885,51;1,987595935E10;251861
WDOFUT;20/10/2020;09:15:00;7900,30;7933,42;7895,37;7910,17;1,565021346E10;197634
WDOFUT;20/10/2020;09:00:00;7902,42;7907,35;7889,03;7899,60;8868708238,00;112286
WDOFUT;19/10/2020;17:45:00;7908,76;7912,28;7903,83;7908,06;1867308088,00;23612
WDOFUT;19/10/2020;17:30:00;7905,24;7913,69;7901,01;7908,76;2932697432,00;37087
WDOFUT;19/10/2020;17:15:00;7899,60;7906,65;7898,19;7905,24;2323311896,00;29401
WDOFUT;19/10/2020;17:00:00;7902,42;7902,42;7893,96;7901,01;3320652224,00;42044
WDOFUT;19/10/2020;16:45:00;7905,24;7910,87;7900,30;7902,42;4297316686,00;54357
WDOFUT;19/10/2020;16:30:00;7903,12;7908,06;7901,01;7905,94;3649460961,00;46168
WDOFUT;19/10/2020;16:15:00;7898,19;7905,94;7897,49;7903,12;3967417840,00;50211
WDOFUT;19/10/2020;16:00:00;7892,55;7901,71;7886,91;7898,19;7094995076,00;89873
WDOFUT;19/10/2020;15:45:00;7886,91;7893,96;7880,57;7893,26;8474583669,00;107441
WDOFUT;19/10/2020;15:30:00;7872,82;7887,62;7872,82;7886,21;5327366874,00;67597
WDOFUT;19/10/2020;15:15:00;7870,71;7875,64;7867,18;7872,12;2516510078,00;31970
WDOFUT;19/10/2020;15:00:00;7873,53;7875,64;7867,89;7870,71;3003993275,00;38158
WDOFUT;19/10/2020;14:45:00;7865,77;7875,64;7865,07;7873,53;3923025657,00;49842
WDOFUT;19/10/2020;14:30:00;7862,25;7867,18;7858,73;7865,07;3895077925,00;49533
WDOFUT;19/10/2020;14:15:00;7857,32;7862,25;7853,09;7862,25;2747263851,00;34965
WDOFUT;19/10/2020;14:00:00;7862,96;7864,36;7855,20;7857,32;2731894923,00;34756
WDOFUT;19/10/2020;13:45:00;7861,55;7865,07;7856,61;7862,25;2683809858,00;34141
WDOFUT;19/10/2020;13:30:00;7860,14;7865,77;7848,86;7862,25;6531305839,00;83128
WDOFUT;19/10/2020;13:15:00;7865,77;7869,30;7858,73;7860,84;3428569736,00;43594
WDOFUT;19/10/2020;13:00:00;7864,36;7870,00;7858,73;7865,77;5819846472,00;73996
WDOFUT;19/10/2020;12:45:00;7860,84;7867,18;7855,20;7865,07;5781615040,00;73546
WDOFUT;19/10/2020;12:30:00;7872,82;7876,34;7858,73;7861,55;1,159889099E10;147417
WDOFUT;19/10/2020;12:15:00;7894,67;7896,78;7870,71;7872,82;9448254980,00;119859
WDOFUT;19/10/2020;12:00:00;7895,37;7898,89;7889,73;7894,67;5381393178,00;68166
WDOFUT;19/10/2020;11:45:00;7910,17;7915,81;7891,85;7895,37;7153622851,00;90514
WDOFUT;19/10/2020;11:30:00;7901,71;7915,81;7899,60;7909,47;7513536736,00;94999
WDOFUT;19/10/2020;11:15:00;7903,12;7905,24;7884,80;7901,71;9954936303,00;126082
WDOFUT;19/10/2020;11:00:00;7899,60;7909,47;7896,78;7902,42;7137570992,00;90318
WDOFUT;19/10/2020;10:45:00;7917,92;7920,04;7888,32;7899,60;1,395400199E10;176609
WDOFUT;19/10/2020;10:30:00;7915,10;7926,38;7903,83;7917,22;1,248815353E10;157731
WDOFUT;19/10/2020;10:15:00;7928,49;7929,20;7908,06;7915,10;9329881816,00;117854
WDOFUT;19/10/2020;10:00:00;7936,95;7944,70;7924,26;7929,20;1,315655276E10;165805
WDOFUT;19/10/2020;09:45:00;7912,99;7941,18;7907,35;7937,65;1,676370431E10;211526
WDOFUT;19/10/2020;09:30:00;7891,14;7915,10;7884,80;7912,28;1,247418548E10;157946
WDOFUT;19/10/2020;09:15:00;7912,28;7917,92;7888,32;7891,14;1,282760183E10;162375
WDOFUT;19/10/2020;09:00:00;7923,56;7939,77;7910,17;7912,28;1,19222041E10;150462
WDOFUT;16/10/2020;17:45:00;7960,20;7965,84;7955,97;7959,50;2222392858,00;27918
WDOFUT;16/10/2020;17:30:00;7971,48;7971,48;7959,50;7960,91;2862641854,00;35943
WDOFUT;16/10/2020;17:15:00;7959,50;7972,89;7958,79;7970,77;4655460540,00;58441
WDOFUT;16/10/2020;17:00:00;7954,57;7962,32;7953,16;7959,50;3024987697,00;38008
WDOFUT;16/10/2020;16:45:00;7957,38;7960,91;7953,16;7954,57;2757884422,00;34657
WDOFUT;16/10/2020;16:30:00;7958,79;7960,91;7955,97;7958,09;2160109570,00;27143
WDOFUT;16/10/2020;16:15:00;7959,50;7963,73;7956,68;7958,09;2793864821,00;35098
WDOFUT;16/10/2020;16:00:00;7959,50;7963,02;7956,68;7959,50;4835776512,00;60753
WDOFUT;16/10/2020;15:45:00;7949,63;7960,20;7948,93;7958,79;5334889625,00;67073
WDOFUT;16/10/2020;15:30:00;7950,34;7952,45;7948,22;7949,63;2355082407,00;29621
WDOFUT;16/10/2020;15:15:00;7941,18;7951,04;7940,47;7949,63;3884370423,00;48879
WDOFUT;16/10/2020;15:00:00;7953,86;7955,27;7939,06;7941,18;6033985548,00;75929
WDOFUT;16/10/2020;14:45:00;7950,34;7955,27;7946,11;7954,57;4024415408,00;50615
WDOFUT;16/10/2020;14:30:00;7951,75;7953,86;7947,52;7950,34;3832670780,00;48202
WDOFUT;16/10/2020;14:15:00;7946,81;7953,16;7943,99;7951,75;4007541223,00;50417
WDOFUT;16/10/2020;14:00:00;7942,59;7948,22;7938,36;7946,81;2994835335,00;37703
WDOFUT;16/10/2020;13:45:00;7939,77;7944,70;7939,06;7941,88;2158306615,00;27177
WDOFUT;16/10/2020;13:30:00;7935,54;7943,99;7934,13;7939,06;3652472886,00;46004
WDOFUT;16/10/2020;13:15:00;7933,42;7939,06;7932,72;7935,54;2167030528,00;27307
WDOFUT;16/10/2020;13:00:00;7927,79;7939,77;7926,38;7933,42;4684868500,00;59047
WDOFUT;16/10/2020;12:45:00;7935,54;7936,95;7926,38;7928,49;3428346426,00;43230
WDOFUT;16/10/2020;12:30:00;7943,29;7944,70;7929,90;7934,83;5099921314,00;64253
WDOFUT;16/10/2020;12:15:00;7938,36;7953,86;7937,65;7943,29;6671914775,00;83959
WDOFUT;16/10/2020;12:00:00;7946,11;7947,52;7935,54;7938,36;5697666343,00;71748
WDOFUT;16/10/2020;11:45:00;7951,75;7953,86;7939,06;7945,40;7831476752,00;98542
WDOFUT;16/10/2020;11:30:00;7938,36;7953,86;7936,24;7951,75;8049747952,00;101289
WDOFUT;16/10/2020;11:15:00;7930,61;7945,40;7929,20;7937,65;7639345247,00;96218
WDOFUT;16/10/2020;11:00:00;7940,47;7942,59;7926,38;7929,90;7160960585,00;90278
WDOFUT;16/10/2020;10:45:00;7934,13;7941,88;7931,31;7940,47;5969752039,00;75222
WDOFUT;16/10/2020;10:30:00;7913,69;7940,47;7912,28;7934,13;1,21115413E10;152701
WDOFUT;16/10/2020;10:15:00;7919,33;7933,42;7910,17;7914,40;9657590423,00;121895
WDOFUT;16/10/2020;10:00:00;7912,28;7928,49;7902,42;7919,33;1,079526832E10;136347
WDOFUT;16/10/2020;09:45:00;7913,69;7915,10;7893,26;7911,58;1,365609071E10;172767
WDOFUT;16/10/2020;09:30:00;7937,65;7944,70;7913,69;7914,40;1,231586312E10;155349
WDOFUT;16/10/2020;09:15:00;7931,31;7948,93;7929,90;7938,36;1,179316729E10;148522
WDOFUT;16/10/2020;09:00:00;7906,65;7934,13;7899,60;7932,02;1,169413256E10;147638
WDOFUT;15/10/2020;17:45:00;7917,22;7920,74;7909,47;7915,10;1811551630,00;22889
WDOFUT;15/10/2020;17:30:00;7917,22;7922,85;7910,17;7916,51;2740332104,00;34617
WDOFUT;15/10/2020;17:15:00;7928,49;7929,90;7915,81;7917,22;3128096312,00;39477
WDOFUT;15/10/2020;17:00:00;7927,79;7941,88;7923,56;7927,79;5747965312,00;72468
WDOFUT;15/10/2020;16:45:00;7907,35;7932,72;7905,24;7927,79;4656501152,00;58801
WDOFUT;15/10/2020;16:30:00;7912,99;7913,69;7903,12;7907,35;4728036534,00;59781
WDOFUT;15/10/2020;16:15:00;7896,78;7920,04;7895,37;7912,99;7166400231,00;90629
WDOFUT;15/10/2020;16:00:00;7895,37;7902,42;7894,67;7896,78;2810438800,00;35581
WDOFUT;15/10/2020;15:45:00;7896,78;7900,30;7891,14;7896,08;3439366367,00;43557
WDOFUT;15/10/2020;15:30:00;7888,32;7897,49;7885,51;7896,08;3540804601,00;44863
WDOFUT;15/10/2020;15:15:00;7894,67;7898,19;7887,62;7889,03;3998776825,00;50673
WDOFUT;15/10/2020;15:00:00;7908,76;7908,76;7893,26;7894,67;4608675448,00;58339
WDOFUT;15/10/2020;14:45:00;7900,30;7910,17;7898,89;7908,76;4858651941,00;61468
WDOFUT;15/10/2020;14:30:00;7886,21;7902,42;7881,98;7900,30;4645985686,00;58874
WDOFUT;15/10/2020;14:15:00;7893,26;7899,60;7881,28;7886,21;5301982720,00;67205
WDOFUT;15/10/2020;14:00:00;7889,03;7895,37;7888,32;7893,26;2735419942,00;34663
WDOFUT;15/10/2020;13:45:00;7895,37;7900,30;7884,10;7889,73;5330650042,00;67549
WDOFUT;15/10/2020;13:30:00;7896,08;7906,65;7889,03;7895,37;5961040549,00;75481
WDOFUT;15/10/2020;13:15:00;7917,92;7920,74;7893,96;7895,37;6851801950,00;86644
WDOFUT;15/10/2020;13:00:00;7919,33;7921,44;7910,17;7917,92;3656328391,00;46191
WDOFUT;15/10/2020;12:45:00;7913,69;7921,44;7909,47;7919,33;4519113497,00;57094
WDOFUT;15/10/2020;12:30:00;7911,58;7915,10;7907,35;7912,99;2817497836,00;35617
WDOFUT;15/10/2020;12:15:00;7907,35;7912,99;7903,83;7910,87;5239700454,00;66254
WDOFUT;15/10/2020;12:00:00;7915,10;7917,92;7893,96;7906,65;1,030683841E10;130403
WDOFUT;15/10/2020;11:45:00;7917,92;7927,79;7909,47;7915,10;8347819644,00;105422
WDOFUT;15/10/2020;11:30:00;7910,87;7920,74;7905,24;7917,92;7120958811,00;90003
WDOFUT;15/10/2020;11:15:00;7925,67;7929,20;7908,06;7910,87;7907301383,00;99885
WDOFUT;15/10/2020;11:00:00;7914,40;7932,02;7914,40;7926,38;1,006213279E10;126950
WDOFUT;15/10/2020;10:45:00;7912,99;7917,22;7903,12;7915,10;9775953136,00;123589
WDOFUT;15/10/2020;10:30:00;7923,56;7929,90;7907,35;7912,28;1,232561907E10;155700
WDOFUT;15/10/2020;10:15:00;7927,79;7933,42;7910,17;7924,26;1,113472933E10;140556
WDOFUT;15/10/2020;10:00:00;7948,93;7950,34;7920,74;7927,08;1,391075305E10;175315
WDOFUT;15/10/2020;09:45:00;7941,88;7960,20;7936,95;7948,93;9623338239,00;121037
WDOFUT;15/10/2020;09:30:00;7929,20;7960,91;7928,49;7941,18;1,715339483E10;215893
WDOFUT;15/10/2020;09:15:00;7948,93;7958,09;7927,79;7929,90;1,189920678E10;149859
WDOFUT;15/10/2020;09:00:00;7939,06;7964,43;7938,36;7948,22;1,188775622E10;149529
WDOFUT;14/10/2020;17:45:00;7887,62;7891,85;7882,69;7888,32;2417137685,00;30645
WDOFUT;14/10/2020;17:30:00;7896,08;7898,19;7886,21;7886,91;1736437836,00;22000
WDOFUT;14/10/2020;17:15:00;7893,96;7900,30;7892,55;7896,78;2043965186,00;25880
WDOFUT;14/10/2020;17:00:00;7900,30;7901,71;7889,73;7893,26;3304856337,00;41864
WDOFUT;14/10/2020;16:45:00;7898,19;7903,83;7896,08;7900,30;3502877010,00;44340
WDOFUT;14/10/2020;16:30:00;7884,10;7903,83;7880,57;7898,19;6448232863,00;81681
WDOFUT;14/10/2020;16:15:00;7888,32;7889,03;7879,87;7883,39;4103881896,00;52050
WDOFUT;14/10/2020;16:00:00;7887,62;7893,96;7883,39;7888,32;3706998619,00;46995
WDOFUT;14/10/2020;15:45:00;7887,62;7892,55;7885,51;7887,62;2521476375,00;31960
WDOFUT;14/10/2020;15:30:00;7887,62;7898,19;7886,21;7887,62;5285002633,00;66972
WDOFUT;14/10/2020;15:15:00;7881,28;7889,03;7877,05;7887,62;3741748731,00;47464
WDOFUT;14/10/2020;15:00:00;7884,80;7891,85;7878,46;7881,98;4665877130,00;59174
WDOFUT;14/10/2020;14:45:00;7874,94;7884,80;7872,12;7884,80;5137828313,00;65205
WDOFUT;14/10/2020;14:30:00;7870,00;7878,46;7861,55;7874,94;6603142801,00;83881
WDOFUT;14/10/2020;14:15:00;7863,66;7871,41;7861,55;7870,00;2493315304,00;31690
WDOFUT;14/10/2020;14:00:00;7865,77;7867,89;7860,84;7863,66;2997293485,00;38113
WDOFUT;14/10/2020;13:45:00;7865,07;7873,53;7862,96;7866,48;3456293559,00;43929
WDOFUT;14/10/2020;13:30:00;7863,66;7870,00;7858,73;7864,36;4638504779,00;58980
WDOFUT;14/10/2020;13:15:00;7870,00;7880,57;7862,96;7864,36;6049393847,00;76838
WDOFUT;14/10/2020;13:00:00;7869,30;7877,75;7860,84;7870,00;7623764405,00;96868
WDOFUT;14/10/2020;12:45:00;7848,86;7870,00;7848,16;7869,30;5311013533,00;67569
WDOFUT;14/10/2020;12:30:00;7847,45;7855,91;7844,63;7848,86;3668487516,00;46726
WDOFUT;14/10/2020;12:15:00;7843,93;7851,68;7836,18;7848,16;4723295132,00;60205
WDOFUT;14/10/2020;12:00:00;7842,52;7853,09;7839,70;7843,93;5769141699,00;73547
WDOFUT;14/10/2020;11:45:00;7850,27;7860,14;7839,00;7843,22;9030958969,00;115064
WDOFUT;14/10/2020;11:30:00;7867,89;7874,94;7847,45;7849,57;9956840783,00;126655
WDOFUT;14/10/2020;11:15:00;7851,68;7872,12;7843,22;7867,89;1,021122071E10;129954
WDOFUT;14/10/2020;11:00:00;7841,81;7860,14;7841,11;7852,38;9325855938,00;118780
WDOFUT;14/10/2020;10:45:00;7828,43;7842,52;7822,79;7841,81;7704703756,00;98376
WDOFUT;14/10/2020;10:30:00;7840,41;7843,22;7824,20;7829,13;8676812369,00;110759
WDOFUT;14/10/2020;10:15:00;7838,29;7845,34;7815,74;7841,11;9818360666,00;125340
WDOFUT;14/10/2020;10:00:00;7826,31;7848,16;7819,97;7837,59;1,158496145E10;147803
WDOFUT;14/10/2020;09:45:00;7834,77;7837,59;7805,17;7825,61;1,274451439E10;163044
WDOFUT;14/10/2020;09:30:00;7834,77;7852,38;7828,43;7834,06;1,170170216E10;149302
WDOFUT;14/10/2020;09:15:00;7855,20;7858,02;7825,61;7834,06;1,224485935E10;156177
WDOFUT;14/10/2020;09:00:00;7886,21;7886,21;7841,11;7854,50;8445237285,00;107405
WDOFUT;13/10/2020;17:45:00;7862,25;7863,66;7843,93;7843,93;1369849092,00;17434
WDOFUT;13/10/2020;17:30:00;7854,50;7864,36;7853,79;7862,96;1681172950,00;21392
WDOFUT;13/10/2020;17:15:00;7863,66;7864,36;7852,38;7854,50;2595119407,00;33033
WDOFUT;13/10/2020;17:00:00;7868,59;7870,00;7862,96;7862,96;1995436439,00;25366
WDOFUT;13/10/2020;16:45:00;7865,07;7870,00;7855,20;7869,30;3493921810,00;44438
WDOFUT;13/10/2020;16:30:00;7863,66;7866,48;7858,73;7865,77;2472113125,00;31441
WDOFUT;13/10/2020;16:15:00;7868,59;7873,53;7860,84;7862,96;3963404872,00;50379
WDOFUT;13/10/2020;16:00:00;7870,00;7872,12;7855,91;7867,89;5425651927,00;69006
WDOFUT;13/10/2020;15:45:00;7864,36;7872,12;7860,84;7870,00;4336800787,00;55133
WDOFUT;13/10/2020;15:30:00;7860,14;7871,41;7858,73;7864,36;5545098795,00;70501
WDOFUT;13/10/2020;15:15:00;7856,61;7861,55;7851,68;7860,14;3837528836,00;48848
WDOFUT;13/10/2020;15:00:00;7867,18;7871,41;7853,79;7855,91;5460342133,00;69444
WDOFUT;13/10/2020;14:45:00;7867,89;7873,53;7864,36;7867,18;4299602334,00;54644
WDOFUT;13/10/2020;14:30:00;7854,50;7870,00;7851,68;7867,89;5134191946,00;65309
WDOFUT;13/10/2020;14:15:00;7846,04;7856,61;7834,06;7854,50;7674936558,00;97860
WDOFUT;13/10/2020;14:00:00;7848,86;7858,73;7843,22;7846,04;6506396711,00;82871
WDOFUT;13/10/2020;13:45:00;7846,04;7853,09;7841,11;7849,57;5968742095,00;76066
WDOFUT;13/10/2020;13:30:00;7861,55;7874,23;7843,22;7846,04;9604491839,00;122208
WDOFUT;13/10/2020;13:15:00;7874,23;7874,94;7859,43;7861,55;5513142160,00;70078
WDOFUT;13/10/2020;13:00:00;7889,73;7891,14;7872,82;7874,23;5729083620,00;72703
WDOFUT;13/10/2020;12:45:00;7895,37;7897,49;7883,39;7889,73;3989925870,00;50572
WDOFUT;13/10/2020;12:30:00;7891,14;7903,83;7889,73;7895,37;5426826261,00;68730
WDOFUT;13/10/2020;12:15:00;7888,32;7898,19;7878,46;7891,14;8050065402,00;102019
WDOFUT;13/10/2020;12:00:00;7879,87;7893,96;7876,34;7887,62;9971492102,00;126461
WDOFUT;13/10/2020;11:45:00;7926,38;7932,02;7873,53;7880,57;1,751723676E10;221791
WDOFUT;13/10/2020;11:30:00;7908,76;7934,13;7905,24;7926,38;1,243615043E10;157002
WDOFUT;13/10/2020;11:15:00;7908,06;7914,40;7903,83;7908,76;5708687482,00;72190
WDOFUT;13/10/2020;11:00:00;7885,51;7915,81;7881,98;7908,76;1,166517655E10;147666
WDOFUT;13/10/2020;10:45:00;7892,55;7901,01;7883,39;7884,80;1,254880746E10;158981
WDOFUT;13/10/2020;10:30:00;7865,07;7892,55;7863,66;7891,85;1,54382731E10;195987
WDOFUT;13/10/2020;10:15:00;7860,14;7877,75;7859,43;7866,48;1,101213734E10;139934
WDOFUT;13/10/2020;10:00:00;7850,98;7866,48;7848,86;7860,14;1,178479493E10;149951
WDOFUT;13/10/2020;09:45:00;7827,72;7855,91;7827,72;7850,27;1,559914261E10;198909
WDOFUT;13/10/2020;09:30:00;7812,92;7831,24;7795,30;7828,43;1,476340145E10;188993
WDOFUT;13/10/2020;09:15:00;7824,20;7828,43;7801,65;7812,22;1,166927473E10;149337
WDOFUT;13/10/2020;09:00:00;7790,37;7824,90;7784,73;7824,20;1,051429352E10;134600
WDOFUT;09/10/2020;17:45:00;7798,12;7812,22;7789,67;7810,81;1793906660,00;23008
WDOFUT;09/10/2020;17:30:00;7791,78;7806,58;7790,37;7798,83;2786581982,00;35731
WDOFUT;09/10/2020;17:15:00;7786,14;7792,49;7784,03;7791,08;2205151761,00;28311
WDOFUT;09/10/2020;17:00:00;7793,19;7796,71;7786,14;7786,14;3079767000,00;39529
WDOFUT;09/10/2020;16:45:00;7796,01;7797,42;7791,08;7793,19;2474619518,00;31748
WDOFUT;09/10/2020;16:30:00;7803,06;7804,47;7790,37;7796,01;3456959895,00;44336
WDOFUT;09/10/2020;16:15:00;7807,99;7811,51;7800,24;7803,06;2875489668,00;36840
WDOFUT;09/10/2020;16:00:00;7804,47;7811,51;7801,65;7807,28;3441008490,00;44079
WDOFUT;09/10/2020;15:45:00;7799,53;7806,58;7796,01;7804,47;3676563035,00;47127
WDOFUT;09/10/2020;15:30:00;7811,51;7813,63;7798,12;7799,53;5945944232,00;76181
WDOFUT;09/10/2020;15:15:00;7808,69;7818,56;7803,76;7812,22;4079104962,00;52212
WDOFUT;09/10/2020;15:00:00;7819,26;7820,67;7805,88;7809,40;4864504191,00;62271
WDOFUT;09/10/2020;14:45:00;7802,35;7822,08;7800,94;7818,56;5276384502,00;67545
WDOFUT;09/10/2020;14:30:00;7803,76;7806,58;7800,24;7801,65;3108954075,00;39840
WDOFUT;09/10/2020;14:15:00;7800,24;7803,76;7785,44;7803,76;4381643873,00;56202
WDOFUT;09/10/2020;14:00:00;7805,17;7807,28;7792,49;7800,24;4879021639,00;62556
WDOFUT;09/10/2020;13:45:00;7808,69;7809,40;7799,53;7804,47;3637362665,00;46604
WDOFUT;09/10/2020;13:30:00;7809,40;7813,63;7803,76;7807,99;3396058029,00;43495
WDOFUT;09/10/2020;13:15:00;7798,83;7814,33;7798,12;7810,10;5509546264,00;70582
WDOFUT;09/10/2020;13:00:00;7788,96;7801,65;7787,55;7798,83;5341382123,00;68516
WDOFUT;09/10/2020;12:45:00;7797,42;7798,12;7772,05;7788,96;9038270904,00;116145
WDOFUT;09/10/2020;12:30:00;7796,71;7803,76;7793,90;7797,42;3775355389,00;48410
WDOFUT;09/10/2020;12:15:00;7800,24;7806,58;7791,78;7796,71;6909601338,00;88600
WDOFUT;09/10/2020;12:00:00;7796,01;7809,40;7794,60;7800,94;6364028462,00;81582
WDOFUT;09/10/2020;11:45:00;7789,67;7798,12;7781,21;7796,01;9506972836,00;122061
WDOFUT;09/10/2020;11:30:00;7808,69;7812,92;7789,67;7789,67;9055333285,00;116078
WDOFUT;09/10/2020;11:15:00;7819,26;7822,08;7803,76;7809,40;8645754344,00;110680
WDOFUT;09/10/2020;11:00:00;7820,67;7828,43;7813,63;7819,97;8077747261,00;103277
WDOFUT;09/10/2020;10:45:00;7815,74;7831,95;7815,74;7820,67;1,165477182E10;148963
WDOFUT;09/10/2020;10:30:00;7812,22;7817,15;7799,53;7815,74;8600473030,00;110150
WDOFUT;09/10/2020;10:15:00;7803,06;7818,56;7795,30;7812,22;1,023926345E10;131121
WDOFUT;09/10/2020;10:00:00;7827,02;7828,43;7798,12;7803,06;1,602104522E10;205006
WDOFUT;09/10/2020;09:45:00;7849,57;7858,02;7825,61;7827,72;1,4060866E10;179348
WDOFUT;09/10/2020;09:30:00;7867,18;7869,30;7847,45;7849,57;7952362009,00;101197
WDOFUT;09/10/2020;09:15:00;7867,89;7870,71;7851,68;7867,18;9232157437,00;117426
WDOFUT;09/10/2020;09:00:00;7871,41;7874,94;7854,50;7867,89;1,076214106E10;136820
WDOFUT;08/10/2020;17:45:00;7888,32;7903,12;7887,62;7898,89;2083050487,00;26383
WDOFUT;08/10/2020;17:30:00;7885,51;7891,14;7883,39;7888,32;1579658920,00;20029
WDOFUT;08/10/2020;17:15:00;7891,14;7895,37;7884,10;7885,51;2438891103,00;30914
WDOFUT;08/10/2020;17:00:00;7882,69;7891,14;7879,16;7891,14;2530893522,00;32095
WDOFUT;08/10/2020;16:45:00;7886,21;7890,44;7881,28;7881,98;3199274803,00;40575
WDOFUT;08/10/2020;16:30:00;7880,57;7891,14;7876,34;7886,21;4446323545,00;56397
WDOFUT;08/10/2020;16:15:00;7868,59;7883,39;7867,89;7880,57;5606896134,00;71187
WDOFUT;08/10/2020;16:00:00;7899,60;7900,30;7866,48;7869,30;7871610226,00;99876
WDOFUT;08/10/2020;15:45:00;7887,62;7903,83;7884,10;7899,60;7011869924,00;88819
WDOFUT;08/10/2020;15:30:00;7881,28;7893,26;7880,57;7887,62;3625171159,00;45959
WDOFUT;08/10/2020;15:15:00;7884,80;7888,32;7879,87;7881,98;3966554670,00;50314
WDOFUT;08/10/2020;15:00:00;7896,08;7903,12;7877,05;7884,80;7414379175,00;93971
WDOFUT;08/10/2020;14:45:00;7891,85;7897,49;7888,32;7896,08;3412101559,00;43232
WDOFUT;08/10/2020;14:30:00;7891,14;7899,60;7890,44;7891,14;3669275615,00;46475
WDOFUT;08/10/2020;14:15:00;7885,51;7900,30;7885,51;7891,14;6173182676,00;78218
WDOFUT;08/10/2020;14:00:00;7883,39;7889,73;7880,57;7885,51;3198278805,00;40560
WDOFUT;08/10/2020;13:45:00;7883,39;7887,62;7876,34;7884,10;4645628019,00;58945
WDOFUT;08/10/2020;13:30:00;7891,14;7894,67;7881,98;7882,69;4158090032,00;52707
WDOFUT;08/10/2020;13:15:00;7879,16;7893,26;7873,53;7891,85;5946189662,00;75443
WDOFUT;08/10/2020;13:00:00;7891,85;7896,08;7879,16;7879,16;6315235054,00;80074
WDOFUT;08/10/2020;12:45:00;7888,32;7895,37;7872,82;7892,55;7407966060,00;93943
WDOFUT;08/10/2020;12:30:00;7917,92;7922,15;7879,16;7887,62;1,181249854E10;149573
WDOFUT;08/10/2020;12:15:00;7909,47;7924,97;7903,83;7917,92;7296462102,00;92172
WDOFUT;08/10/2020;12:00:00;7917,22;7921,44;7903,12;7909,47;7613490204,00;96220
WDOFUT;08/10/2020;11:45:00;7943,99;7946,11;7908,76;7916,51;9884153560,00;124717
WDOFUT;08/10/2020;11:30:00;7929,20;7948,93;7920,74;7943,29;1,075419648E10;135520
WDOFUT;08/10/2020;11:15:00;7917,92;7939,06;7913,69;7929,90;1,075402542E10;135708
WDOFUT;08/10/2020;11:00:00;7937,65;7949,63;7910,87;7918,63;1,437838453E10;181309
WDOFUT;08/10/2020;10:45:00;7945,40;7956,68;7927,79;7937,65;1,306460353E10;164500
WDOFUT;08/10/2020;10:30:00;7939,77;7948,93;7915,10;7945,40;1,720741814E10;216894
WDOFUT;08/10/2020;10:15:00;7949,63;7949,63;7935,54;7940,47;7266941645,00;91506
WDOFUT;08/10/2020;10:00:00;7937,65;7965,14;7934,83;7949,63;1,45677964E10;183172
WDOFUT;08/10/2020;09:45:00;7941,88;7947,52;7935,54;7937,65;8092860181,00;101913
WDOFUT;08/10/2020;09:30:00;7911,58;7952,45;7909,47;7942,59;1,90722293E10;240360
WDOFUT;08/10/2020;09:15:00;7892,55;7913,69;7882,69;7912,28;1,026698679E10;129978
WDOFUT;08/10/2020;09:00:00;7886,21;7906,65;7885,51;7892,55;1,006852265E10;127531
WDOFUT;07/10/2020;17:45:00;7926,38;7927,08;7908,76;7913,69;2365159970,00;29874
WDOFUT;07/10/2020;17:30:00;7940,47;7941,18;7924,26;7926,38;2948699357,00;37182
WDOFUT;07/10/2020;17:15:00;7936,95;7946,81;7936,24;7940,47;2881904911,00;36287
WDOFUT;07/10/2020;17:00:00;7932,02;7943,29;7924,97;7936,95;4737462137,00;59711
WDOFUT;07/10/2020;16:45:00;7932,02;7934,13;7921,44;7932,02;4891085610,00;61691
WDOFUT;07/10/2020;16:30:00;7921,44;7933,42;7918,63;7931,31;4197666299,00;52959
WDOFUT;07/10/2020;16:15:00;7924,26;7926,38;7916,51;7922,15;3519947650,00;44437
WDOFUT;07/10/2020;16:00:00;7923,56;7930,61;7919,33;7923,56;4098698174,00;51723
WDOFUT;07/10/2020;15:45:00;7918,63;7927,79;7911,58;7923,56;6088082575,00;76876
WDOFUT;07/10/2020;15:30:00;7898,19;7933,42;7896,08;7918,63;8870889240,00;112055
WDOFUT;07/10/2020;15:15:00;7888,32;7910,17;7888,32;7898,89;8683752136,00;109897
WDOFUT;07/10/2020;15:00:00;7886,21;7895,37;7879,16;7889,03;5329019053,00;67566
WDOFUT;07/10/2020;14:45:00;7895,37;7908,06;7867,18;7886,91;1,111752129E10;140955
WDOFUT;07/10/2020;14:30:00;7905,94;7915,10;7893,26;7894,67;7786710892,00;98506
WDOFUT;07/10/2020;14:15:00;7886,91;7912,28;7879,87;7905,94;8202642485,00;103869
WDOFUT;07/10/2020;14:00:00;7889,73;7898,19;7876,34;7886,91;7314028916,00;92735
WDOFUT;07/10/2020;13:45:00;7896,78;7899,60;7886,91;7889,73;5002948249,00;63392
WDOFUT;07/10/2020;13:30:00;7912,99;7915,81;7893,96;7896,78;5643277735,00;71403
WDOFUT;07/10/2020;13:15:00;7903,83;7919,33;7898,19;7912,28;6001351747,00;75889
WDOFUT;07/10/2020;13:00:00;7917,22;7920,74;7903,12;7903,83;5498977199,00;69502
WDOFUT;07/10/2020;12:45:00;7896,78;7921,44;7896,08;7917,22;8245409985,00;104213
WDOFUT;07/10/2020;12:30:00;7893,26;7905,94;7886,21;7896,78;5642482519,00;71447
WDOFUT;07/10/2020;12:15:00;7891,85;7908,06;7889,03;7892,55;7638830716,00;96716
WDOFUT;07/10/2020;12:00:00;7925,67;7926,38;7881,28;7891,85;1,659915279E10;210149
WDOFUT;07/10/2020;11:45:00;7929,20;7932,72;7909,47;7925,67;1,168298591E10;147459
WDOFUT;07/10/2020;11:30:00;7936,24;7954,57;7923,56;7928,49;1,427076474E10;179766
WDOFUT;07/10/2020;11:15:00;7946,11;7948,22;7930,61;7936,95;9694271730,00;122118
WDOFUT;07/10/2020;11:00:00;7924,26;7948,22;7920,04;7946,81;1,748076732E10;220273
WDOFUT;07/10/2020;10:45:00;7891,14;7925,67;7882,69;7924,26;1,510324597E10;191126
WDOFUT;07/10/2020;10:30:00;7879,16;7899,60;7858,73;7891,14;1,789998554E10;227048
WDOFUT;07/10/2020;10:15:00;7865,07;7881,28;7858,02;7878,46;1,208682393E10;153578
WDOFUT;07/10/2020;10:00:00;7851,68;7875,64;7843,93;7865,77;1,423461276E10;181059
WDOFUT;07/10/2020;09:45:00;7840,41;7859,43;7834,77;7850,98;1,368600419E10;174390
WDOFUT;07/10/2020;09:30:00;7868,59;7871,41;7839,00;7840,41;1,452593175E10;184958
WDOFUT;07/10/2020;09:15:00;7843,93;7872,82;7830,54;7868,59;1,44488274E10;183987
WDOFUT;07/10/2020;09:00:00;7843,22;7855,91;7829,13;7843,93;1,548332351E10;197453
WDOFUT;06/10/2020;17:45:00;7900,30;7900,30;7885,51;7886,21;2108635055,00;26709
WDOFUT;06/10/2020;17:30:00;7881,98;7901,01;7879,87;7901,01;2396913675,00;30375
WDOFUT;06/10/2020;17:15:00;7881,98;7886,91;7878,46;7881,98;2143341060,00;27192
WDOFUT;06/10/2020;17:00:00;7896,08;7896,08;7880,57;7881,28;3345730661,00;42412
WDOFUT;06/10/2020;16:45:00;7889,03;7900,30;7884,80;7896,08;5378472109,00;68131
WDOFUT;06/10/2020;16:30:00;7898,89;7903,12;7887,62;7889,03;6218177737,00;78752
WDOFUT;06/10/2020;16:15:00;7900,30;7910,87;7896,78;7899,60;6793106454,00;85941
WDOFUT;06/10/2020;16:00:00;7901,01;7912,99;7888,32;7900,30;1,450534603E10;183573
WDOFUT;06/10/2020;15:45:00;7853,09;7923,56;7850,27;7901,01;2,171299651E10;275036
WDOFUT;06/10/2020;15:30:00;7843,93;7858,73;7839,70;7853,09;5552894833,00;70743
WDOFUT;06/10/2020;15:15:00;7836,88;7848,86;7829,13;7844,63;6640295935,00;84701
WDOFUT;06/10/2020;15:00:00;7844,63;7851,68;7834,06;7836,88;8440399608,00;107631
WDOFUT;06/10/2020;14:45:00;7855,20;7858,02;7842,52;7844,63;4736181669,00;60337
WDOFUT;06/10/2020;14:30:00;7840,41;7860,14;7840,41;7855,20;9127563247,00;116249
WDOFUT;06/10/2020;14:15:00;7826,31;7846,04;7824,20;7839,70;7685857842,00;98071
WDOFUT;06/10/2020;14:00:00;7818,56;7829,13;7816,45;7826,31;4889574602,00;62502
WDOFUT;06/10/2020;13:45:00;7823,49;7830,54;7813,63;7818,56;5530453417,00;70710
WDOFUT;06/10/2020;13:30:00;7830,54;7836,88;7820,67;7824,20;6030335750,00;77041
WDOFUT;06/10/2020;13:15:00;7815,74;7839,70;7815,04;7830,54;8112322891,00;103592
WDOFUT;06/10/2020;13:00:00;7814,33;7824,90;7807,99;7815,74;7212697802,00;92269
WDOFUT;06/10/2020;12:45:00;7781,21;7819,26;7781,21;7815,04;1,329675944E10;170362
WDOFUT;06/10/2020;12:30:00;7772,05;7786,14;7768,53;7781,21;8198482490,00;105418
WDOFUT;06/10/2020;12:15:00;7760,07;7773,46;7757,25;7772,05;9015081578,00;116109
WDOFUT;06/10/2020;12:00:00;7745,27;7765,00;7736,82;7760,07;9491991122,00;122450
WDOFUT;06/10/2020;11:45:00;7757,25;7759,37;7734,00;7744,57;1,078860307E10;139301
WDOFUT;06/10/2020;11:30:00;7760,07;7767,12;7745,98;7757,25;1,253292243E10;161572
WDOFUT;06/10/2020;11:15:00;7765,00;7768,53;7755,84;7760,07;8974497883,00;115612
WDOFUT;06/10/2020;11:00:00;7793,19;7795,30;7758,66;7765,00;1,308424131E10;168336
WDOFUT;06/10/2020;10:45:00;7793,90;7801,65;7781,21;7792,49;1,150786892E10;147679
WDOFUT;06/10/2020;10:30:00;7796,01;7798,12;7778,39;7793,90;1,434166084E10;184131
WDOFUT;06/10/2020;10:15:00;7798,12;7804,47;7786,85;7796,01;1,021117107E10;131010
WDOFUT;06/10/2020;10:00:00;7806,58;7819,26;7796,71;7798,12;1,070515609E10;137118
WDOFUT;06/10/2020;09:45:00;7801,65;7815,04;7791,08;7806,58;9552185019,00;122405
WDOFUT;06/10/2020;09:30:00;7798,83;7812,22;7787,55;7801,65;1,444174682E10;185187
WDOFUT;06/10/2020;09:15:00;7817,15;7824,90;7794,60;7798,83;1,421851222E10;181994
WDOFUT;06/10/2020;09:00:00;7812,22;7826,31;7803,06;7817,15;1,389231158E10;177756
WDOFUT;05/10/2020;17:45:00;7843,93;7879,87;7842,52;7864,36;2601087847,00;33097
WDOFUT;05/10/2020;17:30:00;7850,27;7853,09;7840,41;7843,93;2274731728,00;28993
WDOFUT;05/10/2020;17:15:00;7848,16;7855,91;7847,45;7850,98;2546009310,00;32427
WDOFUT;05/10/2020;17:00:00;7853,09;7856,61;7847,45;7848,16;3273067490,00;41685
WDOFUT;05/10/2020;16:45:00;7855,20;7861,55;7851,68;7853,79;4435042889,00;56457
WDOFUT;05/10/2020;16:30:00;7843,93;7855,20;7843,22;7855,20;4567651025,00;58187
WDOFUT;05/10/2020;16:15:00;7838,29;7844,63;7835,47;7844,63;3979999724,00;50766
WDOFUT;05/10/2020;16:00:00;7846,04;7855,20;7830,54;7838,29;7627148174,00;97261
WDOFUT;05/10/2020;15:45:00;7875,64;7875,64;7838,29;7846,04;1,134192013E10;144381
WDOFUT;05/10/2020;15:30:00;7876,34;7877,75;7870,71;7875,64;2722057667,00;34568
WDOFUT;05/10/2020;15:15:00;7874,23;7879,16;7867,89;7877,05;4671920902,00;59337
WDOFUT;05/10/2020;15:00:00;7882,69;7886,21;7874,23;7874,23;5174246290,00;65659
WDOFUT;05/10/2020;14:45:00;7874,94;7883,39;7871,41;7882,69;6731795197,00;85458
WDOFUT;05/10/2020;14:30:00;7867,18;7875,64;7865,77;7874,94;3971770590,00;50466
WDOFUT;05/10/2020;14:15:00;7872,12;7877,05;7865,07;7867,18;5338437081,00;67831
WDOFUT;05/10/2020;14:00:00;7879,16;7881,28;7867,89;7872,12;4823736868,00;61260
WDOFUT;05/10/2020;13:45:00;7885,51;7889,03;7872,12;7879,16;5647648187,00;71679
WDOFUT;05/10/2020;13:30:00;7886,91;7890,44;7879,16;7885,51;5483399253,00;69548
WDOFUT;05/10/2020;13:15:00;7917,92;7919,33;7884,80;7886,91;1,024141963E10;129651
WDOFUT;05/10/2020;13:00:00;7924,97;7925,67;7906,65;7917,92;9408313450,00;118846
WDOFUT;05/10/2020;12:45:00;7927,08;7937,65;7918,63;7924,97;7636815395,00;96346
WDOFUT;05/10/2020;12:30:00;7953,16;7953,86;7925,67;7927,08;7378407106,00;92929
WDOFUT;05/10/2020;12:15:00;7946,11;7954,57;7941,18;7953,16;5292440976,00;66588
WDOFUT;05/10/2020;12:00:00;7929,20;7949,63;7927,08;7946,11;8054401133,00;101458
WDOFUT;05/10/2020;11:45:00;7925,67;7934,83;7920,74;7929,90;8126254931,00;102502
WDOFUT;05/10/2020;11:30:00;7921,44;7928,49;7915,10;7925,67;5677581122,00;71661
WDOFUT;05/10/2020;11:15:00;7931,31;7931,31;7912,99;7921,44;9700331808,00;122453
WDOFUT;05/10/2020;11:00:00;7942,59;7942,59;7928,49;7931,31;8337727445,00;105083
WDOFUT;05/10/2020;10:45:00;7932,72;7950,34;7927,08;7941,88;9257336032,00;116593
WDOFUT;05/10/2020;10:30:00;7948,22;7951,04;7927,08;7933,42;1,058213972E10;133364
WDOFUT;05/10/2020;10:15:00;7952,45;7961,61;7936,95;7948,93;1,511916656E10;190190
WDOFUT;05/10/2020;10:00:00;7984,16;7993,32;7951,75;7952,45;1,434802541E10;179927
WDOFUT;05/10/2020;09:45:00;7990,50;8008,12;7983,46;7984,16;1,169544218E10;146265
WDOFUT;05/10/2020;09:30:00;7986,98;8000,37;7978,52;7990,50;1,189232483E10;148836
WDOFUT;05/10/2020;09:15:00;7978,52;7991,21;7971,48;7986,98;1,12527066E10;140973
WDOFUT;05/10/2020;09:00:00;7977,12;7997,55;7960,20;7979,23;1,392935311E10;174622
WDOFUT;02/10/2020;17:45:00;8022,92;8028,56;8013,76;8020,10;2637930535,00;32887
WDOFUT;02/10/2020;17:30:00;8003,89;8029,97;7998,96;8022,22;4264673407,00;53194
WDOFUT;02/10/2020;17:15:00;7997,55;8005,30;7994,03;8003,89;1925767124,00;24074
WDOFUT;02/10/2020;17:00:00;7992,62;8006,71;7990,50;7996,85;6202199180,00;77538
WDOFUT;02/10/2020;16:45:00;7974,30;7994,73;7970,77;7992,62;4181799365,00;52385
WDOFUT;02/10/2020;16:30:00;7978,52;7984,16;7968,66;7974,30;3043543532,00;38152
WDOFUT;02/10/2020;16:15:00;7984,16;7984,87;7972,89;7979,23;3877799049,00;48602
WDOFUT;02/10/2020;16:00:00;7978,52;7992,62;7976,41;7983,46;6099719129,00;76395
WDOFUT;02/10/2020;15:45:00;7981,34;7986,98;7967,25;7978,52;5848163477,00;73302
WDOFUT;02/10/2020;15:30:00;7977,12;7984,16;7965,14;7981,34;5911560073,00;74136
WDOFUT;02/10/2020;15:15:00;7986,28;7986,28;7969,36;7977,82;5746166141,00;72044
WDOFUT;02/10/2020;15:00:00;8002,48;8002,48;7982,75;7985,57;5471432586,00;68450
WDOFUT;02/10/2020;14:45:00;8001,78;8006,71;7996,85;8001,78;4587260205,00;57330
WDOFUT;02/10/2020;14:30:00;7984,16;8004,60;7980,64;8001,08;6781034844,00;84818
WDOFUT;02/10/2020;14:15:00;7989,10;7994,03;7977,82;7984,16;4689322141,00;58711
WDOFUT;02/10/2020;14:00:00;7984,87;7992,62;7980,64;7988,39;4828792604,00;60465
WDOFUT;02/10/2020;13:45:00;7989,10;7998,96;7968,66;7985,57;8156311969,00;102170
WDOFUT;02/10/2020;13:30:00;8004,60;8013,76;7981,34;7989,10;7597847581,00;94991
WDOFUT;02/10/2020;13:15:00;8003,19;8008,12;7992,62;8005,30;6774761153,00;84683
WDOFUT;02/10/2020;13:00:00;8015,87;8021,51;7994,73;8002,48;8580908147,00;107173
WDOFUT;02/10/2020;12:45:00;7990,50;8018,69;7986,98;8015,87;1,145591674E10;143124
WDOFUT;02/10/2020;12:30:00;7963,02;7997,55;7963,02;7990,50;1,295383323E10;162284
WDOFUT;02/10/2020;12:15:00;7964,43;7974,30;7952,45;7963,02;8280441502,00;103984
WDOFUT;02/10/2020;12:00:00;7953,16;7970,07;7951,04;7964,43;9920067873,00;124606
WDOFUT;02/10/2020;11:45:00;7946,81;7955,97;7941,88;7952,45;7147828343,00;89931
WDOFUT;02/10/2020;11:30:00;7941,18;7951,04;7935,54;7946,81;7299719577,00;91894
WDOFUT;02/10/2020;11:15:00;7924,97;7952,45;7923,56;7940,47;1,045839673E10;131730
WDOFUT;02/10/2020;11:00:00;7924,26;7932,02;7918,63;7925,67;6980282795,00;88087
WDOFUT;02/10/2020;10:45:00;7915,10;7934,83;7908,76;7924,26;1,16469092E10;147036
WDOFUT;02/10/2020;10:30:00;7960,20;7966,55;7913,69;7915,10;1,792531247E10;225987
WDOFUT;02/10/2020;10:15:00;7958,09;7965,84;7951,75;7960,91;7278143389,00;91451
WDOFUT;02/10/2020;10:00:00;7941,88;7971,48;7939,77;7958,09;1,345184647E10;168997
WDOFUT;02/10/2020;09:45:00;7950,34;7968,66;7934,13;7941,88;1,401444594E10;176244
WDOFUT;02/10/2020;09:30:00;7941,88;7958,79;7929,20;7951,04;1,429349417E10;179902
WDOFUT;02/10/2020;09:15:00;7941,18;7959,50;7932,72;7941,88;1,136298793E10;143012
WDOFUT;02/10/2020;09:00:00;7977,82;7985,57;7924,97;7941,88;1,762120312E10;221823
WDOFUT;01/10/2020;17:45:00;7980,64;7989,10;7958,09;7958,09;2121071202,00;26584
WDOFUT;01/10/2020;17:30:00;7970,07;7980,64;7969,36;7979,93;1495297992,00;18749
WDOFUT;01/10/2020;17:15:00;7982,75;7984,87;7968,66;7970,07;2174361800,00;27261
WDOFUT;01/10/2020;17:00:00;7972,18;7984,16;7971,48;7982,05;2688841156,00;33701
WDOFUT;01/10/2020;16:45:00;7980,64;7983,46;7967,25;7972,18;4243763139,00;53214
WDOFUT;01/10/2020;16:30:00;7972,89;7989,80;7971,48;7980,64;7393301254,00;92645
WDOFUT;01/10/2020;16:15:00;7962,32;7975,71;7960,91;7973,59;5478660331,00;68750
WDOFUT;01/10/2020;16:00:00;7961,61;7966,55;7953,16;7963,02;4210582074,00;52898
WDOFUT;01/10/2020;15:45:00;7965,84;7967,95;7958,09;7960,91;3300207293,00;41447
WDOFUT;01/10/2020;15:30:00;7956,68;7968,66;7950,34;7965,14;6137318248,00;77102
WDOFUT;01/10/2020;15:15:00;7961,61;7965,84;7954,57;7957,38;3443386136,00;43254
WDOFUT;01/10/2020;15:00:00;7965,84;7972,89;7957,38;7961,61;6085008229,00;76388
WDOFUT;01/10/2020;14:45:00;7965,84;7970,07;7957,38;7965,84;4423240972,00;55542
WDOFUT;01/10/2020;14:30:00;7960,20;7968,66;7958,09;7965,84;3667879846,00;46054
WDOFUT;01/10/2020;14:15:00;7955,27;7963,73;7953,16;7960,91;3477244396,00;43695
WDOFUT;01/10/2020;14:00:00;7956,68;7964,43;7951,75;7955,27;3473928777,00;43649
WDOFUT;01/10/2020;13:45:00;7952,45;7958,79;7951,75;7955,97;2613149809,00;32845
WDOFUT;01/10/2020;13:30:00;7959,50;7964,43;7949,63;7952,45;4276759357,00;53746
WDOFUT;01/10/2020;13:15:00;7967,95;7973,59;7958,09;7959,50;5571651561,00;69951
WDOFUT;01/10/2020;13:00:00;7964,43;7976,41;7963,73;7967,25;4550468839,00;57086
WDOFUT;01/10/2020;12:45:00;7970,77;7974,30;7962,32;7964,43;3864356179,00;48492
WDOFUT;01/10/2020;12:30:00;7961,61;7976,41;7957,38;7970,77;6112497552,00;76717
WDOFUT;01/10/2020;12:15:00;7961,61;7969,36;7956,68;7960,91;5024944342,00;63110
WDOFUT;01/10/2020;12:00:00;7947,52;7969,36;7946,81;7960,91;7880788799,00;98997
WDOFUT;01/10/2020;11:45:00;7946,81;7958,09;7945,40;7948,22;6287000843,00;79073
WDOFUT;01/10/2020;11:30:00;7959,50;7960,91;7942,59;7946,81;8135802861,00;102356
WDOFUT;01/10/2020;11:15:00;7953,16;7970,77;7947,52;7960,20;9521318656,00;119627
WDOFUT;01/10/2020;11:00:00;7958,79;7971,48;7951,75;7953,16;9420410111,00;118305
WDOFUT;01/10/2020;10:45:00;7955,97;7981,34;7951,75;7959,50;1,425473385E10;178886
WDOFUT;01/10/2020;10:30:00;7963,73;7975,71;7949,63;7955,97;1,207476009E10;151649
WDOFUT;01/10/2020;10:15:00;7951,75;7974,30;7948,93;7964,43;1,133917067E10;142387
WDOFUT;01/10/2020;10:00:00;7953,86;7958,09;7938,36;7951,04;1,269409817E10;159709
WDOFUT;01/10/2020;09:45:00;7929,90;7959,50;7929,20;7953,86;1,312062569E10;165121
WDOFUT;01/10/2020;09:30:00;7911,58;7934,83;7903,83;7929,90;1,475216911E10;186210
WDOFUT;01/10/2020;09:15:00;7898,19;7925,67;7896,08;7911,58;1,561877245E10;197407
WDOFUT;01/10/2020;09:00:00;7861,55;7903,12;7860,84;7897,49;1,462406724E10;185525
WDOFUT;30/09/2020;17:45:00;7896,08;7915,10;7879,16;7915,10;3179779881,00;40280
WDOFUT;30/09/2020;17:30:00;7920,74;7925,67;7892,55;7896,08;3535599061,00;44713
WDOFUT;30/09/2020;17:15:00;7917,92;7929,20;7913,69;7920,74;2226663758,00;28112
WDOFUT;30/09/2020;17:00:00;7921,44;7926,38;7915,81;7917,92;3274962316,00;41344
WDOFUT;30/09/2020;16:45:00;7917,22;7922,85;7902,42;7922,15;5112654051,00;64629
WDOFUT;30/09/2020;16:30:00;7922,15;7926,38;7911,58;7917,22;4846558415,00;61205
WDOFUT;30/09/2020;16:15:00;7934,83;7948,22;7916,51;7921,44;7148309387,00;90087
WDOFUT;30/09/2020;16:00:00;7928,49;7936,24;7916,51;7934,13;7316211918,00;92309
WDOFUT;30/09/2020;15:45:00;7933,42;7952,45;7928,49;7929,20;8351303487,00;105175
WDOFUT;30/09/2020;15:30:00;7917,22;7940,47;7908,76;7934,13;6814276119,00;85990
WDOFUT;30/09/2020;15:15:00;7912,99;7932,02;7898,19;7916,51;9814946488,00;124005
WDOFUT;30/09/2020;15:00:00;7943,29;7948,22;7906,65;7912,99;1,141589699E10;144014
WDOFUT;30/09/2020;14:45:00;7928,49;7944,70;7928,49;7943,29;4505313285,00;56769
WDOFUT;30/09/2020;14:30:00;7946,81;7950,34;7925,67;7929,20;5906685281,00;74431
WDOFUT;30/09/2020;14:15:00;7953,86;7954,57;7939,06;7946,11;3608453485,00;45403
WDOFUT;30/09/2020;14:00:00;7945,40;7957,38;7943,29;7953,16;4636954118,00;58326
WDOFUT;30/09/2020;13:45:00;7961,61;7962,32;7943,29;7944,70;3563009176,00;44807
WDOFUT;30/09/2020;13:30:00;7949,63;7963,02;7946,81;7961,61;3458392295,00;43472
WDOFUT;30/09/2020;13:15:00;7944,70;7959,50;7941,88;7949,63;3671863696,00;46185
WDOFUT;30/09/2020;13:00:00;7943,99;7956,68;7941,18;7944,70;6577054160,00;82752
WDOFUT;30/09/2020;12:45:00;7940,47;7945,40;7929,20;7943,99;4084742168,00;51460
WDOFUT;30/09/2020;12:30:00;7924,26;7945,40;7920,04;7939,77;5207274064,00;65636
WDOFUT;30/09/2020;12:15:00;7933,42;7941,18;7915,81;7924,26;6004673511,00;75723
WDOFUT;30/09/2020;12:00:00;7951,75;7954,57;7925,67;7933,42;1,116114932E10;140559
WDOFUT;30/09/2020;11:45:00;7971,48;7981,34;7940,47;7951,75;1,266421024E10;159084
WDOFUT;30/09/2020;11:30:00;7914,40;7977,82;7912,99;7971,48;1,393171902E10;175236
WDOFUT;30/09/2020;11:15:00;7931,31;7939,77;7905,94;7915,10;1,39255643E10;175726
WDOFUT;30/09/2020;11:00:00;7964,43;7971,48;7929,20;7931,31;1,224528716E10;154010
WDOFUT;30/09/2020;10:45:00;7972,89;7973,59;7951,75;7964,43;9291091345,00;116690
WDOFUT;30/09/2020;10:30:00;7965,14;7981,34;7955,27;7972,89;8660124751,00;108671
WDOFUT;30/09/2020;10:15:00;7951,75;7975,00;7946,11;7964,43;7344757850,00;92267
WDOFUT;30/09/2020;10:00:00;7973,59;7980,64;7949,63;7951,75;1,07628167E10;135083
WDOFUT;30/09/2020;09:45:00;7945,40;7976,41;7943,29;7973,59;1,173270163E10;147331
WDOFUT;30/09/2020;09:30:00;7954,57;7962,32;7922,85;7946,11;1,725012715E10;217154
WDOFUT;30/09/2020;09:15:00;7987,69;7991,21;7949,63;7955,27;1,12982067E10;141761
WDOFUT;30/09/2020;09:00:00;7937,65;7989,10;7920,74;7987,69;1,079552323E10;135461
WDOFUT;29/09/2020;17:45:00;7950,34;7964,43;7934,83;7941,88;2239384178,00;28155
WDOFUT;29/09/2020;17:30:00;7968,66;7973,59;7946,81;7951,04;2791880739,00;35060
WDOFUT;29/09/2020;17:15:00;7955,97;7971,48;7951,75;7967,95;3425149526,00;43016
WDOFUT;29/09/2020;17:00:00;7951,75;7958,09;7943,99;7955,97;3271827013,00;41151
WDOFUT;29/09/2020;16:45:00;7942,59;7955,27;7937,65;7951,75;3783305233,00;47614
WDOFUT;29/09/2020;16:30:00;7946,11;7950,34;7941,88;7941,88;2100317545,00;26432
WDOFUT;29/09/2020;16:15:00;7950,34;7953,86;7943,29;7946,81;3233054159,00;40674
WDOFUT;29/09/2020;16:00:00;7945,40;7952,45;7941,88;7950,34;2995764141,00;37697
WDOFUT;29/09/2020;15:45:00;7956,68;7958,09;7937,65;7946,11;4968663713,00;62524
WDOFUT;29/09/2020;15:30:00;7943,99;7959,50;7943,29;7955,97;4349432528,00;54692
WDOFUT;29/09/2020;15:15:00;7958,09;7961,61;7943,29;7943,99;5312056767,00;66808
WDOFUT;29/09/2020;15:00:00;7951,04;7965,14;7949,63;7958,09;6149171643,00;77286
WDOFUT;29/09/2020;14:45:00;7941,18;7952,45;7939,06;7950,34;4376712614,00;55088
WDOFUT;29/09/2020;14:30:00;7932,72;7943,99;7924,97;7941,18;5183187129,00;65313
WDOFUT;29/09/2020;14:15:00;7944,70;7955,27;7932,72;7932,72;7697555950,00;96910
WDOFUT;29/09/2020;14:00:00;7954,57;7967,95;7944,70;7944,70;7862413612,00;98804
WDOFUT;29/09/2020;13:45:00;7972,89;7979,23;7948,22;7953,86;7052211565,00;88591
WDOFUT;29/09/2020;13:30:00;7960,20;7973,59;7957,38;7972,18;4136567951,00;51940
WDOFUT;29/09/2020;13:15:00;7967,95;7976,41;7958,09;7960,91;6204763956,00;77885
WDOFUT;29/09/2020;13:00:00;7990,50;8003,89;7967,25;7967,95;1,082946118E10;135575
WDOFUT;29/09/2020;12:45:00;7986,28;7990,50;7976,41;7990,50;4890846078,00;61260
WDOFUT;29/09/2020;12:30:00;7975,00;7990,50;7965,14;7986,28;9253451811,00;115978
WDOFUT;29/09/2020;12:15:00;7977,12;7979,93;7963,02;7975,00;7241104909,00;90828
WDOFUT;29/09/2020;12:00:00;7953,16;7982,75;7949,63;7977,12;1,10145224E10;138260
WDOFUT;29/09/2020;11:45:00;7942,59;7958,09;7932,72;7953,86;1,277394737E10;160737
WDOFUT;29/09/2020;11:30:00;7913,69;7951,75;7911,58;7941,88;1,300336552E10;163862
WDOFUT;29/09/2020;11:15:00;7928,49;7932,72;7903,12;7913,69;9092603031,00;114850
WDOFUT;29/09/2020;11:00:00;7926,38;7941,88;7917,22;7928,49;1,046385572E10;131981
WDOFUT;29/09/2020;10:45:00;7960,91;7960,91;7906,65;7926,38;2,016498418E10;254332
WDOFUT;29/09/2020;10:30:00;7971,48;7975,71;7949,63;7960,91;1,384811281E10;173941
WDOFUT;29/09/2020;10:15:00;7982,75;7993,32;7967,95;7970,77;1,293372905E10;162106
WDOFUT;29/09/2020;10:00:00;7970,77;7988,39;7960,91;7982,75;1,819357378E10;228082
WDOFUT;29/09/2020;09:45:00;7915,10;7974,30;7912,28;7970,77;1,897760727E10;238775
WDOFUT;29/09/2020;09:30:00;7910,17;7922,15;7900,30;7915,10;1,44677837E10;182844
WDOFUT;29/09/2020;09:15:00;7951,75;7953,16;7903,83;7910,17;1,929646852E10;243460
WDOFUT;29/09/2020;09:00:00;7957,38;7975,00;7947,52;7951,75;1,227510006E10;154209
WDOFUT;28/09/2020;17:45:00;7963,73;7984,16;7962,32;7976,41;2512028490,00;31508
WDOFUT;28/09/2020;17:30:00;7945,40;7967,25;7943,29;7963,73;3721447395,00;46769
WDOFUT;28/09/2020;17:15:00;7938,36;7946,81;7926,38;7945,40;3937089989,00;49604
WDOFUT;28/09/2020;17:00:00;7941,88;7946,11;7936,95;7938,36;2412591074,00;30378
WDOFUT;28/09/2020;16:45:00;7936,24;7947,52;7936,24;7941,88;3494687543,00;43997
WDOFUT;28/09/2020;16:30:00;7941,18;7951,75;7935,54;7936,24;3998039055,00;50323
WDOFUT;28/09/2020;16:15:00;7946,81;7951,75;7937,65;7941,88;4288621934,00;53984
WDOFUT;28/09/2020;16:00:00;7950,34;7960,91;7939,77;7946,81;8588318922,00;108032
WDOFUT;28/09/2020;15:45:00;7919,33;7953,86;7914,40;7949,63;7862528843,00;99078
WDOFUT;28/09/2020;15:30:00;7917,92;7927,08;7916,51;7919,33;4837438747,00;61067
WDOFUT;28/09/2020;15:15:00;7924,97;7930,61;7913,69;7918,63;5018357450,00;63339
WDOFUT;28/09/2020;15:00:00;7951,04;7951,75;7913,69;7924,97;9789099486,00;123448
WDOFUT;28/09/2020;14:45:00;7968,66;7976,41;7934,13;7951,04;1,169883531E10;147106
WDOFUT;28/09/2020;14:30:00;7982,75;7989,10;7956,68;7968,66;8727803740,00;109511
WDOFUT;28/09/2020;14:15:00;7975,71;7992,62;7974,30;7982,75;7854321857,00;98377
WDOFUT;28/09/2020;14:00:00;7962,32;7997,55;7960,91;7975,71;1,439984453E10;180445
WDOFUT;28/09/2020;13:45:00;7949,63;7963,02;7948,93;7961,61;4728380423,00;59441
WDOFUT;28/09/2020;13:30:00;7969,36;7972,89;7947,52;7948,93;7992819388,00;100391
WDOFUT;28/09/2020;13:15:00;7943,29;7982,75;7941,88;7970,07;1,599561056E10;200845
WDOFUT;28/09/2020;13:00:00;7912,99;7946,11;7908,76;7943,99;1,408097619E10;177533
WDOFUT;28/09/2020;12:45:00;7913,69;7919,33;7912,28;7912,99;3415679986,00;43151
WDOFUT;28/09/2020;12:30:00;7910,87;7922,85;7908,76;7914,40;7735312272,00;97696
WDOFUT;28/09/2020;12:15:00;7896,08;7913,69;7890,44;7910,87;8872593171,00;112281
WDOFUT;28/09/2020;12:00:00;7893,26;7898,19;7887,62;7895,37;8775804715,00;111177
WDOFUT;28/09/2020;11:45:00;7866,48;7893,96;7865,77;7893,26;1,313709297E10;166670
WDOFUT;28/09/2020;11:30:00;7849,57;7870,71;7846,04;7866,48;1,064818745E10;135455
WDOFUT;28/09/2020;11:15:00;7834,77;7857,32;7834,77;7849,57;1,286252637E10;163916
WDOFUT;28/09/2020;11:00:00;7833,36;7838,29;7827,72;7834,77;9040875595,00;115415
WDOFUT;28/09/2020;10:45:00;7812,22;7834,77;7807,28;7833,36;1,409381619E10;180181
WDOFUT;28/09/2020;10:30:00;7798,83;7813,63;7791,78;7812,92;1,168473688E10;149772
WDOFUT;28/09/2020;10:15:00;7804,47;7805,88;7796,01;7798,83;6313214765,00;80926
WDOFUT;28/09/2020;10:00:00;7816,45;7821,38;7802,35;7804,47;9906406069,00;126811
WDOFUT;28/09/2020;09:45:00;7807,99;7817,86;7804,47;7816,45;7733970179,00;99018
WDOFUT;28/09/2020;09:30:00;7796,71;7810,10;7791,78;7807,99;7029466384,00;90116
WDOFUT;28/09/2020;09:15:00;7796,01;7800,24;7788,96;7796,71;7883864167,00;101149
WDOFUT;28/09/2020;09:00:00;7779,80;7798,83;7777,69;7796,01;8898915940,00;114261
WDOFUT;25/09/2020;17:45:00;7829,13;7843,22;7828,43;7839,00;1407705741,00;17966
WDOFUT;25/09/2020;17:30:00;7831,24;7831,95;7824,20;7828,43;1719604318,00;21969
WDOFUT;25/09/2020;17:15:00;7831,24;7836,18;7829,13;7831,95;1412318726,00;18031
WDOFUT;25/09/2020;17:00:00;7826,31;7837,59;7825,61;7831,24;3231059626,00;41253
WDOFUT;25/09/2020;16:45:00;7826,31;7831,95;7821,38;7825,61;4008133453,00;51214
WDOFUT;25/09/2020;16:30:00;7814,33;7828,43;7812,22;7825,61;3494528945,00;44688
WDOFUT;25/09/2020;16:15:00;7819,97;7827,02;7814,33;7814,33;3908732168,00;49981
WDOFUT;25/09/2020;16:00:00;7826,31;7828,43;7812,22;7819,97;5065611768,00;64789
WDOFUT;25/09/2020;15:45:00;7830,54;7831,95;7820,67;7826,31;4242451580,00;54209
WDOFUT;25/09/2020;15:30:00;7816,45;7834,77;7810,10;7830,54;5515636785,00;70515
WDOFUT;25/09/2020;15:15:00;7817,15;7823,49;7805,88;7815,74;4905908070,00;62772
WDOFUT;25/09/2020;15:00:00;7817,15;7818,56;7804,47;7817,86;6115267253,00;78284
WDOFUT;25/09/2020;14:45:00;7828,43;7829,13;7813,63;7816,45;4922659428,00;62939
WDOFUT;25/09/2020;14:30:00;7834,06;7838,29;7824,20;7829,13;4321514717,00;55185
WDOFUT;25/09/2020;14:15:00;7847,45;7849,57;7831,95;7834,06;3903666178,00;49797
WDOFUT;25/09/2020;14:00:00;7832,65;7849,57;7827,72;7847,45;6398221515,00;81615
WDOFUT;25/09/2020;13:45:00;7841,11;7841,81;7827,02;7833,36;3958263501,00;50526
WDOFUT;25/09/2020;13:30:00;7834,06;7845,34;7824,90;7841,11;6031770546,00;76975
WDOFUT;25/09/2020;13:15:00;7818,56;7836,88;7817,86;7834,06;4895523381,00;62538
WDOFUT;25/09/2020;13:00:00;7842,52;7846,04;7817,15;7819,26;8663700359,00;110630
WDOFUT;25/09/2020;12:45:00;7849,57;7859,43;7841,11;7842,52;4772354174,00;60784
WDOFUT;25/09/2020;12:30:00;7851,68;7858,73;7843,22;7849,57;6747630849,00;85957
WDOFUT;25/09/2020;12:15:00;7862,96;7865,77;7848,16;7851,68;4557994022,00;58026
WDOFUT;25/09/2020;12:00:00;7852,38;7867,18;7850,27;7862,96;8201006204,00;104350
WDOFUT;25/09/2020;11:45:00;7848,86;7855,20;7839,70;7853,09;7430660757,00;94689
WDOFUT;25/09/2020;11:30:00;7855,20;7863,66;7841,81;7848,16;9268301036,00;118008
WDOFUT;25/09/2020;11:15:00;7868,59;7872,82;7847,45;7854,50;8773701914,00;111618
WDOFUT;25/09/2020;11:00:00;7848,86;7876,34;7846,04;7868,59;1,182939404E10;150441
WDOFUT;25/09/2020;10:45:00;7844,63;7861,55;7840,41;7848,86;1,055067844E10;134398
WDOFUT;25/09/2020;10:30:00;7850,98;7859,43;7836,18;7845,34;1,478241748E10;188354
WDOFUT;25/09/2020;10:15:00;7829,83;7857,32;7825,61;7851,68;1,314456565E10;167647
WDOFUT;25/09/2020;10:00:00;7847,45;7853,79;7824,20;7830,54;1,270136993E10;162078
WDOFUT;25/09/2020;09:45:00;7846,75;7864,36;7838,29;7847,45;1,39744109E10;178003
WDOFUT;25/09/2020;09:30:00;7841,11;7855,20;7839,70;7846,75;1,474586383E10;187899
WDOFUT;25/09/2020;09:15:00;7821,38;7843,93;7810,10;7841,11;1,241123401E10;158554
WDOFUT;25/09/2020;09:00:00;7810,10;7824,20;7800,94;7822,08;1,017833899E10;130278
WDOFUT;24/09/2020;17:45:00;7770,64;7777,69;7760,77;7764,30;2211741591,00;28472
WDOFUT;24/09/2020;17:30:00;7763,59;7776,28;7763,59;7770,64;2084880269,00;26833
WDOFUT;24/09/2020;17:15:00;7755,84;7764,30;7745,98;7764,30;2876115174,00;37088
WDOFUT;24/09/2020;17:00:00;7769,23;7771,35;7753,02;7755,14;2841194449,00;36613
WDOFUT;24/09/2020;16:45:00;7769,94;7772,75;7760,07;7769,23;4269377594,00;54975
WDOFUT;24/09/2020;16:30:00;7776,28;7780,51;7765,71;7769,23;3718802065,00;47843
WDOFUT;24/09/2020;16:15:00;7765,71;7779,10;7757,96;7775,57;5736918790,00;73830
WDOFUT;24/09/2020;16:00:00;7777,69;7783,33;7763,59;7765,00;5611665442,00;72172
WDOFUT;24/09/2020;15:45:00;7760,07;7778,39;7758,66;7777,69;6237151905,00;80275
WDOFUT;24/09/2020;15:30:00;7770,64;7771,35;7753,02;7759,37;5049437018,00;65056
WDOFUT;24/09/2020;15:15:00;7762,18;7775,57;7754,43;7770,64;6780949640,00;87318
WDOFUT;24/09/2020;15:00:00;7756,55;7765,00;7743,16;7762,89;7116988392,00;91772
WDOFUT;24/09/2020;14:45:00;7763,59;7766,41;7748,80;7755,84;8177711103,00;105442
WDOFUT;24/09/2020;14:30:00;7771,35;7781,92;7762,89;7763,59;6154396830,00;79181
WDOFUT;24/09/2020;14:15:00;7766,41;7773,46;7761,48;7771,35;6084075505,00;78333
WDOFUT;24/09/2020;14:00:00;7772,75;7778,39;7763,59;7766,41;5796585661,00;74594
WDOFUT;24/09/2020;13:45:00;7776,28;7784,73;7769,23;7772,05;5064971894,00;65122
WDOFUT;24/09/2020;13:30:00;7788,96;7801,65;7766,41;7776,98;8202191151,00;105309
WDOFUT;24/09/2020;13:15:00;7791,08;7797,42;7777,69;7788,96;7516896624,00;96513
WDOFUT;24/09/2020;13:00:00;7796,71;7798,83;7784,03;7791,78;6498003764,00;83405
