WINFUT;28/12/2017;18:00:00;147082,51;147187,78;146910,25;146967,67;429524175,80;14156
WINFUT;28/12/2017;17:30:00;147072,94;147149,50;147015,52;147072,94;1115602964,00;36935
WINFUT;28/12/2017;17:00:00;147072,94;147187,78;147034,66;147072,94;780631144,40;25623
WINFUT;28/12/2017;16:30:00;147044,23;147139,93;147015,52;147072,94;762141756,50;24933
WINFUT;28/12/2017;16:00:00;147092,08;147092,08;146958,10;147044,23;818069283,80;26746
WINFUT;28/12/2017;15:30:00;146948,53;147187,78;146929,39;147092,08;1063063244,00;34824
WINFUT;28/12/2017;15:00:00;147015,52;147082,51;146871,96;146948,53;961601292,00;31544
WINFUT;28/12/2017;14:30:00;147063,37;147082,51;146919,82;147015,52;1157098816,00;37853
WINFUT;28/12/2017;14:00:00;147149,50;147178,21;147015,52;147063,37;1292285717,00;42283
WINFUT;28/12/2017;13:30:00;147273,91;147312,19;147092,08;147149,50;1010791485,00;33062
WINFUT;28/12/2017;13:00:00;147264,34;147321,76;147226,06;147283,48;995383662,20;32533
WINFUT;28/12/2017;12:30:00;147254,77;147293,05;147178,21;147264,34;1243286925,00;40888
WINFUT;28/12/2017;12:00:00;147178,21;147264,34;147149,50;147245,20;697677720,80;22517
WINFUT;28/12/2017;11:30:00;147168,64;147226,06;147034,66;147178,21;1145231921,00;36846
WINFUT;28/12/2017;11:00:00;147197,35;147302,62;147092,08;147168,64;1478481127,00;47722
WINFUT;28/12/2017;10:30:00;147187,78;147273,91;147120,79;147197,35;1441291809,00;46501
WINFUT;28/12/2017;10:00:00;147063,37;147187,78;146986,81;147178,21;1409078931,00;45226
WINFUT;28/12/2017;09:30:00;146996,38;147120,79;146948,53;147063,37;1283060163,00;41548
WINFUT;28/12/2017;09:00:00;147149,50;147226,06;146929,39;147005,95;1961846553,00;64090
WINFUT;27/12/2017;18:00:00;146728,41;146833,68;146613,57;146623,14;363930871,10;11964
WINFUT;27/12/2017;17:30:00;146709,27;146891,10;146661,42;146728,41;1110549963,00;36448
WINFUT;27/12/2017;17:00:00;146690,13;146785,83;146556,15;146709,27;1304765097,00;42796
WINFUT;27/12/2017;16:30:00;146948,53;147005,95;146584,86;146699,70;1913517666,00;62145
WINFUT;27/12/2017;16:00:00;147015,52;147072,94;146919,82;146958,10;968989391,10;31575
WINFUT;27/12/2017;15:30:00;146929,39;147034,66;146862,39;147005,95;1210480703,00;39582
WINFUT;27/12/2017;15:00:00;147063,37;147072,94;146833,68;146929,39;1670533423,00;54792
WINFUT;27/12/2017;14:30:00;147159,07;147178,21;147034,66;147063,37;880006819,30;28569
WINFUT;27/12/2017;14:00:00;147139,93;147235,63;147072,94;147149,50;968836269,80;31540
WINFUT;27/12/2017;13:30:00;147025,09;147245,20;147005,95;147120,79;1525489343,00;49572
WINFUT;27/12/2017;13:00:00;146967,67;147101,65;146881,53;147025,09;1318297185,00;42754
WINFUT;27/12/2017;12:30:00;146929,39;147130,36;146795,40;146958,10;2500986386,00;81327
WINFUT;27/12/2017;12:00:00;146996,38;147082,51;146862,39;146929,39;1108980471,00;35687
WINFUT;27/12/2017;11:30:00;146795,40;147092,08;146747,55;146986,81;2176618211,00;70579
WINFUT;27/12/2017;11:00:00;146642,28;146852,82;146537,01;146804,97;1708507487,00;55391
WINFUT;27/12/2017;10:30:00;146718,84;146804,97;146450,88;146651,85;2350985006,00;76178
WINFUT;27/12/2017;10:00:00;146546,58;146948,53;146489,16;146718,84;3257366956,00;105248
WINFUT;27/12/2017;09:30:00;146613,57;146766,69;146517,87;146556,15;1756510991,00;56997
WINFUT;27/12/2017;09:00:00;146613,57;146862,39;146326,47;146613,57;2363272984,00;76596
WINFUT;26/12/2017;18:00:00;146364,75;146393,46;146249,91;146345,61;443802730,00;14767
WINFUT;26/12/2017;17:30:00;146269,05;146412,60;146221,20;146364,75;1100539663,00;36024
WINFUT;26/12/2017;17:00:00;146163,78;146355,18;146154,21;146269,05;1355237681,00;44223
WINFUT;26/12/2017;16:30:00;146029,80;146192,49;145953,24;146173,35;1132350598,00;36826
WINFUT;26/12/2017;16:00:00;145953,24;146211,63;145895,82;146020,23;1881706732,00;61250
WINFUT;26/12/2017;15:30:00;145809,69;146020,23;145742,70;145953,24;1325704424,00;43357
WINFUT;26/12/2017;15:00:00;145867,11;145905,39;145723,56;145809,69;1213523987,00;39468
WINFUT;26/12/2017;14:30:00;145838,40;146058,51;145790,55;145857,54;1859274473,00;60130
WINFUT;26/12/2017;14:00:00;145847,97;145924,53;145532,15;145838,40;1682687420,00;54493
WINFUT;26/12/2017;13:30:00;145924,53;146001,09;145656,57;145838,40;1582412158,00;51161
WINFUT;26/12/2017;13:00:00;145742,70;145962,81;145522,58;145934,10;2537716339,00;82662
WINFUT;26/12/2017;12:30:00;145886,25;145953,24;145350,32;145752,27;3216100786,00;104780
WINFUT;26/12/2017;12:00:00;146048,94;146106,36;145800,12;145876,68;2030846805,00;66041
WINFUT;26/12/2017;11:30:00;145580,00;146125,50;145570,43;146048,94;3047667439,00;99330
WINFUT;26/12/2017;11:00:00;144862,25;145666,14;144756,98;145589,57;2746879933,00;89170
WINFUT;26/12/2017;10:30:00;144977,09;145024,94;144623,00;144862,25;1801873153,00;58305
WINFUT;26/12/2017;10:00:00;145034,51;145130,21;144689,99;144986,66;2204256592,00;71516
WINFUT;26/12/2017;09:30:00;144910,10;145206,77;144823,97;145034,51;1330833985,00;43298
WINFUT;26/12/2017;09:00:00;145063,22;145063,22;144795,26;144910,10;1228797829,00;39799
WINFUT;22/12/2017;18:00:00;145130,21;145551,29;145101,50;145551,29;469144292,70;15677
WINFUT;22/12/2017;17:30:00;145015,37;145168,49;144948,38;145130,21;862455298,90;28483
WINFUT;22/12/2017;17:00:00;144910,10;145063,22;144833,54;145024,94;881212648,90;29076
WINFUT;22/12/2017;16:30:00;144804,83;145044,08;144737,84;144890,96;1245277501,00;41098
WINFUT;22/12/2017;16:00:00;144833,54;144881,39;144546,44;144823,97;1477141316,00;48746
WINFUT;22/12/2017;15:30:00;144929,24;145139,78;144766,55;144833,54;1941519710,00;64008
WINFUT;22/12/2017;15:00:00;144680,42;144977,09;144642,14;144919,67;1135604424,00;37353
WINFUT;22/12/2017;14:30:00;144776,12;144862,25;144603,86;144680,42;1235937106,00;40629
WINFUT;22/12/2017;14:00:00;144852,68;144967,52;144680,42;144766,55;1346586331,00;44399
WINFUT;22/12/2017;13:30:00;144766,55;144919,67;144575,15;144843,11;1593590007,00;52498
WINFUT;22/12/2017;13:00:00;145015,37;145063,22;144603,86;144776,12;2698589326,00;89060
WINFUT;22/12/2017;12:30:00;144709,13;145168,49;144431,60;145005,80;3509653314,00;115482
WINFUT;22/12/2017;12:00:00;144479,45;144881,39;144450,74;144709,13;2060648023,00;67600
WINFUT;22/12/2017;11:30:00;144843,11;144871,82;144383,74;144479,45;2634469813,00;86429
WINFUT;22/12/2017;11:00:00;143933,95;144957,95;143819,11;144852,68;3677569877,00;120664
WINFUT;22/12/2017;10:30:00;144010,51;144268,90;143876,53;143943,52;3138774567,00;103212
WINFUT;22/12/2017;10:00:00;144431,60;144843,11;143991,37;144020,08;4263698786,00;139774
WINFUT;22/12/2017;09:30:00;144431,60;144680,42;144326,32;144431,60;1991877453,00;65079
WINFUT;22/12/2017;09:00:00;144795,26;145082,36;144316,75;144431,60;1843828369,00;59913
WINFUT;21/12/2017;18:00:00;145063,22;145321,61;145044,08;145216,34;508190205,10;16946
WINFUT;21/12/2017;17:30:00;144804,83;145254,62;144603,86;145072,79;2001390109,00;66485
WINFUT;21/12/2017;17:00:00;144489,02;144919,67;144144,49;144804,83;3030307320,00;100660
WINFUT;21/12/2017;16:30:00;144469,88;144709,13;144326,32;144498,59;2043594147,00;67457
WINFUT;21/12/2017;16:00:00;144689,99;144890,96;144412,46;144479,45;2973193103,00;98221
WINFUT;21/12/2017;15:30:00;144919,67;145034,51;144575,15;144689,99;3263453525,00;107825
WINFUT;21/12/2017;15:00:00;144632,57;145063,22;144469,88;144919,67;3247241815,00;107307
WINFUT;21/12/2017;14:30:00;143972,23;144833,54;143914,81;144642,14;4369792654,00;144777
WINFUT;21/12/2017;14:00:00;143675,56;144106,21;143522,44;143991,37;2962800000,00;98142
WINFUT;21/12/2017;13:30:00;143493,73;143819,11;143426,74;143665,99;2293047762,00;79596
WINFUT;21/12/2017;13:00:00;142517,58;143704,27;142517,58;143484,16;4791029144,00;172860
WINFUT;21/12/2017;12:30:00;142125,21;142651,56;142067,79;142517,58;3195410280,00;118396
WINFUT;21/12/2017;12:00:00;141522,29;142153,92;141503,15;142125,21;2859022090,00;106741
WINFUT;21/12/2017;11:30:00;141369,17;141627,56;141206,48;141522,29;2706226247,00;101220
WINFUT;21/12/2017;11:00:00;142000,80;142010,37;141254,33;141359,60;2689306352,00;100723
WINFUT;21/12/2017;10:30:00;142058,22;142144,35;141905,10;142000,80;1549012591,00;58319
WINFUT;21/12/2017;10:00:00;142096,50;142115,64;141876,38;142058,22;2028664828,00;76548
WINFUT;21/12/2017;09:30:00;142125,21;142259,19;142067,79;142096,50;1108463687,00;41542
WINFUT;21/12/2017;09:00:00;142096,50;142450,59;142029,51;142115,64;1781144368,00;66475
WINFUT;20/12/2017;18:00:00;141732,83;141828,53;141684,98;141828,53;467134576,70;16981
WINFUT;20/12/2017;17:30:00;141397,88;141780,68;141340,46;141732,83;1692927402,00;61992
WINFUT;20/12/2017;17:00:00;141378,74;141503,15;141273,47;141397,88;1535518783,00;56538
WINFUT;20/12/2017;16:30:00;141512,72;141675,41;141350,03;141378,74;1914972318,00;70583
WINFUT;20/12/2017;16:00:00;141665,84;141704,12;141464,87;141512,72;1353763889,00;50172
WINFUT;20/12/2017;15:30:00;141723,26;141751,97;141522,29;141665,84;1481888074,00;54991
WINFUT;20/12/2017;15:00:00;141761,54;141866,81;141627,56;141723,26;1377382838,00;51292
WINFUT;20/12/2017;14:30:00;141847,67;141972,09;141684,98;141771,11;1390015339,00;51703
WINFUT;20/12/2017;14:00:00;141656,27;141905,10;141474,44;141847,67;1782216216,00;66336
WINFUT;20/12/2017;13:30:00;141445,73;141771,11;141340,46;141656,27;2126815533,00;78956
WINFUT;20/12/2017;13:00:00;141627,56;141857,24;141426,59;141464,87;2406300048,00;89371
WINFUT;20/12/2017;12:30:00;141388,31;141704,12;141139,49;141627,56;3544564953,00;132052
WINFUT;20/12/2017;12:00:00;141522,29;141771,11;141311,75;141388,31;2122068775,00;79756
WINFUT;20/12/2017;11:30:00;141369,17;141598,85;141330,89;141522,29;1601418330,00;60296
WINFUT;20/12/2017;11:00:00;141196,91;141445,73;140995,94;141359,60;2417860701,00;91019
WINFUT;20/12/2017;10:30:00;141158,63;141283,04;141101,21;141187,34;1562066175,00;58605
WINFUT;20/12/2017;10:00:00;140727,98;141244,76;140727,98;141168,20;2562024334,00;96151
WINFUT;20/12/2017;09:30:00;140737,55;140814,11;140641,85;140737,55;941733813,00;35812
WINFUT;20/12/2017;09:00:00;140182,48;140871,53;140144,20;140737,55;1444047991,00;54534
WINFUT;19/12/2017;18:00:00;140373,88;140421,73;140182,48;140182,48;293227145,60;10853
WINFUT;19/12/2017;17:30:00;140766,26;140794,97;140182,48;140373,88;2072093835,00;76507
WINFUT;19/12/2017;17:00:00;140613,13;140852,39;140211,19;140775,83;2516068826,00;93198
WINFUT;19/12/2017;16:30:00;140326,03;140622,70;140182,48;140613,13;2198093463,00;82116
WINFUT;19/12/2017;16:00:00;140125,06;140373,88;140000,65;140326,03;1871122227,00;69838
WINFUT;19/12/2017;15:30:00;139770,97;140220,76;139761,40;140134,63;2366699071,00;88665
WINFUT;19/12/2017;15:00:00;139598,71;139818,82;139560,43;139761,40;1565645384,00;59059
WINFUT;19/12/2017;14:30:00;140029,36;140144,20;139531,72;139598,71;2164215392,00;81528
WINFUT;19/12/2017;14:00:00;139962,37;140086,78;139761,40;140019,79;1610892706,00;60845
WINFUT;19/12/2017;13:30:00;139895,38;140000,65;139694,41;139962,37;2175948306,00;81373
WINFUT;19/12/2017;13:00:00;140239,90;140584,42;139809,25;139876,24;2796223247,00;104554
WINFUT;19/12/2017;12:30:00;140354,74;140517,43;140096,35;140249,47;3001903333,00;112378
WINFUT;19/12/2017;12:00:00;140469,58;140546,14;140297,32;140364,31;1096654212,00;41357
WINFUT;19/12/2017;11:30:00;140278,18;140574,85;140201,62;140469,58;1730346401,00;65636
WINFUT;19/12/2017;11:00:00;140450,44;140546,14;140115,49;140278,18;2184944178,00;82779
WINFUT;19/12/2017;10:30:00;140995,94;141034,22;140316,46;140460,01;2845432581,00;106998
WINFUT;19/12/2017;10:00:00;140823,68;141062,93;140641,85;141005,51;2111369429,00;79796
WINFUT;19/12/2017;09:30:00;140737,55;140861,96;140613,13;140823,68;1190594084,00;45181
WINFUT;19/12/2017;09:00:00;141216,05;141235,19;140498,29;140727,98;1855656984,00;69798
WINFUT;18/12/2017;18:00:00;141330,89;141464,87;141235,19;141464,87;338608448,60;12513
WINFUT;18/12/2017;17:30:00;141302,18;141397,88;141091,64;141330,89;1272935022,00;46903
WINFUT;18/12/2017;17:00:00;141723,26;141761,54;141158,63;141302,18;1854719116,00;68463
WINFUT;18/12/2017;16:30:00;141551,00;141828,53;141417,02;141723,26;1320421742,00;49435
WINFUT;18/12/2017;16:00:00;141656,27;141924,24;141350,03;141551,00;2651160027,00;98614
WINFUT;18/12/2017;15:30:00;141704,12;141761,54;141503,15;141656,27;1229238053,00;45839
WINFUT;18/12/2017;15:00:00;141818,96;141905,10;141570,14;141704,12;1842239736,00;68598
WINFUT;18/12/2017;14:30:00;141895,53;142019,94;141799,82;141809,39;1384962338,00;51710
WINFUT;18/12/2017;14:00:00;141943,38;142144,35;141799,82;141905,10;2204869077,00;81761
WINFUT;18/12/2017;13:30:00;141704,12;141981,66;141608,42;141933,81;2400175199,00;88746
WINFUT;18/12/2017;13:00:00;141369,17;141761,54;141263,90;141694,55;2231588731,00;83013
WINFUT;18/12/2017;12:30:00;141292,61;141570,14;141015,08;141369,17;3635940044,00;135574
WINFUT;18/12/2017;12:00:00;141053,36;141369,17;140976,80;141302,18;1378971471,00;51483
WINFUT;18/12/2017;11:30:00;141129,92;141244,76;140967,23;141062,93;1916465250,00;71902
WINFUT;18/12/2017;11:00:00;140957,66;141436,16;140842,82;141120,35;2775054238,00;104274
WINFUT;18/12/2017;10:30:00;140909,81;141302,18;140651,42;140967,23;3026421869,00;113476
WINFUT;18/12/2017;10:00:00;141120,35;141397,88;140842,82;140909,81;3461860352,00;130206
WINFUT;18/12/2017;09:30:00;141158,63;141330,89;140928,95;141120,35;1924197872,00;72606
WINFUT;18/12/2017;09:00:00;140756,69;141474,44;140756,69;141158,63;1997064435,00;74754
WINFUT;15/12/2017;18:00:00;140067,64;140182,48;139847,53;139847,53;457832462,30;17065
WINFUT;15/12/2017;17:30:00;140402,59;140546,14;139933,66;140077,21;1863982950,00;69300
WINFUT;15/12/2017;17:00:00;140211,19;140718,41;140192,05;140402,59;2570618263,00;95192
WINFUT;15/12/2017;16:30:00;140163,34;140364,31;140010,22;140211,19;1893114263,00;70788
WINFUT;15/12/2017;16:00:00;140488,72;140536,57;140086,78;140163,34;2148118523,00;80289
WINFUT;15/12/2017;15:30:00;140412,16;140747,12;140278,18;140488,72;2485693403,00;92626
WINFUT;15/12/2017;15:00:00;140833,25;140842,82;140230,33;140412,16;2430340081,00;90821
WINFUT;15/12/2017;14:30:00;140641,85;140967,23;140498,29;140833,25;2088286404,00;77894
WINFUT;15/12/2017;14:00:00;140402,59;140814,11;140364,31;140641,85;2189021030,00;81594
WINFUT;15/12/2017;13:30:00;140861,96;140881,10;140373,88;140402,59;3118103202,00;115763
WINFUT;15/12/2017;13:00:00;140115,49;141120,35;140105,92;140852,39;4044869415,00;150045
WINFUT;15/12/2017;12:30:00;140546,14;140565,28;139962,37;140105,92;3783376644,00;140901
WINFUT;15/12/2017;12:00:00;140450,44;140727,98;140144,20;140536,57;2565431281,00;96458
WINFUT;15/12/2017;11:30:00;140641,85;140794,97;140268,61;140440,87;3399788835,00;127880
WINFUT;15/12/2017;11:00:00;140871,53;141292,61;140613,13;140641,85;2942224335,00;110668
WINFUT;15/12/2017;10:30:00;140364,31;141034,22;140192,05;140861,96;3323381344,00;125041
WINFUT;15/12/2017;10:00:00;139636,99;140565,28;139436,02;140364,31;4028581145,00;152119
WINFUT;15/12/2017;09:30:00;139445,59;139656,13;139340,31;139646,56;1803461786,00;68075
WINFUT;15/12/2017;09:00:00;139436,02;139617,85;139081,92;139445,59;2340075119,00;88344
WINFUT;14/12/2017;18:00:00;139627,42;139914,52;139522,15;139866,67;425734425,50;15738
WINFUT;14/12/2017;17:30:00;139617,85;139885,81;139254,18;139636,99;2384575974,00;87711
WINFUT;14/12/2017;17:00:00;139675,27;140000,65;139589,14;139617,85;1783479466,00;65811
WINFUT;14/12/2017;16:30:00;139847,53;140077,21;139531,72;139684,84;2146510750,00;79272
WINFUT;14/12/2017;16:00:00;140000,65;140010,22;139436,02;139837,96;2627426237,00;97354
WINFUT;14/12/2017;15:30:00;139636,99;140354,74;139636,99;139991,08;3106102326,00;115090
WINFUT;14/12/2017;15:00:00;139703,98;139790,11;139503,01;139627,42;1274868178,00;47251
WINFUT;14/12/2017;14:30:00;139636,99;139828,39;139407,31;139713,55;2586428029,00;95796
WINFUT;14/12/2017;14:00:00;140440,87;140574,85;139493,44;139627,42;4101696530,00;151602
WINFUT;14/12/2017;13:30:00;140058,07;140641,85;139904,95;140431,30;3071535210,00;113483
WINFUT;14/12/2017;13:00:00;140249,47;140440,87;139962,37;140058,07;2721251268,00;101047
WINFUT;14/12/2017;12:30:00;139493,44;140546,14;139474,30;140249,47;4386923091,00;162562
WINFUT;14/12/2017;12:00:00;139675,27;139837,96;139359,45;139493,44;1934571835,00;72663
WINFUT;14/12/2017;11:30:00;139531,72;139895,38;139263,75;139684,84;2800223539,00;105742
WINFUT;14/12/2017;11:00:00;139139,34;139684,84;139091,49;139531,72;2439833596,00;92057
WINFUT;14/12/2017;10:30:00;139349,88;139570,00;138967,08;139139,34;3210779823,00;120667
WINFUT;14/12/2017;10:00:00;139885,81;140172,91;139273,32;139349,88;4530991024,00;170957
WINFUT;14/12/2017;09:30:00;140259,04;140479,15;139723,12;139904,95;2868821848,00;108292
WINFUT;14/12/2017;09:00:00;140038,93;140431,30;139742,26;140249,47;2682358476,00;101363
WINFUT;13/12/2017;18:00:00;141168,20;141350,03;140555,71;140699,27;485968487,30;17942
WINFUT;13/12/2017;17:30:00;140699,27;141273,47;140239,90;141168,20;2315843685,00;85255
WINFUT;13/12/2017;17:00:00;141570,14;142106,07;140249,47;140708,84;4104624973,00;152031
WINFUT;13/12/2017;16:30:00;141952,95;142431,45;141062,93;141579,71;3838978788,00;142154
WINFUT;13/12/2017;16:00:00;142708,98;142823,82;141895,53;141962,52;2586160067,00;95617
WINFUT;13/12/2017;15:30:00;142651,56;143101,35;142412,31;142708,98;3469497273,00;127610
WINFUT;13/12/2017;15:00:00;143053,50;143254,48;142402,74;142661,13;4951557608,00;181931
WINFUT;13/12/2017;14:30:00;143627,71;143761,69;143024,79;143043,93;2551382409,00;89287
WINFUT;13/12/2017;14:00:00;143962,66;144115,78;143599,00;143618,14;2609740736,00;86152
WINFUT;13/12/2017;13:30:00;143618,14;144010,51;143398,03;143953,09;2832436417,00;94749
WINFUT;13/12/2017;13:00:00;143857,39;143981,80;143187,49;143627,71;3353086862,00;116988
WINFUT;13/12/2017;12:30:00;143637,28;144268,90;143445,88;143857,39;4963041700,00;164805
WINFUT;13/12/2017;12:00:00;144010,51;144374,17;143254,48;143637,28;4687251234,00;155352
WINFUT;13/12/2017;11:30:00;142804,68;144335,89;142795,11;144020,08;4702448515,00;169139
WINFUT;13/12/2017;11:00:00;143378,89;143857,39;142641,99;142804,68;3850386320,00;138397
WINFUT;13/12/2017;10:30:00;143417,17;143914,81;142909,95;143378,89;4801805050,00;173806
WINFUT;13/12/2017;10:00:00;144364,60;144412,46;143197,06;143407,60;4646903791,00;162654
WINFUT;13/12/2017;09:30:00;144632,57;144689,99;143866,96;144364,60;2821392549,00;91723
WINFUT;13/12/2017;09:00:00;143742,55;145465,16;143713,84;144623,00;3098809928,00;100319
WINFUT;12/12/2017;18:00:00;142116,71;143466,43;142116,71;143273,62;1026564473,00;37748
WINFUT;12/12/2017;17:30:00;140419,91;142232,40;140371,70;142116,71;3142918531,00;115930
WINFUT;12/12/2017;17:00:00;140140,32;140622,36;140014,99;140410,26;2037375694,00;74824
WINFUT;12/12/2017;16:30:00;140429,55;140583,80;140053,55;140140,32;2263821471,00;84079
WINFUT;12/12/2017;16:00:00;140034,27;140979,08;140034,27;140419,91;3961759881,00;145080
WINFUT;12/12/2017;15:30:00;140535,60;140574,16;139860,73;140024,63;3636494740,00;133565
WINFUT;12/12/2017;15:00:00;140390,98;140603,08;140092,11;140525,96;2695483734,00;99067
WINFUT;12/12/2017;14:30:00;141017,64;141046,57;140121,04;140381,34;3627605818,00;133435
WINFUT;12/12/2017;14:00:00;140680,21;141191,18;140574,16;141008,00;3391056364,00;124348
WINFUT;12/12/2017;13:30:00;139966,78;140988,72;139957,14;140670,57;3538793723,00;130067
WINFUT;12/12/2017;13:00:00;140043,91;140468,11;139851,09;139957,14;3868204456,00;143002
WINFUT;12/12/2017;12:30:00;138915,92;140063,19;138742,39;140053,55;4257755209,00;158113
WINFUT;12/12/2017;12:00:00;138944,85;139205,15;138655,62;138915,92;2883095911,00;107857
WINFUT;12/12/2017;11:30:00;138732,75;138993,05;138511,00;138954,49;2545798910,00;95159
WINFUT;12/12/2017;11:00:00;139147,31;139205,15;138366,39;138732,75;4115609579,00;154313
WINFUT;12/12/2017;10:30:00;139629,35;139745,04;139118,38;139147,31;2962922675,00;110859
WINFUT;12/12/2017;10:00:00;139716,12;139783,61;139446,17;139629,35;2742704928,00;102721
WINFUT;12/12/2017;09:30:00;140005,35;140082,47;139629,35;139716,12;2355699377,00;88068
WINFUT;12/12/2017;09:00:00;140381,34;140390,98;139889,66;140014,99;1975288211,00;73923
WINFUT;11/12/2017;18:00:00;140564,52;140738,06;140410,26;140738,06;509715098,70;18830
WINFUT;11/12/2017;17:30:00;140458,47;140728,41;140429,55;140564,52;1283687637,00;47193
WINFUT;11/12/2017;17:00:00;140632,01;140641,65;140188,52;140448,83;2502877563,00;91992
WINFUT;11/12/2017;16:30:00;140815,18;140988,72;140583,80;140641,65;1822190504,00;66980
WINFUT;11/12/2017;16:00:00;140998,36;141171,90;140747,70;140815,18;1951436591,00;71808
WINFUT;11/12/2017;15:30:00;140689,85;141036,92;140680,21;140998,36;1898777921,00;70020
WINFUT;11/12/2017;15:00:00;141036,92;141075,49;140487,39;140709,13;2451530058,00;90165
WINFUT;11/12/2017;14:30:00;140574,16;141162,26;140429,55;141046,57;2637483998,00;96930
WINFUT;11/12/2017;14:00:00;140776,62;141085,13;140487,39;140574,16;2822454565,00;103628
WINFUT;11/12/2017;13:30:00;141056,21;141258,67;140641,65;140786,26;2709675158,00;99577
WINFUT;11/12/2017;13:00:00;141432,20;141470,77;140959,80;141056,21;2299030087,00;84776
WINFUT;11/12/2017;12:30:00;140448,83;141441,84;140429,55;141422,56;3969221948,00;146473
WINFUT;11/12/2017;12:00:00;140014,99;140545,24;139880,01;140439,19;2742454265,00;102228
WINFUT;11/12/2017;11:30:00;140969,44;141181,54;139725,76;140014,99;4870030345,00;181270
WINFUT;11/12/2017;11:00:00;141306,87;141432,20;140930,87;140979,08;2886489513,00;107339
WINFUT;11/12/2017;10:30:00;141470,77;141567,17;141104,41;141297,23;3061877012,00;113837
WINFUT;11/12/2017;10:00:00;141239,38;141605,74;141200,82;141461,12;2620728090,00;97635
WINFUT;11/12/2017;09:30:00;141306,87;141518,97;141191,18;141249,02;1925483251,00;71665
WINFUT;11/12/2017;09:00:00;140786,26;141451,48;140680,21;141316,51;1986510234,00;73982
WINFUT;08/12/2017;18:00:00;140458,47;140651,29;139986,06;140072,83;628317617,00;23105
WINFUT;08/12/2017;17:30:00;140863,39;140901,95;140101,76;140458,47;2091673319,00;76827
WINFUT;08/12/2017;17:00:00;140863,39;140950,16;140612,72;140863,39;1566841268,00;57665
WINFUT;08/12/2017;16:30:00;140940,51;141316,51;140844,11;140863,39;1752872335,00;64552
WINFUT;08/12/2017;16:00:00;140824,82;141171,90;140795,90;140940,51;1894535919,00;69853
WINFUT;08/12/2017;15:30:00;141287,59;141422,56;140680,21;140815,18;2597744152,00;95994
WINFUT;08/12/2017;15:00:00;141229,74;141490,05;141191,18;141287,59;1988554108,00;73466
WINFUT;08/12/2017;14:30:00;140641,65;141287,59;140632,01;141229,74;2348892892,00;86562
WINFUT;08/12/2017;14:00:00;140776,62;140930,87;140583,80;140641,65;1818314857,00;66866
WINFUT;08/12/2017;13:30:00;140689,85;140911,59;140535,60;140776,62;1673508335,00;61596
WINFUT;08/12/2017;13:00:00;141065,85;141104,41;140487,39;140689,85;3476667676,00;127764
WINFUT;08/12/2017;12:30:00;141191,18;141403,28;140988,72;141075,49;2676741798,00;98384
WINFUT;08/12/2017;12:00:00;141461,12;141547,89;140930,87;141200,82;2378586906,00;88475
WINFUT;08/12/2017;11:30:00;141403,28;141682,87;141104,41;141461,12;2527616147,00;94790
WINFUT;08/12/2017;11:00:00;141451,48;141499,69;141065,85;141384,00;2342973371,00;87352
WINFUT;08/12/2017;10:30:00;141528,61;141596,10;140892,31;141451,48;4085491366,00;152154
WINFUT;08/12/2017;10:00:00;141181,54;141653,94;141162,26;141528,61;2851165206,00;106288
WINFUT;08/12/2017;09:30:00;141133,33;141239,38;141065,85;141171,90;1122009517,00;41652
WINFUT;08/12/2017;09:00:00;141162,26;141499,69;141008,00;141123,69;2088298999,00;77761
WINFUT;07/12/2017;18:00:00;139802,89;139880,01;139658,27;139677,56;354014345,00;12927
WINFUT;07/12/2017;17:30:00;140034,27;140130,68;139638,99;139812,53;1902094395,00;69587
WINFUT;07/12/2017;17:00:00;140227,09;140323,50;139725,76;140034,27;2266771591,00;82971
WINFUT;07/12/2017;16:30:00;140130,68;140468,11;139947,50;140236,73;2326795918,00;85050
WINFUT;07/12/2017;16:00:00;139986,06;140352,42;139648,63;140130,68;3102812331,00;113670
WINFUT;07/12/2017;15:30:00;140313,86;140525,96;139754,68;139986,06;3408448572,00;124934
WINFUT;07/12/2017;15:00:00;139899,30;140333,14;139735,40;140313,86;2757532653,00;101389
WINFUT;07/12/2017;14:30:00;140313,86;140419,91;139851,09;139899,30;3300566749,00;121010
WINFUT;07/12/2017;14:00:00;139783,61;140323,50;139426,89;140313,86;3460528787,00;127179
WINFUT;07/12/2017;13:30:00;139311,20;139918,58;139272,64;139783,61;4218458845,00;155427
WINFUT;07/12/2017;13:00:00;139050,90;139773,96;138703,82;139311,20;4925542726,00;181547
WINFUT;07/12/2017;12:30:00;138115,73;139330,48;137768,65;139050,90;6091842600,00;224781
WINFUT;07/12/2017;12:00:00;138520,65;138530,29;137874,70;138125,37;4488693651,00;167668
WINFUT;07/12/2017;11:30:00;138915,92;139484,74;137971,11;138520,65;5198534833,00;194488
WINFUT;07/12/2017;11:00:00;138491,72;139504,02;138241,06;138915,92;5525766721,00;206513
WINFUT;07/12/2017;10:30:00;139417,25;139446,17;137546,91;138501,36;7987419737,00;298264
WINFUT;07/12/2017;10:00:00;139272,64;139532,94;138896,64;139417,25;4268340932,00;159559
WINFUT;07/12/2017;09:30:00;139889,66;140130,68;139108,74;139263,00;4065766056,00;151826
WINFUT;07/12/2017;09:00:00;140950,16;141114,05;139590,79;139899,30;3438856013,00;128412
WINFUT;06/12/2017;18:00:00;141731,07;141731,07;141432,20;141682,87;507825479,60;18248
WINFUT;06/12/2017;17:30:00;141229,74;141866,04;141065,85;141731,07;2768716113,00;101041
WINFUT;06/12/2017;17:00:00;141249,02;141374,36;140882,67;141239,38;3377809748,00;123452
WINFUT;06/12/2017;16:30:00;140362,06;141538,25;140101,76;141258,67;6289674146,00;230912
WINFUT;06/12/2017;16:00:00;140034,27;140641,65;139783,61;140362,06;4428727169,00;162903
WINFUT;06/12/2017;15:30:00;139359,41;140140,32;139301,56;140034,27;3355867029,00;123686
WINFUT;06/12/2017;15:00:00;139426,89;139677,56;139224,43;139359,41;2897518718,00;106988
WINFUT;06/12/2017;14:30:00;139050,90;139619,71;139041,26;139436,53;3108442624,00;115025
WINFUT;06/12/2017;14:00:00;139870,37;140159,60;138983,41;139050,90;4217726136,00;155943
WINFUT;06/12/2017;13:30:00;139349,76;139880,01;139108,74;139860,73;3703518371,00;136898
WINFUT;06/12/2017;13:00:00;139359,41;139658,27;138713,46;139349,76;4886670562,00;180945
WINFUT;06/12/2017;12:30:00;140574,16;140612,72;139291,92;139359,41;5138105587,00;189782
WINFUT;06/12/2017;12:00:00;140333,14;140632,01;139851,09;140574,16;3852778995,00;143890
WINFUT;06/12/2017;11:30:00;140323,50;140709,13;140014,99;140333,14;3831665394,00;143346
WINFUT;06/12/2017;11:00:00;140284,93;140564,52;139957,14;140313,86;4049029431,00;151106
WINFUT;06/12/2017;10:30:00;139282,28;140410,26;139185,87;140284,93;4837521185,00;180599
WINFUT;06/12/2017;10:00:00;139369,05;139687,20;138993,05;139272,64;4368895660,00;164643
WINFUT;06/12/2017;09:30:00;139234,07;139484,74;138925,56;139359,41;2714225670,00;102695
WINFUT;06/12/2017;09:00:00;139176,23;139638,99;138925,56;139243,71;2925805158,00;110061
WINFUT;05/12/2017;18:00:00;139754,68;140236,73;139735,40;139793,25;429560543,50;15728
WINFUT;05/12/2017;17:30:00;140362,06;140429,55;139484,74;139754,68;3734504267,00;137302
WINFUT;05/12/2017;17:00:00;141576,82;141933,53;140236,73;140352,42;4293368743,00;157621
WINFUT;05/12/2017;16:30:00;141576,82;141981,73;141422,56;141567,17;2709347367,00;99426
WINFUT;05/12/2017;16:00:00;141027,28;141721,43;140988,72;141567,17;3263661332,00;119882
WINFUT;05/12/2017;15:30:00;141750,35;141837,12;140873,03;141027,28;3047492769,00;112644
WINFUT;05/12/2017;15:00:00;141374,36;141866,04;141297,23;141759,99;3072964062,00;113182
WINFUT;05/12/2017;14:30:00;142029,94;142058,86;141306,87;141374,36;3290250972,00;121147
WINFUT;05/12/2017;14:00:00;142531,27;142560,19;141644,30;142020,30;4084199483,00;149962
WINFUT;05/12/2017;13:30:00;142550,55;142637,32;141952,81;142540,91;3484110461,00;127562
WINFUT;05/12/2017;13:00:00;142242,04;142666,24;141837,12;142550,55;5129274510,00;187759
WINFUT;05/12/2017;12:30:00;142560,19;142627,67;142164,91;142251,68;3960313744,00;145336
WINFUT;05/12/2017;12:00:00;142724,08;143129,00;142521,62;142569,83;2818173999,00;104262
WINFUT;05/12/2017;11:30:00;142984,39;143022,95;142637,32;142733,72;2085715234,00;77356
WINFUT;05/12/2017;11:00:00;142704,80;143283,26;142695,16;142984,39;5038437823,00;185525
WINFUT;05/12/2017;10:30:00;141509,33;142781,93;141499,69;142704,80;5618280927,00;207912
WINFUT;05/12/2017;10:00:00;140988,72;141557,53;140689,85;141509,33;4112543769,00;153742
WINFUT;05/12/2017;09:30:00;141142,97;141181,54;140844,11;140988,72;1860060012,00;69678
WINFUT;05/12/2017;09:00:00;140680,21;141191,18;140458,47;141152,62;2283026171,00;85360
WINFUT;04/12/2017;18:00:00;141133,33;141210,46;140795,90;140795,90;527068743,00;19064
WINFUT;04/12/2017;17:30:00;141875,68;141981,73;141046,57;141133,33;2123777561,00;77349
WINFUT;04/12/2017;17:00:00;141692,51;141933,53;141567,17;141894,97;2925515931,00;106084
WINFUT;04/12/2017;16:30:00;142126,35;142203,47;141644,30;141692,51;2660892136,00;96930
WINFUT;04/12/2017;16:00:00;141692,51;142483,06;141653,94;142126,35;3754480240,00;136894
WINFUT;04/12/2017;15:30:00;141827,48;141952,81;141403,28;141682,87;2967434623,00;108808
WINFUT;04/12/2017;15:00:00;141943,17;142049,22;141663,58;141827,48;2247316227,00;82003
WINFUT;04/12/2017;14:30:00;141480,41;142203,47;141470,77;141943,17;4197499499,00;153375
WINFUT;04/12/2017;14:00:00;140497,03;141567,17;140458,47;141470,77;4328191723,00;158118
WINFUT;04/12/2017;13:30:00;140863,39;140940,51;140323,50;140477,75;3605470281,00;131609
WINFUT;04/12/2017;13:00:00;140844,11;141008,00;140603,08;140853,75;2813604206,00;102794
WINFUT;04/12/2017;12:30:00;140757,34;141181,54;140747,70;140844,11;3718905269,00;135875
WINFUT;04/12/2017;12:00:00;140873,03;140892,31;140497,03;140757,34;2437357915,00;90337
WINFUT;04/12/2017;11:30:00;140834,46;140950,16;140641,65;140863,39;2258866042,00;83481
WINFUT;04/12/2017;11:00:00;140121,04;140998,36;140043,91;140844,11;4500204902,00;166633
WINFUT;04/12/2017;10:30:00;140236,73;140564,52;140092,11;140130,68;3314623201,00;123414
WINFUT;04/12/2017;10:00:00;140246,37;140342,78;139745,04;140246,37;3977378161,00;149788
WINFUT;04/12/2017;09:30:00;140439,19;140554,88;139976,42;140246,37;2358225296,00;89365
WINFUT;04/12/2017;09:00:00;140439,19;140632,01;140082,47;140419,91;1974613347,00;74372
WINFUT;01/12/2017;18:00:00;139716,12;139754,68;139446,17;139484,74;354689209,00;13034
WINFUT;01/12/2017;17:30:00;139369,05;139976,42;139369,05;139725,76;2599788026,00;94998
WINFUT;01/12/2017;17:00:00;138993,05;139465,46;138713,46;139369,05;2354060422,00;86736
WINFUT;01/12/2017;16:30:00;139513,66;139648,63;138752,03;138993,05;2229210591,00;82390
WINFUT;01/12/2017;16:00:00;139494,38;139629,35;139166,59;139523,30;2306415027,00;85187
WINFUT;01/12/2017;15:30:00;138703,82;139523,30;138559,21;139494,38;2789405513,00;102922
WINFUT;01/12/2017;15:00:00;138703,82;139128,02;138482,08;138684,54;4401038466,00;161225
WINFUT;01/12/2017;14:30:00;138453,16;138906,28;137922,91;138713,46;6628880047,00;243322
WINFUT;01/12/2017;14:00:00;139706,48;139783,61;138192,85;138453,16;7477049057,00;274351
WINFUT;01/12/2017;13:30:00;139860,73;140024,63;139629,35;139696,84;2563808137,00;93999
WINFUT;01/12/2017;13:00:00;139234,07;139908,94;138973,77;139860,73;3887177774,00;142918
WINFUT;01/12/2017;12:30:00;139224,43;139504,02;138790,59;139243,71;4304822149,00;159156
WINFUT;01/12/2017;12:00:00;139455,81;139812,53;139195,51;139224,43;2484386291,00;92684
WINFUT;01/12/2017;11:30:00;139532,94;139822,17;139291,92;139446,17;3111913353,00;115966
WINFUT;01/12/2017;11:00:00;138723,10;139735,40;138723,10;139532,94;3929809894,00;146617
WINFUT;01/12/2017;10:30:00;138539,93;139070,18;138424,24;138732,75;3496836467,00;131019
WINFUT;01/12/2017;10:00:00;137855,42;138607,41;137845,78;138539,93;3646444163,00;137394
WINFUT;01/12/2017;09:30:00;138019,32;138048,24;137517,99;137855,42;2059395540,00;77983
WINFUT;01/12/2017;09:00:00;138318,19;138318,19;137411,94;138009,68;2643808437,00;99915
WINFUT;30/11/2017;18:00:00;138655,62;139137,66;138626,70;138694,18;621646104,80;22726
WINFUT;30/11/2017;17:30:00;138626,70;138964,13;138443,52;138655,62;2356451368,00;86275
WINFUT;30/11/2017;17:00:00;138482,08;138819,51;137845,78;138617,05;3446202389,00;128031
WINFUT;30/11/2017;16:30:00;138279,62;138607,41;138135,01;138491,72;2197183477,00;82084
WINFUT;30/11/2017;16:00:00;138192,85;138549,57;138106,09;138269,98;2372667385,00;89932
WINFUT;30/11/2017;15:30:00;138308,55;138327,83;137826,50;138183,21;2720704364,00;102693
WINFUT;30/11/2017;15:00:00;138000,04;138578,49;137893,99;138308,55;3496990722,00;130597
WINFUT;30/11/2017;14:30:00;138250,70;138289,26;137730,09;138000,04;3658553151,00;136263
WINFUT;30/11/2017;14:00:00;138703,82;138752,03;138096,45;138260,34;3491919601,00;129859
WINFUT;30/11/2017;13:30:00;139021,97;139340,12;138530,29;138703,82;3503083779,00;130008
WINFUT;30/11/2017;13:00:00;139214,79;139475,10;138761,67;139021,97;3821773817,00;142672
WINFUT;30/11/2017;12:30:00;139600,43;139957,14;139156,95;139205,15;4216974144,00;157615
WINFUT;30/11/2017;12:00:00;139494,38;139908,94;139079,82;139600,43;2720029500,00;103333
WINFUT;30/11/2017;11:30:00;138925,56;139658,27;138848,44;139494,38;3118237792,00;116993
WINFUT;30/11/2017;11:00:00;140005,35;140082,47;138713,46;138925,56;4715216556,00;176489
WINFUT;30/11/2017;10:30:00;139263,00;140053,55;139176,23;139995,71;3226100333,00;120937
WINFUT;30/11/2017;10:00:00;139571,51;139812,53;139079,82;139263,00;3528940709,00;133422
WINFUT;30/11/2017;09:30:00;140063,19;140342,78;139484,74;139581,15;2763529301,00;104502
WINFUT;30/11/2017;09:00:00;141008,00;141056,21;139851,09;140053,55;2686459839,00;100650
WINFUT;29/11/2017;18:00:00;140468,11;140709,13;140371,70;140371,70;477032401,80;17548
WINFUT;29/11/2017;17:30:00;141036,92;141306,87;140342,78;140458,47;2706493657,00;98554
WINFUT;29/11/2017;17:00:00;141239,38;141412,92;140863,39;141027,28;2074686029,00;76071
WINFUT;29/11/2017;16:30:00;141104,41;141451,48;140882,67;141249,02;2635999297,00;97349
WINFUT;29/11/2017;16:00:00;140757,34;141326,15;140738,06;141114,05;2889651732,00;106875
WINFUT;29/11/2017;15:30:00;141384,00;141567,17;140641,65;140747,70;3780452861,00;138688
WINFUT;29/11/2017;15:00:00;140564,52;141490,05;140477,75;141384,00;3677044423,00;135231
WINFUT;29/11/2017;14:30:00;141287,59;141384,00;140497,03;140564,52;4322985630,00;159058
WINFUT;29/11/2017;14:00:00;141557,53;141692,51;141104,41;141277,95;3284292887,00;120528
WINFUT;29/11/2017;13:30:00;141393,64;141663,58;141258,67;141557,53;3228433434,00;118511
WINFUT;29/11/2017;13:00:00;141538,25;141567,17;140795,90;141374,36;4946174281,00;182285
WINFUT;29/11/2017;12:30:00;142203,47;142242,04;141287,59;141528,61;5053631903,00;186129
WINFUT;29/11/2017;12:00:00;142897,62;142907,26;142020,30;142203,47;4460156547,00;165462
WINFUT;29/11/2017;11:30:00;143524,28;143572,48;142878,34;142907,26;3651997329,00;136187
WINFUT;29/11/2017;11:00:00;143832,79;143890,63;143109,72;143553,20;3429754990,00;127431
WINFUT;29/11/2017;10:30:00;143832,79;143938,84;143495,36;143832,79;3205410933,00;119146
WINFUT;29/11/2017;10:00:00;144015,97;144035,25;143668,89;143842,43;2610643695,00;97348
WINFUT;29/11/2017;09:30:00;143852,07;144035,25;143765,30;144015,97;1282511446,00;47543
WINFUT;29/11/2017;09:00:00;143350,74;143967,76;143321,82;143842,43;2327991392,00;86068
WINFUT;28/11/2017;18:00:00;143919,56;143919,56;143611,05;143649,61;751624901,10;26982
WINFUT;28/11/2017;17:30:00;144459,45;144536,58;143890,63;143900,28;2315438922,00;83657
WINFUT;28/11/2017;17:00:00;144295,55;144517,29;143861,71;144469,09;3418610094,00;123812
WINFUT;28/11/2017;16:30:00;144546,22;144835,44;144093,09;144305,19;4097407535,00;144404
WINFUT;28/11/2017;16:00:00;144951,14;145037,90;144276,27;144555,86;3708203855,00;126936
WINFUT;28/11/2017;15:30:00;144758,32;144999,34;144661,91;144941,49;2131914492,00;69768
WINFUT;28/11/2017;15:00:00;144266,63;144902,93;144247,35;144758,32;2964368812,00;100347
WINFUT;28/11/2017;14:30:00;144054,53;144498,01;144035,25;144266,63;2849410559,00;104402
WINFUT;28/11/2017;14:00:00;144025,61;144112,38;143813,51;144035,25;1751136971,00;64227
WINFUT;28/11/2017;13:30:00;143582,13;144073,81;143418,23;144025,61;2895783353,00;106143
WINFUT;28/11/2017;13:00:00;143398,95;143736,38;143206,13;143591,77;2936043808,00;107850
WINFUT;28/11/2017;12:30:00;144160,58;144160,58;143379,67;143389,31;3963514528,00;145783
WINFUT;28/11/2017;12:00:00;143948,48;144285,91;143919,56;144141,30;1579413019,00;58842
WINFUT;28/11/2017;11:30:00;143967,76;144131,66;143813,51;143948,48;1476660163,00;55023
WINFUT;28/11/2017;11:00:00;143967,76;144170,22;143620,69;143967,76;2915007335,00;108835
WINFUT;28/11/2017;10:30:00;144160,58;144305,19;143707,46;143967,76;3724149926,00;139035
WINFUT;28/11/2017;10:00:00;144006,33;144343,76;143803,87;144160,58;3520996596,00;131373
WINFUT;28/11/2017;09:30:00;144044,89;144189,50;143900,28;144006,33;1813764345,00;67557
WINFUT;28/11/2017;09:00:00;143774,94;144064,17;143495,36;144035,25;2482496672,00;92166
WINFUT;27/11/2017;18:00:00;143244,69;143350,74;143157,93;143350,74;393156454,00;14082
WINFUT;27/11/2017;17:30:00;143437,51;143485,72;143138,64;143254,33;1799052311,00;65168
WINFUT;27/11/2017;17:00:00;142945,83;143543,56;142926,54;143447,15;3620201596,00;132313
WINFUT;27/11/2017;16:30:00;142704,80;142994,03;142579,47;142945,83;2637831071,00;96866
WINFUT;27/11/2017;16:00:00;142155,27;142936,18;142126,35;142714,44;3700105488,00;136581
WINFUT;27/11/2017;15:30:00;142193,83;142242,04;141808,20;142145,63;2153143784,00;80018
WINFUT;27/11/2017;15:00:00;141972,09;142280,60;141972,09;142184,19;1381697164,00;51322
WINFUT;27/11/2017;14:30:00;141875,68;142078,14;141731,07;141972,09;1733147026,00;64164
WINFUT;27/11/2017;14:00:00;142193,83;142203,47;141817,84;141856,40;1727246787,00;64216
WINFUT;27/11/2017;13:30:00;141788,92;142377,01;141759,99;142184,19;2273231003,00;84239
WINFUT;27/11/2017;13:00:00;142049,22;142232,40;141788,92;141798,56;1774506545,00;66022
WINFUT;27/11/2017;12:30:00;141914,25;142078,14;141750,35;142020,30;2050236673,00;75161
WINFUT;27/11/2017;12:00:00;141885,32;142010,66;141625,02;141914,25;2001665750,00;74645
WINFUT;27/11/2017;11:30:00;141576,82;141972,09;141567,17;141894,97;1602647621,00;60459
WINFUT;27/11/2017;11:00:00;142319,17;142434,86;141412,92;141586,46;2915470099,00;110221
WINFUT;27/11/2017;10:30:00;142261,32;142463,78;142135,99;142328,81;1630548425,00;61441
WINFUT;27/11/2017;10:00:00;142492,70;142666,24;142116,71;142270,96;2113114711,00;79461
WINFUT;27/11/2017;09:30:00;142627,67;142637,32;142405,93;142492,70;1271154450,00;47693
WINFUT;27/11/2017;09:00:00;143215,77;143263,98;142598,75;142618,03;1765714032,00;66009
WINFUT;24/11/2017;18:00:00;143312,18;143427,87;143109,72;143109,72;444099041,10;15908
WINFUT;24/11/2017;17:30:00;143379,67;143505,00;143292,90;143302,54;744567752,40;27225
WINFUT;24/11/2017;17:00:00;143639,97;143659,25;143302,54;143379,67;974137185,50;35999
WINFUT;24/11/2017;16:30:00;143572,48;143765,30;143543,56;143639,97;657471739,50;24297
WINFUT;24/11/2017;16:00:00;143726,74;143803,87;143562,84;143572,48;1020008652,00;37358
WINFUT;24/11/2017;15:30:00;143803,87;143958,12;143659,25;143736,38;1106969692,00;40663
WINFUT;24/11/2017;15:00:00;143890,63;144025,61;143726,74;143803,87;1398684454,00;51327
WINFUT;24/11/2017;14:30:00;143649,61;143996,68;143514,64;143900,28;1954213174,00;72122
WINFUT;24/11/2017;14:00:00;143717,10;143842,43;143620,69;143649,61;1216548315,00;44601
WINFUT;24/11/2017;13:30:00;143900,28;143938,84;143611,05;143717,10;1618439437,00;59220
WINFUT;24/11/2017;13:00:00;144093,09;144208,78;143852,07;143890,63;2044336434,00;75214
WINFUT;24/11/2017;12:30:00;143582,13;144112,38;143456,79;144073,81;2740506800,00;100832
WINFUT;24/11/2017;12:00:00;143755,66;143842,43;143505,00;143562,84;1086338137,00;40547
WINFUT;24/11/2017;11:30:00;143784,58;143938,84;143678,53;143755,66;1151568558,00;42613
WINFUT;24/11/2017;11:00:00;143803,87;143996,68;143668,89;143803,87;2388131410,00;88592
WINFUT;24/11/2017;10:30:00;144054,53;144150,94;143582,13;143803,87;2871951015,00;106340
WINFUT;24/11/2017;10:00:00;143852,07;144160,58;143668,89;144054,53;2902531993,00;107611
WINFUT;24/11/2017;09:30:00;144054,53;144199,14;143813,51;143852,07;1625862941,00;60576
WINFUT;24/11/2017;09:00:00;144420,88;144575,14;143958,12;144054,53;1978180485,00;73419
WINFUT;23/11/2017;18:00:00;144035,25;144218,43;143987,04;144035,25;287607732,60;10390
WINFUT;23/11/2017;17:30:00;144035,25;144102,73;143987,04;144035,25;441341739,90;16091
WINFUT;23/11/2017;17:00:00;144131,66;144179,86;143880,99;144044,89;830159782,80;30472
WINFUT;23/11/2017;16:30:00;144179,86;144228,07;144015,97;144131,66;726230734,90;26695
WINFUT;23/11/2017;16:00:00;144083,45;144334,12;143987,04;144179,86;976373877,50;35825
WINFUT;23/11/2017;15:30:00;144025,61;144228,07;143900,28;144083,45;1277845244,00;46837
WINFUT;23/11/2017;15:00:00;143852,07;144420,88;143755,66;144035,25;2567973011,00;94353
WINFUT;23/11/2017;14:30:00;143292,90;144073,81;143215,77;143842,43;1727940933,00;63944
WINFUT;23/11/2017;14:00:00;143138,64;143533,92;143051,88;143292,90;1712187680,00;63173
WINFUT;23/11/2017;13:30:00;143013,31;143167,57;142955,47;143148,28;900943370,00;33053
WINFUT;23/11/2017;13:00:00;143100,08;143254,33;142994,03;143013,31;955761604,30;35198
WINFUT;23/11/2017;12:30:00;143177,21;143331,46;142907,26;143100,08;1856724256,00;68712
WINFUT;23/11/2017;12:00:00;143312,18;143447,15;143022,95;143177,21;2166718190,00;80432
WINFUT;23/11/2017;11:30:00;143263,98;143341,10;142984,39;143312,18;1754241345,00;65511
WINFUT;23/11/2017;11:00:00;143196,49;143350,74;142791,57;143254,33;2887781395,00;107046
WINFUT;23/11/2017;10:30:00;143755,66;143774,94;143109,72;143196,49;2838458481,00;105227
WINFUT;23/11/2017;10:00:00;143813,51;144035,25;143553,20;143736,38;2766826494,00;102718
WINFUT;23/11/2017;09:30:00;143880,99;144035,25;143784,58;143813,51;1343499865,00;49352
WINFUT;23/11/2017;09:00:00;144199,14;144199,14;143601,41;143890,63;1843593332,00;68483
WINFUT;22/11/2017;18:00:00;144305,19;144343,76;144160,58;144324,48;264006776,30;9510
WINFUT;22/11/2017;17:30:00;144179,86;144372,68;143977,40;144314,83;1861776095,00;67243
WINFUT;22/11/2017;17:00:00;143948,48;144411,24;143919,56;144189,50;3261173976,00;118451
WINFUT;22/11/2017;16:30:00;143909,92;144112,38;143688,18;143948,48;2243228480,00;82115
WINFUT;22/11/2017;16:00:00;144141,30;144276,27;143755,66;143900,28;2575107287,00;94514
WINFUT;22/11/2017;15:30:00;144247,35;144517,29;144073,81;144131,66;1695296800,00;62527
WINFUT;22/11/2017;15:00:00;144054,53;144372,68;143977,40;144247,35;1640960611,00;60517
WINFUT;22/11/2017;14:30:00;144141,30;144401,60;143871,35;144054,53;2955749836,00;109137
WINFUT;22/11/2017;14:00:00;144353,40;144845,08;144054,53;144141,30;2699262972,00;96083
WINFUT;22/11/2017;13:30:00;144912,57;144912,57;144305,19;144353,40;2787708713,00;97516
WINFUT;22/11/2017;13:00:00;145095,75;145356,05;144613,70;144912,57;4091545859,00;133132
WINFUT;22/11/2017;12:30:00;144594,42;145134,31;144478,73;145105,39;4423848867,00;144773
WINFUT;22/11/2017;12:00:00;144208,78;144874,01;144189,50;144604,06;3253885446,00;112599
WINFUT;22/11/2017;11:30:00;144883,65;145076,47;144102,73;144208,78;4841281141,00;169038
WINFUT;22/11/2017;11:00:00;144237,71;145201,80;144170,22;144874,01;4475427754,00;150372
WINFUT;22/11/2017;10:30:00;144141,30;144305,19;143707,46;144228,07;3671356284,00;136705
WINFUT;22/11/2017;10:00:00;144469,09;144854,73;144112,38;144141,30;3969279794,00;138669
WINFUT;22/11/2017;09:30:00;144459,45;144604,06;144324,48;144459,45;1129799375,00;42277
WINFUT;22/11/2017;09:00:00;144555,86;144710,11;144285,91;144449,81;2028274672,00;74587
WINFUT;21/11/2017;18:00:00;144179,86;144324,48;144112,38;144208,78;527724325,10;18806
WINFUT;21/11/2017;17:30:00;144102,73;144218,43;143803,87;144170,22;2247431918,00;80700
WINFUT;21/11/2017;17:00:00;144247,35;144382,32;143861,71;144102,73;2755893698,00;99562
WINFUT;21/11/2017;16:30:00;144710,11;144893,29;144170,22;144256,99;4164334756,00;143633
WINFUT;21/11/2017;16:00:00;144951,14;145037,90;144681,19;144719,75;2686401993,00;88858
WINFUT;21/11/2017;15:30:00;145153,59;145221,08;144941,49;144960,78;2517242524,00;83018
WINFUT;21/11/2017;15:00:00;145172,88;145433,18;145124,67;145153,59;2192883629,00;72021
WINFUT;21/11/2017;14:30:00;145037,90;145317,49;144941,49;145172,88;2061362287,00;67733
WINFUT;21/11/2017;14:00:00;144941,49;145192,16;144835,44;145047,54;2382771062,00;78528
WINFUT;21/11/2017;13:30:00;144816,16;145095,75;144681,19;144931,85;2707168521,00;89258
WINFUT;21/11/2017;13:00:00;144498,01;144854,73;144353,40;144816,16;3068374988,00;104288
WINFUT;21/11/2017;12:30:00;144064,17;144575,14;143958,12;144498,01;4400035811,00;161087
WINFUT;21/11/2017;12:00:00;144015,97;144179,86;143871,35;144064,17;1629873561,00;60691
WINFUT;21/11/2017;11:30:00;144025,61;144314,83;143958,12;144015,97;2063656824,00;77281
WINFUT;21/11/2017;11:00:00;143331,46;144112,38;143292,90;144025,61;3004012249,00;111763
WINFUT;21/11/2017;10:30:00;143717,10;143784,58;143119,36;143341,10;3041187611,00;113903
WINFUT;21/11/2017;10:00:00;143427,87;143813,51;143263,98;143707,46;3423353424,00;127765
WINFUT;21/11/2017;09:30:00;143611,05;143668,89;143370,03;143427,87;1353564979,00;50391
WINFUT;21/11/2017;09:00:00;143263,98;143707,46;143235,05;143601,41;1741341803,00;64699
WINFUT;17/11/2017;18:00:00;142164,91;142299,88;142010,66;142107,07;349560243,00;12696
WINFUT;17/11/2017;17:30:00;142155,27;142483,06;141972,09;142174,55;1631030470,00;59468
WINFUT;17/11/2017;17:00:00;142270,96;142405,93;142020,30;142155,27;1577851191,00;57668
WINFUT;17/11/2017;16:30:00;142492,70;142608,39;142203,47;142270,96;2001839287,00;73585
WINFUT;17/11/2017;16:00:00;142444,50;142627,67;142126,35;142483,06;1824099405,00;67575
WINFUT;17/11/2017;15:30:00;142521,62;142656,60;142338,45;142444,50;2013273410,00;74289
WINFUT;17/11/2017;15:00:00;141788,92;142646,96;141721,43;142521,62;3520784496,00;129641
WINFUT;17/11/2017;14:30:00;141239,38;141798,56;141239,38;141788,92;2439883834,00;89845
WINFUT;17/11/2017;14:00:00;141249,02;141335,79;140950,16;141239,38;1889599771,00;69834
WINFUT;17/11/2017;13:30:00;141123,69;141374,36;140709,13;141239,38;2173929593,00;80371
WINFUT;17/11/2017;13:00:00;140882,67;141355,07;140583,80;141123,69;2859167164,00;105879
WINFUT;17/11/2017;12:30:00;140728,41;141085,13;140468,11;140892,31;3626487472,00;133976
WINFUT;17/11/2017;12:00:00;140699,49;140892,31;140284,93;140728,41;2955826963,00;110446
WINFUT;17/11/2017;11:30:00;141518,97;141528,61;140448,83;140680,21;3336835866,00;125010
WINFUT;17/11/2017;11:00:00;141094,77;141663,58;141008,00;141518,97;3512493310,00;130950
WINFUT;17/11/2017;10:30:00;140911,59;141220,10;140670,57;141094,77;2789694741,00;104586
WINFUT;17/11/2017;10:00:00;140313,86;141046,57;140121,04;140901,95;3889491593,00;145747
WINFUT;17/11/2017;09:30:00;140670,57;140699,49;140207,81;140304,21;1658410665,00;62367
WINFUT;17/11/2017;09:00:00;140198,16;140738,06;140178,88;140670,57;1168093084,00;43897
WINFUT;16/11/2017;18:00:00;140766,98;140853,75;140429,55;140429,55;620161404,10;22600
WINFUT;16/11/2017;17:30:00;140930,87;141297,23;140718,77;140776,62;2118629313,00;77659
WINFUT;16/11/2017;17:00:00;140574,16;140969,44;140400,62;140930,87;2402072171,00;88256
WINFUT;16/11/2017;16:30:00;140911,59;141036,92;140564,52;140593,44;2213939384,00;81271
WINFUT;16/11/2017;16:00:00;140545,24;140930,87;140535,60;140921,23;2831459178,00;103490
WINFUT;16/11/2017;15:30:00;140082,47;140699,49;140082,47;140525,96;3645094435,00;133271
WINFUT;16/11/2017;15:00:00;140333,14;140371,70;139937,86;140092,11;2356567059,00;86387
WINFUT;16/11/2017;14:30:00;140014,99;140371,70;139764,32;140333,14;2736419053,00;100582
WINFUT;16/11/2017;14:00:00;140265,65;140468,11;139918,58;140014,99;2508141502,00;92250
WINFUT;16/11/2017;13:30:00;139822,17;140545,24;139629,35;140265,65;3448940408,00;126842
WINFUT;16/11/2017;13:00:00;138655,62;139957,14;138636,34;139822,17;4377900273,00;161964
WINFUT;16/11/2017;12:30:00;139436,53;139581,15;138655,62;138655,62;5122660844,00;190537
WINFUT;16/11/2017;12:00:00;139301,56;139455,81;138954,49;139436,53;2554861369,00;95750
WINFUT;16/11/2017;11:30:00;138790,59;139311,20;138780,95;139282,28;3272280309,00;121878
WINFUT;16/11/2017;11:00:00;138578,49;138983,41;138549,57;138790,59;2366516482,00;89143
WINFUT;16/11/2017;10:30:00;138655,62;138858,08;138298,90;138578,49;3395953948,00;128497
WINFUT;16/11/2017;10:00:00;137787,94;138761,67;137710,81;138655,62;3874046850,00;146986
WINFUT;16/11/2017;09:30:00;138376,03;138443,52;137614,40;137787,94;2032053910,00;76961
WINFUT;16/11/2017;09:00:00;138057,88;138511,00;138019,32;138366,39;1449260686,00;55148
WINFUT;14/11/2017;18:00:00;137074,51;137383,02;136920,25;137373,38;509850071,40;18909
WINFUT;14/11/2017;17:30:00;137787,94;137855,42;137045,59;137084,15;1682339412,00;62793
WINFUT;14/11/2017;17:00:00;138028,96;138212,14;137421,58;137787,94;2520269771,00;93716
WINFUT;14/11/2017;16:30:00;138057,88;138192,85;137787,94;138028,96;2893643071,00;107644
WINFUT;14/11/2017;16:00:00;138703,82;138713,46;137951,83;138048,24;2349066429,00;87444
WINFUT;14/11/2017;15:30:00;138549,57;138906,28;138443,52;138713,46;2541865417,00;94513
WINFUT;14/11/2017;15:00:00;138520,65;138713,46;138135,01;138539,93;2834274325,00;105371
WINFUT;14/11/2017;14:30:00;138684,54;138867,72;138192,85;138530,29;3093595617,00;115446
WINFUT;14/11/2017;14:00:00;139475,10;139532,94;138520,65;138694,18;4436208518,00;165888
WINFUT;14/11/2017;13:30:00;139436,53;139745,04;139099,10;139484,74;2861153192,00;106229
WINFUT;14/11/2017;13:00:00;140178,88;140188,52;139282,28;139446,17;4359852483,00;161622
WINFUT;14/11/2017;12:30:00;140284,93;140564,52;139918,58;140169,24;4703319669,00;174161
WINFUT;14/11/2017;12:00:00;140477,75;140680,21;140024,63;140275,29;2714399206,00;102009
WINFUT;14/11/2017;11:30:00;140815,18;140824,82;140014,99;140477,75;4071068559,00;151882
WINFUT;14/11/2017;11:00:00;140921,23;141258,67;140680,21;140824,82;3246577633,00;122290
WINFUT;14/11/2017;10:30:00;140284,93;140930,87;140188,52;140921,23;2851492997,00;107576
WINFUT;14/11/2017;10:00:00;140940,51;141017,64;140217,45;140275,29;3423237733,00;128340
WINFUT;14/11/2017;09:30:00;141094,77;141277,95;140892,31;140940,51;1685887268,00;62909
WINFUT;14/11/2017;09:00:00;140786,26;141191,18;140757,34;141104,41;1871494136,00;69966
WINFUT;13/11/2017;18:00:00;140930,87;140959,80;140545,24;140641,65;454646200,50;16435
WINFUT;13/11/2017;17:30:00;139311,20;141210,46;139311,20;140940,51;5069018801,00;185714
WINFUT;13/11/2017;17:00:00;139513,66;139513,66;139079,82;139311,20;2357839660,00;87002
WINFUT;13/11/2017;16:30:00;139205,15;139561,86;139050,90;139504,02;2337902251,00;86392
WINFUT;13/11/2017;16:00:00;139600,43;139908,94;139176,23;139205,15;2605803956,00;97097
WINFUT;13/11/2017;15:30:00;139571,51;139802,89;139465,46;139590,79;1925386842,00;71703
WINFUT;13/11/2017;15:00:00;139754,68;139880,01;139504,02;139581,15;1891547236,00;70380
WINFUT;13/11/2017;14:30:00;140130,68;140294,57;139638,99;139754,68;2587833293,00;96471
WINFUT;13/11/2017;14:00:00;140159,60;140419,91;140014,99;140121,04;2020986141,00;75265
WINFUT;13/11/2017;13:30:00;139947,50;140256,01;139706,48;140169,24;2116296212,00;78527
WINFUT;13/11/2017;13:00:00;139918,58;140333,14;139793,25;139947,50;2800396155,00;104400
WINFUT;13/11/2017;12:30:00;139552,22;140082,47;139291,92;139918,58;3712253039,00;138502
WINFUT;13/11/2017;12:00:00;139600,43;139716,12;139108,74;139561,86;3137885974,00;117699
WINFUT;13/11/2017;11:30:00;139860,73;140256,01;139417,25;139610,07;3064923540,00;114772
WINFUT;13/11/2017;11:00:00;140034,27;140458,47;139706,48;139870,37;2947979259,00;110614
WINFUT;13/11/2017;10:30:00;139465,46;140352,42;139137,66;140043,91;3715588795,00;140019
WINFUT;13/11/2017;10:00:00;139735,40;140159,60;139253,36;139465,46;3081660166,00;116103
WINFUT;13/11/2017;09:30:00;139600,43;139841,45;139465,46;139735,40;1020490698,00;38879
WINFUT;13/11/2017;09:00:00;139986,06;140545,24;139465,46;139600,43;1188589666,00;45097
WINFUT;10/11/2017;18:00:00;139947,50;140410,26;139802,89;140410,26;518314793,50;18744
WINFUT;10/11/2017;17:30:00;140053,55;140333,14;139600,43;139937,86;2613131050,00;96241
WINFUT;10/11/2017;17:00:00;139764,32;140256,01;139696,84;140043,91;1554674435,00;57649
WINFUT;10/11/2017;16:30:00;139716,12;139947,50;139552,22;139783,61;1745622369,00;65307
WINFUT;10/11/2017;16:00:00;139764,32;139899,30;139475,10;139725,76;2778299181,00;103592
WINFUT;10/11/2017;15:30:00;140333,14;140333,14;139716,12;139754,68;2817441290,00;104530
WINFUT;10/11/2017;15:00:00;140265,65;140468,11;140063,19;140323,50;1996131866,00;73882
WINFUT;10/11/2017;14:30:00;140256,01;140747,70;140121,04;140275,29;2295366540,00;85285
WINFUT;10/11/2017;14:00:00;140333,14;140458,47;139937,86;140256,01;2378953261,00;88478
WINFUT;10/11/2017;13:30:00;140342,78;140439,19;140043,91;140323,50;1918811739,00;71213
WINFUT;10/11/2017;13:00:00;140333,14;140593,44;139745,04;140342,78;3538928695,00;131928
WINFUT;10/11/2017;12:30:00;140275,29;140439,19;139986,06;140333,14;2706956421,00;100744
WINFUT;10/11/2017;12:00:00;139822,17;140275,29;139725,76;140275,29;1895095092,00;71322
WINFUT;10/11/2017;11:30:00;139841,45;139937,86;139571,51;139822,17;1853446346,00;70214
WINFUT;10/11/2017;11:00:00;140304,21;140429,55;139426,89;139851,09;4685387569,00;176852
WINFUT;10/11/2017;10:30:00;141239,38;141297,23;140275,29;140304,21;3992552959,00;148938
WINFUT;10/11/2017;10:00:00;141422,56;141702,15;141094,77;141249,02;3143439140,00;117587
WINFUT;10/11/2017;09:30:00;141335,79;141518,97;141152,62;141422,56;1149235457,00;43333
WINFUT;10/11/2017;09:00:00;141065,85;141586,46;140873,03;141335,79;1880421622,00;70298
WINFUT;09/11/2017;18:00:00;141432,20;141538,25;141258,67;141480,41;585646933,70;21071
WINFUT;09/11/2017;17:30:00;142097,42;142232,40;141297,23;141422,56;2144736907,00;78421
WINFUT;09/11/2017;17:00:00;141933,53;142338,45;141817,84;142097,42;2357704687,00;86899
WINFUT;09/11/2017;16:30:00;142348,09;142656,60;141663,58;141943,17;4035339333,00;149086
WINFUT;09/11/2017;16:00:00;141866,04;142492,70;141480,41;142348,09;3982082927,00;147036
WINFUT;09/11/2017;15:30:00;141586,46;141875,68;141065,85;141875,68;3936712788,00;145557
WINFUT;09/11/2017;15:00:00;142396,29;142569,83;141470,77;141596,10;3424645306,00;126651
WINFUT;09/11/2017;14:30:00;142492,70;142656,60;141962,45;142386,65;3106013114,00;115148
WINFUT;09/11/2017;14:00:00;142415,57;142579,47;142049,22;142492,70;2540882044,00;93571
WINFUT;09/11/2017;13:30:00;142434,86;142618,03;142203,47;142425,22;2736303362,00;101002
WINFUT;09/11/2017;13:00:00;142801,21;143167,57;142386,65;142444,50;3470111855,00;128649
WINFUT;09/11/2017;12:30:00;142396,29;142965,11;142010,66;142810,85;5326006992,00;197836
WINFUT;09/11/2017;12:00:00;142801,21;142965,11;142203,47;142396,29;2323518008,00;86837
WINFUT;09/11/2017;11:30:00;142646,96;143013,31;142425,22;142801,21;3763639108,00;140460
WINFUT;09/11/2017;11:00:00;142907,26;143244,69;142540,91;142656,60;3180460248,00;119011
WINFUT;09/11/2017;10:30:00;143360,38;143996,68;142714,44;142916,90;4339645128,00;161910
WINFUT;09/11/2017;10:00:00;144073,81;144228,07;143186,85;143350,74;4211941588,00;157189
WINFUT;09/11/2017;09:30:00;143668,89;144131,66;143639,97;144073,81;2155110530,00;80228
WINFUT;09/11/2017;09:00:00;144025,61;144228,07;143533,92;143678,53;1779712639,00;66362
WINFUT;08/11/2017;18:00:00;144575,14;144604,06;144256,99;144266,63;627392089,30;22470
WINFUT;08/11/2017;17:30:00;143003,67;144671,55;142839,77;144604,06;5182434508,00;187325
WINFUT;08/11/2017;17:00:00;141567,17;143071,16;141518,97;143003,67;5980779276,00;217296
WINFUT;08/11/2017;16:30:00;141181,54;141740,71;141123,69;141567,17;2933093689,00;107490
WINFUT;08/11/2017;16:00:00;141239,38;141528,61;141008,00;141191,18;2620554554,00;96005
WINFUT;08/11/2017;15:30:00;141547,89;141653,94;141104,41;141239,38;2522255799,00;92671
WINFUT;08/11/2017;15:00:00;141499,69;141586,46;141239,38;141547,89;2718930435,00;99552
WINFUT;08/11/2017;14:30:00;141673,22;141904,61;141441,84;141509,33;2534576887,00;93190
WINFUT;08/11/2017;14:00:00;141142,97;141943,17;141104,41;141673,22;3266206533,00;120009
WINFUT;08/11/2017;13:30:00;141422,56;141461,12;140873,03;141133,33;3053585826,00;112524
WINFUT;08/11/2017;13:00:00;141355,07;141586,46;141191,18;141412,92;2016879112,00;74374
WINFUT;08/11/2017;12:30:00;141904,61;142184,19;141181,54;141345,43;5769315478,00;212261
WINFUT;08/11/2017;12:00:00;141885,32;142068,50;141731,07;141904,61;1584040658,00;58469
WINFUT;08/11/2017;11:30:00;141779,27;142049,22;141644,30;141894,97;2207075054,00;81940
WINFUT;08/11/2017;11:00:00;141576,82;142087,78;141576,82;141769,63;2602853837,00;96533
WINFUT;08/11/2017;10:30:00;141384,00;141779,27;141297,23;141576,82;2971329552,00;109613
WINFUT;08/11/2017;10:00:00;141200,82;141499,69;141065,85;141384,00;2887125813,00;107807
WINFUT;08/11/2017;09:30:00;141538,25;141567,17;140969,44;141210,46;2086081589,00;78417
WINFUT;08/11/2017;09:00:00;141239,38;141634,66;141152,62;141538,25;1646436650,00;61858
WINFUT;07/11/2017;18:00:00;140815,18;140824,82;140381,34;140554,88;667575416,90;24138
WINFUT;07/11/2017;17:30:00;141258,67;141258,67;140738,06;140824,82;1889426235,00;68625
WINFUT;07/11/2017;17:00:00;141104,41;141528,61;141075,49;141258,67;2198186132,00;79996
WINFUT;07/11/2017;16:30:00;141046,57;141335,79;140853,75;141104,41;2952915407,00;108014
WINFUT;07/11/2017;16:00:00;141181,54;141306,87;140795,90;141056,21;2639392899,00;96676
WINFUT;07/11/2017;15:30:00;140815,18;141229,74;140747,70;141181,54;2729111240,00;99885
WINFUT;07/11/2017;15:00:00;140545,24;140834,46;140468,11;140805,54;2282852634,00;83931
WINFUT;07/11/2017;14:30:00;140892,31;140921,23;140400,62;140554,88;2265653245,00;83225
WINFUT;07/11/2017;14:00:00;141114,05;141297,23;140516,31;140892,31;3404457233,00;124877
WINFUT;07/11/2017;13:30:00;141866,04;141923,89;140795,90;141114,05;5461886027,00;200683
WINFUT;07/11/2017;13:00:00;142203,47;142328,81;141576,82;141856,40;5181624671,00;189569
WINFUT;07/11/2017;12:30:00;143013,31;143292,90;142164,91;142203,47;4972436129,00;182061
WINFUT;07/11/2017;12:00:00;142945,83;143148,28;142714,44;143022,95;2657016489,00;98374
WINFUT;07/11/2017;11:30:00;142897,62;143051,88;142695,16;142945,83;2535213187,00;94258
WINFUT;07/11/2017;11:00:00;142560,19;142955,47;142492,70;142897,62;3084822386,00;114749
WINFUT;07/11/2017;10:30:00;143408,59;143427,87;142454,14;142560,19;4588110752,00;169803
WINFUT;07/11/2017;10:00:00;143611,05;143717,10;143379,67;143389,31;2438534106,00;90796
WINFUT;07/11/2017;09:30:00;143852,07;143938,84;143524,28;143611,05;1872226845,00;69666
WINFUT;07/11/2017;09:00:00;144141,30;144237,71;143717,10;143842,43;1717663719,00;63502
WINFUT;06/11/2017;18:00:00;144324,48;144411,24;144228,07;144228,07;374125290,70;13300
WINFUT;06/11/2017;17:30:00;144334,12;144507,65;144150,94;144324,48;1535103381,00;55655
WINFUT;06/11/2017;17:00:00;144314,83;144391,96;144102,73;144334,12;1951995764,00;71254
WINFUT;06/11/2017;16:30:00;144054,53;144343,76;144054,53;144314,83;1878474157,00;68749
WINFUT;06/11/2017;16:00:00;143813,51;144285,91;143784,58;144064,17;2570460367,00;94333
WINFUT;06/11/2017;15:30:00;144015,97;144064,17;143755,66;143803,87;2293226257,00;83932
WINFUT;06/11/2017;15:00:00;144054,53;144189,50;143813,51;144006,33;1949373435,00;71767
WINFUT;06/11/2017;14:30:00;143987,04;144208,78;143755,66;144044,89;2621788591,00;96651
WINFUT;06/11/2017;14:00:00;143794,23;144006,33;143360,38;143996,68;3240176067,00;119298
WINFUT;06/11/2017;13:30:00;144015,97;144449,81;143707,46;143803,87;2884175693,00;106445
WINFUT;06/11/2017;13:00:00;144035,25;144208,78;143900,28;144015,97;1746528614,00;64157
WINFUT;06/11/2017;12:30:00;144160,58;144314,83;143688,18;144035,25;3792214776,00;140874
WINFUT;06/11/2017;12:00:00;144218,43;144247,35;143611,05;144160,58;3146157878,00;116683
WINFUT;06/11/2017;11:30:00;143861,71;144228,07;143707,46;144208,78;2266328109,00;84143
WINFUT;06/11/2017;11:00:00;143553,20;143929,20;143225,41;143861,71;4035821379,00;150790
WINFUT;06/11/2017;10:30:00;143909,92;143977,40;143389,31;143553,20;3555163994,00;131930
WINFUT;06/11/2017;10:00:00;144006,33;144449,81;143774,94;143909,92;3463016142,00;127997
WINFUT;06/11/2017;09:30:00;144015,97;144218,43;143765,30;144015,97;1467212067,00;54599
WINFUT;06/11/2017;09:00:00;144256,99;144314,83;143938,84;144025,61;1198693344,00;44707
WINFUT;03/11/2017;18:00:00;143620,69;143649,61;143476,08;143553,20;328234542,30;11694
WINFUT;03/11/2017;17:30:00;143476,08;143649,61;143206,13;143630,33;1863087259,00;67563
WINFUT;03/11/2017;17:00:00;143283,26;143774,94;143215,77;143466,43;2146877190,00;78535
WINFUT;03/11/2017;16:30:00;143620,69;143774,94;143138,64;143283,26;2338847060,00;85936
WINFUT;03/11/2017;16:00:00;143398,95;143755,66;143360,38;143620,69;2310097856,00;84645
WINFUT;03/11/2017;15:30:00;143225,41;143427,87;142897,62;143398,95;2497575061,00;92254
WINFUT;03/11/2017;15:00:00;143244,69;143514,64;143148,28;143225,41;2154300693,00;78998
WINFUT;03/11/2017;14:30:00;143273,62;143456,79;143129,00;143244,69;2964503785,00;108888
WINFUT;03/11/2017;14:00:00;142704,80;143292,90;142454,14;143273,62;2678573571,00;98944
WINFUT;03/11/2017;13:30:00;142174,55;142733,72;141827,48;142704,80;3055918927,00;113087
WINFUT;03/11/2017;13:00:00;142377,01;142646,96;142116,71;142174,55;2857123290,00;105535
WINFUT;03/11/2017;12:30:00;142309,52;142521,62;141866,04;142386,65;4144416629,00;152781
WINFUT;03/11/2017;12:00:00;142965,11;143051,88;142270,96;142290,24;5085697581,00;187762
WINFUT;03/11/2017;11:30:00;143823,15;144102,73;142733,72;142965,11;6134224056,00;226408
WINFUT;03/11/2017;11:00:00;143813,51;143996,68;143148,28;143823,15;4127525749,00;153836
WINFUT;03/11/2017;10:30:00;143514,64;144208,78;143379,67;143813,51;4335769481,00;162189
WINFUT;03/11/2017;10:00:00;143746,02;143938,84;143447,15;143514,64;3088003887,00;115214
WINFUT;03/11/2017;09:30:00;143987,04;144102,73;143456,79;143736,38;2393183249,00;89139
WINFUT;03/11/2017;09:00:00;143823,15;144044,89;143533,92;143987,04;1946326907,00;72664
WINFUT;01/11/2017;18:00:00;143360,38;143437,51;143109,72;143109,72;396125855,40;14252
WINFUT;01/11/2017;17:30:00;143938,84;144064,17;143350,74;143350,74;1395888589,00;50270
WINFUT;01/11/2017;17:00:00;144044,89;144285,91;143880,99;143929,20;1665737759,00;60617
WINFUT;01/11/2017;16:30:00;144015,97;144363,04;143688,18;144054,53;2347466037,00;85799
WINFUT;01/11/2017;16:00:00;144102,73;144498,01;143765,30;144015,97;3514980666,00;129099
WINFUT;01/11/2017;15:30:00;143774,94;144179,86;143717,10;144102,73;1894593764,00;69183
WINFUT;01/11/2017;15:00:00;144671,55;144739,03;143572,48;143784,58;3875627960,00;140318
WINFUT;01/11/2017;14:30:00;144507,65;144767,96;144498,01;144671,55;1573030734,00;53863
WINFUT;01/11/2017;14:00:00;144806,52;144893,29;144440,17;144507,65;2539088834,00;85804
WINFUT;01/11/2017;13:30:00;145336,77;145452,46;144748,68;144806,52;2368637483,00;77431
WINFUT;01/11/2017;13:00:00;145259,64;145568,15;145201,80;145336,77;1893899619,00;62212
WINFUT;01/11/2017;12:30:00;145818,82;145818,82;145240,36;145250,00;2715787498,00;89084
WINFUT;01/11/2017;12:00:00;145664,56;146185,17;145606,72;145828,46;4373446171,00;143248
WINFUT;01/11/2017;11:30:00;145250,00;145712,77;144999,34;145664,56;5596415335,00;183417
WINFUT;01/11/2017;11:00:00;145172,88;145375,34;144719,75;145259,64;4081827818,00;134243
WINFUT;01/11/2017;10:30:00;145500,67;145548,87;144883,65;145182,52;4337736227,00;141545
WINFUT;01/11/2017;10:00:00;145732,05;145895,94;145163,24;145500,67;4823908215,00;156376
WINFUT;01/11/2017;09:30:00;145539,23;145818,82;145462,10;145732,05;1956488429,00;63483
WINFUT;01/11/2017;09:00:00;145240,36;145818,82;145115,03;145529,59;2458722179,00;79997
WINFUT;31/10/2017;18:00:00;144372,68;144517,29;144006,33;144131,66;575967456,50;20629
WINFUT;31/10/2017;17:30:00;144777,60;144989,70;144276,27;144372,68;1895017965,00;64486
WINFUT;31/10/2017;17:00:00;145086,11;145192,16;144700,47;144787,24;1871841209,00;61763
WINFUT;31/10/2017;16:30:00;144931,85;145163,24;144893,29;145086,11;1561133847,00;51471
WINFUT;31/10/2017;16:00:00;144845,08;145134,31;144787,24;144941,49;2270145910,00;74511
WINFUT;31/10/2017;15:30:00;144671,55;144960,78;144671,55;144854,73;1757538538,00;57779
WINFUT;31/10/2017;15:00:00;144632,98;145047,54;144526,93;144671,55;3168891152,00;105385
WINFUT;31/10/2017;14:30:00;144613,70;144883,65;144305,19;144642,63;2720800773,00;93843
WINFUT;31/10/2017;14:00:00;145346,41;145413,90;144488,37;144604,06;3354363047,00;111899
WINFUT;31/10/2017;13:30:00;145182,52;145433,18;144835,44;145346,41;2824305620,00;92659
WINFUT;31/10/2017;13:00:00;144960,78;145356,05;144922,21;145172,88;3097934028,00;101985
WINFUT;31/10/2017;12:30:00;144642,63;145057,19;144526,93;144980,06;3550671328,00;118389
WINFUT;31/10/2017;12:00:00;144295,55;144661,91;143996,68;144632,98;3735603332,00;136421
WINFUT;31/10/2017;11:30:00;144295,55;144777,60;143948,48;144295,55;5245119728,00;189398
WINFUT;31/10/2017;11:00:00;145317,49;145500,67;144228,07;144295,55;5017362786,00;169041
WINFUT;31/10/2017;10:30:00;145703,13;145867,02;145047,54;145317,49;4505141050,00;146647
WINFUT;31/10/2017;10:00:00;145597,08;145963,43;145327,13;145712,77;4971163528,00;161097
WINFUT;31/10/2017;09:30:00;145828,46;145934,51;145500,67;145597,08;2079525768,00;67531
WINFUT;31/10/2017;09:00:00;145577,79;145895,94;145404,26;145838,10;1947445252,00;62821
WINFUT;30/10/2017;18:00:00;145076,47;145471,74;144999,34;145317,49;574637010,40;19162
WINFUT;30/10/2017;17:30:00;144642,63;145278,93;144623,34;145047,54;1897370348,00;62516
WINFUT;30/10/2017;17:00:00;144681,19;144690,83;144256,99;144661,91;2144158452,00;76846
WINFUT;30/10/2017;16:30:00;144989,70;145008,98;144546,22;144671,55;1949759072,00;64042
WINFUT;30/10/2017;16:00:00;144748,68;145066,83;144690,83;144999,34;1843805432,00;60331
WINFUT;30/10/2017;15:30:00;145317,49;145365,69;144690,83;144739,03;3478962213,00;114181
WINFUT;30/10/2017;15:00:00;145153,59;145346,41;145008,98;145317,49;2366420073,00;77320
WINFUT;30/10/2017;14:30:00;145221,08;145452,46;144931,85;145163,24;3018936383,00;98650
WINFUT;30/10/2017;14:00:00;146040,56;146088,76;145134,31;145230,72;3573578139,00;117031
WINFUT;30/10/2017;13:30:00;145992,35;146127,33;145799,54;146050,20;2232353529,00;72947
WINFUT;30/10/2017;13:00:00;146127,33;146387,63;145963,43;145982,71;2446998828,00;80238
WINFUT;30/10/2017;12:30:00;146570,81;146638,29;146050,20;146127,33;3585031544,00;117221
WINFUT;30/10/2017;12:00:00;146696,14;146792,55;146300,86;146590,09;3236338983,00;105622
WINFUT;30/10/2017;11:30:00;146050,20;146753,99;146040,56;146715,42;4745874661,00;154686
WINFUT;30/10/2017;11:00:00;146040,56;146243,02;145703,13;146040,56;3006171813,00;97034
WINFUT;30/10/2017;10:30:00;146194,81;146349,07;145818,82;146021,28;3877941779,00;125506
WINFUT;30/10/2017;10:00:00;147062,50;147178,19;145886,30;146204,45;5110301193,00;165362
WINFUT;30/10/2017;09:30:00;146985,37;147284,24;146792,55;147052,85;2225315662,00;72037
WINFUT;30/10/2017;09:00:00;147120,34;147293,88;146792,55;146975,73;2030376391,00;65806
WINFUT;27/10/2017;18:00:00;147872,33;147872,33;147525,26;147554,18;454916146,10;15104
WINFUT;27/10/2017;17:30:00;148055,51;148267,61;147795,20;147862,69;1563119875,00;51609
WINFUT;27/10/2017;17:00:00;148123,00;148171,20;147910,90;148045,87;1451844451,00;47834
WINFUT;27/10/2017;16:30:00;147959,10;148229,05;147650,59;148123,00;2731964951,00;89219
WINFUT;27/10/2017;16:00:00;148325,45;148498,99;147833,77;147959,10;2652832332,00;86862
WINFUT;27/10/2017;15:30:00;148219,40;148537,55;148200,12;148335,10;1897466757,00;62021
WINFUT;27/10/2017;15:00:00;148074,79;148392,94;147968,74;148229,05;2845342094,00;92700
WINFUT;27/10/2017;14:30:00;148720,73;148759,30;148065,15;148074,79;2825713194,00;92085
WINFUT;27/10/2017;14:00:00;148402,58;148903,91;148335,10;148711,09;3081332375,00;100455
WINFUT;27/10/2017;13:30:00;148180,84;148759,30;148132,64;148402,58;3103043713,00;101265
WINFUT;27/10/2017;13:00:00;147785,56;148229,05;147448,13;148180,84;3144056159,00;102227
WINFUT;27/10/2017;12:30:00;148344,74;148470,07;147727,72;147775,92;4286793640,00;139345
WINFUT;27/10/2017;12:00:00;147785,56;149058,16;147756,64;148344,74;6581909517,00;213852
WINFUT;27/10/2017;11:30:00;148325,45;148537,55;147650,59;147785,56;5996011919,00;195264
WINFUT;27/10/2017;11:00:00;148537,55;148730,37;148142,28;148325,45;3423025633,00;110702
WINFUT;27/10/2017;10:30:00;147178,19;148643,60;146937,16;148527,91;6235202984,00;201917
WINFUT;27/10/2017;10:00:00;147872,33;147968,74;146869,68;147197,47;5222521426,00;169060
WINFUT;27/10/2017;09:30:00;147679,51;148045,87;147525,26;147881,97;2249822865,00;72572
WINFUT;27/10/2017;09:00:00;148180,84;148335,10;147467,41;147679,51;3073368981,00;99495
WINFUT;26/10/2017;18:00:00;147390,29;147698,80;147313,16;147698,80;346899350,90;11489
WINFUT;26/10/2017;17:30:00;148084,43;148103,71;147332,44;147390,29;2699012308,00;88863
WINFUT;26/10/2017;17:00:00;148016,95;148267,61;147968,74;148084,43;1462140947,00;47951
WINFUT;26/10/2017;16:30:00;148248,33;148421,86;147901,25;148016,95;2230637447,00;72914
WINFUT;26/10/2017;16:00:00;148315,81;148508,63;147804,85;148248,33;3411013055,00;111593
WINFUT;26/10/2017;15:30:00;148132,64;148354,38;147756,64;148315,81;4161693146,00;136301
WINFUT;26/10/2017;15:00:00;148335,10;148527,91;148094,07;148142,28;3776153014,00;123485
WINFUT;26/10/2017;14:30:00;149019,60;149096,73;148306,17;148354,38;3968624212,00;129536
WINFUT;26/10/2017;14:00:00;149424,52;149492,01;148865,35;149009,96;2621807873,00;85583
WINFUT;26/10/2017;13:30:00;149511,29;149578,77;149289,55;149424,52;2160432314,00;70587
WINFUT;26/10/2017;13:00:00;149077,45;149723,39;149058,16;149511,29;3896452333,00;126889
WINFUT;26/10/2017;12:30:00;148981,04;149270,26;148865,35;149077,45;3169064688,00;103993
WINFUT;26/10/2017;12:00:00;149260,62;149434,16;148711,09;148981,04;4360874420,00;143025
WINFUT;26/10/2017;11:30:00;149357,03;149540,21;148778,58;149241,34;6466392091,00;210590
WINFUT;26/10/2017;11:00:00;149704,11;149810,16;149058,16;149357,03;4020800836,00;130267
WINFUT;26/10/2017;10:30:00;149414,88;149771,59;148990,68;149704,11;5356048079,00;173833
WINFUT;26/10/2017;10:00:00;149723,39;149935,49;149299,19;149405,24;4740456468,00;152921
WINFUT;26/10/2017;09:30:00;149395,60;149790,87;149241,34;149713,75;2386029691,00;76964
WINFUT;26/10/2017;09:00:00;149617,34;149848,72;149260,62;149395,60;3254598873,00;104910
WINFUT;25/10/2017;18:00:00;149212,42;149299,19;149096,73;149096,73;342657348,90;11284
WINFUT;25/10/2017;17:30:00;149357,03;149434,16;149154,57;149222,06;1597036609,00;52374
WINFUT;25/10/2017;17:00:00;148036,23;149385,96;148007,30;149347,39;4825277225,00;158487
WINFUT;25/10/2017;16:30:00;148344,74;148383,30;147891,61;148026,59;2507293102,00;81876
WINFUT;25/10/2017;16:00:00;148219,40;148431,50;147795,20;148354,38;3736104659,00;122161
WINFUT;25/10/2017;15:30:00;148065,15;148229,05;147698,80;148229,05;3162470304,00;103776
WINFUT;25/10/2017;15:00:00;148103,71;148296,53;147631,31;148074,79;4141736455,00;135426
WINFUT;25/10/2017;14:30:00;146773,27;148171,20;146696,14;148094,07;5032190511,00;164240
WINFUT;25/10/2017;14:00:00;147766,28;147920,54;146561,17;146763,63;5389675585,00;176685
WINFUT;25/10/2017;13:30:00;147814,49;147978,38;147650,59;147775,92;2545798910,00;83562
WINFUT;25/10/2017;13:00:00;148229,05;148229,05;147457,77;147814,49;5032614711,00;165448
WINFUT;25/10/2017;12:30:00;148306,17;148441,15;148113,35;148229,05;2491771231,00;81707
WINFUT;25/10/2017;12:00:00;148383,30;148556,84;148200,12;148306,17;3395471902,00;111388
WINFUT;25/10/2017;11:30:00;149125,65;149328,11;148315,81;148383,30;5619842755,00;183392
WINFUT;25/10/2017;11:00:00;149019,60;149424,52;148942,47;149116,01;4010157267,00;130026
WINFUT;25/10/2017;10:30:00;149463,08;149540,21;149000,32;149019,60;4144975802,00;134195
WINFUT;25/10/2017;10:00:00;149202,78;149626,98;149144,93;149472,72;2576206351,00;83088
WINFUT;25/10/2017;09:30:00;149116,01;149328,11;149087,09;149193,14;1841992940,00;59362
WINFUT;25/10/2017;09:00:00;148855,70;149202,78;148720,73;149125,65;2401320180,00;77362
WINFUT;24/10/2017;18:00:00;148412,22;148662,89;148383,30;148662,89;342869449,00;11319
WINFUT;24/10/2017;17:30:00;148190,48;148527,91;148171,20;148412,22;1423712266,00;46646
WINFUT;24/10/2017;17:00:00;148151,92;148344,74;147988,02;148190,48;2378143424,00;77464
WINFUT;24/10/2017;16:30:00;148460,43;148547,20;148026,59;148151,92;2358379551,00;76852
WINFUT;24/10/2017;16:00:00;148633,96;148730,37;148296,53;148450,79;2619744717,00;85200
WINFUT;24/10/2017;15:30:00;148238,69;148788,22;148151,92;148643,60;3209710780,00;104461
WINFUT;24/10/2017;15:00:00;148219,40;148364,02;147949,46;148248,33;2368174719,00;76935
WINFUT;24/10/2017;14:30:00;148209,76;148373,66;148074,79;148219,40;1770245262,00;57585
WINFUT;24/10/2017;14:00:00;148383,30;148460,43;147988,02;148200,12;3022214293,00;98382
WINFUT;24/10/2017;13:30:00;147804,85;148653,25;147621,67;148373,66;4368259360,00;142695
WINFUT;24/10/2017;13:00:00;147313,16;147862,69;147293,88;147804,85;2698645953,00;87971
WINFUT;24/10/2017;12:30:00;147120,34;147390,29;146773,27;147322,80;4301004347,00;140797
WINFUT;24/10/2017;12:00:00;147573,46;147640,95;147072,14;147120,34;3224885578,00;105586
WINFUT;24/10/2017;11:30:00;147390,29;148007,30;147255,31;147573,46;6142900878,00;200233
WINFUT;24/10/2017;11:00:00;147583,10;147660,23;147274,60;147390,29;2728937704,00;88334
WINFUT;24/10/2017;10:30:00;147640,95;147862,69;147187,83;147573,46;4692136209,00;152089
WINFUT;24/10/2017;10:00:00;147419,21;147891,61;147390,29;147640,95;4097176153,00;132599
WINFUT;24/10/2017;09:30:00;147129,98;147477,05;147043,21;147419,21;2126901217,00;68598
WINFUT;24/10/2017;09:00:00;147023,93;147303,52;146927,52;147129,98;2114657257,00;68305
WINFUT;23/10/2017;18:00:00;146599,73;146773,27;146464,76;146773,27;393947008,90;13155
WINFUT;23/10/2017;17:30:00;147062,50;147149,26;146474,40;146619,01;2439980243,00;80669
WINFUT;23/10/2017;17:00:00;147284,24;147390,29;146927,52;147052,85;2281715007,00;74839
WINFUT;23/10/2017;16:30:00;147486,70;147496,34;146908,24;147284,24;3723455780,00;121853
WINFUT;23/10/2017;16:00:00;147747,00;148055,51;147419,21;147496,34;2902358456,00;94579
WINFUT;23/10/2017;15:30:00;147737,36;147833,77;147650,59;147756,64;1212826923,00;39455
WINFUT;23/10/2017;15:00:00;147534,90;147853,05;147525,26;147727,72;2206727981,00;72098
WINFUT;23/10/2017;14:30:00;147563,82;147650,59;147332,44;147534,90;1931634154,00;63050
WINFUT;23/10/2017;14:00:00;147525,26;147621,67;147380,65;147563,82;1836729001,00;60097
WINFUT;23/10/2017;13:30:00;146879,32;147544,54;146860,04;147534,90;2343513262,00;76652
WINFUT;23/10/2017;13:00:00;147072,14;147245,67;146850,39;146879,32;2665866847,00;87318
WINFUT;23/10/2017;12:30:00;148113,35;148113,35;146995,01;147072,14;4853197310,00;159313
WINFUT;23/10/2017;12:00:00;147997,66;148277,25;147939,82;148113,35;2736149107,00;89316
WINFUT;23/10/2017;11:30:00;147756,64;148325,45;147650,59;148007,30;4864515743,00;158422
WINFUT;23/10/2017;11:00:00;147901,25;148074,79;147640,95;147756,64;3365103024,00;108740
WINFUT;23/10/2017;10:30:00;147853,05;148026,59;147525,26;147920,54;3308530144,00;106865
WINFUT;23/10/2017;10:00:00;148711,09;148807,50;147727,72;147862,69;5007953255,00;162054
WINFUT;23/10/2017;09:30:00;148566,48;148836,42;148527,91;148711,09;1458207454,00;46621
WINFUT;23/10/2017;09:00:00;149106,37;149144,93;148566,48;148585,76;1583134412,00;50654
WINFUT;20/10/2017;18:00:00;148643,60;148691,81;148470,07;148470,07;252823316,60;8332
WINFUT;20/10/2017;17:30:00;148952,11;149038,88;148624,32;148643,60;1391222387,00;45551
WINFUT;20/10/2017;17:00:00;149106,37;149299,19;148913,55;148942,47;1416674399,00;46351
WINFUT;20/10/2017;16:30:00;149318,47;149337,75;148826,78;149106,37;2488936802,00;81256
WINFUT;20/10/2017;16:00:00;149472,72;149549,85;149154,57;149328,11;1881289304,00;61268
WINFUT;20/10/2017;15:30:00;149357,03;149569,13;149250,98;149463,08;1642695976,00;53228
WINFUT;20/10/2017;15:00:00;149357,03;149424,52;149164,21;149357,03;1478472654,00;48107
WINFUT;20/10/2017;14:30:00;149279,91;149520,93;149087,09;149357,03;2287191045,00;74260
WINFUT;20/10/2017;14:00:00;149511,29;149569,13;149193,14;149279,91;2438109906,00;79374
WINFUT;20/10/2017;13:30:00;149723,39;149761,95;149424,52;149511,29;1967170562,00;63829
WINFUT;20/10/2017;13:00:00;149414,88;149733,03;149279,91;149723,39;3185030041,00;103447
WINFUT;20/10/2017;12:30:00;149636,62;149925,85;149241,34;149405,24;3812672794,00;123309
WINFUT;20/10/2017;12:00:00;149106,37;149752,31;148990,68;149636,62;4428611478,00;143291
WINFUT;20/10/2017;11:30:00;149646,26;149781,23;149087,09;149087,09;6482357443,00;209620
WINFUT;20/10/2017;11:00:00;149289,55;149752,31;149279,91;149636,62;3088967979,00;99009
WINFUT;20/10/2017;10:30:00;149318,47;149376,31;148990,68;149289,55;2398736415,00;77020
WINFUT;20/10/2017;10:00:00;149116,01;149414,88;149048,52;149308,83;3358335103,00;107822
WINFUT;20/10/2017;09:30:00;149125,65;149202,78;148923,19;149125,65;1343866220,00;43102
WINFUT;20/10/2017;09:00:00;149202,78;149212,42;148865,35;149135,29;1567689668,00;50484
WINFUT;19/10/2017;18:00:00;148257,97;148653,25;148257,97;148547,20;496063565,10;16385
WINFUT;19/10/2017;17:30:00;148007,30;148402,58;147997,66;148238,69;1393555488,00;45774
WINFUT;19/10/2017;17:00:00;148219,40;148344,74;147901,25;148007,30;2007276762,00;65624
WINFUT;19/10/2017;16:30:00;147930,18;148267,61;147862,69;148219,40;1991889864,00;65011
WINFUT;19/10/2017;16:00:00;147814,49;148045,87;147727,72;147930,18;1819953812,00;59374
WINFUT;19/10/2017;15:30:00;147737,36;147862,69;147621,67;147804,85;1929108235,00;62624
WINFUT;19/10/2017;15:00:00;147245,67;147737,36;147207,11;147737,36;2194098384,00;71332
WINFUT;19/10/2017;14:30:00;147197,47;147390,29;147158,90;147255,31;1611960743,00;52355
WINFUT;19/10/2017;14:00:00;146946,80;147216,75;146811,83;147207,11;1984427797,00;64810
WINFUT;19/10/2017;13:30:00;146879,32;146975,73;146657,58;146946,80;2049561809,00;67075
WINFUT;19/10/2017;13:00:00;147284,24;147332,44;146840,75;146879,32;2960724547,00;96974
WINFUT;19/10/2017;12:30:00;147303,52;147477,05;147120,34;147284,24;2338577115,00;76156
WINFUT;19/10/2017;12:00:00;147544,54;147554,18;147052,85;147293,88;3679030451,00;119453
WINFUT;19/10/2017;11:30:00;147554,18;147766,28;147139,62;147554,18;6211004291,00;201737
WINFUT;19/10/2017;11:00:00;147988,02;148123,00;147554,18;147563,82;2879528773,00;92899
WINFUT;19/10/2017;10:30:00;147853,05;148286,89;147698,80;147997,66;3118218510,00;100247
WINFUT;19/10/2017;10:00:00;148200,12;148248,33;147756,64;147843,41;2638987980,00;85247
WINFUT;19/10/2017;09:30:00;148209,76;148277,25;148103,71;148200,12;997950242,00;32424
WINFUT;19/10/2017;09:00:00;148296,53;148354,38;147930,18;148209,76;2163016079,00;69948
WINFUT;18/10/2017;18:00:00;149222,06;149366,67;149202,78;149308,83;216033590,50;7107
WINFUT;18/10/2017;17:30:00;149482,36;149482,36;149173,86;149202,78;1068945929,00;34999
WINFUT;18/10/2017;17:00:00;149347,39;149530,57;149106,37;149482,36;1553691062,00;50632
WINFUT;18/10/2017;16:30:00;149559,49;149588,41;149270,26;149357,03;1365808939,00;44356
WINFUT;18/10/2017;16:00:00;149222,06;149617,34;149212,42;149578,77;1782874858,00;57940
WINFUT;18/10/2017;15:30:00;149183,50;149366,67;149173,86;149222,06;1333280497,00;43250
WINFUT;18/10/2017;15:00:00;148884,63;149299,19;148874,99;149183,50;2116624003,00;68892
WINFUT;18/10/2017;14:30:00;148836,42;148971,40;148778,58;148884,63;1514683926,00;49109
WINFUT;18/10/2017;14:00:00;148662,89;148923,19;148585,76;148846,06;1561866557,00;50596
WINFUT;18/10/2017;13:30:00;148392,94;148826,78;148392,94;148662,89;2113789575,00;68333
WINFUT;18/10/2017;13:00:00;148373,66;148450,79;148123,00;148383,30;2104649989,00;68404
WINFUT;18/10/2017;12:30:00;148662,89;148797,86;148306,17;148373,66;3124195877,00;102166
WINFUT;18/10/2017;12:00:00;148556,84;148759,30;148460,43;148672,53;2449871821,00;79753
WINFUT;18/10/2017;11:30:00;149106,37;149144,93;148537,55;148556,84;4749364672,00;154284
WINFUT;18/10/2017;11:00:00;149212,42;149463,08;149067,81;149106,37;2372416721,00;76137
WINFUT;18/10/2017;10:30:00;149260,62;149366,67;148990,68;149212,42;2291278793,00;73431
WINFUT;18/10/2017;10:00:00;149116,01;149463,08;148913,55;149260,62;2763413611,00;88640
WINFUT;18/10/2017;09:30:00;149164,21;149202,78;149038,88;149116,01;910410747,00;29290
WINFUT;18/10/2017;09:00:00;148807,50;149222,06;148749,65;149164,21;1935664056,00;62092
WINFUT;17/10/2017;18:00:00;148131,66;148248,33;147995,54;148248,33;374120910,30;12371
WINFUT;17/10/2017;17:30:00;148423,33;148452,50;147976,10;148141,38;1601816956,00;52659
WINFUT;17/10/2017;17:00:00;148384,44;148608,06;148365,00;148433,05;1314167755,00;42921
WINFUT;17/10/2017;16:30:00;148345,55;148627,50;148316,38;148384,44;1969365472,00;64072
WINFUT;17/10/2017;16:00:00;148384,44;148433,05;148258,05;148345,55;880136941,90;28550
WINFUT;17/10/2017;15:30:00;148326,11;148442,78;148287,22;148384,44;1065330682,00;34638
WINFUT;17/10/2017;15:00:00;148228,88;148452,50;148209,44;148335,83;1448590720,00;46963
WINFUT;17/10/2017;14:30:00;148433,05;148549,72;148209,44;148228,88;1758523838,00;57123
WINFUT;17/10/2017;14:00:00;148394,16;148530,28;148287,22;148423,33;1715531045,00;55737
WINFUT;17/10/2017;13:30:00;148180,27;148413,61;148083,05;148384,44;1667618679,00;54263
WINFUT;17/10/2017;13:00:00;147966,38;148296,94;147908,04;148180,27;1736803825,00;56311
WINFUT;17/10/2017;12:30:00;148462,22;148481,67;147839,98;147956,65;3967509475,00;129014
WINFUT;17/10/2017;12:00:00;148540,00;148559,45;148287,22;148462,22;1922911477,00;62118
WINFUT;17/10/2017;11:30:00;149240,02;149337,24;148267,77;148530,28;6054497472,00;195658
WINFUT;17/10/2017;11:00:00;149317,80;149385,86;149152,52;149230,30;1894307950,00;60720
WINFUT;17/10/2017;10:30:00;149337,24;149609,47;149142,80;149327,52;3559729349,00;113841
WINFUT;17/10/2017;10:00:00;149201,13;149492,80;149016,40;149337,24;3935503081,00;125584
WINFUT;17/10/2017;09:30:00;149230,30;149308,08;149123,35;149210,85;1167300019,00;37484
WINFUT;17/10/2017;09:00:00;149230,30;149317,80;148987,24;149230,30;1297211755,00;41551
WINFUT;16/10/2017;18:00:00;149599,75;149628,92;149337,24;149337,24;340831149,50;11206
WINFUT;16/10/2017;17:30:00;149745,59;149803,92;149590,03;149599,75;953113853,40;31212
WINFUT;16/10/2017;17:00:00;149580,31;149871,98;149560,86;149735,87;1855126368,00;60310
WINFUT;16/10/2017;16:30:00;149385,86;149706,70;149356,69;149580,31;1558065810,00;50535
WINFUT;16/10/2017;16:00:00;149327,52;149473,36;149240,02;149376,13;1781410549,00;57760
WINFUT;16/10/2017;15:30:00;149580,31;149677,53;149269,19;149327,52;2145750647,00;69237
WINFUT;16/10/2017;15:00:00;149444,19;149677,53;149376,13;149570,58;2095991010,00;67718
WINFUT;16/10/2017;14:30:00;149084,46;149453,91;149074,74;149453,91;1515889705,00;48905
WINFUT;16/10/2017;14:00:00;149453,91;149463,64;149065,02;149074,74;1933061743,00;62258
WINFUT;16/10/2017;13:30:00;149356,69;149483,08;149181,69;149453,91;1376586056,00;44464
WINFUT;16/10/2017;13:00:00;149065,02;149405,30;148996,96;149356,69;3026840392,00;98133
WINFUT;16/10/2017;12:30:00;149551,14;149560,86;148890,01;149065,02;3797268905,00;122499
WINFUT;16/10/2017;12:00:00;150183,10;150280,33;149453,91;149560,86;3772476589,00;121517
WINFUT;16/10/2017;11:30:00;150396,99;150562,28;150076,15;150183,10;4720923653,00;151824
WINFUT;16/10/2017;11:00:00;150134,49;150474,77;150124,77;150396,99;2484695636,00;79653
WINFUT;16/10/2017;10:30:00;149901,15;150260,88;149813,65;150134,49;2793345387,00;89435
WINFUT;16/10/2017;10:00:00;150105,32;150270,60;149852,54;149901,15;2629404982,00;84083
WINFUT;16/10/2017;09:30:00;150085,88;150241,44;149949,76;150095,60;1465391160,00;46649
WINFUT;16/10/2017;09:00:00;150367,83;150426,16;150037,26;150085,88;1443146133,00;45802
WINFUT;13/10/2017;17:30:00;149930,32;150027,54;149726,14;149726,14;593848887,70;19434
WINFUT;13/10/2017;17:00:00;149978,93;150085,88;149862,26;149930,32;780423219,10;25388
WINFUT;13/10/2017;16:30:00;149998,37;150134,49;149794,20;149978,93;2105013469,00;68433
WINFUT;13/10/2017;16:00:00;149628,92;150251,16;149570,58;149988,65;2625807665,00;85185
WINFUT;13/10/2017;15:30:00;149784,48;149949,76;149590,03;149619,20;1649787657,00;53473
WINFUT;13/10/2017;15:00:00;150202,55;150221,99;149677,53;149784,48;2304052016,00;74517
WINFUT;13/10/2017;14:30:00;150056,71;150221,99;149920,59;150192,82;1924486518,00;62069
WINFUT;13/10/2017;14:00:00;149706,70;150076,15;149667,81;150046,99;2072637621,00;66969
WINFUT;13/10/2017;13:30:00;149755,31;149784,48;149444,19;149696,98;2084382373,00;67323
WINFUT;13/10/2017;13:00:00;149930,32;150017,82;149745,59;149765,03;1706333582,00;55037
WINFUT;13/10/2017;12:30:00;149677,53;149959,48;149560,86;149930,32;2260767549,00;73378
WINFUT;13/10/2017;12:00:00;149541,42;149774,76;149376,13;149667,81;2925668297,00;94910
WINFUT;13/10/2017;11:30:00;149638,64;149901,15;149405,30;149521,97;3424159132,00;110405
WINFUT;13/10/2017;11:00:00;150212,27;150319,22;149599,75;149638,64;5135859521,00;165924
WINFUT;13/10/2017;10:30:00;150435,88;150562,28;149998,37;150212,27;3995899107,00;128593
WINFUT;13/10/2017;10:00:00;150396,99;150669,22;150241,44;150426,16;3386747041,00;107479
WINFUT;13/10/2017;09:30:00;150212,27;150805,34;150192,82;150406,72;3440998462,00;109804
WINFUT;13/10/2017;09:00:00;149891,43;150358,10;149706,70;150221,99;2724510251,00;86878
WINFUT;11/10/2017;17:30:00;149356,69;149424,75;149162,24;149288,63;705462922,30;23127
WINFUT;11/10/2017;17:00:00;149512,25;149570,58;148987,24;149356,69;2152420266,00;70126
WINFUT;11/10/2017;16:30:00;148967,79;149541,42;148967,79;149502,53;2543749961,00;82463
WINFUT;11/10/2017;16:00:00;148841,40;149123,35;148753,90;148977,51;1969987710,00;63934
WINFUT;11/10/2017;15:30:00;148753,90;148967,79;148685,84;148841,40;1363907946,00;44341
WINFUT;11/10/2017;15:00:00;148656,67;149065,02;148646,95;148744,17;2606634941,00;83968
WINFUT;11/10/2017;14:30:00;148744,17;148860,84;148598,34;148656,67;1569518887,00;50912
WINFUT;11/10/2017;14:00:00;148948,35;149152,52;148637,23;148753,90;2309282708,00;74813
WINFUT;11/10/2017;13:30:00;148860,84;149026,13;148851,12;148958,07;935749509,70;30326
WINFUT;11/10/2017;13:00:00;149191,41;149249,74;148792,79;148860,84;2353831097,00;76418
WINFUT;11/10/2017;12:30:00;149444,19;149580,31;149084,46;149181,69;2161870514,00;69865
WINFUT;11/10/2017;12:00:00;149249,74;149492,80;149074,74;149453,91;2854519212,00;92834
WINFUT;11/10/2017;11:30:00;149531,69;149677,53;149133,07;149240,02;3004167576,00;96829
WINFUT;11/10/2017;11:00:00;149181,69;149726,14;149094,18;149541,42;4867246930,00;157040
WINFUT;11/10/2017;10:30:00;149735,87;149823,37;148958,07;149181,69;6743509963,00;217838
WINFUT;11/10/2017;10:00:00;149580,31;150008,10;149152,52;149745,59;5795257348,00;185902
WINFUT;11/10/2017;09:30:00;149765,03;149803,92;149366,41;149580,31;2375006652,00;76016
WINFUT;11/10/2017;09:00:00;149502,53;149881,70;149113,63;149765,03;2777322745,00;88683
WINFUT;10/10/2017;17:30:00;149648,36;149716,42;149444,19;149444,19;630599850,40;20590
WINFUT;10/10/2017;17:00:00;149765,03;149774,76;149580,31;149638,64;847119410,40;27479
WINFUT;10/10/2017;16:30:00;149910,87;150056,71;149463,64;149755,31;2691259380,00;86867
WINFUT;10/10/2017;16:00:00;149171,96;149949,76;149171,96;149910,87;3047510378,00;98656
WINFUT;10/10/2017;15:30:00;149337,24;149395,58;149055,29;149171,96;1537940283,00;49668
WINFUT;10/10/2017;15:00:00;149259,47;149424,75;149152,52;149327,52;1669777069,00;54069
WINFUT;10/10/2017;14:30:00;149065,02;149434,47;149045,57;149259,47;2232358471,00;72107
WINFUT;10/10/2017;14:00:00;149191,41;149385,86;148948,35;149065,02;2643210899,00;85592
WINFUT;10/10/2017;13:30:00;148880,29;149220,58;148792,79;149181,69;2010822113,00;64961
WINFUT;10/10/2017;13:00:00;148588,61;148928,90;148413,61;148880,29;2122183363,00;68376
WINFUT;10/10/2017;12:30:00;148880,29;149084,46;148403,89;148578,89;3130229211,00;101224
WINFUT;10/10/2017;12:00:00;149084,46;149094,18;148608,06;148870,57;3325223207,00;107481
WINFUT;10/10/2017;11:30:00;148685,84;149278,91;148248,33;149074,74;5184627465,00;167720
WINFUT;10/10/2017;11:00:00;149551,14;149580,31;148170,55;148676,12;6960301752,00;224895
WINFUT;10/10/2017;10:30:00;149026,13;149638,64;148588,61;149551,14;7087043961,00;228800
WINFUT;10/10/2017;10:00:00;148860,84;149405,30;148705,28;149026,13;5513305519,00;176427
WINFUT;10/10/2017;09:30:00;149113,63;149278,91;148588,61;148860,84;4264686703,00;136210
WINFUT;10/10/2017;09:00:00;148549,72;149220,58;148219,16;149113,63;3788382561,00;121725
WINFUT;09/10/2017;17:30:00;147723,31;148335,83;147713,59;148044,16;1496561421,00;49025
WINFUT;09/10/2017;17:00:00;147227,47;147801,09;147227,47;147713,59;2346500350,00;77030
WINFUT;09/10/2017;16:30:00;146673,29;147276,08;146595,51;147227,47;2532608002,00;82495
WINFUT;09/10/2017;16:00:00;146867,74;146955,24;146566,34;146683,01;1629506570,00;53131
WINFUT;09/10/2017;15:30:00;146935,79;147023,30;146838,57;146867,74;1050552517,00;34308
WINFUT;09/10/2017;15:00:00;146867,74;147052,46;146809,40;146926,07;1363635717,00;44194
WINFUT;09/10/2017;14:30:00;147091,35;147130,24;146721,90;146848,29;1981868577,00;64618
WINFUT;09/10/2017;14:00:00;146945,52;147208,02;146887,18;147081,63;2349261533,00;76226
WINFUT;09/10/2017;13:30:00;146595,51;147042,74;146546,89;146945,52;2144525615,00;69775
WINFUT;09/10/2017;13:00:00;146702,45;146731,62;146410,78;146595,51;1455085335,00;47177
WINFUT;09/10/2017;12:30:00;146692,73;146789,96;146469,11;146712,18;1438323784,00;46797
WINFUT;09/10/2017;12:00:00;146556,62;146712,18;146449,67;146692,73;1714111564,00;55417
WINFUT;09/10/2017;11:30:00;146935,79;147130,24;146391,33;146556,62;3392911091,00;109959
WINFUT;09/10/2017;11:00:00;147101,08;147169,13;146819,12;146935,79;2676364545,00;86808
WINFUT;09/10/2017;10:30:00;147528,86;147733,04;146945,52;147091,35;4731579488,00;152550
WINFUT;09/10/2017;10:00:00;147723,31;148014,99;147353,86;147538,59;4452738851,00;142657
WINFUT;09/10/2017;09:30:00;147976,10;148034,43;147538,59;147723,31;2513065824,00;80601
WINFUT;09/10/2017;09:00:00;148753,90;148890,01;147878,87;147976,10;2543205502,00;81451
WINFUT;06/10/2017;17:30:00;148238,60;148394,16;148112,21;148112,21;815871369,80;26875
WINFUT;06/10/2017;17:00:00;147995,54;148335,83;147985,82;148228,88;1312203814,00;43174
WINFUT;06/10/2017;16:30:00;147878,87;148170,55;147810,82;147985,82;1516920288,00;49568
WINFUT;06/10/2017;16:00:00;148024,71;148102,49;147810,82;147878,87;1276366765,00;41605
WINFUT;06/10/2017;15:30:00;147810,82;148112,21;147616,37;148034,43;2039522865,00;66421
WINFUT;06/10/2017;15:00:00;147742,76;148063,60;147664,98;147810,82;1602691979,00;51912
WINFUT;06/10/2017;14:30:00;148044,16;148112,21;147645,53;147742,76;1925769885,00;62146
WINFUT;06/10/2017;14:00:00;147927,49;148267,77;147859,43;148044,16;1838870387,00;59449
WINFUT;06/10/2017;13:30:00;147616,37;148121,94;147548,31;147937,21;1963590320,00;63174
WINFUT;06/10/2017;13:00:00;147898,32;147976,10;147528,86;147626,09;1495725288,00;47988
WINFUT;06/10/2017;12:30:00;147878,87;148063,60;147694,15;147908,04;1705069660,00;54857
WINFUT;06/10/2017;12:00:00;147431,64;148073,32;147227,47;147878,87;3630158972,00;117960
WINFUT;06/10/2017;11:30:00;148540,00;148715,01;147412,19;147412,19;5049329477,00;163758
WINFUT;06/10/2017;11:00:00;147752,48;148656,67;147596,92;148530,28;3864956789,00;125507
WINFUT;06/10/2017;10:30:00;147976,10;148238,60;147451,08;147752,48;6131130034,00;199546
WINFUT;06/10/2017;10:00:00;148267,77;148296,94;147314,97;147966,38;5471557203,00;176163
WINFUT;06/10/2017;09:30:00;148996,96;149473,36;147820,54;148248,33;6394784162,00;206651
WINFUT;06/10/2017;09:00:00;149094,18;149677,53;148831,68;148996,96;4319190908,00;139168
WINFUT;05/10/2017;17:30:00;148948,35;149094,18;148783,06;149016,40;1049133035,00;34511
WINFUT;05/10/2017;17:00:00;149483,08;149502,53;148938,62;148948,35;1711544830,00;56051
WINFUT;05/10/2017;16:30:00;149852,54;149940,04;149308,08;149483,08;3531300827,00;114765
WINFUT;05/10/2017;16:00:00;150426,16;150610,89;149823,37;149842,81;3265935543,00;105754
WINFUT;05/10/2017;15:30:00;150591,44;150649,78;150173,38;150416,44;2674711724,00;86673
WINFUT;05/10/2017;15:00:00;151028,96;151067,85;150523,39;150591,44;2635899596,00;85222
WINFUT;05/10/2017;14:30:00;150727,56;151087,29;150435,88;151028,96;3660240315,00;117973
WINFUT;05/10/2017;14:00:00;151135,90;151223,41;150620,61;150727,56;3009476048,00;97143
WINFUT;05/10/2017;13:30:00;151272,02;151447,02;151038,68;151135,90;2275798498,00;73313
WINFUT;05/10/2017;13:00:00;150941,45;151476,19;150863,67;151262,30;2345780886,00;75513
WINFUT;05/10/2017;12:30:00;151087,29;151495,63;150922,01;150951,18;2913495756,00;93700
WINFUT;05/10/2017;12:00:00;151106,74;151466,47;150795,62;151106,74;4181442856,00;134847
WINFUT;05/10/2017;11:30:00;151398,41;151699,81;151097,01;151116,46;4902189512,00;157962
WINFUT;05/10/2017;11:00:00;151758,14;151767,86;150931,73;151408,13;6024182789,00;193683
WINFUT;05/10/2017;10:30:00;151719,25;152195,65;151417,85;151748,42;6706681221,00;215745
WINFUT;05/10/2017;10:00:00;150649,78;151797,03;150572,00;151728,97;6179372965,00;197563
WINFUT;05/10/2017;09:30:00;150037,26;150824,78;149988,65;150649,78;3605775000,00;115383
WINFUT;05/10/2017;09:00:00;149726,14;150085,88;149687,25;150027,54;1894696849,00;60757
WINFUT;04/10/2017;17:30:00;149521,97;149599,75;149385,86;149385,86;677481633,90;22285
WINFUT;04/10/2017;17:00:00;149415,02;149580,31;149327,52;149512,25;978800637,30;32185
WINFUT;04/10/2017;16:30:00;149376,13;149580,31;149191,41;149415,02;2035458869,00;66376
WINFUT;04/10/2017;16:00:00;149317,80;149492,80;149016,40;149366,41;2701701320,00;87782
WINFUT;04/10/2017;15:30:00;149317,80;149453,91;149191,41;149327,52;1765932365,00;57469
WINFUT;04/10/2017;15:00:00;149531,69;149609,47;149269,19;149327,52;1612647795,00;52392
WINFUT;04/10/2017;14:30:00;149638,64;149667,81;149346,97;149531,69;3006617640,00;97794
WINFUT;04/10/2017;14:00:00;150115,04;150251,16;149570,58;149628,92;3014103947,00;97821
WINFUT;04/10/2017;13:30:00;149998,37;150202,55;149871,98;150115,04;1479313747,00;48058
WINFUT;04/10/2017;13:00:00;149852,54;150056,71;149726,14;149988,65;1213598454,00;39450
WINFUT;04/10/2017;12:30:00;149842,81;150008,10;149531,69;149862,26;2120647212,00;68798
WINFUT;04/10/2017;12:00:00;150124,77;150134,49;149726,14;149833,09;2912192944,00;94709
WINFUT;04/10/2017;11:30:00;149453,91;150212,27;149453,91;150115,04;4783419734,00;155333
WINFUT;04/10/2017;11:00:00;149492,80;149823,37;149074,74;149453,91;5623383402,00;183071
WINFUT;04/10/2017;10:30:00;149570,58;150173,38;149162,24;149492,80;7355325988,00;238985
WINFUT;04/10/2017;10:00:00;149658,09;149920,59;149123,35;149560,86;5690254598,00;183561
WINFUT;04/10/2017;09:30:00;149570,58;150027,54;149298,35;149658,09;3841058940,00;123609
WINFUT;04/10/2017;09:00:00;149512,25;150348,38;149424,75;149570,58;4717773571,00;151714
WINFUT;03/10/2017;17:30:00;149745,59;150046,99;149726,14;149930,32;1257952393,00;41297
WINFUT;03/10/2017;17:00:00;149687,25;149891,43;149599,75;149755,31;1756773792,00;57413
WINFUT;03/10/2017;16:30:00;149220,58;149726,14;149094,18;149677,53;3256504741,00;106186
WINFUT;03/10/2017;16:00:00;149055,29;149337,24;148812,23;149230,30;3843217330,00;125046
WINFUT;03/10/2017;15:30:00;149356,69;149483,08;149045,57;149065,02;4356719669,00;142595
WINFUT;03/10/2017;15:00:00;148121,94;149415,02;148112,21;149356,69;6193898345,00;202698
WINFUT;03/10/2017;14:30:00;147839,98;148151,10;147694,15;148131,66;2644902610,00;86579
WINFUT;03/10/2017;14:00:00;147664,98;148005,27;147616,37;147839,98;2494048659,00;81507
WINFUT;03/10/2017;13:30:00;147684,42;147820,54;147499,70;147674,70;1798833227,00;58510
WINFUT;03/10/2017;13:00:00;147684,42;147937,21;147587,20;147684,42;2227419453,00;72782
WINFUT;03/10/2017;12:30:00;147460,81;147791,37;147344,14;147694,15;2713912751,00;88602
WINFUT;03/10/2017;12:00:00;147344,14;147587,20;147305,25;147451,08;2681070224,00;87866
WINFUT;03/10/2017;11:30:00;147003,85;147451,08;147003,85;147353,86;3429603719,00;112518
WINFUT;03/10/2017;11:00:00;146439,95;147120,52;146342,72;147003,85;5548889784,00;181285
WINFUT;03/10/2017;10:30:00;145603,81;146449,67;145263,53;146449,67;5979439950,00;203829
WINFUT;03/10/2017;10:00:00;145506,59;145632,98;145176,02;145594,09;4383534260,00;158287
WINFUT;03/10/2017;09:30:00;145205,19;145574,65;145195,47;145516,31;2449480825,00;89142
WINFUT;03/10/2017;09:00:00;145642,70;145837,15;145195,47;145195,47;2457706040,00;89786
WINFUT;02/10/2017;17:30:00;144962,13;145088,52;144942,69;144991,30;529505535,80;18825
WINFUT;02/10/2017;17:00:00;144991,30;145049,63;144923,24;144962,13;815929704,60;29086
WINFUT;02/10/2017;16:30:00;144816,29;145059,36;144787,13;144981,58;1442660009,00;51988
WINFUT;02/10/2017;16:00:00;144971,85;144991,30;144719,07;144816,29;2092121465,00;75164
WINFUT;02/10/2017;15:30:00;144806,57;145127,41;144796,85;144981,58;2297207392,00;82568
WINFUT;02/10/2017;15:00:00;144660,73;144845,46;144524,62;144816,29;2025658613,00;73031
WINFUT;02/10/2017;14:30:00;144816,29;144826,02;144339,89;144651,01;2369231501,00;85519
WINFUT;02/10/2017;14:00:00;144806,57;144962,13;144495,45;144806,57;2602668171,00;93380
WINFUT;02/10/2017;13:30:00;144582,95;144845,46;144524,62;144806,57;1939439688,00;69403
WINFUT;02/10/2017;13:00:00;144174,61;144651,01;144126,00;144582,95;2256509104,00;81378
WINFUT;02/10/2017;12:30:00;144456,56;144621,84;144116,27;144174,61;2703431921,00;97258
WINFUT;02/10/2017;12:00:00;145176,02;145438,53;144388,50;144446,84;4392323379,00;158277
WINFUT;02/10/2017;11:30:00;144680,18;145399,64;144670,46;145176,02;3496941594,00;126110
WINFUT;02/10/2017;11:00:00;144602,40;145156,58;144320,45;144680,18;4839012857,00;174398
WINFUT;02/10/2017;10:30:00;144446,84;144680,18;143989,88;144621,84;4790167133,00;173107
WINFUT;02/10/2017;10:00:00;144796,85;145010,74;144378,78;144437,12;3453948801,00;125246
WINFUT;02/10/2017;09:30:00;145263,53;145370,47;144641,29;144806,57;2579081442,00;94313
WINFUT;02/10/2017;09:00:00;145535,76;145584,37;145176,02;145273,25;1790044108,00;65103
WINFUT;29/09/2017;17:30:00;144903,80;145107,97;144835,74;145069,08;727902399,00;26047
WINFUT;29/09/2017;17:00:00;145166,30;145214,91;144884,35;144903,80;1265555370,00;45240
WINFUT;29/09/2017;16:30:00;145341,31;145370,47;145156,58;145166,30;1470932972,00;52721
WINFUT;29/09/2017;16:00:00;145253,80;145448,25;145214,91;145341,31;1326379186,00;47602
WINFUT;29/09/2017;15:30:00;145214,91;145448,25;145098,24;145253,80;1749170815,00;62925
WINFUT;29/09/2017;15:00:00;144816,29;145263,53;144816,29;145214,91;1983268614,00;71357
WINFUT;29/09/2017;14:30:00;144660,73;144864,91;144573,23;144826,02;1286536475,00;46275
WINFUT;29/09/2017;14:00:00;144651,01;144767,68;144534,34;144651,01;1337929488,00;48243
WINFUT;29/09/2017;13:30:00;144096,83;144670,46;144096,83;144641,29;2035400535,00;73297
WINFUT;29/09/2017;13:00:00;144320,45;144330,17;143989,88;144106,55;1717611655,00;61809
WINFUT;29/09/2017;12:30:00;144456,56;144592,68;143950,99;144320,45;3438995632,00;123295
WINFUT;29/09/2017;12:00:00;145234,36;145321,86;144320,45;144456,56;5231820368,00;187234
WINFUT;29/09/2017;11:30:00;145020,47;145477,42;144923,24;145234,36;3222748301,00;115859
WINFUT;29/09/2017;11:00:00;144670,46;145049,63;144485,73;145030,19;3378716275,00;121698
WINFUT;29/09/2017;10:30:00;144680,18;144932,96;144291,28;144670,46;4737743538,00;171333
WINFUT;29/09/2017;10:00:00;144514,90;144894,07;144456,56;144680,18;3733431121,00;135986
WINFUT;29/09/2017;09:30:00;144155,16;144631,57;144116,27;144514,90;3451401512,00;124987
WINFUT;29/09/2017;09:00:00;143795,43;144184,33;143639,87;144145,44;2394121041,00;86851
WINFUT;28/09/2017;17:30:00;143445,42;143484,31;143153,75;143153,75;591398823,60;21259
WINFUT;28/09/2017;17:00:00;143552,37;143669,04;143377,37;143455,15;1033032613,00;37108
WINFUT;28/09/2017;16:30:00;143844,05;144038,49;143532,93;143542,65;1448046261,00;52405
WINFUT;28/09/2017;16:00:00;144087,11;144106,55;143775,99;143844,05;1383780689,00;50159
WINFUT;28/09/2017;15:30:00;143600,98;144116,27;143542,65;144087,11;2095213212,00;75649
WINFUT;28/09/2017;15:00:00;143649,60;143950,99;143503,76;143600,98;1949064940,00;70624
WINFUT;28/09/2017;14:30:00;143202,36;143853,77;143153,75;143649,60;2445047375,00;88562
WINFUT;28/09/2017;14:00:00;143523,20;143678,76;143163,47;143202,36;1720022830,00;62351
WINFUT;28/09/2017;13:30:00;143338,48;143562,09;143202,36;143523,20;1509706210,00;54744
WINFUT;28/09/2017;13:00:00;143095,41;143600,98;143075,97;143328,75;2149464633,00;77966
WINFUT;28/09/2017;12:30:00;143270,42;143474,59;142988,47;143095,41;2153936973,00;78118
WINFUT;28/09/2017;12:00:00;143853,77;143882,94;143182,92;143270,42;3085739157,00;111409
WINFUT;28/09/2017;11:30:00;143999,61;144262,11;143824,60;143853,77;2413779890,00;87476
WINFUT;28/09/2017;11:00:00;143814,88;144301,00;143571,82;144009,33;4695567433,00;169698
WINFUT;28/09/2017;10:30:00;143707,93;144514,90;143357,92;143814,88;6479525271,00;234206
WINFUT;28/09/2017;10:00:00;143844,05;143950,99;143406,53;143707,93;4234391465,00;154455
WINFUT;28/09/2017;09:30:00;144106,55;144388,50;143775,99;143844,05;2712084925,00;98665
WINFUT;28/09/2017;09:00:00;143775,99;144164,89;143562,09;144106,55;2040339553,00;73830
WINFUT;27/09/2017;17:30:00;144038,49;144184,33;143950,99;144184,33;612846607,60;21824
WINFUT;27/09/2017;17:00:00;143902,38;144155,16;143834,32;144048,22;1022707343,00;36604
WINFUT;27/09/2017;16:30:00;143737,10;144203,78;143669,04;143892,66;2559811492,00;91989
WINFUT;27/09/2017;16:00:00;144164,89;144339,89;143649,60;143746,82;2899164825,00;104283
WINFUT;27/09/2017;15:30:00;144077,38;144232,94;143941,27;144164,89;2001469090,00;71944
WINFUT;27/09/2017;15:00:00;143639,87;144145,44;143581,54;144067,66;2934962985,00;105576
WINFUT;27/09/2017;14:30:00;143484,31;143688,49;143192,64;143639,87;2476528755,00;89439
WINFUT;27/09/2017;14:00:00;143163,47;143571,82;143075,97;143484,31;2755680512,00;99193
WINFUT;27/09/2017;13:30:00;142920,41;143202,36;142735,68;143163,47;2158195418,00;78111
WINFUT;27/09/2017;13:00:00;143212,08;143241,25;142832,91;142920,41;2554405795,00;92221
WINFUT;27/09/2017;12:30:00;143766,27;143863,49;143163,47;143212,08;2569981203,00;92506
WINFUT;27/09/2017;12:00:00;143737,10;143921,83;143552,37;143766,27;2457006022,00;88697
WINFUT;27/09/2017;11:30:00;144631,57;144631,57;143649,60;143746,82;4972969144,00;178851
WINFUT;27/09/2017;11:00:00;144602,40;144680,18;144330,17;144631,57;4227410727,00;151680
WINFUT;27/09/2017;10:30:00;145681,59;145905,21;144505,17;144592,68;6384847791,00;228159
WINFUT;27/09/2017;10:00:00;145526,03;145798,26;145477,42;145691,32;2779986704,00;101117
WINFUT;27/09/2017;09:30:00;145399,64;145535,76;145137,13;145516,31;2317780153,00;84332
WINFUT;27/09/2017;09:00:00;145059,36;145487,14;144991,30;145399,64;2134025340,00;77357
WINFUT;26/09/2017;17:30:00;145234,36;145234,36;144845,46;144913,52;824524374,20;29393
WINFUT;26/09/2017;17:00:00;145380,20;145438,53;145107,97;145234,36;1426267913,00;50798
WINFUT;26/09/2017;16:30:00;145827,43;145885,77;145312,14;145370,47;2486290122,00;88750
WINFUT;26/09/2017;16:00:00;145846,88;146041,33;145759,37;145817,71;1478166495,00;48923
WINFUT;26/09/2017;15:30:00;145953,82;146051,05;145739,93;145846,88;1681385706,00;56462
WINFUT;26/09/2017;15:00:00;146196,88;146226,05;145885,77;145953,82;2010491549,00;65819
WINFUT;26/09/2017;14:30:00;146148,27;146371,89;146099,66;146196,88;1610431070,00;52781
WINFUT;26/09/2017;14:00:00;146051,05;146381,61;146012,16;146148,27;3068938717,00;100879
WINFUT;26/09/2017;13:30:00;145866,32;146294,11;145759,37;146051,05;3834642106,00;127013
WINFUT;26/09/2017;13:00:00;145895,49;146051,05;145710,76;145876,04;1765037898,00;59457
WINFUT;26/09/2017;12:30:00;145866,32;146264,94;145798,26;145895,49;2712512714,00;89059
WINFUT;26/09/2017;12:00:00;145924,66;145963,55;145623,26;145876,04;3292575130,00;115157
WINFUT;26/09/2017;11:30:00;146371,89;146508,00;145895,49;145914,93;4473953295,00;146640
WINFUT;26/09/2017;11:00:00;145876,04;146469,11;145788,54;146362,17;4218641053,00;138566
WINFUT;26/09/2017;10:30:00;145691,32;146187,16;145506,59;145866,32;5100955829,00;172110
WINFUT;26/09/2017;10:00:00;145788,54;145953,82;145535,76;145691,32;3414572770,00;121301
WINFUT;26/09/2017;09:30:00;145730,21;145924,66;145730,21;145788,54;1751873664,00;60153
WINFUT;26/09/2017;09:00:00;145574,65;145827,43;145312,14;145739,93;2474584260,00;90080
WINFUT;25/09/2017;17:30:00;145282,97;145341,31;145137,13;145146,86;698268289,40;24973
WINFUT;25/09/2017;17:00:00;145302,42;145467,70;145224,64;145282,97;818904782,50;29431
WINFUT;25/09/2017;16:30:00;145360,75;145467,70;145214,91;145292,69;1772621429,00;63909
WINFUT;25/09/2017;16:00:00;145457,98;145555,20;145127,41;145360,75;2321513584,00;84059
WINFUT;25/09/2017;15:30:00;145428,81;145526,03;145341,31;145448,25;1341935149,00;48426
WINFUT;25/09/2017;15:00:00;145526,03;145701,04;145399,64;145428,81;1865373859,00;67298
WINFUT;25/09/2017;14:30:00;145749,65;145973,27;145477,42;145526,03;2458406059,00;86028
WINFUT;25/09/2017;14:00:00;145613,54;145953,82;145526,03;145739,93;2485551214,00;87774
WINFUT;25/09/2017;13:30:00;145341,31;145769,10;145273,25;145613,54;2032833801,00;73313
WINFUT;25/09/2017;13:00:00;145807,99;145837,15;145321,86;145341,31;2209063417,00;79924
WINFUT;25/09/2017;12:30:00;146012,16;146051,05;145681,59;145807,99;2427099683,00;83714
WINFUT;25/09/2017;12:00:00;146099,66;146206,61;145895,49;146012,16;3138940550,00;102577
WINFUT;25/09/2017;11:30:00;146478,84;146644,12;145982,99;146099,66;3239976530,00;105927
WINFUT;25/09/2017;11:00:00;146605,23;146712,18;146371,89;146469,11;3400708518,00;111069
WINFUT;25/09/2017;10:30:00;147169,13;147198,30;146459,39;146605,23;5853611654,00;190967
WINFUT;25/09/2017;10:00:00;146867,74;147363,58;146702,45;147159,41;4015324616,00;130411
WINFUT;25/09/2017;09:30:00;146877,46;147033,02;146751,07;146858,01;1793758094,00;58367
WINFUT;25/09/2017;09:00:00;147023,30;147071,91;146721,90;146867,74;1902785950,00;61512
WINFUT;22/09/2017;17:30:00;147188,58;147276,08;147033,02;147033,02;489410041,10;16178
WINFUT;22/09/2017;17:00:00;147266,36;147276,08;147139,97;147198,30;700679463,70;23155
WINFUT;22/09/2017;16:30:00;147023,30;147383,03;146994,13;147266,36;1885149377,00;61698
WINFUT;22/09/2017;16:00:00;147159,41;147266,36;146945,52;147023,30;1782071677,00;58524
WINFUT;22/09/2017;15:30:00;147363,58;147421,92;147120,52;147169,13;1502219903,00;49201
WINFUT;22/09/2017;15:00:00;147217,74;147451,08;147139,97;147363,58;1667832574,00;54542
WINFUT;22/09/2017;14:30:00;147227,47;147353,86;147110,80;147208,02;1602964208,00;52394
WINFUT;22/09/2017;14:00:00;147421,92;147480,25;147217,74;147237,19;1595205671,00;52248
WINFUT;22/09/2017;13:30:00;147528,86;147684,42;147344,14;147421,92;1650176556,00;54043
WINFUT;22/09/2017;13:00:00;147791,37;147810,82;147499,70;147538,59;1876749157,00;61514
WINFUT;22/09/2017;12:30:00;147762,20;148063,60;147664,98;147801,09;2755874961,00;90343
WINFUT;22/09/2017;12:00:00;147081,63;147859,43;147033,02;147771,93;3792796565,00;124701
WINFUT;22/09/2017;11:30:00;147470,53;147558,03;146906,63;147081,63;3297455813,00;108047
WINFUT;22/09/2017;11:00:00;147003,85;147587,20;147003,85;147470,53;4322049317,00;141412
WINFUT;22/09/2017;10:30:00;147101,08;147159,41;146614,95;146994,13;5626125140,00;183663
WINFUT;22/09/2017;10:00:00;147538,59;147684,42;146809,40;147091,35;5081860885,00;164697
WINFUT;22/09/2017;09:30:00;147558,03;147616,37;147314,97;147538,59;1855145813,00;60056
WINFUT;22/09/2017;09:00:00;147489,97;147703,87;147178,85;147558,03;2689664894,00;87372
WINFUT;21/09/2017;17:30:00;147771,93;147869,15;147742,76;147801,09;400585492,40;13201
WINFUT;21/09/2017;17:00:00;147655,26;147888,60;147606,64;147781,65;1001687348,00;33045
WINFUT;21/09/2017;16:30:00;147801,09;147849,71;147538,59;147655,26;1760760008,00;57977
WINFUT;21/09/2017;16:00:00;147577,48;147908,04;147577,48;147810,82;2023733562,00;66393
WINFUT;21/09/2017;15:30:00;147839,98;147869,15;147227,47;147567,75;2807365199,00;91896
WINFUT;21/09/2017;15:00:00;147801,09;147946,93;147645,53;147839,98;1879510340,00;61548
WINFUT;21/09/2017;14:30:00;147976,10;148014,99;147470,53;147791,37;2616299083,00;85649
WINFUT;21/09/2017;14:00:00;147995,54;148083,05;147723,31;147966,38;2063731832,00;67381
WINFUT;21/09/2017;13:30:00;147655,26;148102,49;147528,86;148005,27;2921720972,00;95287
WINFUT;21/09/2017;13:00:00;147178,85;147694,15;147120,52;147655,26;3008989924,00;98239
WINFUT;21/09/2017;12:30:00;147801,09;147839,98;147120,52;147178,85;3334926239,00;108762
WINFUT;21/09/2017;12:00:00;147917,76;148345,55;147742,76;147801,09;3271088456,00;106614
WINFUT;21/09/2017;11:30:00;147985,82;148121,94;147664,98;147917,76;3815566606,00;124277
WINFUT;21/09/2017;11:00:00;148258,05;148423,33;147917,76;147985,82;4388492724,00;142876
WINFUT;21/09/2017;10:30:00;148608,06;149103,91;148209,44;148267,77;6708022922,00;217853
WINFUT;21/09/2017;10:00:00;148948,35;149113,63;148491,39;148588,61;3913977517,00;126642
WINFUT;21/09/2017;09:30:00;149220,58;149337,24;148851,12;148958,07;3029348791,00;97846
WINFUT;21/09/2017;09:00:00;148189,99;149288,63;148170,55;149220,58;3363607546,00;109010
WINFUT;20/09/2017;17:30:00;148617,78;148831,68;148608,06;148676,12;717441013,80;23581
WINFUT;20/09/2017;17:00:00;148608,06;148744,17;148501,11;148608,06;1248929935,00;40765
WINFUT;20/09/2017;16:30:00;148442,78;148685,84;148413,61;148598,34;2456558788,00;79923
WINFUT;20/09/2017;16:00:00;147869,15;148501,11;147684,42;148442,78;3072672148,00;99841
WINFUT;20/09/2017;15:30:00;147305,25;148102,49;146926,07;147859,43;5629255778,00;182987
WINFUT;20/09/2017;15:00:00;148121,94;148151,10;146712,18;147295,52;7634749974,00;246829
WINFUT;20/09/2017;14:30:00;147577,48;148267,77;147558,03;148121,94;2840713294,00;92436
WINFUT;20/09/2017;14:00:00;147684,42;147878,87;147499,70;147577,48;1318853989,00;42930
WINFUT;20/09/2017;13:30:00;147723,31;147927,49;147519,14;147674,70;2254836838,00;73425
WINFUT;20/09/2017;13:00:00;147626,09;147849,71;147441,36;147723,31;2097818836,00;68241
WINFUT;20/09/2017;12:30:00;147752,48;147946,93;147509,42;147616,37;2113219239,00;68650
WINFUT;20/09/2017;12:00:00;148083,05;148394,16;147655,26;147742,76;3446501384,00;112065
WINFUT;20/09/2017;11:30:00;148549,72;148676,12;147927,49;148073,32;4079142954,00;132315
WINFUT;20/09/2017;11:00:00;149026,13;149035,85;148481,67;148549,72;3829255854,00;124198
WINFUT;20/09/2017;10:30:00;149259,47;149424,75;148831,68;149016,40;5259684987,00;169893
WINFUT;20/09/2017;10:00:00;148987,24;149473,36;148870,57;149249,74;3306906061,00;106508
WINFUT;20/09/2017;09:30:00;149133,07;149278,91;148948,35;148996,96;2028692026,00;65216
WINFUT;20/09/2017;09:00:00;148948,35;149308,08;148753,90;149142,80;2410143683,00;77608
WINFUT;19/09/2017;17:30:00;148569,17;148773,34;148559,45;148763,62;639447304,30;20847
WINFUT;19/09/2017;17:00:00;148491,39;148695,56;148481,67;148569,17;1132707446,00;37089
WINFUT;19/09/2017;16:30:00;148374,72;148549,72;148238,60;148491,39;2101105033,00;68389
WINFUT;19/09/2017;16:00:00;148598,34;148802,51;148083,05;148374,72;3601924899,00;117301
WINFUT;19/09/2017;15:30:00;148365,00;148705,28;148277,49;148598,34;2001819099,00;65153
WINFUT;19/09/2017;15:00:00;148384,44;148598,34;148219,16;148374,72;2510149081,00;81692
WINFUT;19/09/2017;14:30:00;148442,78;148617,78;148326,11;148374,72;2519190984,00;82172
WINFUT;19/09/2017;14:00:00;148131,66;148520,56;148121,94;148442,78;2998470204,00;97787
WINFUT;19/09/2017;13:30:00;147742,76;148151,10;147655,26;148131,66;2122825047,00;69217
WINFUT;19/09/2017;13:00:00;147431,64;147781,65;147363,58;147742,76;1913694569,00;62401
WINFUT;19/09/2017;12:30:00;147412,19;147558,03;147237,19;147421,92;1800933282,00;58693
WINFUT;19/09/2017;12:00:00;147733,04;147781,65;147392,75;147412,19;2315602318,00;75745
WINFUT;19/09/2017;11:30:00;147684,42;147791,37;147489,97;147723,31;2716265590,00;88814
WINFUT;19/09/2017;11:00:00;147976,10;148083,05;147606,64;147694,15;4508701428,00;146856
WINFUT;19/09/2017;10:30:00;148646,95;148880,29;147956,65;147985,82;5690507382,00;184759
WINFUT;19/09/2017;10:00:00;148773,34;148890,01;148365,00;148656,67;4334241303,00;140438
WINFUT;19/09/2017;09:30:00;149026,13;149065,02;148763,62;148773,34;2188821220,00;70782
WINFUT;19/09/2017;09:00:00;148715,01;149269,19;148715,01;149035,85;2560355951,00;83081
WINFUT;18/09/2017;17:30:00;148792,79;148880,29;148598,34;148724,73;827966131,00;27180
WINFUT;18/09/2017;17:00:00;148608,06;148987,24;148549,72;148792,79;1372969295,00;44976
WINFUT;18/09/2017;16:30:00;148744,17;148928,90;148549,72;148608,06;2065520768,00;67317
WINFUT;18/09/2017;16:00:00;148384,44;148812,23;148355,27;148734,45;2300182470,00;75144
WINFUT;18/09/2017;15:30:00;148646,95;148656,67;148131,66;148394,16;3112398188,00;101880
WINFUT;18/09/2017;15:00:00;148977,51;148987,24;148501,11;148646,95;3032498873,00;99121
WINFUT;18/09/2017;14:30:00;148627,50;149065,02;148578,89;148977,51;2215966375,00;72227
WINFUT;18/09/2017;14:00:00;148792,79;148948,35;148569,17;148627,50;1994391127,00;64838
WINFUT;18/09/2017;13:30:00;148501,11;148831,68;148442,78;148792,79;2358439551,00;76638
WINFUT;18/09/2017;13:00:00;148403,89;148588,61;148238,60;148481,67;2035731099,00;66213
WINFUT;18/09/2017;12:30:00;148666,39;148773,34;148374,72;148423,33;2174976413,00;70745
WINFUT;18/09/2017;12:00:00;149065,02;149123,35;148627,50;148656,67;2628918858,00;85424
WINFUT;18/09/2017;11:30:00;149337,24;149444,19;148987,24;149055,29;2950888402,00;95828
WINFUT;18/09/2017;11:00:00;149191,41;149560,86;149103,91;149346,97;4197932177,00;136226
WINFUT;18/09/2017;10:30:00;148258,05;149230,30;147995,54;149181,69;5244634593,00;170409
WINFUT;18/09/2017;10:00:00;148384,44;148403,89;147869,15;148258,05;3779107318,00;122192
WINFUT;18/09/2017;09:30:00;148316,38;148666,39;148277,49;148384,44;2190804605,00;70616
WINFUT;18/09/2017;09:00:00;148355,27;148860,84;148267,77;148306,66;2640605275,00;85577
WINFUT;15/09/2017;17:30:00;148258,05;148491,39;148248,33;148491,39;1038516090,00;34348
WINFUT;15/09/2017;17:00:00;148462,22;148501,11;148160,83;148277,49;1754576512,00;57754
WINFUT;15/09/2017;16:30:00;148277,49;148530,28;148238,60;148462,22;2135736496,00;69853
WINFUT;15/09/2017;16:00:00;148228,88;148394,16;148102,49;148277,49;1872160148,00;61222
WINFUT;15/09/2017;15:30:00;148092,77;148423,33;148063,60;148238,60;2487806829,00;81445
WINFUT;15/09/2017;15:00:00;148296,94;148345,55;147995,54;148102,49;2099724442,00;68495
WINFUT;15/09/2017;14:30:00;148092,77;148326,11;148053,88;148296,94;1590655552,00;51873
WINFUT;15/09/2017;14:00:00;147888,60;148151,10;147869,15;148092,77;2003919154,00;65558
WINFUT;15/09/2017;13:30:00;147480,25;147946,93;147470,53;147878,87;2083837914,00;68195
WINFUT;15/09/2017;13:00:00;147519,14;147723,31;147412,19;147489,97;1619453529,00;52958
WINFUT;15/09/2017;12:30:00;147353,86;147616,37;147276,08;147509,42;1645859776,00;53838
WINFUT;15/09/2017;12:00:00;147363,58;147577,48;147208,02;147344,14;2293843415,00;75009
WINFUT;15/09/2017;11:30:00;147091,35;147509,42;147033,02;147353,86;3206142310,00;104815
WINFUT;15/09/2017;11:00:00;146858,01;147266,36;146819,12;147091,35;3260432621,00;106170
WINFUT;15/09/2017;10:30:00;146342,72;146994,13;146177,44;146867,74;4969896841,00;161439
WINFUT;15/09/2017;10:00:00;146313,55;146469,11;146167,72;146342,72;2239436434,00;72330
WINFUT;15/09/2017;09:30:00;145866,32;146381,61;145866,32;146313,55;2399332289,00;77704
WINFUT;15/09/2017;09:00:00;145837,15;145992,71;145312,14;145866,32;1822517181,00;64166
WINFUT;14/09/2017;17:30:00;146109,38;146167,72;145739,93;145885,77;1174144643,00;39061
WINFUT;14/09/2017;17:00:00;146371,89;146527,45;145963,55;146109,38;1868096152,00;61735
WINFUT;14/09/2017;16:30:00;146245,50;146673,29;146235,77;146371,89;2842366115,00;92920
WINFUT;14/09/2017;16:00:00;146012,16;146313,55;145982,99;146235,77;1693713807,00;55320
WINFUT;14/09/2017;15:30:00;146206,61;146284,39;145934,38;146021,88;2001546870,00;65593
WINFUT;14/09/2017;15:00:00;146313,55;146371,89;146119,11;146196,88;1520517604,00;49538
WINFUT;14/09/2017;14:30:00;146138,55;146410,78;146060,77;146313,55;1901444248,00;62183
WINFUT;14/09/2017;14:00:00;145876,04;146216,33;145798,26;146138,55;2222247095,00;73217
WINFUT;14/09/2017;13:30:00;146041,33;146167,72;145866,32;145876,04;1343840754,00;43814
WINFUT;14/09/2017;13:00:00;146187,16;146274,66;145924,66;146041,33;1655310023,00;54304
WINFUT;14/09/2017;12:30:00;146391,33;146439,95;146051,05;146187,16;2570117318,00;83963
WINFUT;14/09/2017;12:00:00;146517,73;146712,18;146323,28;146381,61;2645135950,00;86322
WINFUT;14/09/2017;11:30:00;146556,62;146789,96;146449,67;146498,28;3626911665,00;118623
WINFUT;14/09/2017;11:00:00;146245,50;146653,84;145982,99;146566,34;3851131427,00;125414
WINFUT;14/09/2017;10:30:00;146206,61;146430,22;145642,70;146245,50;5762784275,00;193713
WINFUT;14/09/2017;10:00:00;146021,88;146352,44;145759,37;146196,88;3578143721,00;116105
WINFUT;14/09/2017;09:30:00;146255,22;146255,22;145807,99;146021,88;3042785254,00;98798
WINFUT;14/09/2017;09:00:00;146226,05;146381,61;146031,60;146255,22;2486095673,00;80697
WINFUT;13/09/2017;17:30:00;146653,84;146906,63;146430,22;146906,63;932910546,40;30676
WINFUT;13/09/2017;17:00:00;146634,40;146858,01;146323,28;146663,56;1948228807,00;64156
WINFUT;13/09/2017;16:30:00;147033,02;147120,52;146469,11;146634,40;3414281095,00;111949
WINFUT;13/09/2017;16:00:00;147101,08;147246,91;146848,29;147033,02;2123894519,00;69549
WINFUT;13/09/2017;15:30:00;146585,78;147188,58;146459,39;147110,80;3234804172,00;105830
WINFUT;13/09/2017;15:00:00;147033,02;147101,08;146585,78;146605,23;2972938980,00;97245
WINFUT;13/09/2017;14:30:00;146614,95;147052,46;146605,23;147023,30;2045161901,00;66891
WINFUT;13/09/2017;14:00:00;146352,44;146751,07;146352,44;146614,95;2307415993,00;75293
WINFUT;13/09/2017;13:30:00;146157,99;146420,50;146128,83;146362,17;1547973879,00;50819
WINFUT;13/09/2017;13:00:00;146012,16;146196,88;145924,66;146157,99;1034082641,00;33941
WINFUT;13/09/2017;12:30:00;145924,66;146216,33;145730,21;146002,44;2024453026,00;67270
WINFUT;13/09/2017;12:00:00;145817,71;146119,11;145632,98;145924,66;3561809960,00;121009
WINFUT;13/09/2017;11:30:00;146177,44;146527,45;145584,37;145807,99;4864971870,00;163944
WINFUT;13/09/2017;11:00:00;146070,49;146323,28;145788,54;146167,72;3988510025,00;130120
WINFUT;13/09/2017;10:30:00;145584,37;146138,55;145292,69;146070,49;5612610897,00;198304
WINFUT;13/09/2017;10:00:00;146012,16;146459,39;145467,70;145594,09;5136695654,00;174785
WINFUT;13/09/2017;09:30:00;145759,37;146187,16;145671,87;146021,88;3583277188,00;119949
WINFUT;13/09/2017;09:00:00;145564,92;146080,22;145438,53;145749,65;2850571886,00;99547
WINFUT;12/09/2017;17:30:00;145895,49;146264,94;145837,15;146264,94;893165060,90;29261
WINFUT;12/09/2017;17:00:00;146099,66;146196,88;145885,77;145885,77;1406181276,00;46221
WINFUT;12/09/2017;16:30:00;146537,17;146537,17;145662,15;146089,94;4159450613,00;138574
WINFUT;12/09/2017;16:00:00;146935,79;146974,68;146430,22;146537,17;2626721578,00;86219
WINFUT;12/09/2017;15:30:00;147256,63;147305,25;146887,18;146935,79;3276358038,00;107562
WINFUT;12/09/2017;15:00:00;147353,86;147645,53;147208,02;147266,36;3004342580,00;98311
WINFUT;12/09/2017;14:30:00;147431,64;147538,59;147276,08;147353,86;1768460209,00;57896
WINFUT;12/09/2017;14:00:00;147431,64;147567,75;147363,58;147441,36;1679596771,00;54885
WINFUT;12/09/2017;13:30:00;147169,13;147460,81;147042,74;147441,36;2245406035,00;73608
WINFUT;12/09/2017;13:00:00;146974,68;147178,85;146838,57;147169,13;2117963808,00;69471
WINFUT;12/09/2017;12:30:00;146819,12;147081,63;146819,12;146974,68;2128483528,00;69704
WINFUT;12/09/2017;12:00:00;146585,78;146896,90;146576,06;146828,85;2635082908,00;86393
WINFUT;12/09/2017;11:30:00;146401,06;146663,56;146128,83;146595,51;4206760186,00;137619
WINFUT;12/09/2017;11:00:00;146537,17;146799,68;146381,61;146401,06;3677682439,00;120722
WINFUT;12/09/2017;10:30:00;145749,65;146653,84;145749,65;146537,17;6222501872,00;204079
WINFUT;12/09/2017;10:00:00;145263,53;145798,26;145253,80;145739,93;3722172493,00;135142
WINFUT;12/09/2017;09:30:00;145273,25;145341,31;145010,74;145273,25;2144292276,00;77900
WINFUT;12/09/2017;09:00:00;145662,15;146109,38;145117,69;145282,97;3304339327,00;117784
WINFUT;11/09/2017;17:30:00;145963,55;146177,44;145817,71;145817,71;903256991,90;29890
WINFUT;11/09/2017;17:00:00;145710,76;145992,71;145652,43;145963,55;1013704329,00;35528
WINFUT;11/09/2017;16:30:00;146187,16;146245,50;145555,20;145720,48;2932687926,00;101613
WINFUT;11/09/2017;16:00:00;145934,38;146226,05;145876,04;146187,16;1732273150,00;56430
WINFUT;11/09/2017;15:30:00;145730,21;146070,49;145652,43;145944,10;2115358184,00;71998
WINFUT;11/09/2017;15:00:00;145953,82;146089,94;145720,48;145730,21;1667599234,00;56055
WINFUT;11/09/2017;14:30:00;146167,72;146187,16;145944,10;145963,55;1825783933,00;59608
WINFUT;11/09/2017;14:00:00;146303,83;146313,55;146128,83;146167,72;1304367498,00;42686
WINFUT;11/09/2017;13:30:00;146109,38;146371,89;146099,66;146303,83;1849759561,00;60608
WINFUT;11/09/2017;13:00:00;145992,71;146138,55;145934,38;146099,66;1367252478,00;44757
WINFUT;11/09/2017;12:30:00;145671,87;146060,77;145584,37;145992,71;2249528365,00;75539
WINFUT;11/09/2017;12:00:00;145652,43;145827,43;145526,03;145681,59;2338819593,00;84179
WINFUT;11/09/2017;11:30:00;145214,91;145691,32;145088,52;145662,15;3082239065,00;111494
WINFUT;11/09/2017;11:00:00;144971,85;145389,92;144962,13;145214,91;2696723412,00;97895
WINFUT;11/09/2017;10:30:00;144845,46;145185,75;144806,57;144962,13;3381224674,00;122819
WINFUT;11/09/2017;10:00:00;144602,40;144855,18;144466,28;144845,46;1996568962,00;72750
WINFUT;11/09/2017;09:30:00;144417,67;144699,62;144417,67;144602,40;1126932295,00;41246
WINFUT;11/09/2017;09:00:00;144174,61;144553,79;144116,27;144407,95;1520225930,00;55953
WINFUT;08/09/2017;17:30:00;143630,15;143737,10;143406,53;143406,53;726949596,20;26014
WINFUT;08/09/2017;17:00:00;143260,70;143688,49;143231,53;143639,87;1289453219,00;46014
WINFUT;08/09/2017;16:30:00;143105,14;143299,59;142998,19;143260,70;1429670780,00;51218
WINFUT;08/09/2017;16:00:00;143289,86;143387,09;143066,25;143105,14;1164908290,00;41971
WINFUT;08/09/2017;15:30:00;143192,64;143309,31;143056,52;143289,86;1407095189,00;50579
WINFUT;08/09/2017;15:00:00;143270,42;143425,98;143163,47;143192,64;1274519494,00;46042
WINFUT;08/09/2017;14:30:00;143377,37;143387,09;143095,41;143260,70;1498233687,00;54058
WINFUT;08/09/2017;14:00:00;143464,87;143523,20;143367,64;143387,09;558595186,60;20240
WINFUT;08/09/2017;13:30:00;143571,82;143630,15;143348,20;143474,59;950547119,50;34413
WINFUT;08/09/2017;13:00:00;143387,09;143591,26;143328,75;143571,82;1179064216,00;42208
WINFUT;08/09/2017;12:30:00;143474,59;143542,65;143260,70;143387,09;1384402928,00;49797
WINFUT;08/09/2017;12:00:00;143639,87;143941,27;143328,75;143484,31;2072482061,00;74930
WINFUT;08/09/2017;11:30:00;143727,38;143746,82;143396,81;143639,87;2708662613,00;97748
WINFUT;08/09/2017;11:00:00;144077,38;144213,50;143620,43;143727,38;2922284875,00;105815
WINFUT;08/09/2017;10:30:00;144057,94;144077,38;143581,54;144077,38;3185783444,00;115532
WINFUT;08/09/2017;10:00:00;144232,94;144534,34;143970,44;144067,66;3231751314,00;117517
WINFUT;08/09/2017;09:30:00;144641,29;144719,07;144174,61;144223,22;1748529132,00;63548
WINFUT;08/09/2017;09:00:00;144582,95;144923,24;144330,17;144651,01;2154014752,00;78206
WINFUT;06/09/2017;17:30:00;143980,16;144631,57;143950,99;144631,57;1246732655,00;44608
WINFUT;06/09/2017;17:00:00;143882,94;144019,05;143795,43;143970,44;1220306963,00;43831
WINFUT;06/09/2017;16:30:00;144232,94;144301,00;143834,32;143882,94;1882524308,00;67345
WINFUT;06/09/2017;16:00:00;144203,78;144339,89;144155,16;144242,67;1223768165,00;43931
WINFUT;06/09/2017;15:30:00;144106,55;144407,95;144096,83;144203,78;2000127388,00;72292
WINFUT;06/09/2017;15:00:00;143999,61;144242,67;143950,99;144116,27;1780088292,00;64316
WINFUT;06/09/2017;14:30:00;144009,33;144126,00;143844,05;143989,88;1381855639,00;49939
WINFUT;06/09/2017;14:00:00;143863,49;144232,94;143853,77;144009,33;2095174322,00;75330
WINFUT;06/09/2017;13:30:00;143737,10;143980,16;143639,87;143863,49;1878051969,00;67471
WINFUT;06/09/2017;13:00:00;143532,93;143766,27;143328,75;143737,10;1636934542,00;59003
WINFUT;06/09/2017;12:30:00;143328,75;143591,26;143192,64;143542,65;1819075424,00;65669
WINFUT;06/09/2017;12:00:00;143464,87;143532,93;143114,86;143328,75;2580695373,00;93052
WINFUT;06/09/2017;11:30:00;143659,32;143766,27;143270,42;143464,87;3417956192,00;123171
WINFUT;06/09/2017;11:00:00;143542,65;143698,21;143231,53;143659,32;3737534007,00;134725
WINFUT;06/09/2017;10:30:00;143221,81;143591,26;142959,30;143542,65;4373539554,00;158485
WINFUT;06/09/2017;10:00:00;142862,08;143270,42;142716,24;143241,25;3016534566,00;109835
WINFUT;06/09/2017;09:30:00;142794,02;142988,47;142648,18;142862,08;1670049298,00;61418
WINFUT;06/09/2017;09:00:00;142307,89;142813,46;142006,50;142784,30;2606207152,00;95090
WINFUT;05/09/2017;17:30:00;141257,87;141646,77;141238,42;141500,93;861489231,30;31040
WINFUT;05/09/2017;17:00:00;141374,54;141481,48;141209,25;141267,59;945199757,20;34146
WINFUT;05/09/2017;16:30:00;141559,26;141627,32;141287,03;141374,54;1542470957,00;55711
WINFUT;05/09/2017;16:00:00;141948,16;141977,33;141423,15;141568,99;1901658143,00;68753
WINFUT;05/09/2017;15:30:00;141714,82;141967,61;141617,60;141938,44;2012202705,00;72874
WINFUT;05/09/2017;15:00:00;141578,71;141841,22;141510,65;141714,82;2190279591,00;79044
WINFUT;05/09/2017;14:30:00;141296,76;141656,49;141082,86;141578,71;2490081888,00;90112
WINFUT;05/09/2017;14:00:00;141345,37;141355,09;141005,08;141296,76;2419457816,00;87159
WINFUT;05/09/2017;13:30:00;141160,64;141413,43;140878,69;141355,09;2896948101,00;104919
WINFUT;05/09/2017;13:00:00;141666,21;141675,93;140985,64;141141,20;3502736190,00;126244
WINFUT;05/09/2017;12:30:00;141850,94;141948,16;141578,71;141666,21;1912916771,00;68892
WINFUT;05/09/2017;12:00:00;142152,33;142181,50;141841,22;141850,94;2169687385,00;78364
WINFUT;05/09/2017;11:30:00;142628,74;142628,74;141918,99;142152,33;3934258604,00;142193
WINFUT;05/09/2017;11:00:00;142803,74;142998,19;142395,40;142628,74;4259106001,00;153898
WINFUT;05/09/2017;10:30:00;143202,36;143474,59;142463,45;142794,02;5636819865,00;203570
WINFUT;05/09/2017;10:00:00;143532,93;143552,37;143105,14;143202,36;2409813119,00;87742
WINFUT;05/09/2017;09:30:00;143270,42;143630,15;143202,36;143532,93;1788663516,00;64968
WINFUT;05/09/2017;09:00:00;143134,30;143562,09;142784,30;143280,14;2646652656,00;95729
WINFUT;04/09/2017;17:30:00;141559,26;141792,60;141559,26;141753,71;526122113,80;18959
WINFUT;04/09/2017;17:00:00;141403,70;141685,66;141393,98;141559,26;792148526,20;28894
WINFUT;04/09/2017;16:30:00;141335,65;141462,04;141316,20;141393,98;447642280,40;16424
WINFUT;04/09/2017;16:00:00;141471,76;141539,82;141306,48;141335,65;521513659,80;19208
WINFUT;04/09/2017;15:30:00;141462,04;141598,15;141413,43;141462,04;547647677,60;20129
WINFUT;04/09/2017;15:00:00;141374,54;141539,82;141287,03;141481,48;949108192,90;35099
WINFUT;04/09/2017;14:30:00;141121,75;141423,15;141102,31;141374,54;726230132,90;26728
WINFUT;04/09/2017;14:00:00;140995,36;141160,64;140995,36;141121,75;392768620,90;14474
WINFUT;04/09/2017;13:30:00;140995,36;141034,25;140927,30;140995,36;316019388,50;11633
WINFUT;04/09/2017;13:00:00;141043,97;141102,31;140946,75;140985,64;389754653,10;14239
WINFUT;04/09/2017;12:30:00;140917,58;141170,36;140907,86;141053,69;826760543,90;30339
WINFUT;04/09/2017;12:00:00;141160,64;141267,59;140917,58;140927,30;1159055359,00;42420
WINFUT;04/09/2017;11:30:00;141102,31;141355,09;141082,86;141160,64;1333009915,00;48720
WINFUT;04/09/2017;11:00:00;140849,52;141257,87;140800,91;141102,31;1917816899,00;70079
WINFUT;04/09/2017;10:30:00;140849,52;141005,08;140606,46;140849,52;2058190020,00;75380
WINFUT;04/09/2017;10:00:00;140684,24;140937,02;140538,40;140849,52;1637109547,00;60559
WINFUT;04/09/2017;09:30:00;140616,18;140752,30;140557,85;140684,24;970069853,00;35723
WINFUT;04/09/2017;09:00:00;140587,02;140937,02;140499,51;140616,18;1582799791,00;58496
WINFUT;01/09/2017;17:30:00;141218,98;141442,59;141199,53;141306,48;657064432,40;23635
WINFUT;01/09/2017;17:00:00;141170,36;141257,87;141043,97;141228,70;902051404,80;32509
WINFUT;01/09/2017;16:30:00;141413,43;141413,43;141141,20;141180,09;1576052392,00;57156
WINFUT;01/09/2017;16:00:00;141491,21;141598,15;141393,98;141423,15;808987856,10;29332
WINFUT;01/09/2017;15:30:00;141539,82;141675,93;141481,48;141491,21;929313230,00;33607
WINFUT;01/09/2017;15:00:00;141637,04;141743,99;141491,21;141539,82;1018351673,00;37155
WINFUT;01/09/2017;14:30:00;141510,65;141705,10;141442,59;141637,04;1092514727,00;39709
WINFUT;01/09/2017;14:00:00;141695,38;141714,82;141423,15;141510,65;1491641848,00;54091
WINFUT;01/09/2017;13:30:00;141773,16;141812,05;141617,60;141695,38;1002348476,00;36313
WINFUT;01/09/2017;13:00:00;141500,93;141782,88;141442,59;141763,44;998362260,80;36286
WINFUT;01/09/2017;12:30:00;141384,26;141617,60;141306,48;141510,65;1527731682,00;55392
WINFUT;01/09/2017;12:00:00;141160,64;141481,48;141092,58;141384,26;2020700150,00;73007
WINFUT;01/09/2017;11:30:00;140703,69;141180,09;140655,07;141160,64;2709420967,00;98873
WINFUT;01/09/2017;11:00:00;140470,35;140771,74;140266,17;140703,69;2568678391,00;94258
WINFUT;01/09/2017;10:30:00;140587,02;140810,63;140402,29;140450,90;3001445282,00;110300
WINFUT;01/09/2017;10:00:00;140130,06;140849,52;140032,83;140587,02;2801103924,00;103345
WINFUT;01/09/2017;09:30:00;139789,77;140237,01;139682,83;140130,06;2564594951,00;94773
WINFUT;01/09/2017;09:00:00;139323,09;139906,44;139293,93;139789,77;1447482358,00;53778
WINFUT;31/08/2017;17:30:00;138749,47;138807,80;138555,02;138681,41;458881463,70;16720
WINFUT;31/08/2017;17:00:00;138973,08;139050,86;138584,19;138759,19;1211556734,00;44167
WINFUT;31/08/2017;16:30:00;138661,97;139177,26;138642,52;138963,36;1666510317,00;60978
WINFUT;31/08/2017;16:00:00;139255,04;139293,93;138603,63;138661,97;2043236851,00;74909
WINFUT;31/08/2017;15:30:00;139391,15;139488,38;139041,14;139245,31;2023578003,00;74175
WINFUT;31/08/2017;15:00:00;139041,14;139410,60;138963,36;139391,15;2129553001,00;77927
WINFUT;31/08/2017;14:30:00;138992,53;139070,31;138934,19;139031,42;1035638237,00;37772
WINFUT;31/08/2017;14:00:00;138992,53;139070,31;138885,58;138992,53;922099152,10;33769
WINFUT;31/08/2017;13:30:00;139118,92;139177,26;138807,80;138992,53;1619122965,00;59575
WINFUT;31/08/2017;13:00:00;138807,80;139128,64;138768,91;139128,64;1645315317,00;60329
WINFUT;31/08/2017;12:30:00;138341,12;138827,25;138331,40;138798,08;1837062006,00;67467
WINFUT;31/08/2017;12:00:00;138866,14;138885,58;138292,51;138331,40;2585789951,00;94785
WINFUT;31/08/2017;11:30:00;139400,87;139410,60;138681,41;138866,14;3251274048,00;119204
WINFUT;31/08/2017;11:00:00;139225,87;139459,21;139186,98;139391,15;1954528972,00;71723
WINFUT;31/08/2017;10:30:00;139653,66;139682,83;139148,09;139235,59;2879933766,00;106292
WINFUT;31/08/2017;10:00:00;139818,94;139925,89;139575,88;139653,66;1910175032,00;71080
WINFUT;31/08/2017;09:30:00;139770,33;139877,27;139692,55;139818,94;710013041,50;26317
WINFUT;31/08/2017;09:00:00;139585,60;139818,94;139410,60;139770,33;1215037380,00;44947
WINFUT;30/08/2017;17:30:00;139216,15;139225,87;138836,97;138836,97;571351076,30;21102
WINFUT;30/08/2017;17:00:00;139196,70;139225,87;139099,48;139225,87;569912149,70;20931
WINFUT;30/08/2017;16:30:00;139109,20;139245,31;139070,31;139196,70;1245410398,00;46071
WINFUT;30/08/2017;16:00:00;139138,37;139148,09;138953,64;139109,20;1544298782,00;57084
WINFUT;30/08/2017;15:30:00;139323,09;139381,43;139080,03;139138,37;1451779692,00;53713
WINFUT;30/08/2017;15:00:00;139274,48;139381,43;139225,87;139313,37;1097939869,00;40603
WINFUT;30/08/2017;14:30:00;139264,76;139352,26;139225,87;139264,76;1023018462,00;37879
WINFUT;30/08/2017;14:00:00;139041,14;139303,65;138982,81;139264,76;1196778569,00;44421
WINFUT;30/08/2017;13:30:00;139080,03;139157,81;138914,75;139050,86;1004798540,00;37317
WINFUT;30/08/2017;13:00:00;139148,09;139235,59;139002,25;139080,03;759169884,60;28267
WINFUT;30/08/2017;12:30:00;139021,70;139196,70;138973,08;139157,81;1455279784,00;54073
WINFUT;30/08/2017;12:00:00;139274,48;139274,48;138895,30;139021,70;1743298439,00;64840
WINFUT;30/08/2017;11:30:00;139313,37;139391,15;139031,42;139284,20;2391748757,00;88919
WINFUT;30/08/2017;11:00:00;139789,77;139789,77;139089,75;139313,37;3010545521,00;112056
WINFUT;30/08/2017;10:30:00;139809,22;139925,89;139575,88;139789,77;3311067281,00;123534
WINFUT;30/08/2017;10:00:00;140159,23;140275,90;139780,05;139809,22;2488370732,00;92655
WINFUT;30/08/2017;09:30:00;140275,90;140353,68;140100,89;140159,23;1254043958,00;46627
WINFUT;30/08/2017;09:00:00;140421,73;140548,13;140227,28;140275,90;1267830430,00;47560
WINFUT;29/08/2017;17:30:00;140256,45;140499,51;140237,01;140412,01;593012754,70;21707
WINFUT;29/08/2017;17:00:00;140100,89;140353,68;140091,17;140256,45;984264669,30;36368
WINFUT;29/08/2017;16:30:00;140023,11;140110,61;139955,05;140100,89;988620338,90;36479
WINFUT;29/08/2017;16:00:00;140003,67;140052,28;139916,16;140032,83;803271039,70;29725
WINFUT;29/08/2017;15:30:00;139945,33;140120,34;139887,00;140013,39;1144393863,00;42446
WINFUT;29/08/2017;15:00:00;140052,28;140149,50;139887,00;139955,05;1320526255,00;49183
WINFUT;29/08/2017;14:30:00;139780,05;140081,45;139741,16;140052,28;1437176532,00;53280
WINFUT;29/08/2017;14:00:00;139663,38;139906,44;139663,38;139780,05;1571463383,00;58293
WINFUT;29/08/2017;13:30:00;139507,82;139692,55;139459,21;139673,10;780851008,00;29135
WINFUT;29/08/2017;13:00:00;139546,71;139643,94;139478,65;139507,82;739724930,80;27642
WINFUT;29/08/2017;12:30:00;139459,21;139702,27;139381,43;139546,71;1263844214,00;47143
WINFUT;29/08/2017;12:00:00;139245,31;139556,43;139157,81;139468,93;1492225196,00;55825
WINFUT;29/08/2017;11:30:00;139070,31;139361,98;139070,31;139255,04;1696688885,00;63441
WINFUT;29/08/2017;11:00:00;138934,19;139138,37;138778,63;139070,31;2035244975,00;76046
WINFUT;29/08/2017;10:30:00;138613,35;138973,08;138486,96;138924,47;2891445179,00;107861
WINFUT;29/08/2017;10:00:00;138875,86;139041,14;138603,63;138613,35;2185360018,00;80993
WINFUT;29/08/2017;09:30:00;138905,03;138992,53;138778,63;138875,86;1299136805,00;48066
WINFUT;29/08/2017;09:00:00;138739,75;139099,48;138671,69;138905,03;1354924378,00;50579
WINFUT;28/08/2017;17:30:00;139692,55;139789,77;139585,60;139682,83;521922003,80;19258
WINFUT;28/08/2017;17:00:00;139536,99;139692,55;139498,10;139682,83;649247561,00;24074
WINFUT;28/08/2017;16:30:00;139546,71;139595,32;139361,98;139536,99;913932271,50;33910
WINFUT;28/08/2017;16:00:00;139391,15;139595,32;139332,82;139546,71;998440040,60;37045
WINFUT;28/08/2017;15:30:00;139566,16;139643,94;139313,37;139391,15;1367699712,00;50709
WINFUT;28/08/2017;15:00:00;139595,32;139711,99;139517,54;139566,16;974133848,40;36178
WINFUT;28/08/2017;14:30:00;139682,83;139702,27;139430,04;139595,32;1298611792,00;48171
WINFUT;28/08/2017;14:00:00;139711,99;139857,83;139605,05;139682,83;968222582,40;35909
WINFUT;28/08/2017;13:30:00;139741,16;139780,05;139585,60;139702,27;1067683521,00;39444
WINFUT;28/08/2017;13:00:00;139984,22;140003,67;139682,83;139741,16;1214648481,00;45011
WINFUT;28/08/2017;12:30:00;140256,45;140295,34;139906,44;139974,50;1371666483,00;50617
WINFUT;28/08/2017;12:00:00;140110,61;140353,68;140013,39;140256,45;1983793627,00;73139
WINFUT;28/08/2017;11:30:00;139974,50;140266,17;139848,11;140120,34;2220205375,00;82268
WINFUT;28/08/2017;11:00:00;140023,11;140130,06;139614,77;139964,78;3004712034,00;111461
WINFUT;28/08/2017;10:30:00;140013,39;140062,00;139692,55;140023,11;2590378960,00;96472
WINFUT;28/08/2017;10:00:00;140100,89;140188,39;139955,05;140023,11;1511320141,00;56148
WINFUT;28/08/2017;09:30:00;140120,34;140227,28;140042,56;140100,89;499015848,30;18746
WINFUT;28/08/2017;09:00:00;139527,27;140256,45;139527,27;140120,34;1487869527,00;55511
WINFUT;25/08/2017;17:30:00;139702,27;139741,16;139595,32;139741,16;439047610,90;16125
WINFUT;25/08/2017;17:00:00;139624,49;139770,33;139556,43;139692,55;655333831,50;24168
WINFUT;25/08/2017;16:30:00;139750,88;139799,50;139459,21;139624,49;1056035994,00;39155
WINFUT;25/08/2017;16:00:00;139536,99;139838,38;139507,82;139741,16;1272244434,00;47209
WINFUT;25/08/2017;15:30:00;139527,27;139828,66;139498,10;139536,99;1487694522,00;55271
WINFUT;25/08/2017;15:00:00;139361,98;139556,43;139303,65;139517,54;895576235,20;33383
WINFUT;25/08/2017;14:30:00;139566,16;139566,16;139303,65;139361,98;1241501963,00;46186
WINFUT;25/08/2017;14:00:00;139361,98;139605,05;139352,26;139556,43;884453721,70;32837
WINFUT;25/08/2017;13:30:00;139293,93;139517,54;139206,42;139371,71;1148360634,00;42697
WINFUT;25/08/2017;13:00:00;139391,15;139439,76;139225,87;139284,20;1115148653,00;41351
WINFUT;25/08/2017;12:30:00;139517,54;139692,55;139342,54;139391,15;1214726261,00;45288
WINFUT;25/08/2017;12:00:00;139624,49;139731,44;139459,21;139507,82;1905819363,00;70826
WINFUT;25/08/2017;11:30:00;140275,90;140392,57;139605,05;139624,49;2749302567,00;102124
WINFUT;25/08/2017;11:00:00;139925,89;140324,51;139877,27;140266,17;3219792668,00;119112
WINFUT;25/08/2017;10:30:00;140071,72;140217,56;139682,83;139925,89;3367515982,00;124683
WINFUT;25/08/2017;10:00:00;140295,34;140548,13;139974,50;140071,72;2588142790,00;95879
WINFUT;25/08/2017;09:30:00;140470,35;140470,35;140207,84;140295,34;1086311787,00;40077
WINFUT;25/08/2017;09:00:00;140528,68;140616,18;140275,90;140460,62;1322859649,00;48805
WINFUT;24/08/2017;17:30:00;139916,16;140373,12;139867,55;140237,01;888187152,80;32646
WINFUT;24/08/2017;17:00:00;139896,72;140062,00;139838,38;139916,16;902343079,10;33563
WINFUT;24/08/2017;16:30:00;140023,11;140071,72;139828,66;139896,72;1310842668,00;48407
WINFUT;24/08/2017;16:00:00;139984,22;140130,06;139896,72;140023,11;1264369228,00;46760
WINFUT;24/08/2017;15:30:00;139955,05;140023,11;139770,33;139984,22;1342012929,00;49697
WINFUT;24/08/2017;15:00:00;139993,94;140023,11;139838,38;139964,78;1341740699,00;49695
WINFUT;24/08/2017;14:30:00;139780,05;140159,23;139750,88;139993,94;2230491756,00;82353
WINFUT;24/08/2017;14:00:00;139634,21;139838,38;139634,21;139780,05;1325309713,00;49087
WINFUT;24/08/2017;13:30:00;139517,54;139673,10;139410,60;139634,21;909284927,60;33784
WINFUT;24/08/2017;13:00:00;139391,15;139643,94;139342,54;139517,54;1549704480,00;57352
WINFUT;24/08/2017;12:30:00;139303,65;139439,76;139070,31;139381,43;1675027207,00;62381
WINFUT;24/08/2017;12:00:00;139449,49;139507,82;139255,04;139303,65;1702172362,00;62975
WINFUT;24/08/2017;11:30:00;139468,93;139556,43;139206,42;139439,76;2087882465,00;77321
WINFUT;24/08/2017;11:00:00;138934,19;139527,27;138905,03;139468,93;3276280259,00;121559
WINFUT;24/08/2017;10:30:00;139031,42;139070,31;138652,24;138934,19;3645306591,00;135461
WINFUT;24/08/2017;10:00:00;139050,86;139089,75;138817,52;139021,70;1864946070,00;69307
WINFUT;24/08/2017;09:30:00;138982,81;139138,37;138905,03;139041,14;1157869216,00;43095
WINFUT;24/08/2017;09:00:00;138418,90;139089,75;138418,90;138992,53;2009169292,00;74632
WINFUT;23/08/2017;17:30:00;138652,24;138661,97;138263,34;138263,34;675187129,30;25000
WINFUT;23/08/2017;17:00:00;138671,69;138749,47;138545,30;138652,24;772159113,70;28624
WINFUT;23/08/2017;16:30:00;138749,47;138836,97;138584,19;138671,69;1096987066,00;40585
WINFUT;23/08/2017;16:00:00;138759,19;138866,14;138691,13;138759,19;1000812325,00;37135
WINFUT;23/08/2017;15:30:00;138341,12;138914,75;138282,79;138768,91;2571342350,00;95470
WINFUT;23/08/2017;15:00:00;138438,35;138496,68;138273,07;138350,85;1146980042,00;42799
WINFUT;23/08/2017;14:30:00;138593,91;138661,97;138350,85;138438,35;1123918327,00;42026
WINFUT;23/08/2017;14:00:00;138438,35;138613,35;138350,85;138593,91;910159950,50;33980
WINFUT;23/08/2017;13:30:00;138496,68;138535,57;138350,85;138438,35;660020065,40;24661
WINFUT;23/08/2017;13:00:00;138243,90;138535,57;138166,12;138506,41;1178830877,00;44014
WINFUT;23/08/2017;12:30:00;138496,68;138535,57;138214,73;138243,90;1101167731,00;40986
WINFUT;23/08/2017;12:00:00;138516,13;138603,63;138205,01;138496,68;1921900339,00;71526
WINFUT;23/08/2017;11:30:00;138457,79;138700,86;138350,85;138516,13;2724957485,00;100981
WINFUT;23/08/2017;11:00:00;137981,39;138496,68;137845,28;138448,07;3235931980,00;120418
WINFUT;23/08/2017;10:30:00;137786,94;138088,34;137592,49;137981,39;3993526823,00;149579
WINFUT;23/08/2017;10:00:00;138175,84;138175,84;137689,72;137786,94;2486679021,00;92804
WINFUT;23/08/2017;09:30:00;138166,12;138263,34;138000,84;138175,84;1216573532,00;45155
WINFUT;23/08/2017;09:00:00;138175,84;138564,74;138039,73;138166,12;1664624156,00;61883
WINFUT;22/08/2017;17:30:00;138331,40;139031,42;138253,62;139031,42;1156469180,00;42741
WINFUT;22/08/2017;17:00:00;137611,94;138457,79;137456,38;138331,40;3049979887,00;113425
WINFUT;22/08/2017;16:30:00;137680,00;138059,17;137504,99;137602,22;3217167599,00;119669
WINFUT;22/08/2017;16:00:00;137874,44;137923,06;137611,94;137670,27;1389030827,00;51830
WINFUT;22/08/2017;15:30:00;137913,33;138078,62;137874,44;137884,17;1185558831,00;43938
WINFUT;22/08/2017;15:00:00;137942,50;138078,62;137855,00;137913,33;1396264349,00;51927
WINFUT;22/08/2017;14:30:00;137893,89;138117,51;137855,00;137942,50;1457904853,00;54342
WINFUT;22/08/2017;14:00:00;138020,28;138039,73;137767,50;137893,89;1316248365,00;49220
WINFUT;22/08/2017;13:30:00;137971,67;138059,17;137893,89;138020,28;932910546,40;34830
WINFUT;22/08/2017;13:00:00;138185,56;138273,07;137932,78;137971,67;1063172292,00;39642
WINFUT;22/08/2017;12:30:00;138059,17;138205,01;137893,89;138185,56;1223476490,00;45717
WINFUT;22/08/2017;12:00:00;138253,62;138331,40;137923,06;138059,17;2008099819,00;74689
WINFUT;22/08/2017;11:30:00;137913,33;138370,29;137777,22;138253,62;2716635044,00;101022
WINFUT;22/08/2017;11:00:00;137961,95;138000,84;137767,50;137913,33;1902513721,00;70954
WINFUT;22/08/2017;10:30:00;137213,32;138000,84;137096,65;137952,22;4063470322,00;152051
WINFUT;22/08/2017;10:00:00;137086,92;137436,93;137028,59;137223,04;2135367042,00;80196
WINFUT;22/08/2017;09:30:00;136863,31;137213,32;136863,31;137077,20;1453490848,00;54561
WINFUT;22/08/2017;09:00:00;136892,47;137077,20;136736,91;136873,03;1993554994,00;74728
WINFUT;21/08/2017;17:30:00;135113,26;135268,82;135084,09;135268,82;469051174,50;17554
WINFUT;21/08/2017;17:00:00;135113,26;135249,38;135025,76;135122,98;842763740,80;31634
WINFUT;21/08/2017;16:30:00;135093,82;135268,82;135016,04;135113,26;1307945370,00;49211
WINFUT;21/08/2017;16:00:00;135045,20;135103,54;134792,42;135093,82;1609789387,00;60773
WINFUT;21/08/2017;15:30:00;135054,93;135171,60;134938,26;135045,20;1125104469,00;42454
WINFUT;21/08/2017;15:00:00;135171,60;135307,71;134879,92;135054,93;1985368669,00;74967
WINFUT;21/08/2017;14:30:00;135531,33;135589,66;135084,09;135181,32;1608214345,00;60614
WINFUT;21/08/2017;14:00:00;135706,33;135764,67;135443,83;135531,33;1014346013,00;38298
WINFUT;21/08/2017;13:30:00;135774,39;135793,83;135589,66;135706,33;807393369,90;30467
WINFUT;21/08/2017;13:00:00;135754,94;135852,17;135589,66;135784,11;1204478771,00;45253
WINFUT;21/08/2017;12:30:00;135861,89;135920,23;135628,55;135754,94;1503056036,00;56558
WINFUT;21/08/2017;12:00:00;135745,22;136007,73;135550,77;135852,17;1846551144,00;69511
WINFUT;21/08/2017;11:30:00;135492,44;135891,06;135443,83;135735,50;2147034014,00;80917
WINFUT;21/08/2017;11:00:00;135657,72;135716,05;135356,32;135502,16;2359936813,00;88937
WINFUT;21/08/2017;10:30:00;135638,27;135959,12;135366,05;135657,72;3628020027,00;136689
WINFUT;21/08/2017;10:00:00;135754,94;135861,89;135482,72;135638,27;1917252996,00;72337
WINFUT;21/08/2017;09:30:00;135696,61;135823,00;135618,83;135735,50;873817331,90;32963
WINFUT;21/08/2017;09:00:00;135823,00;135881,34;135541,05;135696,61;1065739026,00;40105
WINFUT;18/08/2017;17:30:00;135366,05;135424,38;135307,71;135424,38;502729834,40;18798
WINFUT;18/08/2017;17:00:00;135307,71;135385,49;135229,93;135366,05;685376285,10;25741
WINFUT;18/08/2017;16:30:00;135278,54;135366,05;135210,49;135307,71;898104079,20;33774
WINFUT;18/08/2017;16:00:00;135220,21;135482,72;135161,87;135278,54;1344132428,00;50619
WINFUT;18/08/2017;15:30:00;135278,54;135404,94;135210,49;135220,21;937771784,90;35218
WINFUT;18/08/2017;15:00:00;135278,54;135414,66;135229,93;135288,27;997895581,90;37452
WINFUT;18/08/2017;14:30:00;135414,66;135443,83;135229,93;135278,54;1307400911,00;49222
WINFUT;18/08/2017;14:00:00;135210,49;135434,10;135142,43;135414,66;1517114737,00;57287
WINFUT;18/08/2017;13:30:00;135297,99;135521,61;135161,87;135220,21;1697855582,00;64234
WINFUT;18/08/2017;13:00:00;135346,60;135414,66;135181,32;135288,27;1488880664,00;56254
WINFUT;18/08/2017;12:30:00;134899,37;135375,77;134782,70;135346,60;2402210142,00;90643
WINFUT;18/08/2017;12:00:00;134549,36;134996,59;134393,80;134889,64;2519249319,00;95272
WINFUT;18/08/2017;11:30:00;134179,90;134675,75;133897,95;134559,08;3305136570,00;125177
WINFUT;18/08/2017;11:00:00;133849,34;134325,74;133742,39;134170,18;3156927132,00;119547
WINFUT;18/08/2017;10:30:00;134549,36;134578,52;133839,62;133859,06;4107007573,00;155324
WINFUT;18/08/2017;10:00:00;134617,41;134792,42;134510,47;134549,36;1867707253,00;70388
WINFUT;18/08/2017;09:30:00;134568,80;134695,19;134500,75;134617,41;1301995214,00;48948
WINFUT;18/08/2017;09:00:00;133956,29;134636,86;133956,29;134568,80;1571288378,00;59147
WINFUT;17/08/2017;17:30:00;134034,07;134131,29;133897,95;133956,29;540880833,70;20350
WINFUT;17/08/2017;17:00:00;133664,61;134072,96;133654,89;134034,07;1153396877,00;43684
WINFUT;17/08/2017;16:30:00;133693,78;133888,23;133606,28;133664,61;1588866616,00;60370
WINFUT;17/08/2017;16:00:00;133849,34;133946,56;133674,33;133703,50;1237068513,00;46938
WINFUT;17/08/2017;15:30:00;133966,01;133966,01;133645,17;133859,06;1675824450,00;63600
WINFUT;17/08/2017;15:00:00;134141,01;134170,18;133820,17;133966,01;1394125405,00;52836
WINFUT;17/08/2017;14:30:00;134024,34;134247,96;133956,29;134141,01;1446257326,00;54836
WINFUT;17/08/2017;14:00:00;134131,29;134170,18;133868,78;134024,34;1909358344,00;72263
WINFUT;17/08/2017;13:30:00;134403,52;134452,13;133946,56;134141,01;1672596587,00;63247
WINFUT;17/08/2017;13:00:00;134549,36;134666,03;134286,85;134403,52;1300225723,00;49208
WINFUT;17/08/2017;12:30:00;134559,08;134802,14;134422,97;134559,08;1774332585,00;67134
WINFUT;17/08/2017;12:00:00;134656,30;135006,31;134529,91;134568,80;2188801775,00;82719
WINFUT;17/08/2017;11:30:00;134384,08;134802,14;134286,85;134656,30;2984819847,00;112884
WINFUT;17/08/2017;11:00:00;134393,80;134539,64;133966,01;134393,80;3567565666,00;134798
WINFUT;17/08/2017;10:30:00;134306,30;134772,97;134306,30;134403,52;2914954128,00;110322
WINFUT;17/08/2017;10:00:00;134743,81;134850,75;134247,96;134306,30;2630999468,00;99127
WINFUT;17/08/2017;09:30:00;134617,41;134782,70;134413,24;134753,53;1574457906,00;59422
WINFUT;17/08/2017;09:00:00;134792,42;134802,14;134500,75;134617,41;1544415452,00;58117
WINFUT;16/08/2017;17:30:00;135200,76;135375,77;135171,60;135181,32;343456218,20;12883
WINFUT;16/08/2017;17:00:00;135054,93;135492,44;134977,15;135200,76;1109315167,00;41720
WINFUT;16/08/2017;16:30:00;135288,27;135395,21;135006,31;135064,65;1461210495,00;54928
WINFUT;16/08/2017;16:00:00;135764,67;135832,72;135171,60;135288,27;1709911454,00;64171
WINFUT;16/08/2017;15:30:00;135657,72;135793,83;135424,38;135764,67;1374330442,00;51600
WINFUT;16/08/2017;15:00:00;135570,22;135852,17;135414,66;135657,72;2919932036,00;109423
WINFUT;16/08/2017;14:30:00;135492,44;135599,39;135375,77;135560,50;1386541873,00;51962
WINFUT;16/08/2017;14:00:00;135239,65;135648,00;135200,76;135492,44;2727232544,00;102247
WINFUT;16/08/2017;13:30:00;134646,58;135327,16;134597,97;135229,93;1881610395,00;70781
WINFUT;16/08/2017;13:00:00;134559,08;134782,70;134529,91;134646,58;979247871,20;36996
WINFUT;16/08/2017;12:30:00;134714,64;134928,53;134481,30;134559,08;1681832940,00;63507
WINFUT;16/08/2017;12:00:00;134928,53;134986,87;134529,91;134714,64;2168559578,00;81657
WINFUT;16/08/2017;11:30:00;135307,71;135434,10;134879,92;134938,26;2613090666,00;98294
WINFUT;16/08/2017;11:00:00;135122,98;135327,16;134802,14;135307,71;2477676008,00;93540
WINFUT;16/08/2017;10:30:00;135463,27;135677,16;135074,37;135122,98;3700219140,00;139510
WINFUT;16/08/2017;10:00:00;135511,88;135725,78;135336,88;135463,27;1893860716,00;71260
WINFUT;16/08/2017;09:30:00;135268,82;135570,22;135239,65;135511,88;1635378946,00;61261
WINFUT;16/08/2017;09:00:00;135550,77;135774,39;135142,43;135268,82;1706761371,00;64134
WINFUT;15/08/2017;17:30:00;134318,93;134957,70;134299,28;134957,70;636550656,10;24086
WINFUT;15/08/2017;17:00:00;134309,10;134623,57;134289,45;134328,76;801825441,30;30405
WINFUT;15/08/2017;16:30:00;134898,74;134908,57;134299,28;134309,10;1741409352,00;65960
WINFUT;15/08/2017;16:00:00;134820,12;134997,01;134761,16;134908,57;948389131,70;35927
WINFUT;15/08/2017;15:30:00;134761,16;134888,91;134692,37;134820,12;1144305300,00;43323
WINFUT;15/08/2017;15:00:00;134879,08;134987,18;134653,06;134761,16;1718610119,00;65064
WINFUT;15/08/2017;14:30:00;135154,25;135203,38;134761,16;134879,08;1684214724,00;63773
WINFUT;15/08/2017;14:00:00;135340,96;135350,79;135026,49;135154,25;1666702555,00;62670
WINFUT;15/08/2017;13:30:00;135272,17;135449,06;135193,56;135340,96;1205214630,00;45112
WINFUT;15/08/2017;13:00:00;135164,07;135380,27;135085,46;135282,00;1068871286,00;40088
WINFUT;15/08/2017;12:30:00;135046,15;135370,45;134997,01;135164,07;2074042300,00;78103
WINFUT;15/08/2017;12:00:00;134721,85;135055,97;134692,37;135046,15;1772109699,00;67091
WINFUT;15/08/2017;11:30:00;135065,80;135085,46;134712,02;134721,85;1705795378,00;64942
WINFUT;15/08/2017;11:00:00;135026,49;135203,38;134702,19;135065,80;2642902820,00;100122
WINFUT;15/08/2017;10:30:00;134712,02;135213,21;134466,34;135036,32;5100719107,00;192814
WINFUT;15/08/2017;10:00:00;134849,60;134898,74;134535,13;134712,02;2121448982,00;80425
WINFUT;15/08/2017;09:30:00;134731,67;134869,26;134525,30;134849,60;1479080590,00;56072
WINFUT;15/08/2017;09:00:00;134436,86;134908,57;134279,62;134731,67;1883531123,00;71390
WINFUT;14/08/2017;17:30:00;134171,52;134436,86;134132,21;134436,86;562315567,10;21218
WINFUT;14/08/2017;17:00:00;134043,77;134358,24;134024,11;134161,69;1296470526,00;49087
WINFUT;14/08/2017;16:30:00;134623,57;134643,23;133965,15;134033,94;2801318181,00;106308
WINFUT;14/08/2017;16:00:00;134427,03;134662,88;134289,45;134623,57;1288510449,00;49080
WINFUT;14/08/2017;15:30:00;134476,17;134820,12;134338,58;134436,86;1725587470,00;65650
WINFUT;14/08/2017;15:00:00;134485,99;134633,40;134269,79;134476,17;1495649343,00;56934
WINFUT;14/08/2017;14:30:00;134574,44;134682,54;134318,93;134476,17;1691034840,00;64288
WINFUT;14/08/2017;14:00:00;134525,30;134721,85;134446,68;134584,27;1114273207,00;42327
WINFUT;14/08/2017;13:30:00;134662,88;134800,47;134495,82;134535,13;1159871673,00;43957
WINFUT;14/08/2017;13:00:00;134692,37;134947,87;134515,48;134653,06;1715052652,00;65218
WINFUT;14/08/2017;12:30:00;134938,05;135085,46;134564,61;134682,54;2167519156,00;82457
WINFUT;14/08/2017;12:00:00;134289,45;134957,70;134151,87;134938,05;2807194879,00;106724
WINFUT;14/08/2017;11:30:00;133395,17;134476,17;133365,69;134289,45;3898098872,00;148243
WINFUT;14/08/2017;11:00:00;133385,34;133591,71;133306,72;133385,34;2052481302,00;78232
WINFUT;14/08/2017;10:30:00;132992,25;133493,44;132884,15;133395,17;3145095237,00;120065
WINFUT;14/08/2017;10:00:00;132628,64;133061,04;132097,97;132992,25;2993441028,00;115060
WINFUT;14/08/2017;09:30:00;132943,11;133031,56;132422,27;132638,47;1821462176,00;69933
WINFUT;14/08/2017;09:00:00;132392,79;133090,52;132196,24;132933,29;2207280232,00;84341
WINFUT;11/08/2017;17:30:00;131203,69;132235,55;130417,51;131351,10;1435683429,00;55299
WINFUT;11/08/2017;17:00:00;132579,51;132628,64;131125,07;131203,69;1390733562,00;53531
WINFUT;11/08/2017;16:30:00;132550,02;132736,74;132363,31;132569,68;1601803359,00;61743
WINFUT;11/08/2017;16:00:00;132589,33;132756,40;132294,52;132540,20;1921975347,00;74081
WINFUT;11/08/2017;15:30:00;133041,39;133120,00;132569,68;132589,33;1725430234,00;66356
WINFUT;11/08/2017;15:00:00;132766,22;133129,83;132717,09;133041,39;1474284889,00;56695
WINFUT;11/08/2017;14:30:00;132923,46;133011,90;132677,78;132766,22;1474363508,00;56647
WINFUT;11/08/2017;14:00:00;132510,71;132952,94;132491,06;132913,63;1922938418,00;73789
WINFUT;11/08/2017;13:30:00;132432,10;132540,20;132156,93;132500,89;1197824534,00;46294
WINFUT;11/08/2017;13:00:00;132245,38;132569,68;132206,07;132432,10;1178445186,00;45472
WINFUT;11/08/2017;12:30:00;132392,79;132451,75;132137,28;132255,21;1476564813,00;57010
WINFUT;11/08/2017;12:00:00;132461,58;132500,89;132186,42;132392,79;1702591692,00;65602
WINFUT;11/08/2017;11:30:00;132078,32;132648,30;131930,91;132461,58;2589933912,00;99798
WINFUT;11/08/2017;11:00:00;131911,25;132314,17;131842,46;132068,49;3722190997,00;143302
WINFUT;11/08/2017;10:30:00;131606,61;131930,91;131174,21;131921,08;4182067251,00;161195
WINFUT;11/08/2017;10:00:00;131695,05;132196,24;131577,13;131586,95;3229059309,00;124485
WINFUT;11/08/2017;09:30:00;131282,31;131871,94;131282,31;131685,23;2920011774,00;112437
WINFUT;11/08/2017;09:00:00;131085,76;131439,54;130948,18;131292,14;1622047505,00;62462
WINFUT;10/08/2017;17:30:00;131793,33;131793,33;131459,20;131606,61;636255838,40;24597
WINFUT;10/08/2017;17:00:00;131606,61;131842,46;131606,61;131793,33;792312657,80;30596
WINFUT;10/08/2017;16:30:00;131567,30;131655,74;131331,44;131606,61;1972192623,00;76484
WINFUT;10/08/2017;16:00:00;131921,08;132039,01;131400,24;131567,30;2339673020,00;90672
WINFUT;10/08/2017;15:30:00;131783,50;131960,39;131744,19;131911,25;1422672143,00;55021
WINFUT;10/08/2017;15:00:00;131469,03;131832,63;131400,24;131773,67;1608053493,00;62274
WINFUT;10/08/2017;14:30:00;131508,33;131577,13;131370,75;131469,03;1015293088,00;39273
WINFUT;10/08/2017;14:00:00;131321,62;131547,64;131262,65;131527,99;1301541390,00;50542
WINFUT;10/08/2017;13:30:00;131557,47;131567,30;131125,07;131331,44;1999944793,00;77406
WINFUT;10/08/2017;13:00:00;131793,33;131793,33;131508,33;131557,47;1637594224,00;63135
WINFUT;10/08/2017;12:30:00;131783,50;131960,39;131695,05;131793,33;1391716288,00;53926
WINFUT;10/08/2017;12:00:00;131901,43;132166,76;131616,43;131783,50;2029485523,00;78716
WINFUT;10/08/2017;11:30:00;131832,63;132117,62;131685,23;131901,43;2147333973,00;83299
WINFUT;10/08/2017;11:00:00;132265,03;132265,03;131734,36;131832,63;3543452871,00;137218
WINFUT;10/08/2017;10:30:00;132491,06;132500,89;132097,97;132265,03;3253136085,00;126134
WINFUT;10/08/2017;10:00:00;132795,71;132933,29;132441,92;132491,06;2432520931,00;93584
WINFUT;10/08/2017;09:30:00;132726,91;132815,36;132579,51;132785,88;883136154,40;34004
WINFUT;10/08/2017;09:00:00;132677,78;132992,25;132471,41;132717,09;1618706238,00;62234
WINFUT;09/08/2017;17:30:00;133326,38;133513,09;133277,24;133463,96;705164554,90;26654
WINFUT;09/08/2017;17:00:00;133070,87;133405,00;133041,39;133316,55;1299379394,00;49365
WINFUT;09/08/2017;16:30:00;132825,19;133120,00;132776,05;133070,87;1330571103,00;50675
WINFUT;09/08/2017;16:00:00;132795,71;132884,15;132687,61;132835,01;953125868,90;36327
WINFUT;09/08/2017;15:30:00;132982,42;132992,25;132677,78;132795,71;1104799732,00;42048
WINFUT;09/08/2017;15:00:00;132982,42;133129,83;132687,61;132982,42;2156434012,00;82292
WINFUT;09/08/2017;14:30:00;132923,46;133031,56;132795,71;132982,42;881838956,60;33789
WINFUT;09/08/2017;14:00:00;132648,30;132982,42;132648,30;132923,46;824113657,00;31637
WINFUT;09/08/2017;13:30:00;132717,09;132766,22;132599,16;132658,12;645395186,20;24771
WINFUT;09/08/2017;13:00:00;132697,43;132766,22;132550,02;132707,26;912028285,90;35067
WINFUT;09/08/2017;12:30:00;132815,36;132943,11;132363,31;132697,43;1873153541,00;72224
WINFUT;09/08/2017;12:00:00;133070,87;133169,14;132726,91;132815,36;1763559986,00;67622
WINFUT;09/08/2017;11:30:00;133120,00;133287,07;132874,32;133070,87;2629498443,00;100822
WINFUT;09/08/2017;11:00:00;132864,50;133228,10;132746,57;133120,00;2280512941,00;87215
WINFUT;09/08/2017;10:30:00;132776,05;133100,35;132540,20;132874,32;4728855754,00;181830
WINFUT;09/08/2017;10:00:00;132726,91;133051,21;132658,12;132776,05;2570456291,00;98849
WINFUT;09/08/2017;09:30:00;132707,26;132884,15;132569,68;132726,91;1414712066,00;54314
WINFUT;09/08/2017;09:00:00;132687,61;132952,94;132530,37;132707,26;1972723295,00;75932
WINFUT;08/08/2017;17:30:00;133483,61;133572,06;133277,24;133572,06;599325011,80;22827
WINFUT;08/08/2017;17:00:00;133621,19;133788,26;133483,61;133493,44;898643563,70;34128
WINFUT;08/08/2017;16:30:00;133965,15;133974,98;133542,58;133631,02;2376859355,00;90433
WINFUT;08/08/2017;16:00:00;134181,35;134210,83;133886,53;133955,32;1146251097,00;43554
WINFUT;08/08/2017;15:30:00;134240,31;134299,28;134102,73;134171,52;1192399889,00;45362
WINFUT;08/08/2017;15:00:00;134407,38;134407,38;134171,52;134240,31;1136089714,00;43236
WINFUT;08/08/2017;14:30:00;134476,17;134495,82;134259,97;134387,72;1453804889,00;55134
WINFUT;08/08/2017;14:00:00;134672,71;134731,67;134436,86;134476,17;990135313,60;37639
WINFUT;08/08/2017;13:30:00;134849,60;134859,43;134584,27;134682,54;1054955892,00;40230
WINFUT;08/08/2017;13:00:00;134702,19;134928,22;134662,88;134869,26;1226225303,00;46602
WINFUT;08/08/2017;12:30:00;134377,89;134790,64;134377,89;134702,19;1690916913,00;64197
WINFUT;08/08/2017;12:00:00;134259,97;134535,13;134201,00;134368,07;2236172364,00;84834
WINFUT;08/08/2017;11:30:00;133719,47;134279,62;133522,92;134269,79;2993735846,00;113997
WINFUT;08/08/2017;11:00:00;133807,91;133994,63;133581,89;133709,64;2808963785,00;107254
WINFUT;08/08/2017;10:30:00;133621,19;133965,15;133522,92;133798,09;3801595222,00;145005
WINFUT;08/08/2017;10:00:00;133572,06;133778,43;133267,41;133621,19;2686319635,00;102416
WINFUT;08/08/2017;09:30:00;133699,81;133709,64;133513,09;133562,23;989172242,60;37829
WINFUT;08/08/2017;09:00:00;133454,13;133866,88;133424,65;133709,64;1934062871,00;73590
WINFUT;07/08/2017;17:30:00;133925,84;134122,38;133916,01;134092,90;825116037,10;31284
WINFUT;07/08/2017;17:00:00;133837,39;133965,15;133827,57;133935,67;632678717,40;24032
WINFUT;07/08/2017;16:30:00;133974,98;134033,94;133817,74;133837,39;1035438962,00;39458
WINFUT;07/08/2017;16:00:00;133817,74;134092,90;133768,60;133984,80;1756327126,00;66879
WINFUT;07/08/2017;15:30:00;133689,99;133916,01;133689,99;133817,74;1617644895,00;61657
WINFUT;07/08/2017;15:00:00;133513,09;133709,64;133424,65;133689,99;1328782543,00;50721
WINFUT;07/08/2017;14:30:00;133532,75;133562,23;133463,96;133513,09;731953653,80;28112
WINFUT;07/08/2017;14:00:00;133424,65;133601,54;133336,20;133542,58;1467464774,00;56262
WINFUT;07/08/2017;13:30:00;133267,41;133424,65;133247,76;133414,82;920990743,00;35526
WINFUT;07/08/2017;13:00:00;133051,21;133326,38;133002,08;133277,24;1521750534,00;58867
WINFUT;07/08/2017;12:30:00;132677,78;133080,70;132677,78;133051,21;1593902245,00;61432
WINFUT;07/08/2017;12:00:00;132451,75;132726,91;132382,96;132667,95;1525249037,00;58983
WINFUT;07/08/2017;11:30:00;132599,16;132648,30;132392,79;132451,75;1495275907,00;57886
WINFUT;07/08/2017;11:00:00;132520,54;132667,95;132373,13;132589,33;1780364593,00;68780
WINFUT;07/08/2017;10:30:00;132019,35;132520,54;131940,73;132510,71;2829502750,00;109651
WINFUT;07/08/2017;10:00:00;132117,62;132265,03;131960,39;132009,52;1624799137,00;62774
WINFUT;07/08/2017;09:30:00;132225,72;132265,03;132068,49;132117,62;1015273434,00;39311
WINFUT;07/08/2017;09:00:00;131773,67;132294,52;131636,09;132225,72;1338432908,00;51690
WINFUT;04/08/2017;17:30:00;131812,98;131871,94;131488,68;131488,68;530376986,30;20364
WINFUT;04/08/2017;17:00:00;131822,81;131891,60;131773,67;131812,98;515125085,60;19787
WINFUT;04/08/2017;16:30:00;131871,94;131940,73;131724,53;131822,81;1040156045,00;39955
WINFUT;04/08/2017;16:00:00;131793,33;131881,77;131724,53;131871,94;679456454,20;26103
WINFUT;04/08/2017;15:30:00;131803,15;131930,91;131734,36;131793,33;693863210,90;26733
WINFUT;04/08/2017;15:00:00;131960,39;131960,39;131744,19;131812,98;673225974,10;26010
WINFUT;04/08/2017;14:30:00;131832,63;131980,04;131655,74;131960,39;1138880655,00;43886
WINFUT;04/08/2017;14:00:00;131822,81;131852,29;131714,71;131832,63;612749043,00;23628
WINFUT;04/08/2017;13:30:00;131950,56;132009,52;131734,36;131822,81;994852396,30;38292
WINFUT;04/08/2017;13:00:00;131881,77;132048,83;131812,98;131940,73;1036854087,00;39882
WINFUT;04/08/2017;12:30:00;131763,84;132009,52;131586,95;131881,77;1450345695,00;55766
WINFUT;04/08/2017;12:00:00;131586,95;131921,08;131508,33;131763,84;1889054041,00;72657
WINFUT;04/08/2017;11:30:00;131351,10;131645,92;131252,83;131586,95;2715388657,00;104344
WINFUT;04/08/2017;11:00:00;131469,03;131547,64;131016,97;131360,93;3906432385,00;149979
WINFUT;04/08/2017;10:30:00;131901,43;132196,24;131449,37;131469,03;3778619098,00;145344
WINFUT;04/08/2017;10:00:00;132058,66;132166,76;131803,15;131901,43;1751767279,00;67447
WINFUT;04/08/2017;09:30:00;131940,73;132255,21;131812,98;132058,66;1908335116,00;73273
WINFUT;04/08/2017;09:00:00;131488,68;132117,62;131459,20;131940,73;1431772182,00;54948
WINFUT;03/08/2017;17:30:00;131547,64;131626,26;131311,79;131311,79;456161551,80;17514
WINFUT;03/08/2017;17:00:00;131616,43;131626,26;131527,99;131547,64;448673183,00;17201
WINFUT;03/08/2017;16:30:00;131606,61;131724,53;131449,37;131626,26;1645456028,00;63023
WINFUT;03/08/2017;16:00:00;131577,13;131685,23;131508,33;131596,78;717881023,70;27592
WINFUT;03/08/2017;15:30:00;131655,74;131675,40;131419,89;131586,95;1013013165,00;38941
WINFUT;03/08/2017;15:00:00;131577,13;131773,67;131557,47;131665,57;888718035,60;34226
WINFUT;03/08/2017;14:30:00;131527,99;131695,05;131478,85;131577,13;899292162,60;34643
WINFUT;03/08/2017;14:00:00;131508,33;131596,78;131410,06;131537,82;767469355,60;29511
WINFUT;03/08/2017;13:30:00;131714,71;131803,15;131439,54;131518,16;1387903312,00;53397
WINFUT;03/08/2017;13:00:00;131724,53;131852,29;131606,61;131714,71;995815467,40;38266
WINFUT;03/08/2017;12:30:00;131940,73;132029,18;131724,53;131724,53;1064055930,00;40892
WINFUT;03/08/2017;12:00:00;131871,94;132048,83;131812,98;131930,91;1091238120,00;41955
WINFUT;03/08/2017;11:30:00;131655,74;131940,73;131636,09;131871,94;1556932109,00;59840
WINFUT;03/08/2017;11:00:00;131881,77;132088,14;131567,30;131645,92;3070015004,00;118010
WINFUT;03/08/2017;10:30:00;132284,69;132363,31;131744,19;131891,60;3303962651,00;126669
WINFUT;03/08/2017;10:00:00;132137,28;132520,54;132029,18;132284,69;2152011747,00;82577
WINFUT;03/08/2017;09:30:00;132176,59;132225,72;131970,22;132137,28;1103738389,00;42367
WINFUT;03/08/2017;09:00:00;132491,06;132530,37;131842,46;132176,59;2149810441,00;82385
WINFUT;02/08/2017;17:30:00;132363,31;132628,64;132333,82;132520,54;600641864,00;22920
WINFUT;02/08/2017;17:00:00;132461,58;132550,02;132343,65;132363,31;761003021,40;29155
WINFUT;02/08/2017;16:30:00;132412,44;132658,12;132392,79;132451,75;1609075528,00;61544
WINFUT;02/08/2017;16:00:00;132461,58;132530,37;132324,00;132422,27;978991205,80;37555
WINFUT;02/08/2017;15:30:00;132530,37;132677,78;132382,96;132451,75;1516836906,00;58129
WINFUT;02/08/2017;15:00:00;132608,99;132726,91;132491,06;132530,37;959159803,90;36708
WINFUT;02/08/2017;14:30:00;132677,78;132717,09;132412,44;132599,16;1398477440,00;53771
WINFUT;02/08/2017;14:00:00;132343,65;132756,40;132333,82;132667,95;1788619488,00;68680
WINFUT;02/08/2017;13:30:00;132382,96;132441,92;132225,72;132343,65;925629207,70;35590
WINFUT;02/08/2017;13:00:00;132491,06;132667,95;132324,00;132373,13;1621654415,00;62297
WINFUT;02/08/2017;12:30:00;132186,42;132599,16;132088,14;132491,06;2311527760,00;88912
WINFUT;02/08/2017;12:00:00;131252,83;132196,24;131252,83;132186,42;3141734316,00;121022
WINFUT;02/08/2017;11:30:00;131685,23;131754,02;131243,00;131252,83;2780051999,00;107253
WINFUT;02/08/2017;11:00:00;131360,93;131832,63;131360,93;131675,40;3019463601,00;116383
WINFUT;02/08/2017;10:30:00;130840,08;131419,89;130692,67;131351,10;3275267065,00;126556
WINFUT;02/08/2017;10:00:00;130840,08;131007,14;130771,29;130840,08;1227836973,00;47491
WINFUT;02/08/2017;09:30:00;130820,43;130977,66;130741,81;130830,25;871992046,50;33757
WINFUT;02/08/2017;09:00:00;130958,01;130997,32;130741,81;130810,60;1210953748,00;46716
WINFUT;01/08/2017;17:30:00;131164,38;131459,20;131075,94;131459,20;764717724,00;29254
WINFUT;01/08/2017;17:00:00;131282,31;131311,79;131075,94;131164,38;876905674,30;33766
WINFUT;01/08/2017;16:30:00;131213,52;131400,24;131174,21;131272,48;1074354894,00;41343
WINFUT;01/08/2017;16:00:00;131301,96;131311,79;131066,11;131223,34;1376189224,00;53137
WINFUT;01/08/2017;15:30:00;131370,75;131400,24;131262,65;131292,14;643331462,50;24819
WINFUT;01/08/2017;15:00:00;131351,10;131429,72;131223,34;131370,75;1154230828,00;44587
WINFUT;01/08/2017;14:30:00;131243,00;131370,75;131164,38;131351,10;889111125,80;34368
WINFUT;01/08/2017;14:00:00;131243,00;131331,44;131174,21;131252,83;914897844,50;35298
WINFUT;01/08/2017;13:30:00;131085,76;131262,65;131066,11;131243,00;789462753,70;30470
WINFUT;01/08/2017;13:00:00;130908,87;131154,55;130908,87;131095,59;1405946154,00;54206
WINFUT;01/08/2017;12:30:00;130781,12;130967,84;130771,29;130908,87;1262448567,00;48664
WINFUT;01/08/2017;12:00:00;130751,64;130869,56;130604,23;130781,12;1770792846,00;68192
WINFUT;01/08/2017;11:30:00;130604,23;130781,12;130358,55;130741,81;1955289743,00;75518
WINFUT;01/08/2017;11:00:00;130338,89;130663,19;130329,06;130623,88;1975062182,00;76105
WINFUT;01/08/2017;10:30:00;130142,35;130466,65;130083,38;130338,89;2557386041,00;98776
WINFUT;01/08/2017;10:00:00;130388,03;130515,78;130122,69;130142,35;1753634458,00;67789
WINFUT;01/08/2017;09:30:00;130338,89;130466,65;130299,58;130388,03;844829511,90;32617
WINFUT;01/08/2017;09:00:00;130309,41;130378,20;130083,38;130338,89;1312626534,00;50677
WINFUT;31/07/2017;17:30:00;129965,46;129975,28;129631,33;129631,33;670336761,00;25838
WINFUT;31/07/2017;17:00:00;130171,83;130201,31;129955,63;129965,46;775036342,40;29950
WINFUT;31/07/2017;16:30:00;129945,80;130201,31;129935,97;130171,83;1235384305,00;47884
WINFUT;31/07/2017;16:00:00;129955,63;129985,11;129906,49;129955,63;419898978,50;16175
WINFUT;31/07/2017;15:30:00;129985,11;130034,25;129847,53;129955,63;920401107,70;35511
WINFUT;31/07/2017;15:00:00;129759,08;130004,76;129739,43;129985,11;1094068369,00;42275
WINFUT;31/07/2017;14:30:00;129749,26;129788,57;129641,16;129759,08;570708043,40;22038
WINFUT;31/07/2017;14:00:00;129788,57;129788,57;129592,02;129759,08;765385977,40;29697
WINFUT;31/07/2017;13:30:00;129749,26;129827,87;129700,12;129778,74;579434646,40;22538
WINFUT;31/07/2017;13:00:00;129670,64;129759,08;129562,54;129759,08;590460827,20;22965
WINFUT;31/07/2017;12:30:00;129572,37;129768,91;129542,88;129670,64;794808780,80;31025
WINFUT;31/07/2017;12:00:00;129660,81;129719,77;129533,06;129582,19;775095306,00;30177
WINFUT;31/07/2017;11:30:00;129690,29;129778,74;129533,06;129650,98;1215140159,00;46999
WINFUT;31/07/2017;11:00:00;129847,53;129916,32;129582,19;129690,29;1808431235,00;70044
WINFUT;31/07/2017;10:30:00;130270,10;130270,10;129798,39;129837,70;2206631633,00;85575
WINFUT;31/07/2017;10:00:00;130073,56;130289,76;130034,25;130270,10;1479473680,00;57194
WINFUT;31/07/2017;09:30:00;130152,17;130211,14;130034,25;130083,38;606931307,60;23524
WINFUT;31/07/2017;09:00:00;130112,86;130211,14;129837,70;130162,00;1298966649,00;50080
WINFUT;28/07/2017;17:30:00;129307,03;129474,09;129297,20;129464,27;572948657,70;22175
WINFUT;28/07/2017;17:00:00;129198,93;129346,34;129179,28;129316,86;613279714,80;23750
WINFUT;28/07/2017;16:30:00;129061,35;129257,89;129022,04;129198,93;1005623069,00;38996
WINFUT;28/07/2017;16:00:00;129081,00;129130,14;128953,25;129061,35;770614077,40;29859
WINFUT;28/07/2017;15:30:00;128766,53;129159,62;128727,22;129071,18;1834886208,00;71399
WINFUT;28/07/2017;15:00:00;128481,54;128815,67;128452,06;128776,36;870341067,50;34030
WINFUT;28/07/2017;14:30:00;128560,16;128609,29;128442,23;128481,54;490222819,80;19147
WINFUT;28/07/2017;14:00:00;128658,43;128717,39;128481,54;128550,33;644884168,90;25174
WINFUT;28/07/2017;13:30:00;128648,60;128687,91;128599,47;128658,43;284656286,50;11133
WINFUT;28/07/2017;13:00:00;128737,05;128815,67;128589,64;128658,43;639479178,30;24949
WINFUT;28/07/2017;12:30:00;128815,67;128864,80;128638,78;128737,05;1021464605,00;39747
WINFUT;28/07/2017;12:00:00;128835,32;128874,63;128658,43;128805,84;1215887030,00;47419
WINFUT;28/07/2017;11:30:00;128628,95;128933,59;128569,99;128825,49;2115808137,00;82433
WINFUT;28/07/2017;11:00:00;128668,26;128776,36;128491,37;128628,95;1621477524,00;63369
WINFUT;28/07/2017;10:30:00;128550,33;128786,19;128117,93;128658,43;3149399575,00;123193
WINFUT;28/07/2017;10:00:00;128412,75;128609,29;128265,34;128530,68;1725587470,00;67282
WINFUT;28/07/2017;09:30:00;128284,99;128530,68;128186,72;128402,92;1337882581,00;52373
WINFUT;28/07/2017;09:00:00;128324,30;128511,02;128206,38;128284,99;1147430367,00;44756
WINFUT;27/07/2017;17:30:00;128864,80;128913,94;128825,49;128825,49;302876018,50;11771
WINFUT;27/07/2017;17:00:00;128884,46;128923,77;128737,05;128864,80;631931846,00;24502
WINFUT;27/07/2017;16:30:00;128658,43;128904,11;128579,81;128884,46;1089606795,00;42413
WINFUT;27/07/2017;16:00:00;128648,60;128786,19;128520,85;128658,43;1051909443,00;40995
WINFUT;27/07/2017;15:30:00;128687,91;128756,70;128491,37;128648,60;1380021853,00;53825
WINFUT;27/07/2017;15:00:00;129041,69;129120,31;128579,81;128697,74;1667508390,00;65134
WINFUT;27/07/2017;14:30:00;129022,04;129090,83;128530,68;129041,69;3052502834,00;118885
WINFUT;27/07/2017;14:00:00;129297,20;129415,13;128884,46;129022,04;1890999837,00;73406
WINFUT;27/07/2017;13:30:00;129483,92;129523,23;129238,24;129307,03;992513509,50;38552
WINFUT;27/07/2017;13:00:00;129523,23;129611,67;129385,65;129483,92;777807628,50;30187
WINFUT;27/07/2017;12:30:00;129533,06;129621,50;129434,78;129533,06;625445857,30;24331
WINFUT;27/07/2017;12:00:00;129582,19;129641,16;129356,17;129523,23;1278250794,00;49675
WINFUT;27/07/2017;11:30:00;129277,55;129611,67;129179,28;129592,02;1751256262,00;68175
WINFUT;27/07/2017;11:00:00;128982,73;129395,47;128904,11;129277,55;1745438527,00;67992
WINFUT;27/07/2017;10:30:00;129356,17;129385,65;128835,32;128982,73;2856783211,00;111387
WINFUT;27/07/2017;10:00:00;129189,10;129415,13;128992,56;129365,99;1837107167,00;71540
WINFUT;27/07/2017;09:30:00;129090,83;129277,55;129022,04;129198,93;1043556275,00;40522
WINFUT;27/07/2017;09:00:00;128609,29;129208,76;128520,85;129100,66;1818474691,00;70490
WINFUT;26/07/2017;17:30:00;128137,59;128206,38;128058,97;128058,97;418523162,70;16232
WINFUT;26/07/2017;17:00:00;128471,71;128491,37;128117,93;128137,59;761120948,50;29611
WINFUT;26/07/2017;16:30:00;128393,09;128530,68;128284,99;128471,71;1141101615,00;44255
WINFUT;26/07/2017;16:00:00;128471,71;128569,99;128343,96;128393,09;1291497935,00;50069
WINFUT;26/07/2017;15:30:00;128884,46;128953,25;128432,40;128481,54;1689148007,00;65575
WINFUT;26/07/2017;15:00:00;128324,30;128913,94;128304,65;128894,28;2871111350,00;111859
WINFUT;26/07/2017;14:30:00;128520,85;128550,33;128284,99;128343,96;1134399426,00;44444
WINFUT;26/07/2017;14:00:00;128599,47;128668,26;128461,89;128511,02;988857770,40;38827
WINFUT;26/07/2017;13:30:00;128854,98;128913,94;128579,81;128599,47;986066829,80;38603
WINFUT;26/07/2017;13:00:00;129081,00;129130,14;128805,84;128864,80;1054739692,00;41195
WINFUT;26/07/2017;12:30:00;128796,01;129100,66;128727,22;129090,83;1320861775,00;51331
WINFUT;26/07/2017;12:00:00;128756,70;128953,25;128638,78;128786,19;1631068926,00;63524
WINFUT;26/07/2017;11:30:00;128972,90;129169,45;128619,12;128746,88;2864232271,00;111729
WINFUT;26/07/2017;11:00:00;129395,47;129483,92;128894,28;128963,08;2264651751,00;88294
WINFUT;26/07/2017;10:30:00;129405,30;129552,71;129208,76;129405,30;2708686469,00;105415
WINFUT;26/07/2017;10:00:00;129935,97;130073,56;129395,47;129405,30;2367602081,00;92179
WINFUT;26/07/2017;09:30:00;130014,59;130044,07;129847,53;129935,97;940311127,60;36726
WINFUT;26/07/2017;09:00:00;129719,77;130162,00;129552,71;130014,59;1809669470,00;70249
WINFUT;25/07/2017;17:30:00;129680,47;129768,91;129621,50;129621,50;401404083,40;15569
WINFUT;25/07/2017;17:00:00;129719,77;129798,39;129641,16;129690,29;532086928,80;20632
WINFUT;25/07/2017;16:30:00;129660,81;129818,05;129601,85;129719,77;1096525183,00;42685
WINFUT;25/07/2017;16:00:00;129474,09;129660,81;129464,27;129650,98;861339301,40;33531
WINFUT;25/07/2017;15:30:00;129513,40;129562,54;129356,17;129474,09;813716420,60;31581
WINFUT;25/07/2017;15:00:00;129454,44;129601,85;129405,30;129523,23;795300143,50;30865
WINFUT;25/07/2017;14:30:00;129631,33;129641,16;129307,03;129464,27;1024000037,00;39904
WINFUT;25/07/2017;14:00:00;129523,23;129729,60;129493,75;129631,33;803712274,40;31276
WINFUT;25/07/2017;13:30:00;129444,61;129611,67;129395,47;129513,40;568958791,90;22117
WINFUT;25/07/2017;13:00:00;129592,02;129631,33;129336,51;129434,78;1314985076,00;51197
WINFUT;25/07/2017;12:30:00;129434,78;129660,81;129385,65;129592,02;958412932,50;37262
WINFUT;25/07/2017;12:00:00;129071,18;129483,92;129031,87;129434,78;1504769036,00;58602
WINFUT;25/07/2017;11:30:00;129444,61;129464,27;129061,35;129061,35;2463201623,00;95723
WINFUT;25/07/2017;11:00:00;129808,22;129847,53;129405,30;129444,61;2178388101,00;84613
WINFUT;25/07/2017;10:30:00;129424,96;129857,36;129365,99;129798,39;2753872190,00;107150
WINFUT;25/07/2017;10:00:00;129375,82;129611,67;129326,68;129434,78;1521298480,00;59203
WINFUT;25/07/2017;09:30:00;129395,47;129493,75;129248,07;129375,82;875058150,20;33964
WINFUT;25/07/2017;09:00:00;129631,33;129660,81;129277,55;129405,30;1342737246,00;51974
WINFUT;24/07/2017;17:30:00;128796,01;128874,63;128776,36;128805,84;408577980,00;15906
WINFUT;24/07/2017;17:00:00;128756,70;128815,67;128668,26;128796,01;589399483,60;22905
WINFUT;24/07/2017;16:30:00;128560,16;128776,36;128481,54;128746,88;1013052474,00;39501
WINFUT;24/07/2017;16:00:00;128373,44;128589,64;128284,99;128569,99;942610705,40;36915
WINFUT;24/07/2017;15:30:00;128412,75;128511,02;128284,99;128363,61;814148819,80;31810
WINFUT;24/07/2017;15:00:00;128275,17;128471,71;128265,34;128412,75;755322867,60;29550
WINFUT;24/07/2017;14:30:00;128265,34;128304,65;128176,90;128284,99;336386960,20;13137
WINFUT;24/07/2017;14:00:00;128245,69;128334,13;128147,41;128265,34;557362630,30;21866
WINFUT;24/07/2017;13:30:00;128117,93;128353,79;128078,62;128235,86;864228514,50;33900
WINFUT;24/07/2017;13:00:00;127990,18;128127,76;127950,87;128117,93;854676422,10;33324
WINFUT;24/07/2017;12:30:00;128078,62;128196,55;127921,39;127990,18;1428332642,00;55867
WINFUT;24/07/2017;12:00:00;128530,68;128599,47;128009,83;128078,62;2082749249,00;81484
WINFUT;24/07/2017;11:30:00;128599,47;128707,57;128481,54;128530,68;1378940855,00;53785
WINFUT;24/07/2017;11:00:00;128452,06;128737,05;128442,23;128599,47;1751118681,00;68471
WINFUT;24/07/2017;10:30:00;128353,79;128550,33;128068,80;128452,06;2677140978,00;104691
WINFUT;24/07/2017;10:00:00;128363,61;128471,71;128226,03;128353,79;1742844131,00;68237
WINFUT;24/07/2017;09:30:00;128147,41;128412,75;128108,10;128373,44;1004994124,00;39464
WINFUT;24/07/2017;09:00:00;127862,42;128235,86;127803,46;128157,24;963719650,50;37591
WINFUT;21/07/2017;17:30:00;127921,39;127950,87;127842,77;127862,42;347668649,60;13582
WINFUT;21/07/2017;17:00:00;127941,04;127980,35;127842,77;127921,39;511783818,60;19937
WINFUT;21/07/2017;16:30:00;127842,77;127970,52;127783,80;127941,04;711296762,40;27802
WINFUT;21/07/2017;16:00:00;127921,39;127980,35;127823,11;127842,77;415692913,10;16255
WINFUT;21/07/2017;15:30:00;127941,04;128039,31;127891,90;127931,21;502683779,90;19620
WINFUT;21/07/2017;15:00:00;127960,70;128000,00;127872,25;127941,04;532283473,90;20781
WINFUT;21/07/2017;14:30:00;128049,14;128068,80;127882,08;127960,70;539811151,70;21144
WINFUT;21/07/2017;14:00:00;128029,49;128137,59;128009,83;128049,14;438492146,20;17096
WINFUT;21/07/2017;13:30:00;128029,49;128127,76;127990,18;128019,66;347491759,00;13637
WINFUT;21/07/2017;13:00:00;128000,00;128196,55;127872,25;128029,49;1096250020,00;42905
WINFUT;21/07/2017;12:30:00;128127,76;128147,41;127950,87;128000,00;651723938,80;25459
WINFUT;21/07/2017;12:00:00;128029,49;128186,72;127921,39;128127,76;1146506605,00;44829
WINFUT;21/07/2017;11:30:00;128117,93;128314,48;127970,52;128019,66;1382203504,00;54099
WINFUT;21/07/2017;11:00:00;128137,59;128353,79;128000,00;128108,10;2164512016,00;84790
WINFUT;21/07/2017;10:30:00;128717,39;128786,19;128029,49;128127,76;3212805028,00;125935
WINFUT;21/07/2017;10:00:00;128530,68;128904,11;128108,10;128717,39;3392938624,00;133190
WINFUT;21/07/2017;09:30:00;128678,09;128697,74;128471,71;128540,50;829341757,00;32560
WINFUT;21/07/2017;09:00:00;128343,96;128805,84;128147,41;128678,09;1690229005,00;66129
WINFUT;20/07/2017;17:30:00;128501,19;128520,85;128363,61;128452,06;358989648,10;13967
WINFUT;20/07/2017;17:00:00;128402,92;128530,68;128383,27;128501,19;555338215,60;21713
WINFUT;20/07/2017;16:30:00;128511,02;128609,29;128304,65;128412,75;1130271979,00;44129
WINFUT;20/07/2017;16:00:00;128569,99;128609,29;128432,40;128511,02;787929701,80;30882
WINFUT;20/07/2017;15:30:00;128796,01;128835,32;128540,50;128560,16;853968859,60;33396
WINFUT;20/07/2017;15:00:00;128599,47;128815,67;128579,81;128786,19;896697767,10;35109
WINFUT;20/07/2017;14:30:00;128835,32;128874,63;128530,68;128599,47;1009730861,00;39568
WINFUT;20/07/2017;14:00:00;128717,39;128854,98;128619,12;128835,32;751568856,00;29395
WINFUT;20/07/2017;13:30:00;128746,88;128796,01;128638,78;128707,57;638044399,00;24956
WINFUT;20/07/2017;13:00:00;128481,54;128786,19;128422,58;128737,05;973507597,10;38120
WINFUT;20/07/2017;12:30:00;128569,99;128609,29;128353,79;128491,37;1123176700,00;43866
WINFUT;20/07/2017;12:00:00;128668,26;128756,70;128452,06;128560,16;1408167114,00;55049
WINFUT;20/07/2017;11:30:00;128727,22;128815,67;128373,44;128668,26;2785398026,00;108915
WINFUT;20/07/2017;11:00:00;129012,21;129022,04;128501,19;128727,22;2768416529,00;108579
WINFUT;20/07/2017;10:30:00;129474,09;129621,50;128982,73;129012,21;3294253323,00;128624
WINFUT;20/07/2017;10:00:00;129385,65;129582,19;129365,99;129483,92;1595356679,00;62277
WINFUT;20/07/2017;09:30:00;129316,86;129434,78;129149,79;129375,82;1634351229,00;63862
WINFUT;20/07/2017;09:00:00;129041,69;129405,30;128825,49;129316,86;1445589303,00;56442
WINFUT;19/07/2017;17:30:00;129041,69;129208,76;129012,21;129031,87;501445545,70;19442
WINFUT;19/07/2017;17:00:00;128923,77;129100,66;128894,28;129051,52;680203325,60;26478
WINFUT;19/07/2017;16:30:00;128943,42;128982,73;128835,32;128923,77;749347896,20;29216
WINFUT;19/07/2017;16:00:00;128904,11;129002,38;128825,49;128953,25;681127087,60;26599
WINFUT;19/07/2017;15:30:00;128884,46;129031,87;128815,67;128904,11;922995503,20;36124
WINFUT;19/07/2017;15:00:00;128825,49;128972,90;128727,22;128894,28;1001338385,00;39214
WINFUT;19/07/2017;14:30:00;128560,16;128913,94;128540,50;128835,32;1120719886,00;43855
WINFUT;19/07/2017;14:00:00;128609,29;128717,39;128540,50;128560,16;645414840,70;25269
WINFUT;19/07/2017;13:30:00;128471,71;128638,78;128422,58;128609,29;672675647,80;26291
WINFUT;19/07/2017;13:00:00;128540,50;128579,81;128275,17;128461,89;1174769792,00;45891
WINFUT;19/07/2017;12:30:00;128786,19;128854,98;128471,71;128540,50;1449972259,00;56510
WINFUT;19/07/2017;12:00:00;128913,94;129002,38;128737,05;128776,36;1065274510,00;41518
WINFUT;19/07/2017;11:30:00;129041,69;129385,65;128668,26;128904,11;2889409700,00;112660
WINFUT;19/07/2017;11:00:00;129631,33;129759,08;129002,38;129041,69;2483268879,00;96643
WINFUT;19/07/2017;10:30:00;129542,88;129808,22;129464,27;129631,33;2065355007,00;80314
WINFUT;19/07/2017;10:00:00;129631,33;129768,91;129444,61;129552,71;1762066243,00;68722
WINFUT;19/07/2017;09:30:00;129533,06;129641,16;129405,30;129621,50;1264060237,00;49288
WINFUT;19/07/2017;09:00:00;129503,57;129670,64;129405,30;129533,06;1138664455,00;44441
WINFUT;18/07/2017;17:30:00;129287,38;129513,40;129248,07;129513,40;647576836,90;24941
WINFUT;18/07/2017;17:00:00;129228,41;129297,20;129198,93;129277,55;548380518,60;21258
WINFUT;18/07/2017;16:30:00;129198,93;129267,72;129071,18;129218,58;958688095,60;37140
WINFUT;18/07/2017;16:00:00;129169,45;129228,41;129130,14;129198,93;476877406,70;18427
WINFUT;18/07/2017;15:30:00;129100,66;129297,20;129090,83;129169,45;901120032,20;34951
WINFUT;18/07/2017;15:00:00;129071,18;129179,28;129031,87;129100,66;899665598,30;34896
WINFUT;18/07/2017;14:30:00;128953,25;129100,66;128904,11;129081,00;989545678,30;38405
WINFUT;18/07/2017;14:00:00;128805,84;128992,56;128678,09;128953,25;1148707910,00;44914
WINFUT;18/07/2017;13:30:00;128904,11;128923,77;128737,05;128796,01;783232273,60;30485
WINFUT;18/07/2017;13:00:00;128746,88;128923,77;128746,88;128904,11;1123569791,00;43940
WINFUT;18/07/2017;12:30:00;128560,16;128776,36;128530,68;128746,88;888030127,70;34730
WINFUT;18/07/2017;12:00:00;128756,70;128805,84;128511,02;128560,16;1065530019,00;41508
WINFUT;18/07/2017;11:30:00;128756,70;128825,49;128501,19;128746,88;1936047977,00;75523
WINFUT;18/07/2017;11:00:00;128668,26;128825,49;128619,12;128756,70;1281120353,00;49985
WINFUT;18/07/2017;10:30:00;128913,94;128933,59;128491,37;128668,26;2838032808,00;111113
WINFUT;18/07/2017;10:00:00;129100,66;129179,28;128796,01;128913,94;1784197223,00;69791
WINFUT;18/07/2017;09:30:00;129022,04;129257,89;129022,04;129090,83;1172607796,00;45969
WINFUT;18/07/2017;09:00:00;128786,19;129218,58;128776,36;129022,04;1263804728,00;49351
WINFUT;17/07/2017;17:30:00;129041,69;129051,52;128913,94;128913,94;400460666,90;15611
WINFUT;17/07/2017;17:00:00;129139,97;129179,28;129012,21;129041,69;450009689,80;17473
WINFUT;17/07/2017;16:30:00;129002,38;129198,93;128982,73;129139,97;890821068,30;34621
WINFUT;17/07/2017;16:00:00;129041,69;129090,83;128953,25;128992,56;822993349,90;32055
WINFUT;17/07/2017;15:30:00;129198,93;129208,76;129012,21;129041,69;961557654,30;37345
WINFUT;17/07/2017;15:00:00;129100,66;129228,41;129061,35;129189,10;772540219,50;30076
WINFUT;17/07/2017;14:30:00;129208,76;129316,86;129090,83;129100,66;691583287,60;26937
WINFUT;17/07/2017;14:00:00;129405,30;129424,96;129189,10;129208,76;765248395,80;29734
WINFUT;17/07/2017;13:30:00;129307,03;129464,27;129297,20;129405,30;499539058,10;19375
WINFUT;17/07/2017;13:00:00;129307,03;129474,09;129267,72;129297,20;716701753,00;27844
WINFUT;17/07/2017;12:30:00;129503,57;129690,29;129149,79;129307,03;1986638689,00;77105
WINFUT;17/07/2017;12:00:00;129483,92;129582,19;129375,82;129493,75;976809555,00;37962
WINFUT;17/07/2017;11:30:00;129503,57;129582,19;129287,38;129483,92;1335936785,00;52024
WINFUT;17/07/2017;11:00:00;129228,41;129621,50;129120,31;129513,40;1903244598,00;74167
WINFUT;17/07/2017;10:30:00;129582,19;129621,50;129051,52;129228,41;2730365395,00;106418
WINFUT;17/07/2017;10:00:00;129385,65;129621,50;129375,82;129572,37;1196173555,00;46563
WINFUT;17/07/2017;09:30:00;129503,57;129533,06;129326,68;129385,65;906014005,50;35447
WINFUT;17/07/2017;09:00:00;129837,70;130053,90;129444,61;129503,57;1258478356,00;48884
WINFUT;14/07/2017;17:30:00;129680,47;129788,57;129562,54;129788,57;458795256,30;17768
WINFUT;14/07/2017;17:00:00;129533,06;129700,12;129533,06;129680,47;505140593,80;19643
WINFUT;14/07/2017;16:30:00;129336,51;129631,33;129257,89;129542,88;1131470904,00;43962
WINFUT;14/07/2017;16:00:00;129356,17;129454,44;129248,07;129326,68;707660677,80;27542
WINFUT;14/07/2017;15:30:00;129434,78;129444,61;129277,55;129365,99;912834120,90;35581
WINFUT;14/07/2017;15:00:00;129493,75;129592,02;129434,78;129434,78;653984207,60;25428
WINFUT;14/07/2017;14:30:00;129631,33;129650,98;129424,96;129483,92;957115734,70;37185
WINFUT;14/07/2017;14:00:00;129552,71;129641,16;129356,17;129621,50;1039605718,00;40450
WINFUT;14/07/2017;13:30:00;129454,44;129690,29;129424,96;129552,71;965468902,00;37555
WINFUT;14/07/2017;13:00:00;129641,16;129650,98;129395,47;129454,44;1118341691,00;43353
WINFUT;14/07/2017;12:30:00;129670,64;129700,12;129483,92;129641,16;1021189441,00;39678
WINFUT;14/07/2017;12:00:00;129641,16;129778,74;129523,23;129670,64;1442365963,00;56005
WINFUT;14/07/2017;11:30:00;129700,12;129818,05;129582,19;129641,16;1626528734,00;63162
WINFUT;14/07/2017;11:00:00;129906,49;129975,28;129641,16;129700,12;1886597227,00;73555
WINFUT;14/07/2017;10:30:00;129582,19;130073,56;129474,09;129896,66;2681071881,00;104538
WINFUT;14/07/2017;10:00:00;129877,01;129926,15;129562,54;129582,19;1328939779,00;52075
WINFUT;14/07/2017;09:30:00;129533,06;129935,97;129523,23;129886,84;1751688661,00;68656
WINFUT;14/07/2017;09:00:00;129257,89;129601,85;129031,87;129523,23;1473459400,00;57507
WINFUT;13/07/2017;17:30:00;129277,55;129365,99;129238,24;129287,38;486960170,90;18836
WINFUT;13/07/2017;17:00:00;129267,72;129346,34;129198,93;129287,38;381199245,80;14820
WINFUT;13/07/2017;16:30:00;129356,17;129365,99;129159,62;129277,55;851905136,00;33084
WINFUT;13/07/2017;16:00:00;129208,76;129454,44;129189,10;129365,99;1260601043,00;49003
WINFUT;13/07/2017;15:30:00;128913,94;129228,41;128864,80;129208,76;814758109,70;31876
WINFUT;13/07/2017;15:00:00;129198,93;129208,76;128874,63;128904,11;964564794,50;37643
WINFUT;13/07/2017;14:30:00;129228,41;129248,07;129081,00;129208,76;687888239,50;26858
WINFUT;13/07/2017;14:00:00;129120,31;129385,65;129061,35;129228,41;1067220307,00;41668
WINFUT;13/07/2017;13:30:00;129169,45;129198,93;129051,52;129120,31;401895446,20;15658
WINFUT;13/07/2017;13:00:00;129100,66;129228,41;129031,87;129159,62;665128315,50;25972
WINFUT;13/07/2017;12:30:00;129189,10;129297,20;129061,35;129110,48;969950130,60;37916
WINFUT;13/07/2017;12:00:00;128845,15;129257,89;128835,32;129179,28;1631914070,00;63735
WINFUT;13/07/2017;11:30:00;128904,11;128982,73;128727,22;128845,15;1175634591,00;45998
WINFUT;13/07/2017;11:00:00;128953,25;129120,31;128678,09;128904,11;1951103333,00;76567
WINFUT;13/07/2017;10:30:00;129071,18;129081,00;128530,68;128953,25;3004958572,00;117552
WINFUT;13/07/2017;10:00:00;128904,11;129149,79;128825,49;129071,18;1497044813,00;58676
WINFUT;13/07/2017;09:30:00;128648,60;129090,83;128569,99;128913,94;1628533494,00;64053
WINFUT;13/07/2017;09:00:00;128226,03;128678,09;128196,55;128648,60;1153798429,00;45348
WINFUT;12/07/2017;17:30:00;128599,47;128717,39;128511,02;128511,02;413924007,10;16077
WINFUT;12/07/2017;17:00:00;128638,78;128717,39;128560,16;128599,47;672361175,60;26203
WINFUT;12/07/2017;16:30:00;128796,01;128825,49;128609,29;128648,60;1110322650,00;43421
WINFUT;12/07/2017;16:00:00;128471,71;128835,32;128422,58;128805,84;1078344760,00;42282
WINFUT;12/07/2017;15:30:00;128678,09;128746,88;128442,23;128471,71;1042789749,00;40804
WINFUT;12/07/2017;15:00:00;128245,69;128776,36;128137,59;128668,26;1852889740,00;72498
WINFUT;12/07/2017;14:30:00;127931,21;128432,40;127803,46;128255,51;2181925913,00;85341
WINFUT;12/07/2017;14:00:00;127380,89;128304,65;127351,41;127950,87;4763604930,00;187257
WINFUT;12/07/2017;13:30:00;126850,22;127439,85;126555,40;127371,06;1808038145,00;72502
WINFUT;12/07/2017;13:00:00;126909,18;127086,07;126810,91;126850,22;944497538,50;37923
WINFUT;12/07/2017;12:30:00;126830,56;126938,66;126702,81;126909,18;903026519,70;36092
WINFUT;12/07/2017;12:00:00;126692,98;126948,49;126604,53;126820,73;1650467928,00;66028
WINFUT;12/07/2017;11:30:00;127262,96;127449,68;126692,98;126692,98;3476391679,00;138873
WINFUT;12/07/2017;11:00:00;127213,82;127488,99;127125,38;127262,96;1795537876,00;71963
WINFUT;12/07/2017;10:30:00;127420,20;127597,09;127017,28;127213,82;2856390121,00;114330
WINFUT;12/07/2017;10:00:00;127636,40;127754,32;127390,71;127430,02;1627943858,00;65373
WINFUT;12/07/2017;09:30:00;127420,20;127685,53;127380,89;127646,22;1357949837,00;54485
WINFUT;12/07/2017;09:00:00;126781,42;127420,20;126771,60;127420,20;1263097166,00;50543
WINFUT;11/07/2017;17:30:00;126643,84;126702,81;126555,40;126555,40;503686160,00;19946
WINFUT;11/07/2017;17:00:00;126643,84;126683,15;126506,26;126643,84;730794037,60;29145
WINFUT;11/07/2017;16:30:00;126496,43;126692,98;126457,13;126634,02;996975083,60;39864
WINFUT;11/07/2017;16:00:00;126594,71;126712,63;126427,64;126496,43;827061833,70;33195
WINFUT;11/07/2017;15:30:00;126663,50;126771,60;126525,92;126604,53;1099080270,00;43912
WINFUT;11/07/2017;15:00:00;126634,02;126702,81;126496,43;126663,50;971443873,40;38788
WINFUT;11/07/2017;14:30:00;126319,54;126663,50;126280,23;126634,02;1164981846,00;46614
WINFUT;11/07/2017;14:00:00;126329,37;126466,95;126250,75;126309,72;1114273207,00;44585
WINFUT;11/07/2017;13:30:00;125985,42;126604,53;125975,59;126339,20;2718769233,00;108196
WINFUT;11/07/2017;13:00:00;125759,39;125975,59;125749,56;125975,59;1121741921,00;44775
WINFUT;11/07/2017;12:30:00;125395,78;125838,01;125356,47;125749,56;1575839749,00;62897
WINFUT;11/07/2017;12:00:00;125641,46;125729,91;125248,37;125385,95;2076184642,00;83089
WINFUT;11/07/2017;11:30:00;125150,10;125670,94;125140,27;125641,46;1704105090,00;68280
WINFUT;11/07/2017;11:00:00;124963,38;125258,20;124855,28;125159,93;1541522972,00;61933
WINFUT;11/07/2017;10:30:00;124835,63;125071,48;124727,53;124963,38;2171941421,00;87214
WINFUT;11/07/2017;10:00:00;124963,38;125140,27;124727,53;124835,63;1671242747,00;67351
WINFUT;11/07/2017;09:30:00;124943,73;125100,96;124835,63;124973,21;928557729,90;37575
WINFUT;11/07/2017;09:00:00;125002,69;125110,79;124894,59;124933,90;928302221,20;37624
WINFUT;10/07/2017;17:30:00;125081,31;125268,03;125061,66;125258,20;488886313,00;19482
WINFUT;10/07/2017;17:00:00;125002,69;125140,27;124943,73;125081,31;501347273,20;20075
WINFUT;10/07/2017;16:30:00;125287,68;125287,68;124983,04;125012,52;855836038,20;34269
WINFUT;10/07/2017;16:00:00;125150,10;125326,99;125100,96;125287,68;837655615,30;33662
WINFUT;10/07/2017;15:30:00;125189,41;125297,51;125140,27;125140,27;559721171,60;22406
WINFUT;10/07/2017;15:00:00;125209,06;125336,82;125159,93;125199,24;1012777311,00;40648
WINFUT;10/07/2017;14:30:00;124924,07;125258,20;124924,07;125209,06;1132827065,00;45319
WINFUT;10/07/2017;14:00:00;124874,94;124983,04;124806,15;124933,90;893965790,10;35859
WINFUT;10/07/2017;13:30:00;124658,74;124963,38;124570,29;124874,94;1129878889,00;45476
WINFUT;10/07/2017;13:00:00;124737,36;124757,01;124609,60;124658,74;401050302,20;16153
WINFUT;10/07/2017;12:30:00;124776,66;124786,49;124580,12;124727,53;706009698,90;28472
WINFUT;10/07/2017;12:00:00;124727,53;124865,11;124619,43;124776,66;1366912294,00;54903
WINFUT;10/07/2017;11:30:00;124236,17;124747,18;124108,41;124717,70;1815742714,00;72982
WINFUT;10/07/2017;11:00:00;124304,96;124501,50;124078,93;124236,17;1816391312,00;72988
WINFUT;10/07/2017;10:30:00;124137,89;124560,47;124049,45;124314,78;2859161407,00;114983
WINFUT;10/07/2017;10:00:00;124147,72;124304,96;123823,42;124137,89;2070917233,00;84048
WINFUT;10/07/2017;09:30:00;124128,07;124236,17;123921,69;124147,72;1270074517,00;51461
WINFUT;10/07/2017;09:00:00;123980,66;124177,20;123872,56;124128,07;1021032205,00;41493
WINFUT;07/07/2017;17:30:00;123548,26;123803,77;123508,95;123803,77;286877246,30;11492
WINFUT;07/07/2017;17:00:00;123666,18;123676,01;123459,81;123548,26;518309116,40;20736
WINFUT;07/07/2017;16:30:00;123577,74;123734,98;123489,29;123666,18;819435883,40;32776
WINFUT;07/07/2017;16:00:00;123322,23;123666,18;123292,75;123577,74;907920493,10;36399
WINFUT;07/07/2017;15:30:00;123469,64;123548,26;123312,40;123332,06;940763181,40;37647
WINFUT;07/07/2017;15:00:00;123449,99;123626,88;123302,58;123469,64;1154879427,00;46406
WINFUT;07/07/2017;14:30:00;123617,05;123764,46;123381,19;123440,16;953833431,30;38296
WINFUT;07/07/2017;14:00:00;123626,88;123715,32;123479,47;123607,22;724386666,90;29124
WINFUT;07/07/2017;13:30:00;123685,84;123744,80;123381,19;123636,70;1110244032,00;44634
WINFUT;07/07/2017;13:00:00;123371,37;123843,08;123341,89;123695,67;1264217473,00;50782
WINFUT;07/07/2017;12:30:00;123361,54;123489,29;123273,09;123361,54;1401268380,00;56127
WINFUT;07/07/2017;12:00:00;123587,57;123607,22;123066,72;123361,54;2952854462,00;118710
WINFUT;07/07/2017;11:30:00;124049,45;124236,17;123587,57;123587,57;1912659109,00;76829
WINFUT;07/07/2017;11:00:00;124334,44;124334,44;123882,38;124059,28;2850768931,00;114217
WINFUT;07/07/2017;10:30:00;124698,05;124884,76;124275,47;124334,44;3308227680,00;132940
WINFUT;07/07/2017;10:00:00;124639,08;124894,59;124550,64;124698,05;1368897400,00;55432
WINFUT;07/07/2017;09:30:00;124599,77;125002,69;124462,19;124658,74;1707859101,00;69708
WINFUT;07/07/2017;09:00:00;124098,58;124668,56;123921,69;124599,77;1438867460,00;58595
WINFUT;06/07/2017;17:30:00;123921,69;123961,00;123715,32;123715,32;408794179,70;16330
WINFUT;06/07/2017;17:00:00;123931,52;123970,83;123833,25;123921,69;594391729,50;23645
WINFUT;06/07/2017;16:30:00;123793,94;124010,14;123695,67;123921,69;1403980703,00;56086
WINFUT;06/07/2017;16:00:00;123902,04;124039,62;123754,63;123793,94;1006802339,00;40428
WINFUT;06/07/2017;15:30:00;123951,18;124088,76;123813,59;123911,87;1082275662,00;43404
WINFUT;06/07/2017;15:00:00;123911,87;124000,31;123676,01;123951,18;1509309229,00;60719
WINFUT;06/07/2017;14:30:00;124462,19;124472,02;123872,56;123911,87;2074199537,00;83364
WINFUT;06/07/2017;14:00:00;124393,40;124609,60;124226,34;124462,19;1292696860,00;51965
WINFUT;06/07/2017;13:30:00;124314,78;124491,67;124226,34;124393,40;735550429,30;29534
WINFUT;06/07/2017;13:00:00;124196,86;124413,06;124147,72;124314,78;848956959,30;34109
WINFUT;06/07/2017;12:30:00;124462,19;124599,77;124098,58;124196,86;1510213336,00;60710
WINFUT;06/07/2017;12:00:00;124422,88;124786,49;124285,30;124442,54;2298241310,00;92537
WINFUT;06/07/2017;11:30:00;124432,71;124472,02;124167,37;124422,88;1744593383,00;70278
WINFUT;06/07/2017;11:00:00;124727,53;124874,94;124373,75;124432,71;2427823503,00;97651
WINFUT;06/07/2017;10:30:00;125120,62;125277,85;124727,53;124727,53;2744752497,00;110352
WINFUT;06/07/2017;10:00:00;125081,31;125199,24;125002,69;125120,62;1257829757,00;50726
WINFUT;06/07/2017;09:30:00;124835,63;125110,79;124835,63;125081,31;941234889,60;38000
WINFUT;06/07/2017;09:00:00;124992,86;125051,83;124688,22;124835,63;1302701006,00;52794
WINFUT;05/07/2017;17:30:00;125317,16;125444,92;125297,51;125366,30;453331302,20;18039
WINFUT;05/07/2017;17:00:00;125287,68;125356,47;125258,20;125307,34;291672947,10;11676
WINFUT;05/07/2017;16:30:00;125385,95;125592,33;125218,89;125297,51;1130507833,00;45326
WINFUT;05/07/2017;16:00:00;125326,99;125425,26;125209,06;125385,95;865899148,00;34924
WINFUT;05/07/2017;15:30:00;125582,50;125690,60;125268,03;125336,82;1230038278,00;49486
WINFUT;05/07/2017;15:00:00;125710,25;125975,59;125464,57;125582,50;2078169748,00;83797
WINFUT;05/07/2017;14:30:00;125729,91;125769,22;125602,15;125700,43;632246318,10;25413
WINFUT;05/07/2017;14:00:00;125651,29;125779,04;125572,67;125739,74;836751507,80;33569
WINFUT;05/07/2017;13:30:00;125366,30;125720,08;125287,68;125651,29;980720802,80;39369
WINFUT;05/07/2017;13:00:00;125376,13;125454,75;125238,55;125376,13;738675496,60;29655
WINFUT;05/07/2017;12:30:00;125494,05;125494,05;125268,03;125376,13;1034082801,00;41538
WINFUT;05/07/2017;12:00:00;125022,35;125494,05;124884,76;125484,23;1909121297,00;76866
WINFUT;05/07/2017;11:30:00;124786,49;125081,31;124707,87;125032,17;1856918915,00;74566
WINFUT;05/07/2017;11:00:00;125012,52;125022,35;124462,19;124776,66;2393388799,00;96683
WINFUT;05/07/2017;10:30:00;125955,94;125975,59;124717,70;125012,52;4145824332,00;166714
WINFUT;05/07/2017;10:00:00;125700,43;126014,90;125690,60;125955,94;1598049347,00;64233
WINFUT;05/07/2017;09:30:00;125798,70;125916,63;125631,64;125710,25;1131077814,00;45457
WINFUT;05/07/2017;09:00:00;125592,33;125877,32;125415,44;125798,70;1372474521,00;55222
WINFUT;04/07/2017;17:30:00;125621,81;125779,04;125562,85;125779,04;285383503,50;11459
WINFUT;04/07/2017;17:00:00;125513,71;125690,60;125474,40;125621,81;294463887,70;11924
WINFUT;04/07/2017;16:30:00;125562,85;125680,77;125503,88;125523,54;424439170,60;17182
WINFUT;04/07/2017;16:00:00;125513,71;125602,15;125494,05;125553,02;187504037,40;7635
WINFUT;04/07/2017;15:30:00;125592,33;125621,81;125435,09;125513,71;375067038,30;15235
WINFUT;04/07/2017;15:00:00;125631,64;125739,74;125572,67;125602,15;276185192,20;11228
WINFUT;04/07/2017;14:30:00;125523,54;125700,43;125484,23;125631,64;298905807,20;12158
WINFUT;04/07/2017;14:00:00;125503,88;125553,02;125454,75;125513,71;161481464,50;6575
WINFUT;04/07/2017;13:30:00;125513,71;125562,85;125415,44;125503,88;405079477,00;16368
WINFUT;04/07/2017;13:00:00;125710,25;125710,25;125494,05;125513,71;560389425,00;22650
WINFUT;04/07/2017;12:30:00;125769,22;125788,87;125670,94;125710,25;333202929,40;13469
WINFUT;04/07/2017;12:00:00;125602,15;125779,04;125572,67;125759,39;903321337,40;36017
WINFUT;04/07/2017;11:30:00;125582,50;125631,64;125503,88;125602,15;497003626,20;19789
WINFUT;04/07/2017;11:00:00;125562,85;125631,64;125494,05;125572,67;743471197,40;29700
WINFUT;04/07/2017;10:30:00;125268,03;125582,50;125209,06;125562,85;1346019549,00;53883
WINFUT;04/07/2017;10:00:00;125287,68;125317,16;125120,62;125248,37;997525409,90;40140
WINFUT;04/07/2017;09:30:00;125287,68;125395,78;125189,41;125307,34;599600174,90;24082
WINFUT;04/07/2017;09:00:00;125287,68;125474,40;125209,06;125287,68;848544214,50;34209
WINFUT;03/07/2017;17:30:00;125602,15;125661,12;125553,02;125572,67;249376438,80;10007
WINFUT;03/07/2017;17:00:00;125484,23;125651,29;125435,09;125592,33;535978522,00;21750
WINFUT;03/07/2017;16:30:00;125641,46;125661,12;125238,55;125484,23;1025434816,00;41608
WINFUT;03/07/2017;16:00:00;125641,46;125749,56;125602,15;125641,46;375361856,00;15191
WINFUT;03/07/2017;15:30:00;125739,74;125818,35;125641,46;125641,46;525994030,30;21290
WINFUT;03/07/2017;15:00:00;125680,77;125759,39;125602,15;125739,74;404489841,70;16399
WINFUT;03/07/2017;14:30:00;125523,54;125720,08;125503,88;125680,77;521670037,80;21193
WINFUT;03/07/2017;14:00:00;125513,71;125562,85;125385,95;125523,54;386505963,90;15743
WINFUT;03/07/2017;13:30:00;125464,57;125572,67;125297,51;125513,71;694433191,80;27992
WINFUT;03/07/2017;13:00:00;125592,33;125592,33;125395,78;125474,40;641149811,70;25632
WINFUT;03/07/2017;12:30:00;125336,82;125592,33;125317,16;125582,50;875667440,10;35135
WINFUT;03/07/2017;12:00:00;125415,44;125464,57;125100,96;125346,65;1244877434,00;49935
WINFUT;03/07/2017;11:30:00;125484,23;125553,02;125248,37;125405,61;1409719820,00;56493
WINFUT;03/07/2017;11:00:00;125710,25;125749,56;125425,26;125494,05;1694513688,00;67809
WINFUT;03/07/2017;10:30:00;125729,91;125946,11;125621,81;125720,08;1720339716,00;68859
WINFUT;03/07/2017;10:00:00;125621,81;125818,35;125385,95;125729,91;1249201427,00;50269
WINFUT;03/07/2017;09:30:00;125513,71;125749,56;125385,95;125611,98;1003736235,00;40486
WINFUT;03/07/2017;09:00:00;125297,51;125523,54;124973,21;125513,71;1188272442,00;48119
WINFUT;13/06/2017;17:30:00;123402,22;123422,18;123152,72;123312,40;451253936,80;18515
WINFUT;13/06/2017;17:00:00;123342,34;123531,96;123332,36;123412,20;580574277,20;23984
WINFUT;13/06/2017;16:30:00;123422,18;123492,04;123272,48;123342,34;774005889,90;32192
WINFUT;13/06/2017;16:00:00;123402,22;123442,14;123272,48;123422,18;678138380,30;28167
WINFUT;13/06/2017;15:30:00;123342,34;123502,02;123262,50;123392,24;1048694349,00;43653
WINFUT;13/06/2017;15:00:00;123052,92;123402,22;123042,94;123332,36;1098155038,00;45886
WINFUT;13/06/2017;14:30:00;123162,70;123192,64;122883,27;123062,90;832308824,70;34871
WINFUT;13/06/2017;14:00:00;123052,92;123192,64;122903,23;123172,68;893845267,00;37584
WINFUT;13/06/2017;13:30:00;123312,40;123372,28;123022,98;123052,92;1012407209,00;42198
WINFUT;13/06/2017;13:00:00;123282,46;123462,10;123092,84;123312,40;1132166746,00;47284
WINFUT;13/06/2017;12:30:00;123072,88;123342,34;122973,08;123282,46;1287953945,00;53641
WINFUT;13/06/2017;12:00:00;122993,04;123252,52;122693,65;123062,90;1913458008,00;80248
WINFUT;13/06/2017;11:30:00;123112,80;123322,38;122853,33;122993,04;2011700749,00;84580
WINFUT;13/06/2017;11:00:00;123092,84;123232,56;122813,41;123122,78;1981481425,00;83493
WINFUT;13/06/2017;10:30:00;123502,02;123871,28;122983,06;123092,84;3601189248,00;151686
WINFUT;13/06/2017;10:00:00;123332,36;123731,56;123122,78;123482,06;2251379503,00;95413
WINFUT;13/06/2017;09:30:00;123761,50;123811,40;123272,48;123342,34;1367554117,00;58371
WINFUT;13/06/2017;09:00:00;123711,60;123951,12;123332,36;123761,50;1453920703,00;61855
WINFUT;12/06/2017;17:30:00;123032,96;123122,78;122853,33;123122,78;381254487,20;15836
WINFUT;12/06/2017;17:00:00;123292,44;123352,32;122773,49;123032,96;1108254759,00;46309
WINFUT;12/06/2017;16:30:00;122983,06;123402,22;122843,35;123292,44;1245678828,00;52401
WINFUT;12/06/2017;16:00:00;122973,08;123142,74;122903,23;122983,06;966499386,30;40588
WINFUT;12/06/2017;15:30:00;122683,67;123003,02;122663,71;122973,08;976918466,10;40968
WINFUT;12/06/2017;15:00:00;122593,85;122943,15;122553,93;122693,65;1242724759,00;52269
WINFUT;12/06/2017;14:30:00;122593,85;122723,59;122523,99;122603,83;969633094,20;40711
WINFUT;12/06/2017;14:00:00;122504,03;122613,81;122314,41;122593,85;1064642327,00;44760
WINFUT;12/06/2017;13:30:00;122693,65;122883,27;122454,13;122504,03;1189252126,00;49948
WINFUT;12/06/2017;13:00:00;123062,90;123062,90;122613,81;122693,65;1502243677,00;62729
WINFUT;12/06/2017;12:30:00;123362,30;123412,20;123003,02;123062,90;1290109616,00;54046
WINFUT;12/06/2017;12:00:00;123711,60;123771,48;123242,54;123352,32;1479509325,00;62242
WINFUT;12/06/2017;11:30:00;123462,10;123831,36;123292,44;123711,60;1782900152,00;75085
WINFUT;12/06/2017;11:00:00;123302,42;123791,44;123152,72;123472,08;2004734736,00;84484
WINFUT;12/06/2017;10:30:00;123631,76;124230,56;123082,86;123292,44;3308736458,00;140322
WINFUT;12/06/2017;10:00:00;124100,82;124270,48;123452,12;123631,76;2567864040,00;109446
WINFUT;12/06/2017;09:30:00;124539,94;124679,66;123891,24;124100,82;1522343319,00;64758
WINFUT;12/06/2017;09:00:00;124030,96;124599,82;123641,74;124539,94;1553221320,00;66106
WINFUT;09/06/2017;17:30:00;124350,32;124370,28;124070,88;124170,68;304708182,90;12686
WINFUT;09/06/2017;17:00:00;124190,64;124440,14;124030,96;124340,34;669395934,10;27986
WINFUT;09/06/2017;16:30:00;124599,82;124599,82;123991,04;124200,62;1615675918,00;68140
WINFUT;09/06/2017;16:00:00;124300,42;124739,54;124280,46;124609,80;1471784834,00;62214
WINFUT;09/06/2017;15:30:00;124969,08;125078,86;124080,86;124300,42;2269183754,00;94379
WINFUT;09/06/2017;15:00:00;124779,46;125098,82;124759,50;124969,08;760473062,20;30174
WINFUT;09/06/2017;14:30:00;125088,84;125088,84;124699,62;124769,48;1063205213,00;42536
WINFUT;09/06/2017;14:00:00;125228,56;125438,14;125068,88;125078,86;1077097319,00;42811
WINFUT;09/06/2017;13:30:00;125088,84;125248,52;124949,12;125228,56;708198024,20;28123
WINFUT;09/06/2017;13:00:00;125118,78;125308,40;125028,96;125078,86;714784798,70;28380
WINFUT;09/06/2017;12:30:00;124879,26;125188,64;124709,60;125128,76;897198534,00;35846
WINFUT;09/06/2017;12:00:00;124470,08;125018,98;124420,18;124869,28;1453561425,00;58541
WINFUT;09/06/2017;11:30:00;124749,52;124929,16;124400,22;124460,10;1583620282,00;65674
WINFUT;09/06/2017;11:00:00;125078,86;125118,78;124659,70;124749,52;1871322611,00;75120
WINFUT;09/06/2017;10:30:00;125657,69;126086,83;124989,04;125078,86;3141851543,00;125057
WINFUT;09/06/2017;10:00:00;125517,98;125937,13;125508,00;125677,65;2119963370,00;84596
WINFUT;09/06/2017;09:30:00;125847,31;125847,31;125178,66;125517,98;1614418443,00;64511
WINFUT;09/06/2017;09:00:00;125747,51;126086,83;125448,12;125847,31;1496555099,00;59671
WINFUT;08/06/2017;17:30:00;125248,52;125418,18;125178,66;125178,66;328959489,20;12978
WINFUT;08/06/2017;17:00:00;125438,14;125498,02;125188,64;125248,52;838596200,40;33275
WINFUT;08/06/2017;16:30:00;125498,02;125787,43;125388,24;125438,14;1492123996,00;59171
WINFUT;08/06/2017;16:00:00;125248,52;125547,91;125138,74;125488,04;1256317467,00;49700
WINFUT;08/06/2017;15:30:00;125088,84;125308,40;125068,88;125248,52;1297454868,00;51519
WINFUT;08/06/2017;15:00:00;125138,74;125228,56;124949,12;125078,86;998215703,80;39671
WINFUT;08/06/2017;14:30:00;125188,64;125268,48;125038,94;125148,72;919573607,60;36561
WINFUT;08/06/2017;14:00:00;125268,48;125418,18;125148,72;125178,66;1051907896,00;41835
WINFUT;08/06/2017;13:30:00;125058,90;125348,32;124959,10;125268,48;737359471,50;29294
WINFUT;08/06/2017;13:00:00;124809,40;125148,72;124789,44;125058,90;917457855,80;36569
WINFUT;08/06/2017;12:30:00;124709,60;124839,34;124579,86;124819,38;939134332,00;38862
WINFUT;08/06/2017;12:00:00;125009,00;125158,70;124659,70;124709,60;1724916576,00;68986
WINFUT;08/06/2017;11:30:00;125009,00;125448,12;124949,12;125009,00;1946711240,00;77521
WINFUT;08/06/2017;11:00:00;125018,98;125208,60;124869,28;125009,00;1927889032,00;76719
WINFUT;08/06/2017;10:30:00;125098,82;125278,46;124699,62;125018,98;3082530652,00;123000
WINFUT;08/06/2017;10:00:00;125557,89;125647,71;124909,20;125098,82;2264034094,00;90476
WINFUT;08/06/2017;09:30:00;125667,67;125767,47;125378,26;125547,91;1540886087,00;61560
WINFUT;08/06/2017;09:00:00;126505,99;126795,41;125418,18;125667,67;2314373019,00;92036
WINFUT;07/06/2017;17:30:00;126256,49;126436,13;126216,57;126346,31;400815211,60;15838
WINFUT;07/06/2017;17:00:00;126266,47;126376,25;126176,65;126256,49;549536597,10;21816
WINFUT;07/06/2017;16:30:00;126266,47;126346,31;126136,73;126266,47;886240536,40;35068
WINFUT;07/06/2017;16:00:00;126016,97;126386,23;125987,03;126276,45;1114462295,00;44176
WINFUT;07/06/2017;15:30:00;126046,91;126246,51;125927,15;126006,99;1344380647,00;53179
WINFUT;07/06/2017;15:00:00;126306,39;126496,01;126016,97;126056,89;1577632305,00;62373
WINFUT;07/06/2017;14:30:00;126106,79;126386,23;126046,91;126316,37;1210130205,00;47849
WINFUT;07/06/2017;14:00:00;125927,15;126246,51;125807,39;126096,81;1200369803,00;47493
WINFUT;07/06/2017;13:30:00;126246,51;126306,39;125867,27;125927,15;1107835600,00;43855
WINFUT;07/06/2017;13:00:00;126086,83;126346,31;125787,43;126236,53;1774756504,00;70358
WINFUT;07/06/2017;12:30:00;126076,85;126146,71;125967,07;126076,85;956699064,20;37780
WINFUT;07/06/2017;12:00:00;126416,17;126585,83;126016,97;126076,85;1519848329,00;60108
WINFUT;07/06/2017;11:30:00;126885,23;126885,23;126206,59;126416,17;3061133615,00;121155
WINFUT;07/06/2017;11:00:00;127154,69;127364,27;126815,37;126885,23;2139144856,00;84725
WINFUT;07/06/2017;10:30:00;126915,17;127194,61;126605,79;127154,69;2385051106,00;94489
WINFUT;07/06/2017;10:00:00;126995,01;127174,65;126785,43;126915,17;1483740828,00;58838
WINFUT;07/06/2017;09:30:00;127174,65;127204,59;126865,27;127004,99;1196198179,00;47323
WINFUT;07/06/2017;09:00:00;126106,79;127324,35;126106,79;127184,63;1920503861,00;76139
WINFUT;06/06/2017;17:30:00;125987,03;126156,69;125947,11;126006,99;393689519,10;15618
WINFUT;06/06/2017;17:00:00;126056,89;126206,59;125927,15;125987,03;853366543,40;33963
WINFUT;06/06/2017;16:30:00;126326,35;126356,29;126046,91;126066,87;1058255152,00;41817
WINFUT;06/06/2017;16:00:00;126426,15;126486,03;126256,49;126326,35;1130569953,00;44798
WINFUT;06/06/2017;15:30:00;125797,41;126655,69;125707,59;126416,17;2622055231,00;103724
WINFUT;06/06/2017;15:00:00;125158,70;125987,03;125148,72;125787,43;2432515803,00;96586
WINFUT;06/06/2017;14:30:00;125228,56;125378,26;124999,02;125158,70;934643349,40;37272
WINFUT;06/06/2017;14:00:00;125358,30;125388,24;125108,80;125218,58;754624804,80;29920
WINFUT;06/06/2017;13:30:00;125238,54;125418,18;125138,74;125358,30;926539620,70;36783
WINFUT;06/06/2017;13:00:00;125028,96;125268,48;124939,14;125228,56;944064433,00;37506
WINFUT;06/06/2017;12:30:00;125018,98;125158,70;124859,30;125028,96;998934261,00;39760
WINFUT;06/06/2017;12:00:00;125268,48;125278,46;124949,12;124999,02;1410068753,00;55999
WINFUT;06/06/2017;11:30:00;125428,16;125468,08;125208,60;125268,48;1009113822,00;40199
WINFUT;06/06/2017;11:00:00;125498,02;125567,87;125088,84;125418,18;2021161752,00;80418
WINFUT;06/06/2017;10:30:00;125148,72;125527,96;125018,98;125498,02;2397466178,00;95246
WINFUT;06/06/2017;10:00:00;124789,44;125248,52;124709,60;125158,70;1889366381,00;75500
WINFUT;06/06/2017;09:30:00;124679,66;124829,36;124529,96;124799,42;1080909664,00;45394
WINFUT;06/06/2017;09:00:00;124280,46;124689,64;124200,62;124679,66;1145340295,00;48618
WINFUT;05/06/2017;17:30:00;124939,14;125038,94;124859,30;125038,94;412252247,40;16348
WINFUT;05/06/2017;17:00:00;124859,30;124999,02;124849,32;124939,14;396863146,90;15753
WINFUT;05/06/2017;16:30:00;124719,58;124969,08;124659,70;124869,28;801191304,90;31929
WINFUT;05/06/2017;16:00:00;124759,50;124839,34;124649,72;124719,58;544925854,90;22340
WINFUT;05/06/2017;15:30:00;124659,70;124899,22;124549,92;124739,54;900072762,90;36708
WINFUT;05/06/2017;15:00:00;124849,32;124929,16;124400,22;124659,70;1241926362,00;51759
WINFUT;05/06/2017;14:30:00;125018,98;125108,80;124639,74;124859,30;1478631088,00;59007
WINFUT;05/06/2017;14:00:00;125009,00;125138,74;124909,20;125009,00;719834659,20;28482
WINFUT;05/06/2017;13:30:00;124919,18;125068,88;124729,56;125009,00;912388035,40;36149
WINFUT;05/06/2017;13:00:00;124749,52;125138,74;124729,56;124919,18;894982982,60;35540
WINFUT;05/06/2017;12:30:00;124639,74;124889,24;124360,30;124749,52;1274101758,00;52828
WINFUT;05/06/2017;12:00:00;124739,54;125108,80;124500,02;124639,74;1926411998,00;78728
WINFUT;05/06/2017;11:30:00;125138,74;125218,58;124619,78;124749,52;1997010245,00;79910
WINFUT;05/06/2017;11:00:00;125088,84;125647,71;125078,86;125138,74;2083736110,00;82706
WINFUT;05/06/2017;10:30:00;124440,14;125258,50;124350,32;125098,82;2841973661,00;116105
WINFUT;05/06/2017;10:00:00;123941,14;124549,92;123851,32;124440,14;1484918464,00;62895
WINFUT;05/06/2017;09:30:00;124480,06;124549,92;123911,20;123951,12;1164940940,00;49487
WINFUT;05/06/2017;09:00:00;124749,52;124749,52;124210,60;124480,06;1078235035,00;45852
WINFUT;02/06/2017;17:30:00;125048,92;125128,76;124769,48;124769,48;386523906,80;15311
WINFUT;02/06/2017;17:00:00;125018,98;125088,84;124899,22;125048,92;478539151,40;18985
WINFUT;02/06/2017;16:30:00;125009,00;125238,54;124849,32;125009,00;1258732617,00;49669
WINFUT;02/06/2017;16:00:00;124959,10;125218,58;124889,24;125009,00;1197755053,00;47350
WINFUT;02/06/2017;15:30:00;124699,62;124999,02;124639,74;124959,10;1140110796,00;45537
WINFUT;02/06/2017;15:00:00;124569,88;124799,42;124470,08;124709,60;1003784522,00;42029
WINFUT;02/06/2017;14:30:00;124859,30;124959,10;124470,08;124569,88;1228852613,00;51210
WINFUT;02/06/2017;14:00:00;124969,08;125048,92;124549,92;124859,30;1315019600,00;53500
WINFUT;02/06/2017;13:30:00;125418,18;125488,04;124899,22;124969,08;1213124194,00;48035
WINFUT;02/06/2017;13:00:00;125298,42;125488,04;125238,54;125418,18;932627397,20;36761
WINFUT;02/06/2017;12:30:00;125408,20;125597,81;125198,62;125308,40;1238932374,00;49108
WINFUT;02/06/2017;12:00:00;124859,30;125468,08;124809,40;125408,20;1660905104,00;65793
WINFUT;02/06/2017;11:30:00;124360,30;124939,14;124340,34;124879,26;1673539735,00;67847
WINFUT;02/06/2017;11:00:00;124619,78;124849,32;124280,46;124350,32;2127148943,00;88961
WINFUT;02/06/2017;10:30:00;125587,83;125627,75;124589,84;124629,76;3238058371,00;128941
WINFUT;02/06/2017;10:00:00;125348,32;125687,63;125208,60;125587,83;1513221634,00;60263
WINFUT;02/06/2017;09:30:00;125408,20;125827,35;125148,72;125348,32;2190162419,00;87028
WINFUT;02/06/2017;09:00:00;125258,50;125607,79;124949,12;125408,20;1294161481,00;51480
WINFUT;01/06/2017;17:30:00;124729,56;124839,34;124649,72;124789,44;397980902,60;16014
WINFUT;01/06/2017;17:00:00;124599,82;124779,46;124529,96;124729,56;516482964,80;21285
WINFUT;01/06/2017;16:30:00;124500,02;124749,52;124320,38;124579,86;1394300414,00;58306
WINFUT;01/06/2017;16:00:00;124789,44;124899,22;124500,02;124510,00;1568670300,00;64357
WINFUT;01/06/2017;15:30:00;125238,54;125258,50;124789,44;124789,44;1842540402,00;72752
WINFUT;01/06/2017;15:00:00;125647,71;125687,63;125228,56;125238,54;1312025612,00;51856
WINFUT;01/06/2017;14:30:00;126116,77;126146,71;125448,12;125647,71;1719148159,00;67979
WINFUT;01/06/2017;14:00:00;125927,15;126206,59;125907,19;126126,75;713966441,90;28244
WINFUT;01/06/2017;13:30:00;125947,11;126066,87;125847,31;125917,17;798516675,30;31442
WINFUT;01/06/2017;13:00:00;126226,55;126266,47;125847,31;125957,09;1155958974,00;45599
WINFUT;01/06/2017;12:30:00;126256,49;126416,17;125977,05;126216,57;1409090717,00;55620
WINFUT;01/06/2017;12:00:00;126605,79;126665,67;126076,85;126246,51;1741922431,00;68860
WINFUT;01/06/2017;11:30:00;126505,99;126635,73;126346,31;126615,77;1237016221,00;48889
WINFUT;01/06/2017;11:00:00;126036,93;126575,85;125987,03;126515,97;2633791665,00;104209
WINFUT;01/06/2017;10:30:00;126256,49;126256,49;125647,71;126026,95;2532515017,00;100391
WINFUT;01/06/2017;10:00:00;126046,91;126466,07;126026,95;126266,47;1785015904,00;70844
WINFUT;01/06/2017;09:30:00;125807,39;126136,73;125797,41;126046,91;1086837761,00;43147
WINFUT;01/06/2017;09:00:00;125747,51;125997,01;125268,48;125827,35;1697930761,00;67209
WINFUT;31/05/2017;17:30:00;125527,96;125607,79;125268,48;125577,85;736002196,80;29001
WINFUT;31/05/2017;17:00:00;125577,85;125747,51;125308,40;125527,96;1207894694,00;47852
WINFUT;31/05/2017;16:30:00;125947,11;126006,99;125508,00;125587,83;1716074331,00;67796
WINFUT;31/05/2017;16:00:00;126076,85;126236,53;125587,83;125947,11;2028886242,00;80291
WINFUT;31/05/2017;15:30:00;126226,55;126236,53;126026,95;126086,83;805323009,00;31784
WINFUT;31/05/2017;15:00:00;126086,83;126256,49;125877,25;126226,55;1124761615,00;44563
WINFUT;31/05/2017;14:30:00;125967,07;126176,65;125827,35;126086,83;1122186785,00;44381
WINFUT;31/05/2017;14:00:00;126096,81;126256,49;125877,25;125957,09;965201991,30;38229
WINFUT;31/05/2017;13:30:00;126206,59;126336,33;126016,97;126096,81;857897445,90;33929
WINFUT;31/05/2017;13:00:00;126266,47;126366,27;126156,69;126196,61;941349883,50;37263
WINFUT;31/05/2017;12:30:00;125907,19;126296,41;125837,33;126256,49;1167396010,00;46240
WINFUT;31/05/2017;12:00:00;126366,27;126486,03;125877,25;125917,17;1501225721,00;59408
WINFUT;31/05/2017;11:30:00;126585,83;126785,43;126196,61;126376,25;2106849701,00;83381
WINFUT;31/05/2017;11:00:00;126955,09;127004,99;126426,15;126575,85;2648761608,00;104881
WINFUT;31/05/2017;10:30:00;127633,73;127703,59;126845,31;126945,11;3093608409,00;121958
WINFUT;31/05/2017;10:00:00;127993,01;128042,91;127613,77;127623,75;1534139633,00;60433
WINFUT;31/05/2017;09:30:00;128042,91;128072,85;127813,37;128002,99;976399508,10;38605
WINFUT;31/05/2017;09:00:00;127603,79;128092,81;127543,91;128032,93;1317514590,00;52008
WINFUT;30/05/2017;17:30:00;128252,48;128312,36;128142,70;128142,70;403769280,20;15799
WINFUT;30/05/2017;17:00:00;128242,50;128282,42;128122,75;128242,50;594546223,20;23294
WINFUT;30/05/2017;16:30:00;128082,83;128312,36;128072,85;128242,50;952387720,80;37267
WINFUT;30/05/2017;16:00:00;128162,66;128222,54;127983,03;128082,83;1244720752,00;48813
WINFUT;30/05/2017;15:30:00;128332,32;128392,20;128162,66;128162,66;1113464299,00;43726
WINFUT;30/05/2017;15:00:00;128302,38;128442,10;128262,46;128352,28;794285171,60;31118
WINFUT;30/05/2017;14:30:00;128192,60;128392,20;128162,66;128292,40;869015122,90;34059
WINFUT;30/05/2017;14:00:00;128272,44;128342,30;128082,83;128182,62;751451177,10;29531
WINFUT;30/05/2017;13:30:00;128412,16;128452,08;128162,66;128262,46;757778472,60;29704
WINFUT;30/05/2017;13:00:00;128342,30;128482,02;128232,52;128422,14;629735567,30;24743
WINFUT;30/05/2017;12:30:00;128132,73;128452,08;128052,89;128352,28;1251646845,00;49142
WINFUT;30/05/2017;12:00:00;127963,07;128302,38;127923,15;128132,73;1343302811,00;52895
WINFUT;30/05/2017;11:30:00;128102,79;128342,30;127863,27;127963,07;1936551639,00;76108
WINFUT;30/05/2017;11:00:00;128202,58;128312,36;127783,43;128112,77;2278824397,00;89583
WINFUT;30/05/2017;10:30:00;127773,45;128242,50;127454,09;128212,56;3576259305,00;140483
WINFUT;30/05/2017;10:00:00;127763,47;128052,89;127673,65;127773,45;1780025924,00;70313
WINFUT;30/05/2017;09:30:00;127464,07;127923,15;127344,31;127763,47;1462683110,00;57820
WINFUT;30/05/2017;09:00:00;127843,31;127843,31;127144,71;127464,07;1709946634,00;67694
WINFUT;29/05/2017;17:30:00;127903,19;128152,68;127803,39;128152,68;370136810,10;14683
WINFUT;29/05/2017;17:00:00;127723,55;127913,17;127643,71;127893,21;346683900,70;13827
WINFUT;29/05/2017;16:30:00;127733,53;127743,51;127603,79;127723,55;285207338,20;11439
WINFUT;29/05/2017;16:00:00;127553,89;127803,39;127523,95;127713,57;637998975,30;25573
WINFUT;29/05/2017;15:30:00;127603,79;127623,75;127464,07;127563,87;275167497,00;11055
WINFUT;29/05/2017;15:00:00;127573,85;127623,75;127444,11;127613,77;332452475,70;13404
WINFUT;29/05/2017;14:30:00;127723,55;127733,53;127384,23;127573,85;477102036,90;19081
WINFUT;29/05/2017;14:00:00;127464,07;127753,49;127464,07;127723,55;455704999,60;18047
WINFUT;29/05/2017;13:30:00;127474,05;127683,63;127354,29;127464,07;602210833,60;24036
WINFUT;29/05/2017;13:00:00;127264,47;127583,83;127254,49;127484,03;483229733,20;19222
WINFUT;29/05/2017;12:30:00;127513,97;127623,75;127254,49;127264,47;720892535,10;28586
WINFUT;29/05/2017;12:00:00;128002,99;128032,93;127364,27;127513,97;1530666607,00;60375
WINFUT;29/05/2017;11:30:00;127863,27;128072,85;127853,29;128002,99;691511528,60;27158
WINFUT;29/05/2017;11:00:00;127793,41;128012,97;127723,55;127863,27;1100071190,00;43250
WINFUT;29/05/2017;10:30:00;127444,11;127823,35;127294,41;127803,39;1447154290,00;56990
WINFUT;29/05/2017;10:00:00;127553,89;127623,75;127224,55;127464,07;1181587515,00;46639
WINFUT;29/05/2017;09:30:00;127853,29;127863,27;127384,23;127543,91;979912454,50;38647
WINFUT;29/05/2017;09:00:00;128282,42;128342,30;127603,79;127853,29;1238752735,00;48682
WINFUT;26/05/2017;17:30:00;128302,38;128681,62;128232,52;128681,62;535923929,70;20921
WINFUT;26/05/2017;17:00:00;127963,07;128462,06;127933,13;128292,40;943425715,50;37093
WINFUT;26/05/2017;16:30:00;128282,42;128282,42;127703,59;127943,11;1474160065,00;58397
WINFUT;26/05/2017;16:00:00;128521,94;128651,68;127693,61;128282,42;2585887850,00;102443
WINFUT;26/05/2017;15:30:00;128362,26;128561,86;128242,50;128521,94;1182725231,00;46701
WINFUT;26/05/2017;15:00:00;128242,50;128442,10;128092,81;128352,28;1038913987,00;41281
WINFUT;26/05/2017;14:30:00;128152,68;128332,32;128072,85;128252,48;759914184,40;30019
WINFUT;26/05/2017;14:00:00;128442,10;128492,00;127993,01;128152,68;1299969818,00;51507
WINFUT;26/05/2017;13:30:00;128282,42;128711,56;128272,44;128432,12;1302903927,00;51552
WINFUT;26/05/2017;13:00:00;128212,56;128392,20;128082,83;128292,40;949693131,20;37519
WINFUT;26/05/2017;12:30:00;128072,85;128292,40;127933,13;128202,58;837997402,70;33145
WINFUT;26/05/2017;12:00:00;128052,89;128242,50;127853,29;128062,87;1474619143,00;58455
WINFUT;26/05/2017;11:30:00;128132,73;128432,12;127903,19;128052,89;1872699846,00;74174
WINFUT;26/05/2017;11:00:00;128022,95;128372,24;127833,33;128132,73;1983557257,00;78840
WINFUT;26/05/2017;10:30:00;127533,93;128242,50;127254,49;128032,93;2906424252,00;115299
WINFUT;26/05/2017;10:00:00;127254,49;127783,43;127044,91;127543,91;2420180571,00;96190
WINFUT;26/05/2017;09:30:00;126975,05;127523,95;126685,63;127244,51;2102059320,00;83814
WINFUT;26/05/2017;09:00:00;126645,71;127114,77;126196,61;126995,01;2028826362,00;81367
WINFUT;25/05/2017;17:30:00;126915,17;127114,77;126825,35;127114,77;357102980,50;14041
WINFUT;25/05/2017;17:00:00;126765,47;127014,97;126625,75;126915,17;631831359,20;24999
WINFUT;25/05/2017;16:30:00;126515,97;127094,81;126466,07;126775,45;1656254442,00;65984
WINFUT;25/05/2017;16:00:00;126166,67;126635,73;126106,79;126515,97;1256576946,00;50081
WINFUT;25/05/2017;15:30:00;126306,39;126436,13;126066,87;126176,65;934184271,20;37291
WINFUT;25/05/2017;15:00:00;126505,99;126605,79;126226,55;126316,37;1167675449,00;46436
WINFUT;25/05/2017;14:30:00;126236,53;126545,91;125967,07;126515,97;1046598557,00;41536
WINFUT;25/05/2017;14:00:00;126066,87;126276,45;125857,29;126226,55;1004243601,00;39951
WINFUT;25/05/2017;13:30:00;126106,79;126306,39;125947,11;126076,85;1001349412,00;39853
WINFUT;25/05/2017;13:00:00;126056,89;126286,43;125747,51;126096,81;1891661772,00;75266
WINFUT;25/05/2017;12:30:00;126695,61;126745,51;125897,21;126066,87;2140122893,00;85281
WINFUT;25/05/2017;12:00:00;126505,99;127044,91;126366,27;126695,61;2258465275,00;89886
WINFUT;25/05/2017;11:30:00;127543,91;127803,39;126436,13;126505,99;2953509710,00;117560
WINFUT;25/05/2017;11:00:00;127953,09;128322,34;127494,01;127543,91;2208485628,00;87550
WINFUT;25/05/2017;10:30:00;127344,31;128222,54;127344,31;127953,09;2701715283,00;107075
WINFUT;25/05/2017;10:00:00;126975,05;127543,91;126965,07;127334,33;2693990793,00;107286
WINFUT;25/05/2017;09:30:00;127334,33;127334,33;126545,91;126975,05;1996830606,00;79805
WINFUT;25/05/2017;09:00:00;126965,07;127434,13;126236,53;127324,35;2530259545,00;101616
WINFUT;24/05/2017;17:30:00;127164,67;127304,39;127044,91;127304,39;450415620,00;17668
WINFUT;24/05/2017;17:00:00;127044,91;127254,49;126665,67;127154,69;1205020465,00;47582
WINFUT;24/05/2017;16:30:00;127553,89;127673,65;126965,07;127034,93;2127867500,00;84515
WINFUT;24/05/2017;16:00:00;127553,89;127703,59;127124,75;127563,87;1789067769,00;70987
WINFUT;24/05/2017;15:30:00;128352,28;128402,18;127434,13;127553,89;2306668489,00;91416
WINFUT;24/05/2017;15:00:00;127973,05;128492,00;127783,43;128342,30;1997130005,00;79101
WINFUT;24/05/2017;14:30:00;128032,93;128122,75;127903,19;127963,07;677359943,30;26759
WINFUT;24/05/2017;14:00:00;127903,19;128072,85;127823,35;128032,93;878436206,50;34764
WINFUT;24/05/2017;13:30:00;127823,35;128242,50;127783,43;127903,19;1122186785,00;44435
WINFUT;24/05/2017;13:00:00;127893,21;128032,93;127763,47;127803,39;741012137,40;29301
WINFUT;24/05/2017;12:30:00;127523,95;128112,77;127494,01;127883,23;1540207450,00;60828
WINFUT;24/05/2017;12:00:00;127254,49;127803,39;127104,79;127513,97;2156709588,00;85617
WINFUT;24/05/2017;11:30:00;127444,11;127643,71;127194,61;127244,51;2072239195,00;82462
WINFUT;24/05/2017;11:00:00;126945,11;127513,97;126855,29;127434,13;1724178059,00;68864
WINFUT;24/05/2017;10:30:00;126525,95;127014,97;126116,77;126935,13;2903170785,00;115543
WINFUT;24/05/2017;10:00:00;127194,61;127643,71;126486,03;126515,97;2854169174,00;114217
WINFUT;24/05/2017;09:30:00;127284,43;127344,31;126895,21;127184,63;1114003217,00;44648
WINFUT;24/05/2017;09:00:00;125527,96;127464,07;125198,62;127284,43;2683172515,00;107096
WINFUT;23/05/2017;17:30:00;125807,39;126076,85;125727,55;126066,87;421453771,90;16642
WINFUT;23/05/2017;17:00:00;125627,75;126136,73;125597,81;125807,39;675224231,50;26885
WINFUT;23/05/2017;16:30:00;125807,39;125987,03;125488,04;125627,75;1148833282,00;45775
WINFUT;23/05/2017;16:00:00;125627,75;126036,93;125378,26;125807,39;1609568182,00;64194
WINFUT;23/05/2017;15:30:00;125228,56;125727,55;125178,66;125617,77;1166138535,00;46562
WINFUT;23/05/2017;15:00:00;124929,16;125318,38;124909,20;125228,56;1079133231,00;43127
WINFUT;23/05/2017;14:30:00;124969,08;125218,58;124779,46;124919,18;1316935753,00;52594
WINFUT;23/05/2017;14:00:00;125597,81;125807,39;124959,10;124959,10;1450886795,00;58150
WINFUT;23/05/2017;13:30:00;125148,72;125747,51;125108,80;125587,83;1147276408,00;45780
WINFUT;23/05/2017;13:00:00;125488,04;125617,77;125078,86;125148,72;1209711047,00;48346
WINFUT;23/05/2017;12:30:00;125468,08;125647,71;125258,50;125478,06;1099951431,00;44064
WINFUT;23/05/2017;12:00:00;125767,47;125847,31;125398,22;125478,06;1228114096,00;49371
WINFUT;23/05/2017;11:30:00;125258,50;125997,01;125058,90;125767,47;1836871784,00;73787
WINFUT;23/05/2017;11:00:00;124759,50;125288,44;124669,68;125268,48;2038486965,00;81933
WINFUT;23/05/2017;10:30:00;124060,90;124929,16;124050,92;124759,50;2457685266,00;104067
WINFUT;23/05/2017;10:00:00;124250,52;124410,20;123811,40;124060,90;1527133701,00;65770
WINFUT;23/05/2017;09:30:00;123681,66;124280,46;123512,00;124260,50;1279890136,00;55596
WINFUT;23/05/2017;09:00:00;123751,52;124510,00;122773,49;123681,66;2272556981,00;99247
WINFUT;22/05/2017;17:30:00;123492,04;124180,66;123482,06;124180,66;309279005,20;12835
WINFUT;22/05/2017;17:00:00;123192,64;123681,66;123162,70;123492,04;696960587,60;29086
WINFUT;22/05/2017;16:30:00;123352,32;123551,92;122993,04;123182,66;1413441980,00;59580
WINFUT;22/05/2017;16:00:00;123492,04;123851,32;123032,96;123342,34;1192525553,00;50689
WINFUT;22/05/2017;15:30:00;123502,02;124011,00;123252,52;123492,04;1380887346,00;58326
WINFUT;22/05/2017;15:00:00;123022,98;124020,98;122913,21;123502,02;1710804911,00;72472
WINFUT;22/05/2017;14:30:00;123262,50;123541,94;123013,00;123032,96;1058055553,00;44674
WINFUT;22/05/2017;14:00:00;122484,07;123322,38;122464,11;123242,54;982267725,40;41670
WINFUT;22/05/2017;13:30:00;122883,27;123092,84;122444,15;122494,05;982287685,30;41709
WINFUT;22/05/2017;13:00:00;123352,32;123482,06;122593,85;122883,27;1423661460,00;60251
WINFUT;22/05/2017;12:30:00;122354,33;123372,28;122324,39;123372,28;1343961488,00;57337
WINFUT;22/05/2017;12:00:00;123512,00;123531,96;122124,79;122354,33;2381418400,00;101275
WINFUT;22/05/2017;11:30:00;124060,90;124330,36;123152,72;123512,00;1960244067,00;83766
WINFUT;22/05/2017;11:00:00;124340,34;124510,00;123821,38;124060,90;1326376796,00;57385
WINFUT;22/05/2017;10:30:00;124011,00;124729,56;123911,20;124350,32;2083516551,00;90782
WINFUT;22/05/2017;10:00:00;123322,38;124150,72;123102,82;124030,96;1956970640,00;84392
WINFUT;22/05/2017;09:30:00;122863,31;123611,80;122474,09;123322,38;1271087810,00;55714
WINFUT;22/05/2017;09:00:00;124769,48;125328,36;121835,37;122863,31;2090602324,00;90522
WINFUT;19/05/2017;17:30:00;125947,11;126016,97;125627,75;125907,19;257542885,10;10146
WINFUT;19/05/2017;17:00:00;125937,13;126066,87;125637,73;125957,09;705663114,00;27718
WINFUT;19/05/2017;16:30:00;125328,36;126525,95;125268,48;125937,13;1709008518,00;67176
WINFUT;19/05/2017;16:00:00;125917,17;126016,97;125088,84;125328,36;1582502527,00;62364
WINFUT;19/05/2017;15:30:00;125757,49;126316,37;125408,20;125897,21;1445357896,00;57246
WINFUT;19/05/2017;15:00:00;125687,63;125917,17;125438,14;125767,47;1000052017,00;39826
WINFUT;19/05/2017;14:30:00;125967,07;126026,95;125028,96;125687,63;1549289215,00;61781
WINFUT;19/05/2017;14:00:00;126476,05;126765,47;125887,23;125977,05;1345777841,00;53356
WINFUT;19/05/2017;13:30:00;126915,17;127034,93;126276,45;126466,07;868635884,40;34515
WINFUT;19/05/2017;13:00:00;126695,61;126975,05;126496,01;126915,17;688357860,80;27280
WINFUT;19/05/2017;12:30:00;127513,97;127533,93;126605,79;126705,59;1170290199,00;46526
WINFUT;19/05/2017;12:00:00;126625,75;127623,75;126615,77;127503,99;1265219592,00;50245
WINFUT;19/05/2017;11:30:00;127434,13;127543,91;126466,07;126645,71;1731203952,00;68666
WINFUT;19/05/2017;11:00:00;126176,65;127623,75;126076,85;127434,13;2763491244,00;109356
WINFUT;19/05/2017;10:30:00;125957,09;126196,61;124969,08;126166,67;2718381819,00;106900
WINFUT;19/05/2017;10:00:00;125717,57;125977,05;124819,38;125957,09;1839426654,00;72931
WINFUT;19/05/2017;09:30:00;125338,34;125997,01;125208,60;125737,53;1581724090,00;62144
WINFUT;19/05/2017;09:00:00;126346,31;126655,69;123781,46;125348,32;2378923410,00;95146
WINFUT;18/05/2017;17:30:00;122324,39;122733,57;121815,41;122733,57;311694155,90;13293
WINFUT;18/05/2017;17:00:00;122414,21;123352,32;121755,53;122354,33;685064473,50;29448
WINFUT;18/05/2017;16:30:00;123971,08;124060,90;122154,73;122414,21;965960468,40;41607
WINFUT;18/05/2017;16:00:00;125547,91;125707,59;122414,21;123981,06;1296057673,00;54694
WINFUT;18/05/2017;15:30:00;125787,43;127054,89;124599,82;125547,91;1850664091,00;73380
WINFUT;18/05/2017;15:00:00;123701,62;126176,65;123571,88;125777,45;1863258802,00;78366
WINFUT;18/05/2017;14:30:00;122843,35;123841,34;121875,29;123701,62;1375737685,00;59212
WINFUT;18/05/2017;14:00:00;122633,77;123551,92;122504,03;122833,37;948994533,90;41013
WINFUT;18/05/2017;13:30:00;122294,45;123342,34;122184,67;122623,79;1359550188,00;58682
WINFUT;18/05/2017;13:00:00;123102,82;123122,78;121236,57;122294,45;1648490032,00;71366
WINFUT;18/05/2017;12:30:00;122913,21;123681,66;122414,21;123072,88;1303323085,00;56853
WINFUT;18/05/2017;12:00:00;124420,18;124510,00;122454,13;122903,23;1772780472,00;77510
WINFUT;18/05/2017;11:30:00;122953,13;125268,48;122044,95;124420,18;1987209923,00;85162
WINFUT;18/05/2017;11:00:00;119629,80;123551,92;119549,96;122953,13;1529868210,00;65359
WINFUT;18/05/2017;10:30:00;122114,81;122114,81;115328,43;119490,08;160018701,80;7042
WINFUT;18/05/2017;10:00:00;122114,81;122114,81;122114,81;122114,81;5229499,80;226
WINFUT;18/05/2017;09:30:00;122114,81;122114,81;122114,81;122114,81;5908137,18;253
WINFUT;18/05/2017;09:00:00;122114,81;122114,81;122114,81;122114,81;72534359,79;3075
WINFUT;17/05/2017;17:30:00;135657,62;135827,28;135587,76;135697,54;560893793,20;20871
WINFUT;17/05/2017;17:00:00;135517,90;135767,40;135507,92;135647,64;889513963,70;33145
WINFUT;17/05/2017;16:30:00;135388,16;135657,62;135368,20;135517,90;1601504373,00;59753
WINFUT;17/05/2017;16:00:00;135188,56;135487,96;135028,88;135388,16;1377354439,00;51658
WINFUT;17/05/2017;15:30:00;135308,32;135408,12;134988,96;135168,60;1426016731,00;53492
WINFUT;17/05/2017;15:00:00;135547,84;135787,36;135188,56;135308,32;1893677725,00;70920
WINFUT;17/05/2017;14:30:00;135597,74;135837,26;135477,98;135547,84;1584418679,00;59235
WINFUT;17/05/2017;14:00:00;136096,73;136126,67;135567,80;135597,74;1434240219,00;53734
WINFUT;17/05/2017;13:30:00;136096,73;136166,59;135947,03;136096,73;1011489053,00;37897
WINFUT;17/05/2017;13:00:00;136366,19;136565,79;136076,77;136096,73;1209890686,00;45316
WINFUT;17/05/2017;12:30:00;136326,27;136495,93;136146,63;136366,19;1374819529,00;51306
WINFUT;17/05/2017;12:00:00;136465,99;136665,59;136306,31;136326,27;1748569085,00;65275
WINFUT;17/05/2017;11:30:00;136964,99;137493,93;136426,07;136465,99;3499114203,00;129853
WINFUT;17/05/2017;11:00:00;136964,99;137084,75;136725,47;136974,97;2120222849,00;79110
WINFUT;17/05/2017;10:30:00;137354,21;137563,79;136895,13;136964,99;3247738934,00;120776
WINFUT;17/05/2017;10:00:00;137354,21;137683,55;137044,83;137354,21;2610957514,00;96703
WINFUT;17/05/2017;09:30:00;137294,33;137503,91;137264,39;137354,21;1221148083,00;45116
WINFUT;17/05/2017;09:00:00;137723,47;137853,21;137134,65;137284,35;2253036176,00;82995
WINFUT;16/05/2017;17:30:00;138292,33;138491,92;138242,43;138452,01;455924558,70;16652
WINFUT;16/05/2017;17:00:00;138412,09;138422,07;138192,53;138302,31;687299984,90;25246
WINFUT;16/05/2017;16:30:00;138022,87;138541,82;137992,93;138422,07;1744557141,00;64109
WINFUT;16/05/2017;16:00:00;137763,39;138072,77;137723,47;138022,87;978834618,70;36060
WINFUT;16/05/2017;15:30:00;137933,05;138042,83;137683,55;137753,41;1442244148,00;52995
WINFUT;16/05/2017;15:00:00;138002,91;138262,39;137893,13;137933,05;1639907265,00;60237
WINFUT;16/05/2017;14:30:00;138072,77;138142,63;137953,01;138012,89;888256488,60;32710
WINFUT;16/05/2017;14:00:00;137643,63;138162,59;137444,03;138062,79;1979505393,00;72714
WINFUT;16/05/2017;13:30:00;137394,13;137683,55;137374,17;137653,61;968435498,80;35672
WINFUT;16/05/2017;13:00:00;137444,03;137513,89;137274,37;137404,11;857837566,10;31620
WINFUT;16/05/2017;12:30:00;137404,11;137533,85;137154,61;137444,03;1172645470,00;43291
WINFUT;16/05/2017;12:00:00;137134,65;137424,07;137034,85;137414,09;1462982508,00;54001
WINFUT;16/05/2017;11:30:00;137653,61;137683,55;137084,75;137134,65;2223754969,00;82321
WINFUT;16/05/2017;11:00:00;137783,35;137913,09;137583,75;137643,63;1778828328,00;65684
WINFUT;16/05/2017;10:30:00;138072,77;138192,53;137663,59;137793,33;2773571005,00;102445
WINFUT;16/05/2017;10:00:00;138402,11;138412,09;137992,93;138072,77;1890703696,00;69610
WINFUT;16/05/2017;09:30:00;138272,37;138561,78;138252,41;138402,11;1118773638,00;41167
WINFUT;16/05/2017;09:00:00;138222,47;138601,70;138032,85;138282,35;1544658513,00;57048
WINFUT;15/05/2017;17:30:00;137883,15;138002,91;137813,29;138002,91;449876702,10;16503
WINFUT;15/05/2017;17:00:00;137913,09;137933,05;137683,55;137893,13;558079444,10;20519
WINFUT;15/05/2017;16:30:00;137793,33;137943,03;137573,77;137903,11;1185000662,00;43850
WINFUT;15/05/2017;16:00:00;137833,25;137903,11;137643,63;137793,33;1075879764,00;39834
WINFUT;15/05/2017;15:30:00;137903,11;137992,93;137753,41;137823,27;881050956,40;32559
WINFUT;15/05/2017;15:00:00;138042,83;138102,71;137863,19;137913,09;1149891158,00;42398
WINFUT;15/05/2017;14:30:00;137733,45;138132,65;137703,51;138042,83;1515317426,00;55916
WINFUT;15/05/2017;14:00:00;137723,47;137823,27;137623,67;137743,43;906000860,00;33428
WINFUT;15/05/2017;13:30:00;137483,95;137803,31;137454,01;137743,43;1154701499,00;42690
WINFUT;15/05/2017;13:00:00;137493,93;137563,79;137244,43;137473,97;1344680045,00;49504
WINFUT;15/05/2017;12:30:00;137334,25;137673,57;137224,47;137493,93;1517892256,00;55844
WINFUT;15/05/2017;12:00:00;137404,11;137803,31;137324,27;137334,25;1873039164,00;68970
WINFUT;15/05/2017;11:30:00;137603,71;137723,47;137314,29;137404,11;1721463510,00;63640
WINFUT;15/05/2017;11:00:00;137354,21;137693,53;137004,91;137603,71;2670597763,00;99151
WINFUT;15/05/2017;10:30:00;137074,77;137434,05;136994,93;137354,21;2293055822,00;85188
WINFUT;15/05/2017;10:00:00;137982,95;138052,81;137064,79;137074,77;2938978886,00;108493
WINFUT;15/05/2017;09:30:00;137833,25;138062,79;137783,35;137992,93;698238022,60;25907
WINFUT;15/05/2017;09:00:00;137643,63;138072,77;137593,73;137833,25;1495177864,00;55397
WINFUT;12/05/2017;17:30:00;137074,77;137084,75;136695,53;136935,05;666681384,50;24860
WINFUT;12/05/2017;17:00:00;137354,21;137354,21;137034,85;137064,79;784904007,80;29207
WINFUT;12/05/2017;16:30:00;137174,57;137394,13;137084,75;137364,19;1112426383,00;41289
WINFUT;12/05/2017;16:00:00;137394,13;137434,05;137144,63;137174,57;970331691,50;35992
WINFUT;12/05/2017;15:30:00;137454,01;137523,87;137344,23;137394,13;726141994,80;26839
WINFUT;12/05/2017;15:00:00;137553,81;137593,73;137394,13;137454,01;675683309,80;25020
WINFUT;12/05/2017;14:30:00;137294,33;137623,67;137274,37;137563,79;1184302065,00;43725
WINFUT;12/05/2017;14:00:00;137384,15;137444,03;137274,37;137304,31;506423163,60;18760
WINFUT;12/05/2017;13:30:00;137364,19;137473,97;137234,45;137374,17;834344736,80;30933
WINFUT;12/05/2017;13:00:00;137384,15;137444,03;137194,53;137354,21;1156757371,00;42638
WINFUT;12/05/2017;12:30:00;137384,15;137723,47;137334,25;137374,17;1709168197,00;63028
WINFUT;12/05/2017;12:00:00;137214,49;137404,11;136994,93;137384,15;1613699886,00;60025
WINFUT;12/05/2017;11:30:00;137274,37;137384,15;136964,99;137204,51;1869845577,00;69475
WINFUT;12/05/2017;11:00:00;137753,41;137823,27;137244,43;137264,39;2007249686,00;74138
WINFUT;12/05/2017;10:30:00;137184,55;137853,21;136994,93;137753,41;2925785377,00;108278
WINFUT;12/05/2017;10:00:00;137493,93;137543,83;137154,61;137184,55;1607612110,00;59410
WINFUT;12/05/2017;09:30:00;137344,23;137633,65;137304,31;137483,95;1610127060,00;59312
WINFUT;12/05/2017;09:00:00;136026,87;137414,09;136026,87;137354,21;2557105642,00;95431
WINFUT;11/05/2017;17:30:00;135966,99;136056,81;135877,18;135907,11;403110602,70;15128
WINFUT;11/05/2017;17:00:00;136046,83;136166,59;135937,05;135966,99;784664488,80;29375
WINFUT;11/05/2017;16:30:00;135957,01;136176,57;135917,09;136036,85;1044343086,00;39014
WINFUT;11/05/2017;16:00:00;135947,03;136106,71;135887,16;135957,01;1017596789,00;38108
WINFUT;11/05/2017;15:30:00;136316,29;136336,25;135857,22;135947,03;1752181831,00;65534
WINFUT;11/05/2017;15:00:00;136226,47;136456,01;136226,47;136316,29;1600546297,00;59929
WINFUT;11/05/2017;14:30:00;136036,85;136236,45;136006,91;136216,49;896739455,80;33603
WINFUT;11/05/2017;14:00:00;136036,85;136286,35;135986,95;136036,85;1084542370,00;40671
WINFUT;11/05/2017;13:30:00;136256,41;136296,33;135957,01;136036,85;1171906953,00;43894
WINFUT;11/05/2017;13:00:00;136096,73;136266,39;136056,81;136256,41;1071827899,00;40120
WINFUT;11/05/2017;12:30:00;136016,89;136156,61;135917,09;136096,73;1094642091,00;40993
WINFUT;11/05/2017;12:00:00;135887,16;136176,57;135807,32;136016,89;2081540519,00;78070
WINFUT;11/05/2017;11:30:00;135517,90;135907,11;135438,06;135887,16;1598969463,00;60133
WINFUT;11/05/2017;11:00:00;135388,16;135947,03;135238,46;135527,88;2722952641,00;102313
WINFUT;11/05/2017;10:30:00;135897,14;136076,77;135308,32;135378,18;3730170270,00;140098
WINFUT;11/05/2017;10:00:00;135647,64;136116,69;135647,64;135897,14;2246050203,00;84371
WINFUT;11/05/2017;09:30:00;135338,26;135687,56;135218,50;135637,66;1284161559,00;48399
WINFUT;11/05/2017;09:00:00;135697,54;135857,22;135248,44;135318,30;1531504924,00;57705
WINFUT;10/05/2017;17:30:00;135817,30;135986,95;135797,34;135907,11;429976659,00;16053
WINFUT;10/05/2017;17:00:00;135797,34;135867,20;135697,54;135807,32;676242187,60;25224
WINFUT;10/05/2017;16:30:00;135587,76;135797,34;135547,84;135797,34;1310548577,00;48979
WINFUT;10/05/2017;16:00:00;135308,32;135697,54;135258,42;135587,76;1224401550,00;45954
WINFUT;10/05/2017;15:30:00;135268,40;135497,94;135218,50;135298,34;1010590856,00;37956
WINFUT;10/05/2017;15:00:00;135138,66;135338,26;135068,80;135268,40;977118065,30;36772
WINFUT;10/05/2017;14:30:00;135218,50;135268,40;134949,04;135148,64;1591624211,00;59693
WINFUT;10/05/2017;14:00:00;135527,88;135667,60;135208,52;135208,52;1190848920,00;44636
WINFUT;10/05/2017;13:30:00;135398,14;135547,84;135338,26;135537,86;899813283,90;33730
WINFUT;10/05/2017;13:00:00;135517,90;135647,64;135368,20;135408,12;953465556,70;35705
WINFUT;10/05/2017;12:30:00;135577,78;135737,46;135428,08;135487,96;1436715250,00;53704
WINFUT;10/05/2017;12:00:00;135917,09;135966,99;135477,98;135567,80;1798468892,00;67337
WINFUT;10/05/2017;11:30:00;135318,30;136136,65;135318,30;135927,07;3070574658,00;114892
WINFUT;10/05/2017;11:00:00;135458,02;135587,76;135278,38;135318,30;1579608338,00;59379
WINFUT;10/05/2017;10:30:00;135348,24;135697,54;135288,36;135458,02;2467665227,00;92412
WINFUT;10/05/2017;10:00:00;134919,10;135378,18;134849,24;135358,22;2277546962,00;85393
WINFUT;10/05/2017;09:30:00;134919,10;134978,98;134799,34;134919,10;728217826,80;27457
WINFUT;10/05/2017;09:00:00;134320,30;134939,06;134060,82;134929,08;1508331453,00;56946
WINFUT;09/05/2017;17:30:00;133761,42;133851,24;133571,80;133571,80;463130090,90;17538
WINFUT;09/05/2017;17:00:00;133651,64;133781,38;133571,80;133761,42;652250360,30;24627
WINFUT;09/05/2017;16:30:00;133681,58;133741,46;133481,98;133661,62;1129492117,00;42906
WINFUT;09/05/2017;16:00:00;133501,94;133711,52;133462,02;133681,58;878276527,10;33404
WINFUT;09/05/2017;15:30:00;133651,64;133831,28;133491,96;133511,92;1007277509,00;38280
WINFUT;09/05/2017;15:00:00;133921,10;133941,06;133551,84;133661,62;1146657650,00;43494
WINFUT;09/05/2017;14:30:00;133641,66;133980,98;133561,82;133921,10;1281347210,00;48430
WINFUT;09/05/2017;14:00:00;133891,16;134030,88;133551,84;133641,66;1436495691,00;54315
WINFUT;09/05/2017;13:30:00;133881,18;133961,02;133791,36;133891,16;908296251,20;34305
WINFUT;09/05/2017;13:00:00;134050,84;134190,56;133781,38;133881,18;1390048950,00;52592
WINFUT;09/05/2017;12:30:00;133831,28;134100,74;133771,40;134060,82;1385837406,00;52607
WINFUT;09/05/2017;12:00:00;133382,18;133851,24;133322,30;133831,28;2151599848,00;81425
WINFUT;09/05/2017;11:30:00;133092,77;133472,00;133082,79;133372,20;1715854771,00;64910
WINFUT;09/05/2017;11:00:00;132813,33;133292,37;132813,33;133082,79;2323873943,00;88034
WINFUT;09/05/2017;10:30:00;132573,81;133052,85;132533,89;132813,33;2879657996,00;109192
WINFUT;09/05/2017;10:00:00;132893,17;133022,91;132553,85;132573,81;1916132638,00;72646
WINFUT;09/05/2017;09:30:00;132933,09;133002,95;132793,37;132903,15;654386072,00;24810
WINFUT;09/05/2017;09:00:00;132813,33;133132,69;132733,49;132923,11;957697060,30;36510
WINFUT;08/05/2017;17:30:00;132114,73;132493,97;132094,77;132493,97;424966718,30;16116
WINFUT;08/05/2017;17:00:00;131984,99;132204,55;131915,13;132114,73;604206825,90;22959
WINFUT;08/05/2017;16:30:00;131735,49;132074,81;131675,61;131994,97;1010211617,00;38538
WINFUT;08/05/2017;16:00:00;132124,71;132134,69;131585,79;131725,51;1213982470,00;46295
WINFUT;08/05/2017;15:30:00;132084,79;132214,53;131984,99;132134,69;666302146,00;25353
WINFUT;08/05/2017;15:00:00;132084,79;132254,45;131994,97;132084,79;765762441,80;29274
WINFUT;08/05/2017;14:30:00;131905,15;132124,71;131815,33;132084,79;719595140,10;27471
WINFUT;08/05/2017;14:00:00;131845,27;132034,89;131765,43;131915,13;778496872,60;29624
WINFUT;08/05/2017;13:30:00;131835,29;132054,85;131685,59;131845,27;887038933,30;33842
WINFUT;08/05/2017;13:00:00;132064,83;132154,65;131795,37;131835,29;1029133624,00;39075
WINFUT;08/05/2017;12:30:00;131885,19;132264,43;131835,29;132064,83;1651284421,00;62667
WINFUT;08/05/2017;12:00:00;132623,71;132623,71;131875,21;131875,21;2154993035,00;81810
WINFUT;08/05/2017;11:30:00;132813,33;133212,53;132563,83;132613,73;2329342962,00;88444
WINFUT;08/05/2017;11:00:00;132803,35;133002,95;132713,53;132813,33;1796632579,00;68474
WINFUT;08/05/2017;10:30:00;132104,75;132863,23;132094,77;132793,37;2967481656,00;112834
WINFUT;08/05/2017;10:00:00;132044,87;132194,57;131655,65;132094,77;2008527121,00;76560
WINFUT;08/05/2017;09:30:00;132184,59;132214,53;131945,07;132054,85;745183761,30;28471
WINFUT;08/05/2017;09:00:00;132134,69;132374,21;131835,29;132194,57;1238972294,00;47314
WINFUT;05/05/2017;17:30:00;132583,79;132663,63;132533,89;132613,73;396144589,70;14985
WINFUT;05/05/2017;17:00:00;132663,63;132783,39;132563,83;132573,81;749535024,50;28476
WINFUT;05/05/2017;16:30:00;132493,97;132693,57;132454,05;132663,63;948016497,70;35967
WINFUT;05/05/2017;16:00:00;132344,27;132673,61;132284,39;132503,95;991030131,60;37707
WINFUT;05/05/2017;15:30:00;132344,27;132424,11;132054,85;132334,29;1350548263,00;51348
WINFUT;05/05/2017;15:00:00;132344,27;132434,09;132204,55;132344,27;915741302,40;34732
WINFUT;05/05/2017;14:30:00;132414,13;132583,79;132284,39;132344,27;1026399115,00;39080
WINFUT;05/05/2017;14:00:00;132204,55;132513,93;132184,59;132424,11;1219990407,00;46443
WINFUT;05/05/2017;13:30:00;132214,53;132374,21;131965,03;132184,59;1316636354,00;50050
WINFUT;05/05/2017;13:00:00;132593,77;132703,55;132144,67;132214,53;1645575883,00;62497
WINFUT;05/05/2017;12:30:00;132184,59;132753,45;132074,81;132583,79;2035393177,00;77202
WINFUT;05/05/2017;12:00:00;131915,13;132234,49;131795,37;132184,59;1655994963,00;63059
WINFUT;05/05/2017;11:30:00;132154,65;132374,21;131805,35;131905,15;1757710730,00;67040
WINFUT;05/05/2017;11:00:00;132004,95;132284,39;131875,21;132164,63;2009105959,00;76408
WINFUT;05/05/2017;10:30:00;131336,29;132014,93;131146,67;131994,97;3244345747,00;123345
WINFUT;05/05/2017;10:00:00;130927,11;131366,23;130707,56;131336,29;2187248270,00;83469
WINFUT;05/05/2017;09:30:00;130098,78;131086,79;129949,08;130927,11;2147847383,00;81945
WINFUT;05/05/2017;09:00:00;130587,80;130627,72;130018,94;130098,78;1272385205,00;48970
WINFUT;04/05/2017;17:30:00;130607,76;130707,56;130468,04;130468,04;510694587,10;19526
WINFUT;04/05/2017;17:00:00;130597,78;130807,35;130587,80;130617,74;584945500,30;22358
WINFUT;04/05/2017;16:30:00;130737,49;130847,27;130557,86;130597,78;893246469,30;34220
WINFUT;04/05/2017;16:00:00;130557,86;130907,15;130517,94;130747,47;996339471,00;38313
WINFUT;04/05/2017;15:30:00;130777,41;130917,13;130527,92;130557,86;1403901137,00;53651
WINFUT;04/05/2017;15:00:00;130747,47;130887,19;130517,94;130777,41;1491425398,00;56951
WINFUT;04/05/2017;14:30:00;130667,64;130996,97;130657,66;130757,45;949273972,90;36286
WINFUT;04/05/2017;14:00:00;130847,27;131026,91;130547,88;130667,64;1396016967,00;53273
WINFUT;04/05/2017;13:30:00;130857,25;130996,97;130507,96;130837,29;1584917677,00;60305
WINFUT;04/05/2017;13:00:00;131126,71;131246,47;130807,35;130867,23;1623200809,00;61909
WINFUT;04/05/2017;12:30:00;131306,35;131485,99;131076,81;131106,75;1028814266,00;39150
WINFUT;04/05/2017;12:00:00;131206,55;131505,95;131126,71;131306,35;1532043842,00;58355
WINFUT;04/05/2017;11:30:00;132224,51;132244,47;130967,03;131216,53;3154166815,00;120012
WINFUT;04/05/2017;11:00:00;132044,87;132314,33;131815,33;132224,51;2180541736,00;82719
WINFUT;04/05/2017;10:30:00;132474,01;132533,89;131675,61;132034,89;3049237501,00;115842
WINFUT;04/05/2017;10:00:00;132863,23;132913,13;132354,25;132474,01;1926132559,00;73478
WINFUT;04/05/2017;09:30:00;132873,21;132953,05;132573,81;132853,25;1146917129,00;43689
WINFUT;04/05/2017;09:00:00;133232,49;133292,37;132444,07;132883,19;1454020503,00;55394
WINFUT;03/05/2017;17:30:00;133132,69;133252,45;133052,85;133152,65;389477975,40;14834
WINFUT;03/05/2017;17:00:00;133412,12;133442,06;133082,79;133122,71;990411373,90;37719
WINFUT;03/05/2017;16:30:00;133392,16;133691,56;133362,22;133422,10;1008175705,00;38474
WINFUT;03/05/2017;16:00:00;133891,16;134040,86;133282,39;133402,14;1912779371,00;72902
WINFUT;03/05/2017;15:30:00;133362,22;133990,96;133252,45;133871,20;1511026043,00;57314
WINFUT;03/05/2017;15:00:00;133481,98;133811,32;133242,47;133362,22;1967729038,00;74837
WINFUT;03/05/2017;14:30:00;133362,22;133631,68;133232,49;133472,00;1039133546,00;39368
WINFUT;03/05/2017;14:00:00;133392,16;133711,52;133292,37;133372,20;1185779099,00;44941
WINFUT;03/05/2017;13:30:00;133761,42;133831,28;133292,37;133372,20;1438870922,00;54525
WINFUT;03/05/2017;13:00:00;133631,68;133851,24;133352,24;133751,44;1739846599,00;65864
WINFUT;03/05/2017;12:30:00;133312,33;133731,48;133312,33;133631,68;1407154604,00;53440
WINFUT;03/05/2017;12:00:00;133322,30;133621,70;133052,85;133302,35;2023836382,00;76915
WINFUT;03/05/2017;11:30:00;133821,30;133911,12;133262,43;133332,28;2463912762,00;93411
WINFUT;03/05/2017;11:00:00;134539,86;134579,78;133601,74;133821,30;2571836065,00;97386
WINFUT;03/05/2017;10:30:00;133971,00;134569,80;133651,64;134539,86;2994367672,00;113389
WINFUT;03/05/2017;10:00:00;134529,88;134539,86;133941,06;133971,00;1967808878,00;74590
WINFUT;03/05/2017;09:30:00;134699,54;134789,36;134430,08;134529,88;991309570,50;37618
WINFUT;03/05/2017;09:00:00;134549,84;134789,36;134200,54;134699,54;1283403082,00;48772
WINFUT;02/05/2017;17:30:00;134909,12;135138,66;134869,20;135138,66;613987188,10;23051
WINFUT;02/05/2017;17:00:00;134889,16;134978,98;134729,48;134909,12;727579109,30;27435
WINFUT;02/05/2017;16:30:00;134599,74;134969,00;134569,80;134899,14;1245618948,00;46997
WINFUT;02/05/2017;16:00:00;134539,86;134819,30;134509,92;134599,74;1069712148,00;40451
WINFUT;02/05/2017;15:30:00;134939,06;135028,88;134499,94;134539,86;1666334203,00;62857
WINFUT;02/05/2017;15:00:00;135038,86;135198,54;134909,12;134939,06;1123384380,00;42365
WINFUT;02/05/2017;14:30:00;134949,04;135218,50;134889,16;135038,86;1330688139,00;50041
WINFUT;02/05/2017;14:00:00;134819,30;135148,64;134789,36;134959,02;1308772144,00;49327
WINFUT;02/05/2017;13:30:00;134869,20;134988,96;134689,56;134829,28;896380177,20;33856
WINFUT;02/05/2017;13:00:00;134340,26;134919,10;134320,30;134859,22;1596474473,00;60433
WINFUT;02/05/2017;12:30:00;134400,14;134519,90;134270,40;134330,28;1066219161,00;40511
WINFUT;02/05/2017;12:00:00;134579,78;134619,70;134320,30;134400,14;1135679693,00;43075
WINFUT;02/05/2017;11:30:00;134310,32;134669,60;134220,50;134589,76;1854616155,00;70207
WINFUT;02/05/2017;11:00:00;133980,98;134330,28;133861,22;134300,34;1590127217,00;60430
WINFUT;02/05/2017;10:30:00;133591,76;134060,82;133511,92;133971,00;2222158176,00;84451
WINFUT;02/05/2017;10:00:00;132553,85;133611,72;132513,93;133581,78;1898527986,00;72296
WINFUT;02/05/2017;09:30:00;132483,99;132633,69;132354,25;132563,83;764604766,30;29179
WINFUT;02/05/2017;09:00:00;132733,49;132853,25;132404,15;132493,97;948256016,80;36220
WINFUT;28/04/2017;17:30:00;132084,79;132164,63;132034,89;132134,69;347602057,20;13199
WINFUT;28/04/2017;17:00:00;132054,85;132084,79;131925,11;132074,81;604047146,50;22937
WINFUT;28/04/2017;16:30:00;131865,23;132104,75;131705,55;132044,87;1189751124,00;45230
WINFUT;28/04/2017;16:00:00;131825,31;131945,07;131755,45;131875,21;512910138,60;19753
WINFUT;28/04/2017;15:30:00;131855,25;131984,99;131675,61;131835,29;911110600,30;34611
WINFUT;28/04/2017;15:00:00;131835,29;132124,71;131765,43;131855,25;1071947659,00;40743
WINFUT;28/04/2017;14:30:00;131755,45;131945,07;131635,69;131825,31;665084590,70;25305
WINFUT;28/04/2017;14:00:00;131905,15;131975,01;131705,55;131765,43;699635217,20;26592
WINFUT;28/04/2017;13:30:00;131725,51;131975,01;131655,65;131915,13;804863930,70;30709
WINFUT;28/04/2017;13:00:00;131705,55;131845,27;131565,83;131725,51;757079875,30;28828
WINFUT;28/04/2017;12:30:00;132144,67;132224,51;131655,65;131695,57;1501445280,00;57036
WINFUT;28/04/2017;12:00:00;131675,61;132204,55;131525,91;132164,63;1481904515,00;56408
WINFUT;28/04/2017;11:30:00;131675,61;131885,19;131456,05;131665,63;1471465476,00;56113
WINFUT;28/04/2017;11:00:00;131136,69;131715,53;130996,97;131675,61;2065053623,00;78617
WINFUT;28/04/2017;10:30:00;130488,00;131266,43;130468,04;131156,65;2474052403,00;94824
WINFUT;28/04/2017;10:00:00;130667,64;130897,17;130368,24;130478,02;1582662206,00;60562
WINFUT;28/04/2017;09:30:00;130927,11;130967,03;130567,84;130657,66;903386110,10;34585
WINFUT;28/04/2017;09:00:00;131266,43;131456,05;130837,29;130947,07;1171946873,00;44867
WINFUT;27/04/2017;17:30:00;130637,70;130747,47;130577,82;130727,51;446323835,80;17012
WINFUT;27/04/2017;17:00:00;130438,10;130647,68;130348,28;130637,70;838656080,20;31951
WINFUT;27/04/2017;16:30:00;130637,70;130757,45;130258,46;130438,10;1481126078,00;56520
WINFUT;27/04/2017;16:00:00;130737,49;130777,41;130448,08;130647,68;1000171776,00;38143
WINFUT;27/04/2017;15:30:00;130697,58;130837,29;130497,98;130727,51;1224122111,00;46600
WINFUT;27/04/2017;15:00:00;130897,17;131046,87;130647,68;130687,60;1431665389,00;54498
WINFUT;27/04/2017;14:30:00;130797,37;130927,11;130478,02;130917,13;1278413101,00;48850
WINFUT;27/04/2017;14:00:00;130817,33;130967,03;130657,66;130797,37;1386536004,00;52796
WINFUT;27/04/2017;13:30:00;130408,16;130857,25;130298,38;130797,37;1327055433,00;50697
WINFUT;27/04/2017;13:00:00;129919,14;130478,02;129879,22;130408,16;1199152248,00;45846
WINFUT;27/04/2017;12:30:00;130547,88;130677,62;129799,38;129919,14;1902779449,00;72596
WINFUT;27/04/2017;12:00:00;130458,06;130787,39;130198,58;130547,88;1995812650,00;76291
WINFUT;27/04/2017;11:30:00;131356,25;131396,17;130318,34;130458,06;2613492424,00;99626
WINFUT;27/04/2017;11:00:00;131066,83;131436,09;130967,03;131346,27;1871462330,00;71431
WINFUT;27/04/2017;10:30:00;131785,39;131795,37;131036,89;131066,83;2553512856,00;97344
WINFUT;27/04/2017;10:00:00;131785,39;131994,97;131625,71;131785,39;1615755758,00;61504
WINFUT;27/04/2017;09:30:00;131935,09;132074,81;131715,53;131785,39;731231775,20;28016
WINFUT;27/04/2017;09:00:00;131515,93;132054,85;131356,25;131935,09;1194621345,00;45558
WINFUT;26/04/2017;17:30:00;131126,71;131236,49;130996,97;131036,89;252692623,80;9618
WINFUT;26/04/2017;17:00:00;131176,61;131226,51;131046,87;131136,69;622370355,70;23723
WINFUT;26/04/2017;16:30:00;131456,05;131655,65;131096,77;131176,61;1536295305,00;58627
WINFUT;26/04/2017;16:00:00;131635,69;131735,49;131336,29;131456,05;1160769316,00;44243
WINFUT;26/04/2017;15:30:00;131695,57;131855,25;131515,93;131635,69;1295339116,00;49368
WINFUT;26/04/2017;15:00:00;131396,17;131965,03;131116,73;131685,59;2120582128,00;80689
WINFUT;26/04/2017;14:30:00;131306,35;131585,79;131006,95;131386,19;2056790214,00;78213
WINFUT;26/04/2017;14:00:00;131246,47;131436,09;130967,03;131306,35;1694797053,00;64683
WINFUT;26/04/2017;13:30:00;131915,13;132024,91;131046,87;131246,47;1964455611,00;74697
WINFUT;26/04/2017;13:00:00;131705,55;132184,59;131615,73;131905,15;1651863259,00;62774
WINFUT;26/04/2017;12:30:00;132304,35;132364,23;131555,85;131715,53;2036291374,00;77369
WINFUT;26/04/2017;12:00:00;132134,69;132384,19;131945,07;132304,35;1700425751,00;64602
WINFUT;26/04/2017;11:30:00;131436,09;132304,35;131426,11;132144,67;2747503346,00;104695
WINFUT;26/04/2017;11:00:00;131326,31;131585,79;131266,43;131426,11;1716094291,00;65461
WINFUT;26/04/2017;10:30:00;130817,33;131406,15;130707,56;131326,31;2437186425,00;93126
WINFUT;26/04/2017;10:00:00;131096,77;131306,35;130687,60;130807,35;1956691201,00;74983
WINFUT;26/04/2017;09:30:00;130887,19;131116,73;130827,31;131096,77;717659027,60;27593
WINFUT;26/04/2017;09:00:00;131246,47;131476,01;130797,37;130877,21;1227994336,00;47123
WINFUT;25/04/2017;17:30:00;131695,57;131755,45;131625,71;131635,69;374787472,20;14281
WINFUT;25/04/2017;17:00:00;131655,65;131755,45;131515,93;131685,59;856320612,00;32586
WINFUT;25/04/2017;16:30:00;131545,87;131775,41;131396,17;131655,65;1644997045,00;62505
WINFUT;25/04/2017;16:00:00;131476,01;131685,59;131406,15;131545,87;1248932295,00;47559
WINFUT;25/04/2017;15:30:00;131356,25;131485,99;131156,65;131476,01;1186318017,00;45249
WINFUT;25/04/2017;15:00:00;130957,05;131485,99;130857,25;131356,25;1771562916,00;67552
WINFUT;25/04/2017;14:30:00;130757,45;130977,01;130627,72;130947,07;1075041447,00;41118
WINFUT;25/04/2017;14:00:00;130757,45;131096,77;130667,64;130757,45;1834935671,00;69886
WINFUT;25/04/2017;13:30:00;130517,94;130847,27;130208,56;130777,41;1392783460,00;53190
WINFUT;25/04/2017;13:00:00;130398,18;130687,60;130338,30;130517,94;1170050680,00;44704
WINFUT;25/04/2017;12:30:00;130617,74;130647,68;130198,58;130378,22;1615376520,00;61754
WINFUT;25/04/2017;12:00:00;130677,62;130877,21;130517,94;130627,72;1734177981,00;66213
WINFUT;25/04/2017;11:30:00;130088,80;130677,62;129949,08;130677,62;1790983921,00;68647
WINFUT;25/04/2017;11:00:00;130258,46;130597,78;130048,88;130078,82;2066670376,00;79039
WINFUT;25/04/2017;10:30:00;129480,02;130288,40;129150,68;130258,46;2833570534,00;109821
WINFUT;25/04/2017;10:00:00;129629,72;129789,40;129420,14;129470,04;1814935829,00;71568
WINFUT;25/04/2017;09:30:00;129629,72;129729,52;129350,28;129649,68;998175784,00;39355
WINFUT;25/04/2017;09:00:00;130737,49;130777,41;129420,14;129619,74;1922000855,00;74512
WINFUT;24/04/2017;17:30:00;130408,16;130607,76;130378,22;130577,82;383110760,00;14587
WINFUT;24/04/2017;17:00:00;130268,44;130527,92;130198,58;130408,16;619017088,70;23635
WINFUT;24/04/2017;16:30:00;130218,54;130398,18;130058,86;130258,46;1122885382,00;43048
WINFUT;24/04/2017;16:00:00;130308,36;130507,96;130168,64;130218,54;874603901,30;33538
WINFUT;24/04/2017;15:30:00;130228,52;130527,92;130198,58;130298,38;1016778432,00;39034
WINFUT;24/04/2017;15:00:00;130398,18;130418,14;130098,78;130228,52;1222106159,00;46925
WINFUT;24/04/2017;14:30:00;130338,30;130677,62;130268,44;130408,16;1067716155,00;40762
WINFUT;24/04/2017;14:00:00;130408,16;130587,80;130278,42;130328,32;940152288,10;35787
WINFUT;24/04/2017;13:30:00;130647,68;130667,64;130218,54;130408,16;1379210712,00;52683
WINFUT;24/04/2017;13:00:00;130627,72;130897,17;130547,88;130647,68;1011988051,00;38575
WINFUT;24/04/2017;12:30:00;130797,37;130907,15;130497,98;130637,70;1327175193,00;50737
WINFUT;24/04/2017;12:00:00;130967,03;131116,73;130647,68;130797,37;1649408188,00;62958
WINFUT;24/04/2017;11:30:00;130637,70;130996,97;130517,94;130967,03;1995912450,00;76200
WINFUT;24/04/2017;11:00:00;130298,38;130677,62;130118,74;130637,70;1796093662,00;68691
WINFUT;24/04/2017;10:30:00;130478,02;130547,88;129979,02;130288,40;2184254282,00;83624
WINFUT;24/04/2017;10:00:00;130647,68;130807,35;130398,18;130488,00;1317893829,00;50341
WINFUT;24/04/2017;09:30:00;130537,90;130697,58;130428,12;130647,68;640673605,00;24422
WINFUT;24/04/2017;09:00:00;130747,47;130837,29;130258,46;130537,90;1140929152,00;43721
WINFUT;20/04/2017;17:30:00;128771,44;129000,98;128771,44;129000,98;261295350,60;10278
WINFUT;20/04/2017;17:00:00;128711,56;128891,20;128631,72;128761,46;655124589,20;25775
WINFUT;20/04/2017;16:30:00;128911,16;129050,88;128581,82;128721,54;1150889154,00;45309
WINFUT;20/04/2017;16:00:00;129020,94;129090,80;128631,72;128911,16;1042187414,00;40974
WINFUT;20/04/2017;15:30:00;128841,30;129180,62;128711,56;129030,92;1320827938,00;51837
WINFUT;20/04/2017;15:00:00;128971,04;129020,94;128601,78;128841,30;1173763226,00;46165
WINFUT;20/04/2017;14:30:00;128382,22;129020,94;128252,48;128971,04;1675196409,00;65739
WINFUT;20/04/2017;14:00:00;128462,06;128731,52;128242,50;128382,22;1339011427,00;52694
WINFUT;20/04/2017;13:30:00;128731,52;128841,30;128292,40;128452,08;1869606058,00;73553
WINFUT;20/04/2017;13:00:00;129230,52;129370,24;128621,74;128731,52;2002439344,00;78371
WINFUT;20/04/2017;12:30:00;129450,08;129809,36;129030,92;129240,50;1764956182,00;69172
WINFUT;20/04/2017;12:00:00;129290,40;129519,94;128821,34;129440,10;2256948321,00;88465
WINFUT;20/04/2017;11:30:00;129320,34;129909,16;129220,54;129290,40;2553991894,00;99802
WINFUT;20/04/2017;11:00:00;128492,00;129450,08;128472,04;129330,32;2063416909,00;81048
WINFUT;20/04/2017;10:30:00;129440,10;129499,98;128402,18;128492,00;2875646051,00;112883
WINFUT;20/04/2017;10:00:00;129160,66;129529,92;129120,74;129440,10;1316436754,00;51780
WINFUT;20/04/2017;09:30:00;129120,74;129290,40;129020,94;129140,70;689914734,80;27181
WINFUT;20/04/2017;09:00:00;129040,90;129260,46;128691,60;129130,72;1071967619,00;42374
WINFUT;19/04/2017;17:30:00;128102,79;128232,52;128062,87;128202,58;317781932,40;12458
WINFUT;19/04/2017;17:00:00;128162,66;128342,30;128042,91;128102,79;609136926,80;23939
WINFUT;19/04/2017;16:30:00;128122,75;128462,06;127943,11;128162,66;1587512467,00;62559
WINFUT;19/04/2017;16:00:00;128571,84;128791,40;128122,75;128132,73;1451685192,00;57143
WINFUT;19/04/2017;15:30:00;128951,08;129010,96;128472,04;128561,86;1235938385,00;48747
WINFUT;19/04/2017;15:00:00;129150,68;129370,24;128581,82;128931,12;2080901801,00;81656
WINFUT;19/04/2017;14:30:00;128791,40;129190,60;128641,70;129170,64;1633839448,00;64188
WINFUT;19/04/2017;14:00:00;129410,16;129420,14;128781,42;128791,40;1872360527,00;73327
WINFUT;19/04/2017;13:30:00;129410,16;129729,52;129400,18;129410,16;1251646845,00;48954
WINFUT;19/04/2017;13:00:00;129050,88;129480,02;128841,30;129400,18;1557213304,00;60773
WINFUT;19/04/2017;12:30:00;129759,46;129909,16;129000,98;129050,88;1678809155,00;65405
WINFUT;19/04/2017;12:00:00;129609,76;129909,16;129529,92;129749,48;1465876697,00;56589
WINFUT;19/04/2017;11:30:00;129889,20;129998,98;129340,30;129609,76;2212317934,00;86388
WINFUT;19/04/2017;11:00:00;130258,46;130328,32;129609,76;129899,18;1951202222,00;75348
WINFUT;19/04/2017;10:30:00;130567,84;130677,62;130058,86;130248,48;2455888873,00;94023
WINFUT;19/04/2017;10:00:00;130438,10;130797,37;130348,28;130567,84;1529369212,00;58652
WINFUT;19/04/2017;09:30:00;130617,74;130657,66;130378,22;130438,10;754345365,90;28855
WINFUT;19/04/2017;09:00:00;130238,50;130737,49;130168,64;130617,74;1390767507,00;53230
WINFUT;18/04/2017;17:30:00;129869,24;129959,06;129719,54;129839,30;463030291,30;17650
WINFUT;18/04/2017;17:00:00;129779,42;130068,84;129749,48;129879,22;543488740,50;20757
WINFUT;18/04/2017;16:30:00;129599,78;130158,66;129579,82;129779,42;1669368111,00;63861
WINFUT;18/04/2017;16:00:00;129480,02;129869,24;129370,24;129589,80;1543401038,00;60414
WINFUT;18/04/2017;15:30:00;130078,82;130208,56;129410,16;129480,02;1475237901,00;57099
WINFUT;18/04/2017;15:00:00;129789,40;130248,48;129779,42;130068,84;1687591521,00;64830
WINFUT;18/04/2017;14:30:00;129669,64;129929,12;129589,80;129789,40;1169531722,00;45310
WINFUT;18/04/2017;14:00:00;129629,72;129679,62;129210,56;129679,62;1167276251,00;45836
WINFUT;18/04/2017;13:30:00;129749,48;129839,30;129260,46;129639,70;1475277821,00;57796
WINFUT;18/04/2017;13:00:00;129869,24;129989,00;129609,76;129749,48;1171946873,00;45351
WINFUT;18/04/2017;12:30:00;130428,12;130428,12;129799,38;129879,22;1839686133,00;70604
WINFUT;18/04/2017;12:00:00;130497,98;131036,89;130388,20;130418,14;1789946005,00;68566
WINFUT;18/04/2017;11:30:00;130368,24;130567,84;130228,52;130488,00;1240209809,00;47717
WINFUT;18/04/2017;11:00:00;130068,84;130468,04;129929,12;130368,24;2166749430,00;83223
WINFUT;18/04/2017;10:30:00;129360,26;130208,56;129100,78;130078,82;2638222768,00;102848
WINFUT;18/04/2017;10:00:00;129589,80;129759,46;129240,50;129360,26;1708429680,00;67453
WINFUT;18/04/2017;09:30:00;129699,58;129789,40;129519,94;129599,78;818676197,40;32248
WINFUT;18/04/2017;09:00:00;129679,62;130078,82;129490,00;129699,58;1048614509,00;41174
WINFUT;17/04/2017;17:30:00;130587,80;130787,39;130468,04;130787,39;589935481,00;22519
WINFUT;17/04/2017;17:00:00;130587,80;130607,76;130358,26;130577,82;658637535,60;25160
WINFUT;17/04/2017;16:30:00;130318,34;130617,74;130118,74;130587,80;1419789235,00;54241
WINFUT;17/04/2017;16:00:00;130138,70;130398,18;130078,82;130328,32;963665077,30;36923
WINFUT;17/04/2017;15:30:00;129879,22;130298,38;129799,38;130128,72;1178693327,00;45137
WINFUT;17/04/2017;15:00:00;129609,76;130038,90;129539,90;129869,24;1580825893,00;61194
WINFUT;17/04/2017;14:30:00;129340,30;129709,56;129310,36;129599,78;1309051583,00;51527
WINFUT;17/04/2017;14:00:00;129110,76;129420,14;129040,90;129340,30;926858979,50;36454
WINFUT;17/04/2017;13:30:00;129170,64;129300,38;129040,90;129100,78;667240262,40;26194
WINFUT;17/04/2017;13:00:00;128931,12;129270,44;128911,16;129170,64;1045860040,00;41091
WINFUT;17/04/2017;12:30:00;129340,30;129440,10;128841,30;128941,10;1287295267,00;50592
WINFUT;17/04/2017;12:00:00;128541,90;129490,00;128482,02;129330,32;1730824714,00;68133
WINFUT;17/04/2017;11:30:00;128691,60;128801,38;128312,36;128551,88;1490826601,00;58891
WINFUT;17/04/2017;11:00:00;128551,88;128931,12;128452,08;128691,60;1748968284,00;69107
WINFUT;17/04/2017;10:30:00;128002,99;128591,80;127673,65;128541,90;2554431012,00;100905
WINFUT;17/04/2017;10:00:00;128072,85;128112,77;127733,53;128002,99;1528670615,00;60526
WINFUT;17/04/2017;09:30:00;127723,55;128112,77;127713,57;128072,85;835901610,80;33133
WINFUT;17/04/2017;09:00:00;127793,41;128022,95;127623,75;127713,57;626382300,20;25059
WINFUT;13/04/2017;17:30:00;127224,55;127344,31;127154,69;127284,43;361593963,10;14176
WINFUT;13/04/2017;17:00:00;127384,23;127464,07;127184,63;127234,53;746061997,90;29443
WINFUT;13/04/2017;16:30:00;128032,93;128122,75;127284,43;127374,25;1548550698,00;61299
WINFUT;13/04/2017;16:00:00;128302,38;128412,16;127893,21;128022,95;1218673052,00;48257
WINFUT;13/04/2017;15:30:00;128152,68;128412,16;128102,79;128312,36;944004553,20;37356
WINFUT;13/04/2017;15:00:00;127783,43;128182,62;127613,77;128152,68;1314161323,00;51884
WINFUT;13/04/2017;14:30:00;128122,75;128142,70;127683,63;127773,45;1223383594,00;48281
WINFUT;13/04/2017;14:00:00;128482,02;128492,00;127823,35;128122,75;1802600596,00;71039
WINFUT;13/04/2017;13:30:00;128591,80;128771,44;128452,08;128482,02;997137868,00;39162
WINFUT;13/04/2017;13:00:00;128991,00;129080,82;128382,22;128581,82;1455098339,00;57099
WINFUT;13/04/2017;12:30:00;128781,42;129020,94;128611,76;128991,00;1119132917,00;44057
WINFUT;13/04/2017;12:00:00;129420,14;129619,74;128661,66;128791,40;1698210200,00;66928
WINFUT;13/04/2017;11:30:00;129170,64;129719,54;129140,70;129410,16;1376496162,00;54127
WINFUT;13/04/2017;11:00:00;129320,34;129799,38;129050,88;129170,64;2192597530,00;86266
WINFUT;13/04/2017;10:30:00;129090,80;129499,98;128871,24;129320,34;2735746952,00;107606
WINFUT;13/04/2017;10:00:00;128741,50;129270,44;128711,56;129080,82;1409869154,00;55564
WINFUT;13/04/2017;09:30:00;128561,86;128801,38;128501,98;128741,50;784504809,40;31080
WINFUT;13/04/2017;09:00:00;129230,52;129230,52;128561,86;128581,82;1137336366,00;45004
WINFUT;12/04/2017;17:30:00;129460,06;129659,66;129300,38;129559,86;425505636,20;16555
WINFUT;12/04/2017;17:00:00;129749,48;129869,24;129270,44;129470,04;881130796,10;34323
WINFUT;12/04/2017;16:30:00;130058,86;130338,30;129619,74;129759,46;1313223207,00;50365
WINFUT;12/04/2017;16:00:00;129659,66;130228,52;129639,70;130048,88;1279670577,00;48953
WINFUT;12/04/2017;15:30:00;130018,94;130178,62;129619,74;129659,66;1509728648,00;57773
WINFUT;12/04/2017;15:00:00;130318,34;130398,18;129979,02;130018,94;1257515062,00;47962
WINFUT;12/04/2017;14:30:00;129919,14;130338,30;129679,62;130328,32;1498770650,00;57330
WINFUT;12/04/2017;14:00:00;130478,02;130687,60;129629,72;129909,16;2126709824,00;81351
WINFUT;12/04/2017;13:30:00;130008,96;130478,02;129899,18;130478,02;1173144468,00;44709
WINFUT;12/04/2017;13:00:00;129889,20;130058,86;129609,76;130018,94;1070330905,00;40967
WINFUT;12/04/2017;12:30:00;129839,30;129909,16;129440,10;129889,20;1285798273,00;49973
WINFUT;12/04/2017;12:00:00;130008,96;130198,58;129499,98;129839,30;1711303909,00;65929
WINFUT;12/04/2017;11:30:00;129699,58;130118,74;129689,60;130008,96;1831542485,00;69978
WINFUT;12/04/2017;11:00:00;129719,54;129989,00;129410,16;129699,58;1790225444,00;69464
WINFUT;12/04/2017;10:30:00;130428,12;130438,10;129589,80;129739,50;3369853742,00;128919
WINFUT;12/04/2017;10:00:00;130228,52;130607,76;130018,94;130408,16;1690625429,00;64606
WINFUT;12/04/2017;09:30:00;130218,54;130338,30;130058,86;130238,50;711032333,20;27255
WINFUT;12/04/2017;09:00:00;130148,68;130627,72;129929,12;130198,58;1080490506,00;41560
WINFUT;11/04/2017;17:30:00;130904,53;131097,08;130813,32;131076,81;309237505,10;11910
WINFUT;11/04/2017;17:00:00;130620,77;131127,49;130377,55;130904,53;1094076902,00;42261
WINFUT;11/04/2017;16:30:00;130377,55;130914,67;130286,34;130620,77;1877132665,00;73193
WINFUT;11/04/2017;16:00:00;131279,50;131532,86;130195,13;130377,55;2248574397,00;87870
WINFUT;11/04/2017;15:30:00;131299,77;131583,53;131178,16;131289,63;1717071802,00;66881
WINFUT;11/04/2017;15:00:00;131086,95;131380,84;130934,93;131299,77;1418921202,00;55413
WINFUT;11/04/2017;14:30:00;131168,02;131401,11;130803,19;131076,81;1547200954,00;60358
WINFUT;11/04/2017;14:00:00;130914,67;131289,63;130742,38;131168,02;1602270647,00;62485
WINFUT;11/04/2017;13:30:00;130945,07;131117,35;130590,37;130904,53;1520932893,00;59523
WINFUT;11/04/2017;13:00:00;130063,39;131026,14;129911,37;130955,20;2756930291,00;107655
WINFUT;11/04/2017;12:30:00;129323,58;130286,34;129323,58;130063,39;2685767357,00;105024
WINFUT;11/04/2017;12:00:00;128674,99;129333,72;128634,45;129323,58;2159737274,00;84495
WINFUT;11/04/2017;11:30:00;129587,07;129597,21;128381,09;128685,12;3781242790,00;147399
WINFUT;11/04/2017;11:00:00;130083,65;130326,88;129435,06;129587,07;2657107605,00;103667
WINFUT;11/04/2017;10:30:00;131036,28;131066,68;130032,98;130073,52;2864313151,00;111289
WINFUT;11/04/2017;10:00:00;131299,77;131532,86;130995,74;131036,28;1851310512,00;72203
WINFUT;11/04/2017;09:30:00;131360,57;131441,65;131228,83;131299,77;700542432,30;27316
WINFUT;11/04/2017;09:00:00;130833,59;131441,65;130681,58;131370,71;937076592,70;36758
WINFUT;10/04/2017;17:30:00;131117,35;131157,89;130914,67;130914,67;296812874,40;11528
WINFUT;10/04/2017;17:00:00;130995,74;131168,02;130863,99;131107,22;653134257,40;25418
WINFUT;10/04/2017;16:30:00;131066,68;131107,22;130671,44;131005,87;1236504112,00;48168
WINFUT;10/04/2017;16:00:00;131066,68;131218,69;130955,20;131066,68;951001097,20;36961
WINFUT;10/04/2017;15:30:00;131320,04;131380,84;131016,01;131076,81;1115845341,00;43396
WINFUT;10/04/2017;15:00:00;130823,46;131482,18;130813,32;131320,04;1771878003,00;68902
WINFUT;10/04/2017;14:30:00;130752,52;130995,74;130630,91;130823,46;1112805056,00;43331
WINFUT;10/04/2017;14:00:00;130641,04;130955,20;130600,50;130742,38;1080618574,00;42188
WINFUT;10/04/2017;13:30:00;130316,74;130701,85;130286,34;130651,17;1007084218,00;39189
WINFUT;10/04/2017;13:00:00;130276,21;130499,16;130124,19;130316,74;1189926948,00;46209
WINFUT;10/04/2017;12:30:00;131178,16;131208,56;129891,10;130276,21;2607003711,00;101446
WINFUT;10/04/2017;12:00:00;130691,71;131218,69;130286,34;131178,16;1640152596,00;63804
WINFUT;10/04/2017;11:30:00;130397,82;130853,86;130255,94;130691,71;1296762558,00;50702
WINFUT;10/04/2017;11:00:00;130701,85;130985,61;130306,61;130387,68;1759838475,00;68617
WINFUT;10/04/2017;10:30:00;131147,75;131320,04;130641,04;130701,85;2275572127,00;88557
WINFUT;10/04/2017;10:00:00;131401,11;131684,87;130975,47;131147,75;1749704193,00;68362
WINFUT;10/04/2017;09:30:00;131654,47;131684,87;131370,71;131390,98;752044857,50;29345
WINFUT;10/04/2017;09:00:00;130874,13;131877,42;130863,99;131654,47;837517398,50;32638
WINFUT;07/04/2017;17:30:00;130945,07;131127,49;130833,59;131127,49;382325952,60;14791
WINFUT;07/04/2017;17:00:00;130691,71;130995,74;130630,91;130945,07;671416503,60;26133
WINFUT;07/04/2017;16:30:00;130590,37;131036,28;130529,56;130691,71;1276514261,00;49884
WINFUT;07/04/2017;16:00:00;130478,89;130924,80;130316,74;130580,23;1259833231,00;49360
WINFUT;07/04/2017;15:30:00;131238,96;131249,10;130174,86;130478,89;2434579024,00;95138
WINFUT;07/04/2017;15:00:00;131431,51;131674,74;131218,69;131238,96;976823249,80;38096
WINFUT;07/04/2017;14:30:00;131836,88;131928,09;131421,38;131451,78;1483800881,00;57313
WINFUT;07/04/2017;14:00:00;131816,62;132029,44;131593,66;131826,75;1232572010,00;47138
WINFUT;07/04/2017;13:30:00;132009,17;132394,27;131796,35;131826,75;1492678513,00;56486
WINFUT;07/04/2017;13:00:00;132100,38;132272,66;131917,96;131999,03;1045695836,00;39541
WINFUT;07/04/2017;12:30:00;131421,38;132161,18;131350,44;132090,24;1813874471,00;69631
WINFUT;07/04/2017;12:00:00;131046,41;131492,32;130803,19;131421,38;1480699790,00;57584
WINFUT;07/04/2017;11:30:00;131127,49;131461,92;130934,93;131066,68;1236950021,00;48252
WINFUT;07/04/2017;11:00:00;130884,26;131320,04;130762,65;131137,62;1729395090,00;67354
WINFUT;07/04/2017;10:30:00;130326,88;131249,10;130114,06;130874,13;3046162722,00;118603
WINFUT;07/04/2017;10:00:00;130083,65;130529,56;129810,03;130316,74;1902650789,00;74433
WINFUT;07/04/2017;09:30:00;129992,45;130478,89;129972,18;130093,79;1179630517,00;46327
WINFUT;07/04/2017;09:00:00;130083,65;130154,59;129647,88;130012,71;1133661410,00;44518
WINFUT;06/04/2017;17:30:00;130124,19;130387,68;130073,52;130387,68;356848365,70;13811
WINFUT;06/04/2017;17:00:00;130053,25;130286,34;130032,98;130124,19;705954139,30;27453
WINFUT;06/04/2017;16:30:00;129921,51;130063,39;129708,69;130053,25;948325646,60;37054
WINFUT;06/04/2017;16:00:00;129769,49;129951,91;129414,79;129921,51;1871254780,00;73104
WINFUT;06/04/2017;15:30:00;130276,21;130468,76;129759,36;129769,49;1783309474,00;69497
WINFUT;06/04/2017;15:00:00;131147,75;131228,83;130144,46;130266,07;2075845682,00;80824
WINFUT;06/04/2017;14:30:00;131340,30;131461,92;130985,61;131147,75;1217147632,00;47496
WINFUT;06/04/2017;14:00:00;130945,07;131401,11;130803,19;131340,30;1137938078,00;44372
WINFUT;06/04/2017;13:30:00;131624,06;131654,47;130661,31;130945,07;1956281413,00;75979
WINFUT;06/04/2017;13:00:00;131684,87;131765,94;131461,92;131634,20;583511734,60;22735
WINFUT;06/04/2017;12:30:00;131684,87;131735,54;131299,77;131674,74;997193158,20;38801
WINFUT;06/04/2017;12:00:00;131502,45;131806,48;131441,65;131695,00;964945870,40;37457
WINFUT;06/04/2017;11:30:00;131269,37;131887,56;131168,02;131502,45;2082595114,00;80707
WINFUT;06/04/2017;11:00:00;131016,01;131309,90;130732,25;131259,23;1492759587,00;58098
WINFUT;06/04/2017;10:30:00;130671,44;131178,16;130600,50;131016,01;2677801811,00;104152
WINFUT;06/04/2017;10:00:00;131076,81;131421,38;130651,17;130681,58;1683162492,00;65634
WINFUT;06/04/2017;09:30:00;131036,28;131218,69;130934,93;131066,68;661484906,40;25789
WINFUT;06/04/2017;09:00:00;131441,65;131451,78;130752,52;131036,28;1258941414,00;49166
WINFUT;05/04/2017;17:30:00;131259,23;131269,37;130833,59;131127,49;548811950,30;21083
WINFUT;05/04/2017;17:00:00;131046,41;131390,98;131016,01;131249,10;840273923,50;32464
WINFUT;05/04/2017;16:30:00;131421,38;131522,72;130884,26;131046,41;2328189323,00;89872
WINFUT;05/04/2017;16:00:00;132029,44;132151,05;131309,90;131431,51;2185093250,00;83546
WINFUT;05/04/2017;15:30:00;133215,15;133286,09;131877,42;132039,57;3047378836,00;114829
WINFUT;05/04/2017;15:00:00;133458,37;133661,06;133002,33;133215,15;1908325987,00;71740
WINFUT;05/04/2017;14:30:00;133123,94;133488,77;133083,40;133448,24;851158143,20;32025
WINFUT;05/04/2017;14:00:00;133306,36;133427,97;133083,40;133123,94;968188840,90;36473
WINFUT;05/04/2017;13:30:00;133346,89;133519,18;133164,48;133296,22;1101880299,00;41478
WINFUT;05/04/2017;13:00:00;133275,95;133407,70;133063,13;133326,62;1213783050,00;45622
WINFUT;05/04/2017;12:30:00;132951,66;133306,36;132830,04;133275,95;1072632759,00;40462
WINFUT;05/04/2017;12:00:00;133620,52;133630,65;132921,25;132961,79;2157345584,00;81120
WINFUT;05/04/2017;11:30:00;134238,71;134248,84;133620,52;133620,52;2347140432,00;88064
WINFUT;05/04/2017;11:00:00;134015,76;134360,32;133924,55;134238,71;1577259237,00;59344
WINFUT;05/04/2017;10:30:00;134167,77;134360,32;133802,94;134015,76;2077791464,00;78229
WINFUT;05/04/2017;10:00:00;134289,38;134400,86;134076,56;134167,77;1512521438,00;56761
WINFUT;05/04/2017;09:30:00;134177,90;134350,19;134117,10;134279,25;795743884,90;29818
WINFUT;05/04/2017;09:00:00;134279,25;134421,13;134025,89;134177,90;1334137792,00;50158
WINFUT;04/04/2017;17:30:00;133600,25;133721,86;133498,91;133630,65;431619104,10;16207
WINFUT;04/04/2017;17:00:00;133468,50;133671,19;133438,10;133610,38;530854001,20;19990
WINFUT;04/04/2017;16:30:00;133296,22;133630,65;133275,95;133458,37;902660568,30;34093
WINFUT;04/04/2017;16:00:00;133387,43;133488,77;133235,42;133286,09;752896137,20;28467
WINFUT;04/04/2017;15:30:00;133306,36;133427,97;133123,94;133387,43;897451547,00;33913
WINFUT;04/04/2017;15:00:00;133286,09;133549,58;133235,42;133306,36;1101049288,00;41625
WINFUT;04/04/2017;14:30:00;133286,09;133468,50;133215,15;133296,22;853367416,80;32263
WINFUT;04/04/2017;14:00:00;132961,79;133407,70;132890,85;133286,09;1187170423,00;44852
WINFUT;04/04/2017;13:30:00;133144,21;133194,88;132890,85;132941,52;864028682,30;32661
WINFUT;04/04/2017;13:00:00;133053,00;133265,82;133012,46;133154,34;705305545,20;26599
WINFUT;04/04/2017;12:30:00;133042,86;133225,28;132971,92;133063,13;869845760,60;32823
WINFUT;04/04/2017;12:00:00;132363,87;133144,21;132363,87;133042,86;1804023948,00;68265
WINFUT;04/04/2017;11:30:00;132191,58;132485,48;132161,18;132363,87;1132039925,00;42891
WINFUT;04/04/2017;11:00:00;132546,28;132607,09;131999,03;132191,58;1489982793,00;56670
WINFUT;04/04/2017;10:30:00;132455,08;132698,30;132394,27;132556,42;1737178219,00;65850
WINFUT;04/04/2017;10:00:00;132140,91;132485,48;131978,76;132455,08;1948619895,00;73916
WINFUT;04/04/2017;09:30:00;132292,93;132333,46;132029,44;132140,91;785386647,90;29862
WINFUT;04/04/2017;09:00:00;132343,60;132455,08;132009,17;132282,79;1000233443,00;38038
WINFUT;03/04/2017;17:30:00;132718,57;132880,72;132596,96;132880,72;323121472,60;12164
WINFUT;03/04/2017;17:00:00;132728,70;132840,18;132536,15;132708,43;618211518,90;23264
WINFUT;03/04/2017;16:30:00;132232,12;132759,10;132151,05;132728,70;1100238546,00;41513
WINFUT;03/04/2017;16:00:00;132465,21;132546,28;132181,45;132211,85;999848340,30;37865
WINFUT;03/04/2017;15:30:00;132232,12;132617,22;132211,85;132475,34;1241267225,00;46934
WINFUT;03/04/2017;15:00:00;132211,85;132333,46;132069,97;132242,26;767570578,70;28995
WINFUT;03/04/2017;14:30:00;132374,00;132495,61;132110,51;132191,58;1072490879,00;40494
WINFUT;03/04/2017;14:00:00;132353,73;132485,48;132272,66;132374,00;736661016,20;27857
WINFUT;03/04/2017;13:30:00;132100,38;132394,27;132009,17;132363,87;878581512,40;33245
WINFUT;03/04/2017;13:00:00;131695,00;132120,64;131644,33;132090,24;813580222,60;30979
WINFUT;03/04/2017;12:30:00;132242,26;132242,26;131644,33;131705,14;1586927342,00;60464
WINFUT;03/04/2017;12:00:00;132272,66;132414,54;132049,70;132242,26;1397091957,00;52879
WINFUT;03/04/2017;11:30:00;132718,57;132941,52;132221,99;132272,66;1678926362,00;63611
WINFUT;03/04/2017;11:00:00;132536,15;132809,78;132171,32;132718,57;1720983635,00;65194
WINFUT;03/04/2017;10:30:00;132272,66;132900,98;132252,39;132536,15;2098222178,00;79411
WINFUT;03/04/2017;10:00:00;132211,85;132434,81;131786,21;132272,66;1658759139,00;62690
WINFUT;03/04/2017;09:30:00;132333,46;132333,46;132019,30;132211,85;1016671250,00;38439
WINFUT;03/04/2017;09:00:00;132526,02;132526,02;132130,78;132333,46;801054249,00;30360
WINFUT;31/03/2017;17:30:00;132090,24;132313,20;132019,30;132019,30;385183820,40;14546
WINFUT;31/03/2017;17:00:00;132303,06;132434,81;131968,63;132090,24;922625105,40;34849
WINFUT;31/03/2017;16:30:00;132576,69;132667,90;132201,72;132292,93;1276392649,00;48372
WINFUT;31/03/2017;16:00:00;132900,98;133012,46;132566,55;132586,82;936671221,40;35604
WINFUT;31/03/2017;15:30:00;133134,07;133306,36;132799,64;132900,98;1076301370,00;40928
WINFUT;31/03/2017;15:00:00;133073,27;133296,22;132941,52;133123,94;1023197728,00;38905
WINFUT;31/03/2017;14:30:00;133296,22;133468,50;133012,46;133073,27;1000882037,00;37933
WINFUT;31/03/2017;14:00:00;133103,67;133438,10;133042,86;133296,22;1022407254,00;38439
WINFUT;31/03/2017;13:30:00;133042,86;133194,88;132971,92;133103,67;580268764,10;21816
WINFUT;31/03/2017;13:00:00;132576,69;133265,82;132546,28;133042,86;1816164819,00;68165
WINFUT;31/03/2017;12:30:00;132282,79;132617,22;132140,91;132576,69;1012516194,00;38152
WINFUT;31/03/2017;12:00:00;132384,14;132596,96;132232,12;132272,66;1054005948,00;39697
WINFUT;31/03/2017;11:30:00;132505,75;132647,63;132161,18;132384,14;1406476303,00;53224
WINFUT;31/03/2017;11:00:00;132232,12;132850,31;132120,64;132515,88;2018870744,00;76220
WINFUT;31/03/2017;10:30:00;132526,02;132607,09;131836,88;132232,12;2177391195,00;82471
WINFUT;31/03/2017;10:00:00;132221,99;132576,69;132059,84;132536,15;1542437841,00;58224
WINFUT;31/03/2017;09:30:00;132242,26;132404,40;132110,51;132221,99;730884475,00;27648
WINFUT;31/03/2017;09:00:00;132303,06;132404,40;132019,30;132242,26;1113575262,00;42300
WINFUT;30/03/2017;17:30:00;132738,84;133083,40;132738,84;132971,92;445117968,80;16763
WINFUT;30/03/2017;17:00:00;132840,18;132840,18;132617,22;132738,84;461819266,90;17351
WINFUT;30/03/2017;16:30:00;132617,22;132840,18;132323,33;132819,91;1404489984,00;52875
WINFUT;30/03/2017;16:00:00;132718,57;132971,92;132576,69;132617,22;1006577504,00;37953
WINFUT;30/03/2017;15:30:00;132900,98;133083,40;132556,42;132718,57;1216701723,00;45798
WINFUT;30/03/2017;15:00:00;132586,82;133042,86;132526,02;132911,12;1099083237,00;41322
WINFUT;30/03/2017;14:30:00;132647,63;132941,52;132556,42;132576,69;1284135241,00;48255
WINFUT;30/03/2017;14:00:00;132444,94;132759,10;132384,14;132647,63;1139478489,00;42816
WINFUT;30/03/2017;13:30:00;132860,45;132890,85;132404,40;132424,67;973418130,80;36559
WINFUT;30/03/2017;13:00:00;132718,57;132921,25;132637,49;132850,31;833970399,60;31327
WINFUT;30/03/2017;12:30:00;132830,04;133042,86;132698,30;132718,57;1019062940,00;38395
WINFUT;30/03/2017;12:00:00;133367,16;133448,24;132809,78;132830,04;1670839204,00;62616
WINFUT;30/03/2017;11:30:00;132586,82;133417,83;132465,21;133387,43;2466583089,00;92496
WINFUT;30/03/2017;11:00:00;132890,85;133144,21;132526,02;132586,82;2046476530,00;76852
WINFUT;30/03/2017;10:30:00;133093,54;133691,46;132870,58;132880,72;2853672154,00;106861
WINFUT;30/03/2017;10:00:00;133792,80;133904,28;133012,46;133103,67;2087236615,00;78054
WINFUT;30/03/2017;09:30:00;133600,25;133934,68;133397,56;133792,80;1317517569,00;49403
WINFUT;30/03/2017;09:00:00;133113,80;133630,65;132982,06;133600,25;1145315836,00;43027
WINFUT;29/03/2017;17:30:00;133529,31;133762,40;133448,24;133762,40;478236805,00;17892
WINFUT;29/03/2017;17:00:00;133478,64;133559,71;133326,62;133529,31;687003030,50;25709
WINFUT;29/03/2017;16:30:00;133113,80;133529,31;132921,25;133468,50;1394619192,00;52841
WINFUT;29/03/2017;16:00:00;133316,49;133387,43;133093,54;133113,80;751517874,80;28434
WINFUT;29/03/2017;15:30:00;133154,34;133407,70;133022,60;133316,49;1203304202,00;45446
WINFUT;29/03/2017;15:00:00;133336,76;133346,89;132860,45;133154,34;1244733150,00;46969
WINFUT;29/03/2017;14:30:00;133448,24;133498,91;133245,55;133336,76;869703880,70;32671
WINFUT;29/03/2017;14:00:00;133164,48;133468,50;133083,40;133448,24;1118399180,00;42088
WINFUT;29/03/2017;13:30:00;133154,34;133265,82;133042,86;133144,21;598287518,90;22470
WINFUT;29/03/2017;13:00:00;132850,31;133296,22;132748,97;133154,34;1152146342,00;43325
WINFUT;29/03/2017;12:30:00;132657,76;132941,52;132596,96;132860,45;778353455,60;29330
WINFUT;29/03/2017;12:00:00;132718,57;132961,79;132576,69;132667,90;1179265683,00;44374
WINFUT;29/03/2017;11:30:00;132272,66;132819,91;132272,66;132718,57;1578090248,00;59442
WINFUT;29/03/2017;11:00:00;132444,94;132637,49;132120,64;132272,66;1670373027,00;63087
WINFUT;29/03/2017;10:30:00;131320,04;132465,21;131208,56;132444,94;2548204602,00;97412
WINFUT;29/03/2017;10:00:00;131492,32;131887,56;131208,56;131320,04;1750352787,00;67367
WINFUT;29/03/2017;09:30:00;131613,93;131695,00;131401,11;131492,32;929942057,60;35983
WINFUT;29/03/2017;09:00:00;131299,77;131644,33;131016,01;131613,93;1189055400,00;46220
WINFUT;28/03/2017;17:30:00;131461,92;131472,05;131147,75;131147,75;327094111,40;12674
WINFUT;28/03/2017;17:00:00;131593,66;131664,60;131370,71;131461,92;662153769,10;25541
WINFUT;28/03/2017;16:30:00;131725,41;131725,41;131208,56;131583,53;1467869788,00;56682
WINFUT;28/03/2017;16:00:00;131715,27;132110,51;131674,74;131725,41;1230768108,00;46483
WINFUT;28/03/2017;15:30:00;131603,80;132069,97;131603,80;131715,27;1967185901,00;74537
WINFUT;28/03/2017;15:00:00;131016,01;131634,20;130924,80;131603,80;1530438850,00;59155
WINFUT;28/03/2017;14:30:00;131330,17;131411,24;130975,47;131016,01;1215282924,00;46858
WINFUT;28/03/2017;14:00:00;131279,50;131573,39;131066,68;131350,44;1128614537,00;43693
WINFUT;28/03/2017;13:30:00;131502,45;131532,86;131208,56;131279,50;733073480,10;28213
WINFUT;28/03/2017;13:00:00;131289,63;131695,00;131289,63;131502,45;1349136531,00;51978
WINFUT;28/03/2017;12:30:00;131137,62;131360,57;130853,86;131289,63;895971941,70;34615
WINFUT;28/03/2017;12:00:00;131086,95;131401,11;130965,34;131137,62;1245584429,00;48132
WINFUT;28/03/2017;11:30:00;130772,79;131218,69;130691,71;131086,95;1506157109,00;58223
WINFUT;28/03/2017;11:00:00;131228,83;131532,86;130600,50;130772,79;2166425901,00;83826
WINFUT;28/03/2017;10:30:00;131036,28;131624,06;131036,28;131218,69;2480507593,00;95836
WINFUT;28/03/2017;10:00:00;130803,19;131228,83;130306,61;131036,28;2550758442,00;98771
WINFUT;28/03/2017;09:30:00;130661,31;130874,13;130438,35;130823,46;1198115449,00;46459
WINFUT;28/03/2017;09:00:00;131289,63;131542,99;130499,16;130661,31;1514588832,00;58526
WINFUT;27/03/2017;17:30:00;131147,75;131411,24;131097,08;131289,63;468994339,10;18084
WINFUT;27/03/2017;17:00:00;130732,25;131198,43;130711,98;131157,89;725918676,40;28226
WINFUT;27/03/2017;16:30:00;130772,79;130955,20;130620,77;130732,25;1002280568,00;38741
WINFUT;27/03/2017;16:00:00;131127,49;131157,89;130610,64;130772,79;1171968999,00;45337
WINFUT;27/03/2017;15:30:00;130154,59;131168,02;130144,46;131127,49;1950180575,00;75331
WINFUT;27/03/2017;15:00:00;129698,55;130215,40;129556,67;130144,46;1198074912,00;46380
WINFUT;27/03/2017;14:30:00;129779,63;129860,70;129516,13;129688,42;1208107852,00;46756
WINFUT;27/03/2017;14:00:00;129749,22;130043,12;129739,09;129769,49;897532621,20;34745
WINFUT;27/03/2017;13:30:00;129739,09;129911,37;129627,61;129749,22;969708983,30;37513
WINFUT;27/03/2017;13:00:00;129850,57;130144,46;129739,09;129739,09;993119176,50;38353
WINFUT;27/03/2017;12:30:00;129972,18;130093,79;129688,42;129850,57;1155450118,00;44601
WINFUT;27/03/2017;12:00:00;129546,54;129982,31;129475,60;129982,31;1252739233,00;48522
WINFUT;27/03/2017;11:30:00;129009,42;129607,34;128999,29;129546,54;1476483929,00;57051
WINFUT;27/03/2017;11:00:00;129009,42;129262,78;128735,79;129009,42;1510899953,00;58644
WINFUT;27/03/2017;10:30:00;128583,78;129100,63;128401,36;128999,29;2319007663,00;90065
WINFUT;27/03/2017;10:00:00;129181,70;129343,85;128482,44;128583,78;1798855464,00;69934
WINFUT;27/03/2017;09:30:00;129049,96;129252,64;128857,41;129171,57;721743351,90;27840
WINFUT;27/03/2017;09:00:00;128989,15;129343,85;128725,66;129049,96;1251401508,00;48485
WINFUT;24/03/2017;17:30:00;130276,21;130478,89;130235,67;130478,89;375333297,50;14438
WINFUT;24/03/2017;17:00:00;130164,73;130347,15;130032,98;130266,07;781332934,70;30091
WINFUT;24/03/2017;16:30:00;129799,89;130235,67;129587,07;130174,86;1900137486,00;73116
WINFUT;24/03/2017;16:00:00;129850,57;129911,37;129313,45;129799,89;1801774138,00;69521
WINFUT;24/03/2017;15:30:00;130022,85;130103,92;129546,54;129860,70;1342751933,00;51816
WINFUT;24/03/2017;15:00:00;129617,48;130245,80;129587,07;130032,98;1450479359,00;55936
WINFUT;24/03/2017;14:30:00;130073,52;130114,06;129516,13;129617,48;1202533996,00;46428
WINFUT;24/03/2017;14:00:00;130215,40;130397,82;129992,45;130063,39;872703628,40;33706
WINFUT;24/03/2017;13:30:00;130215,40;130296,47;129992,45;130215,40;849678537,90;32682
WINFUT;24/03/2017;13:00:00;129982,31;130489,03;129850,57;130205,27;2517072086,00;96870
WINFUT;24/03/2017;12:30:00;129546,54;130022,85;129435,06;129992,45;1225923921,00;47296
WINFUT;24/03/2017;12:00:00;129880,97;130053,25;129506,00;129546,54;1611654992,00;62127
WINFUT;24/03/2017;11:30:00;129911,37;130164,73;129779,63;129880,97;1554315220,00;60057
WINFUT;24/03/2017;11:00:00;129435,06;130083,65;129293,18;129921,51;2281510817,00;88255
WINFUT;24/03/2017;10:30:00;129992,45;130276,21;129353,99;129435,06;2587302665,00;100195
WINFUT;24/03/2017;10:00:00;129272,91;130164,73;129272,91;130002,58;2021546194,00;78636
WINFUT;24/03/2017;09:30:00;129141,17;129394,52;129039,82;129262,78;1211046794,00;47004
WINFUT;24/03/2017;09:00:00;129212,11;129313,45;128685,12;129161,43;997051278,30;38908
WINFUT;23/03/2017;17:30:00;129465,46;129526,27;129283,05;129495,87;436848394,10;16842
WINFUT;23/03/2017;17:00:00;129495,87;129668,15;129364,12;129475,60;650864178,10;25186
WINFUT;23/03/2017;16:30:00;129708,69;129921,51;129323,58;129495,87;2105012147,00;81245
WINFUT;23/03/2017;16:00:00;130195,13;130296,47;129688,42;129708,69;1310727599,00;50655
WINFUT;23/03/2017;15:30:00;129576,94;130407,95;129536,40;130205,27;1847155456,00;71438
WINFUT;23/03/2017;15:00:00;129637,75;129789,76;129495,87;129587,07;937299546,90;36233
WINFUT;23/03/2017;14:30:00;129191,84;129820,16;129009,42;129647,88;1437872311,00;55429
WINFUT;23/03/2017;14:00:00;129870,83;129911,37;129141,17;129191,84;1404956161,00;54358
WINFUT;23/03/2017;13:30:00;129435,06;129891,10;129272,91;129860,70;1438804665,00;55780
WINFUT;23/03/2017;13:00:00;129364,12;129536,40;128766,20;129435,06;1728543810,00;66985
WINFUT;23/03/2017;12:30:00;129374,25;129627,61;129100,63;129364,12;1626167285,00;62772
WINFUT;23/03/2017;12:00:00;129698,55;130012,71;129313,45;129374,25;1877051590,00;72418
WINFUT;23/03/2017;11:30:00;129303,31;129982,31;129201,97;129698,55;2410378356,00;93091
WINFUT;23/03/2017;11:00:00;128948,61;129353,99;128847,27;129303,31;1863370308,00;72162
WINFUT;23/03/2017;10:30:00;128735,79;129475,60;128725,66;128938,48;3154194176,00;122262
WINFUT;23/03/2017;10:00:00;128148,01;129222,24;127985,86;128735,79;3197082461,00;124154
WINFUT;23/03/2017;09:30:00;128350,69;128583,78;127985,86;128137,87;1402078024,00;54597
WINFUT;23/03/2017;09:00:00;129293,18;129293,18;128117,60;128350,69;1526790508,00;59397
WINFUT;22/03/2017;17:30:00;129536,40;129607,34;129161,43;129272,91;538252027,70;20798
WINFUT;22/03/2017;17:00:00;129485,73;129566,81;129110,76;129536,40;903228088,20;35050
WINFUT;22/03/2017;16:30:00;129232,37;129587,07;128999,29;129485,73;1434021284,00;55620
WINFUT;22/03/2017;16:00:00;128725,66;129364,12;128634,45;129242,51;1461343310,00;56659
WINFUT;22/03/2017;15:30:00;128776,33;128979,02;128441,90;128735,79;1488645068,00;57931
WINFUT;22/03/2017;15:00:00;128938,48;129141,17;128745,93;128776,33;1060066249,00;41120
WINFUT;22/03/2017;14:30:00;129313,45;129435,06;128756,06;128948,61;1730327444,00;66961
WINFUT;22/03/2017;14:00:00;129526,27;129536,40;128918,21;129323,58;1839291253,00;71136
WINFUT;22/03/2017;13:30:00;129951,91;129962,04;129070,23;129546,54;1858688270,00;71929
WINFUT;22/03/2017;13:00:00;129708,69;130022,85;129556,67;129951,91;1631883021,00;62897
WINFUT;22/03/2017;12:30:00;129445,19;129911,37;129343,85;129718,82;2044753702,00;78794
WINFUT;22/03/2017;12:00:00;129090,49;129647,88;128715,53;129455,33;2818202165,00;108734
WINFUT;22/03/2017;11:30:00;127925,05;129283,05;127398,07;129100,63;3547140857,00;137235
WINFUT;22/03/2017;11:00:00;128340,56;128766,20;127732,50;127925,05;2578627719,00;100130
WINFUT;22/03/2017;10:30:00;128239,21;128887,81;127590,62;128350,69;3768047954,00;146508
WINFUT;22/03/2017;10:00:00;127742,63;128441,90;127651,43;128239,21;2756930291,00;107435
WINFUT;22/03/2017;09:30:00;127712,23;127793,31;127357,53;127742,63;1277264197,00;49571
WINFUT;22/03/2017;09:00:00;127448,74;127945,32;126942,03;127702,10;2157325315,00;83768
WINFUT;21/03/2017;17:30:00;128401,36;128462,17;128006,13;128077,07;453752377,80;17586
WINFUT;21/03/2017;17:00:00;128320,29;128502,71;128289,89;128401,36;454684731,80;17608
WINFUT;21/03/2017;16:30:00;128867,54;128958,75;128208,81;128330,42;1752420180,00;68086
WINFUT;21/03/2017;16:00:00;128502,71;129070,23;128452,03;128867,54;1416630854,00;55181
WINFUT;21/03/2017;15:30:00;128725,66;128827,00;128411,50;128502,71;1251097479,00;48794
WINFUT;21/03/2017;15:00:00;128117,60;128756,06;128087,20;128735,79;1306106366,00;50903
WINFUT;21/03/2017;14:30:00;128056,80;128350,69;128056,80;128127,74;1042797431,00;40509
WINFUT;21/03/2017;14:00:00;128340,56;128452,03;128026,39;128066,93;1317699986,00;51260
WINFUT;21/03/2017;13:30:00;128634,45;128685,12;128097,33;128340,56;1310869479,00;51052
WINFUT;21/03/2017;13:00:00;128806,73;128897,94;128391,23;128624,32;1297228735,00;50546
WINFUT;21/03/2017;12:30:00;128725,66;128847,27;128350,69;128796,60;1638571648,00;63534
WINFUT;21/03/2017;12:00:00;129232,37;129283,05;128310,15;128715,53;3085848573,00;119540
WINFUT;21/03/2017;11:30:00;130012,71;130022,85;129171,57;129232,37;2288239980,00;88421
WINFUT;21/03/2017;11:00:00;131016,01;131117,35;129891,10;130012,71;2981343849,00;115136
WINFUT;21/03/2017;10:30:00;131725,41;132019,30;130742,38;131005,87;3063938254,00;117821
WINFUT;21/03/2017;10:00:00;132262,52;132262,52;131198,43;131725,41;2704171215,00;103414
WINFUT;21/03/2017;09:30:00;132607,09;132617,22;132242,26;132252,39;773326851,30;29117
WINFUT;21/03/2017;09:00:00;132526,02;132819,91;132374,00;132607,09;1039615266,00;39253
WINFUT;20/03/2017;17:30:00;132323,33;132424,67;132120,64;132120,64;415323177,40;15579
WINFUT;20/03/2017;17:00:00;132434,81;132596,96;132242,26;132313,20;686901687,70;25825
WINFUT;20/03/2017;16:30:00;132333,46;132718,57;132211,85;132444,94;1346602960,00;50754
WINFUT;20/03/2017;16:00:00;132191,58;132627,36;131978,76;132333,46;1710200758,00;64560
WINFUT;20/03/2017;15:30:00;132455,08;132505,75;131968,63;132191,58;1575982317,00;59584
WINFUT;20/03/2017;15:00:00;132384,14;132546,28;132090,24;132465,21;1740441458,00;65914
WINFUT;20/03/2017;14:30:00;131816,62;132455,08;131654,47;132384,14;1995399745,00;75514
WINFUT;20/03/2017;14:00:00;131857,15;132090,24;131563,26;131806,48;1647570891,00;62751
WINFUT;20/03/2017;13:30:00;132303,06;132495,61;131705,14;131847,02;1666278777,00;62809
WINFUT;20/03/2017;13:00:00;132586,82;132647,63;131877,42;132292,93;1940958378,00;73112
WINFUT;20/03/2017;12:30:00;132495,61;132900,98;132211,85;132596,96;1704424217,00;64227
WINFUT;20/03/2017;12:00:00;132637,49;133053,00;132181,45;132495,61;2435146544,00;91516
WINFUT;20/03/2017;11:30:00;132029,44;132819,91;131502,45;132637,49;2967115316,00;111910
WINFUT;20/03/2017;11:00:00;131228,83;132140,91;130803,19;132019,30;2896600976,00;110656
WINFUT;20/03/2017;10:30:00;130316,74;131695,00;129982,31;131228,83;3848960067,00;148587
WINFUT;20/03/2017;10:00:00;130357,28;130681,58;129962,04;130316,74;2460887622,00;95378
WINFUT;20/03/2017;09:30:00;130407,95;130509,29;130124,19;130347,15;1214816747,00;46916
WINFUT;20/03/2017;09:00:00;131127,49;131127,49;130134,33;130407,95;1460086659,00;56612
WINFUT;17/03/2017;17:30:00;131238,96;131370,71;131137,62;131249,10;428882847,80;16494
WINFUT;17/03/2017;17:00:00;131168,02;131390,98;131117,35;131238,96;851036531,80;32899
WINFUT;17/03/2017;16:30:00;131350,44;131624,06;131066,68;131157,89;1907940884,00;73852
WINFUT;17/03/2017;16:00:00;132110,51;132201,72;131309,90;131340,30;2011533523,00;76540
WINFUT;17/03/2017;15:30:00;131755,81;132151,05;131634,20;132110,51;1310403302,00;49641
WINFUT;17/03/2017;15:00:00;131360,57;131826,75;131259,23;131755,81;1175211970,00;45405
WINFUT;17/03/2017;14:30:00;131431,51;131583,53;131056,55;131350,44;1425832783,00;55109
WINFUT;17/03/2017;14:00:00;131603,80;131603,80;130924,80;131421,38;1582792555,00;61192
WINFUT;17/03/2017;13:30:00;131269,37;131634,20;131127,49;131603,80;1354163135,00;52336
WINFUT;17/03/2017;13:00:00;131654,47;131776,08;131208,56;131269,37;2126091456,00;82079
WINFUT;17/03/2017;12:30:00;132384,14;132505,75;131603,80;131644,33;2021829954,00;76275
WINFUT;17/03/2017;12:00:00;132637,49;132637,49;132110,51;132384,14;2243932896,00;84368
WINFUT;17/03/2017;11:30:00;133742,13;133995,49;132607,09;132647,63;3291675857,00;123163
WINFUT;17/03/2017;11:00:00;134198,17;134360,32;133650,92;133742,13;2065731667,00;77274
WINFUT;17/03/2017;10:30:00;134633,95;134937,98;134086,70;134177,90;2649689310,00;98955
WINFUT;17/03/2017;10:00:00;134867,04;135150,80;134563,01;134623,81;2315643081,00;86350
WINFUT;17/03/2017;09:30:00;134948,11;135110,26;134806,23;134877,17;1121013825,00;41913
WINFUT;17/03/2017;09:00:00;134603,54;134968,38;134208,31;134937,98;1285250012,00;48374
WINFUT;16/03/2017;17:30:00;134340,05;134380,59;134177,90;134198,17;371705224,30;13908
WINFUT;16/03/2017;17:00:00;134167,77;134451,53;134096,83;134340,05;827220967,20;30887
WINFUT;16/03/2017;16:30:00;134208,31;134400,86;133904,28;134167,77;1331442073,00;49920
WINFUT;16/03/2017;16:00:00;134319,78;134461,66;133995,49;134198,17;1640253939,00;61454
WINFUT;16/03/2017;15:30:00;134329,92;134532,60;133995,49;134319,78;1629410256,00;61017
WINFUT;16/03/2017;15:00:00;133965,08;134664,35;133802,94;134340,05;2278815097,00;85109
WINFUT;16/03/2017;14:30:00;134370,46;134684,62;133954,95;133975,22;1886739965,00;70526
WINFUT;16/03/2017;14:00:00;134826,50;134917,71;134299,52;134380,59;1223086322,00;45772
WINFUT;16/03/2017;13:30:00;134319,78;134846,77;134269,11;134836,63;1116919575,00;41810
WINFUT;16/03/2017;13:00:00;134329,92;134461,66;134228,58;134319,78;797162684,50;29826
WINFUT;16/03/2017;12:30:00;134309,65;134542,74;134137,37;134319,78;1084611482,00;40541
WINFUT;16/03/2017;12:00:00;134684,62;134745,42;134127,23;134309,65;2066299187,00;77042
WINFUT;16/03/2017;11:30:00;134806,23;135110,26;134583,28;134684,62;1929587712,00;71987
WINFUT;16/03/2017;11:00:00;134978,51;135242,00;134522,47;134806,23;2510910442,00;93704
WINFUT;16/03/2017;10:30:00;135171,06;135363,62;134775,83;134978,51;3112116634,00;116020
WINFUT;16/03/2017;10:00:00;135860,20;135880,46;134917,71;135171,06;2359119154,00;87784
WINFUT;16/03/2017;09:30:00;135880,46;136133,82;135768,99;135880,46;1003537219,00;37346
WINFUT;16/03/2017;09:00:00;136002,08;136235,16;135850,06;135880,46;1114527884,00;41575
WINFUT;15/03/2017;17:30:00;135576,44;135758,85;135444,69;135495,36;631953606,40;23504
WINFUT;15/03/2017;17:00:00;135181,20;135708,18;134917,71;135586,57;1400882179,00;52234
WINFUT;15/03/2017;16:30:00;135231,87;135616,97;135089,99;135181,20;1800051310,00;67078
WINFUT;15/03/2017;16:00:00;134319,78;135505,50;134319,78;135221,74;2643102027,00;98655
WINFUT;15/03/2017;15:30:00;133275,95;134583,28;133164,48;134309,65;2896965810,00;108053
WINFUT;15/03/2017;15:00:00;132982,06;133873,88;132860,45;133275,95;3371574542,00;126848
WINFUT;15/03/2017;14:30:00;132971,92;133093,54;132566,55;132931,39;1432116039,00;53644
WINFUT;15/03/2017;14:00:00;132455,08;133042,86;132434,81;132961,79;975749015,80;36613
WINFUT;15/03/2017;13:30:00;132688,16;132728,70;132313,20;132465,21;904383396,40;33971
WINFUT;15/03/2017;13:00:00;132586,82;132799,64;132546,28;132688,16;634000731,50;23889
WINFUT;15/03/2017;12:30:00;132627,36;132769,24;132424,67;132596,96;1008300332,00;37828
WINFUT;15/03/2017;12:00:00;132465,21;132819,91;132465,21;132617,22;1258779266,00;47213
WINFUT;15/03/2017;11:30:00;132475,34;132627,36;131948,36;132465,21;2087520375,00;78557
WINFUT;15/03/2017;11:00:00;132313,20;132536,15;131867,29;132475,34;2667606722,00;99919
WINFUT;15/03/2017;10:30:00;132880,72;132961,79;132242,26;132303,06;2594943915,00;97349
WINFUT;15/03/2017;10:00:00;133164,48;133296,22;132809,78;132880,72;1735658077,00;65063
WINFUT;15/03/2017;09:30:00;132961,79;133205,01;132900,98;133164,48;546399991,00;20556
WINFUT;15/03/2017;09:00:00;133407,70;133529,31;132961,79;132961,79;917598501,20;34641
WINFUT;14/03/2017;17:30:00;132384,14;132536,15;132374,00;132515,88;364976060,50;13657
WINFUT;14/03/2017;17:00:00;132485,48;132576,69;132343,60;132384,14;723060808,70;26996
WINFUT;14/03/2017;16:30:00;132708,43;133134,07;132434,81;132485,48;1585569349,00;59249
WINFUT;14/03/2017;16:00:00;132495,61;132860,45;132444,94;132688,16;1034527856,00;38877
WINFUT;14/03/2017;15:30:00;132414,54;132961,79;132333,46;132505,75;2123152514,00;79396
WINFUT;14/03/2017;15:00:00;133914,41;133954,95;132404,40;132424,67;3709897439,00;138308
WINFUT;14/03/2017;14:30:00;133732,00;134076,56;133620,52;133904,28;1107109589,00;41371
WINFUT;14/03/2017;14:00:00;133823,20;134086,70;133569,85;133742,13;1649354524,00;61594
WINFUT;14/03/2017;13:30:00;134005,62;134117,10;133792,80;133813,07;973782965,00;36495
WINFUT;14/03/2017;13:00:00;133711,73;134076,56;133549,58;134015,76;1451026610,00;54148
WINFUT;14/03/2017;12:30:00;133336,76;133792,80;133306,36;133701,59;1294553284,00;48320
WINFUT;14/03/2017;12:00:00;132982,06;133448,24;132921,25;133357,03;1706309194,00;63874
WINFUT;14/03/2017;11:30:00;132688,16;132992,19;132566,55;132982,06;1247185646,00;46829
WINFUT;14/03/2017;11:00:00;132779,37;133103,67;132607,09;132678,03;1900137486,00;71365
WINFUT;14/03/2017;10:30:00;133286,09;133650,92;132708,43;132789,51;2886547768,00;108236
WINFUT;14/03/2017;10:00:00;133184,74;133498,91;132921,25;133286,09;1934776465,00;72569
WINFUT;14/03/2017;09:30:00;133154,34;133306,36;133022,60;133194,88;831436828,90;31232
WINFUT;14/03/2017;09:00:00;133255,68;133569,85;133073,27;133154,34;1064383453,00;40058
WINFUT;13/03/2017;17:30:00;134177,90;134238,71;133873,88;133873,88;467697150,90;17452
WINFUT;13/03/2017;17:00:00;133934,68;134177,90;133904,28;134157,64;500045781,50;18801
WINFUT;13/03/2017;16:30:00;134218,44;134380,59;133934,68;133934,68;1039453117,00;38874
WINFUT;13/03/2017;16:00:00;133934,68;134329,92;133681,32;134218,44;1287357943,00;48139
WINFUT;13/03/2017;15:30:00;134056,29;134167,77;133802,94;133924,55;784961008,00;29356
WINFUT;13/03/2017;15:00:00;134117,10;134147,50;133884,01;134056,29;785873093,40;29479
WINFUT;13/03/2017;14:30:00;133965,08;134228,58;133833,34;134117,10;982984893,70;36739
WINFUT;13/03/2017;14:00:00;133823,20;134117,10;133711,73;133954,95;1290013125,00;48130
WINFUT;13/03/2017;13:30:00;133772,53;133965,08;133701,59;133802,94;939123717,80;35083
WINFUT;13/03/2017;13:00:00;133782,67;133934,68;133569,85;133772,53;1147302155,00;42839
WINFUT;13/03/2017;12:30:00;133215,15;133843,47;133083,40;133792,80;1558956722,00;58238
WINFUT;13/03/2017;12:00:00;133407,70;133438,10;132992,19;133225,28;1175840295,00;44124
WINFUT;13/03/2017;11:30:00;133579,98;133701,59;133022,60;133407,70;2097026333,00;78362
WINFUT;13/03/2017;11:00:00;133407,70;133732,00;133225,28;133579,98;1776539774,00;66481
WINFUT;13/03/2017;10:30:00;133721,86;134015,76;133407,70;133407,70;2158318475,00;80603
WINFUT;13/03/2017;10:00:00;133417,83;133732,00;133184,74;133711,73;1659346927,00;62066
WINFUT;13/03/2017;09:30:00;133417,83;133519,18;133245,55;133407,70;669085618,50;25128
WINFUT;13/03/2017;09:00:00;133255,68;133549,58;133002,33;133407,70;832956971,30;31428
WINFUT;10/03/2017;18:00:00;132526,02;132526,02;132151,05;132353,73;232115613,10;8784
WINFUT;10/03/2017;17:30:00;132728,70;132819,91;132292,93;132526,02;764327608,20;28854
WINFUT;10/03/2017;17:00:00;132505,75;132759,10;132505,75;132718,57;860583026,20;32400
WINFUT;10/03/2017;16:30:00;132424,67;132526,02;132080,11;132505,75;943501728,00;35555
WINFUT;10/03/2017;16:00:00;132171,32;132515,88;132080,11;132424,67;1036615518,00;38969
WINFUT;10/03/2017;15:30:00;132130,78;132313,20;131897,69;132171,32;1113879290,00;41852
WINFUT;10/03/2017;15:00:00;132374,00;132444,94;132039,57;132130,78;1224829418,00;46040
WINFUT;10/03/2017;14:30:00;133225,28;133235,42;132242,26;132363,87;1758135916,00;66014
WINFUT;10/03/2017;14:00:00;132759,10;133245,55;132546,28;133225,28;1024920556,00;38546
WINFUT;10/03/2017;13:30:00;132718,57;132890,85;132515,88;132759,10;1016184804,00;38128
WINFUT;10/03/2017;13:00:00;133002,33;133002,33;132404,40;132718,57;1733469072,00;64992
WINFUT;10/03/2017;12:30:00;133265,82;133488,77;132951,66;132992,19;1499772510,00;56051
WINFUT;10/03/2017;12:00:00;133985,35;134076,56;133144,21;133265,82;2039889246,00;76268
WINFUT;10/03/2017;11:30:00;134096,83;134137,37;133367,16;133985,35;2801906238,00;104778
WINFUT;10/03/2017;11:00:00;134542,74;134563,01;134015,76;134117,10;1401409162,00;52377
WINFUT;10/03/2017;10:30:00;133093,54;134684,62;133073,27;134532,60;2985681322,00;110928
WINFUT;10/03/2017;10:00:00;133215,15;133326,62;132911,12;133123,94;1172982428,00;44069
WINFUT;10/03/2017;09:30:00;133296,22;133346,89;133093,54;133225,28;554223657,40;20944
WINFUT;10/03/2017;09:00:00;132799,64;133336,76;132698,30;133286,09;1014745736,00;38287
WINFUT;09/03/2017;18:00:00;131988,90;132211,85;131917,96;132019,30;224879735,20;8481
WINFUT;09/03/2017;17:30:00;131999,03;132242,26;131816,62;131988,90;898383901,00;33855
WINFUT;09/03/2017;17:00:00;131664,60;132100,38;131593,66;131999,03;940279026,10;35674
WINFUT;09/03/2017;16:30:00;131907,82;131958,50;131573,39;131664,60;1044459453,00;39916
WINFUT;09/03/2017;16:00:00;132049,70;132120,64;131512,59;131907,82;1763324669,00;67250
WINFUT;09/03/2017;15:30:00;132323,33;132333,46;131978,76;132039,57;1854127843,00;69521
WINFUT;09/03/2017;15:00:00;132556,42;132708,43;132313,20;132323,33;1209465846,00;45392
WINFUT;09/03/2017;14:30:00;132069,97;132627,36;132059,84;132556,42;1766668982,00;66248
WINFUT;09/03/2017;14:00:00;132009,17;132262,52;131978,76;132069,97;712014440,40;26730
WINFUT;09/03/2017;13:30:00;131796,35;132313,20;131755,81;132009,17;1605290663,00;60193
WINFUT;09/03/2017;13:00:00;131917,96;132039,57;131482,18;131796,35;1781221812,00;67893
WINFUT;09/03/2017;12:30:00;132444,94;132444,94;131664,60;131917,96;2719251027,00;102093
WINFUT;09/03/2017;12:00:00;132607,09;133245,55;132434,81;132444,94;2232075785,00;83597
WINFUT;09/03/2017;11:30:00;132576,69;133022,60;132120,64;132607,09;3087287641,00;115713
WINFUT;09/03/2017;11:00:00;132140,91;132678,03;132029,44;132566,55;1929607981,00;72417
WINFUT;09/03/2017;10:30:00;131938,23;132282,79;131603,80;132151,05;2146765392,00;80948
WINFUT;09/03/2017;10:00:00;131765,94;132232,12;131360,57;131938,23;2397507817,00;91208
WINFUT;09/03/2017;09:30:00;131695,00;131907,82;131563,26;131755,81;743592865,60;28575
WINFUT;09/03/2017;09:00:00;131958,50;131988,90;131451,78;131695,00;812850554,20;31387
WINFUT;08/03/2017;18:00:00;132759,10;132769,24;132374,00;132374,00;212536178,70;7985
WINFUT;08/03/2017;17:30:00;133022,60;133042,86;132566,55;132748,97;1081307705,00;40485
WINFUT;08/03/2017;17:00:00;132830,04;133194,88;132779,37;133012,46;1151558554,00;43219
WINFUT;08/03/2017;16:30:00;132536,15;132911,12;132303,06;132840,18;1501130504,00;56341
WINFUT;08/03/2017;16:00:00;133042,86;133205,01;132414,54;132546,28;1665711257,00;62286
WINFUT;08/03/2017;15:30:00;132546,28;133113,80;132526,02;133053,00;1509987868,00;56489
WINFUT;08/03/2017;15:00:00;132181,45;132779,37;131988,90;132556,42;1886780502,00;70580
WINFUT;08/03/2017;14:30:00;132526,02;132617,22;132161,18;132181,45;998368735,00;37439
WINFUT;08/03/2017;14:00:00;132830,04;132830,04;132384,14;132526,02;1170773154,00;43966
WINFUT;08/03/2017;13:30:00;133012,46;133022,60;132617,22;132840,18;1221708059,00;45707
WINFUT;08/03/2017;13:00:00;133306,36;133306,36;132921,25;133002,33;1033169862,00;38638
WINFUT;08/03/2017;12:30:00;133519,18;133661,06;133174,61;133296,22;1240233528,00;46205
WINFUT;08/03/2017;12:00:00;133569,85;133701,59;133407,70;133519,18;1024961093,00;38255
WINFUT;08/03/2017;11:30:00;134076,56;134106,96;133367,16;133559,71;2381536188,00;88897
WINFUT;08/03/2017;11:00:00;133721,86;134076,56;133417,83;134066,43;1459965048,00;54655
WINFUT;08/03/2017;10:30:00;133762,40;133884,01;133539,44;133732,00;1365635143,00;51050
WINFUT;08/03/2017;10:00:00;134684,62;134704,89;133701,59;133762,40;2388812603,00;89073
WINFUT;08/03/2017;09:30:00;134654,22;134785,96;134583,28;134684,62;768908304,00;28781
WINFUT;08/03/2017;09:00:00;134421,13;134654,22;134137,37;134644,08;940745203,10;35393
WINFUT;07/03/2017;18:00:00;134593,41;134694,75;134421,13;134421,13;237182754,50;8846
WINFUT;07/03/2017;17:30:00;134735,29;134806,23;134380,59;134603,54;939853386,20;34976
WINFUT;07/03/2017;17:00:00;134978,51;134988,65;134694,75;134735,29;753078554,30;28056
WINFUT;07/03/2017;16:30:00;135130,53;135231,87;134907,57;134968,38;811087189,00;30234
WINFUT;07/03/2017;16:00:00;135029,18;135171,06;134958,24;135130,53;616650839,40;23049
WINFUT;07/03/2017;15:30:00;135211,60;135312,94;134937,98;135029,18;1222457996,00;45430
WINFUT;07/03/2017;15:00:00;135373,75;135434,56;135110,26;135211,60;1183907184,00;44097
WINFUT;07/03/2017;14:30:00;135454,82;135677,78;135343,35;135373,75;852029691,50;31786
WINFUT;07/03/2017;14:00:00;135535,90;135698,05;135404,15;135454,82;879817894,90;32815
WINFUT;07/03/2017;13:30:00;135282,54;135647,38;135171,06;135525,76;1027839229,00;38266
WINFUT;07/03/2017;13:00:00;135353,48;135414,29;135130,53;135282,54;835247319,20;31158
WINFUT;07/03/2017;12:30:00;135353,48;135454,82;135171,06;135343,35;902234928,40;33594
WINFUT;07/03/2017;12:00:00;135242,00;135434,56;135089,99;135343,35;1723314520,00;64033
WINFUT;07/03/2017;11:30:00;136295,97;136306,10;135008,92;135231,87;3463958664,00;128877
WINFUT;07/03/2017;11:00:00;136427,71;136488,52;136143,96;136295,97;1024089545,00;38150
WINFUT;07/03/2017;10:30:00;135839,93;136508,79;135718,32;136427,71;1688371513,00;62903
WINFUT;07/03/2017;10:00:00;136093,28;136306,10;135677,78;135839,93;1704059383,00;63535
WINFUT;07/03/2017;09:30:00;136133,82;136225,03;135951,40;136093,28;818708169,70;30575
WINFUT;07/03/2017;09:00:00;135789,26;136437,85;135779,12;136133,82;658991872,90;24810
WINFUT;06/03/2017;18:00:00;135768,99;136062,88;135738,58;136062,88;223420398,40;8293
WINFUT;06/03/2017;17:30:00;135647,38;136022,34;135576,44;135768,99;884439127,90;33046
WINFUT;06/03/2017;17:00:00;135698,05;135880,46;135454,82;135637,24;846415298,80;31741
WINFUT;06/03/2017;16:30:00;135698,05;135921,00;135546,03;135687,91;991477422,70;37052
WINFUT;06/03/2017;16:00:00;136042,61;136052,75;135647,38;135708,18;1085300613,00;40527
WINFUT;06/03/2017;15:30:00;135890,60;136265,57;135890,60;136032,48;1488462651,00;55452
WINFUT;06/03/2017;15:00:00;135728,45;135961,54;135687,91;135900,73;774522696,70;28987
WINFUT;06/03/2017;14:30:00;136002,08;136052,75;135616,97;135718,32;1019589923,00;38086
WINFUT;06/03/2017;14:00:00;135748,72;136022,34;135728,45;135991,94;830382863,40;31033
WINFUT;06/03/2017;13:30:00;135698,05;136103,42;135616,97;135758,85;1266906960,00;47332
WINFUT;06/03/2017;13:00:00;135627,11;135779,12;135444,69;135708,18;1179691323,00;44097
WINFUT;06/03/2017;12:30:00;135931,14;136062,88;135535,90;135627,11;1255516027,00;47028
WINFUT;06/03/2017;12:00:00;135910,87;136184,49;135647,38;135931,14;1701079904,00;63677
WINFUT;06/03/2017;11:30:00;136731,74;136752,01;135718,32;135941,27;2782711906,00;103955
WINFUT;06/03/2017;11:00:00;136498,65;136812,82;136204,76;136731,74;1123587933,00;42226
WINFUT;06/03/2017;10:30:00;136883,76;137086,44;136336,51;136498,65;1437710163,00;53956
WINFUT;06/03/2017;10:00:00;136366,91;136944,56;135941,27;136883,76;2285098353,00;85216
WINFUT;06/03/2017;09:30:00;136093,28;136397,31;136002,08;136366,91;632865691,80;23762
WINFUT;06/03/2017;09:00:00;136103,42;136437,85;136032,48;136093,28;795804690,60;29801
WINFUT;03/03/2017;18:00:00;136964,83;137025,64;136772,28;136822,95;247134620,20;9085
WINFUT;03/03/2017;17:30:00;136691,21;137015,50;136630,40;136974,97;711609069,10;26445
WINFUT;03/03/2017;17:00:00;136762,15;136924,29;136589,86;136691,21;953575205,10;35513
WINFUT;03/03/2017;16:30:00;136782,41;137066,17;136660,80;136762,15;1128411852,00;41904
WINFUT;03/03/2017;16:00:00;136377,04;136924,29;136346,64;136772,28;1336630826,00;49843
WINFUT;03/03/2017;15:30:00;136022,34;136529,06;135991,94;136377,04;986471087,00;36742
WINFUT;03/03/2017;15:00:00;136194,63;136498,65;135880,46;136012,21;2161439834,00;80422
WINFUT;03/03/2017;14:30:00;136387,18;136539,19;136113,55;136204,76;975444987,30;36368
WINFUT;03/03/2017;14:00:00;136417,58;136660,80;136235,16;136397,31;1091360914,00;40640
WINFUT;03/03/2017;13:30:00;136042,61;136681,07;136042,61;136417,58;1647043908,00;61223
WINFUT;03/03/2017;13:00:00;135921,00;136062,88;135728,45;136032,48;1097968466,00;40894
WINFUT;03/03/2017;12:30:00;135221,74;135941,27;135079,86;135921,00;1478835082,00;55245
WINFUT;03/03/2017;12:00:00;135566,30;135748,72;135160,93;135221,74;1826400445,00;68055
WINFUT;03/03/2017;11:30:00;135728,45;136062,88;135414,29;135566,30;2059225458,00;76900
WINFUT;03/03/2017;11:00:00;136062,88;136093,28;135566,30;135728,45;1213924930,00;45397
WINFUT;03/03/2017;10:30:00;135799,39;136154,09;135687,91;136062,88;1222275579,00;45685
WINFUT;03/03/2017;10:00:00;135373,75;135971,67;135373,75;135789,26;1554497638,00;57922
WINFUT;03/03/2017;09:30:00;134917,71;135515,63;134887,30;135373,75;1433778061,00;53725
WINFUT;03/03/2017;09:00:00;135171,06;135252,14;134532,60;134927,84;1347089406,00;50518
WINFUT;02/03/2017;18:00:00;134836,63;134978,51;134785,96;134968,38;242634998,60;9012
WINFUT;02/03/2017;17:30:00;135110,26;135231,87;134735,29;134816,36;928239498,10;34689
WINFUT;02/03/2017;17:00:00;135221,74;135424,42;134958,24;135089,99;865285333,40;32410
WINFUT;02/03/2017;16:30:00;134998,78;135242,00;134826,50;135221,74;785163693,60;29509
WINFUT;02/03/2017;16:00:00;135069,72;135282,54;134988,65;135008,92;973904576,40;36524
WINFUT;02/03/2017;15:30:00;134796,10;135140,66;134694,75;135079,86;938191363,80;35144
WINFUT;02/03/2017;15:00:00;134998,78;135110,26;134461,66;134796,10;1313808421,00;49220
WINFUT;02/03/2017;14:30:00;134988,65;135191,33;134867,04;134998,78;885898464,60;33181
WINFUT;02/03/2017;14:00:00;134765,69;135130,53;134623,81;134998,78;1191143062,00;44680
WINFUT;02/03/2017;13:30:00;134948,11;135089,99;134725,16;134775,83;871284828,80;32593
WINFUT;02/03/2017;13:00:00;135069,72;135201,47;134654,22;134948,11;1734523037,00;64846
WINFUT;02/03/2017;12:30:00;135150,80;135535,90;134907,57;135079,86;1461383847,00;54568
WINFUT;02/03/2017;12:00:00;136265,57;136295,97;135089,99;135130,53;2964095300,00;110588
WINFUT;02/03/2017;11:30:00;136306,10;136792,55;136143,96;136265,57;2505377123,00;93488
WINFUT;02/03/2017;11:00:00;136164,22;136407,45;136042,61;136316,24;899194643,60;33651
WINFUT;02/03/2017;10:30:00;136265,57;136478,39;135829,79;136154,09;1940309783,00;72216
WINFUT;02/03/2017;10:00:00;136752,01;137035,77;136052,75;136255,43;1827717902,00;68141
WINFUT;02/03/2017;09:30:00;136944,56;136954,70;136569,59;136752,01;919564552,00;34324
WINFUT;02/03/2017;09:00:00;136782,41;137177,65;136752,01;136944,56;934097113,50;34760
WINFUT;01/03/2017;18:00:00;137583,02;137623,56;137420,87;137420,87;202057330,30;7402
WINFUT;01/03/2017;17:30:00;137704,63;137765,44;137410,74;137603,29;811066920,40;29855
WINFUT;01/03/2017;17:00:00;137593,16;137816,11;137349,93;137704,63;1046425504,00;38743
WINFUT;01/03/2017;16:30:00;137572,89;137613,43;137258,73;137593,16;950960560,10;35322
WINFUT;01/03/2017;16:00:00;137451,28;137785,71;137431,01;137562,75;928827286,50;34474
WINFUT;01/03/2017;15:30:00;137380,34;137664,10;137309,40;137451,28;1135262627,00;42138
WINFUT;01/03/2017;15:00:00;137887,05;137957,99;137157,38;137380,34;1582569601,00;58696
WINFUT;01/03/2017;14:30:00;138110,01;138180,95;137765,44;137887,05;915754061,70;33935
WINFUT;01/03/2017;14:00:00;137714,77;138191,08;137704,63;138110,01;1245645235,00;46218
WINFUT;01/03/2017;13:30:00;137724,90;138059,33;137481,68;137714,77;1401530773,00;51958
WINFUT;01/03/2017;13:00:00;138262,02;138586,32;137643,83;137724,90;1812374597,00;66924
WINFUT;24/02/2017;18:00:00;136427,71;136873,62;136387,18;136873,62;224636512,40;8339
WINFUT;24/02/2017;17:30:00;136964,83;137106,71;136407,45;136447,98;906369715,80;33774
WINFUT;24/02/2017;17:00:00;136914,16;136985,10;136549,33;136954,70;1007672007,00;37625
WINFUT;24/02/2017;16:30:00;137137,11;137157,38;136863,49;136924,29;785305573,60;29148
WINFUT;24/02/2017;16:00:00;137501,95;137572,89;137076,31;137147,25;736559673,40;27508
WINFUT;24/02/2017;15:30:00;137005,37;137522,22;136964,83;137512,08;973965382,10;36149
WINFUT;24/02/2017;15:00:00;137066,17;137137,11;136822,95;137005,37;1064403722,00;39634
WINFUT;24/02/2017;14:30:00;137481,68;137481,68;136934,43;137066,17;1175191701,00;43855
WINFUT;24/02/2017;14:00:00;137765,44;137978,26;137339,80;137471,55;1192541593,00;44338
WINFUT;24/02/2017;13:30:00;137623,56;137866,78;137451,28;137755,31;876899221,50;32497
WINFUT;24/02/2017;13:00:00;137633,69;137887,05;137309,40;137623,56;1508548799,00;56046
WINFUT;24/02/2017;12:30:00;137147,25;137765,44;136985,10;137633,69;1708700885,00;63189
WINFUT;24/02/2017;12:00:00;137735,04;138089,74;137025,64;137137,11;2295090755,00;85092
WINFUT;24/02/2017;11:30:00;137329,67;137755,31;136731,74;137745,17;2959575410,00;109719
WINFUT;24/02/2017;11:00:00;137299,26;137613,43;137035,77;137329,67;1386410423,00;51325
WINFUT;24/02/2017;10:30:00;136741,88;137349,93;136539,19;137299,26;1810590964,00;67162
WINFUT;24/02/2017;10:00:00;136529,06;136863,49;136316,24;136752,01;1667292205,00;62124
WINFUT;24/02/2017;09:30:00;136772,28;136924,29;136447,98;136539,19;931137903,00;34837
WINFUT;24/02/2017;09:00:00;137755,31;137755,31;136681,07;136782,41;1370418525,00;50904
WINFUT;23/02/2017;18:00:00;138373,50;138515,38;138373,50;138434,30;226420146,10;8293
WINFUT;23/02/2017;17:30:00;138677,53;138697,79;138312,69;138383,63;925178944,70;34070
WINFUT;23/02/2017;17:00:00;138525,51;138789,00;138474,84;138667,39;768482664,20;28286
WINFUT;23/02/2017;16:30:00;138667,39;138728,20;138312,69;138535,65;1191143062,00;43912
WINFUT;23/02/2017;16:00:00;138474,84;138809,27;138414,03;138667,39;1030920051,00;38151
WINFUT;23/02/2017;15:30:00;138332,96;138525,51;138130,27;138484,97;1465376755,00;54166
WINFUT;23/02/2017;15:00:00;138961,29;139001,82;138272,15;138332,96;2173722585,00;80159
WINFUT;23/02/2017;14:30:00;139549,07;139630,15;138941,02;138981,55;1748873181,00;64115
WINFUT;23/02/2017;14:00:00;140126,73;140136,86;139143,70;139549,07;2387596489,00;86932
WINFUT;23/02/2017;13:30:00;140451,03;140521,97;140116,59;140147,00;1287094452,00;46699
WINFUT;23/02/2017;13:00:00;140491,56;140643,58;139822,70;140440,89;2827545973,00;102500
WINFUT;23/02/2017;12:30:00;141515,12;141657,00;140207,80;140491,56;2913018514,00;105383
WINFUT;23/02/2017;12:00:00;142204,26;142336,00;141423,92;141504,99;2083405856,00;75448
WINFUT;23/02/2017;11:30:00;142670,43;142741,37;142102,91;142194,12;1933661694,00;70362
WINFUT;23/02/2017;11:00:00;142690,70;142852,85;142518,42;142670,43;1389025068,00;50270
WINFUT;23/02/2017;10:30:00;141768,48;142710,97;141606,33;142690,70;2533449087,00;91613
WINFUT;23/02/2017;10:00:00;141961,03;142113,05;141758,35;141768,48;1295039729,00;47117
WINFUT;23/02/2017;09:30:00;141930,63;142062,38;141920,50;141971,17;632521126,20;22981
WINFUT;23/02/2017;09:00:00;141555,66;141981,30;141545,53;141930,63;1048979343,00;38114
WINFUT;22/02/2017;18:00:00;140917,20;141069,22;140886,80;141038,81;224697318,10;8095
WINFUT;22/02/2017;17:30:00;140552,37;140998,28;140552,37;140907,07;882148780,00;32235
WINFUT;22/02/2017;17:00:00;140532,10;140603,04;140440,89;140552,37;451401224,10;16479
WINFUT;22/02/2017;16:30:00;140613,17;140663,85;140420,62;140532,10;546014888,30;20035
WINFUT;22/02/2017;16:00:00;140461,16;140704,38;140359,82;140603,04;1057613752,00;38700
WINFUT;22/02/2017;15:30:00;140562,50;140694,25;140380,09;140471,29;707089179,00;25903
WINFUT;22/02/2017;15:00:00;140440,89;140734,79;140339,55;140562,50;1040973260,00;38058
WINFUT;22/02/2017;14:30:00;140663,85;140724,65;140369,95;140430,76;1006374818,00;36746
WINFUT;22/02/2017;14:00:00;140552,37;140765,19;140511,83;140663,85;861596454,50;31455
WINFUT;22/02/2017;13:30:00;140451,03;140592,91;140288,88;140542,23;879716552,10;32083
WINFUT;22/02/2017;13:00:00;140856,40;140866,53;140329,41;140461,16;1092333805,00;39824
WINFUT;22/02/2017;12:30:00;140896,93;141140,16;140785,46;140846,26;1267109646,00;46175
WINFUT;22/02/2017;12:00:00;140805,73;140896,93;140481,43;140886,80;1244793955,00;45387
WINFUT;22/02/2017;11:30:00;141170,56;141352,98;140663,85;140805,73;2381576725,00;86539
WINFUT;22/02/2017;11:00:00;140967,87;141200,96;140907,07;141180,69;895201736,20;32692
WINFUT;22/02/2017;10:30:00;141109,75;141211,10;140805,73;140978,01;1604054280,00;58412
WINFUT;22/02/2017;10:00:00;141322,57;141515,12;141089,49;141109,75;1370337451,00;49936
WINFUT;22/02/2017;09:30:00;141069,22;141403,65;141008,41;141322,57;1003354802,00;36493
WINFUT;22/02/2017;09:00:00;141515,12;141596,20;141038,81;141059,08;1272237593,00;46280
WINFUT;21/02/2017;18:00:00;141991,44;142183,99;141879,96;142183,99;282422192,90;10099
WINFUT;21/02/2017;17:30:00;141829,29;142021,84;141738,08;141991,44;655769170,90;23683
WINFUT;21/02/2017;17:00:00;141727,94;141829,29;141626,60;141829,29;670565223,80;24225
WINFUT;21/02/2017;16:30:00;141667,14;141748,21;141525,26;141727,94;870555160,40;31490
WINFUT;21/02/2017;16:00:00;141413,78;141758,35;141403,65;141667,14;1119777443,00;40685
WINFUT;21/02/2017;15:30:00;141190,83;141434,05;141109,75;141413,78;952298285,40;34577
WINFUT;21/02/2017;15:00:00;141393,51;141494,86;141109,75;141190,83;881135351,70;31949
WINFUT;21/02/2017;14:30:00;141474,59;141504,99;141261,77;141393,51;766334196,20;27800
WINFUT;21/02/2017;14:00:00;141444,18;141535,39;141383,38;141464,45;612455246,30;22267
WINFUT;21/02/2017;13:30:00;141180,69;141444,18;141089,49;141434,05;955095347,50;34728
WINFUT;21/02/2017;13:00:00;141130,02;141373,24;141079,35;141170,56;943947636,40;34359
WINFUT;21/02/2017;12:30:00;141342,84;141352,98;141008,41;141130,02;1509156856,00;54821
WINFUT;21/02/2017;12:00:00;141504,99;141525,26;141190,83;141342,84;1326557349,00;48174
WINFUT;21/02/2017;11:30:00;141869,82;141869,82;141292,17;141504,99;2227495089,00;80778
WINFUT;21/02/2017;11:00:00;141839,42;142072,51;141809,02;141869,82;1216438232,00;44054
WINFUT;21/02/2017;10:30:00;141707,68;141930,63;141636,74;141829,29;1038824792,00;37719
WINFUT;21/02/2017;10:00:00;141819,15;142042,11;141687,41;141707,68;1396443363,00;50686
WINFUT;21/02/2017;09:30:00;141646,87;141819,15;141545,53;141809,02;786177121,90;28572
WINFUT;21/02/2017;09:00:00;141515,12;141869,82;141403,65;141636,74;1087043709,00;39511
WINFUT;20/02/2017;18:00:00;141130,02;141170,56;141028,68;141069,22;263977798,20;9407
WINFUT;20/02/2017;17:30:00;141170,56;141221,23;141018,55;141119,89;512024503,80;18408
WINFUT;20/02/2017;17:00:00;141130,02;141200,96;140988,14;141170,56;320344679,10;11654
WINFUT;20/02/2017;16:30:00;141048,95;141150,29;140937,47;141130,02;387007991,30;14083
WINFUT;20/02/2017;16:00:00;141190,83;141312,44;141008,41;141038,81;545751396,90;19716
WINFUT;20/02/2017;15:30:00;140967,87;141251,63;140927,34;141180,69;646891539,20;23366
WINFUT;20/02/2017;15:00:00;141089,49;141099,62;140866,53;140967,87;487925179,30;17713
WINFUT;20/02/2017;14:30:00;140988,14;141130,02;140917,20;141099,62;442746546,60;15983
WINFUT;20/02/2017;14:00:00;141008,41;141048,95;140805,73;140988,14;482249981,00;17467
WINFUT;20/02/2017;13:30:00;140998,28;141018,55;140836,13;141008,41;397243616,90;14394
WINFUT;20/02/2017;13:00:00;140603,04;141048,95;140603,04;140988,14;894066696,50;32473
WINFUT;20/02/2017;12:30:00;140623,31;140663,85;140511,83;140603,04;473879063,40;17251
WINFUT;20/02/2017;12:00:00;140319,28;140633,44;140288,88;140623,31;658789187,20;23909
WINFUT;20/02/2017;11:30:00;140440,89;140542,23;140268,61;140319,28;790028149,40;28734
WINFUT;20/02/2017;11:00:00;140542,23;140582,77;140309,15;140451,03;933043148,10;33968
WINFUT;20/02/2017;10:30:00;140673,98;140694,25;140491,56;140542,23;617927759,00;22494
WINFUT;20/02/2017;10:00:00;140461,16;140734,79;140451,03;140684,11;1095434896,00;39846
WINFUT;20/02/2017;09:30:00;140501,70;140613,17;140420,62;140461,16;539468141,60;19672
WINFUT;20/02/2017;09:00:00;140055,79;140552,37;139883,51;140501,70;941981585,60;34394
WINFUT;17/02/2017;18:00:00;139275,45;139417,33;139123,43;139123,43;223623084,10;8141
WINFUT;17/02/2017;17:30:00;139214,64;139518,67;139143,70;139275,45;629318692,80;23033
WINFUT;17/02/2017;17:00:00;139204,51;139417,33;139194,37;139224,78;782609854,40;28641
WINFUT;17/02/2017;16:30:00;139082,90;139437,60;139022,09;139204,51;1114021170,00;40937
WINFUT;17/02/2017;16:00:00;139376,79;139498,40;139022,09;139082,90;1009009732,00;37182
WINFUT;17/02/2017;15:30:00;139295,72;139609,88;139194,37;139386,93;1464667355,00;53463
WINFUT;17/02/2017;15:00:00;138971,42;139326,12;138890,35;139305,85;1039493655,00;38417
WINFUT;17/02/2017;14:30:00;138941,02;139143,70;138778,87;138961,29;1162280625,00;43002
WINFUT;17/02/2017;14:00:00;138961,29;139386,93;138880,21;138930,88;1440628836,00;53206
WINFUT;17/02/2017;13:30:00;138829,54;139275,45;138829,54;138961,29;1679433076,00;61994
WINFUT;17/02/2017;13:00:00;138484,97;138870,08;138424,17;138829,54;1051067006,00;39030
WINFUT;17/02/2017;12:30:00;138687,66;138951,15;138282,29;138484,97;2165432741,00;80382
WINFUT;17/02/2017;12:00:00;138353,23;138819,41;138332,96;138687,66;1093590456,00;40667
WINFUT;17/02/2017;11:30:00;138272,15;138495,11;138130,27;138353,23;991416617,00;36851
WINFUT;17/02/2017;11:00:00;138414,03;138464,71;138089,74;138282,29;1729536970,00;64152
WINFUT;17/02/2017;10:30:00;138890,35;138941,02;138292,42;138414,03;1753636294,00;65100
WINFUT;17/02/2017;10:00:00;138961,29;139174,11;138748,47;138900,48;1355602203,00;50264
WINFUT;17/02/2017;09:30:00;138870,08;139022,09;138707,93;138951,15;668842395,70;24936
WINFUT;17/02/2017;09:00:00;138839,67;139042,36;138535,65;138870,08;1138100226,00;42318
WINFUT;16/02/2017;18:00:00;139680,82;139792,30;139447,73;139498,40;297765497,00;10736
WINFUT;16/02/2017;17:30:00;139447,73;139822,70;139366,66;139670,69;853124194,00;31072
WINFUT;16/02/2017;17:00:00;139468,00;139650,42;139194,37;139447,73;1106420458,00;40501
WINFUT;16/02/2017;16:30:00;139832,83;139853,10;139315,99;139457,87;1328401788,00;48362
WINFUT;16/02/2017;16:00:00;139812,57;139913,91;139498,40;139832,83;1305538846,00;47485
WINFUT;16/02/2017;15:30:00;139589,61;140177,40;139569,34;139822,70;1994710613,00;72267
WINFUT;16/02/2017;15:00:00;139680,82;139721,36;139356,52;139589,61;1268467640,00;46127
WINFUT;16/02/2017;14:30:00;139772,03;139853,10;139538,94;139670,69;1104535482,00;40010
WINFUT;16/02/2017;14:00:00;139711,22;139954,45;139488,27;139782,16;1694046712,00;61398
WINFUT;16/02/2017;13:30:00;140339,55;140471,29;139660,55;139721,36;2103309588,00;76046
WINFUT;16/02/2017;13:00:00;140288,88;140704,38;140167,27;140349,68;1712308689,00;61989
WINFUT;16/02/2017;12:30:00;140623,31;140795,59;140126,73;140299,01;2347160700,00;85001
WINFUT;16/02/2017;12:00:00;140673,98;140886,80;140552,37;140633,44;1400780836,00;50707
WINFUT;16/02/2017;11:30:00;140349,68;140684,11;140319,28;140673,98;1390524942,00;50305
WINFUT;16/02/2017;11:00:00;140045,65;140400,35;139954,45;140329,41;1329861125,00;48273
WINFUT;16/02/2017;10:30:00;139863,24;140309,15;139761,89;140045,65;1747353039,00;63418
WINFUT;16/02/2017;10:00:00;139386,93;139873,37;139214,64;139853,10;1815070317,00;66241
WINFUT;16/02/2017;09:30:00;139417,33;139660,55;139275,45;139397,06;967256486,80;35359
WINFUT;16/02/2017;09:00:00;139468,00;139630,15;139265,31;139417,33;920882008,80;33603
WINFUT;15/02/2017;18:00:00;139934,18;140106,46;139903,77;139964,58;306197220,30;11048
WINFUT;15/02/2017;17:30:00;139883,51;140005,12;139447,73;139934,18;998084975,10;36279
WINFUT;15/02/2017;17:00:00;139579,48;139913,91;139569,34;139873,37;802452780,10;29342
WINFUT;15/02/2017;16:30:00;139984,85;140015,25;139336,25;139589,61;1486658749,00;53978
WINFUT;15/02/2017;16:00:00;140005,12;140086,19;139731,49;139984,85;968148303,70;35248
WINFUT;15/02/2017;15:30:00;140076,06;140217,94;139913,91;140015,25;1002381911,00;36402
WINFUT;15/02/2017;15:00:00;139650,42;140177,40;139640,28;140065,92;1462417544,00;53072
WINFUT;15/02/2017;14:30:00;139478,13;139721,36;139143,70;139640,28;1207459258,00;44477
WINFUT;15/02/2017;14:00:00;139690,95;139741,63;139315,99;139478,13;1327874806,00;48271
WINFUT;15/02/2017;13:30:00;139336,25;139731,49;139305,85;139690,95;1498637471,00;54524
WINFUT;15/02/2017;13:00:00;139214,64;139488,27;139103,17;139336,25;1247631555,00;45992
WINFUT;15/02/2017;12:30:00;138454,57;139245,05;138180,95;139214,64;2414796904,00;89478
WINFUT;15/02/2017;12:00:00;138332,96;138586,32;138262,02;138454,57;941414065,70;34926
WINFUT;15/02/2017;11:30:00;138768,73;138789,00;138069,47;138322,83;1838115676,00;68220
WINFUT;15/02/2017;11:00:00;138586,32;138799,14;138535,65;138789,00;953940039,30;35434
WINFUT;15/02/2017;10:30:00;138545,78;138707,93;138454,57;138576,18;916868832,80;33988
WINFUT;15/02/2017;10:00:00;138424,17;138687,66;138383,63;138545,78;1270190468,00;47124
WINFUT;15/02/2017;09:30:00;138434,30;138474,84;138302,56;138414,03;587788402,00;21909
WINFUT;15/02/2017;09:00:00;138231,62;138515,38;138089,74;138424,17;758814558,40;28429
WINFUT;14/02/2017;18:00:00;137839,09;138045,15;137674,23;137674,23;289361107,90;10618
WINFUT;14/02/2017;17:30:00;138055,46;138065,76;137705,14;137849,39;1019955661,00;37735
WINFUT;14/02/2017;17:00:00;138282,13;138313,04;137983,33;138065,76;770427556,00;28445
WINFUT;14/02/2017;16:30:00;138261,53;138405,77;138086,37;138282,13;1074316479,00;39629
WINFUT;14/02/2017;16:00:00;138158,49;138343,95;138076,06;138251,22;1538423506,00;56644
WINFUT;14/02/2017;15:30:00;137303,31;138168,80;137272,40;138168,80;1764294971,00;65119
WINFUT;14/02/2017;15:00:00;137643,32;137663,93;137262,10;137293,01;1035864134,00;38304
WINFUT;14/02/2017;14:30:00;137416,65;137746,36;137323,92;137643,32;1214813847,00;44881
WINFUT;14/02/2017;14:00:00;137045,72;137550,59;136901,48;137416,65;1379833342,00;50890
WINFUT;14/02/2017;13:30:00;137004,51;137086,94;136520,25;137045,72;2178286187,00;80394
WINFUT;14/02/2017;13:00:00;137602,11;137612,41;136983,90;137004,51;1631937301,00;60086
WINFUT;14/02/2017;12:30:00;137540,29;137663,93;137303,31;137602,11;1593835272,00;58766
WINFUT;14/02/2017;12:00:00;137571,20;137766,96;137426,95;137529,98;1270101972,00;46784
WINFUT;14/02/2017;11:30:00;137900,91;138003,94;137478,47;137581,50;1410187203,00;52003
WINFUT;14/02/2017;11:00:00;137828,78;138076,06;137653,62;137900,91;1540607830,00;57011
WINFUT;14/02/2017;10:30:00;137900,91;137973,03;137756,66;137828,78;1167479958,00;43101
WINFUT;14/02/2017;10:00:00;138251,22;138364,56;137880,30;137900,91;1588106573,00;58672
WINFUT;14/02/2017;09:30:00;138127,58;138313,04;138045,15;138251,22;611857998,60;22766
WINFUT;14/02/2017;09:00:00;138065,76;138220,31;137612,41;138127,58;1281415121,00;47690
WINFUT;13/02/2017;18:00:00;138034,85;138189,40;137900,91;137900,91;355261750,50;12948
WINFUT;13/02/2017;17:30:00;138261,53;138313,04;137973,03;138055,46;793527812,60;29295
WINFUT;13/02/2017;17:00:00;138065,76;138313,04;137942,12;138251,22;1137476413,00;41849
WINFUT;13/02/2017;16:30:00;138251,22;138405,77;138034,85;138055,46;1160143926,00;42664
WINFUT;13/02/2017;16:00:00;137828,78;138354,26;137808,18;138251,22;1653162336,00;60807
WINFUT;13/02/2017;15:30:00;137643,32;137849,39;137550,59;137818,48;958258812,20;35314
WINFUT;13/02/2017;15:00:00;137468,16;137674,23;137416,65;137643,32;872513792,20;32141
WINFUT;13/02/2017;14:30:00;137210,58;137499,07;137066,33;137468,16;952983463,70;35095
WINFUT;13/02/2017;14:00:00;136973,60;137293,01;136952,99;137210,58;1270163792,00;46701
WINFUT;13/02/2017;13:30:00;137694,84;137705,14;136932,39;136983,90;1660374727,00;61099
WINFUT;13/02/2017;13:00:00;137715,45;137787,57;137447,56;137705,14;1018987140,00;37505
WINFUT;13/02/2017;12:30:00;137344,52;137890,60;137282,70;137715,45;2127263676,00;78182
WINFUT;13/02/2017;12:00:00;137581,50;137591,80;137313,61;137344,52;1016720389,00;37422
WINFUT;13/02/2017;11:30:00;137581,50;137705,14;137509,38;137591,80;776321109,40;28607
WINFUT;13/02/2017;11:00:00;137602,11;137797,87;137509,38;137581,50;1491233865,00;54908
WINFUT;13/02/2017;10:30:00;137323,92;137612,41;137138,45;137602,11;1408559263,00;51939
WINFUT;13/02/2017;10:00:00;137334,22;137612,41;137262,10;137334,22;1301300712,00;47800
WINFUT;13/02/2017;09:30:00;137488,77;137674,23;137334,22;137344,52;1040850987,00;38406
WINFUT;13/02/2017;09:00:00;136623,28;137540,29;136623,28;137478,47;1257696660,00;46578
WINFUT;10/02/2017;18:00:00;136530,55;136664,50;136417,22;136417,22;349945188,30;12889
WINFUT;10/02/2017;17:30:00;136612,98;136798,44;136479,04;136520,25;815453479,80;30136
WINFUT;10/02/2017;17:00:00;136324,48;136685,10;136293,57;136602,68;755096074,50;28010
WINFUT;10/02/2017;16:30:00;136427,52;136561,46;136242,06;136314,18;1256048114,00;46422
WINFUT;10/02/2017;16:00:00;136108,11;136458,43;135932,95;136417,22;1451957247,00;53754
WINFUT;10/02/2017;15:30:00;136272,97;136314,18;136056,60;136118,42;839213154,80;31029
WINFUT;10/02/2017;15:00:00;136314,18;136376,00;136118,42;136272,97;1090039491,00;40268
WINFUT;10/02/2017;14:30:00;136139,02;136365,70;136056,60;136314,18;1496097077,00;55356
WINFUT;10/02/2017;14:00:00;135891,74;136159,63;135747,49;136128,72;1442972669,00;53334
WINFUT;10/02/2017;13:30:00;135531,12;135932,95;135489,91;135891,74;1319084407,00;48738
WINFUT;10/02/2017;13:00:00;135500,21;135654,76;135345,66;135531,12;1173188050,00;43239
WINFUT;10/02/2017;12:30:00;135428,09;135737,19;135386,87;135479,60;2056376180,00;76081
WINFUT;10/02/2017;12:00:00;135191,11;135438,39;134964,43;135428,09;1329779352,00;49152
WINFUT;10/02/2017;11:30:00;134954,13;135222,02;134799,58;135180,81;1686772076,00;62396
WINFUT;10/02/2017;11:00:00;134737,76;135067,47;134562,60;134954,13;1366088586,00;50646
WINFUT;10/02/2017;10:30:00;134614,12;134892,31;134511,08;134737,76;1635976240,00;60589
WINFUT;10/02/2017;10:00:00;134531,69;134851,10;134346,23;134624,42;2304235132,00;85315
WINFUT;10/02/2017;09:30:00;134469,87;134655,33;134315,32;134541,99;996731763,90;37032
WINFUT;10/02/2017;09:00:00;134645,03;134912,92;134315,32;134469,87;1194784008,00;44388
WINFUT;09/02/2017;18:00:00;134109,25;134274,10;133841,36;133841,36;239575006,50;8915
WINFUT;09/02/2017;17:30:00;133820,75;134232,89;133820,75;134119,55;719528685,80;26909
WINFUT;09/02/2017;17:00:00;133573,47;134119,55;133480,74;133810,45;1186644310,00;44993
WINFUT;09/02/2017;16:30:00;133563,17;133851,66;133367,40;133573,47;1135930901,00;43285
WINFUT;09/02/2017;16:00:00;133470,44;133707,42;133305,58;133563,17;1229362269,00;46775
WINFUT;09/02/2017;15:30:00;133944,40;134006,22;133346,80;133460,13;1683660445,00;63950
WINFUT;09/02/2017;15:00:00;134377,14;134377,14;133923,79;133934,09;1424879872,00;52995
WINFUT;09/02/2017;14:30:00;134459,57;134675,94;134335,93;134366,84;1148027110,00;42618
WINFUT;09/02/2017;14:00:00;134459,57;134490,48;134243,19;134459,57;1103289682,00;40965
WINFUT;09/02/2017;13:30:00;134655,33;134778,97;134428,66;134469,87;1153364279,00;42684
WINFUT;09/02/2017;13:00:00;134541,99;134871,70;134408,05;134645,03;1563172309,00;57965
WINFUT;09/02/2017;12:30:00;133995,91;134634,72;133810,45;134541,99;2337103026,00;86897
WINFUT;09/02/2017;12:00:00;134119,55;134160,77;133686,81;133995,91;1313005392,00;49661
WINFUT;09/02/2017;11:30:00;134171,07;134377,14;134057,73;134129,86;1238181992,00;46093
WINFUT;09/02/2017;11:00:00;133820,75;134232,89;133573,47;134181,37;1699383456,00;63939
WINFUT;09/02/2017;10:30:00;133686,81;133861,97;133367,40;133820,75;1672944893,00;63707
WINFUT;09/02/2017;10:00:00;134201,98;134428,66;133655,90;133686,81;1927768954,00;72303
WINFUT;09/02/2017;09:30:00;134078,34;134253,50;133913,49;134201,98;771148795,10;28690
WINFUT;09/02/2017;09:00:00;134294,71;134521,39;133954,70;134078,34;1050515590,00;39129
WINFUT;08/02/2017;18:00:00;133676,51;134315,32;133676,51;134212,28;407932808,20;15407
WINFUT;08/02/2017;17:30:00;133367,40;133758,93;133305,58;133717,72;1051978675,00;40077
WINFUT;08/02/2017;17:00:00;133171,64;133573,47;133068,61;133346,80;1412103638,00;53793
WINFUT;08/02/2017;16:30:00;132986,18;133233,46;132955,27;133181,94;1160700311,00;44206
WINFUT;08/02/2017;16:00:00;132749,20;132986,18;132646,17;132986,18;1241499692,00;47311
WINFUT;08/02/2017;15:30:00;133078,91;133120,12;132728,59;132749,20;1030897888,00;39234
WINFUT;08/02/2017;15:00:00;133120,12;133243,76;132883,14;133089,21;1190291719,00;45243
WINFUT;08/02/2017;14:30:00;133068,61;133171,64;132831,63;133120,12;1235564925,00;47085
WINFUT;08/02/2017;14:00:00;132903,75;133398,31;132831,63;133068,61;1684855641,00;64103
WINFUT;08/02/2017;13:30:00;132440,10;133027,39;132234,03;132903,75;2156072024,00;81988
WINFUT;08/02/2017;13:00:00;131935,23;132574,04;131904,32;132440,10;1855088664,00;70547
WINFUT;08/02/2017;12:30:00;132161,90;132192,81;131801,29;131924,93;1619037425,00;61754
WINFUT;08/02/2017;12:00:00;132182,51;132337,06;132058,87;132151,60;1301341926,00;49696
WINFUT;08/02/2017;11:30:00;131935,23;132223,73;131801,29;132182,51;1566943359,00;59830
WINFUT;08/02/2017;11:00:00;131780,68;131976,44;131543,70;131935,23;1779811914,00;68027
WINFUT;08/02/2017;10:30:00;132223,73;132357,67;131780,68;131790,98;1999171620,00;76298
WINFUT;08/02/2017;10:00:00;133037,69;133212,85;132203,12;132234,03;2064969228,00;78683
WINFUT;08/02/2017;09:30:00;133151,03;133161,34;132934,66;133037,69;684600108,80;25925
WINFUT;08/02/2017;09:00:00;132914,05;133243,76;132841,93;133151,03;785017191,70;29881
WINFUT;07/02/2017;18:00:00;132811,02;132841,93;132337,06;132337,06;238400417,10;9104
WINFUT;07/02/2017;17:30:00;132584,34;132852,23;132481,31;132811,02;797958281,00;30460
WINFUT;07/02/2017;17:00:00;132213,42;132594,65;132192,81;132584,34;674482155,20;25920
WINFUT;07/02/2017;16:30:00;132367,97;132460,70;132038,26;132213,42;913645025,10;35017
WINFUT;07/02/2017;16:00:00;132357,67;132491,61;132172,21;132357,67;1124267435,00;43134
WINFUT;07/02/2017;15:30:00;133027,39;133027,39;132316,46;132357,67;1519300368,00;58019
WINFUT;07/02/2017;15:00:00;133171,64;133243,76;132996,48;133027,39;631887837,40;24130
WINFUT;07/02/2017;14:30:00;133058,30;133243,76;132914,05;133171,64;878324918,30;33624
WINFUT;07/02/2017;14:00:00;133367,40;133521,96;133048,00;133058,30;1077222042,00;41097
WINFUT;07/02/2017;13:30:00;133501,35;133552,87;133284,98;133367,40;736446893,20;28175
WINFUT;07/02/2017;13:00:00;133295,28;133655,90;133181,94;133501,35;1327615634,00;50491
WINFUT;07/02/2017;12:30:00;133686,81;133841,36;133243,76;133295,28;1924987032,00;73442
WINFUT;07/02/2017;12:00:00;133831,06;134016,52;133583,78;133697,11;1107555296,00;42234
WINFUT;07/02/2017;11:30:00;133624,99;133944,40;133491,05;133820,75;1065908892,00;40691
WINFUT;07/02/2017;11:00:00;133676,51;133728,02;133367,40;133604,38;1238099565,00;47337
WINFUT;07/02/2017;10:30:00;133604,38;133810,45;133511,65;133676,51;1240737239,00;47302
WINFUT;07/02/2017;10:00:00;133583,78;133820,75;133449,83;133594,08;1789517731,00;68179
WINFUT;07/02/2017;09:30:00;133418,92;133666,20;133388,01;133583,78;1028466282,00;39118
WINFUT;07/02/2017;09:00:00;132759,50;133491,05;132666,77;133408,62;1304968728,00;49570
WINFUT;06/02/2017;18:00:00;132130,99;132316,46;132100,08;132316,46;257358700,80;9790
WINFUT;06/02/2017;17:30:00;132409,19;132429,79;132007,35;132151,60;1097540377,00;41871
WINFUT;06/02/2017;17:00:00;132975,87;133089,21;132357,67;132398,88;1178277937,00;45059
WINFUT;06/02/2017;16:30:00;132872,84;133017,09;132749,20;132965,57;747657008,80;28558
WINFUT;06/02/2017;16:00:00;133202,55;133284,98;132831,63;132872,84;1262374410,00;48184
WINFUT;06/02/2017;15:30:00;133284,98;133449,83;133181,94;133192,25;932623915,60;35400
WINFUT;06/02/2017;15:00:00;133707,42;133779,54;133284,98;133284,98;912223153,80;34670
WINFUT;06/02/2017;14:30:00;133738,33;133851,66;133614,69;133717,72;702383803,10;26693
WINFUT;06/02/2017;14:00:00;133532,26;133903,18;133491,05;133738,33;1115942276,00;42418
WINFUT;06/02/2017;13:30:00;133439,53;133573,47;133233,46;133542,56;1080045178,00;41011
WINFUT;06/02/2017;13:00:00;133614,69;133614,69;133284,98;133439,53;996999652,70;37835
WINFUT;06/02/2017;12:30:00;133367,40;133697,11;133120,12;133624,99;1710181435,00;65041
WINFUT;06/02/2017;12:00:00;133264,37;133449,83;133048,00;133377,71;1187509797,00;45206
WINFUT;06/02/2017;11:30:00;134098,95;134150,46;133140,73;133254,07;1744017850,00;66169
WINFUT;06/02/2017;11:00:00;134253,50;134428,66;134047,43;134098,95;1536589498,00;56853
WINFUT;06/02/2017;10:30:00;134438,96;134438,96;134016,52;134253,50;1825208760,00;67478
WINFUT;06/02/2017;10:00:00;134809,88;135088,07;134408,05;134438,96;1793618490,00;66492
WINFUT;06/02/2017;09:30:00;134923,22;134974,74;134748,06;134820,19;799380152,30;29621
WINFUT;06/02/2017;09:00:00;134459,57;134974,74;134459,57;134923,22;724907068,40;26946
WINFUT;03/02/2017;18:00:00;134335,93;134655,33;134274,10;134655,33;303765282,10;11217
WINFUT;03/02/2017;17:30:00;134212,28;134428,66;134160,77;134335,93;665373936,30;24709
WINFUT;03/02/2017;17:00:00;134449,26;134469,87;134057,73;134212,28;872081048,80;32387
WINFUT;03/02/2017;16:30:00;134500,78;134500,78;134150,46;134438,96;1045631772,00;38787
WINFUT;03/02/2017;16:00:00;134438,96;134696,54;134438,96;134490,48;894253998,00;33158
WINFUT;03/02/2017;15:30:00;134263,80;134541,99;134181,37;134449,26;1004830248,00;37227
WINFUT;03/02/2017;15:00:00;134366,84;134603,81;134109,25;134263,80;1257655446,00;46697
WINFUT;03/02/2017;14:30:00;134500,78;134583,21;134232,89;134356,53;1008477657,00;37380
WINFUT;03/02/2017;14:00:00;134923,22;134995,34;134459,57;134500,78;1233772130,00;45597
WINFUT;03/02/2017;13:30:00;135005,65;135139,59;134840,79;134923,22;910966137,20;33710
WINFUT;03/02/2017;13:00:00;134675,94;135242,63;134634,72;135005,65;1639644255,00;60639
WINFUT;03/02/2017;12:30:00;134418,35;134758,37;134171,07;134645,03;1448371659,00;53668
WINFUT;03/02/2017;12:00:00;134428,66;134665,63;134284,41;134418,35;1135106628,00;42028
WINFUT;03/02/2017;11:30:00;133357,10;134614,12;133078,91;134428,66;2613255156,00;98178
WINFUT;03/02/2017;11:00:00;133305,58;133552,87;133130,43;133357,10;1196597409,00;45496
WINFUT;03/02/2017;10:30:00;133212,85;133398,31;133078,91;133315,89;1053441760,00;40058
WINFUT;03/02/2017;10:00:00;133161,34;133429,22;132934,66;133223,16;1854161357,00;70472
WINFUT;03/02/2017;09:30:00;133161,34;133284,98;133048,00;133151,03;708627672,60;26737
WINFUT;03/02/2017;09:00:00;133017,09;133305,58;132811,02;133151,03;1068361105,00;40581
WINFUT;02/02/2017;18:00:00;133758,93;133789,84;133573,47;133614,69;232836573,00;8848
WINFUT;02/02/2017;17:30:00;133820,75;134037,13;133583,78;133748,63;645055601,90;24581
WINFUT;02/02/2017;17:00:00;134016,52;134047,43;133758,93;133820,75;639965714,80;24320
WINFUT;02/02/2017;16:30:00;134150,46;134222,59;133975,31;134016,52;616968492,50;22893
WINFUT;02/02/2017;16:00:00;134397,75;134469,87;134006,22;134140,16;777372057,80;28927
WINFUT;02/02/2017;15:30:00;134325,62;134511,08;134294,71;134397,75;1034091947,00;38340
WINFUT;02/02/2017;15:00:00;134047,43;134325,62;133882,58;134325,62;1020759328,00;37994
WINFUT;02/02/2017;14:30:00;134171,07;134397,75;133985,61;134057,73;1072585505,00;39706
WINFUT;02/02/2017;14:00:00;133975,31;134212,28;133831,06;134171,07;1083074382,00;40212
WINFUT;02/02/2017;13:30:00;133872,27;134016,52;133614,69;133975,31;1166738112,00;44285
WINFUT;02/02/2017;13:00:00;134047,43;134263,80;133789,84;133872,27;1262395017,00;47317
WINFUT;02/02/2017;12:30:00;134294,71;134830,49;134026,82;134047,43;2354453977,00;86682
WINFUT;02/02/2017;12:00:00;134480,17;134614,12;134201,98;134305,02;1163461626,00;43069
WINFUT;02/02/2017;11:30:00;133769,24;134583,21;133769,24;134480,17;1919691076,00;71189
WINFUT;02/02/2017;11:00:00;133192,25;133861,97;133161,34;133769,24;1770497626,00;67418
WINFUT;02/02/2017;10:30:00;133140,73;133460,13;133006,78;133192,25;1610238309,00;61417
WINFUT;02/02/2017;10:00:00;133151,03;133212,85;132749,20;133140,73;1817790301,00;69351
WINFUT;02/02/2017;09:30:00;133583,78;133635,29;133058,30;133140,73;1060324442,00;40294
WINFUT;02/02/2017;09:00:00;133903,18;133934,09;133223,16;133583,78;1245064673,00;47196
WINFUT;01/02/2017;18:00:00;134026,82;134253,50;133872,27;134253,50;267311799,70;9899
WINFUT;01/02/2017;17:30:00;134593,51;134717,15;133758,93;134047,43;1247949629,00;46601
WINFUT;01/02/2017;17:00:00;134284,41;134830,49;134191,68;134583,21;1842230002,00;68225
WINFUT;01/02/2017;16:30:00;134541,99;134696,54;134088,64;134263,80;890853871,00;33025
WINFUT;01/02/2017;16:00:00;134511,08;134696,54;134356,53;134531,69;882446284,30;32626
WINFUT;01/02/2017;15:30:00;134593,51;134861,40;134387,44;134500,78;1131521039,00;41744
WINFUT;01/02/2017;15:00:00;134521,39;134748,06;134449,26;134593,51;836534266,90;30961
WINFUT;01/02/2017;14:30:00;134799,58;134820,19;134325,62;134521,39;1181059859,00;43665
WINFUT;01/02/2017;14:00:00;134840,79;135036,56;134645,03;134799,58;942844903,30;34950
WINFUT;01/02/2017;13:30:00;134995,34;134995,34;134531,69;134840,79;1415174055,00;52203
WINFUT;01/02/2017;13:00:00;135242,63;135304,45;134809,88;135005,65;1314860007,00;48547
WINFUT;01/02/2017;12:30:00;135407,48;135572,34;135139,59;135222,02;1457356237,00;53692
WINFUT;01/02/2017;12:00:00;135747,49;135809,31;135397,18;135407,48;1102630264,00;40794
WINFUT;01/02/2017;11:30:00;135541,42;135809,31;135489,91;135747,49;1073286138,00;39515
WINFUT;01/02/2017;11:00:00;135263,23;135644,46;135098,38;135541,42;1546089247,00;56962
WINFUT;01/02/2017;10:30:00;135232,32;135448,69;135129,29;135263,23;1363430305,00;50222
WINFUT;01/02/2017;10:00:00;135201,41;135541,42;135057,16;135222,02;1798749590,00;66392
WINFUT;01/02/2017;09:30:00;134995,34;135222,02;134871,70;135191,11;937178025,00;34808
WINFUT;01/02/2017;09:00:00;134294,71;135067,47;134253,50;134995,34;1298312722,00;48161
WINFUT;31/01/2017;18:00:00;133903,18;134026,82;133861,97;133861,97;216330502,10;8175
WINFUT;31/01/2017;17:30:00;134098,95;134109,25;133882,58;133913,49;622099593,20;23222
WINFUT;31/01/2017;17:00:00;133944,40;134222,59;133800,15;134098,95;678809589,50;25549
WINFUT;31/01/2017;16:30:00;134109,25;134294,71;133779,54;133944,40;979071710,60;36819
WINFUT;31/01/2017;16:00:00;134057,73;134191,68;133851,66;134109,25;945152868,30;35472
WINFUT;31/01/2017;15:30:00;134109,25;134346,23;133965,00;134047,43;837440967,40;31175
WINFUT;31/01/2017;15:00:00;133748,63;134201,98;133697,11;134119,55;1300187944,00;48486
WINFUT;31/01/2017;14:30:00;133655,90;133872,27;133521,96;133738,33;1259221565,00;47803
WINFUT;31/01/2017;14:00:00;133882,58;133995,91;133655,90;133666,20;954838078,40;36202
WINFUT;31/01/2017;13:30:00;133583,78;134026,82;133573,47;133872,27;1616070042,00;61273
WINFUT;31/01/2017;13:00:00;133954,70;133954,70;133357,10;133583,78;1613061445,00;61414
WINFUT;31/01/2017;12:30:00;134366,84;134500,78;133913,49;133944,40;2148179608,00;79171
WINFUT;31/01/2017;12:00:00;133666,20;134459,57;133666,20;134356,53;1726522651,00;64624
WINFUT;31/01/2017;11:30:00;133305,58;133738,33;133233,46;133666,20;1084352005,00;41457
WINFUT;31/01/2017;11:00:00;133511,65;133697,11;133233,46;133305,58;1427290872,00;54535
WINFUT;31/01/2017;10:30:00;133717,72;133820,75;133449,83;133511,65;1572713271,00;59937
WINFUT;31/01/2017;10:00:00;133418,92;133738,33;133357,10;133728,02;1457706553,00;55638
WINFUT;31/01/2017;09:30:00;133109,82;133511,65;132965,57;133418,92;1053833290,00;40126
WINFUT;31/01/2017;09:00:00;133274,67;133655,90;133068,61;133130,43;1193341530,00;45392
WINFUT;30/01/2017;18:00:00;133140,73;133192,25;132914,05;133058,30;247735311,20;9414
WINFUT;30/01/2017;17:30:00;133099,52;133223,16;132965,57;133140,73;835194823,00;31881
WINFUT;30/01/2017;17:00:00;133181,94;133388,01;133048,00;133109,82;744936907,20;28430
WINFUT;30/01/2017;16:30:00;133078,91;133264,37;132831,63;133161,34;1250133953,00;47541
WINFUT;30/01/2017;16:00:00;133470,44;133573,47;132914,05;133089,21;1524431469,00;57984
WINFUT;30/01/2017;15:30:00;133841,36;133851,66;133388,01;133470,44;1252441918,00;47659
WINFUT;30/01/2017;15:00:00;133686,81;133923,79;133604,38;133831,06;946760201,00;35992
WINFUT;30/01/2017;14:30:00;133449,83;133861,97;133418,92;133686,81;1014618492,00;38564
WINFUT;30/01/2017;14:00:00;133532,26;133810,45;133429,22;133460,13;1241623333,00;47273
WINFUT;30/01/2017;13:30:00;134006,22;134006,22;133254,07;133542,56;1729510641,00;65759
WINFUT;30/01/2017;13:00:00;134109,25;134284,41;133831,06;134006,22;1377793266,00;51348
WINFUT;30/01/2017;12:30:00;134397,75;134459,57;133831,06;134129,86;2528849580,00;93800
WINFUT;30/01/2017;12:00:00;134521,39;134583,21;134294,71;134387,44;905402293,00;33634
WINFUT;30/01/2017;11:30:00;134778,97;134820,19;134418,35;134531,69;1427126017,00;52955
WINFUT;30/01/2017;11:00:00;135366,27;135386,87;134727,46;134778,97;1832194476,00;67852
WINFUT;30/01/2017;10:30:00;135829,92;135984,47;135366,27;135366,27;1676138952,00;61925
WINFUT;30/01/2017;10:00:00;135922,65;136169,93;135757,80;135829,92;1522927170,00;56165
WINFUT;30/01/2017;09:30:00;135799,01;135994,78;135726,89;135912,35;966810646,70;35749
WINFUT;30/01/2017;09:00:00;136417,22;136602,68;135665,07;135799,01;1257531805,00;46457
WINFUT;27/01/2017;18:00:00;137025,12;137076,63;136911,78;137014,81;182906223,80;6716
WINFUT;27/01/2017;17:30:00;137045,72;137086,94;136901,48;137014,81;441624975,40;16364
WINFUT;27/01/2017;17:00:00;137014,81;137128,15;136973,60;137066,33;430146971,00;15979
WINFUT;27/01/2017;16:30:00;137035,42;137231,18;137004,51;137014,81;692286456,40;25657
WINFUT;27/01/2017;16:00:00;136767,53;137056,03;136746,92;137025,12;709699227,80;26317
WINFUT;27/01/2017;15:30:00;136777,83;136808,74;136602,68;136757,23;760845380,10;28162
WINFUT;27/01/2017;15:00:00;136880,87;136932,39;136736,62;136788,14;485414489,30;17993
WINFUT;27/01/2017;14:30:00;137014,81;137014,81;136685,10;136870,57;813763719,70;30027
WINFUT;27/01/2017;14:00:00;136911,78;137076,63;136891,17;137014,81;511523343,00;18911
WINFUT;27/01/2017;13:30:00;137148,76;137293,01;136901,48;136901,48;1071967301,00;39475
WINFUT;27/01/2017;13:00:00;136788,14;137179,67;136788,14;137148,76;902249448,00;33209
WINFUT;27/01/2017;12:30:00;136932,39;137117,85;136736,62;136788,14;1548273571,00;56869
WINFUT;27/01/2017;12:00:00;137056,03;137097,24;136849,96;136932,39;763524268,00;28092
WINFUT;27/01/2017;11:30:00;136942,69;137231,18;136891,17;137045,72;1350571643,00;49658
WINFUT;27/01/2017;11:00:00;136849,96;137004,51;136757,23;136932,39;713820593,80;26390
WINFUT;27/01/2017;10:30:00;137117,85;137138,45;136695,41;136849,96;1243910691,00;46008
WINFUT;27/01/2017;10:00:00;137025,12;137179,67;136880,87;137117,85;1088349730,00;40184
WINFUT;27/01/2017;09:30:00;136952,99;137200,27;136849,96;137025,12;966295475,90;35730
WINFUT;27/01/2017;09:00:00;137241,49;137365,13;136788,14;136952,99;900910004,10;33282
WINFUT;26/01/2017;18:00:00;137375,43;137426,95;137056,03;137210,58;233022034,50;8528
WINFUT;26/01/2017;17:30:00;137509,38;137653,62;137282,70;137385,74;548182893,70;20144
WINFUT;26/01/2017;17:00:00;137684,54;137736,05;137282,70;137499,07;1139434062,00;41957
WINFUT;26/01/2017;16:30:00;137859,69;137921,51;137643,32;137694,84;614845989,00;22790
WINFUT;26/01/2017;16:00:00;137725,75;137870,00;137571,20;137859,69;804078509,60;29746
WINFUT;26/01/2017;15:30:00;137942,12;137973,03;137529,98;137725,75;1304082635,00;48041
WINFUT;26/01/2017;15:00:00;137952,42;138168,80;137859,69;137931,82;1098859214,00;40485
WINFUT;26/01/2017;14:30:00;137952,42;138076,06;137725,75;137962,73;953766523,20;35223
WINFUT;26/01/2017;14:00:00;137797,87;138117,28;137746,36;137952,42;913933520,70;33669
WINFUT;26/01/2017;13:30:00;137797,87;137952,42;137653,62;137787,57;921949577,60;33940
WINFUT;26/01/2017;13:00:00;137406,34;138034,85;137375,43;137787,57;1584294310,00;58339
WINFUT;26/01/2017;12:30:00;137540,29;137571,20;137056,03;137396,04;1999047979,00;73555
WINFUT;26/01/2017;12:00:00;137839,09;137859,69;137488,77;137550,59;912923786,00;33647
WINFUT;26/01/2017;11:30:00;137560,89;137859,69;137519,68;137828,78;1090307379,00;40177
WINFUT;26/01/2017;11:00:00;137468,16;137602,11;137262,10;137550,59;1085918124,00;40133
WINFUT;26/01/2017;10:30:00;137571,20;137663,93;137396,04;137468,16;1188189822,00;43665
WINFUT;26/01/2017;10:00:00;137828,78;137900,91;137488,77;137560,89;1566757897,00;57499
WINFUT;26/01/2017;09:30:00;137859,69;137931,82;137581,50;137828,78;974888524,10;36165
WINFUT;26/01/2017;09:00:00;138210,01;138374,86;137715,45;137859,69;1110213577,00;41198
WINFUT;24/01/2017;18:00:00;136674,80;136932,39;136499,64;136664,50;296861994,10;10920
WINFUT;24/01/2017;17:30:00;136788,14;137086,94;136664,50;136685,10;733706184,80;26947
WINFUT;24/01/2017;17:00:00;136922,08;137035,42;136643,89;136777,83;901157286,00;33210
WINFUT;24/01/2017;16:30:00;136911,78;137189,97;136819,05;136922,08;1450720837,00;53295
WINFUT;24/01/2017;16:00:00;136283,27;137004,51;136087,51;136911,78;1784345416,00;65596
WINFUT;24/01/2017;15:30:00;136623,28;136654,19;136066,90;136283,27;1592145512,00;58433
WINFUT;24/01/2017;15:00:00;136942,69;137076,63;136499,64;136612,98;1333014624,00;48945
WINFUT;24/01/2017;14:30:00;136530,55;136983,90;136324,48;136932,39;1334910452,00;49006
WINFUT;24/01/2017;14:00:00;136849,96;136891,17;136376,00;136530,55;1535105806,00;56435
WINFUT;24/01/2017;13:30:00;137035,42;137128,15;136674,80;136860,26;1065661611,00;39199
WINFUT;24/01/2017;13:00:00;137128,15;137344,52;136922,08;137035,42;1411485433,00;51994
WINFUT;24/01/2017;12:30:00;136334,79;137251,79;136314,18;137138,45;2177173418,00;79867
WINFUT;24/01/2017;12:00:00;137066,33;137097,24;136190,54;136334,79;1784036314,00;65592
WINFUT;24/01/2017;11:30:00;136674,80;137107,54;136674,80;137066,33;1048805224,00;38589
WINFUT;24/01/2017;11:00:00;136592,37;136891,17;136479,04;136685,10;1202326108,00;44326
WINFUT;24/01/2017;10:30:00;136448,13;136695,41;136252,36;136602,68;1345358115,00;49578
WINFUT;24/01/2017;10:00:00;136849,96;137076,63;136334,79;136448,13;1988373641,00;73412
WINFUT;24/01/2017;09:30:00;137179,67;137220,88;136746,92;136849,96;989251484,60;36590
WINFUT;24/01/2017;09:00:00;136798,44;137313,61;136767,53;137179,67;1001821651,00;37128
WINFUT;23/01/2017;18:00:00;136685,10;136901,48;136623,28;136901,48;304898657,80;11202
WINFUT;23/01/2017;17:30:00;136571,77;136726,32;136437,82;136685,10;703578999,30;25936
WINFUT;23/01/2017;17:00:00;136427,52;136664,50;136396,61;136571,77;801379014,80;29705
WINFUT;23/01/2017;16:30:00;136200,84;136489,34;136128,72;136427,52;865033512,90;32073
WINFUT;23/01/2017;16:00:00;135922,65;136303,88;135860,83;136200,84;930892941,80;34465
WINFUT;23/01/2017;15:30:00;135768,10;135974,17;135716,58;135922,65;891162973,50;32928
WINFUT;23/01/2017;15:00:00;135592,94;135840,22;135500,21;135768,10;997123293,70;36835
WINFUT;23/01/2017;14:30:00;135417,78;135665,07;135263,23;135582,64;1166387796,00;43069
WINFUT;23/01/2017;14:00:00;135335,36;135582,64;135201,41;135417,78;1603479269,00;59201
WINFUT;23/01/2017;13:30:00;134552,30;135366,27;134397,75;135345,66;1530015919,00;56615
WINFUT;23/01/2017;13:00:00;134706,85;134871,70;134356,53;134562,60;1375691369,00;50759
WINFUT;23/01/2017;12:30:00;134552,30;134923,22;134263,80;134706,85;2306069140,00;85250
WINFUT;23/01/2017;12:00:00;134614,12;134820,19;134531,69;134541,99;645241063,30;23855
WINFUT;23/01/2017;11:30:00;134799,58;134851,10;134531,69;134614,12;760082927,30;28149
WINFUT;23/01/2017;11:00:00;134438,96;134871,70;134377,14;134799,58;942185484,70;34965
WINFUT;23/01/2017;10:30:00;134377,14;134717,15;134356,53;134449,26;1281312087,00;47437
WINFUT;23/01/2017;10:00:00;134212,28;134480,17;134026,82;134377,14;1147347085,00;42554
WINFUT;23/01/2017;09:30:00;134459,57;134459,57;134150,46;134222,59;632506042,30;23567
WINFUT;23/01/2017;09:00:00;134047,43;134655,33;133995,91;134459,57;879726182,80;32749
WINFUT;20/01/2017;18:00:00;134284,41;134335,93;134057,73;134057,73;292699414,40;10795
WINFUT;20/01/2017;17:30:00;134068,04;134438,96;134057,73;134284,41;765440703,20;28415
WINFUT;20/01/2017;17:00:00;133985,61;134449,26;133903,18;134078,34;1141556566,00;42495
WINFUT;20/01/2017;16:30:00;134016,52;134098,95;133861,97;133985,61;842180538,40;31519
WINFUT;20/01/2017;16:00:00;133511,65;134037,13;133377,71;134026,82;1223200826,00;46554
WINFUT;20/01/2017;15:30:00;133645,60;133728,02;133192,25;133521,96;1468566352,00;55782
WINFUT;20/01/2017;15:00:00;133563,17;133697,11;133006,78;133655,90;2431915051,00;92527
WINFUT;20/01/2017;14:30:00;133697,11;133831,06;133552,87;133573,47;793630846,70;30242
WINFUT;20/01/2017;14:00:00;133995,91;134109,25;133624,99;133686,81;1031474879,00;39040
WINFUT;20/01/2017;13:30:00;134274,10;134284,41;133841,36;133985,61;915190537,30;34184
WINFUT;20/01/2017;13:00:00;134037,13;134408,05;133861,97;134274,10;1262312590,00;46825
WINFUT;20/01/2017;12:30:00;133810,45;134160,77;133655,90;134037,13;1734270819,00;65152
WINFUT;20/01/2017;12:00:00;133563,17;133841,36;133449,83;133800,15;888319230,90;33744
WINFUT;20/01/2017;11:30:00;133676,51;133738,33;133408,62;133552,87;690576089,50;26274
WINFUT;20/01/2017;11:00:00;133552,87;133697,11;133346,80;133676,51;741722241,70;28264
WINFUT;20/01/2017;10:30:00;133480,74;133573,47;133326,19;133552,87;740712507,10;28198
WINFUT;20/01/2017;10:00:00;133614,69;133666,20;133274,67;133480,74;1167294496,00;44343
WINFUT;20/01/2017;09:30:00;133872,27;133934,09;133583,78;133604,38;649032720,10;24457
WINFUT;20/01/2017;09:00:00;133120,12;133892,88;133120,12;133872,27;982904581,00;37241
WINFUT;19/01/2017;18:00:00;133212,85;133398,31;132934,66;133398,31;268362748,10;10216
WINFUT;19/01/2017;17:30:00;132295,85;133449,83;132038,26;133202,55;1499723879,00;57269
WINFUT;19/01/2017;17:00:00;132604,95;132780,11;132038,26;132306,15;1944913836,00;74464
WINFUT;19/01/2017;16:30:00;132893,45;133006,78;132574,04;132604,95;798720733,70;30637
WINFUT;19/01/2017;16:00:00;132811,02;133027,39;132574,04;132893,45;1060015339,00;40620
WINFUT;19/01/2017;15:30:00;132883,14;132934,66;132635,86;132811,02;899364491,80;34380
WINFUT;19/01/2017;15:00:00;133068,61;133171,64;132769,81;132883,14;779370920,30;29708
WINFUT;19/01/2017;14:30:00;133048,00;133181,94;132872,84;133078,91;849908099,60;32429
WINFUT;19/01/2017;14:00:00;132831,63;133223,16;132718,29;133048,00;1150664785,00;43869
WINFUT;19/01/2017;13:30:00;132872,84;132955,27;132677,08;132841,93;753674203,20;28680
WINFUT;19/01/2017;13:00:00;132811,02;133048,00;132677,08;132862,54;991209133,50;37644
WINFUT;19/01/2017;12:30:00;133614,69;133614,69;132563,74;132811,02;2293045624,00;86944
WINFUT;19/01/2017;12:00:00;133769,24;133769,24;133449,83;133624,99;794269658,40;30317
WINFUT;19/01/2017;11:30:00;133944,40;134006,22;133624,99;133769,24;989869689,50;37915
WINFUT;19/01/2017;11:00:00;133542,56;134047,43;133470,44;133954,70;1430979494,00;54363
WINFUT;19/01/2017;10:30:00;133336,49;133552,87;133058,30;133542,56;1169087291,00;44551
WINFUT;19/01/2017;10:00:00;133604,38;133655,90;133192,25;133346,80;1282878206,00;48804
WINFUT;19/01/2017;09:30:00;133563,17;133676,51;133449,83;133614,69;758599235,60;28613
WINFUT;19/01/2017;09:00:00;132666,77;133655,90;132532,83;133573,47;1384469879,00;52298
WINFUT;18/01/2017;18:00:00;133305,58;133346,80;132914,05;132914,05;223893208,80;8573
WINFUT;18/01/2017;17:30:00;133697,11;133769,24;133068,61;133326,19;1030856675,00;39441
WINFUT;18/01/2017;17:00:00;133697,11;133985,61;133521,96;133686,81;1253328012,00;47945
WINFUT;18/01/2017;16:30:00;133697,11;133872,27;133666,20;133707,42;633680631,70;24387
WINFUT;18/01/2017;16:00:00;133954,70;134222,59;133686,81;133707,42;1117384754,00;42168
WINFUT;18/01/2017;15:30:00;134078,34;134140,16;133903,18;133954,70;627745864,60;23299
WINFUT;18/01/2017;15:00:00;134129,86;134274,10;133995,91;134068,04;848403801,00;31266
WINFUT;18/01/2017;14:30:00;134305,02;134428,66;134098,95;134129,86;1115221037,00;41137
WINFUT;18/01/2017;14:00:00;133944,40;134366,84;133913,49;134315,32;1124432290,00;41550
WINFUT;18/01/2017;13:30:00;133923,79;134078,34;133728,02;133944,40;863879530,40;32514
WINFUT;18/01/2017;13:00:00;134068,04;134171,07;133872,27;133913,49;794352085,80;29424
WINFUT;18/01/2017;12:30:00;133861,97;134171,07;133789,84;134078,34;1680322138,00;62395
WINFUT;18/01/2017;12:00:00;133820,75;133892,88;133635,29;133872,27;967490672,10;37037
WINFUT;18/01/2017;11:30:00;134263,80;134305,02;133758,93;133820,75;1040232782,00;38918
WINFUT;18/01/2017;11:00:00;134047,43;134397,75;133861,97;134263,80;1393001106,00;51884
WINFUT;18/01/2017;10:30:00;134222,59;134294,71;134006,22;134057,73;944678911,20;35033
WINFUT;18/01/2017;10:00:00;134098,95;134274,10;133965,00;134222,59;1276036739,00;47235
WINFUT;18/01/2017;09:30:00;133872,27;134181,37;133758,93;134088,64;975403694,80;36718
WINFUT;18/01/2017;09:00:00;133552,87;134037,13;133305,58;133882,58;1299796414,00;49208
WINFUT;17/01/2017;18:00:00;133882,58;133923,79;133655,90;133655,90;243572731,50;9280
WINFUT;17/01/2017;17:30:00;134356,53;134377,14;133645,60;133861,97;1164862891,00;43858
WINFUT;17/01/2017;17:00:00;134315,32;134603,81;134253,50;134377,14;1140855933,00;42335
WINFUT;17/01/2017;16:30:00;133965,00;134325,62;133934,09;134305,02;961308623,00;35818
WINFUT;17/01/2017;16:00:00;134109,25;134150,46;133789,84;133965,00;829651585,70;31141
WINFUT;17/01/2017;15:30:00;133882,58;134140,16;133758,93;134098,95;1041984363,00;39232
WINFUT;17/01/2017;15:00:00;133934,09;134088,64;133831,06;133872,27;1005077530,00;37631
WINFUT;17/01/2017;14:30:00;133480,74;133944,40;133367,40;133934,09;1015195484,00;38679
WINFUT;17/01/2017;14:00:00;133315,89;133666,20;133212,85;133480,74;1158433560,00;43954
WINFUT;17/01/2017;13:30:00;132986,18;133480,74;132934,66;133315,89;1245311955,00;47353
WINFUT;17/01/2017;13:00:00;132584,34;133171,64;132491,61;132996,48;1477509716,00;56293
WINFUT;17/01/2017;12:30:00;132481,31;132707,99;131997,05;132584,34;2360739060,00;89853
WINFUT;17/01/2017;12:00:00;132656,47;132811,02;132326,76;132471,01;1023912173,00;39184
WINFUT;17/01/2017;11:30:00;132347,37;132687,38;132306,15;132656,47;909235163,40;34880
WINFUT;17/01/2017;11:00:00;132749,20;132872,84;132337,06;132347,37;1096324574,00;42133
WINFUT;17/01/2017;10:30:00;132553,43;132769,81;132481,31;132738,90;854276747,60;32841
WINFUT;17/01/2017;10:00:00;132316,46;132738,90;132234,03;132563,74;1423313753,00;54436
WINFUT;17/01/2017;09:30:00;132120,69;132460,70;132048,57;132306,15;957990923,40;36624
WINFUT;17/01/2017;09:00:00;132295,85;132687,38;131966,14;132130,99;1185923071,00;45359
WINFUT;16/01/2017;18:00:00;132811,02;132944,96;132656,47;132811,02;198773482,90;7593
WINFUT;16/01/2017;17:30:00;132491,61;132893,45;132450,40;132852,23;440615240,70;16980
WINFUT;16/01/2017;17:00:00;132409,19;132584,34;132182,51;132491,61;453453295,80;17549
WINFUT;16/01/2017;16:30:00;132553,43;132584,34;132295,85;132388,58;527308174,80;20514
WINFUT;16/01/2017;16:00:00;132821,32;132831,63;132429,79;132553,43;748543102,50;28996
WINFUT;16/01/2017;15:30:00;132903,75;132996,48;132800,72;132831,63;323527232,20;12525
WINFUT;16/01/2017;15:00:00;133151,03;133223,16;132852,23;132893,45;500478082,00;19304
WINFUT;16/01/2017;14:30:00;133181,94;133243,76;133058,30;133151,03;460150515,60;17639
WINFUT;16/01/2017;14:00:00;132986,18;133315,89;132975,87;133192,25;736240824,90;28144
WINFUT;16/01/2017;13:30:00;132944,96;133089,21;132883,14;132975,87;427900826,50;16354
WINFUT;16/01/2017;13:00:00;133037,69;133109,82;132872,84;132944,96;701394675,30;26705
WINFUT;16/01/2017;12:30:00;132604,95;133078,91;132512,22;133058,30;956156915,50;36505
WINFUT;16/01/2017;12:00:00;132615,25;132738,90;132460,70;132604,95;753612382,70;28817
WINFUT;16/01/2017;11:30:00;132780,11;132944,96;132584,34;132615,25;794537547,20;30353
WINFUT;16/01/2017;11:00:00;132543,13;132872,84;132522,52;132780,11;717529823,20;27392
WINFUT;16/01/2017;10:30:00;132738,90;132738,90;132409,19;132543,13;973343011,80;37255
WINFUT;16/01/2017;10:00:00;132594,65;132872,84;132337,06;132738,90;934457923,40;35814
WINFUT;16/01/2017;09:30:00;132182,51;132646,17;132141,30;132604,95;865610504,20;32878
WINFUT;16/01/2017;09:00:00;132141,30;132460,70;131883,71;132182,51;898993568,90;34272
WINFUT;13/01/2017;18:00:00;132419,49;132707,99;132388,58;132707,99;213424939,10;8145
WINFUT;13/01/2017;17:30:00;132069,17;132501,92;132048,57;132398,88;595372534,50;22854
WINFUT;13/01/2017;17:00:00;132285,55;132306,15;131811,59;132079,48;909400018,10;35045
WINFUT;13/01/2017;16:30:00;132203,12;132378,28;132100,08;132275,24;639656612,40;24582
WINFUT;13/01/2017;16:00:00;132275,24;132522,52;132027,96;132203,12;975527335,80;37397
WINFUT;13/01/2017;15:30:00;132656,47;132656,47;132089,78;132275,24;1208343302,00;46188
WINFUT;13/01/2017;15:00:00;133130,43;133151,03;132574,04;132656,47;975177019,70;37247
WINFUT;13/01/2017;14:30:00;132955,27;133212,85;132903,75;133120,12;791817445,70;30157
WINFUT;13/01/2017;14:00:00;132821,32;133006,78;132769,81;132955,27;571056475,10;21818
WINFUT;13/01/2017;13:30:00;132635,86;132955,27;132615,25;132831,63;632320580,90;24139
WINFUT;13/01/2017;13:00:00;132831,63;133078,91;132604,95;132625,56;1031825196,00;39375
WINFUT;13/01/2017;12:30:00;132615,25;132903,75;132357,67;132831,63;1716981689,00;65391
WINFUT;13/01/2017;12:00:00;132738,90;132780,11;132532,83;132615,25;906906591,60;34673
WINFUT;13/01/2017;11:30:00;132955,27;133171,64;132677,08;132728,59;1213968967,00;46537
WINFUT;13/01/2017;11:00:00;133429,22;133449,83;132872,84;132955,27;870144006,80;33270
WINFUT;13/01/2017;10:30:00;133315,89;133521,96;133140,73;133439,53;1112810038,00;42587
WINFUT;13/01/2017;10:00:00;132841,93;133367,40;132831,63;133315,89;1316096416,00;50337
WINFUT;13/01/2017;09:30:00;132996,48;133109,82;132728,59;132852,23;805706449,10;30623
WINFUT;13/01/2017;09:00:00;133140,73;133223,16;132769,81;132986,18;1214298676,00;46187
WINFUT;12/01/2017;18:00:00;133491,05;133542,56;133161,34;133326,19;263087399,60;10041
WINFUT;12/01/2017;17:30:00;133645,60;133655,90;133408,62;133491,05;507896540,90;19473
WINFUT;12/01/2017;17:00:00;133645,60;133676,51;133429,22;133645,60;675821599,20;25987
WINFUT;12/01/2017;16:30:00;133583,78;133800,15;133357,10;133635,29;835297857,10;32108
WINFUT;12/01/2017;16:00:00;133758,93;133851,66;133429,22;133583,78;950469430,40;36492
WINFUT;12/01/2017;15:30:00;133831,06;134088,64;133655,90;133758,93;1126286905,00;42516
WINFUT;12/01/2017;15:00:00;133738,33;133934,09;133449,83;133831,06;1105494613,00;42247
WINFUT;12/01/2017;14:30:00;133398,31;133810,45;133233,46;133738,33;910677641,50;34776
WINFUT;12/01/2017;14:00:00;133120,12;133501,35;132986,18;133388,01;1108874133,00;42303
WINFUT;12/01/2017;13:30:00;133398,31;133429,22;133058,30;133109,82;735416551,70;28075
WINFUT;12/01/2017;13:00:00;133470,44;133604,38;132955,27;133377,71;1458489612,00;55565
WINFUT;12/01/2017;12:30:00;133315,89;133697,11;133017,09;133460,13;1884082474,00;71547
WINFUT;12/01/2017;12:00:00;133707,42;133769,24;133295,28;133326,19;810549054,20;30931
WINFUT;12/01/2017;11:30:00;133645,60;133717,72;133254,07;133707,42;1598574843,00;60753
WINFUT;12/01/2017;11:00:00;133439,53;133954,70;133357,10;133624,99;1292872519,00;49329
WINFUT;12/01/2017;10:30:00;133532,26;133882,58;133357,10;133439,53;1419109960,00;54079
WINFUT;12/01/2017;10:00:00;134191,68;134253,50;133521,96;133532,26;1583181541,00;59825
WINFUT;12/01/2017;09:30:00;133800,15;134459,57;133676,51;134191,68;1624106706,00;60463
WINFUT;12/01/2017;09:00:00;132604,95;134201,98;132460,70;133789,84;1973660364,00;74739
WINFUT;11/01/2017;18:00:00;130317,59;130338,20;130090,92;130090,92;206892574,00;7997
WINFUT;11/01/2017;17:30:00;129812,73;130338,20;129771,51;130317,59;730367878,40;28132
WINFUT;11/01/2017;17:00:00;129668,48;129915,76;129575,75;129812,73;790457394,90;30563
WINFUT;11/01/2017;16:30:00;129915,76;130029,10;129534,53;129668,48;1060880826,00;40738
WINFUT;11/01/2017;16:00:00;129977,58;130183,65;129823,03;129926,06;1317147365,00;50604
WINFUT;11/01/2017;15:30:00;129709,69;129998,19;129493,32;129977,58;968273731,60;37194
WINFUT;11/01/2017;15:00:00;129421,20;129792,12;129215,13;129709,69;1438707055,00;55190
WINFUT;11/01/2017;14:30:00;129338,77;129668,48;128864,81;129421,20;1991444059,00;76397
WINFUT;11/01/2017;14:00:00;128947,24;129493,32;128936,94;129338,77;1552704039,00;59487
WINFUT;11/01/2017;13:30:00;128813,29;129050,27;128607,23;128947,24;1133210800,00;44196
WINFUT;11/01/2017;13:00:00;128936,94;128957,54;128442,37;128813,29;1235152788,00;49860
WINFUT;11/01/2017;12:30:00;128782,38;129153,31;128432,07;128926,63;1789229235,00;71585
WINFUT;11/01/2017;12:00:00;129400,59;129400,59;128710,26;128772,08;1424302881,00;55270
WINFUT;11/01/2017;11:30:00;129833,33;129895,15;129379,98;129400,59;1014659706,00;39120
WINFUT;11/01/2017;11:00:00;129843,64;130039,40;129658,17;129843,64;986304707,90;38036
WINFUT;11/01/2017;10:30:00;130544,27;130544,27;129843,64;129853,94;1267794007,00;48798
WINFUT;11/01/2017;10:00:00;130420,63;130740,03;130379,41;130533,97;936085863,00;35960
WINFUT;11/01/2017;09:30:00;130441,23;130606,09;130296,99;130430,93;768614155,00;29315
WINFUT;11/01/2017;09:00:00;130441,23;130832,76;130338,20;130441,23;995145038,00;38090
WINFUT;10/01/2017;18:00:00;129544,84;130049,70;129452,11;130049,70;239781074,80;9248
WINFUT;10/01/2017;17:30:00;129307,86;129606,66;129235,73;129565,44;699375205,90;26782
WINFUT;10/01/2017;17:00:00;129256,34;129400,59;129173,91;129297,56;552469114,30;21186
WINFUT;10/01/2017;16:30:00;129400,59;129586,05;129143,00;129276,95;884651215,10;33908
WINFUT;10/01/2017;16:00:00;129359,38;129524,23;129276,95;129400,59;795650316,10;30641
WINFUT;10/01/2017;15:30:00;129678,78;129781,82;129338,77;129359,38;931305078,40;35832
WINFUT;10/01/2017;15:00:00;129565,44;129720,00;129493,32;129678,78;463220933,30;17755
WINFUT;10/01/2017;14:30:00;129627,26;129658,17;129462,41;129555,14;779267886,10;29854
WINFUT;10/01/2017;14:00:00;129812,73;129926,06;129575,75;129637,57;766058908,10;29311
WINFUT;10/01/2017;13:30:00;129874,55;129977,58;129699,39;129812,73;603264950,50;23047
WINFUT;10/01/2017;13:00:00;129977,58;130111,53;129678,78;129884,85;911769803,50;34938
WINFUT;10/01/2017;12:30:00;129750,91;130029,10;129668,48;129967,28;1216441786,00;46456
WINFUT;10/01/2017;12:00:00;130018,79;130070,31;129709,69;129740,60;696098720,00;26766
WINFUT;10/01/2017;11:30:00;129977,58;130193,95;129915,76;130008,49;629085308,60;24168
WINFUT;10/01/2017;11:00:00;130121,83;130142,44;129843,64;129977,58;894006716,00;34309
WINFUT;10/01/2017;10:30:00;130029,10;130193,95;129956,97;130132,13;695068378,50;26671
WINFUT;10/01/2017;10:00:00;130080,61;130266,08;129936,37;130029,10;1418162046,00;54295
WINFUT;10/01/2017;09:30:00;129936,37;130121,83;129792,12;130070,31;818915427,20;31317
WINFUT;10/01/2017;09:00:00;129101,79;129987,88;129009,06;129936,37;1101682350,00;42172
WINFUT;09/01/2017;18:00:00;128720,56;128833,90;128586,62;128772,08;172850090,70;6898
WINFUT;09/01/2017;17:30:00;128916,33;129060,58;128648,44;128741,17;852793055,90;33153
WINFUT;09/01/2017;17:00:00;129349,07;129452,11;128854,51;128906,03;864909871,90;33197
WINFUT;09/01/2017;16:30:00;129390,29;129503,62;129297,56;129349,07;517932067,10;19865
WINFUT;09/01/2017;16:00:00;129132,70;129513,93;129070,88;129379,98;763173951,90;29182
WINFUT;09/01/2017;15:30:00;129215,13;129307,86;129070,88;129132,70;498767715,20;19013
WINFUT;09/01/2017;15:00:00;129421,20;129483,02;129143,00;129215,13;660696185,90;25282
WINFUT;09/01/2017;14:30:00;129596,35;129709,69;129318,16;129431,50;722145753,20;27565
WINFUT;09/01/2017;14:00:00;129359,38;129678,78;129204,82;129606,66;1306102104,00;49853
WINFUT;09/01/2017;13:30:00;129132,70;129410,89;129019,36;129359,38;855636798,40;32721
WINFUT;09/01/2017;13:00:00;129400,59;129462,41;129060,58;129132,70;873070176,60;33496
WINFUT;09/01/2017;12:30:00;129462,41;129555,14;129019,36;129410,89;1515652959,00;57660
WINFUT;09/01/2017;12:00:00;129153,31;129565,44;129153,31;129462,41;1102135700,00;42230
WINFUT;09/01/2017;11:30:00;128895,72;129318,16;128802,99;129143,00;1223139006,00;46945
WINFUT;09/01/2017;11:00:00;128102,36;129091,49;128019,93;128906,03;1552168262,00;62720
WINFUT;09/01/2017;10:30:00;127927,20;128215,70;127865,38;128112,66;771705179,50;32009
WINFUT;09/01/2017;10:00:00;128277,52;128586,62;127865,38;127927,20;1308904633,00;54255
WINFUT;09/01/2017;09:30:00;128174,48;128359,94;128009,63;128287,82;827858791,50;34155
WINFUT;09/01/2017;09:00:00;128586,62;128586,62;128009,63;128164,18;942226698,40;38904
WINFUT;06/01/2017;18:00:00;128596,92;128895,72;128514,50;128895,72;217340236,80;8589
WINFUT;06/01/2017;17:30:00;128401,16;128617,53;128256,91;128607,23;495223340,40;20244
WINFUT;06/01/2017;17:00:00;128535,10;128627,83;128380,55;128390,85;389633943,10;15923
WINFUT;06/01/2017;16:30:00;128215,70;128658,74;128174,48;128535,10;561886435,70;23117
WINFUT;06/01/2017;16:00:00;128390,85;128545,41;128215,70;128215,70;533078087,20;21917
WINFUT;06/01/2017;15:30:00;128370,25;128493,89;128112,66;128401,16;807251961,40;33091
WINFUT;06/01/2017;15:00:00;128648,44;128669,05;128153,88;128370,25;1051648966,00;42939
WINFUT;06/01/2017;14:30:00;128669,05;128864,81;128432,07;128638,14;848218339,60;34302
WINFUT;06/01/2017;14:00:00;128627,83;128720,56;128380,55;128669,05;792744753,00;32447
WINFUT;06/01/2017;13:30:00;128648,44;128730,87;128411,46;128627,83;815803795,90;33414
WINFUT;06/01/2017;13:00:00;128730,87;129101,79;128545,41;128638,14;1053256299,00;41308
WINFUT;06/01/2017;12:30:00;128699,96;128957,54;128277,52;128741,17;1629959045,00;66408
WINFUT;06/01/2017;12:00:00;128648,44;128967,85;128524,80;128710,26;858521754,60;34497
WINFUT;06/01/2017;11:30:00;128926,63;129225,43;128576,32;128638,14;1381708563,00;53848
WINFUT;06/01/2017;11:00:00;128555,71;128988,45;128442,37;128926,63;851412398,20;34227
WINFUT;06/01/2017;10:30:00;128947,24;129184,22;128535,10;128535,10;1150726605,00;46024
WINFUT;06/01/2017;10:00:00;129039,97;129338,77;128906,03;128947,24;1096015471,00;42126
WINFUT;06/01/2017;09:30:00;128926,63;129153,31;128916,33;129039,97;690782157,80;26373
WINFUT;06/01/2017;09:00:00;129163,61;129194,52;128710,26;128916,33;1284794642,00;49711
WINFUT;05/01/2017;18:00:00;129555,14;129606,66;129112,09;129112,09;275884241,10;10668
WINFUT;05/01/2017;17:30:00;130183,65;130193,95;129493,32;129544,84;1015937330,00;39070
WINFUT;05/01/2017;17:00:00;130183,65;130338,20;130111,53;130163,04;561536119,60;21498
WINFUT;05/01/2017;16:30:00;130327,90;130358,81;130049,70;130173,35;650124882,10;24954
WINFUT;05/01/2017;16:00:00;129895,15;130400,02;129802,42;130338,20;1048887651,00;40208
WINFUT;05/01/2017;15:30:00;129915,76;130101,22;129781,82;129884,85;871545271,20;33306
WINFUT;05/01/2017;15:00:00;129462,41;129936,37;129452,11;129905,46;906989019,00;34539
WINFUT;05/01/2017;14:30:00;129616,96;129750,91;129359,38;129472,71;929759566,20;35489
WINFUT;05/01/2017;14:00:00;129977,58;130018,79;129410,89;129616,96;1419563310,00;54149
WINFUT;05/01/2017;13:30:00;129802,42;130070,31;129565,44;129987,88;1245538630,00;47544
WINFUT;05/01/2017;13:00:00;129503,62;130008,49;129431,50;129802,42;1185613968,00;45298
WINFUT;05/01/2017;12:30:00;128772,08;129689,09;128699,96;129513,93;1907491833,00;73076
WINFUT;05/01/2017;12:00:00;128730,87;128998,76;128627,83;128782,38;669989866,30;26381
WINFUT;05/01/2017;11:30:00;128998,76;129060,58;128627,83;128730,87;926874610,00;36401
WINFUT;05/01/2017;11:00:00;128936,94;129194,52;128730,87;129009,06;1118559343,00;42979
WINFUT;05/01/2017;10:30:00;128906,03;129287,25;128833,90;128947,24;1160205747,00;44409
WINFUT;05/01/2017;10:00:00;129297,56;129307,86;128720,56;128895,72;1064816731,00;41340
WINFUT;05/01/2017;09:30:00;129101,79;129369,68;129091,49;129307,86;899549953,30;34382
WINFUT;05/01/2017;09:00:00;128761,78;129276,95;128658,74;129101,79;1109945688,00;42379
WINFUT;04/01/2017;18:00:00;128535,10;128833,90;128514,50;128833,90;167327460,20;6606
WINFUT;04/01/2017;17:30:00;128741,17;128875,12;128462,98;128535,10;564462289,40;22855
WINFUT;04/01/2017;17:00:00;128524,80;128978,15;128452,68;128720,56;1054245427,00;42282
WINFUT;04/01/2017;16:30:00;128566,01;128885,42;128483,59;128524,80;821903417,60;33561
WINFUT;04/01/2017;16:00:00;128576,32;128627,83;128277,52;128566,01;637822604,50;26365
WINFUT;04/01/2017;15:30:00;128390,85;128586,62;128277,52;128576,32;617957620,30;25538
WINFUT;04/01/2017;15:00:00;128566,01;128761,78;128318,73;128390,85;815700761,70;33696
WINFUT;04/01/2017;14:30:00;128411,46;128679,35;128370,25;128566,01;874883577,70;36168
WINFUT;04/01/2017;14:00:00;128411,46;128452,68;128112,66;128411,46;931531753,60;38535
WINFUT;04/01/2017;13:30:00;128493,89;128607,23;128112,66;128401,16;1092594737,00;45147
WINFUT;04/01/2017;13:00:00;129029,67;129184,22;128462,98;128493,89;1142628121,00;45498
WINFUT;04/01/2017;12:30:00;128555,71;129153,31;128267,21;129039,97;1973474903,00;79037
WINFUT;04/01/2017;12:00:00;129410,89;129452,11;128318,73;128555,71;1795473104,00;72930
WINFUT;04/01/2017;11:30:00;128967,85;129452,11;128916,33;129410,89;1400605027,00;53464
WINFUT;04/01/2017;11:00:00;128751,47;129184,22;128586,62;128967,85;920239210,70;35636
WINFUT;04/01/2017;10:30:00;128957,54;129328,47;128576,32;128751,47;1283434591,00;50095
WINFUT;04/01/2017;10:00:00;128576,32;129101,79;128359,94;128957,54;1172569845,00;47513
WINFUT;04/01/2017;09:30:00;129462,41;129472,71;128514,50;128576,32;1218646717,00;48069
WINFUT;04/01/2017;09:00:00;128978,15;129596,35;128792,69;129452,11;1514437156,00;57842
WINFUT;03/01/2017;18:00:00;129276,95;129410,89;129215,13;129215,13;334531279,40;12917
WINFUT;03/01/2017;17:30:00;128411,46;129307,86;128411,46;129276,95;983069435,60;38958
WINFUT;03/01/2017;17:00:00;128329,03;128638,14;128143,57;128421,77;918260955,00;37705
WINFUT;03/01/2017;16:30:00;128679,35;128730,87;128246,61;128318,73;893594579,40;36869
WINFUT;03/01/2017;16:00:00;128493,89;128730,87;128215,70;128679,35;1134158714,00;46712
WINFUT;03/01/2017;15:30:00;127989,02;128535,10;127875,68;128493,89;1251411577,00;51432
WINFUT;03/01/2017;15:00:00;128205,39;128318,73;127669,62;127989,02;1333220692,00;54953
WINFUT;03/01/2017;14:30:00;128473,28;128730,87;127875,68;128205,39;1725657164,00;71130
WINFUT;03/01/2017;14:00:00;128648,44;128813,29;128329,03;128473,28;1875077289,00;77312
WINFUT;03/01/2017;13:30:00;128967,85;129235,73;128638,14;128648,44;1592619469,00;61425
WINFUT;03/01/2017;13:00:00;128442,37;129091,49;128432,07;128957,54;1710099007,00;67567
WINFUT;03/01/2017;12:30:00;127679,92;128648,44;127669,62;128442,37;2327191141,00;96017
WINFUT;03/01/2017;12:00:00;127731,44;127906,59;127432,64;127659,31;1303546857,00;54008
WINFUT;03/01/2017;11:30:00;127185,36;127813,86;127061,71;127731,44;1539000497,00;63799
WINFUT;03/01/2017;11:00:00;126598,06;127370,82;126536,24;127195,66;1520351316,00;63306
WINFUT;03/01/2017;10:30:00;126010,77;126618,67;126010,77;126608,36;1062014202,00;44492
WINFUT;03/01/2017;10:00:00;125567,72;126031,37;125526,51;126021,07;912017085,50;38157
WINFUT;03/01/2017;09:30:00;125495,60;125650,15;125320,44;125557,42;776094434,30;32410
WINFUT;03/01/2017;09:00:00;125289,53;125670,75;125186,49;125485,29;984202811,20;41467
WINFUT;02/01/2017;18:00:00;124434,34;124485,86;124217,97;124217,97;142722905,10;5848
WINFUT;02/01/2017;17:30:00;124413,74;124630,11;124290,10;124424,04;338693859,10;14003
WINFUT;02/01/2017;17:00:00;124825,87;124867,09;124362,22;124413,74;319117370,60;13293
WINFUT;02/01/2017;16:30:00;124588,89;124959,82;124496,16;124815,57;437750891,30;18186
WINFUT;02/01/2017;16:00:00;124424,04;124650,72;124238,58;124599,20;502229662,60;20868
WINFUT;02/01/2017;15:30:00;125062,85;125238,01;124331,31;124413,74;831403166,20;34456
WINFUT;02/01/2017;15:00:00;124939,21;125104,07;124805,27;125083,46;350398538,60;14542
WINFUT;02/01/2017;14:30:00;125196,80;125289,53;124898,00;124928,91;476100202,10;19679
WINFUT;02/01/2017;14:00:00;124959,82;125248,31;124887,69;125186,49;366162763,60;15055
WINFUT;02/01/2017;13:30:00;124681,63;125134,98;124671,32;124959,82;756909475,50;30964
WINFUT;02/01/2017;13:00:00;124588,89;124702,23;124176,76;124671,32;758846517,50;31200
WINFUT;02/01/2017;12:30:00;124527,07;124702,23;124465,25;124588,89;269187021,30;11027
WINFUT;02/01/2017;12:00:00;124805,27;124877,39;124444,65;124527,07;522960133,70;21673
WINFUT;02/01/2017;11:30:00;124764,05;124898,00;124609,50;124815,57;609137897,00;25222
WINFUT;02/01/2017;11:00:00;124393,13;124774,36;124382,83;124753,75;596732585,30;24713
WINFUT;02/01/2017;10:30:00;124269,49;124454,95;124156,15;124393,13;658058511,60;27275
WINFUT;02/01/2017;10:00:00;124454,95;124506,47;124063,42;124269,49;712048406,40;29587
WINFUT;02/01/2017;09:30:00;124702,23;124784,66;124403,43;124475,56;581545351,60;24112
WINFUT;02/01/2017;09:00:00;125474,99;125474,99;124661,02;124691,93;671700233,10;27620
WINFUT;13/12/2016;18:00:00;124875,71;124959,82;124718,01;124959,82;175423146,20;7075
WINFUT;13/12/2016;17:30:00;124371,08;124970,33;124297,49;124875,71;615232081,80;24968
WINFUT;13/12/2016;17:00:00;124350,05;124392,11;124255,43;124371,08;370968544,80;15075
WINFUT;13/12/2016;16:30:00;124465,70;124486,72;124160,81;124350,05;641494039,10;26367
WINFUT;13/12/2016;16:00:00;124423,64;124581,34;124150,30;124455,18;666978020,10;27473
WINFUT;13/12/2016;15:30:00;124087,22;124602,37;124076,71;124423,64;955775444,70;39133
WINFUT;13/12/2016;15:00:00;124339,54;124612,88;124024,14;124087,22;1356159905,00;55178
WINFUT;13/12/2016;14:30:00;124055,68;124518,26;123982,09;124339,54;1276490925,00;52331
WINFUT;13/12/2016;14:00:00;124160,81;124371,08;123456,43;124045,17;2068596973,00;84767
WINFUT;13/12/2016;13:30:00;125107,00;125128,03;124076,71;124160,81;1677842599,00;68501
WINFUT;13/12/2016;13:00:00;125559,07;125590,61;125043,92;125107,00;1186582094,00;48494
WINFUT;13/12/2016;12:30:00;125359,32;126042,68;125317,27;125559,07;1752254982,00;71759
WINFUT;13/12/2016;12:00:00;125264,70;125611,64;125085,98;125359,32;1473592276,00;60566
WINFUT;13/12/2016;11:30:00;124875,71;125390,86;124749,55;125254,19;1589742037,00;65447
WINFUT;13/12/2016;11:00:00;124213,38;124938,79;124150,30;124875,71;1467515650,00;60570
WINFUT;13/12/2016;10:30:00;123919,01;124350,05;123740,29;124213,38;1284796348,00;53178
WINFUT;13/12/2016;10:00:00;123698,23;124097,74;123540,54;123929,52;1422813551,00;59337
WINFUT;13/12/2016;09:30:00;124623,40;124770,58;123687,72;123698,23;1405571914,00;58849
WINFUT;13/12/2016;09:00:00;125506,50;125527,53;124591,86;124623,40;1083952299,00;45196
WINFUT;12/12/2016;18:00:00;124360,57;124591,86;124181,84;124591,86;204712903,20;8261
WINFUT;12/12/2016;17:30:00;124570,83;124602,37;124160,81;124360,57;681507253,50;27701
WINFUT;12/12/2016;17:00:00;124444,67;124718,01;124223,89;124560,32;838658469,50;34226
WINFUT;12/12/2016;16:30:00;124413,13;124560,32;124276,46;124455,18;858759695,40;35186
WINFUT;12/12/2016;16:00:00;124907,25;124928,28;124402,62;124413,13;1195938836,00;48937
WINFUT;12/12/2016;15:30:00;124718,01;125149,06;124644,42;124907,25;1043939085,00;42483
WINFUT;12/12/2016;15:00:00;124770,58;124823,15;124497,24;124718,01;830121756,40;33708
WINFUT;12/12/2016;14:30:00;124612,88;124886,23;124486,72;124781,09;1064061337,00;43343
WINFUT;12/12/2016;14:00:00;125128,03;125128,03;124560,32;124602,37;1122577772,00;45700
WINFUT;12/12/2016;13:30:00;125064,95;125317,27;124938,79;125128,03;949236238,40;38616
WINFUT;12/12/2016;13:00:00;125517,02;125590,61;124707,50;125075,46;1946559824,00;79142
WINFUT;12/12/2016;12:30:00;125927,03;126316,02;125453,94;125506,50;1909763647,00;78236
WINFUT;12/12/2016;12:00:00;126116,27;126368,59;125884,98;125916,52;889605405,00;36480
WINFUT;12/12/2016;11:30:00;125969,08;126494,74;125937,54;126116,27;1133532520,00;46576
WINFUT;12/12/2016;11:00:00;126021,65;126305,51;125664,20;125969,08;1071063124,00;44153
WINFUT;12/12/2016;10:30:00;125580,10;126505,26;125453,94;126021,65;1508811474,00;62418
WINFUT;12/12/2016;10:00:00;125748,31;126158,32;125495,99;125580,10;1049532104,00;43770
WINFUT;12/12/2016;09:30:00;125601,12;126158,32;125559,07;125737,79;1207839771,00;50009
WINFUT;12/12/2016;09:00:00;126147,81;126158,32;125264,70;125601,12;1122830089,00;46631
WINFUT;09/12/2016;18:00:00;127209,64;127419,90;127125,54;127419,90;176705755,80;7037
WINFUT;09/12/2016;17:30:00;127230,67;127525,04;127072,97;127220,15;715675132,20;29185
WINFUT;09/12/2016;17:00:00;127251,69;127914,02;127178,10;127241,18;918663871,80;37507
WINFUT;09/12/2016;16:30:00;127451,44;127598,63;127020,40;127251,69;949215212,00;39033
WINFUT;09/12/2016;16:00:00;127220,15;127525,04;126894,25;127461,96;1127455894,00;46268
WINFUT;09/12/2016;15:30:00;127167,59;127356,83;127072,97;127220,15;830983838,20;33845
WINFUT;09/12/2016;15:00:00;127798,38;127871,97;126988,86;127157,08;1694579603,00;69026
WINFUT;09/12/2016;14:30:00;128355,58;128408,15;127735,30;127787,87;1382400836,00;56163
WINFUT;09/12/2016;14:00:00;128334,55;128639,44;128124,29;128355,58;1040848206,00;42541
WINFUT;09/12/2016;13:30:00;128313,53;128544,82;128019,16;128334,55;1322875134,00;53859
WINFUT;09/12/2016;13:00:00;128187,37;128366,09;127693,25;128313,53;1308745402,00;53348
WINFUT;09/12/2016;12:30:00;127945,56;128450,20;127472,47;128166,34;1994205616,00;81667
WINFUT;09/12/2016;12:00:00;127903,51;128366,09;127766,84;127945,56;990174613,70;40919
WINFUT;09/12/2016;11:30:00;127461,96;128187,37;127146,56;127893,00;1555448000,00;63992
WINFUT;09/12/2016;11:00:00;127556,58;128019,16;127377,85;127451,44;1170496908,00;48019
WINFUT;09/12/2016;10:30:00;127956,08;127987,62;127083,48;127556,58;1900848458,00;78292
WINFUT;09/12/2016;10:00:00;128681,49;128902,27;127903,51;127935,05;1313245049,00;54156
WINFUT;09/12/2016;09:30:00;128933,80;128965,34;128649,95;128681,49;497274051,10;20549
WINFUT;09/12/2016;09:00:00;127756,33;128996,88;127756,33;128933,80;1065911659,00;43981
WINFUT;08/12/2016;18:00:00;127861,46;127871,97;127577,60;127630,17;203724663,10;8081
WINFUT;08/12/2016;17:30:00;127787,87;128008,64;127377,85;127850,95;826610349,70;33533
WINFUT;08/12/2016;17:00:00;128061,21;128345,07;127588,12;127787,87;881531272,40;35937
WINFUT;08/12/2016;16:30:00;127756,33;128124,29;127577,60;128050,70;794292793,00;32456
WINFUT;08/12/2016;16:00:00;127724,79;127914,02;127493,50;127756,33;905417248,00;37042
WINFUT;08/12/2016;15:30:00;127525,04;127787,87;127314,77;127714,27;1068455852,00;43578
WINFUT;08/12/2016;15:00:00;128103,26;128134,80;127451,44;127514,52;982373824,20;40077
WINFUT;08/12/2016;14:30:00;128166,34;128281,99;127871,97;128092,75;951296824,30;38653
WINFUT;08/12/2016;14:00:00;127945,56;128218,91;127619,66;128155,83;1615709625,00;65473
WINFUT;08/12/2016;13:30:00;128944,32;129186,12;127924,54;127956,08;1711169422,00;69265
WINFUT;08/12/2016;13:00:00;128891,75;129091,50;128639,44;128944,32;1243710787,00;50351
WINFUT;08/12/2016;12:30:00;129354,33;129901,02;128734,05;128891,75;2217463793,00;89985
WINFUT;08/12/2016;12:00:00;129795,89;129816,91;129207,15;129364,85;1326701937,00;53968
WINFUT;08/12/2016;11:30:00;130216,41;130426,68;129722,29;129795,89;1309838774,00;53431
WINFUT;08/12/2016;11:00:00;129659,22;130279,49;129606,65;130216,41;1263286354,00;51494
WINFUT;08/12/2016;10:30:00;129879,99;130142,82;129123,04;129648,70;2064980435,00;84206
WINFUT;08/12/2016;10:00:00;130510,78;130742,07;129837,94;129890,51;1291566844,00;52963
WINFUT;08/12/2016;09:30:00;130132,31;130615,92;129985,12;130500,27;1062547438,00;43575
WINFUT;08/12/2016;09:00:00;130153,34;130784,13;129890,51;130121,80;1304519098,00;53976
WINFUT;07/12/2016;18:00:00;129606,65;129858,97;129364,85;129480,49;310980262,80;12172
WINFUT;07/12/2016;17:30:00;129459,46;129879,99;129343,82;129596,14;964564474,40;38817
WINFUT;07/12/2016;17:00:00;129533,06;130174,36;129301,77;129469,98;1346088265,00;54333
WINFUT;07/12/2016;16:30:00;129080,99;129816,91;128944,32;129543,57;1452860258,00;58945
WINFUT;07/12/2016;16:00:00;128818,16;129249,20;128786,62;129080,99;1163894623,00;47266
WINFUT;07/12/2016;15:30:00;129196,63;129207,15;128576,36;128818,16;1233428884,00;49822
WINFUT;07/12/2016;15:00:00;129491,00;129522,54;128965,34;129196,63;959518141,60;38733
WINFUT;07/12/2016;14:30:00;129144,07;129554,08;128975,86;129491,00;895135344,80;36099
WINFUT;07/12/2016;14:00:00;128986,37;129364,85;128902,27;129133,56;788321299,10;31940
WINFUT;07/12/2016;13:30:00;129469,98;129711,78;128923,29;128986,37;1364086853,00;55470
WINFUT;07/12/2016;13:00:00;129175,61;129922,04;128849,70;129480,49;1774606031,00;72120
WINFUT;07/12/2016;12:30:00;129396,39;129417,41;128702,51;129175,61;1958671023,00;79847
WINFUT;07/12/2016;12:00:00;129501,52;129543,57;129059,96;129406,90;1032689968,00;42346
WINFUT;07/12/2016;11:30:00;129459,46;129722,29;128965,34;129480,49;1574771250,00;64432
WINFUT;07/12/2016;11:00:00;130247,95;130395,14;129186,12;129448,95;1582929488,00;64639
WINFUT;07/12/2016;10:30:00;129438,44;130563,35;129396,39;130258,47;1630638360,00;66566
WINFUT;07/12/2016;10:00:00;130205,90;130332,06;129333,31;129427,92;1329288182,00;54556
WINFUT;07/12/2016;09:30:00;130563,35;130657,97;130058,72;130216,41;878860921,30;36171
WINFUT;07/12/2016;09:00:00;129596,14;130678,99;129417,41;130563,35;1256789200,00;51487
WINFUT;06/12/2016;18:00:00;128797,13;129007,40;128744,57;128744,57;235642718,40;9287
WINFUT;06/12/2016;17:30:00;128513,28;128839,19;128176,85;128797,13;801988450,60;32577
WINFUT;06/12/2016;17:00:00;128387,12;128576,36;128008,64;128502,76;794587162,40;32174
WINFUT;06/12/2016;16:30:00;128208,39;128649,95;127956,08;128387,12;1285553297,00;52542
WINFUT;06/12/2016;16:00:00;128429,17;128586,87;127745,81;128197,88;1602799424,00;65680
WINFUT;06/12/2016;15:30:00;128891,75;128902,27;127966,59;128429,17;1726771001,00;70407
WINFUT;06/12/2016;15:00:00;128271,47;129133,56;128197,88;128891,75;1870696620,00;75905
WINFUT;06/12/2016;14:30:00;127819,41;128292,50;127472,47;128281,99;1446236946,00;58926
WINFUT;06/12/2016;14:00:00;127871,97;128008,64;127588,12;127819,41;971860630,70;39558
WINFUT;06/12/2016;13:30:00;127398,88;127935,05;127314,77;127882,49;1182692213,00;48451
WINFUT;06/12/2016;13:00:00;127419,90;127882,49;127178,10;127388,37;1589868196,00;65144
WINFUT;06/12/2016;12:30:00;126610,39;127724,79;126473,72;127430,42;1974104391,00;80654
WINFUT;06/12/2016;12:00:00;126557,82;126904,76;126536,80;126610,39;978883443,90;40371
WINFUT;06/12/2016;11:30:00;125937,54;126705,01;125906,00;126557,82;1140155832,00;46847
WINFUT;06/12/2016;11:00:00;126284,48;126473,72;125748,31;125948,06;1322833081,00;54229
WINFUT;06/12/2016;10:30:00;125800,87;126316,02;125275,21;126284,48;1460724127,00;60023
WINFUT;06/12/2016;10:00:00;125464,45;125916,52;125201,62;125821,90;1517285108,00;62444
WINFUT;06/12/2016;09:30:00;125201,62;125548,56;124854,69;125464,45;1117110912,00;46155
WINFUT;06/12/2016;09:00:00;124560,32;125432,91;124055,68;125201,62;1342408648,00;55496
WINFUT;05/12/2016;18:00:00;126063,70;126305,51;125958,57;125958,57;190919593,40;7635
WINFUT;05/12/2016;17:30:00;126505,26;126526,28;125927,03;126053,19;667798049,20;27501
WINFUT;05/12/2016;17:00:00;126568,34;126568,34;125737,79;126515,77;1587765557,00;64626
WINFUT;05/12/2016;16:30:00;126610,39;126978,35;126389,61;126557,82;1186266698,00;48383
WINFUT;05/12/2016;16:00:00;126053,19;126620,90;125832,41;126610,39;1096925580,00;44803
WINFUT;05/12/2016;15:30:00;126095,24;126179,35;125653,69;126042,68;1194235699,00;48527
WINFUT;05/12/2016;15:00:00;126873,22;126925,78;126032,16;126105,76;1289737548,00;52742
WINFUT;05/12/2016;14:30:00;126936,30;127083,48;126683,98;126883,73;771289925,70;31358
WINFUT;05/12/2016;14:00:00;127020,40;127283,23;126841,68;126946,81;869356994,40;35266
WINFUT;05/12/2016;13:30:00;127167,59;127367,34;126789,11;127030,92;1099406694,00;44677
WINFUT;05/12/2016;13:00:00;127325,29;127588,12;126852,19;127167,59;1377901189,00;55898
WINFUT;05/12/2016;12:30:00;126484,23;127504,01;126452,69;127325,29;1903750100,00;77970
WINFUT;05/12/2016;12:00:00;126988,86;127251,69;126410,64;126494,74;1238349059,00;51042
WINFUT;05/12/2016;11:30:00;127178,10;127346,31;126736,55;126988,86;1480089429,00;61001
WINFUT;05/12/2016;11:00:00;127514,52;127787,87;127115,02;127178,10;1320793522,00;54726
WINFUT;05/12/2016;10:30:00;127893,00;127914,02;127104,51;127514,52;1454121842,00;60613
WINFUT;05/12/2016;10:00:00;127735,30;128029,67;127346,31;127893,00;1195034702,00;49585
WINFUT;05/12/2016;09:30:00;127735,30;128008,64;127619,66;127735,30;650198963,30;27068
WINFUT;05/12/2016;09:00:00;128124,29;128176,85;127482,98;127735,30;897532352,90;37600
WINFUT;02/12/2016;18:00:00;127409,39;127409,39;127104,51;127104,51;154712155,10;6169
WINFUT;02/12/2016;17:30:00;126726,03;127461,96;126536,80;127409,39;783821652,30;31910
WINFUT;02/12/2016;17:00:00;126452,69;126915,27;126431,66;126736,55;627343280,70;25473
WINFUT;02/12/2016;16:30:00;126652,44;126978,35;126452,69;126452,69;808086102,80;32812
WINFUT;02/12/2016;16:00:00;126421,15;126736,55;126063,70;126641,93;1085382094,00;43908
WINFUT;02/12/2016;15:30:00;126852,19;126936,30;126210,89;126421,15;1357085066,00;54690
WINFUT;02/12/2016;15:00:00;126915,27;127104,51;126505,26;126862,71;1140807650,00;45859
WINFUT;02/12/2016;14:30:00;126747,06;126988,86;126347,56;126904,76;1227835865,00;49213
WINFUT;02/12/2016;14:00:00;125948,06;126831,17;125884,98;126747,06;1203718599,00;48112
WINFUT;02/12/2016;13:30:00;126536,80;126631,42;125748,31;125958,57;1517600504,00;61171
WINFUT;02/12/2016;13:00:00;125948,06;126831,17;125937,54;126536,80;1632762025,00;66099
WINFUT;02/12/2016;12:30:00;125243,67;126305,51;124949,30;125948,06;2476214511,00;100435
WINFUT;02/12/2016;12:00:00;124045,17;125485,48;123845,42;125233,16;1588270190,00;65769
WINFUT;02/12/2016;11:30:00;124486,72;125979,60;123635,16;124034,66;2807737554,00;114950
WINFUT;02/12/2016;11:00:00;123635,16;124581,34;123477,46;124581,34;1850111787,00;76202
WINFUT;02/12/2016;10:30:00;122731,02;123635,16;122447,16;123635,16;1866344157,00;78066
WINFUT;02/12/2016;10:00:00;123509,00;123992,60;122688,97;122699,48;2238406074,00;93794
WINFUT;02/12/2016;09:30:00;124381,59;124455,18;123466,94;123498,48;1064965472,00;44548
WINFUT;02/12/2016;09:00:00;125107,00;125107,00;123761,31;124381,59;1231536509,00;52068
WINFUT;01/12/2016;18:00:00;125243,67;125474,96;125107,00;125474,96;241572159,50;9684
WINFUT;01/12/2016;17:30:00;124991,36;125601,12;124917,76;125222,65;1369406529,00;55623
WINFUT;01/12/2016;17:00:00;125411,88;125453,94;124560,32;125001,87;1864725126,00;76106
WINFUT;01/12/2016;16:30:00;125758,82;126126,78;125317,27;125390,86;1662367178,00;67950
WINFUT;01/12/2016;16:00:00;126747,06;126768,09;125737,79;125769,33;1922211268,00;78503
WINFUT;01/12/2016;15:30:00;127619,66;127882,49;126715,52;126747,06;1826099653,00;74303
WINFUT;01/12/2016;15:00:00;128271,47;128324,04;127546,06;127609,14;1305465286,00;53028
WINFUT;01/12/2016;14:30:00;128113,78;128502,76;128008,64;128281,99;1032164308,00;41840
WINFUT;01/12/2016;14:00:00;127577,60;128155,83;127514,52;128124,29;1372476381,00;55521
WINFUT;01/12/2016;13:30:00;127640,68;127914,02;127346,31;127588,12;1474349226,00;59847
WINFUT;01/12/2016;13:00:00;127419,90;127850,95;127020,40;127640,68;2013402708,00;81409
WINFUT;01/12/2016;12:30:00;128912,78;129080,99;127167,59;127419,90;2864025191,00;117111
WINFUT;01/12/2016;12:00:00;128450,20;128996,88;128439,68;128923,29;1278173036,00;52138
WINFUT;01/12/2016;11:30:00;128460,71;128744,57;128197,88;128450,20;1216166221,00;49744
WINFUT;01/12/2016;11:00:00;127871,97;128460,71;127651,20;128439,68;1403027721,00;57394
WINFUT;01/12/2016;10:30:00;128860,21;129017,91;127787,87;127871,97;2218809482,00;91262
WINFUT;01/12/2016;10:00:00;129196,63;129491,00;128418,66;128870,73;1883711953,00;77825
WINFUT;01/12/2016;09:30:00;129249,20;129364,85;128944,32;129207,15;960590487,30;39767
WINFUT;01/12/2016;09:00:00;130300,52;130447,70;129133,56;129249,20;1202898570,00;49702
WINFUT;30/11/2016;18:00:00;131236,19;131288,76;130742,07;130889,26;282973115,40;11079
WINFUT;30/11/2016;17:30:00;130983,88;131351,84;130700,02;131225,68;891035199,30;35599
WINFUT;30/11/2016;17:00:00;130836,69;131225,68;130290,01;130994,39;1554880288,00;62269
WINFUT;30/11/2016;16:30:00;130626,43;131078,50;130500,27;130826,18;1310448540,00;52911
WINFUT;30/11/2016;16:00:00;131541,08;131593,64;130542,32;130636,94;2442824608,00;97850
WINFUT;30/11/2016;15:30:00;132182,38;132308,54;131520,05;131530,56;1567075592,00;58051
WINFUT;30/11/2016;15:00:00;131866,99;132287,51;131646,21;132192,89;1494471478,00;55225
WINFUT;30/11/2016;14:30:00;131414,92;132035,20;131257,22;131866,99;1610158659,00;59924
WINFUT;30/11/2016;14:00:00;130868,23;131835,45;130826,18;131425,43;1709192942,00;65166
WINFUT;30/11/2016;13:30:00;130700,02;131225,68;130563,35;130857,72;1306979186,00;53118
WINFUT;30/11/2016;13:00:00;131488,51;131772,37;130668,48;130710,53;1995614384,00;78293
WINFUT;30/11/2016;12:30:00;131730,31;132024,68;131372,87;131478,00;1675067116,00;62137
WINFUT;30/11/2016;12:00:00;131677,75;132150,84;131667,24;131730,31;1479479664,00;55107
WINFUT;30/11/2016;11:30:00;131183,63;131835,45;131099,52;131677,75;1651054982,00;62222
WINFUT;30/11/2016;11:00:00;130700,02;131393,89;130311,03;131183,63;1584969047,00;64646
WINFUT;30/11/2016;10:30:00;131236,19;131404,41;130510,78;130710,53;1471762980,00;60310
WINFUT;30/11/2016;10:00:00;130973,36;131530,56;130941,82;131246,71;1100857515,00;44664
WINFUT;30/11/2016;09:30:00;131173,11;131246,71;130889,26;130983,88;605391732,80;24874
WINFUT;30/11/2016;09:00:00;130479,24;131330,81;130479,24;131183,63;887544819,10;36318
WINFUT;29/11/2016;18:00:00;129080,99;129102,02;128702,51;128933,80;255344443,00;10103
WINFUT;29/11/2016;17:30:00;129879,99;129964,10;129007,40;129070,48;1205379684,00;48371
WINFUT;29/11/2016;17:00:00;130153,34;130321,55;129795,89;129890,51;826568297,00;33112
WINFUT;29/11/2016;16:30:00;130342,57;130342,57;129837,94;130163,85;1320814548,00;53316
WINFUT;29/11/2016;16:00:00;130573,86;130731,56;130216,41;130332,06;1047093043,00;42303
WINFUT;29/11/2016;15:30:00;130920,80;130920,80;130426,68;130573,86;1112337922,00;44571
WINFUT;29/11/2016;15:00:00;131267,73;131372,87;130657,97;130920,80;1199050742,00;48406
WINFUT;29/11/2016;14:30:00;130700,02;131309,79;130657,97;131278,25;1387152799,00;55920
WINFUT;29/11/2016;14:00:00;130868,23;131057,47;130426,68;130689,51;1070684649,00;43344
WINFUT;29/11/2016;13:30:00;130458,22;131089,01;130405,65;130868,23;1382001334,00;55551
WINFUT;29/11/2016;13:00:00;130279,49;130615,92;130216,41;130458,22;1096736343,00;44125
WINFUT;29/11/2016;12:30:00;130994,39;131309,79;130216,41;130268,98;1964894833,00;79556
WINFUT;29/11/2016;12:00:00;130962,85;131089,01;130721,05;130983,88;995641474,30;40649
WINFUT;29/11/2016;11:30:00;131562,10;131562,10;130931,31;130962,85;1331033372,00;54027
WINFUT;29/11/2016;11:00:00;131709,29;131740,83;131330,81;131562,10;979240892,50;37179
WINFUT;29/11/2016;10:30:00;131583,13;131961,60;131435,94;131709,29;1131745277,00;42329
WINFUT;29/11/2016;10:00:00;131761,85;132003,66;131478,00;131583,13;1409756165,00;52720
WINFUT;29/11/2016;09:30:00;131982,63;132098,28;131688,26;131761,85;943243718,10;35229
WINFUT;29/11/2016;09:00:00;132371,62;132434,70;131772,37;131982,63;1034098736,00;38766
WINFUT;28/11/2016;18:00:00;133076,00;133265,24;133023,44;133265,24;241256763,70;9103
WINFUT;28/11/2016;17:30:00;132455,72;133181,13;132434,70;133076,00;1064292628,00;39886
WINFUT;28/11/2016;17:00:00;132266,49;132581,88;132213,92;132455,72;827367299,70;31075
WINFUT;28/11/2016;16:30:00;132319,05;132676,50;132129,82;132277,00;1325566512,00;49769
WINFUT;28/11/2016;16:00:00;132245,46;132350,59;132108,79;132319,05;713004781,10;26936
WINFUT;28/11/2016;15:30:00;131856,47;132361,11;131803,91;132245,46;1467137175,00;55117
WINFUT;28/11/2016;15:00:00;131656,72;131982,63;131456,97;131866,99;1341946067,00;50348
WINFUT;28/11/2016;14:30:00;131446,46;131772,37;131383,38;131656,72;1137906008,00;42776
WINFUT;28/11/2016;14:00:00;130973,36;131604,16;130962,85;131435,94;1145601666,00;44873
WINFUT;28/11/2016;13:30:00;131089,01;131446,46;130952,34;130962,85;1315642057,00;52962
WINFUT;28/11/2016;13:00:00;130342,57;131131,06;130174,36;131099,52;1540435160,00;61903
WINFUT;28/11/2016;12:30:00;130163,85;130426,68;129669,73;130353,09;1586987581,00;63970
WINFUT;28/11/2016;12:00:00;130258,47;130479,24;130090,26;130163,85;719081406,90;29201
WINFUT;28/11/2016;11:30:00;130100,77;130363,60;129953,58;130268,98;821437858,50;33305
WINFUT;28/11/2016;11:00:00;129995,64;130258,47;129785,37;130111,28;976276172,00;39809
WINFUT;28/11/2016;10:30:00;130037,69;130174,36;129427,92;129985,12;1284670189,00;52706
WINFUT;28/11/2016;10:00:00;130489,76;130605,40;129848,45;130048,20;1265199755,00;51669
WINFUT;28/11/2016;09:30:00;130079,74;130668,48;129953,58;130489,76;810483111,00;33002
WINFUT;28/11/2016;09:00:00;129522,54;130290,01;129459,46;130079,74;728942782,40;29848
WINFUT;25/11/2016;18:00:00;130037,69;130468,73;130037,69;130353,09;206058592,00;8098
WINFUT;25/11/2016;17:30:00;129837,94;130090,26;129680,24;130058,72;286085020,70;11398
WINFUT;25/11/2016;17:00:00;129669,73;130132,31;129627,68;129837,94;429379847,70;17233
WINFUT;25/11/2016;16:30:00;129617,16;129753,83;129427,92;129627,68;262367256,20;10638
WINFUT;25/11/2016;16:00:00;129627,68;129816,91;129438,44;129617,16;505411262,90;20602
WINFUT;25/11/2016;15:30:00;129722,29;129774,86;129238,69;129627,68;1116879621,00;44790
WINFUT;25/11/2016;15:00:00;129617,16;129974,61;129480,49;129732,81;829448912,00;32975
WINFUT;25/11/2016;14:30:00;129922,04;130048,20;129385,87;129627,68;1178234619,00;46869
WINFUT;25/11/2016;14:00:00;129512,03;129932,56;129459,46;129922,04;883381594,50;35382
WINFUT;25/11/2016;13:30:00;129816,91;129985,12;129448,95;129512,03;745364390,60;30020
WINFUT;25/11/2016;13:00:00;129985,12;130027,18;129554,08;129816,91;1021251614,00;41197
WINFUT;25/11/2016;12:30:00;129701,27;130216,41;129701,27;129974,61;1357778937,00;55002
WINFUT;25/11/2016;12:00:00;129501,52;129837,94;129364,85;129680,24;882919014,00;35922
WINFUT;25/11/2016;11:30:00;128923,29;129512,03;128807,65;129501,52;762059341,80;31141
WINFUT;25/11/2016;11:00:00;128986,37;129364,85;128765,59;128933,80;1146716064,00;46778
WINFUT;25/11/2016;10:30:00;128702,51;129038,94;128439,68;128986,37;1036895246,00;42702
WINFUT;25/11/2016;10:00:00;128061,21;128870,73;128050,70;128702,51;1305843761,00;53646
WINFUT;25/11/2016;09:30:00;128166,34;128187,37;127630,17;128061,21;980523502,10;40255
WINFUT;25/11/2016;09:00:00;128250,45;128565,84;127798,38;128155,83;973647873,60;40048
WINFUT;24/11/2016;18:00:00;129764,35;129985,12;129659,22;129795,89;150885352,70;5965
WINFUT;24/11/2016;17:30:00;130111,28;130247,95;129732,81;129753,83;466197051,20;18602
WINFUT;24/11/2016;17:00:00;130689,51;130742,07;130048,20;130079,74;386170622,50;15381
WINFUT;24/11/2016;16:30:00;130636,94;130784,13;130573,86;130700,02;265626346,20;10597
WINFUT;24/11/2016;16:00:00;130878,75;130889,26;130479,24;130636,94;469834616,20;18820
WINFUT;24/11/2016;15:30:00;130710,53;130910,29;130689,51;130878,75;223909994,50;9118
WINFUT;24/11/2016;15:00:00;130563,35;130836,69;130447,70;130700,02;464746230,50;18856
WINFUT;24/11/2016;14:30:00;130742,07;130889,26;130521,30;130563,35;454001746,80;18463
WINFUT;24/11/2016;14:00:00;130941,82;131067,98;130605,40;130731,56;654278082,40;26315
WINFUT;24/11/2016;13:30:00;130700,02;131025,93;130657,97;130952,34;740717559,10;29599
WINFUT;24/11/2016;13:00:00;130437,19;130742,07;130363,60;130700,02;496937628,90;20068
WINFUT;24/11/2016;12:30:00;130468,73;130573,86;130153,34;130437,19;790613175,30;31889
WINFUT;24/11/2016;12:00:00;130405,65;130731,56;130311,03;130468,73;712647332,50;29026
WINFUT;24/11/2016;11:30:00;130647,46;130847,21;130332,06;130395,14;957205239,00;39025
WINFUT;24/11/2016;11:00:00;130678,99;130763,10;130468,73;130657,97;715675132,20;29115
WINFUT;24/11/2016;10:30:00;131267,73;131330,81;130626,43;130668,48;947154626,10;38599
WINFUT;24/11/2016;10:00:00;131393,89;131456,97;131046,96;131278,25;908760443,50;37157
WINFUT;24/11/2016;09:30:00;131467,48;131761,85;131309,79;131393,89;698265283,90;26926
WINFUT;24/11/2016;09:00:00;131309,79;131688,26;131204,65;131456,97;508712405,60;19531
WINFUT;23/11/2016;18:00:00;131015,42;131404,41;131015,42;131404,41;179249948,70;7062
WINFUT;23/11/2016;17:30:00;130847,21;131078,50;130731,56;131015,42;510751965,10;20354
WINFUT;23/11/2016;17:00:00;130752,59;131089,01;130594,89;130836,69;770406817,40;30937
WINFUT;23/11/2016;16:30:00;131225,68;131309,79;130678,99;130752,59;957878083,40;38558
WINFUT;23/11/2016;16:00:00;130605,40;131257,22;130479,24;131225,68;1026886685,00;41354
WINFUT;23/11/2016;15:30:00;130899,77;130994,39;130416,16;130615,92;1086622651,00;43671
WINFUT;23/11/2016;15:00:00;130878,75;131099,52;130594,89;130889,26;1073376027,00;42895
WINFUT;23/11/2016;14:30:00;130458,22;130920,80;130321,55;130889,26;943180638,90;37772
WINFUT;23/11/2016;14:00:00;130573,86;130857,72;130205,90;130458,22;1242554336,00;49743
WINFUT;23/11/2016;13:30:00;130773,61;131141,58;130416,16;130573,86;1196737839,00;48262
WINFUT;23/11/2016;13:00:00;130342,57;130941,82;130332,06;130784,13;982352797,80;39852
WINFUT;23/11/2016;12:30:00;129995,64;130615,92;129743,32;130311,03;1626033581,00;65988
WINFUT;23/11/2016;12:00:00;129932,56;130121,80;129585,62;129985,12;1306579684,00;53348
WINFUT;23/11/2016;11:30:00;130689,51;130689,51;129848,45;129922,04;1945340293,00;79186
WINFUT;23/11/2016;11:00:00;131267,73;131309,79;130479,24;130689,51;1692750307,00;68932
WINFUT;23/11/2016;10:30:00;130794,64;131351,84;130794,64;131257,22;1448045216,00;58820
WINFUT;23/11/2016;10:00:00;130710,53;130931,31;130405,65;130815,67;1221107421,00;49878
WINFUT;23/11/2016;09:30:00;131267,73;131278,25;130521,30;130700,02;896502059,90;36530
WINFUT;23/11/2016;09:00:00;131456,97;131730,31;131215,17;131257,22;582872472,30;22799
WINFUT;22/11/2016;18:00:00;131204,65;131782,88;131162,60;131782,88;227169084,50;8839
WINFUT;22/11/2016;17:30:00;130636,94;131320,30;130636,94;131194,14;894020946,30;35692
WINFUT;22/11/2016;17:00:00;130857,72;130889,26;130258,47;130636,94;990237692,90;39832
WINFUT;22/11/2016;16:30:00;130353,09;130952,34;130174,36;130857,72;1021062376,00;41066
WINFUT;22/11/2016;16:00:00;130857,72;130973,36;130311,03;130353,09;1196485522,00;48216
WINFUT;22/11/2016;15:30:00;130773,61;131236,19;130657,97;130847,21;1157902102,00;46556
WINFUT;22/11/2016;15:00:00;130416,16;130826,18;130027,18;130773,61;1398591154,00;55617
WINFUT;22/11/2016;14:30:00;130994,39;131036,44;130300,52;130416,16;1843404369,00;73046
WINFUT;22/11/2016;14:00:00;131583,13;131730,31;130973,36;130983,88;1206662294,00;46767
WINFUT;22/11/2016;13:30:00;131456,97;131824,93;131236,19;131593,64;1318922174,00;50375
WINFUT;22/11/2016;13:00:00;132035,20;132098,28;131278,25;131467,48;1606121593,00;60991
WINFUT;22/11/2016;12:30:00;132413,67;132497,78;131782,88;132024,68;1918910125,00;72482
WINFUT;22/11/2016;12:00:00;132255,97;132623,94;132108,79;132413,67;1089061712,00;41426
WINFUT;22/11/2016;11:30:00;132319,05;132434,70;132003,66;132255,97;1268606030,00;48371
WINFUT;22/11/2016;11:00:00;131667,24;132350,59;131656,72;132329,57;1229391818,00;46684
WINFUT;22/11/2016;10:30:00;131677,75;131993,14;131499,02;131667,24;1142006154,00;43408
WINFUT;22/11/2016;10:00:00;131509,54;131814,42;131446,46;131677,75;1105462293,00;41987
WINFUT;22/11/2016;09:30:00;131215,17;131541,08;131089,01;131499,02;659934180,50;26251
WINFUT;22/11/2016;09:00:00;131110,04;131351,84;130805,15;131215,17;863217289,40;35062
WINFUT;21/11/2016;18:00:00;129354,33;129690,75;129228,17;129606,65;223931020,90;8853
WINFUT;21/11/2016;17:30:00;128692,00;129427,92;128586,87;129343,82;788846958,80;31477
WINFUT;21/11/2016;17:00:00;128881,24;128891,75;128397,63;128702,51;1456140375,00;58261
WINFUT;21/11/2016;16:30:00;129322,79;129375,36;128807,65;128870,73;1216523669,00;48612
WINFUT;21/11/2016;16:00:00;129228,17;129491,00;128975,86;129312,28;1167448082,00;47075
WINFUT;21/11/2016;15:30:00;128954,83;129291,25;128881,24;129228,17;841497031,70;33538
WINFUT;21/11/2016;15:00:00;129059,96;129259,71;128860,21;128954,83;868915440,30;34726
WINFUT;21/11/2016;14:30:00;128944,32;129154,58;128744,57;129070,48;1081639397,00;43070
WINFUT;21/11/2016;14:00:00;129291,25;129396,39;128839,19;128944,32;1182271685,00;47138
WINFUT;21/11/2016;13:30:00;128902,27;129459,46;128860,21;129291,25;1076025352,00;43145
WINFUT;21/11/2016;13:00:00;129396,39;129554,08;128776,11;128912,78;1208806985,00;48310
WINFUT;21/11/2016;12:30:00;128366,09;129533,06;128197,88;129385,87;2326801005,00;92979
WINFUT;21/11/2016;12:00:00;128523,79;128660,46;128281,99;128366,09;682916021,40;27975
WINFUT;21/11/2016;11:30:00;128639,44;128681,49;128082,24;128534,30;1110361441,00;45625
WINFUT;21/11/2016;11:00:00;128471,22;128734,05;128408,15;128639,44;851484565,50;35051
WINFUT;21/11/2016;10:30:00;127998,13;128597,38;127966,59;128471,22;1148797677,00;47289
WINFUT;21/11/2016;10:00:00;128176,85;128555,33;127945,56;128008,64;1113284109,00;45791
WINFUT;21/11/2016;09:30:00;128071,72;128239,93;127861,46;128187,37;657495119,60;27035
WINFUT;21/11/2016;09:00:00;127840,43;128197,88;127661,71;128061,21;578183588,10;24023
WINFUT;18/11/2016;18:00:00;127188,61;127356,83;126925,78;127104,51;225171577,70;8971
WINFUT;18/11/2016;17:30:00;127367,34;127419,90;126915,27;127188,61;623032871,40;24942
WINFUT;18/11/2016;17:00:00;127178,10;127556,58;126652,44;127367,34;1583181805,00;63332
WINFUT;18/11/2016;16:30:00;127367,34;127419,90;127083,48;127188,61;873961773,10;34897
WINFUT;18/11/2016;16:00:00;127178,10;127472,47;126768,09;127377,85;1419070855,00;56630
WINFUT;18/11/2016;15:30:00;126547,31;127251,69;126536,80;127178,10;1586377815,00;62955
WINFUT;18/11/2016;15:00:00;126641,93;126652,44;126095,24;126568,34;1189988369,00;47485
WINFUT;18/11/2016;14:30:00;126337,05;126673,47;126063,70;126641,93;1187444176,00;47504
WINFUT;18/11/2016;14:00:00;125927,03;126473,72;125821,90;126326,53;1525632584,00;61198
WINFUT;18/11/2016;13:30:00;126431,66;126431,66;125706,25;125916,52;1906126082,00;76422
WINFUT;18/11/2016;13:00:00;127262,21;127346,31;126210,89;126421,15;1851289264,00;74604
WINFUT;18/11/2016;12:30:00;127072,97;127735,30;126999,38;127262,21;1945550557,00;78241
WINFUT;18/11/2016;12:00:00;126925,78;127588,12;126925,78;127072,97;1347476007,00;55145
WINFUT;18/11/2016;11:30:00;126620,90;127136,05;126610,39;126936,30;1189105261,00;48689
WINFUT;18/11/2016;11:00:00;126799,63;126915,27;126200,37;126631,42;1684150515,00;69144
WINFUT;18/11/2016;10:30:00;127020,40;127346,31;126673,47;126799,63;1352122839,00;55564
WINFUT;18/11/2016;10:00:00;126368,59;127199,13;126337,05;127009,89;1453301812,00;59605
WINFUT;18/11/2016;09:30:00;126410,64;126484,23;126053,19;126389,61;958529901,40;39262
WINFUT;18/11/2016;09:00:00;125927,03;126410,64;125653,69;126389,61;653647290,80;26991
WINFUT;17/11/2016;18:00:00;126568,34;126799,63;126337,05;126747,06;194346894,50;7790
WINFUT;17/11/2016;17:30:00;126967,84;127178,10;126452,69;126568,34;629508998,60;25252
WINFUT;17/11/2016;17:00:00;127787,87;127798,38;126915,27;126967,84;1554459760,00;62410
WINFUT;17/11/2016;16:30:00;128471,22;128639,44;127756,33;127777,35;1336668444,00;53823
WINFUT;17/11/2016;16:00:00;128786,62;128891,75;128292,50;128471,22;1059351427,00;42778
WINFUT;17/11/2016;15:30:00;128986,37;129049,45;128513,28;128786,62;1242112782,00;50089
WINFUT;17/11/2016;15:00:00;128797,13;129144,07;128418,66;128975,86;1372623566,00;55222
WINFUT;17/11/2016;14:30:00;128734,05;129228,17;128660,46;128786,62;1182524001,00;47037
WINFUT;17/11/2016;14:00:00;128660,46;129291,25;128534,30;128744,57;1644473723,00;65218
WINFUT;17/11/2016;13:30:00;128534,30;128912,78;127914,02;128660,46;1725299154,00;68786
WINFUT;17/11/2016;13:00:00;128639,44;129133,56;128324,04;128534,30;1569809022,00;62844
WINFUT;17/11/2016;12:30:00;128313,53;128944,32;127987,62;128660,46;2119060302,00;85313
WINFUT;17/11/2016;12:00:00;128492,25;128713,03;127672,22;128313,53;1509841767,00;61907
WINFUT;17/11/2016;11:30:00;129049,45;129259,71;128145,32;128471,22;1841638153,00;75507
WINFUT;17/11/2016;11:00:00;129732,81;130184,87;128765,59;129049,45;1681921718,00;68902
WINFUT;17/11/2016;10:30:00;130058,72;130069,23;129144,07;129764,35;1411564434,00;57890
WINFUT;17/11/2016;10:00:00;130247,95;130489,76;129816,91;130037,69;1201048248,00;49720
WINFUT;17/11/2016;09:30:00;130258,47;130605,40;129985,12;130237,44;826358033,10;34100
WINFUT;17/11/2016;09:00:00;129617,16;130426,68;129207,15;130237,44;1099806195,00;46069
WINFUT;16/11/2016;18:00:00;128996,88;129533,06;128860,21;129533,06;145712861,50;5790
WINFUT;16/11/2016;17:30:00;128418,66;129080,99;128292,50;128986,37;702743904,30;27805
WINFUT;16/11/2016;17:00:00;128576,36;128870,73;128092,75;128439,68;1371614299,00;54248
WINFUT;16/11/2016;16:30:00;128460,71;128628,92;127546,06;128565,84;1999230923,00;79935
WINFUT;16/11/2016;16:00:00;128818,16;128975,86;128208,39;128460,71;1498718808,00;59703
WINFUT;16/11/2016;15:30:00;128870,73;129438,44;128713,03;128818,16;1840860177,00;73208
WINFUT;16/11/2016;15:00:00;128565,84;128986,37;127903,51;128860,21;1841469942,00;73717
WINFUT;16/11/2016;14:30:00;128944,32;128975,86;128113,78;128565,84;1480825353,00;59639
WINFUT;16/11/2016;14:00:00;128807,65;129165,09;128303,01;128933,80;1716741414,00;68949
WINFUT;16/11/2016;13:30:00;128292,50;129091,50;127998,13;128807,65;2084661133,00;83809
WINFUT;16/11/2016;13:00:00;127609,14;128576,36;127567,09;128292,50;1802381888,00;72789
WINFUT;16/11/2016;12:30:00;127651,20;128124,29;127199,13;127598,63;2030455108,00;81872
WINFUT;16/11/2016;12:00:00;126589,36;127735,30;126578,85;127640,68;1320204783,00;54496
WINFUT;16/11/2016;11:30:00;125958,57;127009,89;125800,87;126599,88;1811717604,00;75453
WINFUT;16/11/2016;11:00:00;127283,23;127451,44;125884,98;125969,08;1678557496,00;70199
WINFUT;16/11/2016;10:30:00;127293,75;127493,50;126484,23;127272,72;1443230173,00;60290
WINFUT;16/11/2016;10:00:00;127840,43;127914,02;127125,54;127293,75;1339443927,00;55816
WINFUT;16/11/2016;09:30:00;128513,28;128618,41;127514,52;127850,95;1089166843,00;45593
WINFUT;16/11/2016;09:00:00;128555,33;128765,59;127945,56;128513,28;1035486478,00;43625
WINFUT;14/11/2016;18:00:00;127009,89;127125,54;126778,60;127083,48;203598504,70;8152
WINFUT;14/11/2016;17:30:00;126263,45;127209,64;126179,35;126999,38;958614006,90;38244
WINFUT;14/11/2016;17:00:00;126116,27;126452,69;125758,82;126263,45;1279413592,00;51287
WINFUT;14/11/2016;16:30:00;125685,23;126242,43;125495,99;126116,27;1793067199,00;72648
WINFUT;14/11/2016;16:00:00;125601,12;126105,76;125348,81;125674,71;1862580434,00;75707
WINFUT;14/11/2016;15:30:00;124097,74;125653,69;124087,22;125611,64;1716846546,00;68792
WINFUT;14/11/2016;15:00:00;124749,55;125043,92;123950,55;124097,74;1699247460,00;67929
WINFUT;14/11/2016;14:30:00;123782,34;125075,46;123729,77;124739,04;1816175198,00;72488
WINFUT;14/11/2016;14:00:00;125096,49;125149,06;123750,80;123782,34;1940378066,00;77597
WINFUT;14/11/2016;13:30:00;126337,05;126641,93;124938,79;125085,98;2416457519,00;97282
WINFUT;14/11/2016;13:00:00;125958,57;127030,92;125832,41;126326,53;2320093588,00;92545
WINFUT;14/11/2016;12:30:00;126074,22;126557,82;125464,45;125958,57;2759040441,00;110864
WINFUT;14/11/2016;12:00:00;126915,27;126978,35;125832,41;126063,70;1459315359,00;60299
WINFUT;14/11/2016;11:30:00;126284,48;127346,31;126200,37;126915,27;1324788535,00;54737
WINFUT;14/11/2016;11:00:00;125990,11;126347,56;125559,07;126284,48;1254476298,00;51779
WINFUT;14/11/2016;10:30:00;125380,35;126042,68;124959,82;125979,60;1077896700,00;44562
WINFUT;14/11/2016;10:00:00;124675,96;125485,48;124381,59;125359,32;1275250368,00;52336
WINFUT;14/11/2016;09:30:00;124570,83;125096,49;124244,92;124686,47;912839562,60;37355
WINFUT;14/11/2016;09:00:00;125990,11;126431,66;124003,12;124612,88;1337152051,00;55913
WINFUT;11/11/2016;18:00:00;125064,95;126053,19;124959,82;125948,06;186104550,80;7457
WINFUT;11/11/2016;17:30:00;125170,08;125716,77;124907,25;125054,44;800117102,20;31630
WINFUT;11/11/2016;17:00:00;125916,52;126200,37;125117,52;125170,08;766895410,80;30354
WINFUT;11/11/2016;16:30:00;127188,61;127314,77;125695,74;125937,54;1108048539,00;44258
WINFUT;11/11/2016;16:00:00;127125,54;127388,37;126705,01;127188,61;924950761,50;36857
WINFUT;11/11/2016;15:30:00;126715,52;127314,77;126053,19;127125,54;1585936261,00;62737
WINFUT;11/11/2016;15:00:00;126231,91;127556,58;126074,22;126736,55;2039496454,00;80743
WINFUT;11/11/2016;14:30:00;125674,71;126683,98;125064,95;126231,91;1924713408,00;76424
WINFUT;11/11/2016;14:00:00;126337,05;126536,80;125485,48;125685,23;1332799589,00;52980
WINFUT;11/11/2016;13:30:00;126757,57;126778,60;125769,33;126326,53;1742351554,00;69100
WINFUT;11/11/2016;13:00:00;127735,30;127735,30;126442,18;126757,57;1640226392,00;65322
WINFUT;11/11/2016;12:30:00;128166,34;128954,83;127461,96;127693,25;1819749684,00;72749
WINFUT;11/11/2016;12:00:00;129732,81;130437,19;127924,54;128166,34;2042398095,00;85377
WINFUT;11/11/2016;11:30:00;129806,40;130290,01;128891,75;129753,83;1580700691,00;65937
WINFUT;11/11/2016;11:00:00;129491,00;131183,63;129469,98;129806,40;1776014799,00;73103
WINFUT;11/11/2016;10:30:00;127640,68;129911,53;127514,52;129512,03;1617076340,00;65898
WINFUT;11/11/2016;10:00:00;127882,49;128996,88;127283,23;127640,68;1883985296,00;77322
WINFUT;11/11/2016;09:30:00;127062,46;128008,64;126610,39;127893,00;1283681949,00;53506
WINFUT;11/11/2016;09:00:00;128923,29;129070,48;126400,13;127041,43;1653809438,00;68690
WINFUT;10/11/2016;18:00:00;130237,44;130353,09;129806,40;129806,40;161587783,60;6373
WINFUT;10/11/2016;17:30:00;131225,68;131320,30;129985,12;130247,95;970199546,10;38468
WINFUT;10/11/2016;17:00:00;131877,50;131993,14;130962,85;131204,65;860441806,30;33433
WINFUT;10/11/2016;16:30:00;131709,29;132150,84;131351,84;131898,53;1098145111,00;41565
WINFUT;10/11/2016;16:00:00;131782,88;132266,49;131341,33;131719,80;1253067530,00;47390
WINFUT;10/11/2016;15:30:00;131593,64;131930,06;130731,56;131782,88;1532087684,00;59799
WINFUT;10/11/2016;15:00:00;131099,52;131761,85;130479,24;131604,16;1732658389,00;67626
WINFUT;10/11/2016;14:30:00;129827,43;131541,08;129795,89;131099,52;1984323215,00;77857
WINFUT;10/11/2016;14:00:00;129154,58;130363,60;128523,79;129816,91;2369106096,00;93227
WINFUT;10/11/2016;13:30:00;130552,84;131204,65;128965,34;129165,09;2563894544,00;101369
WINFUT;10/11/2016;13:00:00;132382,13;132802,66;130458,22;130552,84;2923866289,00;112185
WINFUT;10/11/2016;12:30:00;132613,42;134053,73;132329,57;132382,13;3318005912,00;123690
WINFUT;10/11/2016;12:00:00;134001,16;134190,40;131625,18;132592,40;2655863961,00;100094
WINFUT;10/11/2016;11:30:00;135420,45;135483,52;133559,61;134011,68;2688412808,00;100440
WINFUT;10/11/2016;11:00:00;135073,51;135735,84;135063,00;135441,47;1431097948,00;53564
WINFUT;10/11/2016;10:30:00;134831,71;135567,63;134768,63;135063,00;1678284153,00;62635
WINFUT;10/11/2016;10:00:00;135504,55;135862,00;134495,28;134821,19;2965582640,00;109869
WINFUT;10/11/2016;09:30:00;136051,24;136503,30;134663,50;135494,04;2418686316,00;88992
WINFUT;10/11/2016;09:00:00;135304,80;136566,38;135304,80;136051,24;1665689347,00;61609
WINFUT;09/11/2016;18:00:00;134463,74;134621,44;134369,13;134442,72;164657636,10;6181
WINFUT;09/11/2016;17:30:00;134894,79;135315,31;134369,13;134495,28;832792107,50;30951
WINFUT;09/11/2016;17:00:00;134516,31;135157,62;134337,59;134905,30;1023165015,00;37939
WINFUT;09/11/2016;16:30:00;134316,56;135094,54;134253,48;134505,80;1239505510,00;46009
WINFUT;09/11/2016;16:00:00;135346,85;135630,71;134263,99;134295,53;1731733228,00;64271
WINFUT;09/11/2016;15:30:00;135557,12;135641,22;134737,09;135346,85;1785182304,00;66001
WINFUT;09/11/2016;15:00:00;136608,44;136661,00;135199,67;135557,12;2292612100,00;84802
WINFUT;09/11/2016;14:30:00;135946,10;136997,42;135935,59;136618,95;2653361821,00;97630
WINFUT;09/11/2016;14:00:00;135273,26;136198,42;135052,48;135925,08;2170911372,00;80570
WINFUT;09/11/2016;13:30:00;134873,76;135346,85;134169,38;135283,77;2226757456,00;82646
WINFUT;09/11/2016;13:00:00;135609,68;135725,33;134285,02;134873,76;2814970631,00;103892
WINFUT;09/11/2016;12:30:00;133685,77;135809,43;133612,18;135620,20;4952681338,00;181823
WINFUT;09/11/2016;12:00:00;133380,89;133717,31;133065,49;133685,77;1414108627,00;52175
WINFUT;09/11/2016;11:30:00;132750,09;133811,93;132634,45;133391,40;2458089765,00;90917
WINFUT;09/11/2016;11:00:00;133202,16;133864,49;132497,78;132750,09;2723653032,00;101202
WINFUT;09/11/2016;10:30:00;132003,66;133391,40;131877,50;133223,19;2505272977,00;93269
WINFUT;09/11/2016;10:00:00;131004,90;132287,51;130826,18;132014,17;2581430551,00;97376
WINFUT;09/11/2016;09:30:00;131583,13;131604,16;130994,39;131015,42;1099869274,00;44995
WINFUT;09/11/2016;09:00:00;132487,26;132613,42;131225,68;131593,64;1798176611,00;68202
WINFUT;08/11/2016;18:00:00;136629,46;136724,08;136513,82;136671,52;121343279,00;4537
WINFUT;08/11/2016;17:30:00;136408,69;136671,52;135988,16;136587,41;951801457,60;35257
WINFUT;08/11/2016;17:00:00;136986,91;137144,61;136250,99;136408,69;1422498156,00;52098
WINFUT;08/11/2016;16:30:00;137228,71;137586,16;136734,59;136986,91;1982346734,00;71258
WINFUT;08/11/2016;16:00:00;137712,32;137891,05;136461,25;137239,23;3179946655,00;114410
WINFUT;08/11/2016;15:30:00;137649,24;137775,40;137239,23;137701,81;1723764228,00;62101
WINFUT;08/11/2016;15:00:00;137754,37;137975,15;137596,68;137649,24;1592054940,00;57175
WINFUT;08/11/2016;14:30:00;137239,23;137775,40;137102,56;137733,35;2195680456,00;78891
WINFUT;08/11/2016;14:00:00;136461,25;137691,29;136461,25;137218,20;3083603750,00;111048
WINFUT;08/11/2016;13:30:00;135662,25;136461,25;135588,66;136450,74;1675004036,00;61689
WINFUT;08/11/2016;13:00:00;135252,23;135746,35;135041,97;135651,74;1429268652,00;52652
WINFUT;08/11/2016;12:30:00;135346,85;135483,52;134842,22;135262,75;2207917813,00;81358
WINFUT;08/11/2016;12:00:00;135725,33;136019,70;135283,77;135346,85;1192238192,00;44314
WINFUT;08/11/2016;11:30:00;136187,91;136293,04;135536,09;135725,33;1586209604,00;58864
WINFUT;08/11/2016;11:00:00;135914,57;136356,12;135767,38;136187,91;1247201168,00;46198
WINFUT;08/11/2016;10:30:00;136366,63;136377,15;135609,68;135904,05;1808059013,00;67092
WINFUT;08/11/2016;10:00:00;136177,40;136618,95;136040,72;136377,15;1369848083,00;50779
WINFUT;08/11/2016;09:30:00;135914,57;136440,22;135756,87;136187,91;1129390322,00;42112
WINFUT;08/11/2016;09:00:00;136461,25;136534,84;135830,46;135914,57;1000372411,00;37238
WINFUT;07/11/2016;18:00:00;136734,59;136955,37;136671,52;136955,37;342730107,10;12444
WINFUT;07/11/2016;17:30:00;136293,04;136776,65;136240,47;136724,08;987420157,00;36496
WINFUT;07/11/2016;17:00:00;136019,70;136377,15;135872,51;136293,04;1228340499,00;45570
WINFUT;07/11/2016;16:30:00;135977,64;136135,34;135578,14;136030,21;1171527201,00;43296
WINFUT;07/11/2016;16:00:00;135725,33;135977,64;135515,06;135977,64;1103233496,00;40831
WINFUT;07/11/2016;15:30:00;135883,03;135904,05;135494,04;135725,33;1343459967,00;49667
WINFUT;07/11/2016;15:00:00;136061,75;136229,96;135767,38;135883,03;1344826682,00;49769
WINFUT;07/11/2016;14:30:00;135746,35;136072,26;135693,79;136061,75;1225375778,00;45237
WINFUT;07/11/2016;14:00:00;135546,60;135819,95;135336,34;135746,35;1204559655,00;44641
WINFUT;07/11/2016;13:30:00;135210,18;135599,17;135063,00;135546,60;1465160695,00;54134
WINFUT;07/11/2016;13:00:00;134989,40;135315,31;134989,40;135210,18;1038325040,00;38599
WINFUT;07/11/2016;12:30:00;134800,17;135168,13;134547,85;134989,40;1815712618,00;67304
WINFUT;07/11/2016;12:00:00;134663,50;134957,86;134495,28;134800,17;1000120095,00;37416
WINFUT;07/11/2016;11:30:00;134232,45;134821,19;134211,43;134663,50;1201384671,00;44824
WINFUT;07/11/2016;11:00:00;134390,15;134453,23;134074,76;134221,94;924593312,90;34371
WINFUT;07/11/2016;10:30:00;133875,01;134421,69;133822,44;134390,15;1105357161,00;41202
WINFUT;07/11/2016;10:00:00;133843,47;134211,43;133696,28;133875,01;1245455978,00;46512
WINFUT;07/11/2016;09:30:00;133654,23;133906,55;133591,15;133832,95;677028633,10;25269
WINFUT;07/11/2016;09:00:00;133864,49;134074,76;133517,56;133664,74;855816001,20;31883
WINFUT;04/11/2016;18:00:00;131046,96;131278,25;130994,39;131278,25;177147310,00;6928
WINFUT;04/11/2016;17:30:00;131141,58;131278,25;130910,29;131036,44;950056267,50;37656
WINFUT;04/11/2016;17:00:00;132035,20;132035,20;130889,26;131131,06;2224654817,00;86208
WINFUT;04/11/2016;16:30:00;133097,03;133149,60;131909,04;132024,68;1853728325,00;69377
WINFUT;04/11/2016;16:00:00;132991,90;133118,06;132844,71;133097,03;886935053,90;33259
WINFUT;04/11/2016;15:30:00;133170,62;133286,27;132960,36;132991,90;1104558159,00;41321
WINFUT;04/11/2016;15:00:00;133601,66;133664,74;133170,62;133181,13;1059666823,00;39662
WINFUT;04/11/2016;14:30:00;133338,83;133664,74;133118,06;133591,15;1239841932,00;46428
WINFUT;04/11/2016;14:00:00;132760,61;133486,02;132739,58;133328,32;1615141913,00;60371
WINFUT;04/11/2016;13:30:00;132771,12;133033,95;132655,48;132750,09;1213495869,00;45348
WINFUT;04/11/2016;13:00:00;132024,68;132876,25;131993,14;132771,12;1611693585,00;60277
WINFUT;04/11/2016;12:30:00;131856,47;132350,59;131698,77;132014,17;1684676174,00;63144
WINFUT;04/11/2016;12:00:00;131520,05;131919,55;131225,68;131856,47;1835056894,00;69327
WINFUT;04/11/2016;11:30:00;132192,89;132329,57;131425,43;131520,05;2953450415,00;110433
WINFUT;04/11/2016;11:00:00;132455,72;132771,12;132108,79;132203,41;1452502810,00;54912
WINFUT;04/11/2016;10:30:00;132056,22;132655,48;131372,87;132455,72;2392865913,00;89351
WINFUT;04/11/2016;10:00:00;131383,38;132087,76;131162,60;132024,68;1643212139,00;62985
WINFUT;04/11/2016;09:30:00;131404,41;131520,05;130994,39;131372,87;825201581,80;33215
WINFUT;04/11/2016;09:00:00;131604,16;132045,71;131215,17;131414,92;897511326,50;34676
WINFUT;03/11/2016;18:00:00;131951,09;131993,14;131456,97;131604,16;239469520,80;9058
WINFUT;03/11/2016;17:30:00;132581,88;132613,42;131814,42;131972,12;1175900690,00;44030
WINFUT;03/11/2016;17:00:00;132855,23;132939,33;132529,32;132581,88;993854231,50;37123
WINFUT;03/11/2016;16:30:00;132392,65;132855,23;132350,59;132844,71;1038640436,00;38496
WINFUT;03/11/2016;16:00:00;132708,04;132886,77;132319,05;132382,13;1455488557,00;54055
WINFUT;03/11/2016;15:30:00;133086,52;133097,03;132613,42;132697,53;1373506674,00;50826
WINFUT;03/11/2016;15:00:00;133023,44;133328,32;132760,61;133086,52;1349221197,00;50012
WINFUT;03/11/2016;14:30:00;133002,41;133202,16;132739,58;133023,44;1465602249,00;54345
WINFUT;03/11/2016;14:00:00;133717,31;133843,47;132991,90;132991,90;1635958036,00;60669
WINFUT;03/11/2016;13:30:00;134169,38;134495,28;133654,23;133717,31;1618422029,00;59813
WINFUT;03/11/2016;13:00:00;134894,79;134894,79;133969,62;134158,86;1493336053,00;55191
WINFUT;03/11/2016;12:30:00;135199,67;135241,72;134568,88;134894,79;1537386334,00;56639
WINFUT;03/11/2016;12:00:00;134957,86;135451,98;134663,50;135210,18;2009407694,00;74183
WINFUT;03/11/2016;11:30:00;134621,44;135294,29;134484,77;134957,86;2388050870,00;88065
WINFUT;03/11/2016;11:00:00;134695,03;135126,08;134589,90;134631,96;1786612098,00;66458
WINFUT;03/11/2016;10:30:00;134043,22;134800,17;133717,31;134705,55;1540960820,00;57299
WINFUT;03/11/2016;10:00:00;134221,94;134568,88;133507,04;134043,22;1933166015,00;72170
WINFUT;03/11/2016;09:30:00;134169,38;134295,53;133832,95;134221,94;663508666,30;24832
WINFUT;03/11/2016;09:00:00;133811,93;134421,69;133801,41;134169,38;963786498,10;36006
WINFUT;01/11/2016;18:00:00;135136,59;135273,26;134800,17;134800,17;229040432,90;8555
WINFUT;01/11/2016;17:30:00;135294,29;135515,06;135031,46;135136,59;992235199,70;37069
WINFUT;01/11/2016;17:00:00;134915,81;135304,80;134831,71;135283,77;912166718,20;33853
WINFUT;01/11/2016;16:30:00;134810,68;135231,21;134726,57;134915,81;1812684818,00;67003
WINFUT;01/11/2016;16:00:00;134684,52;134863,25;134274,51;134810,68;1742982345,00;64510
WINFUT;01/11/2016;15:30:00;135115,56;135147,10;134432,20;134674,01;1913548396,00;70830
WINFUT;01/11/2016;15:00:00;134684,52;135126,08;134579,39;135115,56;1684360779,00;62337
WINFUT;01/11/2016;14:30:00;135020,94;135262,75;134589,90;134674,01;2176693629,00;80389
WINFUT;01/11/2016;14:00:00;135567,63;135756,87;134989,40;135020,94;2499932275,00;92371
WINFUT;01/11/2016;13:30:00;136881,78;136881,78;135473,01;135567,63;2474574452,00;91203
WINFUT;01/11/2016;13:00:00;137018,45;137249,74;136860,75;136881,78;1320520179,00;47727
WINFUT;01/11/2016;12:30:00;137701,81;137901,56;136755,62;137007,94;2404094003,00;86974
WINFUT;01/11/2016;12:00:00;137785,91;138048,74;137523,08;137701,81;1825679125,00;66018
WINFUT;01/11/2016;11:30:00;138311,57;138395,68;137607,19;137785,91;2438976779,00;88202
WINFUT;01/11/2016;11:00:00;138574,40;138753,13;138090,80;138311,57;1435639647,00;51968
WINFUT;01/11/2016;10:30:00;138994,93;139036,98;138416,71;138574,40;1631584547,00;59051
WINFUT;01/11/2016;10:00:00;139058,01;139152,63;138889,80;139015,96;1268311660,00;45698
WINFUT;01/11/2016;09:30:00;139331,35;139352,38;139015,96;139068,52;647002952,50;23294
WINFUT;01/11/2016;09:00:00;139194,68;139447,00;139089,55;139331,35;762353711,30;27623
WINFUT;31/10/2016;18:00:00;138500,81;138732,10;138479,78;138732,10;200907127,20;7287
WINFUT;31/10/2016;17:30:00;138616,46;138805,69;138458,76;138521,84;696225724,30;25268
WINFUT;31/10/2016;17:00:00;138311,57;138753,13;138269,52;138616,46;1067656850,00;38611
WINFUT;31/10/2016;16:30:00;138101,31;138521,84;138059,26;138311,57;1085087724,00;39204
WINFUT;31/10/2016;16:00:00;138353,63;138500,81;138059,26;138090,80;1373023067,00;49548
WINFUT;31/10/2016;15:30:00;138101,31;138385,17;138027,72;138364,14;944400169,40;34027
WINFUT;31/10/2016;15:00:00;138259,01;138427,22;137901,56;138111,82;1438730526,00;51877
WINFUT;31/10/2016;14:30:00;138216,95;138332,60;138080,28;138269,52;862502392,20;31046
WINFUT;31/10/2016;14:00:00;138311,57;138353,63;137954,12;138216,95;1131450908,00;40953
WINFUT;31/10/2016;13:30:00;137954,12;138332,60;137775,40;138301,06;1256347646,00;45346
WINFUT;31/10/2016;13:00:00;137470,52;137996,18;137407,44;137954,12;1126089179,00;40713
WINFUT;31/10/2016;12:30:00;138038,23;138059,26;137365,39;137470,52;1456056269,00;52709
WINFUT;31/10/2016;12:00:00;137701,81;138090,80;137649,24;138027,72;1274114943,00;46027
WINFUT;31/10/2016;11:30:00;138437,73;138437,73;137680,78;137701,81;1868972456,00;67347
WINFUT;31/10/2016;11:00:00;138448,24;138521,84;138216,95;138427,22;794923584,60;28701
WINFUT;31/10/2016;10:30:00;138185,41;138532,35;138048,74;138437,73;1147893542,00;41343
WINFUT;31/10/2016;10:00:00;137806,94;138280,03;137775,40;138185,41;1212886104,00;43814
WINFUT;31/10/2016;09:30:00;137554,62;137901,56;137449,49;137796,43;708147685,70;25687
WINFUT;31/10/2016;09:00:00;137165,64;137806,94;137144,61;137554,62;804532643,50;29138
WINFUT;28/10/2016;18:00:00;137081,53;137291,79;136986,91;137260,25;109190027,40;3982
WINFUT;28/10/2016;17:30:00;137291,79;137333,85;136713,57;137071,02;770280659,10;27831
WINFUT;28/10/2016;17:00:00;137344,36;137438,98;136944,86;137302,31;955207732,30;34480
WINFUT;28/10/2016;16:30:00;136892,29;137396,93;136776,65;137344,36;1329540499,00;47911
WINFUT;28/10/2016;16:00:00;136114,32;137039,48;136051,24;136892,29;2255227184,00;82529
WINFUT;28/10/2016;15:30:00;137575,65;137586,16;136114,32;136124,83;3174690058,00;114963
WINFUT;28/10/2016;15:00:00;137680,78;137775,40;137197,17;137575,65;2300875470,00;82654
WINFUT;28/10/2016;14:30:00;137649,24;137848,99;137544,11;137680,78;626060671,10;22633
WINFUT;28/10/2016;14:00:00;137764,89;137954,12;137649,24;137659,76;646035738,70;23367
WINFUT;28/10/2016;13:30:00;137638,73;137891,05;137596,68;137754,37;766832331,70;27665
WINFUT;28/10/2016;13:00:00;137838,48;137964,64;137449,49;137638,73;1171527201,00;42247
WINFUT;28/10/2016;12:30:00;138027,72;138237,98;137775,40;137827,97;1172284151,00;42219
WINFUT;28/10/2016;12:00:00;137691,29;138185,41;137533,60;138038,23;1912686314,00;68742
WINFUT;28/10/2016;11:30:00;137438,98;138038,23;137176,15;137680,78;2473291843,00;88916
WINFUT;28/10/2016;11:00:00;137502,06;137596,68;137102,56;137449,49;1213537922,00;43780
WINFUT;28/10/2016;10:30:00;137207,69;137933,10;136976,40;137491,54;2564483283,00;92202
WINFUT;28/10/2016;10:00:00;136608,44;137396,93;136282,53;137207,69;1830010561,00;67037
WINFUT;28/10/2016;09:30:00;136787,16;136923,83;136387,66;136587,41;861114650,70;31868
WINFUT;28/10/2016;09:00:00;136808,19;137081,53;136618,95;136787,16;868137463,90;31479
WINFUT;27/10/2016;18:00:00;137323,33;137407,44;136965,88;136965,88;183265988,60;6652
WINFUT;27/10/2016;17:30:00;137396,93;137575,65;137260,25;137312,82;679047166,20;24611
WINFUT;27/10/2016;17:00:00;137554,62;137554,62;137228,71;137407,44;938428675,50;33967
WINFUT;27/10/2016;16:30:00;137954,12;137975,15;137523,08;137554,62;994106548,10;35885
WINFUT;27/10/2016;16:00:00;137806,94;138069,77;137764,89;137964,64;1046651489,00;37828
WINFUT;27/10/2016;15:30:00;137680,78;137870,02;137533,60;137817,45;775642387,80;27891
WINFUT;27/10/2016;15:00:00;137628,22;137796,43;137512,57;137680,78;859958199,40;30874
WINFUT;27/10/2016;14:30:00;137701,81;137817,45;137460,00;137628,22;1090806902,00;39151
WINFUT;27/10/2016;14:00:00;137701,81;137891,05;137554,62;137691,29;918327449,60;33115
WINFUT;27/10/2016;13:30:00;137680,78;137817,45;137481,03;137701,81;1132859676,00;40769
WINFUT;27/10/2016;13:00:00;137071,02;137754,37;137007,94;137680,78;1176447376,00;42414
WINFUT;27/10/2016;12:30:00;137218,20;137512,57;137039,48;137081,53;1682846879,00;60428
WINFUT;27/10/2016;12:00:00;138006,69;138090,80;136955,37;137228,71;2453274723,00;88165
WINFUT;27/10/2016;11:30:00;137554,62;138027,72;137312,82;138017,20;2663896040,00;95905
WINFUT;27/10/2016;11:00:00;137575,65;137722,83;137470,52;137554,62;827030877,50;29982
WINFUT;27/10/2016;10:30:00;137102,56;137617,70;136934,34;137565,14;1684045383,00;60708
WINFUT;27/10/2016;10:00:00;136345,61;137144,61;136335,09;137102,56;1309670563,00;47658
WINFUT;27/10/2016;09:30:00;136198,42;136429,71;136198,42;136345,61;411381260,50;15423
WINFUT;27/10/2016;09:00:00;136272,01;136576,90;136145,86;136208,93;572170041,40;21447
WINFUT;26/10/2016;18:00:00;136398,17;136650,49;136335,09;136650,49;148341159,90;5529
WINFUT;26/10/2016;17:30:00;136061,75;136524,33;135988,16;136366,63;628731022,30;23521
WINFUT;26/10/2016;17:00:00;135914,57;136072,26;135725,33;136051,24;624252401,80;23197
WINFUT;26/10/2016;16:30:00;135998,67;136082,78;135599,17;135904,05;945577647,00;35092
WINFUT;26/10/2016;16:00:00;135904,05;136082,78;135430,96;135998,67;1670146941,00;61823
WINFUT;26/10/2016;15:30:00;136293,04;136387,66;135704,30;135914,57;1724647336,00;63556
WINFUT;26/10/2016;15:00:00;136250,99;136356,12;135756,87;136303,55;1752486272,00;64905
WINFUT;26/10/2016;14:30:00;136282,53;136671,52;136124,83;136250,99;1444260466,00;53501
WINFUT;26/10/2016;14:00:00;135830,46;136356,12;135819,95;136272,01;800558656,30;29662
WINFUT;26/10/2016;13:30:00;136040,72;136187,91;135651,74;135830,46;1137737797,00;42219
WINFUT;26/10/2016;13:00:00;136198,42;136440,22;135893,54;136040,72;1272054357,00;46983
WINFUT;26/10/2016;12:30:00;135315,31;136250,99;135315,31;136187,91;2044921262,00;75601
WINFUT;26/10/2016;12:00:00;135672,76;135872,51;135241,72;135315,31;1801015173,00;66581
WINFUT;26/10/2016;11:30:00;135010,43;135925,08;134821,19;135662,25;2606935558,00;96758
WINFUT;26/10/2016;11:00:00;135147,10;135199,67;134705,55;134989,40;1462469317,00;54620
WINFUT;26/10/2016;10:30:00;135294,29;135473,01;135063,00;135147,10;1188894997,00;44376
WINFUT;26/10/2016;10:00:00;135536,09;135756,87;134999,92;135283,77;1616760945,00;60572
WINFUT;26/10/2016;09:30:00;135294,29;135557,12;135241,72;135536,09;590168628,60;22123
WINFUT;26/10/2016;09:00:00;135420,45;135809,43;135210,18;135294,29;711154459,10;26699
WINFUT;25/10/2016;18:00:00;136503,30;136566,38;136335,09;136335,09;127651195,10;4749
WINFUT;25/10/2016;17:30:00;136461,25;136713,57;136219,45;136471,76;658146937,60;24549
WINFUT;25/10/2016;17:00:00;136566,38;136650,49;135946,10;136461,25;1209374698,00;45239
WINFUT;25/10/2016;16:30:00;136703,05;136745,11;136471,76;136566,38;837565097,30;30996
WINFUT;25/10/2016;16:00:00;136766,13;136892,29;136471,76;136692,54;977411596,90;35869
WINFUT;25/10/2016;15:30:00;136471,76;136934,34;136398,17;136755,62;1349074012,00;49101
WINFUT;25/10/2016;15:00:00;136366,63;136629,46;136324,58;136482,28;1225607068,00;45693
WINFUT;25/10/2016;14:30:00;135777,89;136398,17;135725,33;136356,12;1124701437,00;41870
WINFUT;25/10/2016;14:00:00;135935,59;136103,80;135651,74;135788,41;1090260216,00;40489
WINFUT;25/10/2016;13:30:00;135956,62;136219,45;135746,35;135935,59;1378153506,00;51249
WINFUT;25/10/2016;13:00:00;135483,52;135998,67;135409,93;135946,10;1195371124,00;44502
WINFUT;25/10/2016;12:30:00;135714,81;135714,81;135105,05;135473,01;1751035452,00;65163
WINFUT;25/10/2016;12:00:00;136219,45;136440,22;135672,76;135725,33;1682047876,00;62500
WINFUT;25/10/2016;11:30:00;136187,91;136345,61;135840,97;136250,99;1935394812,00;71929
WINFUT;25/10/2016;11:00:00;136661,00;136766,13;136135,34;136198,42;1413561941,00;52919
WINFUT;25/10/2016;10:30:00;136934,34;137249,74;136566,38;136650,49;1482486438,00;53916
WINFUT;25/10/2016;10:00:00;136986,91;137354,87;136797,67;136934,34;1425084401,00;51575
WINFUT;25/10/2016;09:30:00;137144,61;137365,39;136860,75;136997,42;1084393854,00;39416
WINFUT;25/10/2016;09:00:00;136755,62;137260,25;136345,61;137144,61;964985002,20;35333
WINFUT;24/10/2016;18:00:00;136892,29;137039,48;136860,75;137028,96;190814461,50;6965
WINFUT;24/10/2016;17:30:00;136944,86;137039,48;136703,05;136871,27;662541452,50;24010
WINFUT;24/10/2016;17:00:00;137333,85;137375,90;136682,03;136955,37;947533101,00;34278
WINFUT;24/10/2016;16:30:00;137260,25;137396,93;137092,04;137333,85;747740372,30;27049
WINFUT;24/10/2016;16:00:00;137354,87;137523,08;137197,17;137260,25;925434368,40;33411
WINFUT;24/10/2016;15:30:00;137386,41;137649,24;137302,31;137354,87;1327774282,00;47863
WINFUT;24/10/2016;15:00:00;137113,07;137491,54;136986,91;137386,41;1406539128,00;50782
WINFUT;24/10/2016;14:30:00;136639,98;137165,64;136576,90;137123,58;1296087517,00;46724
WINFUT;24/10/2016;14:00:00;137291,79;137586,16;136608,44;136650,49;1529921966,00;55270
WINFUT;24/10/2016;13:30:00;137354,87;137523,08;137249,74;137291,79;679572825,90;24521
WINFUT;24/10/2016;13:00:00;137417,95;137649,24;137302,31;137365,39;909874842,00;32784
WINFUT;24/10/2016;12:30:00;137228,71;137544,11;137060,50;137417,95;1450421197,00;52126
WINFUT;24/10/2016;12:00:00;137859,51;137901,56;137197,17;137228,71;1603451242,00;57748
WINFUT;24/10/2016;11:30:00;138195,93;138301,06;137712,32;137848,99;2220007986,00;79603
WINFUT;24/10/2016;11:00:00;138353,63;138374,65;137827,97;138185,41;1420458596,00;51229
WINFUT;24/10/2016;10:30:00;138038,23;138374,65;137880,53;138353,63;1244530817,00;44826
WINFUT;24/10/2016;10:00:00;137785,91;138080,28;137722,83;138038,23;990069481,80;35768
WINFUT;24/10/2016;09:30:00;137512,57;137870,02;137428,47;137785,91;610690382,30;22235
WINFUT;24/10/2016;09:00:00;137848,99;137933,10;137460,00;137502,06;706507627,50;25547
WINFUT;21/10/2016;18:00:00;137176,15;137249,74;136986,91;136986,91;185473759,20;6758
WINFUT;21/10/2016;17:30:00;137249,74;137428,47;137113,07;137228,71;590084523,10;21262
WINFUT;21/10/2016;17:00:00;137659,76;137680,78;137218,20;137239,23;794503056,90;28682
WINFUT;21/10/2016;16:30:00;137691,29;137817,45;137586,16;137659,76;646182923,40;23451
WINFUT;21/10/2016;16:00:00;137417,95;137817,45;137239,23;137691,29;1154832250,00;41722
WINFUT;21/10/2016;15:30:00;137060,50;137533,60;137028,96;137428,47;1112358948,00;40053
WINFUT;21/10/2016;15:00:00;137449,49;137491,54;137018,45;137071,02;1069254855,00;38587
WINFUT;21/10/2016;14:30:00;137291,79;137607,19;137281,28;137449,49;1327690177,00;47865
WINFUT;21/10/2016;14:00:00;137049,99;137354,87;136913,32;137291,79;1126783050,00;40608
WINFUT;21/10/2016;13:30:00;136661,00;137228,71;136608,44;137039,48;1201048248,00;43365
WINFUT;21/10/2016;13:00:00;136787,16;136986,91;136566,38;136650,49;1154159405,00;41900
WINFUT;21/10/2016;12:30:00;136482,28;136871,27;136482,28;136797,67;1419722673,00;51771
WINFUT;21/10/2016;12:00:00;136072,26;136482,28;135935,59;136482,28;1323001293,00;48990
WINFUT;21/10/2016;11:30:00;135641,22;136166,88;135620,20;136061,75;1993070192,00;73852
WINFUT;21/10/2016;11:00:00;136019,70;136040,72;135525,58;135641,22;1606521094,00;59967
WINFUT;21/10/2016;10:30:00;136408,69;136513,82;135998,67;136030,21;1401703059,00;52406
WINFUT;21/10/2016;10:00:00;136177,40;136429,71;135725,33;136398,17;1203066781,00;45116
WINFUT;21/10/2016;09:30:00;136240,47;136250,99;136040,72;136177,40;368193061,70;13852
WINFUT;21/10/2016;09:00:00;136040,72;136250,99;135967,13;136229,96;523935509,70;19602
WINFUT;20/10/2016;18:00:00;136587,41;136734,59;136534,84;136661,00;125948057,80;4678
WINFUT;20/10/2016;17:30:00;136366,63;136703,05;136208,93;136555,87;608461585,20;22642
WINFUT;20/10/2016;17:00:00;136440,22;136534,84;136240,47;136366,63;669900687,90;24959
WINFUT;20/10/2016;16:30:00;136272,01;136597,92;136156,37;136440,22;1005944404,00;37240
WINFUT;20/10/2016;16:00:00;136440,22;136618,95;136145,86;136272,01;948584420,40;35099
WINFUT;20/10/2016;15:30:00;136524,33;136850,24;136366,63;136440,22;1421972496,00;52158
WINFUT;20/10/2016;15:00:00;136713,57;136934,34;136282,53;136524,33;1424138214,00;52116
WINFUT;20/10/2016;14:30:00;136450,74;136829,21;136429,71;136713,57;1454121842,00;53342
WINFUT;20/10/2016;14:00:00;136429,71;136524,33;136208,93;136461,25;894819949,00;33045
WINFUT;20/10/2016;13:30:00;136051,24;136429,71;135704,30;136429,71;1264274594,00;46694
WINFUT;20/10/2016;13:00:00;136030,21;136219,45;135693,79;136040,72;1114041059,00;41199
WINFUT;20/10/2016;12:30:00;136219,45;136335,09;135756,87;136030,21;1753516565,00;64721
WINFUT;20/10/2016;12:00:00;135998,67;136608,44;135998,67;136208,93;2530441563,00;93676
WINFUT;20/10/2016;11:30:00;134894,79;136040,72;134716,06;136019,70;2766462756,00;102867
WINFUT;20/10/2016;11:00:00;134621,44;135031,46;134358,61;134894,79;1351723337,00;50505
WINFUT;20/10/2016;10:30:00;134894,79;135020,94;134211,43;134631,96;1864556915,00;69818
WINFUT;20/10/2016;10:00:00;134842,22;135304,80;134747,60;134905,30;1188306258,00;44787
WINFUT;20/10/2016;09:30:00;134926,32;135126,08;134674,01;134842,22;701124872,50;26424
WINFUT;20/10/2016;09:00:00;135241,72;135441,47;134516,31;134926,32;1051634743,00;39381
WINFUT;19/10/2016;18:00:00;135830,46;135998,67;135746,35;135914,57;140771660,60;5253
WINFUT;19/10/2016;17:30:00;136051,24;136093,29;135693,79;135862,00;555390984,60;20765
WINFUT;19/10/2016;17:00:00;136219,45;136345,61;135946,10;136061,75;714707918,40;26642
WINFUT;19/10/2016;16:30:00;135746,35;136335,09;135515,06;136208,93;1371677378,00;50875
WINFUT;19/10/2016;16:00:00;135967,13;136513,82;135704,30;135756,87;1607803704,00;59816
WINFUT;19/10/2016;15:30:00;135998,67;136145,86;135683,27;135967,13;973710952,80;36250
WINFUT;19/10/2016;15:00:00;135641,22;136240,47;135557,12;135998,67;1319973493,00;49041
WINFUT;19/10/2016;14:30:00;136324,58;136419,20;135588,66;135630,71;1598026434,00;59345
WINFUT;19/10/2016;14:00:00;136661,00;136755,62;136208,93;136324,58;988723793,00;36642
WINFUT;19/10/2016;13:30:00;136534,84;136797,67;136166,88;136661,00;1224723960,00;45181
WINFUT;19/10/2016;13:00:00;136923,83;136976,40;136492,79;136545,36;1009666074,00;36598
WINFUT;19/10/2016;12:30:00;136398,17;137071,02;136398,17;136923,83;1769833041,00;64469
WINFUT;19/10/2016;12:00:00;136471,76;136545,36;135977,64;136398,17;1606436989,00;59684
WINFUT;19/10/2016;11:30:00;137018,45;137239,23;136156,37;136461,25;2198287728,00;80323
WINFUT;19/10/2016;11:00:00;137039,48;137113,07;136545,36;137007,94;1550611931,00;56298
WINFUT;19/10/2016;10:30:00;137081,53;137249,74;136850,24;137039,48;1398023441,00;50394
WINFUT;19/10/2016;10:00:00;136608,44;137186,66;136534,84;137060,50;1502839980,00;54839
WINFUT;19/10/2016;09:30:00;136492,79;136661,00;136293,04;136608,44;630308001,30;23724
WINFUT;19/10/2016;09:00:00;136377,15;136618,95;136293,04;136492,79;538843218,10;20121
WINFUT;18/10/2016;18:00:00;136934,34;137018,45;136587,41;136587,41;172037897,90;6342
WINFUT;18/10/2016;17:30:00;136724,08;137049,99;136639,98;136902,81;877241889,50;31784
WINFUT;18/10/2016;17:00:00;137018,45;137071,02;136618,95;136713,57;971292918,30;35286
WINFUT;18/10/2016;16:30:00;136513,82;137071,02;136513,82;137007,94;1489425145,00;54358
WINFUT;18/10/2016;16:00:00;136398,17;136608,44;136366,63;136513,82;1107733143,00;41217
WINFUT;18/10/2016;15:30:00;135904,05;136419,20;135798,92;136398,17;1144802663,00;42565
WINFUT;18/10/2016;15:00:00;135777,89;135967,13;135777,89;135914,57;579949804,60;21704
WINFUT;18/10/2016;14:30:00;135904,05;136061,75;135651,74;135777,89;1167069607,00;43447
WINFUT;18/10/2016;14:00:00;135883,03;135998,67;135641,22;135914,57;896586165,50;33427
WINFUT;18/10/2016;13:30:00;135714,81;135956,62;135630,71;135883,03;1026382052,00;38222
WINFUT;18/10/2016;13:00:00;135504,55;135756,87;135430,96;135725,33;1218899651,00;45304
WINFUT;18/10/2016;12:30:00;134978,89;135557,12;134968,38;135504,55;1137653692,00;42325
WINFUT;18/10/2016;12:00:00;134905,30;135273,26;134737,09;134978,89;1573783010,00;58713
WINFUT;18/10/2016;11:30:00;135441,47;135557,12;134495,28;134905,30;2431091884,00;90642
WINFUT;18/10/2016;11:00:00;135536,09;135809,43;135241,72;135441,47;1433558035,00;53703
WINFUT;18/10/2016;10:30:00;135052,48;135578,14;135020,94;135536,09;1339296742,00;50174
WINFUT;18/10/2016;10:00:00;134842,22;135063,00;134642,47;135063,00;1166796264,00;43869
WINFUT;18/10/2016;09:30:00;134989,40;135094,54;134821,19;134821,19;555643301,30;20904
WINFUT;18/10/2016;09:00:00;134968,38;135115,56;134800,17;134989,40;624126243,50;23418
WINFUT;17/10/2016;18:00:00;134190,40;134873,76;134116,81;134873,76;210810555,50;7854
WINFUT;17/10/2016;17:30:00;133917,06;134358,61;133885,52;134169,38;608608770,00;22938
WINFUT;17/10/2016;17:00:00;133885,52;133959,11;133811,93;133927,57;408752962,10;15401
WINFUT;17/10/2016;16:30:00;133811,93;133917,06;133580,64;133885,52;1045516064,00;39165
WINFUT;17/10/2016;16:00:00;133959,11;134043,22;133748,85;133811,93;790907544,70;29619
WINFUT;17/10/2016;15:30:00;133969,62;134137,84;133959,11;133969,62;887776109,30;33155
WINFUT;17/10/2016;15:00:00;133675,25;134001,16;133622,69;133969,62;1114062086,00;41684
WINFUT;17/10/2016;14:30:00;133591,15;133769,87;133528,07;133675,25;812270353,80;30335
WINFUT;17/10/2016;14:00:00;133317,81;133696,28;133307,29;133591,15;982626140,80;36689
WINFUT;17/10/2016;13:30:00;133097,03;133391,40;133044,46;133307,29;786365845,10;29308
WINFUT;17/10/2016;13:00:00;133107,54;133286,27;132991,90;133086,52;793199420,90;29654
WINFUT;17/10/2016;12:30:00;133286,27;133328,32;132928,82;133118,06;946818203,90;35316
WINFUT;17/10/2016;12:00:00;132665,99;133338,83;132634,45;133275,75;1616866076,00;60329
WINFUT;17/10/2016;11:30:00;132539,83;132760,61;132382,13;132655,48;1418229799,00;52879
WINFUT;17/10/2016;11:00:00;132687,01;132771,12;132413,67;132550,34;585374612,40;22031
WINFUT;17/10/2016;10:30:00;132508,29;132750,09;132392,65;132687,01;797320592,70;29886
WINFUT;17/10/2016;10:00:00;132592,40;132834,20;132340,08;132529,32;980145027,20;36980
WINFUT;17/10/2016;09:30:00;132644,96;132760,61;132571,37;132592,40;353201247,80;13307
WINFUT;17/10/2016;09:00:00;132361,11;132676,50;132266,49;132644,96;473997840,80;17836
WINFUT;14/10/2016;17:30:00;132676,50;132865,74;132634,45;132834,20;256437815,10;9596
WINFUT;14/10/2016;17:00:00;132655,48;132708,04;132466,24;132687,01;295588947,60;11251
WINFUT;14/10/2016;16:30:00;132718,55;132865,74;132550,34;132655,48;678984087,00;25626
WINFUT;14/10/2016;16:00:00;132424,18;132844,71;132403,16;132718,55;676061419,30;25447
WINFUT;14/10/2016;15:30:00;132655,48;132697,53;132245,46;132434,70;937188118,60;34954
WINFUT;14/10/2016;15:00:00;132571,37;132750,09;132413,67;132655,48;906111118,80;33766
WINFUT;14/10/2016;14:30:00;132497,78;132949,84;132403,16;132592,40;1272159489,00;47472
WINFUT;14/10/2016;14:00:00;132550,34;132718,55;132350,59;132508,29;803481324,10;30009
WINFUT;14/10/2016;13:30:00;132571,37;132739,58;132455,72;132550,34;783884731,50;29241
WINFUT;14/10/2016;13:00:00;132466,24;132634,45;132161,36;132571,37;1112737423,00;41627
WINFUT;14/10/2016;12:30:00;132750,09;132792,15;132413,67;132466,24;1030419118,00;38461
WINFUT;14/10/2016;12:00:00;132813,17;133076,00;132708,04;132750,09;1005650035,00;37548
WINFUT;14/10/2016;11:30:00;132834,20;133076,00;132750,09;132823,69;1047219202,00;39269
WINFUT;14/10/2016;11:00:00;132939,33;132981,38;132665,99;132823,69;1173104180,00;44056
WINFUT;14/10/2016;10:30:00;132487,26;133128,57;132476,75;132949,84;1732889680,00;64809
WINFUT;14/10/2016;10:00:00;132224,43;132560,86;132087,76;132466,24;1201027222,00;45313
WINFUT;14/10/2016;09:30:00;132150,84;132434,70;132077,25;132234,95;844735095,30;31880
WINFUT;14/10/2016;09:00:00;131814,42;132245,46;131677,75;132171,87;939353836,50;35452
WINFUT;13/10/2016;17:30:00;131404,41;131488,51;131162,60;131162,60;311505922,50;12071
WINFUT;13/10/2016;17:00:00;131141,58;131446,46;131099,52;131414,92;441533099,30;17410
WINFUT;13/10/2016;16:30:00;131194,14;131383,38;131099,52;131141,58;793998423,60;31501
WINFUT;13/10/2016;16:00:00;131509,54;131530,56;131173,11;131194,14;776020862,80;30235
WINFUT;13/10/2016;15:30:00;131499,02;131635,70;131288,76;131520,05;962377730,20;36835
WINFUT;13/10/2016;15:00:00;131551,59;131656,72;131393,89;131509,54;948247998,20;35648
WINFUT;13/10/2016;14:30:00;131152,09;131593,64;131046,96;131541,08;927705218,10;36555
WINFUT;13/10/2016;14:00:00;130931,31;131194,14;130878,75;131152,09;833275714,40;33388
WINFUT;13/10/2016;13:30:00;130447,70;130973,36;130363,60;130920,80;925413342,00;37174
WINFUT;13/10/2016;13:00:00;130700,02;130752,59;130384,63;130447,70;677953794,10;27219
WINFUT;13/10/2016;12:30:00;130700,02;130910,29;130615,92;130700,02;1035633662,00;41549
WINFUT;13/10/2016;12:00:00;130332,06;130773,61;130027,18;130710,53;1421362731,00;57171
WINFUT;13/10/2016;11:30:00;129753,83;130332,06;129648,70;130321,55;1543673224,00;61582
WINFUT;13/10/2016;11:00:00;129491,00;129879,99;129280,74;129753,83;1362425768,00;54849
WINFUT;13/10/2016;10:30:00;129858,97;129943,07;129217,66;129480,49;1885730486,00;75774
WINFUT;13/10/2016;10:00:00;130100,77;130195,39;129816,91;129848,45;1030692461,00;41924
WINFUT;13/10/2016;09:30:00;130311,03;130321,55;129943,07;130090,26;638382133,90;26007
WINFUT;13/10/2016;09:00:00;129943,07;130405,65;129732,81;130321,55;672087432,10;27483
WINFUT;11/10/2016;17:30:00;130784,13;130837,72;130762,69;130784,13;210116421,00;8159
WINFUT;11/10/2016;17:00:00;130955,63;131041,39;130730,53;130773,41;438048039,00;17119
WINFUT;11/10/2016;16:30:00;131073,54;131159,30;130837,72;130955,63;664307472,50;25971
WINFUT;11/10/2016;16:00:00;130837,72;131202,17;130644,78;131062,82;849469754,70;33242
WINFUT;11/10/2016;15:30:00;130719,81;130944,91;130580,46;130837,72;665808150,90;26276
WINFUT;11/10/2016;15:00:00;130687,65;130869,88;130559,02;130709,09;873330542,10;34351
WINFUT;11/10/2016;14:30:00;130987,79;131009,23;130612,62;130676,94;988539770,40;39027
WINFUT;11/10/2016;14:00:00;131405,84;131405,84;130773,41;130977,07;1145403545,00;45093
WINFUT;11/10/2016;13:30:00;131266,49;131470,15;131137,86;131405,84;696979386,10;27407
WINFUT;11/10/2016;13:00:00;131341,52;131362,96;131062,82;131277,21;523822531,50;20731
WINFUT;11/10/2016;12:30:00;131137,86;131362,96;131127,14;131330,80;604387525,90;23843
WINFUT;11/10/2016;12:00:00;131062,82;131362,96;130902,04;131137,86;987960937,20;39424
WINFUT;11/10/2016;11:30:00;131137,86;131502,31;131030,67;131062,82;1092408157,00;43213
WINFUT;11/10/2016;11:00:00;131320,08;131384,40;130998,51;131137,86;1194046965,00;47152
WINFUT;11/10/2016;10:30:00;131781,01;131877,48;131180,73;131320,08;1816828521,00;72076
WINFUT;11/10/2016;10:00:00;131931,07;131952,51;131630,94;131781,01;809766090,70;32355
WINFUT;11/10/2016;09:30:00;131802,44;131952,51;131459,43;131931,07;802348451,50;32089
WINFUT;11/10/2016;09:00:00;132488,47;132488,47;131630,94;131791,73;985709919,60;39591
WINFUT;10/10/2016;17:30:00;132456,31;132745,73;132402,72;132745,73;287508552,40;11137
WINFUT;10/10/2016;17:00:00;132241,93;132477,75;132209,77;132456,31;340546816,40;13196
WINFUT;10/10/2016;16:30:00;132091,86;132306,24;132091,86;132241,93;579583455,00;22690
WINFUT;10/10/2016;16:00:00;131802,44;132145,46;131791,73;132091,86;476872734,30;18672
WINFUT;10/10/2016;15:30:00;132048,98;132124,02;131781,01;131802,44;517991323,80;20423
WINFUT;10/10/2016;15:00:00;132070,42;132209,77;131802,44;132059,70;730444515,50;28827
WINFUT;10/10/2016;14:30:00;132113,30;132156,18;131898,92;132059,70;471791865,90;18677
WINFUT;10/10/2016;14:00:00;131738,13;132145,46;131663,10;132134,74;763759577,10;30100
WINFUT;10/10/2016;13:30:00;131823,88;131963,23;131738,13;131738,13;458392951,10;17989
WINFUT;10/10/2016;13:00:00;131888,20;131941,79;131716,69;131845,32;758078437,20;29743
WINFUT;10/10/2016;12:30:00;132316,96;132488,47;131845,32;131877,48;1166841808,00;45995
WINFUT;10/10/2016;12:00:00;132509,91;132531,35;132134,74;132316,96;908339226,40;35817
WINFUT;10/10/2016;11:30:00;132241,93;132542,06;132220,49;132509,91;820249401,50;32062
WINFUT;10/10/2016;11:00:00;132392,00;132413,43;132188,33;132241,93;801233661,80;31507
WINFUT;10/10/2016;10:30:00;131931,07;132477,75;131888,20;132381,28;1741623092,00;68650
WINFUT;10/10/2016;10:00:00;132038,27;132124,02;131845,32;131920,35;679400010,00;27158
WINFUT;10/10/2016;09:30:00;131545,19;132145,46;131545,19;132038,27;797996484,00;31879
WINFUT;10/10/2016;09:00:00;131738,13;131888,20;131534,47;131555,90;558338135,80;22481
WINFUT;07/10/2016;17:30:00;131159,30;131373,68;131094,98;131373,68;248683857,10;9672
WINFUT;07/10/2016;17:00:00;131116,42;131309,36;131052,11;131159,30;414637455,20;16079
WINFUT;07/10/2016;16:30:00;131255,77;131287,93;130966,35;131127,14;622910185,60;24376
WINFUT;07/10/2016;16:00:00;131127,14;131266,49;130934,19;131245,05;705962018,60;27733
WINFUT;07/10/2016;15:30:00;131298,65;131427,27;131052,11;131137,86;628848584,60;24621
WINFUT;07/10/2016;15:00:00;131395,12;131641,66;131170,02;131287,93;1146111007,00;44704
WINFUT;07/10/2016;14:30:00;131191,45;131459,43;131137,86;131405,84;1070262431,00;41686
WINFUT;07/10/2016;14:00:00;130676,94;131234,33;130591,18;131180,73;1254224170,00;48801
WINFUT;07/10/2016;13:30:00;130076,66;130719,81;130023,07;130687,65;932200013,80;36548
WINFUT;07/10/2016;13:00:00;130216,01;130612,62;129797,97;130065,94;1370719695,00;53525
WINFUT;07/10/2016;12:30:00;131234,33;131330,80;129948,03;130216,01;1978408713,00;77247
WINFUT;07/10/2016;12:00:00;130848,44;131362,96;130709,09;131223,61;1213148458,00;47878
WINFUT;07/10/2016;11:30:00;130880,60;131041,39;130591,18;130848,44;1115775865,00;44008
WINFUT;07/10/2016;11:00:00;130859,16;131052,11;130741,25;130869,88;1044686583,00;41341
WINFUT;07/10/2016;10:30:00;130944,91;131137,86;130473,27;130869,88;2285468962,00;90843
WINFUT;07/10/2016;10:00:00;130848,44;131073,54;130719,81;130934,19;1109065688,00;44401
WINFUT;07/10/2016;09:30:00;129819,40;130977,07;129797,97;130848,44;1458209248,00;58652
WINFUT;07/10/2016;09:00:00;129701,49;129969,47;129551,43;129819,40;634165273,90;25520
WINFUT;06/10/2016;17:30:00;130119,54;130173,14;130023,07;130023,07;276832297,20;10802
WINFUT;06/10/2016;17:00:00;130291,05;130398,24;130098,10;130108,82;409985352,00;16030
WINFUT;06/10/2016;16:30:00;130355,36;130548,31;130226,73;130291,05;840487122,30;32862
WINFUT;06/10/2016;16:00:00;129948,03;130376,80;129915,88;130366,08;636073279,40;25149
WINFUT;06/10/2016;15:30:00;130098,10;130183,86;129830,12;129937,32;609318326,50;24063
WINFUT;06/10/2016;15:00:00;130183,86;130280,33;129980,19;130108,82;738719685,30;29115
WINFUT;06/10/2016;14:30:00;130162,42;130312,48;130108,82;130205,29;691534067,20;27146
WINFUT;06/10/2016;14:00:00;129958,75;130258,89;129958,75;130173,14;653288205,00;25785
WINFUT;06/10/2016;13:30:00;129797,97;130087,38;129701,49;129969,47;812102861,40;32133
WINFUT;06/10/2016;13:00:00;129701,49;129958,75;129701,49;129808,69;666258354,50;26311
WINFUT;06/10/2016;12:30:00;129369,20;129894,44;129165,54;129701,49;1186929461,00;47047
WINFUT;06/10/2016;12:00:00;129422,80;129454,95;128940,44;129358,48;1099525661,00;43713
WINFUT;06/10/2016;11:30:00;129508,55;129508,55;129186,98;129422,80;873244789,00;34759
WINFUT;06/10/2016;11:00:00;129626,46;129755,09;129401,36;129519,27;825287393,50;32840
WINFUT;06/10/2016;10:30:00;129476,39;129690,78;129144,10;129615,74;1462261080,00;58411
WINFUT;06/10/2016;10:00:00;129358,48;129605,02;129069,07;129465,67;1008627423,00;40741
WINFUT;06/10/2016;09:30:00;129090,50;129379,92;128951,16;129347,76;624946820,60;25389
WINFUT;06/10/2016;09:00:00;128822,53;129144,10;128736,77;129079,78;590173957,20;23884
WINFUT;05/10/2016;17:30:00;129262,01;129337,04;129133,38;129133,38;303715879,70;11878
WINFUT;05/10/2016;17:00:00;129476,39;129572,86;129122,66;129262,01;628998652,40;24722
WINFUT;05/10/2016;16:30:00;129454,95;129626,46;129358,48;129476,39;681007879,80;27036
WINFUT;05/10/2016;16:00:00;129669,34;129873,00;129422,80;129454,95;776858356,10;30929
WINFUT;05/10/2016;15:30:00;129808,69;129808,69;129551,43;129680,06;755055642,10;29944
WINFUT;05/10/2016;15:00:00;129937,32;130065,94;129722,93;129819,40;584321311,20;23320
WINFUT;05/10/2016;14:30:00;129787,25;130065,94;129658,62;129937,32;725728097,60;28756
WINFUT;05/10/2016;14:00:00;129819,40;129990,91;129733,65;129797,97;723134067,70;28546
WINFUT;05/10/2016;13:30:00;129669,34;129883,72;129465,67;129819,40;636330538,60;25212
WINFUT;05/10/2016;13:00:00;129465,67;129744,37;129412,08;129658,62;633329181,70;25015
WINFUT;05/10/2016;12:30:00;129315,61;129647,90;129315,61;129465,67;859309917,70;33955
WINFUT;05/10/2016;12:00:00;129154,82;129444,24;129111,94;129315,61;982815754,00;39091
WINFUT;05/10/2016;11:30:00;129058,35;129272,73;128876,12;129165,54;1343643168,00;53732
WINFUT;05/10/2016;11:00:00;128940,44;129079,78;128640,30;129069,07;1275255107,00;51053
WINFUT;05/10/2016;10:30:00;128951,16;129154,82;128811,81;128951,16;1261448865,00;50349
WINFUT;05/10/2016;10:00:00;128179,38;128951,16;128050,75;128951,16;1235101239,00;49829
WINFUT;05/10/2016;09:30:00;128082,91;128350,88;128082,91;128179,38;679550077,90;27440
WINFUT;05/10/2016;09:00:00;128072,19;128168,66;127772,05;128082,91;598513441,70;24216
WINFUT;04/10/2016;17:30:00;127429,04;127664,86;127418,32;127664,86;308625242,00;12041
WINFUT;04/10/2016;17:00:00;127514,79;127664,86;127407,60;127429,04;416524022,40;16387
WINFUT;04/10/2016;16:30:00;127429,04;127632,70;127268,25;127514,79;979042619,60;38590
WINFUT;04/10/2016;16:00:00;126775,17;127504,07;126743,01;127418,32;936573419,50;37082
WINFUT;04/10/2016;15:30:00;126925,24;127043,15;126710,86;126764,45;842030677,30;33203
WINFUT;04/10/2016;15:00:00;126914,52;127396,88;126828,77;126914,52;1240460805,00;48887
WINFUT;04/10/2016;14:30:00;126796,61;126978,83;126710,86;126914,52;792615479,80;31117
WINFUT;04/10/2016;14:00:00;127043,15;127107,46;126528,63;126796,61;1385426343,00;54496
WINFUT;04/10/2016;13:30:00;127461,20;127482,63;126957,40;127032,43;1005690381,00;39640
WINFUT;04/10/2016;13:00:00;127364,72;127504,07;127053,87;127461,20;1110309107,00;43530
WINFUT;04/10/2016;12:30:00;127707,74;127943,56;127289,69;127354,00;1565164745,00;62080
WINFUT;04/10/2016;12:00:00;127739,89;127900,68;127203,94;127697,02;1404935163,00;55967
WINFUT;04/10/2016;11:30:00;127643,42;128136,50;127643,42;127739,89;1591791068,00;63120
WINFUT;04/10/2016;11:00:00;127729,17;127739,89;127021,71;127643,42;1953561766,00;77700
WINFUT;04/10/2016;10:30:00;127750,61;128072,19;127225,38;127750,61;2040772622,00;81633
WINFUT;04/10/2016;10:00:00;127675,58;128050,75;127579,11;127750,61;1052104222,00;42499
WINFUT;04/10/2016;09:30:00;127804,21;127804,21;127450,48;127675,58;574652654,30;23336
WINFUT;04/10/2016;09:00:00;127729,17;127922,12;127439,76;127804,21;679657269,20;27671
WINFUT;03/10/2016;17:30:00;127857,80;127889,96;127621,98;127729,17;430651838,10;16950
WINFUT;03/10/2016;17:00:00;127965,00;127997,15;127707,74;127847,08;583978299,00;23008
WINFUT;03/10/2016;16:30:00;127889,96;128200,82;127825,65;127975,71;845889564,70;33507
WINFUT;03/10/2016;16:00:00;127943,56;128018,59;127804,21;127889,96;600635829,80;23842
WINFUT;03/10/2016;15:30:00;128115,06;128200,82;127707,74;127965,00;852449673,40;33972
WINFUT;03/10/2016;15:00:00;127900,68;128211,54;127793,49;128115,06;905380746,10;36077
WINFUT;03/10/2016;14:30:00;127707,74;128050,75;127675,58;127911,40;955546282,80;37952
WINFUT;03/10/2016;14:00:00;127675,58;127857,80;127375,44;127718,46;839779659,60;33314
WINFUT;03/10/2016;13:30:00;127450,48;127686,30;127300,41;127675,58;648143021,80;25717
WINFUT;03/10/2016;13:00:00;127568,39;127804,21;127354,00;127461,20;748881422,20;29760
WINFUT;03/10/2016;12:30:00;127697,02;127782,77;127300,41;127579,11;850305847,00;33873
WINFUT;03/10/2016;12:00:00;127643,42;127857,80;127429,04;127697,02;1054055104,00;41945
WINFUT;03/10/2016;11:30:00;126925,24;127879,24;126914,52;127632,70;1801521601,00;71587
WINFUT;03/10/2016;11:00:00;125821,17;126989,55;125789,01;126914,52;2003705864,00;80288
WINFUT;03/10/2016;10:30:00;126078,43;126260,65;125649,66;125799,73;1368640183,00;55225
WINFUT;03/10/2016;10:00:00;125606,79;126132,02;125478,16;126078,43;780052657,40;31985
WINFUT;03/10/2016;09:30:00;126078,43;126153,46;125510,31;125596,07;524787253,30;21653
WINFUT;03/10/2016;09:00:00;126067,71;126153,46;125896,20;126089,15;431080603,40;17612
WINFUT;30/09/2016;17:30:00;125510,31;125649,66;125392,40;125563,91;316814658,70;12626
WINFUT;30/09/2016;17:00:00;125842,61;125939,08;125499,59;125521,03;684523755,00;27269
WINFUT;30/09/2016;16:30:00;126592,95;126678,70;125778,29;125831,89;1026271114,00;41320
WINFUT;30/09/2016;16:00:00;126539,35;126785,89;126517,91;126592,95;499618731,90;20071
WINFUT;30/09/2016;15:30:00;126496,47;126625,10;126367,84;126539,35;368545188,60;14789
WINFUT;30/09/2016;15:00:00;126485,75;126603,67;126335,69;126496,47;409792407,70;16491
WINFUT;30/09/2016;14:30:00;126357,13;126657,26;126335,69;126485,75;595747905,70;23869
WINFUT;30/09/2016;14:00:00;126635,82;126828,77;126314,25;126357,13;702874908,60;28217
WINFUT;30/09/2016;13:30:00;126400,00;126850,21;126367,84;126646,54;711878979,30;28664
WINFUT;30/09/2016;13:00:00;126560,79;126571,51;126282,09;126389,28;494387795,60;19823
WINFUT;30/09/2016;12:30:00;126582,23;126678,70;126378,56;126560,79;596798380,60;24082
WINFUT;30/09/2016;12:00:00;126056,99;126721,58;126024,83;126571,51;1152285227,00;46299
WINFUT;30/09/2016;11:30:00;125853,33;126196,34;125724,70;126067,71;954602999,20;38472
WINFUT;30/09/2016;11:00:00;125446,00;126014,11;125360,25;125864,05;1242411687,00;50175
WINFUT;30/09/2016;10:30:00;126217,78;126464,32;125360,25;125435,28;1874969091,00;75996
WINFUT;30/09/2016;10:00:00;126142,74;126357,13;125874,76;126207,06;829189157,40;33893
WINFUT;30/09/2016;09:30:00;125521,03;126174,90;125521,03;126142,74;717217106,90;29455
WINFUT;30/09/2016;09:00:00;125456,72;125735,42;125210,18;125531,75;517005163,70;21293
WINFUT;29/09/2016;17:30:00;125531,75;125542,47;125188,74;125285,21;326912080,80;12991
WINFUT;29/09/2016;17:00:00;125638,94;125703,26;125381,68;125542,47;478737863,20;18925
WINFUT;29/09/2016;16:30:00;125960,52;126121,30;125596,07;125649,66;851570704,60;34193
WINFUT;29/09/2016;16:00:00;126003,39;126239,21;125713,98;125981,96;1046208699,00;42216
WINFUT;29/09/2016;15:30:00;126217,78;126432,16;125928,36;126014,11;1193661076,00;47818
WINFUT;29/09/2016;15:00:00;125617,51;126271,37;125381,68;126217,78;1480762301,00;59342
WINFUT;29/09/2016;14:30:00;126667,98;126710,86;125349,53;125628,22;1890125944,00;75719
WINFUT;29/09/2016;14:00:00;126571,51;126850,21;126174,90;126678,70;1793996770,00;71873
WINFUT;29/09/2016;13:30:00;127761,33;127825,65;126249,93;126571,51;1772730013,00;71214
WINFUT;29/09/2016;13:00:00;127729,17;127900,68;127568,39;127761,33;574716969,10;22964
WINFUT;29/09/2016;12:30:00;127589,83;127857,80;127514,79;127718,46;766010594,80;30580
WINFUT;29/09/2016;12:00:00;127525,51;127643,42;127150,34;127600,54;1197670031,00;47940
WINFUT;29/09/2016;11:30:00;127922,12;127986,43;127493,35;127514,79;975569620,90;38827
WINFUT;29/09/2016;11:00:00;127900,68;128115,06;127611,26;127932,84;1359871933,00;54743
WINFUT;29/09/2016;10:30:00;128104,34;128393,76;127471,92;127900,68;1981452946,00;79571
WINFUT;29/09/2016;10:00:00;128061,47;128190,10;127697,02;128104,34;991455374,20;40155
WINFUT;29/09/2016;09:30:00;127868,52;128211,54;127632,70;128061,47;932392958,10;37710
WINFUT;29/09/2016;09:00:00;128093,62;128308,01;127739,89;127868,52;844710460,20;34196
WINFUT;28/09/2016;17:30:00;128082,91;128179,38;127975,71;128147,22;232412215,10;9155
WINFUT;28/09/2016;17:00:00;127997,15;128243,69;127911,40;128072,19;468233114,10;18497
WINFUT;28/09/2016;16:30:00;127707,74;128072,19;127611,26;127997,15;906795671,50;36230
WINFUT;28/09/2016;16:00:00;127589,83;127772,05;127257,53;127718,46;985088209,90;39512
WINFUT;28/09/2016;15:30:00;127879,24;127997,15;127514,79;127600,54;1339141132,00;53604
WINFUT;28/09/2016;15:00:00;126828,77;128082,91;126743,01;127868,52;1936239649,00;77601
WINFUT;28/09/2016;14:30:00;126324,97;126882,36;126207,06;126828,77;896440990,20;35953
WINFUT;28/09/2016;14:00:00;126239,21;126335,69;125917,64;126324,97;692841801,30;27998
WINFUT;28/09/2016;13:30:00;126410,72;126528,63;126110,59;126239,21;826487936,20;33028
WINFUT;28/09/2016;13:00:00;126217,78;126528,63;125906,92;126432,16;834677352,90;33460
WINFUT;28/09/2016;12:30:00;125960,52;126400,00;125724,70;126217,78;825394584,80;33259
WINFUT;28/09/2016;12:00:00;125992,67;126121,30;125703,26;125949,80;1008841806,00;40946
WINFUT;28/09/2016;11:30:00;126796,61;127118,18;125981,96;126003,39;1800578317,00;72889
WINFUT;28/09/2016;11:00:00;126710,86;126957,40;126517,91;126807,33;1299351715,00;52394
WINFUT;28/09/2016;10:30:00;126775,17;127171,78;126700,14;126721,58;1311807346,00;52967
WINFUT;28/09/2016;10:00:00;126324,97;126796,61;126303,53;126785,89;842373689,50;34160
WINFUT;28/09/2016;09:30:00;126324,97;126507,19;126132,02;126324,97;821728641,70;33479
WINFUT;28/09/2016;09:00:00;126442,88;126560,79;126185,62;126314,25;706476536,90;28661
WINFUT;27/09/2016;17:30:00;126035,55;126067,71;125949,80;126067,71;298270560,70;11785
WINFUT;27/09/2016;17:00:00;125939,08;126046,27;125885,48;126024,83;296276802,20;11733
WINFUT;27/09/2016;16:30:00;126078,43;126089,15;125778,29;125928,36;741849671,70;29548
WINFUT;27/09/2016;16:00:00;125874,76;126099,87;125799,73;126078,43;700945464,90;28053
WINFUT;27/09/2016;15:30:00;125381,68;125885,48;125263,77;125864,05;856973147,00;34257
WINFUT;27/09/2016;15:00:00;125295,93;125553,19;125274,49;125370,97;618172329,30;24556
WINFUT;27/09/2016;14:30:00;125553,19;125649,66;125263,77;125295,93;627519412,20;24997
WINFUT;27/09/2016;14:00:00;125188,74;125585,35;125178,02;125553,19;972311004,90;38802
WINFUT;27/09/2016;13:30:00;124899,32;125242,34;124867,17;125178,02;891853201,80;37106
WINFUT;27/09/2016;13:00:00;124449,12;125049,39;124416,96;124888,60;906409782,70;38372
WINFUT;27/09/2016;12:30:00;124095,39;124502,72;124073,95;124449,12;718889291,50;30438
WINFUT;27/09/2016;12:00:00;123752,38;124116,83;123666,62;124106,11;771670296,30;32865
WINFUT;27/09/2016;11:30:00;124674,22;124684,94;123709,50;123741,66;1501878991,00;63812
WINFUT;27/09/2016;11:00:00;124974,36;125263,77;124663,50;124684,94;1220887671,00;51115
WINFUT;27/09/2016;10:30:00;125199,46;125210,18;124545,59;124963,64;1780726485,00;75065
WINFUT;27/09/2016;10:00:00;125574,63;125585,35;125092,27;125199,46;998530001,20;40527
WINFUT;27/09/2016;09:30:00;125360,25;125703,26;125306,65;125574,63;667051570,20;27164
WINFUT;27/09/2016;09:00:00;125306,65;125660,38;125274,49;125360,25;750810865,90;30513
WINFUT;26/09/2016;17:30:00;125006,51;125145,86;124963,64;125145,86;281784536,00;11530
WINFUT;26/09/2016;17:00:00;124942,20;125102,99;124899,32;125006,51;318336775,40;13073
WINFUT;26/09/2016;16:30:00;125070,83;125167,30;124824,29;124942,20;773578301,80;32333
WINFUT;26/09/2016;16:00:00;124952,92;125199,46;124942,20;125060,11;559345734,20;22903
WINFUT;26/09/2016;15:30:00;125006,51;125092,27;124835,01;124952,92;400230942,10;17103
WINFUT;26/09/2016;15:00:00;124888,60;125113,71;124792,13;125017,23;581813034,40;24516
WINFUT;26/09/2016;14:30:00;125017,23;125060,11;124770,69;124888,60;611955232,90;26266
WINFUT;26/09/2016;14:00:00;125188,74;125263,77;124952,92;125006,51;533727009,20;21786
WINFUT;26/09/2016;13:30:00;125338,81;125381,68;125081,55;125188,74;477623073,50;19155
WINFUT;26/09/2016;13:00:00;125102,99;125392,40;125006,51;125338,81;562732979,80;22473
WINFUT;26/09/2016;12:30:00;124985,08;125156,58;124802,85;125102,99;695650213,80;29457
WINFUT;26/09/2016;12:00:00;125478,16;125574,63;124952,92;124985,08;1008798929,00;40895
WINFUT;26/09/2016;11:30:00;125167,30;125606,79;125167,30;125488,88;873309103,80;35012
WINFUT;26/09/2016;11:00:00;125070,83;125360,25;124877,89;125167,30;1070240993,00;43513
WINFUT;26/09/2016;10:30:00;125521,03;125713,98;125006,51;125070,83;1559333537,00;62861
WINFUT;26/09/2016;10:00:00;125563,91;125713,98;125360,25;125521,03;719918328,10;29259
WINFUT;26/09/2016;09:30:00;125253,05;125617,51;125220,90;125563,91;667501773,80;26889
WINFUT;26/09/2016;09:00:00;125521,03;125756,85;125135,14;125253,05;700259440,50;28392
WINFUT;23/09/2016;17:30:00;126464,32;126592,95;126400,00;126592,95;282020356,90;11069
WINFUT;23/09/2016;17:00:00;126625,10;126657,26;126410,72;126453,60;449624701,30;17693
WINFUT;23/09/2016;16:30:00;126464,32;126689,42;126389,28;126614,38;729286849,30;29234
WINFUT;23/09/2016;16:00:00;126303,53;126528,63;126164,18;126464,32;666043971,80;26720
WINFUT;23/09/2016;15:30:00;126239,21;126378,56;126089,15;126303,53;618043699,80;24773
WINFUT;23/09/2016;15:00:00;126207,06;126357,13;125960,52;126271,37;858816837,60;34468
WINFUT;23/09/2016;14:30:00;126657,26;126689,42;126185,62;126217,78;650394039,50;26166
WINFUT;23/09/2016;14:00:00;126871,64;126903,80;126410,72;126657,26;776236646,50;31119
WINFUT;23/09/2016;13:30:00;126935,96;127096,75;126646,54;126882,36;642075993,20;25850
WINFUT;23/09/2016;13:00:00;127000,27;127010,99;126667,98;126925,24;954495807,80;38196
WINFUT;23/09/2016;12:30:00;127300,41;127632,70;126882,36;127000,27;1078859175,00;43206
WINFUT;23/09/2016;12:00:00;127268,25;127471,92;127075,31;127289,69;894361478,60;35785
WINFUT;23/09/2016;11:30:00;127032,43;127321,85;126871,64;127257,53;863297434,70;34734
WINFUT;23/09/2016;11:00:00;126828,77;127043,15;126582,23;127043,15;1201464604,00;48244
WINFUT;23/09/2016;10:30:00;127096,75;127375,44;126796,61;126839,49;1440887131,00;58505
WINFUT;23/09/2016;10:00:00;127729,17;127750,61;127053,87;127107,46;1063187804,00;43111
WINFUT;23/09/2016;09:30:00;127589,83;127825,65;127525,51;127739,89;781038817,50;31371
WINFUT;23/09/2016;09:00:00;127257,53;127729,17;127000,27;127589,83;833498248,40;33791
WINFUT;22/09/2016;17:30:00;127493,35;127546,95;127439,76;127471,92;256465946,80;10129
WINFUT;22/09/2016;17:00:00;127514,79;127546,95;127300,41;127493,35;335208688,80;13231
WINFUT;22/09/2016;16:30:00;127096,75;127546,95;127064,59;127525,51;629706115,10;25265
WINFUT;22/09/2016;16:00:00;127139,62;127214,66;126925,24;127096,75;454191051,50;18271
WINFUT;22/09/2016;15:30:00;126957,40;127268,25;126743,01;127139,62;891595942,60;35678
WINFUT;22/09/2016;15:00:00;126871,64;127021,71;126517,91;126968,12;1162811415,00;46582
WINFUT;22/09/2016;14:30:00;127086,03;127375,44;126818,05;126871,64;710163918,20;28451
WINFUT;22/09/2016;14:00:00;127161,06;127450,48;127086,03;127096,75;581984540,50;23472
WINFUT;22/09/2016;13:30:00;127203,94;127321,85;127021,71;127161,06;381086572,80;15387
WINFUT;22/09/2016;13:00:00;127257,53;127525,51;127043,15;127214,66;750446415,40;30132
WINFUT;22/09/2016;12:30:00;127739,89;127761,33;127000,27;127246,81;982622809,60;39255
WINFUT;22/09/2016;12:00:00;127697,02;127932,84;127600,54;127729,17;896891193,70;35781
WINFUT;22/09/2016;11:30:00;128072,19;128297,29;127643,42;127707,74;1017116976,00;40774
WINFUT;22/09/2016;11:00:00;128297,29;128458,08;127836,37;128050,75;1371427157,00;54946
WINFUT;22/09/2016;10:30:00;127739,89;128372,32;127739,89;128308,01;1536180213,00;61610
WINFUT;22/09/2016;10:00:00;127439,76;127793,49;127311,13;127750,61;940539498,30;38370
WINFUT;22/09/2016;09:30:00;127300,41;127536,23;127278,97;127450,48;683794854,10;27595
WINFUT;22/09/2016;09:00:00;126710,86;127343,29;126710,86;127278,97;755462969,10;30266
WINFUT;21/09/2016;17:30:00;126346,41;126442,88;126217,78;126357,13;247997832,70;9881
WINFUT;21/09/2016;17:00:00;126207,06;126400,00;126121,30;126357,13;399544917,70;15838
WINFUT;21/09/2016;16:30:00;125746,13;126603,67;125746,13;126207,06;1329558229,00;53608
WINFUT;21/09/2016;16:00:00;125263,77;126003,39;125113,71;125756,85;1493024988,00;59984
WINFUT;21/09/2016;15:30:00;124427,68;125338,81;124031,07;125263,77;1838095278,00;77478
WINFUT;21/09/2016;15:00:00;124224,02;125499,59;124095,39;124438,40;2827706962,00;117504
WINFUT;21/09/2016;14:30:00;124106,11;124684,94;123998,92;124224,02;769547908,20;32589
WINFUT;21/09/2016;14:00:00;124459,84;124556,31;124052,51;124095,39;729372602,40;31236
WINFUT;21/09/2016;13:30:00;123859,57;124513,43;123752,38;124459,84;835041803,40;35602
WINFUT;21/09/2016;13:00:00;124631,35;124631,35;123720,22;123870,29;1062801915,00;45179
WINFUT;21/09/2016;12:30:00;124738,54;124759,97;124534,87;124631,35;456227686,50;19580
WINFUT;21/09/2016;12:00:00;124706,38;124824,29;124588,47;124727,82;545067850,70;23424
WINFUT;21/09/2016;11:30:00;125210,18;125381,68;124706,38;124706,38;1015659174,00;42321
WINFUT;21/09/2016;11:00:00;125113,71;125338,81;124995,80;125210,18;611097702,40;24697
WINFUT;21/09/2016;10:30:00;125435,28;125574,63;124952,92;125113,71;1208046151,00;48872
WINFUT;21/09/2016;10:00:00;125231,62;125456,72;125092,27;125446,00;560953603,90;22645
WINFUT;21/09/2016;09:30:00;125285,21;125381,68;125092,27;125231,62;569743292,00;22859
WINFUT;21/09/2016;09:00:00;125424,56;125746,13;125178,02;125285,21;705233117,60;28240
WINFUT;20/09/2016;17:30:00;124599,19;124684,94;124427,68;124427,68;256616014,60;10737
WINFUT;20/09/2016;17:00:00;124545,59;124727,82;124470,56;124609,91;467118324,40;19510
WINFUT;20/09/2016;16:30:00;124706,38;124759,97;124524,15;124524,15;428979653,60;18178
WINFUT;20/09/2016;16:00:00;124749,26;124792,13;124599,19;124717,10;421626329,20;17959
WINFUT;20/09/2016;15:30:00;124524,15;124813,57;124470,56;124738,54;530961473,20;22712
WINFUT;20/09/2016;15:00:00;124642,06;124695,66;124395,52;124524,15;383959300,10;16484
WINFUT;20/09/2016;14:30:00;124524,15;124717,10;124470,56;124652,78;452454552,10;19437
WINFUT;20/09/2016;14:00:00;124481,28;124609,91;124384,81;124534,87;520842612,80;22350
WINFUT;20/09/2016;13:30:00;124845,73;124867,17;124481,28;124481,28;401345731,80;17264
WINFUT;20/09/2016;13:00:00;124759,97;124899,32;124524,15;124845,73;498268121,30;21365
WINFUT;20/09/2016;12:30:00;124695,66;125006,51;124620,63;124759,97;494023345,10;21323
WINFUT;20/09/2016;12:00:00;124577,75;124952,92;124545,59;124695,66;655517784,40;28140
WINFUT;20/09/2016;11:30:00;124513,43;124727,82;124341,93;124577,75;692906116,10;29865
WINFUT;20/09/2016;11:00:00;124706,38;124877,89;124331,21;124524,15;1007748454,00;43047
WINFUT;20/09/2016;10:30:00;125049,39;125156,58;124395,52;124706,38;1619746564,00;69081
WINFUT;20/09/2016;10:00:00;124856,45;125092,27;124674,22;125027,95;917664871,10;38758
WINFUT;20/09/2016;09:30:00;124835,01;124985,08;124727,82;124867,17;617036101,40;25945
WINFUT;20/09/2016;09:00:00;124695,66;125017,23;124502,72;124813,57;758421449,50;31825
WINFUT;19/09/2016;17:30:00;123945,32;124106,11;123934,60;124084,67;212860518,70;8863
WINFUT;19/09/2016;17:00:00;123945,32;124073,95;123720,22;123945,32;416309639,80;17419
WINFUT;19/09/2016;16:30:00;123816,69;124063,23;123591,59;123945,32;891102862,50;37786
WINFUT;19/09/2016;16:00:00;124481,28;124513,43;123698,78;123805,97;992119960,40;42157
WINFUT;19/09/2016;15:30:00;124341,93;124599,19;124266,89;124470,56;686860525,70;29356
WINFUT;19/09/2016;15:00:00;124148,98;124524,15;124063,23;124341,93;797417650,80;34090
WINFUT;19/09/2016;14:30:00;123752,38;124224,02;123366,49;124148,98;1020568536,00;43444
WINFUT;19/09/2016;14:00:00;123923,88;124052,51;123666,62;123752,38;722062154,50;30890
WINFUT;19/09/2016;13:30:00;124331,21;124492,00;123902,44;123913,16;683130267,90;29125
WINFUT;19/09/2016;13:00:00;124813,57;124813,57;124159,70;124341,93;846125385,60;36055
WINFUT;19/09/2016;12:30:00;125113,71;125156,58;124577,75;124824,29;911897978,20;38735
WINFUT;19/09/2016;12:00:00;124835,01;125242,34;124652,78;125113,71;880876810,80;36324
WINFUT;19/09/2016;11:30:00;125199,46;125306,65;124770,69;124835,01;820378031,10;34394
WINFUT;19/09/2016;11:00:00;125403,12;125478,16;125017,23;125199,46;932500149,50;37785
WINFUT;19/09/2016;10:30:00;124952,92;125413,84;124802,85;125392,40;917429050,20;38095
WINFUT;19/09/2016;10:00:00;124567,03;125027,95;124545,59;124942,20;735096618,70;31274
WINFUT;19/09/2016;09:30:00;124792,13;124802,85;124481,28;124567,03;603058353,50;25482
WINFUT;19/09/2016;09:00:00;124684,94;124877,89;124416,96;124802,85;663407065,40;27914
WINFUT;16/09/2016;17:30:00;123698,78;123752,38;123420,08;123698,78;322602989,80;13579
WINFUT;16/09/2016;17:00:00;123119,95;123827,41;123077,07;123698,78;709177758,10;29592
WINFUT;16/09/2016;16:30:00;123398,64;123655,90;123055,63;123130,67;719982642,90;30444
WINFUT;16/09/2016;16:00:00;123334,33;123848,85;123302,17;123398,64;772656456,50;32829
WINFUT;16/09/2016;15:30:00;123077,07;123473,68;123077,07;123323,61;590774228,50;25151
WINFUT;16/09/2016;15:00:00;123119,95;123227,14;122916,28;123087,79;657554419,50;28145
WINFUT;16/09/2016;14:30:00;123559,43;123559,43;122905,56;123130,67;891402998,20;37950
WINFUT;16/09/2016;14:00:00;123537,99;123784,53;123495,12;123570,15;496167171,50;21270
WINFUT;16/09/2016;13:30:00;123870,29;123934,60;123516,56;123548,71;590238271,90;25132
WINFUT;16/09/2016;13:00:00;124159,70;124266,89;123859,57;123881,01;545518054,20;23338
WINFUT;16/09/2016;12:30:00;123827,41;124202,58;123666,62;124170,42;715866496,30;30609
WINFUT;16/09/2016;12:00:00;123194,98;123870,29;123119,95;123838,13;840572875,40;36036
WINFUT;16/09/2016;11:30:00;122991,32;123580,87;122937,72;123194,98;1173873559,00;50370
WINFUT;16/09/2016;11:00:00;123645,19;123677,34;122776,94;122991,32;1748869225,00;74591
WINFUT;16/09/2016;10:30:00;124031,07;124116,83;123537,99;123623,75;1484814133,00;63611
WINFUT;16/09/2016;10:00:00;124577,75;124652,78;123977,48;124020,35;831332983,80;35272
WINFUT;16/09/2016;09:30:00;124524,15;124674,22;124202,58;124588,47;878818737,50;37095
WINFUT;16/09/2016;09:00:00;123923,88;124717,10;123848,85;124534,87;852213852,50;36083
WINFUT;15/09/2016;17:30:00;125135,14;125220,90;124963,64;124963,64;256508823,30;10179
WINFUT;15/09/2016;17:00:00;125413,84;125435,28;125027,95;125145,86;678456726,40;26879
WINFUT;15/09/2016;16:30:00;125478,16;125585,35;125295,93;125413,84;566334608,10;22764
WINFUT;15/09/2016;16:00:00;125638,94;125810,45;125392,40;125488,88;486112625,90;19588
WINFUT;15/09/2016;15:30:00;125735,42;125821,17;125510,31;125638,94;565134065,30;22535
WINFUT;15/09/2016;15:00:00;125617,51;125789,01;125424,56;125724,70;575252925,70;22974
WINFUT;15/09/2016;14:30:00;125135,14;125638,94;125092,27;125606,79;744572331,20;29735
WINFUT;15/09/2016;14:00:00;125167,30;125381,68;125049,39;125124,43;554736507,50;22238
WINFUT;15/09/2016;13:30:00;125306,65;125349,53;124867,17;125167,30;680343293,60;28137
WINFUT;15/09/2016;13:00:00;124963,64;125392,40;124963,64;125306,65;605630945,20;24315
WINFUT;15/09/2016;12:30:00;124899,32;125188,74;124899,32;124952,92;685531353,40;28370
WINFUT;15/09/2016;12:00:00;124792,13;124942,20;124684,94;124899,32;831182915,90;35658
WINFUT;15/09/2016;11:30:00;124181,14;124813,57;124084,67;124792,13;958804898,80;41008
WINFUT;15/09/2016;11:00:00;124181,14;124384,81;123870,29;124170,42;946177761,60;40413
WINFUT;15/09/2016;10:30:00;124213,30;124599,19;123720,22;124181,14;1915830422,00;81952
WINFUT;15/09/2016;10:00:00;124159,70;124266,89;123698,78;124213,30;928233935,00;39323
WINFUT;15/09/2016;09:30:00;123773,81;124406,24;123698,78;124159,70;1207810330,00;51140
WINFUT;15/09/2016;09:00:00;124127,55;124148,98;123655,90;123773,81;707162561,30;29692
WINFUT;14/09/2016;17:30:00;123291,45;123505,84;123270,02;123505,84;171077343,10;7189
WINFUT;14/09/2016;17:00:00;123484,40;123580,87;123227,14;123291,45;526459437,90;21993
WINFUT;14/09/2016;16:30:00;123323,61;123634,47;123194,98;123484,40;820485222,40;34883
WINFUT;14/09/2016;16:00:00;123580,87;123848,85;123291,45;123312,89;897019823,30;38134
WINFUT;14/09/2016;15:30:00;123462,96;123805,97;123355,77;123580,87;820828234,60;34968
WINFUT;14/09/2016;15:00:00;123462,96;123570,15;123002,04;123473,68;1107393503,00;47334
WINFUT;14/09/2016;14:30:00;123966,76;124052,51;123420,08;123462,96;949114803,70;40583
WINFUT;14/09/2016;14:00:00;123688,06;123988,20;123559,43;123956,04;603830131,00;25883
WINFUT;14/09/2016;13:30:00;123591,59;123870,29;123527,27;123688,06;645506115,40;27666
WINFUT;14/09/2016;13:00:00;123537,99;123795,25;123270,02;123580,87;589359303,10;25332
WINFUT;14/09/2016;12:30:00;123441,52;123688,06;123087,79;123537,99;727250214,30;31266
WINFUT;14/09/2016;12:00:00;123302,17;123720,22;123109,23;123441,52;1023612770,00;43928
WINFUT;14/09/2016;11:30:00;123655,90;124116,83;123077,07;123291,45;1893598942,00;80875
WINFUT;14/09/2016;11:00:00;123184,26;123730,94;123077,07;123655,90;1317874375,00;56281
WINFUT;14/09/2016;10:30:00;123012,76;123730,94;122755,50;123184,26;2220789721,00;95079
WINFUT;14/09/2016;10:00:00;123248,58;123484,40;122626,87;123002,04;1362873290,00;58312
WINFUT;14/09/2016;09:30:00;123162,82;123366,49;122884,13;123248,58;892474911,40;38175
WINFUT;14/09/2016;09:00:00;123838,13;123891,73;123044,91;123162,82;981165007,70;41487
WINFUT;13/09/2016;17:30:00;123012,76;123141,39;122980,60;123098,51;267613843,80;11316
WINFUT;13/09/2016;17:00:00;122916,28;123087,79;122809,09;123023,48;391955772,40;16584
WINFUT;13/09/2016;16:30:00;123077,07;123184,26;122691,18;122927,00;938138412,80;40089
WINFUT;13/09/2016;16:00:00;122498,24;123087,79;122316,01;123066,35;867670840,50;37078
WINFUT;13/09/2016;15:30:00;122487,52;122691,18;122208,82;122498,24;950379661,20;40762
WINFUT;13/09/2016;15:00:00;123055,63;123055,63;122466,08;122487,52;996493366,10;42735
WINFUT;13/09/2016;14:30:00;123730,94;123838,13;122927,00;123066,35;1246978037,00;53274
WINFUT;13/09/2016;14:00:00;123077,07;123741,66;122755,50;123730,94;1069919419,00;45655
WINFUT;13/09/2016;13:30:00;122873,41;123248,58;122669,74;123055,63;906795671,50;38805
WINFUT;13/09/2016;13:00:00;122819,81;123119,95;122562,55;122873,41;943390787,30;40375
WINFUT;13/09/2016;12:30:00;122991,32;123044,91;122648,31;122819,81;1212676816,00;51798
WINFUT;13/09/2016;12:00:00;123741,66;123848,85;122916,28;122991,32;1673470852,00;71271
WINFUT;13/09/2016;11:30:00;124374,09;124599,19;123720,22;123741,66;1596185912,00;68160
WINFUT;13/09/2016;11:00:00;124384,81;124502,72;123977,48;124374,09;1807695820,00;77526
WINFUT;13/09/2016;10:30:00;125167,30;125574,63;124374,09;124374,09;2178813601,00;90312
WINFUT;13/09/2016;10:00:00;125328,09;125435,28;124792,13;125156,58;1115025525,00;46201
WINFUT;13/09/2016;09:30:00;125413,84;125456,72;125113,71;125338,81;943648046,50;38047
WINFUT;13/09/2016;09:00:00;125949,80;126056,99;125360,25;125413,84;1041578034,00;41996
WINFUT;12/09/2016;17:30:00;126925,24;126978,83;126743,01;126743,01;237943287,10;9442
WINFUT;12/09/2016;17:00:00;126882,36;126978,83;126710,86;126914,52;436911811,10;17266
WINFUT;12/09/2016;16:30:00;126807,33;127043,15;126603,67;126893,08;827795670,30;33283
WINFUT;12/09/2016;16:00:00;126689,42;126946,68;126539,35;126807,33;655217648,80;26361
WINFUT;12/09/2016;15:30:00;126453,60;126882,36;126453,60;126678,70;764595669,40;30671
WINFUT;12/09/2016;15:00:00;126249,93;126753,73;126153,46;126464,32;1233236110,00;49329
WINFUT;12/09/2016;14:30:00;125563,91;126314,25;125285,21;126249,93;1399897171,00;56240
WINFUT;12/09/2016;14:00:00;125767,57;126485,75;125467,44;125563,91;1759481166,00;70205
WINFUT;12/09/2016;13:30:00;125596,07;125896,20;125456,72;125767,57;781553335,80;31322
WINFUT;12/09/2016;13:00:00;125606,79;125606,79;125049,39;125606,79;1085140586,00;43334
WINFUT;12/09/2016;12:30:00;125939,08;126164,18;125542,47;125617,51;896140854,50;35873
WINFUT;12/09/2016;12:00:00;125821,17;126132,02;125821,17;125949,80;867949537,90;34664
WINFUT;12/09/2016;11:30:00;125692,54;125992,67;125563,91;125821,17;1047923760,00;42073
WINFUT;12/09/2016;11:00:00;125713,98;125917,64;125381,68;125692,54;1344800834,00;53895
WINFUT;12/09/2016;10:30:00;124920,76;125842,61;124524,15;125724,70;2405887688,00;97948
WINFUT;12/09/2016;10:00:00;124749,26;125403,12;124652,78;124910,04;1309127563,00;54463
WINFUT;12/09/2016;09:30:00;124652,78;125135,14;124492,00;124749,26;1036497166,00;43764
WINFUT;12/09/2016;09:00:00;123956,04;124963,64;123956,04;124652,78;1323534077,00;55574
WINFUT;09/09/2016;17:30:00;125145,86;125210,18;124652,78;124770,69;473335420,80;19533
WINFUT;09/09/2016;17:00:00;125467,44;125574,63;124963,64;125156,58;727550350,00;29015
WINFUT;09/09/2016;16:30:00;126432,16;126485,75;125403,12;125478,16;1332066505,00;53131
WINFUT;09/09/2016;16:00:00;126464,32;126550,07;126260,65;126421,44;637595396,10;25362
WINFUT;09/09/2016;15:30:00;126432,16;126582,23;126228,50;126464,32;976855916,70;38663
WINFUT;09/09/2016;15:00:00;126142,74;126453,60;125960,52;126442,88;893975589,90;35492
WINFUT;09/09/2016;14:30:00;126078,43;126217,78;125928,36;126132,02;954217110,40;37930
WINFUT;09/09/2016;14:00:00;126464,32;126485,75;125896,20;126089,15;1432654838,00;56943
WINFUT;09/09/2016;13:30:00;126925,24;126989,55;126378,56;126453,60;812767447,50;32350
WINFUT;09/09/2016;13:00:00;126807,33;127118,18;126732,29;126914,52;745086849,50;29652
WINFUT;09/09/2016;12:30:00;126925,24;126978,83;126710,86;126807,33;779881151,30;30942
WINFUT;09/09/2016;12:00:00;127589,83;127621,98;126753,73;126935,96;1360750902,00;54218
WINFUT;09/09/2016;11:30:00;127889,96;127900,68;127343,29;127579,11;1136249406,00;45136
WINFUT;09/09/2016;11:00:00;127461,20;127922,12;127386,16;127879,24;1516499887,00;60098
WINFUT;09/09/2016;10:30:00;128297,29;128340,16;127257,53;127461,20;2236225270,00;89012
WINFUT;09/09/2016;10:00:00;128597,42;128822,53;128072,19;128297,29;1144717520,00;46051
WINFUT;09/09/2016;09:30:00;128715,33;128843,96;128415,20;128597,42;886386444,60;35493
WINFUT;09/09/2016;09:00:00;129808,69;129808,69;128554,55;128715,33;1193961212,00;48019
WINFUT;08/09/2016;17:30:00;130376,80;130398,24;130237,45;130237,45;274859976,90;10784
WINFUT;08/09/2016;17:00:00;130537,59;130612,62;130355,36;130366,08;423169884,10;16555
WINFUT;08/09/2016;16:30:00;130773,41;130827,00;130366,08;130537,59;752225791,30;29865
WINFUT;08/09/2016;16:00:00;130687,65;130880,60;130676,94;130773,41;578382912,20;23001
WINFUT;08/09/2016;15:30:00;130548,31;130709,09;130526,87;130676,94;322474360,30;12804
WINFUT;08/09/2016;15:00:00;130623,34;130719,81;130430,40;130548,31;561017918,70;22296
WINFUT;08/09/2016;14:30:00;130537,59;130751,97;130473,27;130634,06;689690376,50;27227
WINFUT;08/09/2016;14:00:00;130601,90;130644,78;130258,89;130526,87;650394039,50;25864
WINFUT;08/09/2016;13:30:00;130408,96;130687,65;130355,36;130601,90;628505572,40;24964
WINFUT;08/09/2016;13:00:00;130344,64;130537,59;130344,64;130419,68;616264323,90;24456
WINFUT;08/09/2016;12:30:00;130044,51;130376,80;129926,60;130355,36;712157676,70;28379
WINFUT;08/09/2016;12:00:00;130044,51;130366,08;129894,44;130033,79;1002260259,00;40161
WINFUT;08/09/2016;11:30:00;129690,78;130151,70;129669,34;130033,79;958504763,10;38172
WINFUT;08/09/2016;11:00:00;129958,75;130023,07;129497,83;129680,06;1361436926,00;54393
WINFUT;08/09/2016;10:30:00;130130,26;130451,83;129765,81;129948,03;1642192426,00;65504
WINFUT;08/09/2016;10:00:00;129937,32;130269,61;129701,49;130130,26;921094993,20;37204
WINFUT;08/09/2016;09:30:00;130162,42;130280,33;129819,40;129937,32;955674912,30;38176
WINFUT;08/09/2016;09:00:00;129808,69;130226,73;129755,09;130151,70;836135154,80;33176
WINFUT;06/09/2016;17:30:00;130248,17;130451,83;130216,01;130398,24;334651294,00;13078
WINFUT;06/09/2016;17:00:00;130098,10;130312,48;130033,79;130248,17;614720768,90;23969
WINFUT;06/09/2016;16:30:00;129905,16;130108,82;129851,56;130108,82;422912625,00;16862
WINFUT;06/09/2016;16:00:00;130012,35;130162,42;129905,16;129915,88;618493903,30;24616
WINFUT;06/09/2016;15:30:00;129862,28;130055,23;129626,46;130012,35;589680877,10;23390
WINFUT;06/09/2016;15:00:00;129937,32;130076,66;129733,65;129873,00;660084134,60;26305
WINFUT;06/09/2016;14:30:00;129605,02;130044,51;129508,55;129937,32;776022263,80;30891
WINFUT;06/09/2016;14:00:00;129690,78;129755,09;129465,67;129605,02;543974499,20;21731
WINFUT;06/09/2016;13:30:00;129529,99;129873,00;129497,83;129680,06;752847500,90;29982
WINFUT;06/09/2016;13:00:00;129529,99;129669,34;129358,48;129519,27;563268936,40;22417
WINFUT;06/09/2016;12:30:00;129186,98;129583,58;129069,07;129529,99;669195396,60;26690
WINFUT;06/09/2016;12:00:00;129004,75;129326,32;128726,05;129208,41;900342754,10;35865
WINFUT;06/09/2016;11:30:00;128597,42;129036,91;128479,51;129004,75;899871112,30;35824
WINFUT;06/09/2016;11:00:00;128961,87;129240,57;128350,88;128608,14;1566708300,00;62534
WINFUT;06/09/2016;10:30:00;129283,45;129712,21;128822,53;128961,87;1598501245,00;64404
WINFUT;06/09/2016;10:00:00;129690,78;129744,37;129069,07;129283,45;962213582,70;38523
WINFUT;06/09/2016;09:30:00;129497,83;129776,53;129412,08;129690,78;857316159,20;34109
WINFUT;06/09/2016;09:00:00;129701,49;130001,63;129251,29;129508,55;953295265,10;37880
WINFUT;05/09/2016;17:30:00;129454,95;129572,86;129369,20;129487,11;178280599,60;7121
WINFUT;05/09/2016;17:00:00;129154,82;129476,39;129133,38;129433,52;248833925,00;9979
WINFUT;05/09/2016;16:30:00;129712,21;129787,25;129079,78;129154,82;540029858,70;21846
WINFUT;05/09/2016;16:00:00;129658,62;129819,40;129487,11;129712,21;300864590,60;12067
WINFUT;05/09/2016;15:30:00;129240,57;129873,00;129165,54;129658,62;466625244,30;18718
WINFUT;05/09/2016;15:00:00;129422,80;129476,39;129186,98;129240,57;267528090,80;10798
WINFUT;05/09/2016;14:30:00;129079,78;129422,80;129036,91;129422,80;374848038,10;15114
WINFUT;05/09/2016;14:00:00;129219,13;129347,76;129047,63;129079,78;324253736,10;13081
WINFUT;05/09/2016;13:30:00;129680,06;129701,49;129165,54;129240,57;544553332,30;21827
WINFUT;05/09/2016;13:00:00;129658,62;129722,93;129583,58;129680,06;175879514,10;7073
WINFUT;05/09/2016;12:30:00;129583,58;129851,56;129551,43;129647,90;387046410,10;15529
WINFUT;05/09/2016;12:00:00;129690,78;129819,40;129497,83;129583,58;562840171,10;22301
WINFUT;05/09/2016;11:30:00;129915,88;130055,23;129647,90;129701,49;749245872,70;29877
WINFUT;05/09/2016;11:00:00;129937,32;130151,70;129894,44;129926,60;485726737,20;19252
WINFUT;05/09/2016;10:30:00;130151,70;130226,73;129840,84;129937,32;562690103,30;22445
WINFUT;05/09/2016;10:00:00;129937,32;130194,57;129830,12;130162,42;648507472,30;25834
WINFUT;05/09/2016;09:30:00;129905,16;130055,23;129819,40;129937,32;872944653,30;34278
WINFUT;05/09/2016;09:00:00;129497,83;129980,19;129497,83;129915,88;792872739,00;31401
WINFUT;02/09/2016;17:30:00;129583,58;129615,74;129326,32;129508,55;341747359,20;13502
WINFUT;02/09/2016;17:00:00;129690,78;129712,21;129465,67;129594,30;389490372,10;15415
WINFUT;02/09/2016;16:30:00;129476,39;129830,12;129401,36;129690,78;683216020,90;27232
WINFUT;02/09/2016;16:00:00;129251,29;129529,99;129186,98;129487,11;591910456,50;23688
WINFUT;02/09/2016;15:30:00;129165,54;129262,01;129026,19;129262,01;521335692,90;20823
WINFUT;02/09/2016;15:00:00;129069,07;129347,76;129069,07;129176,26;667887662,50;26644
WINFUT;02/09/2016;14:30:00;128972,59;129122,66;128801,09;129058,35;724849128,70;28914
WINFUT;02/09/2016;14:00:00;128618,86;129015,47;128425,92;128983,31;750789427,60;29966
WINFUT;02/09/2016;13:30:00;128961,87;129015,47;128586,70;128618,86;545582369,00;21726
WINFUT;02/09/2016;13:00:00;128811,81;129026,19;128736,77;128961,87;695478707,70;27665
WINFUT;02/09/2016;12:30:00;128533,11;128854,68;128500,95;128801,09;649214935,00;25887
WINFUT;02/09/2016;12:00:00;128318,73;128683,18;128318,73;128522,39;707934338,80;28191
WINFUT;02/09/2016;11:30:00;128061,47;128575,99;127889,96;128318,73;976405713,20;39087
WINFUT;02/09/2016;11:00:00;128286,57;128436,64;127814,93;128061,47;1072727831,00;43119
WINFUT;02/09/2016;10:30:00;127686,30;128329,45;127675,58;128243,69;1408879804,00;56550
WINFUT;02/09/2016;10:00:00;127278,97;127729,17;127236,09;127686,30;655732167,10;26490
WINFUT;02/09/2016;09:30:00;126400,00;127750,61;126400,00;127278,97;1244384008,00;50369
WINFUT;02/09/2016;09:00:00;126818,05;126871,64;126314,25;126389,28;744357948,60;30065
WINFUT;01/09/2016;17:30:00;126464,32;126528,63;126378,56;126485,75;225208958,50;8957
WINFUT;01/09/2016;17:00:00;126785,89;126785,89;126282,09;126475,04;574952790,00;22761
WINFUT;01/09/2016;16:30:00;126400,00;126828,77;126292,81;126785,89;594375856,80;23771
WINFUT;01/09/2016;16:00:00;126582,23;126603,67;126207,06;126410,72;655689290,50;26437
WINFUT;01/09/2016;15:30:00;126678,70;126893,08;126539,35;126582,23;659033659,70;26392
WINFUT;01/09/2016;15:00:00;126539,35;126775,17;126378,56;126667,98;777544380,50;31250
WINFUT;01/09/2016;14:30:00;126871,64;126925,24;126517,91;126539,35;595211949,10;23798
WINFUT;01/09/2016;14:00:00;126432,16;126946,68;126378,56;126860,92;636223347,20;25554
WINFUT;01/09/2016;13:30:00;126464,32;126646,54;126357,13;126421,44;650672736,90;26136
WINFUT;01/09/2016;13:00:00;125971,24;126485,75;125917,64;126464,32;639331895,50;25435
WINFUT;01/09/2016;12:30:00;126078,43;126228,50;125778,29;125971,24;645484677,10;25836
WINFUT;01/09/2016;12:00:00;125617,51;126153,46;125370,97;126078,43;870886580,00;34836
WINFUT;01/09/2016;11:30:00;125499,59;125906,92;125328,09;125628,22;1004018197,00;40241
WINFUT;01/09/2016;11:00:00;125692,54;126228,50;125499,59;125510,31;1657156334,00;66288
WINFUT;01/09/2016;10:30:00;125596,07;126121,30;125220,90;125703,26;1663051856,00;67152
WINFUT;01/09/2016;10:00:00;125885,48;126056,99;125392,40;125606,79;1051782648,00;42903
WINFUT;01/09/2016;09:30:00;125949,80;126164,18;125735,42;125885,48;903408425,80;36404
WINFUT;01/09/2016;09:00:00;125617,51;126056,99;125521,03;125917,64;923110190,00;37326
WINFUT;31/08/2016;17:30:00;125446,00;125499,59;124899,32;124899,32;492929993,70;19409
WINFUT;31/08/2016;17:00:00;125713,98;125789,01;125317,37;125435,28;573494988,10;22632
WINFUT;31/08/2016;16:30:00;125456,72;125810,45;125392,40;125724,70;856651573,00;33989
WINFUT;31/08/2016;16:00:00;125231,62;125488,88;125049,39;125456,72;738462426,10;29301
WINFUT;31/08/2016;15:30:00;125585,35;125596,07;125027,95;125231,62;874724029,20;34494
WINFUT;31/08/2016;15:00:00;125606,79;126056,99;125424,56;125585,35;1081003001,00;42481
WINFUT;31/08/2016;14:30:00;125360,25;125928,36;125306,65;125606,79;938395671,90;36935
WINFUT;31/08/2016;14:00:00;126003,39;126142,74;125253,05;125370,97;1252959313,00;49568
WINFUT;31/08/2016;13:30:00;125317,37;126378,56;125135,14;126014,11;2156667874,00;86716
WINFUT;31/08/2016;13:00:00;125188,74;125488,88;124931,48;125317,37;773192413,00;31666
WINFUT;31/08/2016;12:30:00;125960,52;125992,67;125124,43;125178,02;886858086,40;35375
WINFUT;31/08/2016;12:00:00;125928,36;126014,11;125456,72;125949,80;1173809244,00;46858
WINFUT;31/08/2016;11:30:00;126850,21;126850,21;125831,89;125939,08;1612071666,00;64752
WINFUT;31/08/2016;11:00:00;127118,18;127203,94;126753,73;126850,21;1201207345,00;48126
WINFUT;31/08/2016;10:30:00;127804,21;127825,65;127010,99;127107,46;1363902327,00;54867
WINFUT;31/08/2016;10:00:00;127643,42;128050,75;127493,35;127814,93;920494721,90;37164
WINFUT;31/08/2016;09:30:00;127707,74;127836,37;127568,39;127643,42;711514528,80;28582
WINFUT;31/08/2016;09:00:00;127772,05;128072,19;127632,70;127707,74;750639359,80;30166
WINFUT;30/08/2016;17:30:00;127493,35;127697,02;127482,63;127482,63;227459976,20;8981
WINFUT;30/08/2016;17:00:00;127396,88;127621,98;127139,62;127504,07;558381012,30;21907
WINFUT;30/08/2016;16:30:00;127471,92;127632,70;127311,13;127396,88;610411677,90;24261
WINFUT;30/08/2016;16:00:00;127182,50;127546,95;127086,03;127461,20;586036372,30;23297
WINFUT;30/08/2016;15:30:00;127000,27;127332,57;126871,64;127182,50;683880607,10;27241
WINFUT;30/08/2016;15:00:00;127086,03;127171,78;126925,24;127010,99;596326738,80;23721
WINFUT;30/08/2016;14:30:00;127171,78;127354,00;127043,15;127075,31;550534607,90;21849
WINFUT;30/08/2016;14:00:00;127214,66;127386,16;127010,99;127171,78;654402994,70;25987
WINFUT;30/08/2016;13:30:00;127386,16;127589,83;127128,90;127214,66;505900143,20;20195
WINFUT;30/08/2016;13:00:00;127268,25;127546,95;127086,03;127386,16;754626876,80;29900
WINFUT;30/08/2016;12:30:00;127128,90;127311,13;126828,77;127268,25;693120498,70;27619
WINFUT;30/08/2016;12:00:00;127043,15;127364,72;126935,96;127128,90;859138411,60;34246
WINFUT;30/08/2016;11:30:00;127632,70;127654,14;126657,26;127021,71;1709315629,00;67927
WINFUT;30/08/2016;11:00:00;127825,65;128115,06;127278,97;127632,70;1436813861,00;57200
WINFUT;30/08/2016;10:30:00;127096,75;128061,47;127096,75;127847,08;2316361500,00;92502
WINFUT;30/08/2016;10:00:00;127889,96;127900,68;126968,12;127096,75;1358264063,00;54736
WINFUT;30/08/2016;09:30:00;127922,12;128093,62;127782,77;127879,24;720175587,30;28813
WINFUT;30/08/2016;09:00:00;127536,23;128147,22;127493,35;127932,84;794030405,20;31791
WINFUT;29/08/2016;17:30:00;127568,39;127772,05;127504,07;127664,86;281441523,80;11100
WINFUT;29/08/2016;17:00:00;127782,77;127804,21;127429,04;127568,39;661713442,60;25858
WINFUT;29/08/2016;16:30:00;127621,98;127847,08;127546,95;127782,77;752097161,70;29736
WINFUT;29/08/2016;16:00:00;128136,50;128157,94;127579,11;127611,26;827109645,90;32791
WINFUT;29/08/2016;15:30:00;127997,15;128136,50;127772,05;128125,78;725921041,90;28716
WINFUT;29/08/2016;15:00:00;128232,97;128329,45;127825,65;127997,15;944162564,80;37336
WINFUT;29/08/2016;14:30:00;128147,22;128361,60;128072,19;128243,69;873373418,60;34306
WINFUT;29/08/2016;14:00:00;127611,26;128286,57;127525,51;128136,50;994521045,90;39303
WINFUT;29/08/2016;13:30:00;127589,83;127793,49;127450,48;127600,54;584471379,00;23106
WINFUT;29/08/2016;13:00:00;127654,14;127825,65;127407,60;127589,83;760308016,70;30200
WINFUT;29/08/2016;12:30:00;127150,34;127697,02;127086,03;127643,42;815147094,80;32264
WINFUT;29/08/2016;12:00:00;127150,34;127343,29;126957,40;127171,78;929262971,70;36759
WINFUT;29/08/2016;11:30:00;126785,89;127203,94;126775,17;127150,34;1009699336,00;40229
WINFUT;29/08/2016;11:00:00;126389,28;126893,08;126282,09;126796,61;1018596216,00;40507
WINFUT;29/08/2016;10:30:00;126014,11;126560,79;125671,10;126400,00;1388299071,00;55686
WINFUT;29/08/2016;10:00:00;125713,98;126110,59;125488,88;126014,11;1045372607,00;42340
WINFUT;29/08/2016;09:30:00;125885,48;126228,50;125671,10;125724,70;950529729,10;38336
WINFUT;29/08/2016;09:00:00;125767,57;125928,36;125563,91;125896,20;687868124,10;27619
WINFUT;26/08/2016;17:30:00;125799,73;125992,67;125735,42;125949,80;244396204,40;9782
WINFUT;26/08/2016;17:00:00;125596,07;125810,45;125349,53;125799,73;491600821,40;19428
WINFUT;26/08/2016;16:30:00;125231,62;125596,07;125210,18;125585,35;692605980,40;28003
WINFUT;26/08/2016;16:00:00;124899,32;125360,25;124824,29;125220,90;571051026,10;23852
WINFUT;26/08/2016;15:30:00;125038,67;125124,43;124513,43;124910,04;832169076,10;35500
WINFUT;26/08/2016;15:00:00;125199,46;125488,88;124910,04;125038,67;931942754,60;38340
WINFUT;26/08/2016;14:30:00;125756,85;125917,64;124642,06;125210,18;1378137334,00;56393
WINFUT;26/08/2016;14:00:00;126292,81;126475,04;125703,26;125756,85;730637459,90;29527
WINFUT;26/08/2016;13:30:00;126228,50;126646,54;125992,67;126303,53;813689292,90;32678
WINFUT;26/08/2016;13:00:00;126453,60;126464,32;125671,10;126217,78;1332945474,00;53667
WINFUT;26/08/2016;12:30:00;127632,70;127782,77;126389,28;126453,60;1590526211,00;63603
WINFUT;26/08/2016;12:00:00;127300,41;127654,14;127246,81;127632,70;611526467,60;24353
WINFUT;26/08/2016;11:30:00;127514,79;127632,70;127182,50;127300,41;808436918,30;33005
WINFUT;26/08/2016;11:00:00;126303,53;127664,86;125435,28;127514,79;2628052413,00;106054
WINFUT;26/08/2016;10:30:00;126346,41;126517,91;126089,15;126314,25;926197300,00;37345
WINFUT;26/08/2016;10:00:00;126260,65;126410,72;126067,71;126335,69;648250213,10;26188
WINFUT;26/08/2016;09:30:00;125906,92;126292,81;125906,92;126260,65;763416564,90;30721
WINFUT;26/08/2016;09:00:00;125853,33;126153,46;125842,61;125917,64;587365544,60;23649
WINFUT;25/08/2016;17:30:00;125864,05;125928,36;125778,29;125799,73;271236910,40;10726
WINFUT;25/08/2016;17:00:00;125628,22;125885,48;125563,91;125853,33;505278433,50;19912
WINFUT;25/08/2016;16:30:00;126014,11;126099,87;125413,84;125628,22;857101776,60;34332
WINFUT;25/08/2016;16:00:00;125939,08;126121,30;125756,85;126024,83;635558761,10;25394
WINFUT;25/08/2016;15:30:00;126078,43;126239,21;125842,61;125949,80;893675454,20;35526
WINFUT;25/08/2016;15:00:00;125789,01;126121,30;125574,63;126078,43;1061794317,00;42257
WINFUT;25/08/2016;14:30:00;126132,02;126142,74;125596,07;125789,01;977434749,80;38884
WINFUT;25/08/2016;14:00:00;126282,09;126421,44;126003,39;126132,02;638602994,50;25454
WINFUT;25/08/2016;13:30:00;126067,71;126314,25;126046,27;126260,65;550534607,90;21849
WINFUT;25/08/2016;13:00:00;126067,71;126153,46;125810,45;126067,71;588416019,50;23351
WINFUT;25/08/2016;12:30:00;126496,47;126550,07;125981,96;126067,71;628183998,40;25079
WINFUT;25/08/2016;12:00:00;126324,97;126571,51;126207,06;126496,47;806078709,30;32002
WINFUT;25/08/2016;11:30:00;126335,69;126667,98;126153,46;126324,97;1295685772,00;51541
WINFUT;25/08/2016;11:00:00;126024,83;126528,63;125960,52;126346,41;1601309657,00;63798
WINFUT;25/08/2016;10:30:00;126185,62;126239,21;125660,38;126024,83;1678766103,00;67472
WINFUT;25/08/2016;10:00:00;126239,21;126442,88;125778,29;126174,90;1132690654,00;45783
WINFUT;25/08/2016;09:30:00;125585,35;126357,13;125553,19;126249,93;1059993503,00;42795
WINFUT;25/08/2016;09:00:00;125381,68;125778,29;125199,46;125574,63;646127825,00;26150
WINFUT;24/08/2016;17:30:00;125789,01;126239,21;125789,01;126239,21;506993494,60;20187
WINFUT;24/08/2016;17:00:00;125874,76;125874,76;125660,38;125789,01;595812220,50;23700
WINFUT;24/08/2016;16:30:00;125713,98;125885,48;125510,31;125864,05;865591328,90;34900
WINFUT;24/08/2016;16:00:00;126314,25;126324,97;125692,54;125703,26;790021449,90;31793
WINFUT;24/08/2016;15:30:00;126442,88;126442,88;126078,43;126314,25;872773147,20;34900
WINFUT;24/08/2016;15:00:00;126903,80;126925,24;126346,41;126453,60;1000438007,00;39910
WINFUT;24/08/2016;14:30:00;126828,77;126978,83;126614,38;126903,80;945363107,60;37683
WINFUT;24/08/2016;14:00:00;127096,75;127128,90;126796,61;126828,77;662742479,30;26292
WINFUT;24/08/2016;13:30:00;126657,26;127107,46;126592,95;127096,75;825909103,10;32831
WINFUT;24/08/2016;13:00:00;126292,81;126860,92;126239,21;126657,26;1072170436,00;42763
WINFUT;24/08/2016;12:30:00;125713,98;126324,97;125681,82;126292,81;909132442,20;36270
WINFUT;24/08/2016;12:00:00;125499,59;125735,42;125295,93;125713,98;783332711,70;31135
WINFUT;24/08/2016;11:30:00;125778,29;125821,17;125349,53;125488,88;1248650222,00;49933
WINFUT;24/08/2016;11:00:00;125188,74;125831,89;125135,14;125778,29;1198270303,00;48044
WINFUT;24/08/2016;10:30:00;125317,37;125767,57;125060,11;125199,46;1683332454,00;67499
WINFUT;24/08/2016;10:00:00;125360,25;125649,66;125102,99;125317,37;1066767994,00;43285
WINFUT;24/08/2016;09:30:00;125478,16;125585,35;125242,34;125349,53;1019132172,00;40746
WINFUT;24/08/2016;09:00:00;125799,73;125799,73;125328,09;125488,88;1025349269,00;41119
WINFUT;23/08/2016;17:30:00;126121,30;126164,18;125971,24;126056,99;402717780,70;15965
WINFUT;23/08/2016;17:00:00;126367,84;126485,75;125885,48;126132,02;921416567,20;36529
WINFUT;23/08/2016;16:30:00;127182,50;127182,50;126292,81;126367,84;1275147916,00;50802
WINFUT;23/08/2016;16:00:00;127300,41;127343,29;127000,27;127182,50;644691461,30;25719
WINFUT;23/08/2016;15:30:00;127664,86;127675,58;127236,09;127311,13;763137867,40;30160
WINFUT;23/08/2016;15:00:00;127707,74;127772,05;127557,67;127664,86;473035285,10;18774
WINFUT;23/08/2016;14:30:00;127311,13;127836,37;127278,97;127718,46;869707475,50;34390
WINFUT;23/08/2016;14:00:00;127193,22;127439,76;127118,18;127311,13;488020631,40;19431
WINFUT;23/08/2016;13:30:00;127225,38;127396,88;127053,87;127193,22;530232572,30;21113
WINFUT;23/08/2016;13:00:00;127171,78;127332,57;126860,92;127236,09;714172873,50;28457
WINFUT;23/08/2016;12:30:00;127246,81;127536,23;127118,18;127171,78;885700420,10;35027
WINFUT;23/08/2016;12:00:00;127257,53;127439,76;127010,99;127246,81;1097403273,00;43700
WINFUT;23/08/2016;11:30:00;126710,86;127278,97;126550,07;127257,53;1375886316,00;54879
WINFUT;23/08/2016;11:00:00;126871,64;127096,75;126400,00;126700,14;1199706666,00;47977
WINFUT;23/08/2016;10:30:00;126807,33;127289,69;126710,86;126860,92;1497184011,00;59947
WINFUT;23/08/2016;10:00:00;126732,29;127171,78;126550,07;126785,89;1423329193,00;57361
WINFUT;23/08/2016;09:30:00;126860,92;126882,36;126657,26;126732,29;1145124847,00;45505
WINFUT;23/08/2016;09:00:00;126785,89;126968,12;126517,91;126860,92;1123986719,00;45007
WINFUT;22/08/2016;17:30:00;126142,74;126217,78;125906,92;126035,55;481653467,10;19113
WINFUT;22/08/2016;17:00:00;125735,42;126174,90;125724,70;126142,74;841601912,00;33322
WINFUT;22/08/2016;16:30:00;125713,98;125799,73;125585,35;125713,98;752140038,20;29980
WINFUT;22/08/2016;16:00:00;125981,96;126035,55;125638,94;125713,98;817591056,80;32623
WINFUT;22/08/2016;15:30:00;126217,78;126228,50;125949,80;125971,24;764252657,10;30417
WINFUT;22/08/2016;15:00:00;126721,58;126796,61;126142,74;126217,78;830711274,10;33243
WINFUT;22/08/2016;14:30:00;126507,19;126753,73;126335,69;126721,58;645506115,40;25714
WINFUT;22/08/2016;14:00:00;126689,42;126860,92;126410,72;126507,19;680257540,60;27066
WINFUT;22/08/2016;13:30:00;126882,36;127000,27;126635,82;126689,42;600442885,40;23936
WINFUT;22/08/2016;13:00:00;126657,26;126946,68;126528,63;126893,08;700452384,80;27802
WINFUT;22/08/2016;12:30:00;126689,42;126914,52;126582,23;126667,98;719125112,40;28604
WINFUT;22/08/2016;12:00:00;127182,50;127311,13;126657,26;126700,14;988861344,30;39522
WINFUT;22/08/2016;11:30:00;127311,13;127546,95;127150,34;127193,22;787684679,20;31305
WINFUT;22/08/2016;11:00:00;127268,25;127504,07;126989,55;127311,13;1268051850,00;50607
WINFUT;22/08/2016;10:30:00;128050,75;128050,75;127182,50;127278,97;1627700160,00;65006
WINFUT;22/08/2016;10:00:00;128447,36;128468,79;127943,56;128050,75;1028479255,00;41205
WINFUT;22/08/2016;09:30:00;128383,04;128500,95;128329,45;128458,08;796988885,60;31563
WINFUT;22/08/2016;09:00:00;128361,60;128522,39;128211,54;128383,04;789571246,40;31470
WINFUT;19/08/2016;17:30:00;129058,35;129272,73;128972,59;129272,73;273016286,30;10697
WINFUT;19/08/2016;17:00:00;129015,47;129165,54;128908,28;129058,35;511302585,60;19917
WINFUT;19/08/2016;16:30:00;129186,98;129262,01;128983,31;129026,19;402567712,90;15935
WINFUT;19/08/2016;16:00:00;129069,07;129262,01;128940,44;129186,98;427543289,90;16970
WINFUT;19/08/2016;15:30:00;129069,07;129347,76;128983,31;129069,07;624646684,90;24834
WINFUT;19/08/2016;15:00:00;129165,54;129326,32;128972,59;129069,07;667716156,40;26570
WINFUT;19/08/2016;14:30:00;128811,81;129197,70;128801,09;129165,54;687825247,60;27194
WINFUT;19/08/2016;14:00:00;128618,86;128886,84;128500,95;128822,53;548926738,10;21755
WINFUT;19/08/2016;13:30:00;128843,96;128929,72;128586,70;128618,86;599285219,20;23722
WINFUT;19/08/2016;13:00:00;128886,84;129015,47;128736,77;128833,24;693570702,20;27455
WINFUT;19/08/2016;12:30:00;128651,02;128919,00;128318,73;128886,84;853778845,70;33766
WINFUT;19/08/2016;12:00:00;128651,02;128747,49;128393,76;128640,30;638924568,50;25363
WINFUT;19/08/2016;11:30:00;128436,64;128715,33;128254,41;128640,30;927655101,90;36850
WINFUT;19/08/2016;11:00:00;127986,43;128490,23;127836,37;128458,08;1065524575,00;42413
WINFUT;19/08/2016;10:30:00;128393,76;128393,76;127772,05;127986,43;1576870037,00;62908
WINFUT;19/08/2016;10:00:00;128511,67;128779,65;128308,01;128393,76;953724030,40;38188
WINFUT;19/08/2016;09:30:00;128340,16;128554,55;128232,97;128511,67;805778573,60;31979
WINFUT;19/08/2016;09:00:00;128265,13;128554,55;128168,66;128350,88;842159306,90;33648
WINFUT;18/08/2016;17:30:00;129015,47;129058,35;128801,09;129058,35;288258891,60;11307
WINFUT;18/08/2016;17:00:00;129326,32;129369,20;128951,16;129015,47;668316427,80;26214
WINFUT;18/08/2016;16:30:00;129444,24;129572,86;129144,10;129326,32;625354147,60;24855
WINFUT;18/08/2016;16:00:00;129326,32;129669,34;129304,89;129433,52;722555234,50;28552
WINFUT;18/08/2016;15:30:00;129422,80;129508,55;129186,98;129326,32;921588073,30;36268
WINFUT;18/08/2016;15:00:00;128919,00;129433,52;128811,81;129422,80;1074935972,00;42377
WINFUT;18/08/2016;14:30:00;129004,75;129251,29;128865,40;128908,28;658540579,60;25887
WINFUT;18/08/2016;14:00:00;128629,58;129101,22;128575,99;128994,03;663149806,30;26261
WINFUT;18/08/2016;13:30:00;128543,83;128811,81;128383,04;128640,30;921502320,30;36494
WINFUT;18/08/2016;13:00:00;128929,72;129047,63;128522,39;128543,83;762601910,90;30232
WINFUT;18/08/2016;12:30:00;129412,08;129572,86;128886,84;128929,72;826959578,00;32713
WINFUT;18/08/2016;12:00:00;129197,70;129454,95;129058,35;129412,08;825951979,60;32639
WINFUT;18/08/2016;11:30:00;128994,03;129251,29;128736,77;129186,98;1107800830,00;43958
WINFUT;18/08/2016;11:00:00;129111,94;129519,27;128843,96;128983,31;1241318336,00;49281
WINFUT;18/08/2016;10:30:00;129465,67;129755,09;128768,93;129101,22;1803858371,00;71960
WINFUT;18/08/2016;10:00:00;129251,29;129669,34;129047,63;129465,67;970703135,10;39027
WINFUT;18/08/2016;09:30:00;129294,17;129508,55;129015,47;129240,57;1229141402,00;48926
WINFUT;18/08/2016;09:00:00;129240,57;129401,36;128961,87;129283,45;936208969,00;37311
WINFUT;17/08/2016;17:30:00;129712,21;129937,32;129540,71;129937,32;534413033,70;20857
WINFUT;17/08/2016;17:00:00;129519,27;129765,81;129497,83;129701,49;460365271,40;18010
WINFUT;17/08/2016;16:30:00;129208,41;129594,30;129090,50;129519,27;800397569,50;31593
WINFUT;17/08/2016;16:00:00;128919,00;129208,41;128672,46;129208,41;797096076,90;31676
WINFUT;17/08/2016;15:30:00;128865,40;129101,22;128747,49;128908,28;973983189,40;38722
WINFUT;17/08/2016;15:00:00;127772,05;128897,56;127557,67;128854,68;1765676824,00;70583
WINFUT;17/08/2016;14:30:00;127879,24;128115,06;127686,30;127772,05;773063783,50;30506
WINFUT;17/08/2016;14:00:00;127589,83;127954,28;127579,11;127879,24;690097703,50;27345
WINFUT;17/08/2016;13:30:00;127203,94;127643,42;127150,34;127600,54;570557946,00;22536
WINFUT;17/08/2016;13:00:00;127043,15;127246,81;126957,40;127203,94;391076803,60;15596
WINFUT;17/08/2016;12:30:00;126946,68;127182,50;126743,01;127053,87;836649673,10;33232
WINFUT;17/08/2016;12:00:00;127589,83;127761,33;126925,24;126935,96;899635291,40;35792
WINFUT;17/08/2016;11:30:00;127525,51;127965,00;127525,51;127589,83;1192160398,00;47589
WINFUT;17/08/2016;11:00:00;127471,92;127600,54;127289,69;127536,23;857980745,40;34162
WINFUT;17/08/2016;10:30:00;128179,38;128286,57;127450,48;127461,20;1676750907,00;66953
WINFUT;17/08/2016;10:00:00;128029,31;128286,57;127782,77;128168,66;951923216,20;38332
WINFUT;17/08/2016;09:30:00;127825,65;128093,62;127707,74;128029,31;925361207,70;36927
WINFUT;17/08/2016;09:00:00;127686,30;127965,00;127536,23;127836,37;1005497437,00;40132
WINFUT;16/08/2016;17:30:00;128259,44;128324,96;127986,43;127986,43;306708785,60;11927
WINFUT;16/08/2016;17:00:00;128466,93;128499,69;128204,84;128259,44;479665196,20;18532
WINFUT;16/08/2016;16:30:00;128849,14;128860,06;128204,84;128488,77;1104134156,00;43086
WINFUT;16/08/2016;16:00:00;129067,55;129078,47;128750,86;128849,14;593804633,20;23166
WINFUT;16/08/2016;15:30:00;128980,18;129165,83;128783,62;129067,55;934126238,10;36160
WINFUT;16/08/2016;15:00:00;129111,23;129253,19;128783,62;128980,18;926329112,40;35922
WINFUT;16/08/2016;14:30:00;128936,50;129296,87;128914,66;129111,23;720720872,80;27956
WINFUT;16/08/2016;14:00:00;129187,67;129296,87;128827,30;128947,42;824682549,10;32006
WINFUT;16/08/2016;13:30:00;128554,29;129220,43;128499,69;129187,67;896429210,10;34930
WINFUT;16/08/2016;13:00:00;128739,94;128805,46;128456,01;128565,21;624228712,00;24269
WINFUT;16/08/2016;12:30:00;128499,69;128794,54;128346,80;128739,94;650830670,30;25374
WINFUT;16/08/2016;12:00:00;128172,08;128521,53;127953,67;128499,69;1022384459,00;40083
WINFUT;16/08/2016;11:30:00;128565,21;128641,65;128084,72;128161,16;1189094433,00;46288
WINFUT;16/08/2016;11:00:00;128543,37;129089,39;128423,25;128565,21;1511877965,00;59017
WINFUT;16/08/2016;10:30:00;128794,54;128816,38;128161,16;128554,29;1687957594,00;66374
WINFUT;16/08/2016;10:00:00;128488,77;129154,91;128488,77;128794,54;967826420,10;38421
WINFUT;16/08/2016;09:30:00;128860,06;128969,26;128456,01;128488,77;1137091754,00;44929
WINFUT;16/08/2016;09:00:00;128597,97;128860,06;128554,29;128849,14;814351903,50;32164
WINFUT;15/08/2016;17:30:00;129209,51;129296,87;128980,18;128980,18;291900799,00;11314
WINFUT;15/08/2016;17:00:00;129460,68;129482,52;129122,15;129209,51;665594975,60;25721
WINFUT;15/08/2016;16:30:00;129067,55;129526,20;129012,95;129460,68;665813382,50;25955
WINFUT;15/08/2016;16:00:00;129111,23;129264,11;128892,82;129078,47;753962400,40;29477
WINFUT;15/08/2016;15:30:00;128980,18;129744,61;128958,34;129122,15;1639929921,00;63808
WINFUT;15/08/2016;15:00:00;128892,82;129100,31;128816,38;128991,11;467150481,80;18085
WINFUT;15/08/2016;14:30:00;129045,71;129122,15;128729,02;128892,82;546934516,10;21329
WINFUT;15/08/2016;14:00:00;128805,46;129122,15;128783,62;129034,79;641351811,60;24851
WINFUT;15/08/2016;13:30:00;128827,30;128914,66;128587,05;128816,38;662537279,20;25673
WINFUT;15/08/2016;13:00:00;128794,54;129045,71;128750,86;128827,30;533043838,40;20661
WINFUT;15/08/2016;12:30:00;128652,57;129285,95;128587,05;128794,54;1308148025,00;50633
WINFUT;15/08/2016;12:00:00;128532,45;128750,86;128532,45;128641,65;715195178,70;27809
WINFUT;15/08/2016;11:30:00;128150,24;128554,29;128128,40;128554,29;837939846,90;32708
WINFUT;15/08/2016;11:00:00;128357,73;128445,09;128041,04;128150,24;867359254,00;33963
WINFUT;15/08/2016;10:30:00;127746,19;128499,69;127702,50;128346,80;1550230214,00;60834
WINFUT;15/08/2016;10:00:00;127833,55;128051,96;127669,74;127735,27;784866974,30;31238
WINFUT;15/08/2016;09:30:00;127691,58;127964,59;127407,66;127844,47;1025988173,00;40477
WINFUT;15/08/2016;09:00:00;127331,21;127746,19;127320,29;127691,58;826495326,20;32671
WINFUT;12/08/2016;17:30:00;127342,13;127440,42;127069,12;127069,12;215392867,90;8818
WINFUT;12/08/2016;17:00:00;127636,98;127746,19;127287,53;127331,21;573296226,90;22625
WINFUT;12/08/2016;16:30:00;127265,69;127669,74;127189,25;127647,90;466407898,40;19198
WINFUT;12/08/2016;16:00:00;127331,21;127495,02;127112,81;127254,77;483749404,90;20260
WINFUT;12/08/2016;15:30:00;127265,69;127757,11;127232,93;127320,29;698661777,60;28104
WINFUT;12/08/2016;15:00:00;127134,65;127691,58;127003,60;127265,69;1026556031,00;41994
WINFUT;12/08/2016;14:30:00;127462,26;127516,86;127003,60;127134,65;787444175,50;32400
WINFUT;12/08/2016;14:00:00;127014,52;127516,86;126752,43;127440,42;930085710,80;38694
WINFUT;12/08/2016;13:30:00;127243,85;127396,73;126861,64;127014,52;774252399,80;32607
WINFUT;12/08/2016;13:00:00;127484,10;127505,94;127112,81;127243,85;643666924,50;26961
WINFUT;12/08/2016;12:30:00;128062,88;128084,72;127342,13;127484,10;895009565,40;35040
WINFUT;12/08/2016;12:00:00;127768,03;128226,68;127615,14;128062,88;1071678893,00;41701
WINFUT;12/08/2016;11:30:00;127964,59;128019,19;127527,78;127768,03;1175291118,00;45771
WINFUT;12/08/2016;11:00:00;128215,76;128456,01;127888,15;127975,51;1383891532,00;54092
WINFUT;12/08/2016;10:30:00;127080,04;128368,65;127025,44;128204,84;1950591871,00;76927
WINFUT;12/08/2016;10:00:00;127320,29;127789,87;126949,00;127058,20;1290042094,00;52663
WINFUT;12/08/2016;09:30:00;127254,77;127429,50;127047,28;127320,29;803038427,00;33130
WINFUT;12/08/2016;09:00:00;127669,74;127877,23;127134,65;127254,77;1053682166,00;42187
WINFUT;11/08/2016;17:30:00;127757,11;127964,59;127582,38;127964,59;345279441,10;13388
WINFUT;11/08/2016;17:00:00;127811,71;127942,75;127571,46;127757,11;601754643,70;23319
WINFUT;11/08/2016;16:30:00;127123,73;127888,15;127047,28;127811,71;994603104,00;39869
WINFUT;11/08/2016;16:00:00;127178,33;127254,77;127036,36;127134,65;553945377,10;23216
WINFUT;11/08/2016;15:30:00;126839,80;127396,73;126763,35;127189,25;1037629260,00;43505
WINFUT;11/08/2016;15:00:00;126807,04;127069,12;126763,35;126850,72;748676953,80;31657
WINFUT;11/08/2016;14:30:00;126490,35;126850,72;126457,59;126807,04;890051729,10;37356
WINFUT;11/08/2016;14:00:00;126271,94;126577,71;126261,02;126490,35;629907290,90;26457
WINFUT;11/08/2016;13:30:00;126261,02;126402,98;126151,82;126271,94;511290512,80;21489
WINFUT;11/08/2016;13:00:00;126020,77;126337,46;125977,09;126261,02;674549657,80;28311
WINFUT;11/08/2016;12:30:00;125736,84;126086,29;125649,48;126020,77;672300066,90;28261
WINFUT;11/08/2016;12:00:00;125889,73;126009,85;125583,96;125747,76;876161051,40;36854
WINFUT;11/08/2016;11:30:00;125583,96;125933,41;125540,28;125889,73;949502082,60;39954
WINFUT;11/08/2016;11:00:00;125234,51;125671,32;125059,78;125583,96;1284931373,00;54250
WINFUT;11/08/2016;10:30:00;125179,90;125507,52;124983,34;125234,51;1502442788,00;63383
WINFUT;11/08/2016;10:00:00;124699,41;125190,83;124513,76;125179,90;1115207385,00;46556
WINFUT;11/08/2016;09:30:00;124874,14;124885,06;124601,13;124699,41;871661869,60;36232
WINFUT;11/08/2016;09:00:00;124590,21;124961,50;124557,45;124852,29;971430133,70;40148
WINFUT;10/08/2016;17:30:00;124426,40;124557,45;124186,15;124186,15;330122003,50;13889
WINFUT;10/08/2016;17:00:00;124590,21;124612,05;124349,96;124415,48;520965937,70;21670
WINFUT;10/08/2016;16:30:00;124852,29;124874,14;124404,56;124590,21;684312445,40;28802
WINFUT;10/08/2016;16:00:00;124546,52;124961,50;124448,24;124852,29;628312920,70;26365
WINFUT;10/08/2016;15:30:00;124633,89;124721,25;124382,72;124546,52;746034230,50;31527
WINFUT;10/08/2016;15:00:00;124710,33;124983,34;124557,45;124633,89;1005392404,00;42184
WINFUT;10/08/2016;14:30:00;124470,08;124874,14;124426,40;124710,33;792052560,80;33423
WINFUT;10/08/2016;14:00:00;124262,60;124481,00;124109,71;124470,08;623639013,40;26322
WINFUT;10/08/2016;13:30:00;124415,48;124535,60;124098,79;124262,60;686889646,70;29173
WINFUT;10/08/2016;13:00:00;124459,16;124666,65;124360,88;124415,48;538438488,40;22790
WINFUT;10/08/2016;12:30:00;124633,89;124666,65;124317,20;124459,16;922201222,30;39084
WINFUT;10/08/2016;12:00:00;124885,06;125103,46;124557,45;124644,81;1074387138,00;45512
WINFUT;10/08/2016;11:30:00;125431,07;125704,08;124819,53;124874,14;1594129997,00;67138
WINFUT;10/08/2016;11:00:00;125856,97;125988,01;125409,23;125431,07;1199228513,00;50441
WINFUT;10/08/2016;10:30:00;126632,31;126894,40;125835,13;125856,97;1908766953,00;79977
WINFUT;10/08/2016;10:00:00;126741,51;126850,72;126566,79;126632,31;729020334,40;30367
WINFUT;10/08/2016;09:30:00;126763,35;126905,32;126675,99;126752,43;802252162,20;33237
WINFUT;10/08/2016;09:00:00;126501,27;126796,12;126348,38;126763,35;705978408,20;28987
WINFUT;09/08/2016;17:30:00;126392,06;126555,87;126337,46;126479,43;318568279,40;13340
WINFUT;09/08/2016;17:00:00;126304,70;126435,74;126228,26;126392,06;493665077,40;20484
WINFUT;09/08/2016;16:30:00;126468,51;126479,43;126228,26;126293,78;480975637,50;20232
WINFUT;09/08/2016;16:00:00;126315,62;126490,35;126129,97;126457,59;618550133,00;25882
WINFUT;09/08/2016;15:30:00;126446,66;126512,19;126108,13;126315,62;709756847,30;29794
WINFUT;09/08/2016;15:00:00;126686,91;126807,04;126359,30;126446,66;817780891,60;34250
WINFUT;09/08/2016;14:30:00;126479,43;126752,43;126348,38;126675,99;585985666,80;24544
WINFUT;09/08/2016;14:00:00;126315,62;126577,71;126250,10;126468,51;560017088,40;23441
WINFUT;09/08/2016;13:30:00;126457,59;126457,59;126250,10;126315,62;445943173,50;18820
WINFUT;09/08/2016;13:00:00;126468,51;126599,55;126348,38;126457,59;538875302,10;22611
WINFUT;09/08/2016;12:30:00;126894,40;126959,92;126381,14;126468,51;1044115944,00;43788
WINFUT;09/08/2016;12:00:00;126959,92;127145,57;126883,48;126894,40;650677785,50;27386
WINFUT;09/08/2016;11:30:00;127014,52;127069,12;126817,96;126959,92;865983290,60;36254
WINFUT;09/08/2016;11:00:00;127047,28;127287,53;126938,08;127014,52;968852932,50;40507
WINFUT;09/08/2016;10:30:00;126774,28;127058,20;126752,43;127047,28;1198922743,00;50263
WINFUT;09/08/2016;10:00:00;126555,87;126861,64;126523,11;126774,28;715020453,20;29688
WINFUT;09/08/2016;09:30:00;126544,95;126654,15;126392,06;126544,95;718536804,00;29590
WINFUT;09/08/2016;09:00:00;126610,47;126774,28;126348,38;126555,87;713775533,90;29239
WINFUT;08/08/2016;17:30:00;126217,34;126413,90;126129,97;126413,90;197461662,80;8210
WINFUT;08/08/2016;17:00:00;126195,50;126261,02;126075,37;126217,34;260450207,80;10797
WINFUT;08/08/2016;16:30:00;126206,42;126217,34;125977,09;126206,42;548070231,90;22803
WINFUT;08/08/2016;16:00:00;126140,90;126424,82;126064,45;126195,50;572051307,60;23692
WINFUT;08/08/2016;15:30:00;126293,78;126402,98;126075,37;126151,82;498033215,00;20702
WINFUT;08/08/2016;15:00:00;126577,71;126665,07;126195,50;126304,70;547371329,90;22960
WINFUT;08/08/2016;14:30:00;126304,70;126675,99;126239,18;126588,63;602344342,30;25132
WINFUT;08/08/2016;14:00:00;126392,06;126490,35;126108,13;126293,78;592537873,30;24758
WINFUT;08/08/2016;13:30:00;126523,11;126523,11;126206,42;126402,98;573208864,10;23974
WINFUT;08/08/2016;13:00:00;126774,28;126817,96;126413,90;126512,19;464136466,80;19519
WINFUT;08/08/2016;12:30:00;126555,87;126850,72;126544,95;126774,28;401388169,40;16852
WINFUT;08/08/2016;12:00:00;126479,43;126894,40;126479,43;126544,95;712137482,30;29741
WINFUT;08/08/2016;11:30:00;126654,15;126861,64;126348,38;126490,35;821799578,20;34386
WINFUT;08/08/2016;11:00:00;126774,28;126839,80;126468,51;126665,07;983835644,60;41363
WINFUT;08/08/2016;10:30:00;125867,89;126938,08;125856,97;126763,35;1924623293,00;80498
WINFUT;08/08/2016;10:00:00;126053,53;126239,18;125813,28;125867,89;870285906,20;36152
WINFUT;08/08/2016;09:30:00;125944,33;126086,29;125649,48;126053,53;1081987698,00;44576
WINFUT;08/08/2016;09:00:00;126534,03;126817,96;125889,73;125955,25;913224699,40;37715
WINFUT;05/08/2016;17:30:00;126381,14;126392,06;126250,10;126282,86;227558131,30;9535
WINFUT;05/08/2016;17:00:00;126479,43;126523,11;126315,62;126381,14;269557774,90;11245
WINFUT;05/08/2016;16:30:00;126523,11;126555,87;126282,86;126479,43;421874735,00;17781
WINFUT;05/08/2016;16:00:00;126457,59;126599,55;126151,82;126523,11;745837664,40;31198
WINFUT;05/08/2016;15:30:00;126468,51;126610,47;126413,90;126457,59;428274056,60;18085
WINFUT;05/08/2016;15:00:00;126446,66;126643,23;126315,62;126468,51;671950615,90;28315
WINFUT;05/08/2016;14:30:00;126195,50;126523,11;126140,90;126446,66;682761756,60;28760
WINFUT;05/08/2016;14:00:00;125900,65;126217,34;125835,13;126184,58;496111234,50;20849
WINFUT;05/08/2016;13:30:00;125977,09;126119,05;125824,21;125878,81;481674539,50;20323
WINFUT;05/08/2016;13:00:00;125824,21;126086,29;125736,84;125988,01;623486128,60;26257
WINFUT;05/08/2016;12:30:00;125627,64;126162,74;125605,80;125813,28;828613873,00;34818
WINFUT;05/08/2016;12:00:00;125966,17;126097,21;125594,88;125627,64;956119811,20;40155
WINFUT;05/08/2016;11:30:00;125922,49;126075,37;125518,44;125977,09;1378802652,00;57886
WINFUT;05/08/2016;11:00:00;126293,78;126708,75;125889,73;125911,57;1616625906,00;67711
WINFUT;05/08/2016;10:30:00;126719,67;126938,08;125878,81;126293,78;1908876156,00;80339
WINFUT;05/08/2016;10:00:00;126861,64;127112,81;126599,55;126719,67;1233321827,00;51114
WINFUT;05/08/2016;09:30:00;126610,47;126992,68;126348,38;126861,64;1197393895,00;49787
WINFUT;05/08/2016;09:00:00;126435,74;126938,08;126392,06;126632,31;760885898,60;31136
WINFUT;04/08/2016;17:30:00;126228,26;126413,90;126075,37;126282,86;258681112,10;10963
WINFUT;04/08/2016;17:00:00;126293,78;126359,30;126129,97;126217,34;279670013,50;11658
WINFUT;04/08/2016;16:30:00;126337,46;126424,82;126129,97;126282,86;633773092,70;26634
WINFUT;04/08/2016;16:00:00;126610,47;126632,31;126184,58;126359,30;709909732,10;29756
WINFUT;04/08/2016;15:30:00;126588,63;126708,75;126250,10;126610,47;1021925805,00;42996
WINFUT;04/08/2016;15:00:00;126610,47;126949,00;126577,71;126599,55;972675052,90;41016
WINFUT;04/08/2016;14:30:00;126643,23;126719,67;126359,30;126610,47;972915300,50;40771
WINFUT;04/08/2016;14:00:00;126817,96;126839,80;126446,66;126643,23;866420104,40;36325
WINFUT;04/08/2016;13:30:00;127134,65;127134,65;126785,20;126828,88;646899346,40;27170
WINFUT;04/08/2016;13:00:00;127298,45;127396,73;127058,20;127123,73;824223894,60;34627
WINFUT;04/08/2016;12:30:00;126512,19;127342,13;126435,74;127298,45;1312035668,00;55053
WINFUT;04/08/2016;12:00:00;125998,93;126534,03;125944,33;126512,19;1070150045,00;44856
WINFUT;04/08/2016;11:30:00;125878,81;126184,58;125758,68;125998,93;1245880223,00;52292
WINFUT;04/08/2016;11:00:00;125529,36;125911,57;125245,43;125889,73;1556170881,00;65058
WINFUT;04/08/2016;10:30:00;125594,88;126282,86;125441,99;125496,59;1658450824,00;69524
WINFUT;04/08/2016;10:00:00;125660,40;125988,01;125365,55;125583,96;1426895847,00;59210
WINFUT;04/08/2016;09:30:00;125922,49;125988,01;125627,64;125660,40;758352378,70;31155
WINFUT;04/08/2016;09:00:00;125704,08;126064,45;125693,16;125933,41;943736140,90;38673
WINFUT;03/08/2016;17:30:00;125278,19;125441,99;125158,06;125441,99;362730151,10;15238
WINFUT;03/08/2016;17:00:00;125179,90;125365,55;125158,06;125278,19;394202582,90;16562
WINFUT;03/08/2016;16:30:00;125114,38;125267,27;124994,26;125179,90;793581408,90;33658
WINFUT;03/08/2016;16:00:00;124655,73;125136,22;124590,21;125114,38;797643777,00;33611
WINFUT;03/08/2016;15:30:00;124175,23;124775,85;124131,55;124666,65;822454798,90;34818
WINFUT;03/08/2016;15:00:00;124546,52;124546,52;124164,31;124186,15;679114361,60;28936
WINFUT;03/08/2016;14:30:00;124535,60;124666,65;124360,88;124535,60;659960078,00;28188
WINFUT;03/08/2016;14:00:00;124535,60;124644,81;124360,88;124524,68;504803828,40;21453
WINFUT;03/08/2016;13:30:00;124251,68;124590,21;124218,91;124524,68;566678498,30;24101
WINFUT;03/08/2016;13:00:00;124317,20;124470,08;124164,31;124262,60;578800080,30;24729
WINFUT;03/08/2016;12:30:00;124087,87;124349,96;123924,07;124317,20;761650322,70;32524
WINFUT;03/08/2016;12:00:00;123563,69;124164,31;123410,81;124076,95;1005108475,00;42646
WINFUT;03/08/2016;11:30:00;123268,84;123738,42;122821,11;123563,69;1585983421,00;67259
WINFUT;03/08/2016;11:00:00;123072,28;123432,65;122984,92;123279,77;1269992343,00;53875
WINFUT;03/08/2016;10:30:00;123061,36;123115,96;122362,46;123072,28;1878430237,00;80315
WINFUT;03/08/2016;10:00:00;122679,15;123225,16;122395,22;123061,36;1488879721,00;62898
WINFUT;03/08/2016;09:30:00;122908,47;122963,08;122580,86;122668,23;890969038,00;37693
WINFUT;03/08/2016;09:00:00;123072,28;123148,72;122722,83;122908,47;990147603,50;41432
WINFUT;02/08/2016;17:30:00;123072,28;123454,49;123072,28;123399,89;239046333,30;10178
WINFUT;02/08/2016;17:00:00;123214,24;123301,61;123050,44;123072,28;470754195,40;19738
WINFUT;02/08/2016;16:30:00;123170,56;123279,77;123006,76;123214,24;703226481,50;29794
WINFUT;02/08/2016;16:00:00;123312,53;123454,49;123115,96;123170,56;663694835,70;28083
WINFUT;02/08/2016;15:30:00;123006,76;123421,73;122930,31;123312,53;887692934,80;37594
WINFUT;02/08/2016;15:00:00;122722,83;123137,80;122657,31;123006,76;850279835,70;36065
WINFUT;02/08/2016;14:30:00;122515,34;122744,67;122242,33;122722,83;830382968,70;35637
WINFUT;02/08/2016;14:00:00;122744,67;122799,27;122275,09;122504,42;965904439,50;41455
WINFUT;02/08/2016;13:30:00;122995,84;123170,56;122613,62;122744,67;809219341,80;34502
WINFUT;02/08/2016;13:00:00;122974,00;123290,69;122886,63;122995,84;615470596,00;26130
WINFUT;02/08/2016;12:30:00;123192,40;123225,16;122646,39;122974,00;945592599,40;40310
WINFUT;02/08/2016;12:00:00;122766,51;123345,29;122526,26;123192,40;1228276628,00;52435
WINFUT;02/08/2016;11:30:00;123902,22;123978,67;122679,15;122766,51;1611930158,00;68139
WINFUT;02/08/2016;11:00:00;123967,75;124109,71;123541,85;123913,15;1374041382,00;58208
WINFUT;02/08/2016;10:30:00;124819,53;125081,62;123967,75;123967,75;2124269024,00;89680
WINFUT;02/08/2016;10:00:00;124011,43;124830,45;123869,46;124830,45;1315027842,00;55132
WINFUT;02/08/2016;09:30:00;124131,55;124153,39;123760,26;124011,43;965904439,50;40312
WINFUT;02/08/2016;09:00:00;124197,07;124197,07;123858,54;124131,55;893218628,90;37140
WINFUT;01/08/2016;17:30:00;124502,84;124579,29;124371,80;124579,29;237954298,90;10085
WINFUT;01/08/2016;17:00:00;124524,68;124622,97;124349,96;124502,84;333419947,40;14042
WINFUT;01/08/2016;16:30:00;124677,57;124830,45;124393,64;124524,68;707245168,10;29741
WINFUT;01/08/2016;16:00:00;125059,78;125092,54;124546,52;124666,65;919099844,50;38546
WINFUT;01/08/2016;15:30:00;125300,03;125409,23;124961,50;125070,70;791855994,60;33511
WINFUT;01/08/2016;15:00:00;125583,96;125671,32;125212,67;125300,03;762218180,60;32191
WINFUT;01/08/2016;14:30:00;125409,23;125616,72;125289,11;125583,96;583190058,70;24561
WINFUT;01/08/2016;14:00:00;125365,55;125507,52;125190,83;125409,23;546170092,00;23083
WINFUT;01/08/2016;13:30:00;125256,35;125474,75;125168,98;125376,47;535249747,90;22668
WINFUT;01/08/2016;13:00:00;125354,63;125518,44;125179,90;125256,35;607433222,70;25599
WINFUT;01/08/2016;12:30:00;125474,75;125627,64;125310,95;125343,71;638447000,00;27044
WINFUT;01/08/2016;12:00:00;125452,91;125802,36;125376,47;125463,83;813543798,00;34275
WINFUT;01/08/2016;11:30:00;125529,36;125616,72;125278,19;125463,83;872622859,90;36901
WINFUT;01/08/2016;11:00:00;126042,61;126162,74;125518,44;125529,36;1193680978,00;50106
WINFUT;01/08/2016;10:30:00;126479,43;126479,43;125813,28;126053,53;1309130856,00;54929
WINFUT;01/08/2016;10:00:00;126304,70;126632,31;125977,09;126479,43;1115993649,00;46497
WINFUT;01/08/2016;09:30:00;126086,29;126337,46;126031,69;126304,70;708293521,20;29267
WINFUT;01/08/2016;09:00:00;125715,00;126217,34;125715,00;126075,37;763048126,70;31582
WINFUT;29/07/2016;17:30:00;126053,53;126337,46;126020,77;126337,46;261629605,00;10808
WINFUT;29/07/2016;17:00:00;126282,86;126293,78;125911,57;126053,53;595966861,30;24746
WINFUT;29/07/2016;16:30:00;126195,50;126348,38;126086,29;126282,86;704930055,20;29581
WINFUT;29/07/2016;16:00:00;126261,02;126304,70;125998,93;126195,50;588519186,60;24638
WINFUT;29/07/2016;15:30:00;126031,69;126304,70;125867,89;126271,94;766149504,50;32089
WINFUT;29/07/2016;15:00:00;125998,93;126195,50;125889,73;126031,69;664765029,40;28002
WINFUT;29/07/2016;14:30:00;125693,16;126009,85;125562,12;125998,93;612085289,30;25797
WINFUT;29/07/2016;14:00:00;125736,84;125867,89;125594,88;125693,16;560584946,30;23672
WINFUT;29/07/2016;13:30:00;125409,23;125802,36;125365,55;125736,84;589545699,00;24904
WINFUT;29/07/2016;13:00:00;125594,88;125769,60;125321,87;125398,31;644475030,00;27016
WINFUT;29/07/2016;12:30:00;125005,18;125693,16;124994,26;125605,80;974116538,30;40913
WINFUT;29/07/2016;12:00:00;124655,73;125234,51;124633,89;125005,18;1245225002,00;52612
WINFUT;29/07/2016;11:30:00;123825,78;124710,33;123803,94;124666,65;1262064173,00;53403
WINFUT;29/07/2016;11:00:00;124011,43;124087,87;123738,42;123836,70;967389606,30;40878
WINFUT;29/07/2016;10:30:00;124579,29;124743,09;123913,15;124000,51;1409881951,00;59252
WINFUT;29/07/2016;10:00:00;124273,52;124819,53;124098,79;124579,29;1146941905,00;48057
WINFUT;29/07/2016;09:30:00;123945,91;124339,04;123869,46;124273,52;746951539,50;31216
WINFUT;29/07/2016;09:00:00;124382,72;124382,72;123738,42;123945,91;591729767,80;24762
WINFUT;28/07/2016;17:30:00;124754,01;124906,90;124601,13;124906,90;332742886,10;14034
WINFUT;28/07/2016;17:00:00;124535,60;124786,77;124491,92;124743,09;432139858,50;18139
WINFUT;28/07/2016;16:30:00;124251,68;124666,65;124240,76;124535,60;807537608,80;34048
WINFUT;28/07/2016;16:00:00;123978,67;124317,20;123880,38;124251,68;673523145,40;28437
WINFUT;28/07/2016;15:30:00;124186,15;124371,80;123945,91;123967,75;771260225,50;32550
WINFUT;28/07/2016;15:00:00;124218,91;124568,37;123989,59;124175,23;1528804499,00;64510
WINFUT;28/07/2016;14:30:00;124011,43;124240,76;123967,75;124207,99;746842336,00;31631
WINFUT;28/07/2016;14:00:00;123716,58;124022,35;123683,82;124000,51;731946986,60;30921
WINFUT;28/07/2016;13:30:00;123574,61;123793,02;123530,93;123727,50;544073385,90;23017
WINFUT;28/07/2016;13:00:00;123476,33;123661,98;123421,73;123563,69;543199758,40;22998
WINFUT;28/07/2016;12:30:00;123410,81;123498,17;123126,88;123476,33;575480295,70;24448
WINFUT;28/07/2016;12:00:00;123105,04;123487,25;123061,36;123421,73;665616816,30;28182
WINFUT;28/07/2016;11:30:00;123454,49;123596,46;122995,84;123105,04;843443700,30;35866
WINFUT;28/07/2016;11:00:00;123520,01;123640,14;123050,44;123443,57;1204470278,00;50948
WINFUT;28/07/2016;10:30:00;124033,27;124044,19;123268,84;123520,01;1740156839,00;73694
WINFUT;28/07/2016;10:00:00;124710,33;124819,53;123956,83;124055,11;1324375656,00;55337
WINFUT;28/07/2016;09:30:00;124633,89;124754,01;124426,40;124710,33;663410906,80;27737
WINFUT;28/07/2016;09:00:00;124273,52;124710,33;124207,99;124633,89;798823174,10;33194
WINFUT;27/07/2016;17:30:00;124721,25;124972,42;124721,25;124928,74;291201896,90;12204
WINFUT;27/07/2016;17:00:00;125016,10;125201,75;124710,33;124721,25;591533201,60;24803
WINFUT;27/07/2016;16:30:00;125376,47;125376,47;124906,90;125027,02;641919669,50;27181
WINFUT;27/07/2016;16:00:00;125605,80;125747,76;125278,19;125376,47;663039615,10;28106
WINFUT;27/07/2016;15:30:00;125289,11;125682,24;125278,19;125605,80;841150428,00;35664
WINFUT;27/07/2016;15:00:00;125245,43;125409,23;124863,21;125289,11;1545032130,00;65143
WINFUT;27/07/2016;14:30:00;125092,54;125289,11;125016,10;125245,43;437927640,90;18595
WINFUT;27/07/2016;14:00:00;125300,03;125332,79;124972,42;125092,54;678743069,90;28703
WINFUT;27/07/2016;13:30:00;125365,55;125441,99;125267,27;125310,95;339972153,90;14510
WINFUT;27/07/2016;13:00:00;125387,39;125474,75;125332,79;125365,55;246887140,40;10565
WINFUT;27/07/2016;12:30:00;125431,07;125529,36;125256,35;125398,31;494647908,30;21052
WINFUT;27/07/2016;12:00:00;125573,04;125627,64;125310,95;125431,07;586968497,70;24992
WINFUT;27/07/2016;11:30:00;125966,17;125966,17;125431,07;125562,12;1312756410,00;55172
WINFUT;27/07/2016;11:00:00;126075,37;126228,26;125889,73;125966,17;766324230,00;32240
WINFUT;27/07/2016;10:30:00;125605,80;126119,05;125594,88;126075,37;1524152432,00;64099
WINFUT;27/07/2016;10:00:00;125496,59;125725,92;125420,15;125605,80;770823411,80;32098
WINFUT;27/07/2016;09:30:00;125485,67;125627,64;125332,79;125496,59;777266414,80;32363
WINFUT;27/07/2016;09:00:00;125562,12;125671,32;125431,07;125496,59;639822963,40;26555
WINFUT;26/07/2016;17:30:00;124950,58;125147,14;124928,74;125147,14;300112897,80;12654
WINFUT;26/07/2016;17:00:00;125136,22;125245,43;124950,58;124972,42;335975307,90;14084
WINFUT;26/07/2016;16:30:00;125223,59;125354,63;125081,62;125136,22;353731787,50;15000
WINFUT;26/07/2016;16:00:00;125343,71;125441,99;125168,98;125223,59;421350558,50;17801
WINFUT;26/07/2016;15:30:00;125223,59;125441,99;125125,30;125343,71;578385107,20;24604
WINFUT;26/07/2016;15:00:00;125136,22;125289,11;125037,94;125223,59;638097549,00;26995
WINFUT;26/07/2016;14:30:00;125507,52;125507,52;125103,46;125136,22;828941483,30;35016
WINFUT;26/07/2016;14:00:00;125649,48;125780,52;125474,75;125496,59;477153517,00;20056
WINFUT;26/07/2016;13:30:00;125780,52;125911,57;125627,64;125638,56;505022235,30;21245
WINFUT;26/07/2016;13:00:00;125693,16;125835,13;125452,91;125780,52;623879261,00;26198
WINFUT;26/07/2016;12:30:00;125660,40;125791,44;125562,12;125682,24;507555755,10;21486
WINFUT;26/07/2016;12:00:00;125540,28;125824,21;125441,99;125660,40;993161618,50;41919
WINFUT;26/07/2016;11:30:00;126086,29;126173,66;125540,28;125540,28;1264401126,00;52995
WINFUT;26/07/2016;11:00:00;125725,92;126119,05;125573,04;126075,37;1365195903,00;57186
WINFUT;26/07/2016;10:30:00;125081,62;125791,44;124895,98;125715,00;1510785931,00;63362
WINFUT;26/07/2016;10:00:00;125125,30;125365,55;124808,61;125092,54;1127591055,00;47190
WINFUT;26/07/2016;09:30:00;125332,79;125387,39;124950,58;125136,22;821340923,80;34193
WINFUT;26/07/2016;09:00:00;125758,68;125769,60;125300,03;125332,79;768464617,40;32027
WINFUT;25/07/2016;17:30:00;125343,71;125354,63;124983,34;125321,87;384286910,40;16542
WINFUT;25/07/2016;17:00:00;125300,03;125365,55;125158,06;125365,55;349582056,70;14626
WINFUT;25/07/2016;16:30:00;124743,09;125310,95;124710,33;125300,03;895227972,20;37701
WINFUT;25/07/2016;16:00:00;124775,85;124994,26;124655,73;124743,09;637223921,50;26801
WINFUT;25/07/2016;15:30:00;125027,02;125158,06;124754,01;124764,93;632135041,10;26825
WINFUT;25/07/2016;15:00:00;125223,59;125234,51;124928,74;125016,10;602213298,20;25376
WINFUT;25/07/2016;14:30:00;125081,62;125234,51;125016,10;125223,59;613221005,10;25792
WINFUT;25/07/2016;14:00:00;125027,02;125103,46;124830,45;125081,62;537237250,50;22616
WINFUT;25/07/2016;13:30:00;124601,13;125048,86;124568,37;125027,02;489362461,80;20637
WINFUT;25/07/2016;13:00:00;124666,65;124863,21;124557,45;124601,13;450901009,70;19112
WINFUT;25/07/2016;12:30:00;124546,52;124764,93;124481,00;124655,73;426963615,30;18152
WINFUT;25/07/2016;12:00:00;124360,88;124644,81;124229,83;124546,52;590834299,60;25057
WINFUT;25/07/2016;11:30:00;124906,90;124906,90;124109,71;124360,88;1479269818,00;62524
WINFUT;25/07/2016;11:00:00;125605,80;125616,72;124775,85;124917,82;1343027604,00;56703
WINFUT;25/07/2016;10:30:00;125463,83;125769,60;125267,27;125605,80;1341520597,00;56555
WINFUT;25/07/2016;10:00:00;125594,88;125846,05;125332,79;125452,91;1106449269,00;46100
WINFUT;25/07/2016;09:30:00;125638,56;125704,08;125485,67;125583,96;643186429,40;26684
WINFUT;25/07/2016;09:00:00;125278,19;125682,24;125223,59;125638,56;725285576,70;30245
WINFUT;22/07/2016;17:30:00;125616,72;125802,36;125452,91;125452,91;316755502,20;13306
WINFUT;22/07/2016;17:00:00;125736,84;125747,76;125398,31;125616,72;487986498,40;20406
WINFUT;22/07/2016;16:30:00;125802,36;125966,17;125649,48;125736,84;519131319,90;21898
WINFUT;22/07/2016;16:00:00;125616,72;125966,17;125573,04;125813,28;651158280,60;27260
WINFUT;22/07/2016;15:30:00;125846,05;125966,17;125573,04;125627,64;706983079,90;29612
WINFUT;22/07/2016;15:00:00;125583,96;125988,01;125551,20;125856,97;860959932,30;36165
WINFUT;22/07/2016;14:30:00;125562,12;125682,24;125300,03;125594,88;789955854,70;33291
WINFUT;22/07/2016;14:00:00;125649,48;125693,16;125485,67;125551,20;357379182,50;15145
WINFUT;22/07/2016;13:30:00;125507,52;125747,76;125409,23;125649,48;504607262,20;21295
WINFUT;22/07/2016;13:00:00;125376,47;125638,56;125343,71;125507,52;545121739,00;22958
WINFUT;22/07/2016;12:30:00;125125,30;125518,44;125092,54;125376,47;859452924,80;36432
WINFUT;22/07/2016;12:00:00;125059,78;125179,90;124950,58;125114,38;631326935,70;26700
WINFUT;22/07/2016;11:30:00;124655,73;125081,62;124513,76;125059,78;765581646,60;32366
WINFUT;22/07/2016;11:00:00;124601,13;124906,90;124579,29;124655,73;813543798,00;34450
WINFUT;22/07/2016;10:30:00;125136,22;125190,83;124491,92;124601,13;1327870167,00;56132
WINFUT;22/07/2016;10:00:00;124939,66;125267,27;124754,01;125125,30;848619943,40;35690
WINFUT;22/07/2016;09:30:00;124972,42;125059,78;124754,01;124939,66;751101270,20;31456
WINFUT;22/07/2016;09:00:00;125147,14;125365,55;124939,66;124972,42;644977365,80;26932
WINFUT;21/07/2016;17:30:00;124754,01;125212,67;124732,17;125201,75;312693134,20;13241
WINFUT;21/07/2016;17:00:00;124917,82;125016,10;124710,33;124764,93;382168363,70;16085
WINFUT;21/07/2016;16:30:00;124579,29;124950,58;124459,16;124917,82;851677639,80;35974
WINFUT;21/07/2016;16:00:00;124448,24;124644,81;124251,68;124590,21;676930292,80;28612
WINFUT;21/07/2016;15:30:00;124000,51;124655,73;123956,83;124459,16;970687550,30;40973
WINFUT;21/07/2016;15:00:00;124120,63;124404,56;123858,54;124000,51;946466227,00;40105
WINFUT;21/07/2016;14:30:00;124699,41;124732,17;123836,70;124131,55;1184442367,00;50072
WINFUT;21/07/2016;14:00:00;124590,21;124775,85;124339,04;124688,49;503515227,80;21259
WINFUT;21/07/2016;13:30:00;124732,17;124841,37;124415,48;124590,21;523892590,00;22124
WINFUT;21/07/2016;13:00:00;124895,98;125103,46;124546,52;124721,25;701806836,80;29850
WINFUT;21/07/2016;12:30:00;125059,78;125092,54;124633,89;124906,90;792183604,90;33778
WINFUT;21/07/2016;12:00:00;125070,70;125212,67;124808,61;125059,78;895730308,10;37838
WINFUT;21/07/2016;11:30:00;124513,76;125103,46;124360,88;125059,78;945920209,80;40074
WINFUT;21/07/2016;11:00:00;125114,38;125278,19;124328,12;124513,76;1551911947,00;65660
WINFUT;21/07/2016;10:30:00;125005,18;125452,91;124863,21;125125,30;1481934382,00;62548
WINFUT;21/07/2016;10:00:00;124557,45;125114,38;124404,56;125005,18;1042193964,00;43685
WINFUT;21/07/2016;09:30:00;124240,76;124655,73;124175,23;124557,45;690449678,90;28979
WINFUT;21/07/2016;09:00:00;124513,76;124655,73;124164,31;124251,68;729347944,70;30566
WINFUT;20/07/2016;17:30:00;124764,93;124819,53;124382,72;124644,81;359060915,50;15096
WINFUT;20/07/2016;17:00:00;124895,98;124906,90;124721,25;124786,77;311055082,60;13043
WINFUT;20/07/2016;16:30:00;124655,73;124928,74;124470,08;124885,06;740901668,80;31277
WINFUT;20/07/2016;16:00:00;125005,18;125081,62;124360,88;124666,65;830251924,60;34928
WINFUT;20/07/2016;15:30:00;125223,59;125310,95;124950,58;124994,26;644103738,30;27172
WINFUT;20/07/2016;15:00:00;124917,82;125409,23;124885,06;125223,59;807974422,50;34167
WINFUT;20/07/2016;14:30:00;125027,02;125212,67;124721,25;124917,82;760601969,60;32085
WINFUT;20/07/2016;14:00:00;124786,77;125234,51;124721,25;125027,02;599898185,20;25309
WINFUT;20/07/2016;13:30:00;124622,97;124895,98;124470,08;124786,77;588126054,20;24848
WINFUT;20/07/2016;13:00:00;125201,75;125256,35;124546,52;124622,97;799980730,60;33753
WINFUT;20/07/2016;12:30:00;125485,67;125518,44;125114,38;125212,67;679944307,80;28734
WINFUT;20/07/2016;12:00:00;125092,54;125540,28;124743,09;125485,67;1078209259,00;45520
WINFUT;20/07/2016;11:30:00;124524,68;125158,06;124393,64;125092,54;1290828359,00;54650
WINFUT;20/07/2016;11:00:00;124044,19;124688,49;123967,75;124524,68;1220479502,00;51470
WINFUT;20/07/2016;10:30:00;124622,97;124743,09;123913,15;124033,27;1568663755,00;66388
WINFUT;20/07/2016;10:00:00;125365,55;125463,83;124524,68;124612,05;1292750340,00;54089
WINFUT;20/07/2016;09:30:00;125594,88;125671,32;125212,67;125365,55;702964393,20;29303
WINFUT;20/07/2016;09:00:00;125376,47;125725,92;125212,67;125605,80;546388498,90;22723
WINFUT;19/07/2016;17:30:00;125376,47;125529,36;125321,87;125529,36;311775825,30;13068
WINFUT;19/07/2016;17:00:00;125103,46;125398,31;125037,94;125365,55;443191246,70;18755
WINFUT;19/07/2016;16:30:00;124754,01;125147,14;124666,65;125103,46;664371897,00;28126
WINFUT;19/07/2016;16:00:00;124644,81;125016,10;124502,84;124743,09;739045210,30;31167
WINFUT;19/07/2016;15:30:00;124721,25;124797,69;124415,48;124644,81;679179883,70;28738
WINFUT;19/07/2016;15:00:00;124207,99;124743,09;124153,39;124721,25;758505263,60;32056
WINFUT;19/07/2016;14:30:00;124404,56;124437,32;124120,63;124218,91;652992898,40;27542
WINFUT;19/07/2016;14:00:00;124721,25;124754,01;124371,80;124404,56;409272657,80;17383
WINFUT;19/07/2016;13:30:00;124415,48;124732,17;124349,96;124721,25;430807576,50;18252
WINFUT;19/07/2016;13:00:00;124415,48;124481,00;124218,91;124426,40;545514871,40;23019
WINFUT;19/07/2016;12:30:00;124754,01;125048,86;124349,96;124415,48;1066306084,00;44964
WINFUT;19/07/2016;12:00:00;124786,77;124874,14;124459,16;124764,93;663279862,60;28179
WINFUT;19/07/2016;11:30:00;124906,90;124972,42;124590,21;124775,85;780498836,70;32935
WINFUT;19/07/2016;11:00:00;124164,31;124928,74;123989,59;124917,82;1224672914,00;51834
WINFUT;19/07/2016;10:30:00;124568,37;124863,21;124098,79;124142,47;1627830179,00;68756
WINFUT;19/07/2016;10:00:00;124109,71;124775,85;123891,30;124568,37;1379152103,00;57845
WINFUT;19/07/2016;09:30:00;124197,07;124240,76;123967,75;124109,71;464354873,70;19490
WINFUT;19/07/2016;09:00:00;124382,72;124470,08;124055,11;124197,07;506441880,00;21288
WINFUT;18/07/2016;17:30:00;124721,25;125365,55;124677,57;125365,55;552285484,70;23024
WINFUT;18/07/2016;17:00:00;124557,45;124819,53;124535,60;124732,17;419035445,50;17470
WINFUT;18/07/2016;16:30:00;124535,60;124710,33;124317,20;124557,45;723800409,90;30304
WINFUT;18/07/2016;16:00:00;124721,25;124743,09;124491,92;124546,52;517253020,70;21653
WINFUT;18/07/2016;15:30:00;124393,64;124863,21;124360,88;124721,25;833899319,50;35145
WINFUT;18/07/2016;15:00:00;124339,04;124426,40;124164,31;124382,72;520856734,30;21969
WINFUT;18/07/2016;14:30:00;124131,55;124349,96;124076,95;124328,12;491743096,80;20847
WINFUT;18/07/2016;14:00:00;124076,95;124262,60;124044,19;124131,55;531995485,30;22518
WINFUT;18/07/2016;13:30:00;123913,15;124186,15;123858,54;124076,95;496417004,10;20985
WINFUT;18/07/2016;13:00:00;123727,50;124011,43;123705,66;123913,15;530357433,70;22486
WINFUT;18/07/2016;12:30:00;123825,78;123945,91;123640,14;123738,42;626674869,10;26597
WINFUT;18/07/2016;12:00:00;123585,53;123891,30;123498,17;123814,86;940940532,80;39879
WINFUT;18/07/2016;11:30:00;123170,56;123629,22;123170,56;123585,53;1049794523,00;44500
WINFUT;18/07/2016;11:00:00;122755,59;123181,48;122657,31;123170,56;876816272,00;37301
WINFUT;18/07/2016;10:30:00;122515,34;122832,03;122395,22;122755,59;1109943779,00;47567
WINFUT;18/07/2016;10:00:00;122220,49;122591,78;121991,16;122526,26;995280165,30;42500
WINFUT;18/07/2016;09:30:00;122537,18;122635,46;122187,73;122220,49;582512997,30;24787
WINFUT;18/07/2016;09:00:00;122165,89;122700,99;122133,13;122548,10;561917228,30;23956
WINFUT;15/07/2016;17:30:00;122067,61;122176,81;121685,39;121871,04;469596638,90;20320
WINFUT;15/07/2016;17:00:00;122537,18;122613,62;122023,93;122078,53;996656128,70;42504
WINFUT;15/07/2016;16:30:00;122744,67;122842,95;122493,50;122537,18;461428221,50;19899
WINFUT;15/07/2016;16:00:00;122864,79;122908,47;122613,62;122744,67;499649426,00;21468
WINFUT;15/07/2016;15:30:00;122722,83;122908,47;122482,58;122853,87;606887205,50;26090
WINFUT;15/07/2016;15:00:00;122690,07;122853,87;122471,66;122722,83;575851587,40;24853
WINFUT;15/07/2016;14:30:00;122373,38;122799,27;122340,62;122679,15;735244930,50;31699
WINFUT;15/07/2016;14:00:00;122264,17;122482,58;122198,65;122373,38;500850663,80;21659
WINFUT;15/07/2016;13:30:00;122023,93;122286,01;121936,56;122253,25;462148964,20;19995
WINFUT;15/07/2016;13:00:00;122034,85;122111,29;121936,56;122023,93;280718366,60;12234
WINFUT;15/07/2016;12:30:00;122056,69;122154,97;121903,80;122034,85;467762021,10;20290
WINFUT;15/07/2016;12:00:00;122668,23;122711,91;121827,36;122056,69;1097844037,00;47427
WINFUT;15/07/2016;11:30:00;122482,58;122744,67;122351,54;122657,31;602671952,60;26114
WINFUT;15/07/2016;11:00:00;122504,42;122602,70;122253,25;122482,58;752193304,60;32474
WINFUT;15/07/2016;10:30:00;122176,81;122679,15;121980,24;122515,34;1241097112,00;53582
WINFUT;15/07/2016;10:00:00;122362,46;122537,18;121914,72;122176,81;1155372410,00;49369
WINFUT;15/07/2016;09:30:00;122187,73;122460,74;122144,05;122362,46;577751727,30;24945
WINFUT;15/07/2016;09:00:00;121750,92;122220,49;121707,24;122176,81;517864560,00;22282
WINFUT;14/07/2016;17:30:00;122176,81;122340,62;121936,56;121936,56;249398819,60;10699
WINFUT;14/07/2016;17:00:00;122482,58;122559,02;122176,81;122176,81;450704443,50;19321
WINFUT;14/07/2016;16:30:00;122755,59;122897,55;122460,74;122493,50;793865337,90;34145
WINFUT;14/07/2016;16:00:00;121969,32;122799,27;121881,96;122744,67;958019951,10;41146
WINFUT;14/07/2016;15:30:00;121914,72;122056,69;121740,00;121958,40;620122662,60;27010
WINFUT;14/07/2016;15:00:00;122198,65;122198,65;121740,00;121925,64;1171905811,00;50404
WINFUT;14/07/2016;14:30:00;122176,81;122351,54;122165,89;122198,65;414885714,70;18072
WINFUT;14/07/2016;14:00:00;122493,50;122515,34;122122,21;122176,81;762502109,50;32927
WINFUT;14/07/2016;13:30:00;122569,94;122690,07;122482,58;122493,50;406804660,10;17659
WINFUT;14/07/2016;13:00:00;122395,22;122744,67;122395,22;122580,86;788558050,60;34000
WINFUT;14/07/2016;12:30:00;122154,97;122471,66;122100,37;122417,06;698072079,10;30203
WINFUT;14/07/2016;12:00:00;122176,81;122373,38;121925,64;122154,97;872011320,60;37738
WINFUT;14/07/2016;11:30:00;122056,69;122395,22;121991,16;122187,73;923009327,70;40040
WINFUT;14/07/2016;11:00:00;121772,76;122176,81;121761,84;122045,77;1026446827,00;44352
WINFUT;14/07/2016;10:30:00;122078,53;122307,85;121456,07;121761,84;1657358790,00;71543
WINFUT;14/07/2016;10:00:00;122165,89;122220,49;121936,56;122067,61;755797018,20;32449
WINFUT;14/07/2016;09:30:00;122089,45;122286,01;122023,93;122154,97;708577450,10;30285
WINFUT;14/07/2016;09:00:00;122209,57;122253,25;121740,00;122078,53;911084311,90;39114
WINFUT;13/07/2016;17:30:00;120669,80;120877,29;120604,28;120877,29;252587560,10;11027
WINFUT;13/07/2016;17:00:00;120626,12;120757,17;120506,00;120647,96;329095491,10;14201
WINFUT;13/07/2016;16:30:00;120396,79;120833,61;120385,87;120626,12;699360679,70;30243
WINFUT;13/07/2016;16:00:00;120298,51;120647,96;120265,75;120396,79;645829152,70;27849
WINFUT;13/07/2016;15:30:00;120396,79;120527,84;120145,63;120287,59;661161315,90;28696
WINFUT;13/07/2016;15:00:00;119774,33;120440,48;119599,61;120385,87;1244089286,00;54355
WINFUT;13/07/2016;14:30:00;119512,25;119818,02;119501,33;119774,33;563315032,30;25102
WINFUT;13/07/2016;14:00:00;119272,00;119643,29;119119,11;119512,25;663039615,10;29451
WINFUT;13/07/2016;13:30:00;119293,84;119468,56;119119,11;119282,92;541932998,50;24083
WINFUT;13/07/2016;13:00:00;119075,43;119523,17;118977,15;119304,76;804720160,00;35748
WINFUT;13/07/2016;12:30:00;119195,56;119272,00;118671,38;119075,43;1109681691,00;49098
WINFUT;13/07/2016;12:00:00;119632,37;119828,94;119162,80;119206,48;781984003,50;34754
WINFUT;13/07/2016;11:30:00;119545,01;119861,70;119272,00;119632,37;932968681,60;41709
WINFUT;13/07/2016;11:00:00;119261,08;119872,62;119239,24;119545,01;1150108805,00;51125
WINFUT;13/07/2016;10:30:00;119468,56;120003,66;119009,91;119239,24;1694902933,00;75452
WINFUT;13/07/2016;10:00:00;119523,17;119861,70;119413,96;119468,56;824835433,90;36477
WINFUT;13/07/2016;09:30:00;119228,32;119621,45;119217,40;119523,17;475275217,80;21120
WINFUT;13/07/2016;09:00:00;119785,25;119905,38;119184,64;119217,40;750271324,10;33445
WINFUT;12/07/2016;17:30:00;119577,77;119654,21;119337,52;119621,45;303454523,10;13525
WINFUT;12/07/2016;17:00:00;119981,82;120014,58;119413,96;119577,77;420717178,50;18605
WINFUT;12/07/2016;16:30:00;119708,81;120123,79;119654,21;119981,82;704318515,90;31244
WINFUT;12/07/2016;16:00:00;119883,54;119949,06;119599,61;119719,73;553879855,00;24562
WINFUT;12/07/2016;15:30:00;119828,94;120101,94;119697,89;119872,62;714256029,10;31690
WINFUT;12/07/2016;15:00:00;120418,63;120418,63;119796,18;119828,94;1070237407,00;47083
WINFUT;12/07/2016;14:30:00;120637,04;120855,45;120276,67;120407,71;986238120,30;42461
WINFUT;12/07/2016;14:00:00;120768,09;120866,37;120560,60;120626,12;650655944,80;27989
WINFUT;12/07/2016;13:30:00;120931,89;121106,62;120691,64;120768,09;664830551,50;28686
WINFUT;12/07/2016;13:00:00;120997,41;121030,17;120844,53;120931,89;392018514,10;17016
WINFUT;12/07/2016;12:30:00;120866,37;121084,78;120800,85;121008,33;744964036,80;32199
WINFUT;12/07/2016;12:00:00;120374,95;120866,37;120200,23;120866,37;1072224910,00;46136
WINFUT;12/07/2016;11:30:00;120473,24;120647,96;120364,03;120385,87;735201249,20;31912
WINFUT;12/07/2016;11:00:00;120702,56;120877,29;120385,87;120473,24;1109201195,00;47946
WINFUT;12/07/2016;10:30:00;120615,20;121030,17;120582,44;120702,56;1421370153,00;61500
WINFUT;12/07/2016;10:00:00;120506,00;120713,48;120309,43;120604,28;830950826,60;35545
WINFUT;12/07/2016;09:30:00;120374,95;120527,84;120342,19;120516,92;363756663,40;15617
WINFUT;12/07/2016;09:00:00;120342,19;120527,84;120232,99;120364,03;686081541,20;29234
WINFUT;11/07/2016;17:30:00;119490,41;119501,33;119031,75;119031,75;255426849,50;11273
WINFUT;11/07/2016;17:00:00;119272,00;119501,33;119184,64;119490,41;326212520,30;14396
WINFUT;11/07/2016;16:30:00;119348,44;119468,56;119108,19;119282,92;584544181,30;26011
WINFUT;11/07/2016;16:00:00;119468,56;119479,49;119250,16;119359,36;398046544,10;17700
WINFUT;11/07/2016;15:30:00;119304,76;119555,93;119282,92;119468,56;596491037,80;26519
WINFUT;11/07/2016;15:00:00;119108,19;119381,20;119020,83;119304,76;545361986,60;24330
WINFUT;11/07/2016;14:30:00;119130,03;119184,64;118944,39;119130,03;432598512,90;19297
WINFUT;11/07/2016;14:00:00;119195,56;119250,16;119097,27;119140,95;294543522,30;13121
WINFUT;11/07/2016;13:30:00;118966,23;119293,84;118846,11;119195,56;630671715,00;27987
WINFUT;11/07/2016;13:00:00;119097,27;119151,87;118955,31;118977,15;359017234,10;16036
WINFUT;11/07/2016;12:30:00;119108,19;119228,32;119020,83;119097,27;412832690,00;18438
WINFUT;11/07/2016;12:00:00;119053,59;119293,84;118955,31;119086,35;751625446,70;33420
WINFUT;11/07/2016;11:30:00;118693,22;119108,19;118671,38;119053,59;783949665,40;34950
WINFUT;11/07/2016;11:00:00;119075,43;119086,35;118660,46;118693,22;774361603,30;34546
WINFUT;11/07/2016;10:30:00;118605,86;119184,64;118562,18;119086,35;1212704217,00;54234
WINFUT;11/07/2016;10:00:00;118354,69;118802,42;118278,25;118605,86;834314292,60;37049
WINFUT;11/07/2016;09:30:00;118223,65;118518,49;118179,96;118354,69;420826381,90;18729
WINFUT;11/07/2016;09:00:00;117841,43;118463,89;117830,51;118223,65;580263406,40;25748
WINFUT;08/07/2016;17:30:00;117677,63;117743,15;117470,14;117633,95;259969712,70;11603
WINFUT;08/07/2016;17:00:00;117699,47;117721,31;117513,82;117688,55;289476482,60;12884
WINFUT;08/07/2016;16:30:00;117415,54;117841,43;117350,02;117688,55;544029704,60;24349
WINFUT;08/07/2016;16:00:00;117623,03;117688,55;117350,02;117415,54;481565336,10;21555
WINFUT;08/07/2016;15:30:00;117688,55;117721,31;117502,90;117601,19;382255726,40;17149
WINFUT;08/07/2016;15:00:00;117579,35;117710,39;117415,54;117677,63;526447950,50;23585
WINFUT;08/07/2016;14:30:00;117590,27;117743,15;117415,54;117579,35;570304052,60;25447
WINFUT;08/07/2016;14:00:00;117513,82;117699,47;117437,38;117590,27;445550041,10;19941
WINFUT;08/07/2016;13:30:00;117382,78;117557,50;117306,34;117502,90;377691022,60;16927
WINFUT;08/07/2016;13:00:00;117502,90;117568,43;117339,10;117382,78;322783532,20;14521
WINFUT;08/07/2016;12:30:00;117437,38;117568,43;117317,26;117502,90;562965581,30;25225
WINFUT;08/07/2016;12:00:00;116978,73;117470,14;116793,08;117437,38;826953980,70;37042
WINFUT;08/07/2016;11:30:00;116913,20;117120,69;116793,08;116967,81;766324230,00;34573
WINFUT;08/07/2016;11:00:00;116924,12;117317,26;116880,44;116913,20;1133903014,00;50847
WINFUT;08/07/2016;10:30:00;116727,56;116945,97;116345,35;116945,97;1458084350,00;65643
WINFUT;08/07/2016;10:00:00;116476,39;116760,32;116301,67;116738,48;850869534,30;38299
WINFUT;08/07/2016;09:30:00;116214,30;116651,12;116137,86;116476,39;711940916,10;31956
WINFUT;08/07/2016;09:00:00;116192,46;116257,98;115864,85;116214,30;521817724,60;23328
WINFUT;07/07/2016;17:30:00;115242,39;115384,36;115176,87;115176,87;209015386,90;9435
WINFUT;07/07/2016;17:00:00;115078,59;115318,83;115056,75;115242,39;341741249,60;15480
WINFUT;07/07/2016;16:30:00;114980,30;115187,79;114925,70;115089,51;561633299,30;25509
WINFUT;07/07/2016;16:00:00;114925,70;115264,23;114794,66;114980,30;620756042,50;28176
WINFUT;07/07/2016;15:30:00;115296,99;115351,60;114860,18;114914,78;677236062,40;30753
WINFUT;07/07/2016;15:00:00;115613,68;115646,44;115100,43;115286,07;702593101,50;31899
WINFUT;07/07/2016;14:30:00;115559,08;115657,36;115296,99;115613,68;596010542,70;27028
WINFUT;07/07/2016;14:00:00;115373,44;115591,84;115144,11;115548,16;716855071,00;32499
WINFUT;07/07/2016;13:30:00;115832,09;116137,86;115231,47;115373,44;999167807,80;45267
WINFUT;07/07/2016;13:00:00;115941,29;116039,58;115428,04;115843,01;926613041,30;42045
WINFUT;07/07/2016;12:30:00;115766,57;116159,70;115460,80;115941,29;1251100147,00;56690
WINFUT;07/07/2016;12:00:00;116651,12;116651,12;115668,29;115777,49;1519631410,00;68650
WINFUT;07/07/2016;11:30:00;116378,11;116760,32;116378,11;116662,04;1078056374,00;48562
WINFUT;07/07/2016;11:00:00;116181,54;116487,31;116159,70;116378,11;1023760423,00;46317
WINFUT;07/07/2016;10:30:00;115591,84;116236,14;115449,88;116181,54;1525637599,00;68980
WINFUT;07/07/2016;10:00:00;115384,36;115646,44;114936,62;115591,84;926656722,70;41979
WINFUT;07/07/2016;09:30:00;115296,99;115537,24;115100,43;115395,28;432707716,40;19569
WINFUT;07/07/2016;09:00:00;115559,08;115591,84;114860,18;115307,91;781132216,60;35215
WINFUT;06/07/2016;17:30:00;115187,79;115449,88;115133,19;115417,12;289673048,80;13001
WINFUT;06/07/2016;17:00:00;115078,59;115198,71;114903,86;115176,87;353316814,40;15903
WINFUT;06/07/2016;16:30:00;114598,09;115144,11;114598,09;115067,67;586378799,20;26595
WINFUT;06/07/2016;16:00:00;114750,98;114772,82;114499,81;114598,09;466648146,00;21227
WINFUT;06/07/2016;15:30:00;114510,73;114827,42;114379,68;114740,06;686125222,60;31140
WINFUT;06/07/2016;15:00:00;114172,20;114619,93;113997,47;114510,73;758658148,40;34514
WINFUT;06/07/2016;14:30:00;114095,76;114226,80;113899,19;114161,28;460663797,40;20984
WINFUT;06/07/2016;14:00:00;113997,47;114259,56;113953,79;114095,76;672278226,20;30589
WINFUT;06/07/2016;13:30:00;113822,75;114030,23;113691,70;114008,39;630890121,90;28733
WINFUT;06/07/2016;13:00:00;113527,90;113833,67;113484,22;113822,75;632069519,10;28797
WINFUT;06/07/2016;12:30:00;113156,61;113538,82;113036,48;113527,90;592516032,60;27002
WINFUT;06/07/2016;12:00:00;112883,60;113451,46;112850,84;113167,53;957626818,70;43675
WINFUT;06/07/2016;11:30:00;112774,39;112894,52;112523,23;112872,68;984425343,20;44927
WINFUT;06/07/2016;11:00:00;113233,05;113637,10;112697,95;112774,39;1330185280,00;60700
WINFUT;06/07/2016;10:30:00;114117,60;114128,52;113178,45;113243,97;1330665775,00;60663
WINFUT;06/07/2016;10:00:00;113822,75;114150,36;113648,02;114106,68;765319558,30;34857
WINFUT;06/07/2016;09:30:00;113855,51;113866,43;113516,98;113822,75;585352286,80;26600
WINFUT;06/07/2016;09:00:00;113866,43;114084,84;113702,62;113844,59;547764462,30;24875
WINFUT;05/07/2016;17:30:00;114685,45;114805,58;114598,09;114794,66;214628443,80;9696
WINFUT;05/07/2016;17:00:00;114827,42;114947,54;114674,53;114674,53;275782371,00;12484
WINFUT;05/07/2016;16:30:00;114696,37;114969,38;114652,69;114816,50;633096031,40;28596
WINFUT;05/07/2016;16:00:00;114477,97;114718,22;114390,60;114685,45;400689267,30;18235
WINFUT;05/07/2016;15:30:00;114674,53;114718,22;114204,96;114467,05;530095345,40;24137
WINFUT;05/07/2016;15:00:00;114237,72;114685,45;114194,04;114674,53;738455511,70;33617
WINFUT;05/07/2016;14:30:00;114379,68;114390,60;114073,91;114237,72;469902408,50;21409
WINFUT;05/07/2016;14:00:00;114390,60;114532,57;114292,32;114390,60;383456964,30;17449
WINFUT;05/07/2016;13:30:00;114750,98;114805,58;114368,76;114390,60;473484281,40;21537
WINFUT;05/07/2016;13:00:00;114390,60;114750,98;114368,76;114740,06;449852656,70;20474
WINFUT;05/07/2016;12:30:00;114554,41;114619,93;114248,64;114412,45;468504604,50;21350
WINFUT;05/07/2016;12:00:00;114641,77;114707,29;114270,48;114554,41;781656393,10;35640
WINFUT;05/07/2016;11:30:00;114827,42;114882,02;114565,33;114652,69;957168164,20;43460
WINFUT;05/07/2016;11:00:00;115253,31;115406,20;114772,82;114838,34;961274213,60;43629
WINFUT;05/07/2016;10:30:00;115253,31;115799,33;114991,22;115231,47;1671948370,00;75697
WINFUT;05/07/2016;10:00:00;115318,83;115504,48;115111,35;115264,23;720393262,50;32604
WINFUT;05/07/2016;09:30:00;115231,47;115460,80;115089,51;115318,83;521380910,80;23615
WINFUT;05/07/2016;09:00:00;115362,52;115537,24;115067,67;115231,47;615885569,00;27803
WINFUT;04/07/2016;17:30:00;116509,15;116727,56;116454,55;116705,72;147206239,10;6507
WINFUT;04/07/2016;17:00:00;116247,06;116574,67;116214,30;116487,31;145306099,20;6485
WINFUT;04/07/2016;16:30:00;116148,78;116410,87;116116,02;116247,06;179530457,70;8010
WINFUT;04/07/2016;16:00:00;116323,51;116454,55;116094,18;116126,94;249508023,00;11132
WINFUT;04/07/2016;15:30:00;116672,96;116782,16;116257,98;116323,51;295963167,00;13202
WINFUT;04/07/2016;15:00:00;116334,43;116716,64;116312,59;116672,96;204079391,40;9155
WINFUT;04/07/2016;14:30:00;116454,55;116596,51;116301,67;116345,35;185536647,00;8356
WINFUT;04/07/2016;14:00:00;116476,39;116760,32;116367,19;116443,63;247520520,40;11108
WINFUT;04/07/2016;13:30:00;116924,12;116924,12;116389,03;116476,39;343947159,20;15439
WINFUT;04/07/2016;13:00:00;116705,72;117022,41;116640,20;116913,20;290655879,70;13043
WINFUT;04/07/2016;12:30:00;116913,20;117066,09;116683,88;116716,64;350674091,20;15701
WINFUT;04/07/2016;12:00:00;117306,34;117350,02;116869,52;116913,20;522822396,20;23511
WINFUT;04/07/2016;11:30:00;117055,17;117360,94;117033,33;117306,34;485824270,30;21912
WINFUT;04/07/2016;11:00:00;116956,89;117240,81;116749,40;117055,17;743282303,80;33494
WINFUT;04/07/2016;10:30:00;116913,20;117164,37;116705,72;116956,89;741207438,40;33390
WINFUT;04/07/2016;10:00:00;116672,96;116989,65;116487,31;116935,05;585090198,60;26389
WINFUT;04/07/2016;09:30:00;116268,90;116836,76;116159,70;116672,96;605489401,40;27250
WINFUT;04/07/2016;09:00:00;116530,99;116683,88;116203,38;116268,90;568818885,80;25448
WINFUT;01/07/2016;17:30:00;115908,53;116050,50;115690,13;115908,53;210303987,50;9413
WINFUT;01/07/2016;17:00:00;116126,94;116148,78;115755,65;115908,53;379853250,70;17097
WINFUT;01/07/2016;16:30:00;115864,85;116257,98;115832,09;116126,94;591423998,20;26709
WINFUT;01/07/2016;16:00:00;115602,76;115930,37;115504,48;115875,77;501287477,60;22672
WINFUT;01/07/2016;15:30:00;115504,48;115711,97;115329,75;115591,84;607629788,90;27542
WINFUT;01/07/2016;15:00:00;115417,12;115613,68;115340,67;115515,40;515025270,50;23362
WINFUT;01/07/2016;14:30:00;115264,23;115417,12;115198,71;115417,12;443169406,10;20097
WINFUT;01/07/2016;14:00:00;115198,71;115307,91;114936,62;115275,15;420979266,80;19111
WINFUT;01/07/2016;13:30:00;114871,10;115242,39;114761,90;115209,63;452080406,90;20518
WINFUT;01/07/2016;13:00:00;115395,28;115471,72;114794,66;114860,18;586924816,40;26626
WINFUT;01/07/2016;12:30:00;115176,87;115471,72;115002,14;115406,20;436224067,20;19822
WINFUT;01/07/2016;12:00:00;115515,40;115646,44;115056,75;115176,87;811272366,50;36821
WINFUT;01/07/2016;11:30:00;115253,31;115537,24;115056,75;115515,40;728670883,40;33053
WINFUT;01/07/2016;11:00:00;115056,75;115318,83;114914,78;115253,31;860588640,60;39152
WINFUT;01/07/2016;10:30:00;114150,36;115078,59;114095,76;115002,14;1408549669,00;63959
WINFUT;01/07/2016;10:00:00;114619,93;114816,50;114041,15;114150,36;758330538,10;34524
WINFUT;01/07/2016;09:30:00;114641,77;114849,26;114412,45;114619,93;657295514,00;29910
WINFUT;01/07/2016;09:00:00;114412,45;114761,90;114084,84;114641,77;518891072,30;23558
WINFUT;30/06/2016;17:30:00;114325,08;114368,76;113964,71;113964,71;220394385,50;9987
WINFUT;30/06/2016;17:00:00;114150,36;114401,53;114073,91;114314,16;344624220,50;15678
WINFUT;30/06/2016;16:30:00;114052,07;114259,56;113811,83;114150,36;544269952,10;24793
WINFUT;30/06/2016;16:00:00;114270,48;114281,40;113866,43;114062,99;539006346,30;24566
WINFUT;30/06/2016;15:30:00;114117,60;114390,60;114073,91;114259,56;512710157,60;23367
WINFUT;30/06/2016;15:00:00;114346,92;114619,93;114052,07;114095,76;835340805,00;38026
WINFUT;30/06/2016;14:30:00;114073,91;114434,29;114052,07;114346,92;472435928,40;21534
WINFUT;30/06/2016;14:00:00;114270,48;114325,08;113953,79;114062,99;619511123,30;28205
WINFUT;30/06/2016;13:30:00;114270,48;114477,97;114161,28;114270,48;766346070,70;34902
WINFUT;30/06/2016;13:00:00;113713,54;114346,92;113702,62;114270,48;944238476,80;42948
WINFUT;30/06/2016;12:30:00;113527,90;113735,38;113396,85;113702,62;706174974,40;32197
WINFUT;30/06/2016;12:00:00;112839,92;113571,58;112676,11;113516,98;974072857,00;44435
WINFUT;30/06/2016;11:30:00;112545,07;112872,68;112490,47;112839,92;846654281,50;38657
WINFUT;30/06/2016;11:00:00;112523,23;112654,27;112162,85;112534,15;1067179711,00;48730
WINFUT;30/06/2016;10:30:00;113058,32;113145,69;112348,50;112512,31;1319068369,00;60210
WINFUT;30/06/2016;10:00:00;112818,08;113233,05;112796,23;113058,32;766826565,80;34982
WINFUT;30/06/2016;09:30:00;112741,63;112839,92;112523,23;112807,16;452102247,60;20639
WINFUT;30/06/2016;09:00:00;113353,17;113353,17;112697,95;112741,63;440308275,90;20038
WINFUT;29/06/2016;17:30:00;113451,46;113702,62;113331,33;113702,62;167933052,20;7607
WINFUT;29/06/2016;17:00:00;113298,57;113506,06;113243,97;113462,38;364848697,90;16589
WINFUT;29/06/2016;16:30:00;113462,38;113506,06;113243,97;113309,49;458086596,20;20902
WINFUT;29/06/2016;16:00:00;113407,77;113571,58;113375,01;113451,46;404598750,50;18455
WINFUT;29/06/2016;15:30:00;113309,49;113473,30;113112,92;113396,85;504891191,20;23047
WINFUT;29/06/2016;15:00:00;113385,93;113593,42;113276,73;113309,49;498491869,50;22728
WINFUT;29/06/2016;14:30:00;113003,72;113451,46;112970,96;113375,01;483967811,80;22076
WINFUT;29/06/2016;14:00:00;113211,21;113375,01;112992,80;112992,80;475340739,90;21693
WINFUT;29/06/2016;13:30:00;113549,74;113549,74;113156,61;113200,29;389965489,40;17772
WINFUT;29/06/2016;13:00:00;113462,38;113669,86;113233,05;113549,74;450092904,20;20513
WINFUT;29/06/2016;12:30:00;113658,94;113811,83;113396,85;113462,38;591598723,70;26974
WINFUT;29/06/2016;12:00:00;113265,81;113669,86;113189,37;113669,86;801247490,50;36554
WINFUT;29/06/2016;11:30:00;113047,40;113473,30;112981,88;113254,89;1040140939,00;47414
WINFUT;29/06/2016;11:00:00;112708,87;113233,05;112654,27;113058,32;927508509,50;42316
WINFUT;29/06/2016;10:30:00;112468,62;112774,39;112173,78;112708,87;1081004867,00;49365
WINFUT;29/06/2016;10:00:00;112676,11;112829,00;112217,46;112457,70;714474436,00;32614
WINFUT;29/06/2016;09:30:00;112577,83;112861,76;112381,26;112676,11;475493624,70;21682
WINFUT;29/06/2016;09:00:00;112490,47;112807,16;112282,98;112566,91;440810611,70;20073
WINFUT;28/06/2016;17:30:00;111332,91;111431,19;111201,86;111431,19;153168747,00;6997
WINFUT;28/06/2016;17:00:00;111059,90;111387,51;111005,30;111321,99;331235878,60;15153
WINFUT;28/06/2016;16:30:00;111125,42;111256,47;110841,49;111059,90;627308249,00;28702
WINFUT;28/06/2016;16:00:00;111190,94;111376,59;111016,22;111136,34;600618927,90;27472
WINFUT;28/06/2016;15:30:00;110863,33;111343,83;110841,49;111190,94;723167029,90;33087
WINFUT;28/06/2016;15:00:00;110754,13;111048,98;110415,60;110852,41;692808473,20;31706
WINFUT;28/06/2016;14:30:00;110415,60;110797,81;110339,16;110743,21;463634131,00;21222
WINFUT;28/06/2016;14:00:00;110961,62;110983,46;110393,76;110415,60;655002241,80;29975
WINFUT;28/06/2016;13:30:00;110961,62;111190,94;110819,65;110961,62;438604702,20;20073
WINFUT;28/06/2016;13:00:00;111212,78;111321,99;110786,89;110961,62;605161791,10;27692
WINFUT;28/06/2016;12:30:00;110688,61;111300,15;110535,72;111201,86;703095437,40;32175
WINFUT;28/06/2016;12:00:00;110721,37;111147,26;110568,48;110688,61;816295724,80;37356
WINFUT;28/06/2016;11:30:00;111027,14;111180,02;110655,85;110721,37;900360534,00;41207
WINFUT;28/06/2016;11:00:00;111584,08;111802,48;110907,02;111027,14;1095681809,00;50121
WINFUT;28/06/2016;10:30:00;111114,50;111715,12;110841,49;111605,92;1316709575,00;60232
WINFUT;28/06/2016;10:00:00;111234,63;111409,35;110917,94;111125,42;749812669,60;34313
WINFUT;28/06/2016;09:30:00;111234,63;111518,55;111092,66;111234,63;499474700,50;22847
WINFUT;28/06/2016;09:00:00;110917,94;111311,07;110699,53;111245,55;589654902,40;26984
WINFUT;27/06/2016;17:30:00;109312,64;109334,49;109028,72;109028,72;174812869,10;8004
WINFUT;27/06/2016;17:00:00;109421,85;109673,02;109279,88;109323,57;402392841,00;18424
WINFUT;27/06/2016;16:30:00;109214,36;109771,30;109094,24;109432,77;714780205,60;32727
WINFUT;27/06/2016;16:00:00;109094,24;109454,61;108941,35;109225,28;455880686,60;20873
WINFUT;27/06/2016;15:30:00;109290,80;109531,05;109006,88;109094,24;547742621,60;25079
WINFUT;27/06/2016;15:00:00;109498,29;109596,57;108930,43;109290,80;656880541,00;30076
WINFUT;27/06/2016;14:30:00;109771,30;109782,22;109170,68;109487,37;702745986,40;32176
WINFUT;27/06/2016;14:00:00;110022,47;110175,35;109727,62;109782,22;555736313,50;25444
WINFUT;27/06/2016;13:30:00;109836,82;110077,07;109541,97;110022,47;589938831,40;27011
WINFUT;27/06/2016;13:00:00;109443,69;109847,74;109083,32;109825,90;584959154,40;26783
WINFUT;27/06/2016;12:30:00;109105,16;109520,13;108821,23;109443,69;645632586,50;29561
WINFUT;27/06/2016;12:00:00;109028,72;109410,93;108733,87;109105,16;889047057,50;40706
WINFUT;27/06/2016;11:30:00;109279,88;109552,89;108897,67;109006,88;967826420,10;44313
WINFUT;27/06/2016;11:00:00;109825,90;110109,83;109236,20;109279,88;1106907923,00;50681
WINFUT;27/06/2016;10:30:00;111234,63;111256,47;109782,22;109825,90;1478833004,00;67702
WINFUT;27/06/2016;10:00:00;110950,70;111332,91;110229,95;111212,78;978178906,40;44774
WINFUT;27/06/2016;09:30:00;110262,71;111125,42;110120,75;110950,70;598696947,40;27401
WINFUT;27/06/2016;09:00:00;110055,23;110382,84;109760,38;110251,79;474751041,30;21737
WINFUT;24/06/2016;17:30:00;111059,90;111059,90;110492,04;110612,17;231511295,90;10592
WINFUT;24/06/2016;17:00:00;111158,18;111387,51;110983,46;111059,90;453652936,40;20748
WINFUT;24/06/2016;16:30:00;110568,48;111311,07;110492,04;111147,26;843094249,30;38575
WINFUT;24/06/2016;16:00:00;110819,65;110972,54;110371,92;110579,40;557592772,00;25520
WINFUT;24/06/2016;15:30:00;110797,81;110928,86;110492,04;110808,73;571439768,40;26157
WINFUT;24/06/2016;15:00:00;111136,34;111311,07;110644,93;110786,89;634886967,80;29057
WINFUT;24/06/2016;14:30:00;110928,86;111573,16;110874,25;111136,34;803824691,80;36782
WINFUT;24/06/2016;14:00:00;110655,85;111048,98;110426,52;110928,86;627068001,40;28698
WINFUT;24/06/2016;13:30:00;110961,62;111016,22;110535,72;110666,77;512513591,40;23463
WINFUT;24/06/2016;13:00:00;110721,37;111016,22;110590,33;110961,62;455443872,90;20849
WINFUT;24/06/2016;12:30:00;110743,21;111114,50;110601,25;110732,29;637027355,30;29154
WINFUT;24/06/2016;12:00:00;110459,28;110950,70;110229,95;110743,21;1016989809,00;46550
WINFUT;24/06/2016;11:30:00;111223,71;111332,91;110437,44;110481,12;870001977,30;39815
WINFUT;24/06/2016;11:00:00;111693,28;112042,73;110852,41;111201,86;1370699756,00;62692
WINFUT;24/06/2016;10:30:00;110502,96;111922,61;110197,19;111682,36;1551365930,00;70988
WINFUT;24/06/2016;10:00:00;110371,92;111005,30;109989,71;110513,88;1164065004,00;53287
WINFUT;24/06/2016;09:30:00;110284,56;110808,73;109858,66;110382,84;1012621672,00;46359
WINFUT;24/06/2016;09:00:00;109421,85;110404,68;109017,80;110295,48;936026378,00;42854
WINFUT;23/06/2016;17:30:00;115023,98;115897,61;114991,22;115897,61;340168720,10;15231
WINFUT;23/06/2016;17:00:00;114729,14;115078,59;114696,37;115034,91;510722654,90;22980
WINFUT;23/06/2016;16:30:00;114041,15;115013,06;114030,23;114718,22;1053070627,00;47789
WINFUT;23/06/2016;16:00:00;114270,48;114270,48;113888,27;114041,15;593957518,00;27061
WINFUT;23/06/2016;15:30:00;114215,88;114456,13;113921,03;114248,64;743981205,80;33914
WINFUT;23/06/2016;15:00:00;114325,08;114499,81;114106,68;114215,88;575982631,50;26267
WINFUT;23/06/2016;14:30:00;114532,57;114652,69;114019,31;114325,08;757784520,80;34509
WINFUT;23/06/2016;14:00:00;114150,36;114630,85;114139,44;114532,57;697132929,50;31692
WINFUT;23/06/2016;13:30:00;114117,60;114259,56;113877,35;114161,28;542544537,80;24698
WINFUT;23/06/2016;13:00:00;114390,60;114445,21;114106,68;114117,60;424320892,10;19332
WINFUT;23/06/2016;12:30:00;113964,71;114445,21;113910,11;114379,68;709429237,00;32277
WINFUT;23/06/2016;12:00:00;113680,78;113975,63;113473,30;113975,63;850825853,00;38780
WINFUT;23/06/2016;11:30:00;113375,01;113779,07;113265,81;113658,94;954743847,80;43548
WINFUT;23/06/2016;11:00:00;112424,94;113451,46;112293,90;113364,09;1238847521,00;56512
WINFUT;23/06/2016;10:30:00;112872,68;112970,96;112108,25;112424,94;1476954705,00;67453
WINFUT;23/06/2016;10:00:00;112752,55;113025,56;112392,18;112883,60;837655917,90;38243
WINFUT;23/06/2016;09:30:00;112872,68;112960,04;112599,67;112752,55;473134830,40;21579
WINFUT;23/06/2016;09:00:00;113025,56;113200,29;112763,47;112872,68;559929725,60;25468
WINFUT;22/06/2016;17:30:00;111289,23;111376,59;111212,78;111223,71;198924988,90;9092
WINFUT;22/06/2016;17:00:00;111431,19;111551,32;111234,63;111289,23;410452055,00;18758
WINFUT;22/06/2016;16:30:00;111453,03;111747,88;111332,91;111442,11;578625354,80;26458
WINFUT;22/06/2016;16:00:00;111889,85;111977,21;111278,31;111453,03;734240258,90;33568
WINFUT;22/06/2016;15:30:00;112086,41;112130,09;111715,12;111889,85;595093233,80;27195
WINFUT;22/06/2016;15:00:00;112097,33;112239,30;111868,01;112086,41;522691352,10;23888
WINFUT;22/06/2016;14:30:00;111977,21;112304,82;111704,20;112108,25;740617739,90;33845
WINFUT;22/06/2016;14:00:00;112763,47;112818,08;111868,01;111977,21;903549274,50;41263
WINFUT;22/06/2016;13:30:00;112807,16;113003,72;112577,83;112752,55;633947818,30;28966
WINFUT;22/06/2016;13:00:00;112938,20;113080,16;112490,47;112818,08;647095912,60;29561
WINFUT;22/06/2016;12:30:00;113768,15;113768,15;112588,75;112949,12;1475120087,00;67313
WINFUT;22/06/2016;12:00:00;113735,38;113931,95;113484,22;113779,07;716199850,30;32678
WINFUT;22/06/2016;11:30:00;113789,99;114073,91;113462,38;113724,46;1064231218,00;48546
WINFUT;22/06/2016;11:00:00;112992,80;113910,11;112949,12;113789,99;1203225358,00;54853
WINFUT;22/06/2016;10:30:00;113123,84;113320,41;112414,02;112949,12;1334051081,00;60908
WINFUT;22/06/2016;10:00:00;113331,33;113527,90;112599,67;113123,84;1266738080,00;57810
WINFUT;22/06/2016;09:30:00;113473,30;113527,90;113243,97;113331,33;441793442,70;20058
WINFUT;22/06/2016;09:00:00;113746,30;113855,51;113298,57;113451,46;618309885,40;28019
WINFUT;21/06/2016;17:30:00;113222,13;113320,41;113014,64;113243,97;246166397,70;11168
WINFUT;21/06/2016;17:00:00;113080,16;113276,73;112938,20;113222,13;294281434,00;13375
WINFUT;21/06/2016;16:30:00;112938,20;113211,21;112796,23;113080,16;536713074,00;24445
WINFUT;21/06/2016;16:00:00;112752,55;113112,92;112610,59;112927,28;654172295,60;29817
WINFUT;21/06/2016;15:30:00;112676,11;113058,32;112632,43;112741,63;767656512,00;34972
WINFUT;21/06/2016;15:00:00;112261,14;112763,47;112228,38;112676,11;816186521,30;37236
WINFUT;21/06/2016;14:30:00;111922,61;112272,06;111769,72;112250,22;728780086,80;33299
WINFUT;21/06/2016;14:00:00;111671,44;112119,17;111638,68;111922,61;522560308,00;23884
WINFUT;21/06/2016;13:30:00;111715,12;111944,45;111529,47;111671,44;523324732,10;23904
WINFUT;21/06/2016;13:00:00;111103,58;111802,48;111081,74;111715,12;528653860,00;24169
WINFUT;21/06/2016;12:30:00;111376,59;111420,27;110994,38;111103,58;485343775,10;22210
WINFUT;21/06/2016;12:00:00;110885,17;111551,32;110863,33;111387,51;785150903,30;35930
WINFUT;21/06/2016;11:30:00;110666,77;111038,06;110612,17;110885,17;688527698,30;31504
WINFUT;21/06/2016;11:00:00;111114,50;111114,50;110513,88;110666,77;900775507,10;41228
WINFUT;21/06/2016;10:30:00;111846,16;111988,13;110972,54;111114,50;1355564159,00;62025
WINFUT;21/06/2016;10:00:00;111540,40;111889,85;111409,35;111835,24;680577687,70;31136
WINFUT;21/06/2016;09:30:00;112228,38;112228,38;111278,31;111540,40;1016203545,00;46458
WINFUT;21/06/2016;09:00:00;112206,54;112588,75;112097,33;112206,54;670618333,90;30631
WINFUT;20/06/2016;17:30:00;111889,85;112370,34;111878,93;112217,46;250731101,50;11431
WINFUT;20/06/2016;17:00:00;112217,46;112250,22;111846,16;111900,77;378892260,40;17293
WINFUT;20/06/2016;16:30:00;111955,37;112261,14;111900,77;112228,38;590899821,60;26991
WINFUT;20/06/2016;16:00:00;112610,59;112621,51;111933,53;111955,37;730483660,50;33342
WINFUT;20/06/2016;15:30:00;112555,99;112807,16;112534,15;112599,67;493839802,90;22541
WINFUT;20/06/2016;15:00:00;112457,70;112665,19;112304,82;112577,83;641242608,10;29246
WINFUT;20/06/2016;14:30:00;112687,03;112730,71;112435,86;112446,78;565389897,70;25812
WINFUT;20/06/2016;14:00:00;112938,20;113123,84;112665,19;112665,19;548463364,30;25031
WINFUT;20/06/2016;13:30:00;113003,72;113069,24;112774,39;112949,12;344056362,60;15675
WINFUT;20/06/2016;13:00:00;112949,12;113102,00;112872,68;112992,80;356440032,90;16275
WINFUT;20/06/2016;12:30:00;112818,08;113134,77;112752,55;112960,04;613111801,60;27983
WINFUT;20/06/2016;12:00:00;112894,52;112960,04;112719,79;112807,16;561458573,80;25658
WINFUT;20/06/2016;11:30:00;112599,67;112992,80;112599,67;112894,52;894529070,20;40834
WINFUT;20/06/2016;11:00:00;112206,54;112730,71;112086,41;112610,59;843880514,10;38547
WINFUT;20/06/2016;10:30:00;112151,93;112752,55;112031,81;112195,62;1354843417,00;61916
WINFUT;20/06/2016;10:00:00;112217,46;112621,51;111857,09;112151,93;897586766,60;41012
WINFUT;20/06/2016;09:30:00;112162,85;112435,86;111955,37;112217,46;609529928,70;27851
WINFUT;20/06/2016;09:00:00;112545,07;112697,95;111999,05;112162,85;587317948,80;26804
WINFUT;17/06/2016;17:30:00;110208,11;110415,60;110011,55;110415,60;220307022,80;10083
WINFUT;17/06/2016;17:00:00;110295,48;110382,84;110120,75;110208,11;375288546,90;17177
WINFUT;17/06/2016;16:30:00;110350,08;110415,60;110000,63;110306,40;628072673,10;28746
WINFUT;17/06/2016;16:00:00;110404,68;110448,36;110120,75;110328,24;455858845,90;20869
WINFUT;17/06/2016;15:30:00;110754,13;110852,41;110295,48;110382,84;585395968,20;26797
WINFUT;17/06/2016;15:00:00;110699,53;110907,02;110415,60;110754,13;595988702,00;27284
WINFUT;17/06/2016;14:30:00;110557,56;110841,49;110382,84;110699,53;547393170,60;25058
WINFUT;17/06/2016;14:00:00;110306,40;110710,45;110098,91;110557,56;610272512,10;27933
WINFUT;17/06/2016;13:30:00;110513,88;110634,01;110219,03;110284,56;456426703,80;20891
WINFUT;17/06/2016;13:00:00;110721,37;110939,78;110448,36;110502,96;472938264,20;21647
WINFUT;17/06/2016;12:30:00;110612,17;110928,86;110535,72;110721,37;435153873,50;19915
WINFUT;17/06/2016;12:00:00;111081,74;111103,58;110601,25;110612,17;801247490,50;36663
WINFUT;17/06/2016;11:30:00;111201,86;111365,67;110896,09;111081,74;994821510,80;45514
WINFUT;17/06/2016;11:00:00;111616,84;111824,32;111201,86;111223,71;798015068,70;36492
WINFUT;17/06/2016;10:30:00;111442,11;111857,09;111005,30;111616,84;1376793308,00;62988
WINFUT;17/06/2016;10:00:00;111223,71;111878,93;111027,14;111442,11;1013975794,00;46358
WINFUT;17/06/2016;09:30:00;110819,65;111278,31;110765,05;111223,71;582971651,80;26683
WINFUT;17/06/2016;09:00:00;110295,48;110841,49;110295,48;110819,65;576812577,70;26405
WINFUT;16/06/2016;17:30:00;110284,56;110371,92;110077,07;110371,92;237997980,30;10891
WINFUT;16/06/2016;17:00:00;110131,67;110284,56;110087,99;110273,64;346022024,50;15842
WINFUT;16/06/2016;16:30:00;109804,06;110164,43;109793,14;110142,59;461537424,90;21131
WINFUT;16/06/2016;16:00:00;109771,30;110098,91;109673,02;109804,06;607367700,60;27809
WINFUT;16/06/2016;15:30:00;109312,64;109825,90;109072,40;109760,38;710018935,60;32509
WINFUT;16/06/2016;15:00:00;109039,64;109574,73;108995,95;109301,72;832042861,00;38096
WINFUT;16/06/2016;14:30:00;109290,80;109334,49;108897,67;109017,80;668783716,10;30621
WINFUT;16/06/2016;14:00:00;109378,17;109640,26;109247,12;109312,64;561065441,40;25689
WINFUT;16/06/2016;13:30:00;109192,52;109694,86;109094,24;109378,17;782661064,80;35835
WINFUT;16/06/2016;13:00:00;108548,22;109301,72;108482,70;109192,52;741818977,70;33965
WINFUT;16/06/2016;12:30:00;108908,59;108985,03;108515,46;108537,30;640565546,80;29329
WINFUT;16/06/2016;12:00:00;108045,88;108930,43;107958,52;108897,67;1047894383,00;47981
WINFUT;16/06/2016;11:30:00;107401,58;108045,88;107237,78;108045,88;1074168731,00;49196
WINFUT;16/06/2016;11:00:00;107292,38;107860,24;107063,05;107401,58;1091641282,00;49998
WINFUT;16/06/2016;10:30:00;107936,68;107936,68;107117,66;107292,38;1249309211,00;57226
WINFUT;16/06/2016;10:00:00;107936,68;108187,85;107630,91;107936,68;753634790,10;34512
WINFUT;16/06/2016;09:30:00;107478,03;107980,36;107456,19;107936,68;509040921,90;23311
WINFUT;16/06/2016;09:00:00;107893,00;107893,00;107336,06;107467,11;615951091,10;28209
WINFUT;15/06/2016;17:30:00;108712,03;108919,51;108657,42;108657,42;175293364,20;8026
WINFUT;15/06/2016;17:00:00;108875,83;108995,95;108515,46;108701,11;304262628,50;13931
WINFUT;15/06/2016;16:30:00;109487,37;109531,05;108602,82;108864,91;772330419,20;35362
WINFUT;15/06/2016;16:00:00;109378,17;109705,78;109290,80;109509,21;555168455,60;25419
WINFUT;15/06/2016;15:30:00;108853,99;109410,93;108755,71;109367,25;798910536,90;36579
WINFUT;15/06/2016;15:00:00;108875,83;109367,25;108504,54;108875,83;1089631939,00;49890
WINFUT;15/06/2016;14:30:00;108493,62;108908,59;108133,25;108897,67;866354582,30;39667
WINFUT;15/06/2016;14:00:00;109203,44;109279,88;107325,14;108504,54;1952644896,00;89411
WINFUT;15/06/2016;13:30:00;109694,86;109793,14;109192,52;109192,52;495215766,20;22674
WINFUT;15/06/2016;13:00:00;109836,82;109891,42;109498,29;109705,78;370723843,00;16974
WINFUT;15/06/2016;12:30:00;109771,30;109891,42;109367,25;109836,82;564057615,70;25826
WINFUT;15/06/2016;12:00:00;109793,14;110186,27;109738,54;109760,38;592668917,40;27135
WINFUT;15/06/2016;11:30:00;109247,12;109825,90;109247,12;109804,06;792795144,20;36299
WINFUT;15/06/2016;11:00:00;109443,69;109574,73;109159,76;109247,12;589676743,10;26999
WINFUT;15/06/2016;10:30:00;109094,24;109509,21;108843,07;109432,77;1170355123,00;53586
WINFUT;15/06/2016;10:00:00;108602,82;109094,24;108187,85;109083,32;723450958,90;33125
WINFUT;15/06/2016;09:30:00;108952,27;109148,84;108559,14;108602,82;574497464,70;26304
WINFUT;15/06/2016;09:00:00;108766,63;109072,40;108613,74;108963,19;462891547,60;21194
WINFUT;14/06/2016;17:30:00;108634,12;108656,44;108053,97;108187,85;239961252,50;10810
WINFUT;14/06/2016;17:00:00;108277,10;108634,12;108265,95;108622,97;344924776,00;15527
WINFUT;14/06/2016;16:30:00;108232,48;108410,99;107908,93;108299,42;700225410,60;31496
WINFUT;14/06/2016;16:00:00;108031,65;108366,36;107875,46;108254,79;711069856,20;31968
WINFUT;14/06/2016;15:30:00;108098,59;108154,38;107540,75;108020,50;962634219,30;43291
WINFUT;14/06/2016;15:00:00;107987,03;108366,36;107730,42;108098,59;879694292,30;39547
WINFUT;14/06/2016;14:30:00;108745,69;108779,16;107931,24;107987,03;1180661130,00;53071
WINFUT;14/06/2016;14:00:00;109113,87;109203,12;108678,75;108756,85;566633443,00;25445
WINFUT;14/06/2016;13:30:00;109191,96;109303,53;108879,57;109113,87;532672030,90;23920
WINFUT;14/06/2016;13:00:00;108611,81;109214,28;108578,34;109203,12;690652844,30;31022
WINFUT;14/06/2016;12:30:00;109080,40;109258,91;108578,34;108611,81;758932687,40;34095
WINFUT;14/06/2016;12:00:00;109415,10;109426,26;109046,93;109069,24;968480402,00;43459
WINFUT;14/06/2016;11:30:00;110117,98;110263,02;109258,91;109415,10;1391926998,00;62452
WINFUT;14/06/2016;11:00:00;111122,10;111189,04;109972,94;110117,98;1291002249,00;57873
WINFUT;14/06/2016;10:30:00;110742,77;111401,02;110686,98;111122,10;1351226856,00;60556
WINFUT;14/06/2016;10:00:00;110452,69;110954,75;110352,28;110731,61;811570644,90;36374
WINFUT;14/06/2016;09:30:00;110251,86;110497,31;110051,04;110430,37;665349137,80;29828
WINFUT;14/06/2016;09:00:00;109783,28;110329,96;109783,28;110251,86;584238932,00;26191
WINFUT;13/06/2016;17:30:00;111010,53;111066,31;110620,04;110854,33;273119372,40;12240
WINFUT;13/06/2016;17:00:00;110988,22;111077,47;110720,45;111021,69;304492398,30;13646
WINFUT;13/06/2016;16:30:00;110910,12;111189,04;110832,02;110977,06;787293367,40;35285
WINFUT;13/06/2016;16:00:00;110553,10;111088,63;110329,96;110898,96;847138641,60;37966
WINFUT;13/06/2016;15:30:00;110374,59;110765,08;110318,81;110553,10;658164134,70;29500
WINFUT;13/06/2016;15:00:00;110251,86;110541,94;110084,51;110385,75;531667915,50;23829
WINFUT;13/06/2016;14:30:00;110642,35;110787,39;110140,30;110240,71;787360308,40;35292
WINFUT;13/06/2016;14:00:00;110586,57;110653,51;110296,49;110642,35;510291415,60;22872
WINFUT;13/06/2016;13:30:00;110631,20;110709,29;110452,69;110597,73;320870635,20;14380
WINFUT;13/06/2016;13:00:00;110162,61;110742,77;110051,04;110642,35;685721522,30;30751
WINFUT;13/06/2016;12:30:00;110787,39;110887,80;110140,30;110162,61;793362686,70;35565
WINFUT;13/06/2016;12:00:00;110709,29;110854,33;110497,31;110765,08;569087947,20;25504
WINFUT;13/06/2016;11:30:00;110575,41;110798,55;110385,75;110698,14;918988672,60;41187
WINFUT;13/06/2016;11:00:00;109917,16;110642,35;109827,90;110575,41;1029619869,00;46158
WINFUT;13/06/2016;10:30:00;109113,87;110151,45;109002,30;109917,16;1552630079,00;69618
WINFUT;13/06/2016;10:00:00;109136,18;109203,12;108801,48;109113,87;997265041,70;44737
WINFUT;13/06/2016;09:30:00;109069,24;109292,38;108935,36;109147,34;558087305,80;25050
WINFUT;13/06/2016;09:00:00;109337,00;109560,14;108991,14;109069,24;720977127,60;32363
WINFUT;10/06/2016;17:30:00;110140,30;110240,71;109928,32;109928,32;351574250,90;15780
WINFUT;10/06/2016;17:00:00;110207,24;110463,84;110117,98;110140,30;543516476,50;24365
WINFUT;10/06/2016;16:30:00;110865,49;110988,22;110184,92;110218,39;802310470,10;35961
WINFUT;10/06/2016;16:00:00;111099,78;111099,78;110765,08;110865,49;515401247,00;23099
WINFUT;10/06/2016;15:30:00;111244,82;111334,08;111032,84;111088,63;491123969,50;22010
WINFUT;10/06/2016;15:00:00;111144,41;111278,29;110965,90;111244,82;549630423,30;24632
WINFUT;10/06/2016;14:30:00;111066,31;111144,41;110898,96;111122,10;557998051,10;25007
WINFUT;10/06/2016;14:00:00;111322,92;111378,70;111010,53;111066,31;550099010,40;24654
WINFUT;10/06/2016;13:30:00;111479,12;111512,59;111189,04;111322,92;577344006,70;25874
WINFUT;10/06/2016;13:00:00;111568,37;111724,57;111467,96;111479,12;391270277,40;17535
WINFUT;10/06/2016;12:30:00;111546,06;111657,63;111389,86;111557,21;468721040,60;21006
WINFUT;10/06/2016;12:00:00;111769,19;111813,82;111534,90;111534,90;635694264,70;28489
WINFUT;10/06/2016;11:30:00;111936,55;112115,06;111746,88;111769,19;652942734,90;29262
WINFUT;10/06/2016;11:00:00;112126,21;112315,88;111724,57;111925,39;833036399,50;37333
WINFUT;10/06/2016;10:30:00;112260,09;112539,02;111869,61;112115,06;1248249249,00;55939
WINFUT;10/06/2016;10:00:00;112873,72;113052,23;112170,84;112260,09;1163680424,00;52137
WINFUT;10/06/2016;09:30:00;112896,03;112974,13;112583,64;112884,88;559537694,60;25071
WINFUT;10/06/2016;09:00:00;112817,94;112940,66;112572,49;112907,19;533095990,70;23886
WINFUT;09/06/2016;17:30:00;114502,62;114513,78;114034,03;114134,44;274882152,70;12272
WINFUT;09/06/2016;17:00:00;114457,99;114536,09;114257,17;114513,78;377636622,40;16893
WINFUT;09/06/2016;16:30:00;114669,97;114748,07;114391,05;114435,68;497394111,90;22224
WINFUT;09/06/2016;16:00:00;114145,60;114748,07;114134,44;114669,97;649372547,00;29042
WINFUT;09/06/2016;15:30:00;114011,72;114290,64;113900,15;114156,76;423647418,70;18971
WINFUT;09/06/2016;15:00:00;114190,23;114257,17;113855,52;114022,88;543583417,60;24349
WINFUT;09/06/2016;14:30:00;114223,70;114346,42;113955,93;114179,07;467783866,30;20943
WINFUT;09/06/2016;14:00:00;113933,62;114312,95;113766,27;114223,70;510715375,50;22867
WINFUT;09/06/2016;13:30:00;113911,31;114045,19;113822,05;113933,62;344210738,50;15415
WINFUT;09/06/2016;13:00:00;113888,99;113933,62;113543,13;113900,15;473139148,10;21186
WINFUT;09/06/2016;12:30:00;114123,29;114179,07;113699,33;113877,84;667959837,60;29888
WINFUT;09/06/2016;12:00:00;114134,44;114636,50;114022,88;114112,13;789256970,70;35301
WINFUT;09/06/2016;11:30:00;114234,86;114335,27;113944,78;114156,76;665393765,10;29780
WINFUT;09/06/2016;11:00:00;114379,89;114469,15;113989,40;114223,70;871058900,40;38985
WINFUT;09/06/2016;10:30:00;114915,42;114915,42;114100,97;114379,89;1426803270,00;63802
WINFUT;09/06/2016;10:00:00;114937,74;115227,81;114647,66;114915,42;1115192810,00;49787
WINFUT;09/06/2016;09:30:00;114480,31;115060,46;114446,84;114937,74;763529304,30;34138
WINFUT;09/06/2016;09:00:00;114591,87;114993,52;114446,84;114491,46;793027981,60;35440
WINFUT;08/06/2016;17:30:00;115662,93;115752,18;115350,54;115350,54;232062211,80;10320
WINFUT;08/06/2016;17:00:00;115640,62;115763,34;115529,05;115674,09;342425644,50;15286
WINFUT;08/06/2016;16:30:00;115584,83;115830,28;115562,52;115640,62;523768874,90;23394
WINFUT;08/06/2016;16:00:00;115562,52;115651,77;115372,85;115584,83;463878973,30;20719
WINFUT;08/06/2016;15:30:00;115763,34;115941,85;115495,58;115551,36;637858691,10;28421
WINFUT;08/06/2016;15:00:00;115529,05;115886,07;115406,32;115752,18;687082656,50;30627
WINFUT;08/06/2016;14:30:00;115439,79;115640,62;115339,38;115529,05;462674034,90;20646
WINFUT;08/06/2016;14:00:00;115462,11;115741,03;115372,85;115450,95;533386068,50;23809
WINFUT;08/06/2016;13:30:00;115317,07;115517,89;115205,50;115473,26;436901741,10;19510
WINFUT;08/06/2016;13:00:00;115205,50;115595,99;115194,34;115317,07;542690870,60;24243
WINFUT;08/06/2016;12:30:00;115138,56;115495,58;114982,36;115194,34;734409959,50;32803
WINFUT;08/06/2016;12:00:00;115127,40;115205,50;114736,91;115138,56;783522356,40;35052
WINFUT;08/06/2016;11:30:00;114424,52;115183,19;114357,58;115127,40;1141634514,00;51045
WINFUT;08/06/2016;11:00:00;114837,32;114948,89;114413,36;114424,52;1276007460,00;57049
WINFUT;08/06/2016;10:30:00;114290,64;114993,52;114212,54;114837,32;1519137254,00;67946
WINFUT;08/06/2016;10:00:00;113409,25;114312,95;113375,78;114290,64;1089554398,00;48759
WINFUT;08/06/2016;09:30:00;113877,84;114000,56;113241,90;113409,25;705179046,20;31581
WINFUT;08/06/2016;09:00:00;113476,19;114034,03;113420,41;113877,84;770669680,10;34512
WINFUT;07/06/2016;17:30:00;113208,43;113286,52;113029,92;113286,52;307303921,30;13757
WINFUT;07/06/2016;17:00:00;112896,03;113275,37;112873,72;113208,43;502727080,10;22515
WINFUT;07/06/2016;16:30:00;112650,58;112985,29;112539,02;112896,03;563754979,10;25260
WINFUT;07/06/2016;16:00:00;112873,72;112884,88;112416,29;112661,74;660886402,90;29614
WINFUT;07/06/2016;15:30:00;112884,88;113018,76;112773,31;112862,56;408942707,40;18322
WINFUT;07/06/2016;15:00:00;112784,47;113018,76;112617,11;112873,72;728898481,90;32659
WINFUT;07/06/2016;14:30:00;113041,07;113186,11;112773,31;112784,47;550032069,40;24642
WINFUT;07/06/2016;14:00:00;112817,94;113152,64;112773,31;113018,76;639576844,00;28653
WINFUT;07/06/2016;13:30:00;112628,27;112851,41;112416,29;112806,78;526491143,10;23593
WINFUT;07/06/2016;13:00:00;112717,53;112739,84;112405,13;112617,11;603808024,30;27058
WINFUT;07/06/2016;12:30:00;113029,92;113197,27;112594,80;112717,53;822816736,70;36874
WINFUT;07/06/2016;12:00:00;113007,60;113096,86;112751,00;113029,92;671083752,00;30067
WINFUT;07/06/2016;11:30:00;113119,17;113319,99;112896,03;113018,76;911045004,60;40816
WINFUT;07/06/2016;11:00:00;112617,11;113119,17;112527,86;113096,86;847272523,60;37960
WINFUT;07/06/2016;10:30:00;112036,96;112672,90;112036,96;112617,11;1190256010,00;53339
WINFUT;07/06/2016;10:00:00;111758,04;112327,04;111746,88;112036,96;1018998560,00;45667
WINFUT;07/06/2016;09:30:00;111824,98;111836,14;111423,33;111758,04;600996501,30;26934
WINFUT;07/06/2016;09:00:00;112751,00;113174,96;111735,72;111824,98;807554183,50;36191
WINFUT;06/06/2016;17:30:00;112617,11;112617,11;112483,23;112483,23;251296599,00;11259
WINFUT;06/06/2016;17:00:00;112795,62;112884,88;112572,49;112628,27;377101094,20;16898
WINFUT;06/06/2016;16:30:00;112940,66;113085,70;112684,05;112795,62;502503943,30;22512
WINFUT;06/06/2016;16:00:00;112684,05;112996,45;112605,96;112951,82;553602257,30;24801
WINFUT;06/06/2016;15:30:00;112728,68;112773,31;112483,23;112706,37;428355603,90;19197
WINFUT;06/06/2016;15:00:00;112728,68;112840,25;112539,02;112717,53;489227307,20;21922
WINFUT;06/06/2016;14:30:00;112371,66;112806,78;112282,41;112717,53;502749393,80;22530
WINFUT;06/06/2016;14:00:00;112349,35;112617,11;112271,25;112382,82;567927636,10;25452
WINFUT;06/06/2016;13:30:00;112672,90;112684,05;112036,96;112349,35;946746883,30;42428
WINFUT;06/06/2016;13:00:00;112951,82;113041,07;112594,80;112672,90;475348201,80;21301
WINFUT;06/06/2016;12:30:00;113197,27;113241,90;112884,88;112951,82;538071940,00;24105
WINFUT;06/06/2016;12:00:00;113654,70;113688,17;113174,96;113197,27;746213893,10;33423
WINFUT;06/06/2016;11:30:00;113621,23;113989,40;113531,97;113654,70;711136797,30;31826
WINFUT;06/06/2016;11:00:00;113743,95;114056,35;113576,60;113610,07;889043721,80;39815
WINFUT;06/06/2016;10:30:00;113174,96;113810,90;112751,00;113732,80;1557539088,00;69779
WINFUT;06/06/2016;10:00:00;113944,78;113989,40;113063,39;113163,80;1129406620,00;50576
WINFUT;06/06/2016;09:30:00;114156,76;114223,70;113866,68;113955,93;577701025,40;25857
WINFUT;06/06/2016;09:00:00;113855,52;114179,07;113665,86;114156,76;522229231,30;23365
WINFUT;03/06/2016;17:30:00;113420,41;113531,97;113174,96;113174,96;255558510,80;11447
WINFUT;03/06/2016;17:00:00;113431,56;113565,44;113308,84;113420,41;295790065,40;13246
WINFUT;03/06/2016;16:30:00;113197,27;113543,13;113007,60;113409,25;473161461,70;21195
WINFUT;03/06/2016;16:00:00;113096,86;113208,43;112896,03;113186,11;477936588,00;21412
WINFUT;03/06/2016;15:30:00;113074,54;113331,15;113041,07;113096,86;632391840,90;28334
WINFUT;03/06/2016;15:00:00;112962,98;113074,54;112773,31;113074,54;411419525,20;18436
WINFUT;03/06/2016;14:30:00;112695,21;113152,64;112594,80;112951,82;496077605,20;22227
WINFUT;03/06/2016;14:00:00;112539,02;112884,88;112472,07;112695,21;323392080,40;14493
WINFUT;03/06/2016;13:30:00;112762,15;112884,88;112516,70;112527,86;375784587,50;16840
WINFUT;03/06/2016;13:00:00;112494,39;112884,88;112248,94;112773,31;491480988,30;22024
WINFUT;03/06/2016;12:30:00;112382,82;112728,68;112304,72;112483,23;554182412,80;24834
WINFUT;03/06/2016;12:00:00;112896,03;113074,54;112159,68;112382,82;696610595,30;31219
WINFUT;03/06/2016;11:30:00;112561,33;113018,76;112349,35;112896,03;785932233,20;35222
WINFUT;03/06/2016;11:00:00;113308,84;113386,94;112438,60;112572,49;972162158,20;43563
WINFUT;03/06/2016;10:30:00;112762,15;113498,50;112717,53;113342,31;1276766125,00;57209
WINFUT;03/06/2016;10:00:00;112728,68;112873,72;112226,62;112751,00;853051765,30;38224
WINFUT;03/06/2016;09:30:00;112260,09;112829,09;111914,23;112706,37;1004606241,00;45021
WINFUT;03/06/2016;09:00:00;111568,37;112304,72;111568,37;112271,25;516338421,40;23140
WINFUT;02/06/2016;17:30:00;111802,66;111891,92;111735,72;111891,92;200577617,50;8989
WINFUT;02/06/2016;17:00:00;111958,86;112003,49;111713,41;111791,51;274770584,30;12314
WINFUT;02/06/2016;16:30:00;111557,21;112036,96;111557,21;111970,02;675501859,50;30273
WINFUT;02/06/2016;16:00:00;111367,55;111568,37;111133,25;111557,21;452833704,50;20294
WINFUT;02/06/2016;15:30:00;111389,86;111568,37;111233,67;111356,39;402873388,00;18055
WINFUT;02/06/2016;15:00:00;111367,55;111702,25;111300,61;111378,70;639844608,10;28675
WINFUT;02/06/2016;14:30:00;111133,25;111423,33;111021,69;111356,39;433777826,80;19440
WINFUT;02/06/2016;14:00:00;111244,82;111512,59;111133,25;111144,41;498933755,50;22360
WINFUT;02/06/2016;13:30:00;110887,80;111367,55;110798,55;111244,82;466623555,20;20912
WINFUT;02/06/2016;13:00:00;110999,37;111077,47;110765,08;110876,65;363400498,30;16286
WINFUT;02/06/2016;12:30:00;110519,63;111099,78;110519,63;110999,37;614496274,20;27539
WINFUT;02/06/2016;12:00:00;110017,57;110653,51;109961,79;110519,63;844974215,20;37873
WINFUT;02/06/2016;11:30:00;109972,94;110184,92;109749,81;110006,41;659837660,20;29587
WINFUT;02/06/2016;11:00:00;110218,39;110352,28;109883,69;109984,10;899107188,90;40309
WINFUT;02/06/2016;10:30:00;109359,32;110263,02;109191,96;110218,39;1337526260,00;59980
WINFUT;02/06/2016;10:00:00;110084,51;110140,30;109292,38;109359,32;897433663,30;40242
WINFUT;02/06/2016;09:30:00;110062,20;110240,71;109827,90;110084,51;513861603,50;23033
WINFUT;02/06/2016;09:00:00;109437,42;110274,18;109437,42;110051,04;501990728,80;22501
WINFUT;01/06/2016;17:30:00;109694,02;109861,38;109426,26;109560,14;330398574,10;14827
WINFUT;01/06/2016;17:00:00;109705,18;110039,88;109604,77;109694,02;394148741,30;17675
WINFUT;01/06/2016;16:30:00;109872,53;110062,20;109582,45;109705,18;750632000,60;33663
WINFUT;01/06/2016;16:00:00;109493,20;109928,32;109403,94;109883,69;773972103,80;34716
WINFUT;01/06/2016;15:30:00;109348,16;109526,67;109080,40;109504,36;632235645,20;28376
WINFUT;01/06/2016;15:00:00;108957,67;109426,26;108779,16;109359,32;654995592,90;29382
WINFUT;01/06/2016;14:30:00;108846,10;109180,81;108745,69;108957,67;505538603,00;22676
WINFUT;01/06/2016;14:00:00;108834,95;109069,24;108812,63;108846,10;451316374,70;20249
WINFUT;01/06/2016;13:30:00;108622,97;108857,26;108477,93;108834,95;402672564,90;18074
WINFUT;01/06/2016;13:00:00;108701,06;108879,57;108511,40;108611,81;416997943,70;18724
WINFUT;01/06/2016;12:30:00;109046,93;109091,55;108589,50;108712,22;527294435,40;23658
WINFUT;01/06/2016;12:00:00;108890,73;109214,28;108890,73;109046,93;598162664,70;26840
WINFUT;01/06/2016;11:30:00;108979,98;108979,98;108567,18;108879,57;672980414,30;30223
WINFUT;01/06/2016;11:00:00;108489,08;109002,30;108332,89;108957,67;833147967,90;37384
WINFUT;01/06/2016;10:30:00;108489,08;108556,03;107987,03;108489,08;761811151,40;34232
WINFUT;01/06/2016;10:00:00;108221,32;108779,16;108132,07;108489,08;882349619,50;39693
WINFUT;01/06/2016;09:30:00;108321,73;108578,34;108143,22;108232,48;500696535,70;22518
WINFUT;01/06/2016;09:00:00;108221,32;108522,55;107607,69;108321,73;606619547,20;27310
WINFUT;31/05/2016;17:30:00;108801,48;109058,08;108466,77;108466,77;229049865,80;10305
WINFUT;31/05/2016;17:00:00;108589,50;108935,36;108466,77;108812,63;347825553,70;15626
WINFUT;31/05/2016;16:30:00;108968,83;109091,55;108578,34;108578,34;674006843,40;30268
WINFUT;31/05/2016;16:00:00;108500,24;109102,71;108455,61;108968,83;537893430,60;24160
WINFUT;31/05/2016;15:30:00;108544,87;108768,00;108399,83;108500,24;544052004,70;24434
WINFUT;31/05/2016;15:00:00;109247,75;109325,85;108254,79;108544,87;1457105240,00;65410
WINFUT;31/05/2016;14:30:00;109537,83;109627,08;109225,44;109258,91;414610380,60;18598
WINFUT;31/05/2016;14:00:00;109593,61;109772,12;109415,10;109526,67;410393096,20;18402
WINFUT;31/05/2016;13:30:00;109615,92;109928,32;109515,51;109593,61;494203256,50;22159
WINFUT;31/05/2016;13:00:00;109548,98;109694,02;109270,06;109627,08;487442213,20;21861
WINFUT;31/05/2016;12:30:00;109649,40;109716,34;109325,85;109537,83;507279069,60;22742
WINFUT;31/05/2016;12:00:00;109906,00;110006,41;109526,67;109627,08;760717781,40;34107
WINFUT;31/05/2016;11:30:00;110296,49;110553,10;109805,59;109917,16;906426074,00;40628
WINFUT;31/05/2016;11:00:00;110017,57;110497,31;109906,00;110296,49;882171110,10;39540
WINFUT;31/05/2016;10:30:00;109459,73;110430,37;109381,63;109984,10;1208687105,00;54195
WINFUT;31/05/2016;10:00:00;109348,16;109638,24;109125,02;109459,73;702679914,70;31532
WINFUT;31/05/2016;09:30:00;109225,44;109459,73;109013,46;109348,16;443461961,40;19887
WINFUT;31/05/2016;09:00:00;109861,38;109861,38;109035,77;109236,59;531400151,40;23847
WINFUT;30/05/2016;17:30:00;109894,85;109995,26;109671,71;109671,71;114781540,20;5149
WINFUT;30/05/2016;17:00:00;109783,28;109928,32;109649,40;109894,85;97823147,76;4385
WINFUT;30/05/2016;16:30:00;109894,85;110006,41;109705,18;109772,12;140286069,80;6288
WINFUT;30/05/2016;16:00:00;110263,02;110285,33;109816,75;109894,85;194954571,60;8742
WINFUT;30/05/2016;15:30:00;110162,61;110396,90;110073,35;110251,86;124911948,30;5598
WINFUT;30/05/2016;15:00:00;110363,43;110441,53;110017,57;110129,14;210931162,40;9453
WINFUT;30/05/2016;14:30:00;110296,49;110452,69;110129,14;110363,43;281955587,40;12636
WINFUT;30/05/2016;14:00:00;109872,53;110307,65;109861,38;110285,33;286262126,50;12830
WINFUT;30/05/2016;13:30:00;109738,65;109894,85;109694,02;109872,53;122301248,40;5482
WINFUT;30/05/2016;13:00:00;109850,22;109972,94;109682,87;109760,96;188461292,40;8453
WINFUT;30/05/2016;12:30:00;110028,73;110140,30;109783,28;109850,22;203545336,20;9125
WINFUT;30/05/2016;12:00:00;109772,12;110095,67;109705,18;110028,73;337784400,30;15146
WINFUT;30/05/2016;11:30:00;109671,71;109995,26;109526,67;109772,12;502437002,30;22521
WINFUT;30/05/2016;11:00:00;109671,71;109872,53;109560,14;109660,55;406778281,00;18237
WINFUT;30/05/2016;10:30:00;109883,69;109894,85;109482,04;109671,71;654236928,00;29335
WINFUT;30/05/2016;10:00:00;110229,55;110240,71;109749,81;109917,16;517610300,80;23201
WINFUT;30/05/2016;09:30:00;110073,35;110274,18;109917,16;110218,39;409879881,70;18374
WINFUT;30/05/2016;09:00:00;110642,35;110731,61;109950,63;110062,20;480056387,10;21515
WINFUT;27/05/2016;17:30:00;110218,39;110430,37;110129,14;110430,37;173354935,00;7770
WINFUT;27/05/2016;17:00:00;110084,51;110285,33;109861,38;110218,39;256562626,10;11503
WINFUT;27/05/2016;16:30:00;109894,85;110162,61;109783,28;110062,20;427396115,90;19159
WINFUT;27/05/2016;16:00:00;109995,26;110006,41;109638,24;109906,00;368064056,20;16500
WINFUT;27/05/2016;15:30:00;110329,96;110408,06;109917,16;110006,41;444443763,00;19921
WINFUT;27/05/2016;15:00:00;110240,71;110452,69;110129,14;110341,12;442346277,70;19832
WINFUT;27/05/2016;14:30:00;110664,67;110765,08;110207,24;110251,86;595150318,70;26675
WINFUT;27/05/2016;14:00:00;110608,88;110843,18;110452,69;110653,51;261694771,20;11729
WINFUT;27/05/2016;13:30:00;110787,39;110876,65;110497,31;110620,04;284008445,40;12729
WINFUT;27/05/2016;13:00:00;110798,55;110865,49;110553,10;110776,24;330287005,70;14805
WINFUT;27/05/2016;12:30:00;110965,90;111088,63;110720,45;110798,55;343742151,30;15406
WINFUT;27/05/2016;12:00:00;111412,18;111479,12;110910,12;110965,90;498911441,80;22359
WINFUT;27/05/2016;11:30:00;111412,18;111501,43;111144,41;111423,33;443729725,50;19886
WINFUT;27/05/2016;11:00:00;111110,94;111635,31;111088,63;111401,02;750654314,30;33641
WINFUT;27/05/2016;10:30:00;111534,90;111880,76;110787,39;111110,94;1336388262,00;59891
WINFUT;27/05/2016;10:00:00;111088,63;111624,16;110977,06;111523,74;723029985,60;32403
WINFUT;27/05/2016;09:30:00;111601,84;111824,98;111032,84;111099,78;554941077,70;24870
WINFUT;27/05/2016;09:00:00;111568,37;111713,41;111189,04;111601,84;390556239,80;17503
WINFUT;25/05/2016;17:30:00;110921,27;111255,98;110876,65;111255,98;152246199,20;6823
WINFUT;25/05/2016;17:00:00;111155,57;111200,20;110887,80;110898,96;211779082,00;9492
WINFUT;25/05/2016;16:30:00;111334,08;111389,86;111077,47;111155,57;271445846,80;12165
WINFUT;25/05/2016;16:00:00;111233,67;111334,08;111032,84;111311,76;364583123,00;16339
WINFUT;25/05/2016;15:30:00;111200,20;111479,12;110731,61;111233,67;808067398,10;36215
WINFUT;25/05/2016;15:00:00;111691,10;111824,98;111110,94;111200,20;757750062,70;33959
WINFUT;25/05/2016;14:30:00;112193,15;112226,62;111635,31;111668,78;601844420,90;26972
WINFUT;25/05/2016;14:00:00;112327,04;112539,02;112081,59;112182,00;412312072,20;18478
WINFUT;25/05/2016;13:30:00;112148,53;112371,66;111847,29;112315,88;532404266,80;23860
WINFUT;25/05/2016;13:00:00;112048,12;112405,13;112025,80;112159,68;368599584,40;16519
WINFUT;25/05/2016;12:30:00;112416,29;112472,07;111925,39;112048,12;567481362,70;25431
WINFUT;25/05/2016;12:00:00;112617,11;112951,82;112371,66;112416,29;792470139,80;35510
WINFUT;25/05/2016;11:30:00;112940,66;113174,96;112583,64;112594,80;943533714,20;42278
WINFUT;25/05/2016;11:00:00;112304,72;113052,23;112293,57;112951,82;1107383024,00;49620
WINFUT;25/05/2016;10:30:00;111958,86;112527,86;111858,45;112327,04;1113006070,00;49880
WINFUT;25/05/2016;10:00:00;111546,06;112003,49;111289,45;111958,86;709106252,90;31779
WINFUT;25/05/2016;09:30:00;111891,92;111914,23;111401,02;111534,90;527562199,50;23643
WINFUT;25/05/2016;09:00:00;111791,51;112304,72;111724,57;111880,76;536889315,30;24061
WINFUT;24/05/2016;17:30:00;110932,43;111211,35;110898,96;111110,94;182682050,80;8187
WINFUT;24/05/2016;17:00:00;111044,00;111066,31;110686,98;110943,59;242438070,40;10865
WINFUT;24/05/2016;16:30:00;111077,47;111289,45;110854,33;111055,16;506319581,60;22691
WINFUT;24/05/2016;16:00:00;110586,57;111110,94;110452,69;111077,47;521872212,60;23388
WINFUT;24/05/2016;15:30:00;110620,04;110742,77;110363,43;110586,57;500986613,50;22453
WINFUT;24/05/2016;15:00:00;110686,98;110865,49;110608,88;110620,04;347245398,10;15562
WINFUT;24/05/2016;14:30:00;111166,72;111200,20;110575,41;110686,98;541664441,60;24276
WINFUT;24/05/2016;14:00:00;110954,75;111345,23;110932,43;111155,57;447634618,40;20061
WINFUT;24/05/2016;13:30:00;111044,00;111200,20;110898,96;110965,90;265488095,80;11898
WINFUT;24/05/2016;13:00:00;111166,72;111244,82;110832,02;111044,00;469145000,40;21026
WINFUT;24/05/2016;12:30:00;111579,53;111624,16;111099,78;111177,88;478159724,80;21429
WINFUT;24/05/2016;12:00:00;111412,18;111735,72;111267,14;111568,37;570248258,30;25556
WINFUT;24/05/2016;11:30:00;111724,57;111780,35;111289,45;111401,02;734075254,40;32898
WINFUT;24/05/2016;11:00:00;111914,23;112170,84;111635,31;111735,72;795103153,30;35633
WINFUT;24/05/2016;10:30:00;112126,21;112360,51;111367,55;111914,23;1289998134,00;57812
WINFUT;24/05/2016;10:00:00;111780,35;112338,19;111456,80;112148,53;882461187,90;39548
WINFUT;24/05/2016;09:30:00;111691,10;111869,61;111534,90;111769,19;345973518,70;15505
WINFUT;24/05/2016;09:00:00;110943,59;111791,51;110898,96;111691,10;497081720,50;22277
WINFUT;23/05/2016;17:30:00;110475,00;110486,16;110117,98;110207,24;196271078,40;8797
WINFUT;23/05/2016;17:00:00;110653,51;111122,10;110430,37;110475,00;413717833,60;18542
WINFUT;23/05/2016;16:30:00;110497,31;110776,24;110184,92;110664,67;773391948,30;34663
WINFUT;23/05/2016;16:00:00;111032,84;111032,84;110329,96;110497,31;648725450,50;29073
WINFUT;23/05/2016;15:30:00;111066,31;111267,14;110898,96;111044,00;411174074,80;18427
WINFUT;23/05/2016;15:00:00;111144,41;111166,72;110809,71;111077,47;478516743,60;21445
WINFUT;23/05/2016;14:30:00;111367,55;111512,59;111088,63;111155,57;513995485,60;23035
WINFUT;23/05/2016;14:00:00;111066,31;111434,49;110954,75;111345,23;453904760,90;20342
WINFUT;23/05/2016;13:30:00;110787,39;111099,78;110396,90;111055,16;573996955,50;25724
WINFUT;23/05/2016;13:00:00;110765,08;111044,00;110642,35;110753,92;360298897,60;16148
WINFUT;23/05/2016;12:30:00;111177,88;111311,76;110486,16;110776,24;664568159,20;29784
WINFUT;23/05/2016;12:00:00;110396,90;111200,20;110285,33;111200,20;752550976,60;33726
WINFUT;23/05/2016;11:30:00;110363,43;110664,67;110318,81;110396,90;627572087,30;28125
WINFUT;23/05/2016;11:00:00;110162,61;110620,04;109961,79;110396,90;1001928600,00;44919
WINFUT;23/05/2016;10:30:00;109660,55;110263,02;109392,79;110162,61;1191951849,00;53430
WINFUT;23/05/2016;10:00:00;109426,26;109772,12;109314,69;109649,40;692616447,70;31050
WINFUT;23/05/2016;09:30:00;109638,24;109783,28;109236,59;109426,26;572167234,20;25665
WINFUT;23/05/2016;09:00:00;110051,04;110341,12;109504,36;109638,24;602960104,70;27030
WINFUT;20/05/2016;17:30:00;111780,35;111880,76;111646,47;111880,76;183396088,40;8219
WINFUT;20/05/2016;17:00:00;112137,37;112137,37;111568,37;111758,04;428422544,90;19200
WINFUT;20/05/2016;16:30:00;112182,00;112293,57;111947,70;112126,21;366078139,20;16406
WINFUT;20/05/2016;16:00:00;111981,17;112338,19;111802,66;112182,00;552040300,10;24740
WINFUT;20/05/2016;15:30:00;112505,55;112527,86;111958,86;111981,17;562974000,50;25229
WINFUT;20/05/2016;15:00:00;112483,23;112862,56;112416,29;112505,55;445090859,60;19943
WINFUT;20/05/2016;14:30:00;112605,96;112650,58;112382,82;112483,23;385134017,00;17259
WINFUT;20/05/2016;14:00:00;113007,60;113007,60;112594,80;112617,11;391627296,20;17544
WINFUT;20/05/2016;13:30:00;112572,49;113041,07;112483,23;112996,45;365520297,30;16374
WINFUT;20/05/2016;13:00:00;112751,00;112795,62;112427,45;112572,49;542490047,50;24308
WINFUT;20/05/2016;12:30:00;113398,09;113531,97;112728,68;112773,31;637166967,20;28531
WINFUT;20/05/2016;12:00:00;113275,37;113665,86;113208,43;113398,09;569177201,90;25497
WINFUT;20/05/2016;11:30:00;113398,09;113576,60;113074,54;113297,68;766095376,90;34313
WINFUT;20/05/2016;11:00:00;113654,70;113989,40;113297,68;113398,09;952704634,30;42644
WINFUT;20/05/2016;10:30:00;113632,39;114357,58;113487,35;113654,70;1475045434,00;66057
WINFUT;20/05/2016;10:00:00;113755,11;114134,44;113375,78;113621,23;836807410,40;37477
WINFUT;20/05/2016;09:30:00;113788,58;114022,88;113688,17;113755,11;407090672,40;18237
WINFUT;20/05/2016;09:00:00;113353,47;114100,97;113342,31;113799,74;513393016,40;22979
WINFUT;19/05/2016;17:30:00;113130,33;113186,11;112639,43;112773,31;191808343,60;8593
WINFUT;19/05/2016;17:00:00;112561,33;113286,52;112494,39;113119,17;379198579,60;16989
WINFUT;19/05/2016;16:30:00;112483,23;112784,47;112282,41;112550,17;615254939,20;27570
WINFUT;19/05/2016;16:00:00;112561,33;112951,82;112349,35;112494,39;609855030,00;27324
WINFUT;19/05/2016;15:30:00;112862,56;112940,66;112371,66;112550,17;659502955,10;29533
WINFUT;19/05/2016;15:00:00;112416,29;113007,60;112405,13;112862,56;562460786,00;25206
WINFUT;19/05/2016;14:30:00;112516,70;112817,94;112349,35;112416,29;596868471,60;26745
WINFUT;19/05/2016;14:00:00;112159,68;112594,80;112126,21;112516,70;387276129,70;17355
WINFUT;19/05/2016;13:30:00;112416,29;112561,33;112126,21;112148,53;408965021,00;18327
WINFUT;19/05/2016;13:00:00;112126,21;112661,74;112070,43;112438,60;597761018,60;26786
WINFUT;19/05/2016;12:30:00;112025,80;112170,84;111780,35;112148,53;411843485,00;18457
WINFUT;19/05/2016;12:00:00;111724,57;112148,53;111646,47;112036,96;576563028,10;25839
WINFUT;19/05/2016;11:30:00;111947,70;112182,00;111713,41;111724,57;925772029,50;41489
WINFUT;19/05/2016;11:00:00;112048,12;112315,88;111467,96;111936,55;1230130546,00;55128
WINFUT;19/05/2016;10:30:00;112617,11;112896,03;111981,17;112025,80;1503651564,00;67387
WINFUT;19/05/2016;10:00:00;112438,60;112884,88;112226,62;112594,80;1025759604,00;45967
WINFUT;19/05/2016;09:30:00;112583,64;112974,13;112315,88;112449,76;652050187,90;29220
WINFUT;19/05/2016;09:00:00;113130,33;113130,33;112516,70;112572,49;464325246,80;20803
WINFUT;18/05/2016;17:30:00;113509,66;113721,64;113398,09;113621,23;168780631,80;7556
WINFUT;18/05/2016;17:00:00;113598,92;113777,42;113420,41;113509,66;234940675,80;10526
WINFUT;18/05/2016;16:30:00;113788,58;114067,50;113531,97;113610,07;585443870,40;26224
WINFUT;18/05/2016;16:00:00;114056,35;114480,31;113710,48;113777,42;687283479,50;30779
WINFUT;18/05/2016;15:30:00;113643,54;114312,95;113331,15;114034,03;1044614658,00;46784
WINFUT;18/05/2016;15:00:00;115395,17;115406,32;113598,92;113643,54;1819702446,00;81442
WINFUT;18/05/2016;14:30:00;115082,77;115573,68;115071,62;115350,54;553803080,40;24744
WINFUT;18/05/2016;14:00:00;115172,03;115317,07;114815,01;115060,46;466177281,70;20856
WINFUT;18/05/2016;13:30:00;115216,66;115317,07;114982,36;115172,03;374021807,20;16717
WINFUT;18/05/2016;13:00:00;115439,79;115540,21;115194,34;115205,50;342581840,20;15323
WINFUT;18/05/2016;12:30:00;115250,13;115707,56;115238,97;115417,48;658454212,40;29426
WINFUT;18/05/2016;12:00:00;114536,09;115305,91;114524,93;115250,13;715487963,70;32001
WINFUT;18/05/2016;11:30:00;115183,19;115317,07;114480,31;114536,09;1033814840,00;46253
WINFUT;18/05/2016;11:00:00;114279,48;115238,97;114067,50;115194,34;1066169668,00;47692
WINFUT;18/05/2016;10:30:00;113342,31;114301,80;113319,99;114279,48;1151050884,00;51549
WINFUT;18/05/2016;10:00:00;112996,45;113576,60;112974,13;113364,62;619516850,90;27755
WINFUT;18/05/2016;09:30:00;113476,19;113598,92;112940,66;113007,60;531534033,50;23809
WINFUT;18/05/2016;09:00:00;114022,88;114223,70;113398,09;113476,19;625965502,80;28011
WINFUT;17/05/2016;17:30:00;114558,40;114692,29;114424,52;114692,29;192009166,60;8576
WINFUT;17/05/2016;17:00:00;114446,84;114658,81;114312,95;114558,40;193414928,10;8642
WINFUT;17/05/2016;16:30:00;114502,62;114736,91;114279,48;114435,68;460911254,60;20632
WINFUT;17/05/2016;16:00:00;114368,74;114848,48;114324,11;114513,78;504824565,50;22606
WINFUT;17/05/2016;15:30:00;114279,48;114547,25;114223,70;114357,58;508439380,70;22763
WINFUT;17/05/2016;15:00:00;114603,03;114614,19;114078,66;114268,33;808959945,00;36209
WINFUT;17/05/2016;14:30:00;115227,81;115294,75;114569,56;114580,72;504222096,30;22540
WINFUT;17/05/2016;14:00:00;114815,01;115227,81;114658,81;115216,66;423937496,40;18967
WINFUT;17/05/2016;13:30:00;115216,66;115216,66;114736,91;114826,17;441654553,80;19742
WINFUT;17/05/2016;13:00:00;115517,89;115540,21;115060,46;115216,66;459951766,60;20558
WINFUT;17/05/2016;12:30:00;115551,36;115919,54;115484,42;115517,89;367171509,20;16404
WINFUT;17/05/2016;12:00:00;115796,81;115986,48;115428,64;115562,52;725841508,60;32447
WINFUT;17/05/2016;11:30:00;115551,36;115986,48;115261,28;115796,81;747998987,10;33436
WINFUT;17/05/2016;11:00:00;115216,66;115618,30;114736,91;115562,52;923339839,00;41300
WINFUT;17/05/2016;10:30:00;116220,77;116231,93;114524,93;115216,66;1928325412,00;86210
WINFUT;17/05/2016;10:00:00;117068,69;117213,73;116098,05;116231,93;899241070,90;40056
WINFUT;17/05/2016;09:30:00;117671,16;117704,63;116957,12;117102,16;633886857,10;28268
WINFUT;17/05/2016;09:00:00;117291,83;117860,83;117068,69;117648,85;573416800,00;25429
WINFUT;16/05/2016;17:30:00;116466,22;116700,52;116376,97;116700,52;160591513,30;7134
WINFUT;16/05/2016;17:00:00;116745,14;116778,61;116287,71;116455,07;307839449,50;13733
WINFUT;16/05/2016;16:30:00;116733,99;116957,12;116544,32;116767,46;511295531,00;22777
WINFUT;16/05/2016;16:00:00;117247,20;117436,87;116633,58;116722,83;532002620,70;23682
WINFUT;16/05/2016;15:30:00;117180,26;117369,93;116834,40;117258,36;479007644,40;21336
WINFUT;16/05/2016;15:00:00;117358,77;117548,44;117001,75;117180,26;544520591,90;24271
WINFUT;16/05/2016;14:30:00;117325,30;117514,97;117091,01;117369,93;492998318,10;21949
WINFUT;16/05/2016;14:00:00;116901,34;117347,61;116733,99;117325,30;483715829,60;21552
WINFUT;16/05/2016;13:30:00;116979,44;117079,85;116600,10;116901,34;397138773,70;17755
WINFUT;16/05/2016;13:00:00;117369,93;117369,93;116778,61;116979,44;445849524,50;19925
WINFUT;16/05/2016;12:30:00;117057,53;117548,44;116957,12;117358,77;408942707,40;18225
WINFUT;16/05/2016;12:00:00;117526,12;117838,51;116890,18;117057,53;701274153,30;31236
WINFUT;16/05/2016;11:30:00;117682,32;117704,63;117202,57;117514,97;725462176,10;32316
WINFUT;16/05/2016;11:00:00;117102,16;117938,93;117001,75;117671,16;851646003,80;37927
WINFUT;16/05/2016;10:30:00;116733,99;117481,49;116678,20;117068,69;1171557151,00;52219
WINFUT;16/05/2016;10:00:00;115886,07;116856,71;115852,60;116745,14;787114858,00;35159
WINFUT;16/05/2016;09:30:00;115785,66;115908,38;115439,79;115886,07;430118384,20;19209
WINFUT;16/05/2016;09:00:00;116689,36;116800,93;115752,18;115785,66;530396036,10;23679
WINFUT;13/05/2016;17:30:00;116042,26;116053,42;115562,52;115763,34;226528420,60;10087
WINFUT;13/05/2016;17:00:00;116689,36;116812,08;115953,01;116053,42;436500095,00;19443
WINFUT;13/05/2016;16:30:00;116522,01;116867,87;116388,12;116700,52;480391092,20;21421
WINFUT;13/05/2016;16:00:00;116365,81;116789,77;116265,40;116522,01;660038483,30;29441
WINFUT;13/05/2016;15:30:00;116064,58;116455,07;115674,09;116365,81;778144760,90;34715
WINFUT;13/05/2016;15:00:00;116187,30;116488,54;115785,66;116064,58;815720988,30;36414
WINFUT;13/05/2016;14:30:00;116544,32;116633,58;116042,26;116198,46;778501779,70;34752
WINFUT;13/05/2016;14:00:00;116756,30;116990,59;116522,01;116544,32;486371156,90;21681
WINFUT;13/05/2016;13:30:00;117459,18;117581,91;116633,58;116789,77;616325995,50;27493
WINFUT;13/05/2016;13:00:00;117526,12;117626,53;117180,26;117470,34;588657039,50;26170
WINFUT;13/05/2016;12:30:00;118128,59;118318,26;117514,97;117548,44;680031535,40;30228
WINFUT;13/05/2016;12:00:00;118039,34;118251,32;117749,26;118139,75;785508273,40;34953
WINFUT;13/05/2016;11:30:00;117961,24;118117,43;117392,24;118039,34;1025893486,00;45746
WINFUT;13/05/2016;11:00:00;118507,92;118652,96;117559,59;117972,40;1351159915,00;59999
WINFUT;13/05/2016;10:30:00;119099,24;119578,98;118340,57;118507,92;1313070473,00;58309
WINFUT;13/05/2016;10:00:00;119679,39;120170,29;118820,32;119088,08;1154063230,00;51240
WINFUT;13/05/2016;09:30:00;119578,98;120058,72;119367,00;119668,23;627371264,30;27823
WINFUT;13/05/2016;09:00:00;119021,14;119936,00;118898,41;119578,98;566611129,40;25067
WINFUT;12/05/2016;17:30:00;119779,80;120036,41;119556,67;119891,37;223426819,90;9835
WINFUT;12/05/2016;17:00:00;120092,19;120159,14;119545,51;119768,65;461156705,00;20395
WINFUT;12/05/2016;16:30:00;121029,37;121207,88;119980,63;120103,35;899441894,00;39894
WINFUT;12/05/2016;16:00:00;120627,72;121341,76;120605,41;121029,37;609788089,00;26933
WINFUT;12/05/2016;15:30:00;120951,27;120951,27;120438,06;120627,72;590821465,90;26255
WINFUT;12/05/2016;15:00:00;121029,37;121230,19;120728,13;120951,27;631186902,50;27959
WINFUT;12/05/2016;14:30:00;120516,15;121051,68;120237,23;121029,37;702679914,70;31098
WINFUT;12/05/2016;14:00:00;121051,68;121152,09;120426,90;120505,00;649595683,80;28745
WINFUT;12/05/2016;13:30:00;120940,11;121442,17;120828,55;121062,84;704308812,90;31195
WINFUT;12/05/2016;13:00:00;119534,35;121587,21;119311,22;120951,27;1630437861,00;71956
WINFUT;12/05/2016;12:30:00;118708,75;119657,08;118630,65;119545,51;914615192,40;40600
WINFUT;12/05/2016;12:00:00;119244,28;119277,75;118184,38;118697,59;1070989421,00;47590
WINFUT;12/05/2016;11:30:00;119255,43;119534,35;118887,26;119255,43;926597635,50;41194
WINFUT;12/05/2016;11:00:00;119545,51;119735,18;118998,82;119244,28;1136011468,00;50499
WINFUT;12/05/2016;10:30:00;119824,43;120839,70;119355,84;119556,67;1721946239,00;76377
WINFUT;12/05/2016;10:00:00;120404,59;120571,94;119779,80;119835,59;840533794,00;37263
WINFUT;12/05/2016;09:30:00;120493,84;120527,31;119846,74;120404,59;606998879,70;26860
WINFUT;12/05/2016;09:00:00;120092,19;120583,10;119668,23;120505,00;660596325,20;29167
WINFUT;11/05/2016;17:30:00;119054,61;119132,71;118619,49;118619,49;240474467,00;10497
WINFUT;11/05/2016;17:00:00;119132,71;119311,22;118864,94;119065,77;378819247,20;16725
WINFUT;11/05/2016;16:30:00;119411,63;119590,14;119065,77;119110,39;536822374,30;23816
WINFUT;11/05/2016;16:00:00;119478,57;119601,29;119043,45;119411,63;623510998,60;27530
WINFUT;11/05/2016;15:30:00;119367,00;119545,51;118864,94;119478,57;678134873,10;30027
WINFUT;11/05/2016;15:00:00;119679,39;119757,49;119065,77;119378,16;648636195,80;28625
WINFUT;11/05/2016;14:30:00;119846,74;119891,37;119300,06;119690,55;753354268,90;33200
WINFUT;11/05/2016;14:00:00;119735,18;120025,25;119623,61;119846,74;654549319,40;28832
WINFUT;11/05/2016;13:30:00;120538,47;120571,94;119701,71;119735,18;512924429,20;22753
WINFUT;11/05/2016;13:00:00;120616,57;120795,08;120125,67;120527,31;496233800,90;22029
WINFUT;11/05/2016;12:30:00;120315,33;120973,58;120192,61;120616,57;741037120,70;32818
WINFUT;11/05/2016;12:00:00;120739,29;120795,08;120036,41;120315,33;824824967,40;36564
WINFUT;11/05/2016;11:30:00;120259,55;120873,17;120192,61;120716,98;1012505281,00;44854
WINFUT;11/05/2016;11:00:00;120047,57;120460,37;119556,67;120248,39;1133133004,00;50324
WINFUT;11/05/2016;10:30:00;121799,19;121899,60;119913,69;120036,41;1705835766,00;75367
WINFUT;11/05/2016;10:00:00;122022,33;122044,64;121074,00;121799,19;1114322577,00;48994
WINFUT;11/05/2016;09:30:00;121921,92;122044,64;121576,05;122000,01;534613320,50;23491
WINFUT;11/05/2016;09:00:00;120493,84;122145,05;120493,84;121910,76;836584273,70;36645
WINFUT;10/05/2016;17:30:00;120627,72;120839,70;120382,27;120839,70;227398653,90;9881
WINFUT;10/05/2016;17:00:00;119802,12;120716,98;119779,80;120627,72;533854655,60;23515
WINFUT;10/05/2016;16:30:00;119657,08;119880,21;119344,69;119802,12;686904147,10;30315
WINFUT;10/05/2016;16:00:00;119121,55;119690,55;118976,51;119657,08;629915023,10;27853
WINFUT;10/05/2016;15:30:00;118519,08;119221,96;118485,61;119132,71;667625132,50;29545
WINFUT;10/05/2016;15:00:00;118028,18;118552,55;117927,77;118541,39;565607014,00;25073
WINFUT;10/05/2016;14:30:00;117905,45;118095,12;117704,63;118028,18;441029770,90;19558
WINFUT;10/05/2016;14:00:00;117570,75;117927,77;117336,46;117927,77;508885654,20;22552
WINFUT;10/05/2016;13:30:00;117581,91;117749,26;117470,34;117570,75;269593811,90;11975
WINFUT;10/05/2016;13:00:00;117381,08;117593,06;117325,30;117593,06;257678309,80;11445
WINFUT;10/05/2016;12:30:00;116968,28;117459,18;116901,34;117358,77;431524145,70;19197
WINFUT;10/05/2016;12:00:00;117247,20;117514,97;116733,99;116945,97;694089150,20;30890
WINFUT;10/05/2016;11:30:00;117325,30;117771,57;117180,26;117236,04;729054677,70;32418
WINFUT;10/05/2016;11:00:00;117648,85;117704,63;117157,95;117314,14;751703057,00;33413
WINFUT;10/05/2016;10:30:00;116901,34;117793,89;116600,10;117648,85;1060100348,00;47256
WINFUT;10/05/2016;10:00:00;117001,75;117236,04;116577,79;116912,50;790551163,80;35216
WINFUT;10/05/2016;09:30:00;116745,14;117336,46;116388,12;117001,75;661957459,30;29514
WINFUT;10/05/2016;09:00:00;116209,62;116879,03;116187,30;116733,99;400240374,40;17851
WINFUT;09/05/2016;17:30:00;115216,66;115473,26;115183,19;115250,13;156686620,30;6935
WINFUT;09/05/2016;17:00:00;115462,11;115584,83;115105,09;115216,66;207383288,20;9273
WINFUT;09/05/2016;16:30:00;115105,09;115774,50;114703,44;115450,95;705513751,40;31519
WINFUT;09/05/2016;16:00:00;115607,15;115830,28;114926,58;115116,25;634400071,60;28320
WINFUT;09/05/2016;15:30:00;115294,75;115674,09;114870,79;115607,15;577812593,80;25812
WINFUT;09/05/2016;15:00:00;115105,09;115439,79;115071,62;115283,60;350971781,70;15703
WINFUT;09/05/2016;14:30:00;115462,11;115562,52;115105,09;115105,09;425053180,10;18987
WINFUT;09/05/2016;14:00:00;114692,29;115484,42;114681,13;115462,11;593923066,60;26494
WINFUT;09/05/2016;13:30:00;114312,95;114759,23;114123,29;114681,13;299181743,90;13390
WINFUT;09/05/2016;13:00:00;114558,40;114558,40;114100,97;114312,95;387633148,50;17348
WINFUT;09/05/2016;12:30:00;114011,72;114658,81;113799,74;114569,56;679629889,30;30405
WINFUT;09/05/2016;12:00:00;113699,33;114558,40;111836,14;114000,56;2963702209,00;132707
WINFUT;09/05/2016;11:30:00;115026,99;115038,15;112605,96;113699,33;1386013874,00;61985
WINFUT;09/05/2016;11:00:00;115049,30;115105,09;114614,19;115004,68;651179954,60;29123
WINFUT;09/05/2016;10:30:00;115807,97;115852,60;114792,70;115038,15;1005766552,00;44980
WINFUT;09/05/2016;10:00:00;115863,75;116131,52;115529,05;115807,97;546238744,80;24383
WINFUT;09/05/2016;09:30:00;116466,22;116477,38;115741,03;115863,75;542601615,90;24237
WINFUT;09/05/2016;09:00:00;117113,32;117314,14;116388,12;116466,22;518993748,60;23142
WINFUT;06/05/2016;17:30:00;116901,34;117091,01;116879,03;116890,18;123171481,70;5470
WINFUT;06/05/2016;17:00:00;117012,91;117113,32;116789,77;116901,34;244245478,00;10866
WINFUT;06/05/2016;16:30:00;116767,46;117091,01;116455,07;117012,91;547465996,90;24406
WINFUT;06/05/2016;16:00:00;116354,65;116945,97;116354,65;116767,46;494917294,10;22075
WINFUT;06/05/2016;15:30:00;116443,91;116588,95;116198,46;116365,81;362374069,30;16168
WINFUT;06/05/2016;15:00:00;116655,89;116767,46;116376,97;116432,75;304001497,50;13594
WINFUT;06/05/2016;14:30:00;116477,38;116767,46;116164,99;116644,73;447389168,00;19980
WINFUT;06/05/2016;14:00:00;116600,10;116834,40;116376,97;116477,38;444376822,00;19796
WINFUT;06/05/2016;13:30:00;116321,18;116644,73;116064,58;116577,79;392809920,90;17542
WINFUT;06/05/2016;13:00:00;116399,28;116778,61;116276,56;116310,03;403408916,10;17998
WINFUT;06/05/2016;12:30:00;117169,10;117236,04;116376,97;116388,12;641495820,00;28587
WINFUT;06/05/2016;12:00:00;117213,73;117570,75;117102,16;117191,42;570092062,50;25380
WINFUT;06/05/2016;11:30:00;117738,10;117927,77;116968,28;117224,89;784191766,60;34845
WINFUT;06/05/2016;11:00:00;116934,81;117972,40;116923,65;117738,10;1107829297,00;49247
WINFUT;06/05/2016;10:30:00;115930,69;117124,48;115707,56;116934,81;1312758081,00;58550
WINFUT;06/05/2016;10:00:00;115674,09;116522,01;115674,09;115930,69;679830712,30;30338
WINFUT;06/05/2016;09:30:00;116321,18;116678,20;115506,73;115696,40;771406031,30;34423
WINFUT;06/05/2016;09:00:00;116923,65;116923,65;115930,69;116298,87;561211220,20;24987
WINFUT;05/05/2016;17:30:00;117202,57;117358,77;117001,75;117269,51;221440902,90;9760
WINFUT;05/05/2016;17:00:00;116767,46;117358,77;116689,36;117202,57;374735844,80;16662
WINFUT;05/05/2016;16:30:00;117392,24;117414,55;116745,14;116789,77;471889582,30;21003
WINFUT;05/05/2016;16:00:00;117079,85;117414,55;116945,97;117381,08;499089951,20;22198
WINFUT;05/05/2016;15:30:00;117247,20;117470,34;117057,53;117079,85;703215442,90;31261
WINFUT;05/05/2016;15:00:00;116577,79;117347,61;116354,65;117236,04;815877184,00;36319
WINFUT;05/05/2016;14:30:00;116120,36;116644,73;115975,32;116577,79;647877530,90;28890
WINFUT;05/05/2016;14:00:00;116957,12;117079,85;116098,05;116142,67;737266109,80;32895
WINFUT;05/05/2016;13:30:00;117091,01;117146,79;116544,32;116968,28;694379227,90;30933
WINFUT;05/05/2016;13:00:00;117258,36;117581,91;117012,91;117091,01;653812968,20;29035
WINFUT;05/05/2016;12:30:00;117838,51;118083,96;117191,42;117280,67;772008500,50;34284
WINFUT;05/05/2016;12:00:00;118541,39;118586,02;117782,73;117838,51;764444165,00;33884
WINFUT;05/05/2016;11:30:00;118920,73;119065,77;118463,30;118541,39;735257879,10;32586
WINFUT;05/05/2016;11:00:00;119210,80;119500,88;118764,53;118931,88;771763050,10;34257
WINFUT;05/05/2016;10:30:00;119724,02;119913,69;118876,10;119233,12;1343372442,00;59503
WINFUT;05/05/2016;10:00:00;119913,69;119947,16;119523,20;119712,86;584774460,20;25812
WINFUT;05/05/2016;09:30:00;119813,27;120025,25;119668,23;119913,69;367840919,40;16266
WINFUT;05/05/2016;09:00:00;119478,57;119980,63;119333,53;119824,43;488981856,80;21592
WINFUT;04/05/2016;17:30:00;118842,63;119155,02;118775,69;119155,02;182101895,30;7982
WINFUT;04/05/2016;17:00:00;118920,73;119065,77;118809,16;118853,79;223270624,20;9859
WINFUT;04/05/2016;16:30:00;118496,77;118920,73;118474,45;118909,57;337159617,40;14925
WINFUT;04/05/2016;16:00:00;118329,41;118686,43;118128,59;118485,61;411241015,80;18215
WINFUT;04/05/2016;15:30:00;118240,16;118418,67;118150,90;118329,41;259998932,00;11562
WINFUT;04/05/2016;15:00:00;118295,94;118374,04;118039,34;118240,16;549228777,10;24352
WINFUT;04/05/2016;14:30:00;118809,16;118931,88;118273,63;118284,79;462540152,80;20507
WINFUT;04/05/2016;14:00:00;118775,69;118898,41;118407,51;118820,32;443417334,00;19611
WINFUT;04/05/2016;13:30:00;118809,16;119110,39;118753,37;118775,69;353738677,30;15700
WINFUT;04/05/2016;13:00:00;118786,84;119233,12;118775,69;118809,16;634645522,00;28076
WINFUT;04/05/2016;12:30:00;117883,14;118887,26;117849,67;118809,16;620119320,10;27480
WINFUT;04/05/2016;12:00:00;118329,41;118496,77;117782,73;117883,14;665483019,80;29512
WINFUT;04/05/2016;11:30:00;118463,30;118541,39;117972,40;118340,57;823151441,80;36613
WINFUT;04/05/2016;11:00:00;117871,98;118530,24;117793,89;118474,45;935746241,90;41584
WINFUT;04/05/2016;10:30:00;117838,51;117905,45;117291,83;117849,67;1029039714,00;45870
WINFUT;04/05/2016;10:00:00;117314,14;117972,40;117291,83;117838,51;817930042,10;36276
WINFUT;04/05/2016;09:30:00;117068,69;117459,18;117024,06;117302,99;445470192,00;19782
WINFUT;04/05/2016;09:00:00;117414,55;117693,47;116879,03;117091,01;656022021,90;29116
WINFUT;03/05/2016;17:30:00;118463,30;118563,71;118374,04;118418,67;149033030,10;6581
WINFUT;03/05/2016;17:00:00;118150,90;118574,86;118061,65;118463,30;285615030,00;12607
WINFUT;03/05/2016;16:30:00;118541,39;118597,18;118083,96;118173,22;587362846,40;25975
WINFUT;03/05/2016;16:00:00;118619,49;118775,69;118507,92;118541,39;316564096,10;14007
WINFUT;03/05/2016;15:30:00;118976,51;119132,71;118474,45;118608,34;475883730,00;21023
WINFUT;03/05/2016;15:00:00;118864,94;119065,77;118786,84;118976,51;324485450,40;14356
WINFUT;03/05/2016;14:30:00;118931,88;119221,96;118820,32;118864,94;358290666,90;15876
WINFUT;03/05/2016;14:00:00;118753,37;119065,77;118719,90;118920,73;263970766,00;11720
WINFUT;03/05/2016;13:30:00;118630,65;118987,67;118530,24;118753,37;349231315,20;15493
WINFUT;03/05/2016;13:00:00;118909,57;118954,20;118541,39;118619,49;360722857,40;15954
WINFUT;03/05/2016;12:30:00;118764,53;119155,02;118708,75;118909,57;510492238,70;22585
WINFUT;03/05/2016;12:00:00;118396,36;118798,00;118329,41;118753,37;387008365,60;17231
WINFUT;03/05/2016;11:30:00;118541,39;118686,43;118262,47;118385,20;572836644,50;25440
WINFUT;03/05/2016;11:00:00;118675,28;118697,59;118139,75;118541,39;839128032,60;37128
WINFUT;03/05/2016;10:30:00;119266,59;119355,84;118641,81;118686,43;1021006791,00;45247
WINFUT;03/05/2016;10:00:00;119545,51;119590,14;119132,71;119266,59;597984155,30;26491
WINFUT;03/05/2016;09:30:00;119389,31;119590,14;119088,08;119534,35;494984235,10;21850
WINFUT;03/05/2016;09:00:00;119757,49;119846,74;119210,80;119378,16;622082923,50;27348
WINFUT;02/05/2016;17:30:00;121129,78;121152,09;120873,17;121051,68;153674274,30;6647
WINFUT;02/05/2016;17:00:00;120984,74;121207,88;120906,64;121107,47;148497501,90;6540
WINFUT;02/05/2016;16:30:00;121074,00;121263,66;120739,29;120995,90;428489486,00;18866
WINFUT;02/05/2016;16:00:00;121431,02;121453,33;120795,08;121074,00;457452635,10;20097
WINFUT;02/05/2016;15:30:00;121676,47;121754,56;121230,19;121431,02;310561717,70;13698
WINFUT;02/05/2016;15:00:00;121163,25;121799,19;121107,47;121687,62;498308972,60;21793
WINFUT;02/05/2016;14:30:00;121520,27;121542,58;121062,84;121152,09;364025281,20;15999
WINFUT;02/05/2016;14:00:00;121140,94;121564,90;121096,31;121520,27;311543519,40;13746
WINFUT;02/05/2016;13:30:00;120995,90;121364,07;120995,90;121129,78;349298256,20;15395
WINFUT;02/05/2016;13:00:00;121319,45;121364,07;120962,43;120995,90;318728522,50;14108
WINFUT;02/05/2016;12:30:00;121654,15;121799,19;121207,88;121297,13;519149944,30;22918
WINFUT;02/05/2016;12:00:00;121888,45;122189,68;121576,05;121631,84;616102858,80;27157
WINFUT;02/05/2016;11:30:00;121676,47;121944,23;121297,13;121899,60;767121805,90;33835
WINFUT;02/05/2016;11:00:00;120928,96;121721,09;120683,51;121687,62;919457259,70;40629
WINFUT;02/05/2016;10:30:00;121631,84;121654,15;120549,62;120906,64;1269938141,00;55950
WINFUT;02/05/2016;10:00:00;122178,52;122345,88;121408,70;121631,84;858607870,10;37757
WINFUT;02/05/2016;09:30:00;122602,48;122691,74;122078,11;122145,05;424049064,80;18678
WINFUT;02/05/2016;09:00:00;122278,93;122702,89;121977,70;122602,48;313819514,20;13725
WINFUT;29/04/2016;17:30:00;121665,31;121966,54;121654,15;121721,09;169896315,50;7366
WINFUT;29/04/2016;17:00:00;121944,23;122100,43;121553,74;121676,47;340528982,20;14901
WINFUT;29/04/2016;16:30:00;121910,76;122301,25;121899,60;121955,39;413539324,20;18181
WINFUT;29/04/2016;16:00:00;121676,47;122145,05;121598,37;121910,76;450602337,10;19808
WINFUT;29/04/2016;15:30:00;121721,09;121843,82;121509,11;121676,47;403252720,40;17740
WINFUT;29/04/2016;15:00:00;121754,56;122066,95;121297,13;121721,09;688510731,60;30266
WINFUT;29/04/2016;14:30:00;122022,33;122044,64;121654,15;121754,56;453369232,70;19885
WINFUT;29/04/2016;14:00:00;122111,58;122368,19;121877,29;122033,48;416730179,70;18374
WINFUT;29/04/2016;13:30:00;122044,64;122390,50;121955,39;122111,58;446407366,40;19665
WINFUT;29/04/2016;13:00:00;121955,39;122122,74;121497,96;122033,48;507301383,30;22383
WINFUT;29/04/2016;12:30:00;122803,31;122903,72;121810,35;121966,54;866997811,70;37870
WINFUT;29/04/2016;12:00:00;123138,01;123450,40;122803,31;122803,31;671150693,10;28872
WINFUT;29/04/2016;11:30:00;122758,68;123595,44;122747,52;123126,85;1012237517,00;43269
WINFUT;29/04/2016;11:00:00;122591,33;123071,07;122200,84;122769,84;1207214402,00;52376
WINFUT;29/04/2016;10:30:00;123126,85;123963,62;122580,17;122602,48;1385500659,00;59066
WINFUT;29/04/2016;10:00:00;123595,44;123818,58;123037,60;123115,70;662269850,70;28438
WINFUT;29/04/2016;09:30:00;123785,11;123896,68;123539,66;123584,28;337762086,60;14446
WINFUT;29/04/2016;09:00:00;123472,72;123963,62;123171,48;123751,64;542445420,20;22988
WINFUT;28/04/2016;17:30:00;123026,44;123729,32;123026,44;123729,32;237596003,00;10142
WINFUT;28/04/2016;17:00:00;122892,56;123204,95;122758,68;123026,44;506118758,60;21407
WINFUT;28/04/2016;16:30:00;122390,50;122926,03;122312,41;122914,87;651849364,90;28475
WINFUT;28/04/2016;16:00:00;123260,74;123271,89;122379,35;122390,50;721311832,70;30951
WINFUT;28/04/2016;15:30:00;123405,78;123550,81;123193,80;123238,42;380202695,00;16336
WINFUT;28/04/2016;15:00:00;123539,66;123807,42;123227,27;123394,62;573930014,50;24417
WINFUT;28/04/2016;14:30:00;123539,66;123818,58;123439,25;123539,66;399035436,00;16983
WINFUT;28/04/2016;14:00:00;124097,50;124164,44;123450,40;123550,81;528588628,50;22522
WINFUT;28/04/2016;13:30:00;123885,52;124097,50;123707,01;124086,34;286485263,30;12271
WINFUT;28/04/2016;13:00:00;124108,66;124331,79;123762,79;123874,36;405551028,90;17427
WINFUT;28/04/2016;12:30:00;124331,79;124588,40;124041,71;124119,81;394461132,80;16985
WINFUT;28/04/2016;12:00:00;124130,97;124621,87;124119,81;124320,64;705937711,20;30149
WINFUT;28/04/2016;11:30:00;123829,74;124164,44;123729,32;124142,13;567369794,30;24283
WINFUT;28/04/2016;11:00:00;123807,42;124075,19;123595,44;123807,42;728853854,60;31107
WINFUT;28/04/2016;10:30:00;123439,25;123907,83;123059,91;123785,11;990503998,40;42627
WINFUT;28/04/2016;10:00:00;123673,54;123718,17;122948,34;123428,09;830693463,70;35546
WINFUT;28/04/2016;09:30:00;123260,74;123729,32;123104,54;123662,38;514709523,10;21965
WINFUT;28/04/2016;09:00:00;122836,78;123416,93;122803,31;123249,58;473987067,70;20059
WINFUT;27/04/2016;17:30:00;123762,79;124220,22;123762,79;124220,22;235677027,10;9913
WINFUT;27/04/2016;17:00:00;123640,07;123807,42;123472,72;123762,79;306277492,30;12906
WINFUT;27/04/2016;16:30:00;123517,34;123773,95;123405,78;123640,07;597805645,90;25335
WINFUT;27/04/2016;16:00:00;123115,70;123561,97;123093,38;123517,34;456917106,90;19434
WINFUT;27/04/2016;15:30:00;123093,38;123193,80;123015,29;123115,70;325958152,90;14022
WINFUT;27/04/2016;15:00:00;122847,93;123305,36;122524,39;123093,38;976535638,40;41818
WINFUT;27/04/2016;14:30:00;122535,54;122981,82;122513,23;122825,62;480435719,50;20653
WINFUT;27/04/2016;14:00:00;122524,39;122591,33;122334,72;122524,39;225948265,10;9971
WINFUT;27/04/2016;13:30:00;122357,03;122680,58;122345,88;122535,54;338163732,70;14896
WINFUT;27/04/2016;13:00:00;122446,29;122468,60;122133,90;122379,35;287935652,10;12712
WINFUT;27/04/2016;12:30:00;122200,84;122557,86;122156,21;122457,44;547956897,70;24051
WINFUT;27/04/2016;12:00:00;121609,52;122234,31;121497,96;122211,99;565272308,90;24919
WINFUT;27/04/2016;11:30:00;122357,03;122357,03;121564,90;121609,52;889646191,00;39150
WINFUT;27/04/2016;11:00:00;121944,23;122479,76;121877,29;122368,19;743759389,00;32598
WINFUT;27/04/2016;10:30:00;121642,99;122323,56;121609,52;121933,07;1029731438,00;45356
WINFUT;27/04/2016;10:00:00;121230,19;121910,76;121062,84;121642,99;955315334,20;41970
WINFUT;27/04/2016;09:30:00;121352,92;121419,86;121129,78;121230,19;334147271,40;14718
WINFUT;27/04/2016;09:00:00;120348,80;121442,17;120293,02;121352,92;464771520,20;20365
WINFUT;26/04/2016;17:30:00;120516,15;120940,11;120248,39;120940,11;318259935,30;13834
WINFUT;26/04/2016;17:00:00;120326,49;120616,57;120270,70;120516,15;299828840,40;13179
WINFUT;26/04/2016;16:30:00;119924,84;120426,90;119902,53;120337,65;532805912,90;23552
WINFUT;26/04/2016;16:00:00;119936,00;120192,61;119857,90;119924,84;302060207,90;13360
WINFUT;26/04/2016;15:30:00;119857,90;120203,76;119779,80;119936,00;488357073,90;21580
WINFUT;26/04/2016;15:00:00;119824,43;120014,10;119790,96;119846,74;346888379,40;15379
WINFUT;26/04/2016;14:30:00;119679,39;119891,37;119500,88;119813,27;391850432,90;17326
WINFUT;26/04/2016;14:00:00;119813,27;120136,82;119645,92;119679,39;471755700,30;20894
WINFUT;26/04/2016;13:30:00;119779,80;119936,00;119556,67;119824,43;331157239,00;14701
WINFUT;26/04/2016;13:00:00;119757,49;119857,90;119556,67;119768,65;359919565,10;15971
WINFUT;26/04/2016;12:30:00;119679,39;119947,16;119590,14;119746,33;474054008,70;20983
WINFUT;26/04/2016;12:00:00;118909,57;119802,12;118909,57;119679,39;796732051,50;35278
WINFUT;26/04/2016;11:30:00;118530,24;118943,04;118362,88;118920,73;593677616,20;26321
WINFUT;26/04/2016;11:00:00;118162,06;118998,82;118117,43;118519,08;1105240911,00;49008
WINFUT;26/04/2016;10:30:00;118329,41;118340,57;117537,28;118139,75;1076634781,00;47840
WINFUT;26/04/2016;10:00:00;118385,20;118742,22;117983,55;118340,57;761632642,00;33751
WINFUT;26/04/2016;09:30:00;118284,79;118574,86;118229,00;118396,36;348584218,60;15399
WINFUT;26/04/2016;09:00:00;118262,47;118652,96;117927,77;118284,79;476508512,90;21115
WINFUT;25/04/2016;17:30:00;117782,73;117816,20;117403,40;117526,12;160792336,40;7090
WINFUT;25/04/2016;17:00:00;117581,91;117816,20;117559,59;117771,57;210105556,40;9290
WINFUT;25/04/2016;16:30:00;117425,71;117660,00;117336,46;117581,91;307549371,70;13635
WINFUT;25/04/2016;16:00:00;117938,93;117938,93;117258,36;117425,71;542244597,10;24059
WINFUT;25/04/2016;15:30:00;118162,06;118206,69;117793,89;117950,08;355233693,50;15758
WINFUT;25/04/2016;15:00:00;118061,65;118184,38;117760,42;118162,06;412111249,10;18275
WINFUT;25/04/2016;14:30:00;118050,49;118262,47;117961,24;118050,49;333031587,70;14795
WINFUT;25/04/2016;14:00:00;118050,49;118362,88;117938,93;118061,65;394572701,20;17507
WINFUT;25/04/2016;13:30:00;117871,98;118095,12;117782,73;118039,34;241969483,20;10763
WINFUT;25/04/2016;13:00:00;117671,16;117894,30;117548,44;117871,98;283138212,10;12578
WINFUT;25/04/2016;12:30:00;118072,81;118072,81;117626,53;117671,16;278831673,00;12392
WINFUT;25/04/2016;12:00:00;117961,24;118150,90;117827,36;118072,81;357911334,40;15887
WINFUT;25/04/2016;11:30:00;117950,08;118095,12;117715,79;117972,40;527740708,90;23443
WINFUT;25/04/2016;11:00:00;118608,34;118820,32;117849,67;117938,93;912316884,00;40542
WINFUT;25/04/2016;10:30:00;119746,33;119857,90;118452,14;118608,34;1026696778,00;45579
WINFUT;25/04/2016;10:00:00;119445,10;120002,94;119233,12;119746,33;681571178,90;30251
WINFUT;25/04/2016;09:30:00;119244,28;119590,14;119233,12;119433,94;368711152,70;16319
WINFUT;25/04/2016;09:00:00;119991,78;120114,51;119065,77;119244,28;364270731,60;16092
WINFUT;22/04/2016;17:30:00;120047,57;120382,27;119969,47;120382,27;133458085,50;5775
WINFUT;22/04/2016;17:00:00;120002,94;120069,88;119779,80;120036,41;191607520,50;8433
WINFUT;22/04/2016;16:30:00;120170,29;120315,33;119891,37;120002,94;282245665,20;12460
WINFUT;22/04/2016;16:00:00;120192,61;120270,70;120092,19;120181,45;173265680,30;7668
WINFUT;22/04/2016;15:30:00;120192,61;120315,33;120036,41;120192,61;219298790,20;9711
WINFUT;22/04/2016;15:00:00;119969,47;120371,12;119857,90;120203,76;345482617,90;15287
WINFUT;22/04/2016;14:30:00;119712,86;120136,82;119645,92;119947,16;326560622,10;14471
WINFUT;22/04/2016;14:00:00;119936,00;120192,61;119645,92;119712,86;368488016,00;16308
WINFUT;22/04/2016;13:30:00;119690,55;120114,51;119668,23;119936,00;301279229,30;13372
WINFUT;22/04/2016;13:00:00;120025,25;120036,41;119657,08;119690,55;382523317,10;16932
WINFUT;22/04/2016;12:30:00;120159,14;120326,49;119857,90;120025,25;359785683,10;15931
WINFUT;22/04/2016;12:00:00;120136,82;120415,74;119846,74;120136,82;560541810,00;24841
WINFUT;22/04/2016;11:30:00;120683,51;120917,80;120002,94;120103,35;731263731,40;32346
WINFUT;22/04/2016;11:00:00;120404,59;121029,37;120393,43;120683,51;828573664,70;36605
WINFUT;22/04/2016;10:30:00;119578,98;120438,06;119478,57;120404,59;898683229,00;39874
WINFUT;22/04/2016;10:00:00;119255,43;119735,18;119210,80;119567,82;642254485,00;28356
WINFUT;22/04/2016;09:30:00;119143,86;119322,37;118853,79;119244,28;586671122,50;25936
WINFUT;22/04/2016;09:00:00;120270,70;120270,70;119043,45;119121,55;648011412,90;28609
WINFUT;20/04/2016;17:30:00;121397,54;121687,62;121386,39;121642,99;154008979,40;6653
WINFUT;20/04/2016;17:00:00;121475,64;121631,84;121341,76;121397,54;184734908,80;8115
WINFUT;20/04/2016;16:30:00;121687,62;121732,25;121431,02;121475,64;353359344,90;15569
WINFUT;20/04/2016;16:00:00;122089,27;122267,78;121564,90;121676,47;469524332,80;20581
WINFUT;20/04/2016;15:30:00;122055,80;122200,84;121866,13;122100,43;337717459,30;14903
WINFUT;20/04/2016;15:00:00;121743,41;122167,37;121587,21;122055,80;455065072,00;20026
WINFUT;20/04/2016;14:30:00;121341,76;121921,92;121274,82;121765,72;416819434,40;18356
WINFUT;20/04/2016;14:00:00;121196,72;121431,02;121085,15;121341,76;333723311,60;14724
WINFUT;20/04/2016;13:30:00;120928,96;121341,76;120873,17;121196,72;309803052,80;13653
WINFUT;20/04/2016;13:00:00;121375,23;121442,17;120862,02;120917,80;336423266,20;14792
WINFUT;20/04/2016;12:30:00;121642,99;121732,25;121330,60;121386,39;419251624,80;18504
WINFUT;20/04/2016;12:00:00;121040,53;121676,47;120962,43;121642,99;529615057,50;23346
WINFUT;20/04/2016;11:30:00;120594,25;121140,94;120594,25;121051,68;623488684,90;27568
WINFUT;20/04/2016;11:00:00;121085,15;121085,15;120571,94;120605,41;595395769,10;26264
WINFUT;20/04/2016;10:30:00;121576,05;121776,88;120728,13;121074,00;986398282,40;43472
WINFUT;20/04/2016;10:00:00;121219,04;121609,52;120850,86;121576,05;715867296,20;31546
WINFUT;20/04/2016;09:30:00;120984,74;121252,51;120895,49;121219,04;313908768,90;13874
WINFUT;20/04/2016;09:00:00;121163,25;121576,05;120806,23;120984,74;453279978,00;19847
WINFUT;19/04/2016;17:30:00;121966,54;122011,17;121832,66;121977,70;166192245,60;7152
WINFUT;19/04/2016;17:00:00;122156,21;122189,68;121899,60;121966,54;214055076,80;9385
WINFUT;19/04/2016;16:30:00;122111,58;122390,50;121866,13;122156,21;546662704,60;23960
WINFUT;19/04/2016;16:00:00;121799,19;122167,37;121587,21;122111,58;387633148,50;17035
WINFUT;19/04/2016;15:30:00;121709,94;121955,39;121308,29;121799,19;591267739,40;26014
WINFUT;19/04/2016;15:00:00;121854,97;122044,64;121631,84;121698,78;399526336,80;17623
WINFUT;19/04/2016;14:30:00;122156,21;122156,21;121799,19;121854,97;318817777,20;14054
WINFUT;19/04/2016;14:00:00;122055,80;122267,78;121944,23;122133,90;302171776,20;13307
WINFUT;19/04/2016;13:30:00;121933,07;122133,90;121721,09;122055,80;366189707,60;16033
WINFUT;19/04/2016;13:00:00;122200,84;122312,41;121620,68;121933,07;547823015,70;24015
WINFUT;19/04/2016;12:30:00;122513,23;122591,33;122100,43;122189,68;441208280,30;19419
WINFUT;19/04/2016;12:00:00;122524,39;122847,93;122390,50;122535,54;538964487,00;23618
WINFUT;19/04/2016;11:30:00;122011,17;122580,17;121944,23;122513,23;512098823,30;22571
WINFUT;19/04/2016;11:00:00;122245,46;122479,76;121966,54;121988,86;666554076,20;29444
WINFUT;19/04/2016;10:30:00;121096,31;122368,19;120940,11;122256,62;1277971063,00;56334
WINFUT;19/04/2016;10:00:00;121297,13;121464,49;120438,06;121096,31;915641621,40;40351
WINFUT;19/04/2016;09:30:00;121085,15;121442,17;120884,33;121308,29;477177923,10;21040
WINFUT;19/04/2016;09:00:00;121352,92;121497,96;120705,82;121096,31;420545817,90;18511
WINFUT;18/04/2016;17:30:00;119980,63;120214,92;119824,43;119824,43;192076107,60;8386
WINFUT;18/04/2016;17:00:00;119947,16;120348,80;119891,37;119991,78;257968387,60;11320
WINFUT;18/04/2016;16:30:00;120415,74;120426,90;119824,43;119958,31;549340345,50;24237
WINFUT;18/04/2016;16:00:00;120014,10;120549,62;119924,84;120404,59;421527619,60;18575
WINFUT;18/04/2016;15:30:00;119735,18;120181,45;119556,67;120002,94;474388713,80;20921
WINFUT;18/04/2016;15:00:00;120192,61;120359,96;119668,23;119735,18;614161569,10;27068
WINFUT;18/04/2016;14:30:00;120505,00;120750,45;119969,47;120192,61;457809653,90;20107
WINFUT;18/04/2016;14:00:00;120906,64;120906,64;120281,86;120493,84;412222817,50;18122
WINFUT;18/04/2016;13:30:00;121330,60;121553,74;120627,72;120906,64;478717566,60;20942
WINFUT;18/04/2016;13:00:00;120917,80;121397,54;120728,13;121330,60;294071912,50;12935
WINFUT;18/04/2016;12:30:00;121085,15;121341,76;120761,60;120917,80;353582481,60;15570
WINFUT;18/04/2016;12:00:00;120884,33;121442,17;120672,35;121062,84;504824565,50;22133
WINFUT;18/04/2016;11:30:00;120705,82;121174,41;120594,25;120884,33;565897091,80;24907
WINFUT;18/04/2016;11:00:00;120047,57;120873,17;119835,59;120716,98;724725824,90;32000
WINFUT;18/04/2016;10:30:00;119657,08;120426,90;119210,80;120047,57;832233107,20;36646
WINFUT;18/04/2016;10:00:00;121631,84;121687,62;118742,22;119657,08;1373763667,00;60625
WINFUT;18/04/2016;09:30:00;120906,64;121676,47;120694,66;121631,84;564245879,90;24925
WINFUT;18/04/2016;09:00:00;122401,66;122669,42;120650,04;120884,33;968837420,80;42623
WINFUT;15/04/2016;17:30:00;121219,04;121241,35;120817,39;120906,64;217290559,50;9523
WINFUT;15/04/2016;17:00:00;121085,15;121486,80;120895,49;121219,04;391404159,40;17115
WINFUT;15/04/2016;16:30:00;120393,43;121263,66;120382,27;121085,15;786333879,40;34488
WINFUT;15/04/2016;16:00:00;120705,82;120850,86;120281,86;120393,43;454038642,90;20046
WINFUT;15/04/2016;15:30:00;120505,00;121040,53;120493,84;120705,82;592316482,10;26053
WINFUT;15/04/2016;15:00:00;120315,33;120783,92;120226,08;120505,00;556458407,60;24548
WINFUT;15/04/2016;14:30:00;120594,25;120705,82;120293,02;120326,49;552977474,40;24318
WINFUT;15/04/2016;14:00:00;120895,49;120984,74;120549,62;120571,94;420456563,20;18502
WINFUT;15/04/2016;13:30:00;121140,94;121464,49;120817,39;120906,64;481372893,90;21153
WINFUT;15/04/2016;13:00:00;121096,31;121285,98;120928,96;121140,94;405885734,00;17776
WINFUT;15/04/2016;12:30:00;120928,96;121241,35;120795,08;121096,31;458813769,20;20164
WINFUT;15/04/2016;12:00:00;120404,59;121085,15;120359,96;120917,80;561367415,90;24675
WINFUT;15/04/2016;11:30:00;120493,84;120973,58;120214,92;120393,43;696699850,00;30701
WINFUT;15/04/2016;11:00:00;120527,31;120940,11;120159,14;120482,68;888463566,30;39204
WINFUT;15/04/2016;10:30:00;120092,19;120694,66;119645,92;120527,31;1092722940,00;48276
WINFUT;15/04/2016;10:00:00;120203,76;120817,39;119634,76;120081,04;1007529332,00;44423
WINFUT;15/04/2016;09:30:00;121219,04;121330,60;120092,19;120226,08;799186555,70;35419
WINFUT;15/04/2016;09:00:00;121051,68;121341,76;120516,15;121230,19;624626682,30;27469
WINFUT;14/04/2016;17:30:00;118909,57;120047,57;118864,94;119824,43;341845489,00;15094
WINFUT;14/04/2016;17:00:00;119389,31;119400,47;118719,90;118909,57;328100265,70;14471
WINFUT;14/04/2016;16:30:00;119288,90;119445,10;119088,08;119389,31;555855938,40;24671
WINFUT;14/04/2016;16:00:00;119099,24;119478,57;118976,51;119300,06;670704419,60;29712
WINFUT;14/04/2016;15:30:00;119132,71;119355,84;119009,98;119088,08;456314637,70;20240
WINFUT;14/04/2016;15:00:00;119802,12;119880,21;118842,63;119143,86;809919433,00;35819
WINFUT;14/04/2016;14:30:00;119779,80;120203,76;119701,71;119824,43;561702121,00;24806
WINFUT;14/04/2016;14:00:00;119545,51;119958,31;119333,53;119779,80;620186261,20;27429
WINFUT;14/04/2016;13:30:00;120237,23;120248,39;119221,96;119545,51;837789212,10;36898
WINFUT;14/04/2016;13:00:00;120404,59;120415,74;119936,00;120226,08;532917481,30;23498
WINFUT;14/04/2016;12:30:00;120761,60;120783,92;120304,17;120404,59;496278428,20;22010
WINFUT;14/04/2016;12:00:00;120248,39;121085,15;120047,57;120772,76;1244902198,00;54806
WINFUT;14/04/2016;11:30:00;120594,25;120750,45;120259,55;120259,55;621368885,90;27423
WINFUT;14/04/2016;11:00:00;119958,31;120761,60;119735,18;120594,25;1031717355,00;45560
WINFUT;14/04/2016;10:30:00;121631,84;121687,62;119735,18;119958,31;1795514423,00;79019
WINFUT;14/04/2016;10:00:00;121509,11;122234,31;121431,02;121631,84;989946156,60;43537
WINFUT;14/04/2016;09:30:00;120817,39;121609,52;120750,45;121509,11;758508727,60;33472
WINFUT;14/04/2016;09:00:00;119958,31;120817,39;119512,04;120783,92;618735872,30;27338
WINFUT;13/04/2016;17:30:00;120315,33;120616,57;119411,63;119411,63;311900538,20;13748
WINFUT;13/04/2016;17:00:00;121129,78;121163,25;120226,08;120304,17;588143825,00;25981
WINFUT;13/04/2016;16:30:00;121431,02;121564,90;120862,02;121118,62;685141366,80;30260
WINFUT;13/04/2016;16:00:00;121263,66;121709,94;120995,90;121408,70;770758934,80;34009
WINFUT;13/04/2016;15:30:00;121687,62;121732,25;121118,62;121252,51;603607201,20;26653
WINFUT;13/04/2016;15:00:00;121933,07;122223,15;121609,52;121687,62;587385160,10;25930
WINFUT;13/04/2016;14:30:00;121620,68;121988,86;121453,33;121921,92;430319207,30;19069
WINFUT;13/04/2016;14:00:00;122200,84;122200,84;121386,39;121631,84;807487242,50;35714
WINFUT;13/04/2016;13:30:00;122200,84;122557,86;122111,58;122211,99;450602337,10;19894
WINFUT;13/04/2016;13:00:00;122435,13;122479,76;122145,05;122189,68;340082708,70;15084
WINFUT;13/04/2016;12:30:00;122033,48;122490,91;122000,01;122423,97;453056841,30;20059
WINFUT;13/04/2016;12:00:00;121509,11;122189,68;121497,96;122022,33;677733227,00;29964
WINFUT;13/04/2016;11:30:00;121832,66;121910,76;121174,41;121520,27;904440157,00;40062
WINFUT;13/04/2016;11:00:00;121419,86;121966,54;121341,76;121799,19;744227976,10;32895
WINFUT;13/04/2016;10:30:00;121207,88;121509,11;120906,64;121419,86;997956765,60;44077
WINFUT;13/04/2016;10:00:00;121665,31;121988,86;121029,37;121207,88;827792686,10;36615
WINFUT;13/04/2016;09:30:00;121520,27;121810,35;121364,07;121654,15;448951125,20;19734
WINFUT;13/04/2016;09:00:00;120493,84;121609,52;120047,57;121520,27;516048343,60;22730
WINFUT;12/04/2016;17:30:00;118478,14;119217,21;118478,14;118876,10;331534127,80;14402
WINFUT;12/04/2016;17:00:00;118330,33;118489,51;118193,88;118478,14;347952787,50;15207
WINFUT;12/04/2016;16:30:00;118705,55;119148,99;118296,22;118307,59;771767969,60;33741
WINFUT;12/04/2016;16:00:00;118682,80;119012,54;118489,51;118728,29;596415774,00;26093
WINFUT;12/04/2016;15:30:00;118159,77;119160,36;118102,92;118682,80;988667106,00;43244
WINFUT;12/04/2016;15:00:00;117545,78;118284,85;117420,71;118159,77;744160971,10;32613
WINFUT;12/04/2016;14:30:00;117238,78;117659,48;116818,08;117523,04;706002368,50;30930
WINFUT;12/04/2016;14:00:00;116658,90;117250,15;116624,79;117238,78;623340556,70;27323
WINFUT;12/04/2016;13:30:00;116704,38;116772,60;116363,27;116636,16;498745215,10;21873
WINFUT;12/04/2016;13:00:00;116613,42;116806,71;116511,08;116704,38;396162702,50;17377
WINFUT;12/04/2016;12:30:00;116169,98;116636,16;116101,76;116602,05;495038509,30;21733
WINFUT;12/04/2016;12:00:00;115794,76;116363,27;115624,20;116169,98;751665344,60;33019
WINFUT;12/04/2016;11:30:00;115112,54;115965,31;115089,80;115794,76;867187216,40;38121
WINFUT;12/04/2016;11:00:00;116056,27;116067,64;114998,84;115112,54;811836776,30;35695
WINFUT;12/04/2016;10:30:00;116386,01;116647,53;115840,24;116033,53;930815208,00;40897
WINFUT;12/04/2016;10:00:00;115442,28;117170,56;115351,32;116386,01;1246658373,00;54747
WINFUT;12/04/2016;09:30:00;115612,83;115817,50;115271,73;115453,65;422814598,90;18587
WINFUT;12/04/2016;09:00:00;115635,57;116124,50;115362,69;115624,20;548478745,30;24106
WINFUT;11/04/2016;17:30:00;114043,74;114373,48;113873,18;113873,18;186222167,00;8189
WINFUT;11/04/2016;17:00:00;114271,14;114373,48;113827,70;114043,74;370579610,80;16296
WINFUT;11/04/2016;16:30:00;114453,07;114532,66;113907,29;114259,77;723216946,70;31803
WINFUT;11/04/2016;16:00:00;114544,03;114873,77;114407,59;114430,33;446601189,10;19638
WINFUT;11/04/2016;15:30:00;115044,32;115101,17;114475,81;114544,03;464816350,30;20438
WINFUT;11/04/2016;15:00:00;115078,43;115317,21;114885,14;115067,06;534902651,30;23519
WINFUT;11/04/2016;14:30:00;114862,40;115112,54;114657,73;115055,69;458517224,70;20163
WINFUT;11/04/2016;14:00:00;114873,77;115146,65;114657,73;114851,03;485646672,10;21355
WINFUT;11/04/2016;13:30:00;115374,06;115465,02;114805,55;114873,77;404144627,10;17770
WINFUT;11/04/2016;13:00:00;115203,50;115601,46;115158,02;115351,32;307292727,10;13509
WINFUT;11/04/2016;12:30:00;115374,06;115476,39;115044,32;115192,13;346269988,60;15225
WINFUT;11/04/2016;12:00:00;115158,02;115510,50;114930,62;115374,06;585659505,20;25747
WINFUT;11/04/2016;11:30:00;115544,61;115681,06;115146,65;115158,02;733973215,40;32275
WINFUT;11/04/2016;11:00:00;115931,20;116022,16;115476,39;115544,61;883719578,80;38838
WINFUT;11/04/2016;10:30:00;115737,91;116147,24;115544,61;115919,83;1024415213,00;45036
WINFUT;11/04/2016;10:00:00;115942,57;116249,57;115681,06;115737,91;753416365,10;33117
WINFUT;11/04/2016;09:30:00;115953,94;116306,42;115874,35;115931,20;417788942,70;18358
WINFUT;11/04/2016;09:00:00;115067,06;116113,13;115067,06;115942,57;492332386,70;21618
WINFUT;08/04/2016;17:30:00;114691,84;114907,88;114669,10;114862,40;194954528,90;8567
WINFUT;08/04/2016;17:00:00;114612,25;114794,17;114509,92;114680,47;240139954,00;10560
WINFUT;08/04/2016;16:30:00;114350,73;114782,80;114237,03;114612,25;532355712,40;23410
WINFUT;08/04/2016;16:00:00;114521,29;114612,25;114293,88;114350,73;393502061,00;17304
WINFUT;08/04/2016;15:30:00;114771,43;114816,92;114453,07;114532,66;302949286,70;13322
WINFUT;08/04/2016;15:00:00;114896,51;115021,58;114680,47;114771,43;431092150,40;18954
WINFUT;08/04/2016;14:30:00;114532,66;114907,88;114453,07;114896,51;378925383,80;16657
WINFUT;08/04/2016;14:00:00;114657,73;114748,69;114498,55;114532,66;243687476,00;10715
WINFUT;08/04/2016;13:30:00;114407,59;114748,69;114362,10;114669,10;259719546,80;11421
WINFUT;08/04/2016;13:00:00;114430,33;114634,99;114316,62;114430,33;289782522,10;12743
WINFUT;08/04/2016;12:30:00;114703,21;114816,92;114362,10;114441,70;376219261,30;16544
WINFUT;08/04/2016;12:00:00;114737,32;114907,88;114418,96;114703,21;542816354,30;23865
WINFUT;08/04/2016;11:30:00;114305,25;114885,14;114237,03;114737,32;657178459,30;28898
WINFUT;08/04/2016;11:00:00;114237,03;114532,66;114089,22;114293,88;539155129,70;23709
WINFUT;08/04/2016;10:30:00;113964,15;114600,88;113736,74;114225,66;1243406478,00;54678
WINFUT;08/04/2016;10:00:00;113804,96;114168,81;113372,89;113975,52;792711994,00;34859
WINFUT;08/04/2016;09:30:00;113554,82;114032,37;113543,45;113816,33;545272331,10;23978
WINFUT;08/04/2016;09:00:00;113179,60;113679,89;112861,23;113554,82;564829183,50;24838
WINFUT;07/04/2016;17:30:00;110348,40;110541,70;110314,29;110518,96;109109043,50;4820
WINFUT;07/04/2016;17:00:00;110405,25;110575,81;110132,37;110348,40;355320717,90;15736
WINFUT;07/04/2016;16:30:00;110325,66;110450,73;110007,29;110416,62;541042593,30;23878
WINFUT;07/04/2016;16:00:00;109893,59;110484,85;109723,04;110325,66;591299155,70;26107
WINFUT;07/04/2016;15:30:00;110246,07;110462,10;109882,22;109893,59;666229188,70;29410
WINFUT;07/04/2016;15:00:00;110541,70;110553,07;109916,33;110246,07;849449606,20;37504
WINFUT;07/04/2016;14:30:00;110894,17;111201,17;110405,25;110541,70;785844355,10;34646
WINFUT;07/04/2016;14:00:00;110734,99;110916,92;110621,29;110894,17;338174361,30;14975
WINFUT;07/04/2016;13:30:00;110803,21;110860,06;110484,85;110723,62;223744034,80;9862
WINFUT;07/04/2016;13:00:00;110530,33;110939,66;110348,40;110803,21;471729470,20;20820
WINFUT;07/04/2016;12:30:00;110825,95;110905,55;110473,48;110530,33;419426260,60;18477
WINFUT;07/04/2016;12:00:00;110973,77;110985,14;110427,99;110814,58;576722478,50;25413
WINFUT;07/04/2016;11:30:00;110541,70;111167,06;110280,18;110985,14;900774973,30;39696
WINFUT;07/04/2016;11:00:00;110803,21;110951,03;110439,36;110541,70;774542313,70;34106
WINFUT;07/04/2016;10:30:00;110609,92;111417,21;110450,73;110780,47;1202632715,00;52944
WINFUT;07/04/2016;10:00:00;111212,54;111519,54;110371,14;110598,55;1101460115,00;48523
WINFUT;07/04/2016;09:30:00;110666,77;111394,47;110666,77;111223,91;556028599,90;24495
WINFUT;07/04/2016;09:00:00;109234,12;111076,10;109222,75;110689,51;702295662,80;30980
WINFUT;06/04/2016;17:30:00;109597,96;110268,81;109586,59;109961,81;190815753,20;8435
WINFUT;06/04/2016;17:00:00;109904,96;109904,96;109507,00;109597,96;306542289,80;13563
WINFUT;06/04/2016;16:30:00;110041,41;110177,85;109734,41;109916,33;435230926,10;19203
WINFUT;06/04/2016;16:00:00;109666,19;110200,59;109552,48;110041,41;641100907,50;28328
WINFUT;06/04/2016;15:30:00;109609,34;109757,15;108995,34;109654,82;725581961,40;32036
WINFUT;06/04/2016;15:00:00;110280,18;110462,10;109461,52;109609,34;809926572,10;35741
WINFUT;06/04/2016;14:30:00;110291,55;110553,07;110177,85;110280,18;312000016,00;13762
WINFUT;06/04/2016;14:00:00;110462,10;110712,25;110257,44;110291,55;288213425,80;12694
WINFUT;06/04/2016;13:30:00;110416,62;110803,21;110337,03;110439,36;404258329,70;17818
WINFUT;06/04/2016;13:00:00;110985,14;111121,58;110177,85;110405,25;443462996,50;19540
WINFUT;06/04/2016;12:30:00;110416,62;111144,32;110382,51;110985,14;570696239,10;25172
WINFUT;06/04/2016;12:00:00;110700,88;110871,43;110086,89;110427,99;596620438,70;26284
WINFUT;06/04/2016;11:30:00;110132,37;110814,58;109757,15;110712,25;1005563317,00;44314
WINFUT;06/04/2016;11:00:00;110860,06;111167,06;109893,59;110132,37;933202963,30;41150
WINFUT;06/04/2016;10:30:00;110962,40;111655,98;110530,33;110848,69;1216436214,00;53578
WINFUT;06/04/2016;10:00:00;110075,52;111383,10;109950,44;110962,40;1031146409,00;45470
WINFUT;06/04/2016;09:30:00;110302,92;110405,25;109893,59;110064,15;424179030,50;18688
WINFUT;06/04/2016;09:00:00;111201,17;111201,17;110109,63;110302,92;540292156,00;23811
WINFUT;05/04/2016;17:30:00;111212,54;111439,95;111076,10;111212,54;180127706,00;7937
WINFUT;05/04/2016;17:00:00;112099,42;112122,16;110973,77;111223,91;570582536,50;25137
WINFUT;05/04/2016;16:30:00;112156,27;112395,05;111962,98;112099,42;563305568,20;24775
WINFUT;05/04/2016;16:00:00;112417,79;112531,49;111962,98;112156,27;511911979,60;22517
WINFUT;05/04/2016;15:30:00;112497,38;112861,23;112258,61;112406,42;687537061,50;30243
WINFUT;05/04/2016;15:00:00;112838,49;113145,49;111997,09;112497,38;1121903848,00;49349
WINFUT;05/04/2016;14:30:00;113077,27;113190,97;112656,57;112838,49;508978451,70;22382
WINFUT;05/04/2016;14:00:00;112315,46;113213,71;112315,46;113065,90;667297993,40;29347
WINFUT;05/04/2016;13:30:00;112213,13;112963,56;112167,64;112315,46;573948134,40;25240
WINFUT;05/04/2016;13:00:00;112520,12;112656,57;112122,16;112201,76;410807601,20;18071
WINFUT;05/04/2016;12:30:00;112576,97;112883,97;112269,98;112531,49;682011113,70;30004
WINFUT;05/04/2016;12:00:00;110951,03;112622,45;110860,06;112576,97;1585219323,00;69750
WINFUT;05/04/2016;11:30:00;111155,69;111201,17;110769,10;110951,03;715598870,50;31510
WINFUT;05/04/2016;11:00:00;109973,18;111167,06;109882,22;111167,06;1111602389,00;48999
WINFUT;05/04/2016;10:30:00;110382,51;110700,88;109677,56;109950,44;1280473535,00;56511
WINFUT;05/04/2016;10:00:00;109768,52;110427,99;109757,15;110382,51;1005677019,00;44335
WINFUT;05/04/2016;09:30:00;109836,74;109893,59;109450,15;109768,52;520212271,50;22934
WINFUT;05/04/2016;09:00:00;109734,41;110109,63;109609,34;109848,11;422564453,10;18670
WINFUT;04/04/2016;17:30:00;110734,99;110757,73;110371,14;110371,14;257945785,80;11443
WINFUT;04/04/2016;17:00:00;111098,84;111223,91;110712,25;110734,99;275274066,60;12152
WINFUT;04/04/2016;16:30:00;110871,43;111167,06;110848,69;111110,21;475026846,50;20916
WINFUT;04/04/2016;16:00:00;111007,88;111121,58;110734,99;110871,43;366258910,90;16126
WINFUT;04/04/2016;15:30:00;111076,10;111371,73;110757,73;111007,88;533697403,40;23532
WINFUT;04/04/2016;15:00:00;111428,58;111451,32;110837,32;111087,47;649173794,20;28588
WINFUT;04/04/2016;14:30:00;111849,28;111928,87;111269,39;111439,95;705456595,90;31055
WINFUT;04/04/2016;14:00:00;112179,01;112201,76;111792,43;111826,54;416310808,50;18316
WINFUT;04/04/2016;13:30:00;112235,87;112315,46;111906,13;112167,64;509183116,50;22397
WINFUT;04/04/2016;13:00:00;112861,23;113054,52;112235,87;112247,24;463861248,30;20401
WINFUT;04/04/2016;12:30:00;112883,97;113111,38;112793,01;112872,60;287508469,50;12643
WINFUT;04/04/2016;12:00:00;113236,45;113259,19;112838,49;112895,34;509910813,30;22423
WINFUT;04/04/2016;11:30:00;113281,93;113611,67;112974,93;113236,45;665001200,20;29244
WINFUT;04/04/2016;11:00:00;113839,07;114066,48;113190,97;113304,67;744479338,40;32738
WINFUT;04/04/2016;10:30:00;113407,00;114271,14;113179,60;113861,81;1115058949,00;49034
WINFUT;04/04/2016;10:00:00;113816,33;114043,74;113281,93;113407,00;863207624,40;37959
WINFUT;04/04/2016;09:30:00;114191,55;114305,25;113429,74;113816,33;676553387,40;29751
WINFUT;04/04/2016;09:00:00;114703,21;114794,17;114191,55;114214,29;462383114,10;20333
WINFUT;01/04/2016;17:30:00;115328,58;115578,72;115248,99;115294,47;181719542,80;7979
WINFUT;01/04/2016;17:00:00;115442,28;115567,35;115158,02;115339,95;284597682,20;12508
WINFUT;01/04/2016;16:30:00;115453,65;115749,28;115248,99;115442,28;662727147,70;29134
WINFUT;01/04/2016;16:00:00;115521,87;115737,91;115248,99;115453,65;599872333,90;26359
WINFUT;01/04/2016;15:30:00;115624,20;115885,72;115453,65;115533,24;631413443,40;27735
WINFUT;01/04/2016;15:00:00;115169,39;115828,87;115158,02;115612,83;646149304,20;28396
WINFUT;01/04/2016;14:30:00;115078,43;115419,54;115044,32;115169,39;512616935,90;22532
WINFUT;01/04/2016;14:00:00;114873,77;115294,47;114851,03;115078,43;439346961,30;19317
WINFUT;01/04/2016;13:30:00;114544,03;114976,10;114396,22;114873,77;380198853,30;16719
WINFUT;01/04/2016;13:00:00;114691,84;114828,29;114498,55;114555,40;313637333,90;13792
WINFUT;01/04/2016;12:30:00;114464,44;115021,58;114464,44;114680,47;622203530,40;27359
WINFUT;01/04/2016;12:00:00;114055,11;114691,84;113998,26;114453,07;724581378,20;31863
WINFUT;01/04/2016;11:30:00;113850,44;114589,51;113725,37;114032,37;1014636787,00;44618
WINFUT;01/04/2016;11:00:00;113247,82;114123,33;113054,52;113861,81;957649028,70;42112
WINFUT;01/04/2016;10:30:00;113031,78;113748,11;112588,34;113225,08;1167362159,00;51336
WINFUT;01/04/2016;10:00:00;112656,57;113225,08;112395,05;113031,78;745275256,80;32774
WINFUT;01/04/2016;09:30:00;113225,08;113452,48;112542,86;112667,94;721829774,60;31742
WINFUT;01/04/2016;09:00:00;113577,56;113577,56;112793,01;113225,08;384451331,60;16906
WINFUT;31/03/2016;17:30:00;114271,14;114464,44;114066,48;114407,59;156045489,00;6862
WINFUT;31/03/2016;17:00:00;114077,85;114475,81;113907,29;114282,51;490240258,40;21558
WINFUT;31/03/2016;16:30:00;113509,34;114259,77;113168,23;114089,22;997945240,60;43884
WINFUT;31/03/2016;16:00:00;113839,07;114043,74;113486,59;113509,34;517324224,80;22749
WINFUT;31/03/2016;15:30:00;114077,85;114168,81;113588,93;113827,70;581179621,60;25557
WINFUT;31/03/2016;15:00:00;113952,78;114339,36;113884,55;114077,85;439028593,90;19306
WINFUT;31/03/2016;14:30:00;114259,77;114521,29;113952,78;113964,15;387089232,70;17022
WINFUT;31/03/2016;14:00:00;114396,22;114555,40;114202,92;114271,14;315388354,40;13869
WINFUT;31/03/2016;13:30:00;114612,25;114646,36;113998,26;114396,22;586705569,40;25799
WINFUT;31/03/2016;13:00:00;114873,77;114987,47;114498,55;114634,99;344200600,70;15136
WINFUT;31/03/2016;12:30:00;114953,36;115123,91;114498,55;114873,77;498153961,40;21906
WINFUT;31/03/2016;12:00:00;114828,29;115158,02;114509,92;114953,36;579360379,50;25474
WINFUT;31/03/2016;11:30:00;114646,36;114987,47;114623,62;114828,29;582794199,00;25627
WINFUT;31/03/2016;11:00:00;115374,06;115374,06;114373,48;114646,36;1203815222,00;52936
WINFUT;31/03/2016;10:30:00;115510,50;115931,20;115146,65;115362,69;1031942327,00;45365
WINFUT;31/03/2016;10:00:00;115726,54;116067,64;115362,69;115499,13;1070623962,00;47049
WINFUT;31/03/2016;09:30:00;115328,58;115749,28;115180,76;115726,54;434935299,30;19123
WINFUT;31/03/2016;09:00:00;116204,09;116295,05;115055,69;115328,58;688856012,00;30280
WINFUT;30/03/2016;17:30:00;116693,01;116806,71;116590,68;116681,64;219696221,20;9599
WINFUT;30/03/2016;17:00:00;116977,27;117102,34;116624,79;116693,01;373444917,10;16375
WINFUT;30/03/2016;16:30:00;116874,93;116977,27;116158,61;116977,27;863366808,10;37874
WINFUT;30/03/2016;16:00:00;116852,19;117227,41;116590,68;116874,93;863707916,00;37878
WINFUT;30/03/2016;15:30:00;118296,22;118307,59;116556,57;116863,56;1224554582,00;53668
WINFUT;30/03/2016;15:00:00;118716,92;118728,29;117977,85;118296,22;986756901,90;43141
WINFUT;30/03/2016;14:30:00;118546,36;118989,80;118398,55;118716,92;613448427,90;26795
WINFUT;30/03/2016;14:00:00;118751,03;118853,36;118500,88;118546,36;343040833,90;15009
WINFUT;30/03/2016;13:30:00;118830,62;119023,91;118557,73;118751,03;470251336,00;20577
WINFUT;30/03/2016;13:00:00;118989,80;119217,21;118728,29;118830,62;378788940,70;16571
WINFUT;30/03/2016;12:30:00;118853,36;119148,99;118603,21;119001,17;609014025,40;26648
WINFUT;30/03/2016;12:00:00;119171,73;119421,87;118773,77;118864,73;788868845,10;34504
WINFUT;30/03/2016;11:30:00;118523,62;119274,06;118512,25;119183,10;927608793,90;40571
WINFUT;30/03/2016;11:00:00;118216,62;118785,14;118114,29;118534,99;973590137,30;42594
WINFUT;30/03/2016;10:30:00;117591,26;118330,33;117341,11;118205,25;1172001226,00;51338
WINFUT;30/03/2016;10:00:00;118091,55;118364,44;117579,89;117602,63;906028034,80;39717
WINFUT;30/03/2016;09:30:00;118011,96;118159,77;117727,70;118091,55;480348129,60;21080
WINFUT;30/03/2016;09:00:00;118148,40;118182,51;117523,04;118011,96;521644924,70;22809
WINFUT;29/03/2016;17:30:00;116602,05;117136,45;116579,31;116954,52;246984852,30;10798
WINFUT;29/03/2016;17:00:00;116874,93;116977,27;116579,31;116590,68;257809342,70;11296
WINFUT;29/03/2016;16:30:00;117329,74;117363,85;116476,97;116874,93;601236765,50;26380
WINFUT;29/03/2016;16:00:00;116829,45;117386,59;116511,08;117341,11;557506734,10;24456
WINFUT;29/03/2016;15:30:00;117375,22;117727,70;116693,01;116840,82;741682253,70;32529
WINFUT;29/03/2016;15:00:00;117955,11;118387,18;116988,64;117386,59;1029281685,00;45118
WINFUT;29/03/2016;14:30:00;117534,41;117977,85;117511,67;117966,48;353205849,00;15490
WINFUT;29/03/2016;14:00:00;117875,52;117932,37;117420,71;117534,41;484828013,20;21250
WINFUT;29/03/2016;13:30:00;117682,22;118171,14;117659,48;117875,52;603670001,80;26470
WINFUT;29/03/2016;13:00:00;117113,71;117955,11;117022,75;117670,85;698293330,20;30639
WINFUT;29/03/2016;12:30:00;116158,61;117523,04;116124,50;117113,71;946551652,00;41526
WINFUT;29/03/2016;12:00:00;116090,38;116363,27;115828,87;116147,24;490672328,30;21550
WINFUT;29/03/2016;11:30:00;115476,39;116113,13;115362,69;116067,64;575016939,10;25281
WINFUT;29/03/2016;11:00:00;115601,46;115828,87;115180,76;115476,39;625591868,80;27501
WINFUT;29/03/2016;10:30:00;115931,20;115965,31;115032,95;115590,09;986984307,10;43383
WINFUT;29/03/2016;10:00:00;116613,42;116943,15;115931,20;115942,57;795804705,50;34952
WINFUT;29/03/2016;09:30:00;117090,97;117102,34;116522,45;116636,16;337742291,40;14827
WINFUT;29/03/2016;09:00:00;116681,64;117375,22;115999,42;117079,60;696724233,90;30579
WINFUT;28/03/2016;17:30:00;116454,23;116636,16;116454,23;116636,16;158342282,20;6917
WINFUT;28/03/2016;17:00:00;116420,12;116522,45;116204,09;116454,23;203118377,80;8910
WINFUT;28/03/2016;16:30:00;116533,83;116647,53;116226,83;116420,12;426771450,40;18742
WINFUT;28/03/2016;16:00:00;116693,01;116783,97;116408,75;116533,83;390659495,20;17159
WINFUT;28/03/2016;15:30:00;116624,79;116977,27;116613,42;116715,75;674665923,80;29526
WINFUT;28/03/2016;15:00:00;116772,60;116806,71;116397,38;116636,16;407783111,30;17876
WINFUT;28/03/2016;14:30:00;116204,09;116840,82;116192,72;116761,23;543453089,10;23848
WINFUT;28/03/2016;14:00:00;115874,35;116295,05;115840,24;116192,72;471524805,50;20685
WINFUT;28/03/2016;13:30:00;115715,17;115999,42;115624,20;115897,09;361938211,00;15909
WINFUT;28/03/2016;13:00:00;115760,65;115942,57;115544,61;115726,54;338924798,70;14897
WINFUT;28/03/2016;12:30:00;115419,54;115817,50;115351,32;115760,65;288076982,70;12667
WINFUT;28/03/2016;12:00:00;115681,06;115749,28;115146,65;115419,54;399983110,90;17577
WINFUT;28/03/2016;11:30:00;114896,51;115726,54;114839,66;115692,43;550707316,80;24208
WINFUT;28/03/2016;11:00:00;115362,69;115442,28;114612,25;114896,51;784661847,80;34484
WINFUT;28/03/2016;10:30:00;115953,94;116056,27;114998,84;115408,17;991236785,50;43578
WINFUT;28/03/2016;10:00:00;116124,50;116420,12;115931,20;115942,57;507295652,80;22286
WINFUT;28/03/2016;09:30:00;116113,13;116295,05;115965,31;116124,50;321641999,00;14135
WINFUT;28/03/2016;09:00:00;114680,47;116317,79;114680,47;116135,87;535835012,90;23543
WINFUT;24/03/2016;17:30:00;113873,18;113873,18;113668,52;113816,33;119160356,00;5240
WINFUT;24/03/2016;17:00:00;113645,78;113884,55;113566,19;113861,81;229269982,60;10082
WINFUT;24/03/2016;16:30:00;113145,49;113679,89;113065,90;113645,78;449716641,10;19776
WINFUT;24/03/2016;16:00:00;113475,22;113588,93;113134,12;113145,49;321914885,30;14156
WINFUT;24/03/2016;15:30:00;113111,38;113588,93;113077,27;113475,22;413445502,20;18181
WINFUT;24/03/2016;15:00:00;113190,97;113270,56;112883,97;113134,12;379130048,60;16672
WINFUT;24/03/2016;14:30:00;113395,63;113486,59;113156,86;113179,60;388590107,40;17088
WINFUT;24/03/2016;14:00:00;112986,30;113554,82;112861,23;113384,26;493196526,70;21690
WINFUT;24/03/2016;13:30:00;112702,05;113065,90;112633,83;112986,30;381836171,20;16797
WINFUT;24/03/2016;13:00:00;112565,60;112929,45;112520,12;112713,42;418584861,10;18407
WINFUT;24/03/2016;12:30:00;112213,13;112611,08;112167,64;112565,60;366622759,30;16124
WINFUT;24/03/2016;12:00:00;112633,83;112724,79;112156,27;112201,76;462019265,70;20319
WINFUT;24/03/2016;11:30:00;111872,02;112633,83;111837,91;112633,83;654381374,60;28784
WINFUT;24/03/2016;11:00:00;112201,76;112326,83;111678,72;111872,02;695769131,90;30600
WINFUT;24/03/2016;10:30:00;112088,05;112508,75;111781,06;112201,76;888540570,30;39099
WINFUT;24/03/2016;10:00:00;111530,91;112281,35;111485,43;112099,42;637780790,70;28058
WINFUT;24/03/2016;09:30:00;111655,98;111803,80;111405,84;111530,91;339038501,30;14912
WINFUT;24/03/2016;09:00:00;111599,13;112053,94;111394,47;111678,72;351909639,00;15493
WINFUT;23/03/2016;17:30:00;113225,08;113247,82;112747,53;112747,53;334262990,90;14707
WINFUT;23/03/2016;17:00:00;113645,78;113679,89;113213,71;113225,08;331647830,40;14584
WINFUT;23/03/2016;16:30:00;113554,82;113793,59;113395,63;113645,78;486351628,40;21387
WINFUT;23/03/2016;16:00:00;113350,15;113804,96;113156,86;113543,45;651697992,60;28658
WINFUT;23/03/2016;15:30:00;113543,45;113770,85;113293,30;113350,15;535903234,50;23566
WINFUT;23/03/2016;15:00:00;113770,85;113964,15;113259,19;113554,82;521849589,40;22948
WINFUT;23/03/2016;14:30:00;113861,81;113873,18;113509,34;113770,85;336969113,50;14818
WINFUT;23/03/2016;14:00:00;113657,15;113986,89;113577,56;113861,81;349612845,90;15374
WINFUT;23/03/2016;13:30:00;113486,59;113782,22;113429,74;113668,52;388499145,30;17084
WINFUT;23/03/2016;13:00:00;113964,15;113986,89;113384,26;113486,59;523577869,40;23024
WINFUT;23/03/2016;12:30:00;113645,78;114077,85;113634,41;113964,15;505862999,70;22245
WINFUT;23/03/2016;12:00:00;114043,74;114055,11;113429,74;113657,15;768084004,40;33775
WINFUT;23/03/2016;11:30:00;114293,88;114566,77;114043,74;114055,11;659543474,00;29003
WINFUT;23/03/2016;11:00:00;114544,03;114612,25;113964,15;114293,88;910826285,70;40049
WINFUT;23/03/2016;10:30:00;115305,84;115328,58;114418,96;114521,29;911076431,50;40062
WINFUT;23/03/2016;10:00:00;115567,35;115624,20;115067,06;115283,10;740522486,90;32555
WINFUT;23/03/2016;09:30:00;115555,98;115715,17;115294,47;115567,35;374900310,80;16481
WINFUT;23/03/2016;09:00:00;116602,05;116602,05;115328,58;115533,24;651607030,50;28630
WINFUT;22/03/2016;17:30:00;117079,60;117341,11;117000,01;117341,11;212578436,50;9287
WINFUT;22/03/2016;17:00:00;116920,41;117136,45;116749,86;117079,60;318276401,10;13954
WINFUT;22/03/2016;16:30:00;116556,57;116954,52;116545,20;116920,41;367555120,90;16136
WINFUT;22/03/2016;16:00:00;116783,97;116886,30;116476,97;116567,94;406623344,40;17853
WINFUT;22/03/2016;15:30:00;116840,82;117011,38;116636,16;116795,34;399505559,80;17534
WINFUT;22/03/2016;15:00:00;116749,86;116909,04;116624,79;116840,82;290692143,20;12764
WINFUT;22/03/2016;14:30:00;117113,71;117147,82;116670,27;116738,49;295808761,50;12991
WINFUT;22/03/2016;14:00:00;117102,34;117227,41;116863,56;117113,71;335854827,70;14728
WINFUT;22/03/2016;13:30:00;116386,01;117341,11;116351,90;117113,71;584408776,30;25649
WINFUT;22/03/2016;13:00:00;116783,97;116931,78;116340,53;116397,38;411921887,00;18088
WINFUT;22/03/2016;12:30:00;117000,01;117090,97;116681,64;116783,97;430637339,80;18908
WINFUT;22/03/2016;12:00:00;116704,38;117090,97;116567,94;117011,38;397458912,50;17445
WINFUT;22/03/2016;11:30:00;117193,30;117250,15;116602,05;116704,38;604170293,30;26511
WINFUT;22/03/2016;11:00:00;116977,27;117295,63;116863,56;117204,67;580201779,00;25453
WINFUT;22/03/2016;10:30:00;116579,31;117193,30;116329,16;116977,27;968678183,70;42548
WINFUT;22/03/2016;10:00:00;116704,38;117068,23;116295,05;116579,31;940912001,60;41333
WINFUT;22/03/2016;09:30:00;116567,94;116874,93;116374,64;116693,01;527011688,80;23147
WINFUT;22/03/2016;09:00:00;115794,76;116624,79;115624,20;116579,31;455993026,30;20041
WINFUT;21/03/2016;17:30:00;117386,59;117477,56;117113,71;117113,71;152952777,50;6683
WINFUT;21/03/2016;17:00:00;117193,30;117511,67;117159,19;117375,22;251532957,50;11018
WINFUT;21/03/2016;16:30:00;117432,08;117557,15;117034,12;117181,93;504976119,20;22178
WINFUT;21/03/2016;16:00:00;117397,97;117704,96;117272,89;117432,08;552435596,80;24233
WINFUT;21/03/2016;15:30:00;116977,27;117443,45;116749,86;117397,97;569536472,30;24972
WINFUT;21/03/2016;15:00:00;116749,86;117011,38;116715,75;116977,27;381472322,80;16736
WINFUT;21/03/2016;14:30:00;116795,34;116795,34;116465,60;116749,86;320527713,20;14070
WINFUT;21/03/2016;14:00:00;116499,71;116931,78;116454,23;116806,71;363484566,70;15949
WINFUT;21/03/2016;13:30:00;116556,57;116613,42;116329,16;116511,08;273454824,50;12009
WINFUT;21/03/2016;13:00:00;116613,42;116738,49;116420,12;116567,94;323688646,30;14223
WINFUT;21/03/2016;12:30:00;116806,71;117170,56;116545,20;116613,42;614403530,00;26978
WINFUT;21/03/2016;12:00:00;116670,27;117022,75;116488,34;116795,34;559894489,30;24587
WINFUT;21/03/2016;11:30:00;117307,00;117341,11;116613,42;116658,90;602328310,70;26452
WINFUT;21/03/2016;11:00:00;117432,08;117568,52;117022,75;117318,37;662386039,80;29059
WINFUT;21/03/2016;10:30:00;116909,04;117670,85;116909,04;117409,34;1007655445,00;44195
WINFUT;21/03/2016;10:00:00;116818,08;117068,23;116158,61;116920,41;803422781,70;35285
WINFUT;21/03/2016;09:30:00;116931,78;116965,90;116511,08;116795,34;426362121,00;18735
WINFUT;21/03/2016;09:00:00;116431,49;117307,00;116295,05;116931,78;474367371,20;20810
WINFUT;18/03/2016;17:30:00;115487,76;116658,90;114976,10;116044,90;332807597,20;14615
WINFUT;18/03/2016;17:00:00;116158,61;116317,79;115328,58;115465,02;445464162,80;19558
WINFUT;18/03/2016;16:30:00;115362,69;116329,16;115192,13;116169,98;748345227,80;32879
WINFUT;18/03/2016;16:00:00;115931,20;116044,90;115044,32;115385,43;641214610,10;28189
WINFUT;18/03/2016;15:30:00;115783,39;115976,68;115646,94;115953,94;433661829,80;19061
WINFUT;18/03/2016;15:00:00;116079,01;116783,97;115635,57;115794,76;910530658,90;39985
WINFUT;18/03/2016;14:30:00;115555,98;116249,57;115510,50;116079,01;488989529,40;21488
WINFUT;18/03/2016;14:00:00;116033,53;116090,38;115453,65;115567,35;387885151,10;17052
WINFUT;18/03/2016;13:30:00;115499,13;116067,64;115362,69;116010,79;329714885,70;14497
WINFUT;18/03/2016;13:00:00;115294,47;115646,94;115078,43;115499,13;344587189,70;15149
WINFUT;18/03/2016;12:30:00;115635,57;115726,54;114964,73;115271,73;595460671,90;26184
WINFUT;18/03/2016;12:00:00;115862,98;115999,42;115555,98;115624,20;455174367,30;20014
WINFUT;18/03/2016;11:30:00;115669,69;116169,98;115351,32;115862,98;651766214,10;28647
WINFUT;18/03/2016;11:00:00;116249,57;116420,12;115590,09;115669,69;681510822,10;29950
WINFUT;18/03/2016;10:30:00;116806,71;117113,71;116056,27;116226,83;1040037954,00;45684
WINFUT;18/03/2016;10:00:00;117602,63;117648,11;116715,75;116806,71;829210538,10;36408
WINFUT;18/03/2016;09:30:00;117159,19;117864,15;116920,41;117591,26;521440260,00;22892
WINFUT;18/03/2016;09:00:00;117341,11;118068,81;116658,90;117147,82;573425102,30;25160
WINFUT;17/03/2016;17:30:00;117011,38;117795,92;116977,27;117795,92;237274647,70;10370
WINFUT;17/03/2016;17:00:00;116704,38;117170,56;116476,97;117011,38;396390107,80;17390
WINFUT;17/03/2016;16:30:00;117329,74;117488,93;116636,16;116693,01;771313159,00;33773
WINFUT;17/03/2016;16:00:00;116476,97;117420,71;116442,86;117329,74;708685750,60;31094
WINFUT;17/03/2016;15:30:00;117307,00;117568,52;116295,05;116476,97;864094504,90;37933
WINFUT;17/03/2016;15:00:00;116761,23;117636,74;116670,27;117307,00;767697415,40;33684
WINFUT;17/03/2016;14:30:00;116192,72;116852,19;115976,68;116772,60;617609944,20;27130
WINFUT;17/03/2016;14:00:00;116101,76;116351,90;115828,87;116215,46;597302654,50;26225
WINFUT;17/03/2016;13:30:00;116454,23;116567,94;115874,35;116090,38;627251927,20;27550
WINFUT;17/03/2016;13:00:00;115976,68;116488,34;115806,13;116476,97;612493325,80;26920
WINFUT;17/03/2016;12:30:00;116260,94;116624,79;115942,57;115976,68;886516663,50;38941
WINFUT;17/03/2016;12:00:00;115692,43;116533,83;115567,35;116272,31;857931822,40;37686
WINFUT;17/03/2016;11:30:00;114384,85;115862,98;114271,14;115692,43;1503330689,00;66090
WINFUT;17/03/2016;11:00:00;114237,03;114885,14;114123,33;114384,85;1268898607,00;55797
WINFUT;17/03/2016;10:30:00;115396,80;115453,65;113281,93;114214,29;1869134790,00;82192
WINFUT;17/03/2016;10:00:00;115567,35;116351,90;115260,36;115408,17;1123313760,00;49371
WINFUT;17/03/2016;09:30:00;115408,17;115919,83;115237,62;115567,35;680942308,90;29936
WINFUT;17/03/2016;09:00:00;114839,66;115976,68;114839,66;115396,80;1163632713,00;51162
WINFUT;16/03/2016;17:30:00;109893,59;110587,18;109757,15;110427,99;338742874,50;15011
WINFUT;16/03/2016;17:00:00;109438,78;110166,48;109245,49;109859,48;458744629,90;20322
WINFUT;16/03/2016;16:30:00;109393,30;109666,19;108870,27;109438,78;760966219,70;33574
WINFUT;16/03/2016;16:00:00;108756,57;109563,85;108620,12;109381,93;782933567,80;34572
WINFUT;16/03/2016;15:30:00;108745,20;109563,85;108654,23;108745,20;1345556920,00;59691
WINFUT;16/03/2016;15:00:00;108040,24;108881,64;107960,65;108745,20;1395176748,00;61887
WINFUT;16/03/2016;14:30:00;107710,50;108188,05;107630,91;108017,50;646444931,10;28703
WINFUT;16/03/2016;14:00:00;107141,99;107767,35;107130,62;107687,76;531127724,00;23591
WINFUT;16/03/2016;13:30:00;106994,17;107164,73;106675,81;107153,36;522008773,10;23201
WINFUT;16/03/2016;13:00:00;107335,28;107426,24;106982,80;106982,80;429568535,10;19081
WINFUT;16/03/2016;12:30:00;107028,29;107494,47;106960,06;107335,28;468614018,20;20783
WINFUT;16/03/2016;12:00:00;107312,54;107539,95;106925,95;107028,29;644216359,50;28618
WINFUT;16/03/2016;11:30:00;106766,77;107392,13;106732,66;107323,91;1250183154,00;55463
WINFUT;16/03/2016;11:00:00;107994,76;108131,20;106471,14;106755,40;1065712008,00;47264
WINFUT;16/03/2016;10:30:00;107187,47;108199,42;107016,92;107983,39;1438884039,00;63665
WINFUT;16/03/2016;10:00:00;106960,06;107289,80;106550,73;107187,47;761830359,70;33754
WINFUT;16/03/2016;09:30:00;106971,43;107062,40;106437,03;106960,06;558029766,20;24807
WINFUT;16/03/2016;09:00:00;108165,31;108188,05;106903,21;106971,43;597893908,20;26543
WINFUT;15/03/2016;17:30:00;107892,43;108290,38;107881,06;108267,64;254284561,10;11371
WINFUT;15/03/2016;17:00:00;107869,68;108040,24;107653,65;107892,43;189132954,30;8415
WINFUT;15/03/2016;16:30:00;107778,72;108074,35;107426,24;107858,31;478187779,60;21184
WINFUT;15/03/2016;16:00:00;108119,83;108244,90;107767,35;107778,72;413081653,80;18244
WINFUT;15/03/2016;15:30:00;108347,24;108347,24;107278,43;108108,46;904254273,70;40007
WINFUT;15/03/2016;15:00:00;107824,20;108369,98;107676,39;108347,24;538018103,40;23729
WINFUT;15/03/2016;14:30:00;107881,06;108097,09;107585,43;107835,57;433275240,90;19147
WINFUT;15/03/2016;14:00:00;107471,73;108028,87;107403,50;107892,43;517915478,40;22900
WINFUT;15/03/2016;13:30:00;107528,58;107676,39;106994,17;107483,10;603624520,70;26716
WINFUT;15/03/2016;13:00:00;107949,28;108074,35;107051,03;107539,95;766355724,40;33909
WINFUT;15/03/2016;12:30:00;107915,17;108699,71;107107,88;107937,91;1503717278,00;66512
WINFUT;15/03/2016;12:00:00;107710,50;108119,83;107437,61;107903,80;836510246,90;36984
WINFUT;15/03/2016;11:30:00;109723,04;109984,55;107460,36;107710,50;1691008250,00;74773
WINFUT;15/03/2016;11:00:00;108904,38;110177,85;108665,60;109700,30;1427536516,00;62987
WINFUT;15/03/2016;10:30:00;108767,94;109700,30;108529,16;108915,75;1458395410,00;64347
WINFUT;15/03/2016;10:00:00;108915,75;109347,82;108654,23;108756,57;965835618,00;42633
WINFUT;15/03/2016;09:30:00;108790,68;109154,52;108597,38;108904,38;546454838,50;24109
WINFUT;15/03/2016;09:00:00;108858,90;109109,04;108244,90;108756,57;656860092,00;29143
WINFUT;14/03/2016;17:30:00;111417,21;111428,58;110848,69;110973,77;120706711,70;5324
WINFUT;14/03/2016;17:00:00;112156,27;112304,09;110780,47;111417,21;570218688,10;25090
WINFUT;14/03/2016;16:30:00;112201,76;113100,01;111792,43;112144,90;1165224549,00;51242
WINFUT;14/03/2016;16:00:00;113748,11;114237,03;112053,94;112213,13;1467446139,00;64531
WINFUT;14/03/2016;15:30:00;113975,52;114555,40;113679,89;113736,74;970110836,90;42660
WINFUT;14/03/2016;15:00:00;113941,41;114032,37;113532,08;113975,52;544749299,00;23955
WINFUT;14/03/2016;14:30:00;113895,92;114123,33;113668,52;113952,78;441598273,40;19419
WINFUT;14/03/2016;14:00:00;113827,70;114214,29;113657,15;113907,29;506658918,10;22280
WINFUT;14/03/2016;13:30:00;113418,37;113941,41;113418,37;113839,07;396026259,40;17415
WINFUT;14/03/2016;13:00:00;113543,45;113895,92;113247,82;113429,74;608149885,40;26743
WINFUT;14/03/2016;12:30:00;113998,26;114123,33;113463,85;113554,82;640009362,20;28144
WINFUT;14/03/2016;12:00:00;113804,96;114521,29;113782,22;114009,63;759351642,40;33392
WINFUT;14/03/2016;11:30:00;113452,48;114009,63;113259,19;113804,96;812769137,80;35741
WINFUT;14/03/2016;11:00:00;112929,45;113577,56;112633,83;113452,48;812837359,40;35744
WINFUT;14/03/2016;10:30:00;113509,34;113577,56;112713,42;112918,08;1086565070,00;47781
WINFUT;14/03/2016;10:00:00;114339,36;115055,69;112986,30;113509,34;1295550504,00;56969
WINFUT;14/03/2016;09:30:00;114111,96;114816,92;113998,26;114339,36;675075253,20;29686
WINFUT;14/03/2016;09:00:00;114237,03;115908,46;113884,55;114111,96;1008974396,00;44366
WINFUT;11/03/2016;18:00:00;113566,19;113930,03;113566,19;113930,03;124413417,50;5471
WINFUT;11/03/2016;17:30:00;113759,48;113918,66;113497,96;113554,82;515254836,90;22658
WINFUT;11/03/2016;17:00:00;113520,71;114021,00;113441,11;113748,11;438050751,30;19263
WINFUT;11/03/2016;16:30:00;113657,15;113941,41;113327,41;113532,08;668821608,60;29411
WINFUT;11/03/2016;16:00:00;114623,62;114691,84;113520,71;113657,15;817339983,60;35941
WINFUT;11/03/2016;15:30:00;114271,14;114725,95;113952,78;114634,99;721579628,80;31727
WINFUT;11/03/2016;15:00:00;114305,25;114509,92;114191,55;114271,14;408442586,50;17959
WINFUT;11/03/2016;14:30:00;114202,92;114703,21;113895,92;114305,25;760943479,20;33461
WINFUT;11/03/2016;14:00:00;113861,81;114305,25;113543,45;114191,55;652630354,10;28699
WINFUT;11/03/2016;13:30:00;114043,74;114100,59;113452,48;113850,44;762944645,50;33550
WINFUT;11/03/2016;13:00:00;114305,25;114453,07;113873,18;114043,74;594869418,20;26159
WINFUT;11/03/2016;12:30:00;114180,18;114760,06;114066,48;114305,25;844196544,70;37115
WINFUT;11/03/2016;12:00:00;113907,29;114418,96;113702,63;114180,18;743001204,20;32671
WINFUT;11/03/2016;11:30:00;113884,55;114441,70;113679,89;113918,66;1158061284,00;50923
WINFUT;11/03/2016;11:00:00;113327,41;114339,36;113327,41;113873,18;996535328,00;43822
WINFUT;11/03/2016;10:30:00;113475,22;113486,59;112770,27;113316,04;956489261,80;42061
WINFUT;11/03/2016;10:00:00;113964,15;114100,59;113316,04;113486,59;902480512,70;39686
WINFUT;11/03/2016;09:30:00;113361,52;114066,48;113020,41;113975,52;706752805,90;31079
WINFUT;11/03/2016;09:00:00;114544,03;115135,28;113168,23;113361,52;697747557,60;30683
WINFUT;10/03/2016;18:00:00;113986,89;114089,22;113861,81;113930,03;76339945,60;3357
WINFUT;10/03/2016;17:30:00;114293,88;114441,70;113714,00;113952,78;537699736,00;23645
WINFUT;10/03/2016;17:00:00;112622,45;114976,10;112622,45;114293,88;1646846149,00;72419
WINFUT;10/03/2016;16:30:00;113327,41;113554,82;112565,60;112633,83;899410541,70;39553
WINFUT;10/03/2016;16:00:00;111576,39;113361,52;111314,87;113338,78;1259484030,00;55401
WINFUT;10/03/2016;15:30:00;111155,69;111644,61;111098,84;111576,39;717736479,90;31614
WINFUT;10/03/2016;15:00:00;110939,66;111178,43;110678,14;111167,06;632937058,70;27873
WINFUT;10/03/2016;14:30:00;110723,62;110928,29;109995,92;110928,29;1244634466,00;54909
WINFUT;10/03/2016;14:00:00;111678,72;111769,69;110678,14;110712,25;771063013,30;33948
WINFUT;10/03/2016;13:30:00;112042,57;112065,31;111644,61;111678,72;583908484,70;25682
WINFUT;10/03/2016;13:00:00;112690,68;112861,23;112008,46;112031,20;636621023,90;27996
WINFUT;10/03/2016;12:30:00;112690,68;113043,15;112235,87;112679,31;652221024,70;28682
WINFUT;10/03/2016;12:00:00;112804,38;113338,78;112611,08;112690,68;754780796,70;33191
WINFUT;10/03/2016;11:30:00;112360,94;113111,38;112042,57;112781,64;1415643221,00;62256
WINFUT;10/03/2016;11:00:00;112963,56;113497,96;112179,01;112349,57;946324246,70;41615
WINFUT;10/03/2016;10:30:00;113509,34;113998,26;112360,94;112952,19;1106849619,00;48674
WINFUT;10/03/2016;10:00:00;114009,63;114350,73;113202,34;113520,71;852428615,10;37485
WINFUT;10/03/2016;09:30:00;114021,00;114976,10;113804,96;114009,63;864617537,00;38021
WINFUT;10/03/2016;09:00:00;113827,70;114327,99;113372,89;114043,74;640191286,40;28152
WINFUT;09/03/2016;18:00:00;112076,68;112179,01;111667,35;112053,94;113611667,60;5006
WINFUT;09/03/2016;17:30:00;112053,94;112179,01;111815,17;112076,68;323233835,80;14218
WINFUT;09/03/2016;17:00:00;112099,42;112281,35;111997,09;112042,57;302676400,30;13314
WINFUT;09/03/2016;16:30:00;112406,42;112645,20;111974,35;112122,16;549092739,50;24152
WINFUT;09/03/2016;16:00:00;112338,20;112451,90;111599,13;112395,05;864526574,90;38031
WINFUT;09/03/2016;15:30:00;112497,38;112576,97;112031,20;112338,20;525010522,50;23095
WINFUT;09/03/2016;15:00:00;112736,16;112861,23;112383,68;112486,01;526556878,30;23156
WINFUT;09/03/2016;14:30:00;113088,64;113236,45;112690,68;112736,16;483236176,40;21250
WINFUT;09/03/2016;14:00:00;113156,86;113179,60;112770,27;113077,27;528717228,30;23251
WINFUT;09/03/2016;13:30:00;112872,60;113316,04;112872,60;113156,86;618383122,10;27193
WINFUT;09/03/2016;13:00:00;112417,79;112940,82;112338,20;112861,23;668457760,20;29397
WINFUT;09/03/2016;12:30:00;112349,57;113088,64;111951,61;112417,79;1136207638,00;49968
WINFUT;09/03/2016;12:00:00;113441,11;113543,45;112224,50;112349,57;1105053118,00;48594
WINFUT;09/03/2016;11:30:00;114316,62;114430,33;112940,82;113441,11;1771623414,00;77906
WINFUT;09/03/2016;11:00:00;114669,10;114828,29;114282,51;114305,25;624181956,20;27441
WINFUT;09/03/2016;10:30:00;114350,73;114725,95;114282,51;114669,10;614608194,80;27025
WINFUT;09/03/2016;10:00:00;114544,03;114998,84;114293,88;114350,73;797487504,40;35067
WINFUT;09/03/2016;09:30:00;114043,74;114691,84;114021,00;114544,03;588229184,70;25867
WINFUT;09/03/2016;09:00:00;113429,74;114418,96;113429,74;114055,11;726195955,60;31933
WINFUT;08/03/2016;18:00:00;113100,01;113202,34;112906,71;113156,86;62923035,29;2767
WINFUT;08/03/2016;17:30:00;112929,45;113190,97;112793,01;113100,01;371466491,30;16335
WINFUT;08/03/2016;17:00:00;113543,45;113577,56;112872,60;112929,45;463179032,50;20368
WINFUT;08/03/2016;16:30:00;113930,03;114032,37;113259,19;113532,08;634665338,60;27909
WINFUT;08/03/2016;16:00:00;113679,89;114089,22;113350,15;113930,03;855589548,20;37624
WINFUT;08/03/2016;15:30:00;113043,15;113793,59;112895,34;113691,26;856590131,30;37668
WINFUT;08/03/2016;15:00:00;113100,01;113190,97;112758,90;113043,15;472570869,70;20781
WINFUT;08/03/2016;14:30:00;112815,75;113236,45;112815,75;113100,01;549479328,40;24163
WINFUT;08/03/2016;14:00:00;112588,34;112940,82;112486,01;112793,01;442303229,70;19450
WINFUT;08/03/2016;13:30:00;112360,94;112770,27;112349,57;112611,08;479438508,50;21087
WINFUT;08/03/2016;13:00:00;112588,34;113111,38;112360,94;112372,31;710482252,10;31245
WINFUT;08/03/2016;12:30:00;112997,67;113122,75;112497,38;112599,71;644375543,20;28341
WINFUT;08/03/2016;12:00:00;112645,20;113475,22;112599,71;113020,41;885516080,40;38940
WINFUT;08/03/2016;11:30:00;113623,04;113657,15;112599,71;112645,20;1399702113,00;61551
WINFUT;08/03/2016;11:00:00;114464,44;114544,03;113327,41;113623,04;1054887518,00;46387
WINFUT;08/03/2016;10:30:00;112793,01;114828,29;112736,16;114464,44;1618511453,00;71169
WINFUT;08/03/2016;10:00:00;112747,53;113088,64;112417,79;112815,75;990258942,90;43553
WINFUT;08/03/2016;09:30:00;112576,97;112929,45;112360,94;112736,16;688514904,10;30279
WINFUT;08/03/2016;09:00:00;112110,79;112724,79;111724,20;112576,97;647218109,00;28467
WINFUT;07/03/2016;18:00:00;113293,30;113316,04;113134,12;113225,08;86709625,43;3815
WINFUT;07/03/2016;17:30:00;112952,19;113407,00;112952,19;113281,93;515004691,10;22647
WINFUT;07/03/2016;17:00:00;112702,05;113134,12;112565,60;112963,56;461860082,00;20312
WINFUT;07/03/2016;16:30:00;112736,16;112940,82;112190,38;112713,42;733381961,80;32252
WINFUT;07/03/2016;16:00:00;112758,90;113475,22;112679,31;112724,79;832485173,80;36609
WINFUT;07/03/2016;15:30:00;113156,86;113225,08;112656,57;112758,90;586228018,40;25781
WINFUT;07/03/2016;15:00:00;113497,96;113645,78;112861,23;113156,86;700044350,70;30785
WINFUT;07/03/2016;14:30:00;113441,11;113714,00;113316,04;113497,96;557688658,30;24524
WINFUT;07/03/2016;14:00:00;113816,33;113975,52;113384,26;113452,48;584408776,30;25699
WINFUT;07/03/2016;13:30:00;113736,74;114111,96;113520,71;113804,96;961537658,60;42283
WINFUT;07/03/2016;13:00:00;113043,15;113770,85;112974,93;113736,74;830756893,90;36533
WINFUT;07/03/2016;12:30:00;112736,16;113338,78;112656,57;113043,15;801376134,30;35240
WINFUT;07/03/2016;12:00:00;112599,71;113293,30;112281,35;112724,79;1152080525,00;50664
WINFUT;07/03/2016;11:30:00;112611,08;113497,96;112417,79;112611,08;1863699804,00;81957
WINFUT;07/03/2016;11:00:00;112042,57;113202,34;111985,72;112622,45;983232120,30;43240
WINFUT;07/03/2016;10:30:00;113588,93;113588,93;111917,50;112042,57;1518271215,00;66774
WINFUT;07/03/2016;10:00:00;114316,62;114373,48;113316,04;113600,30;1068258947,00;46976
WINFUT;07/03/2016;09:30:00;114498,55;114748,69;113975,52;114327,99;670208780,70;29471
WINFUT;07/03/2016;09:00:00;112338,20;114760,06;112031,20;114487,18;1021095096,00;44901
WINFUT;04/03/2016;18:00:00;113122,75;113202,34;112758,90;113020,41;128825079,50;5666
WINFUT;04/03/2016;17:30:00;112963,56;113316,04;112781,64;113122,75;484441424,20;21305
WINFUT;04/03/2016;17:00:00;112520,12;113327,41;112360,94;112963,56;649924231,50;28581
WINFUT;04/03/2016;16:30:00;112713,42;112929,45;111826,54;112508,75;917648443,50;40361
WINFUT;04/03/2016;16:00:00;113475,22;113895,92;112611,08;112690,68;906460104,70;39861
WINFUT;04/03/2016;15:30:00;113304,67;113543,45;113020,41;113463,85;553117812,60;24324
WINFUT;04/03/2016;15:00:00;113247,82;113600,30;112736,16;113293,30;780386628,90;34318
WINFUT;04/03/2016;14:30:00;112645,20;113350,15;112565,60;113236,45;636370878,10;27985
WINFUT;04/03/2016;14:00:00;112918,08;113225,08;112338,20;112645,20;613880497,90;26996
WINFUT;04/03/2016;13:30:00;113088,64;113134,12;112429,16;112929,45;755781379,80;33237
WINFUT;04/03/2016;13:00:00;112679,31;113441,11;112588,34;113100,01;838829780,60;36891
WINFUT;04/03/2016;12:30:00;111599,13;112872,60;111565,02;112679,31;949985471,40;41806
WINFUT;04/03/2016;12:00:00;111485,43;112167,64;111087,47;111576,39;1240927760,00;54655
WINFUT;04/03/2016;11:30:00;112258,61;113225,08;111246,65;111485,43;1925258408,00;84704
WINFUT;04/03/2016;11:00:00;112702,05;113361,52;112224,50;112247,24;1464489871,00;64419
WINFUT;04/03/2016;10:30:00;113975,52;114646,36;112599,71;112690,68;1365727767,00;60059
WINFUT;04/03/2016;10:00:00;113611,67;115135,28;112804,38;113986,89;1701855481,00;74837
WINFUT;04/03/2016;09:30:00;112326,83;113714,00;112213,13;113611,67;1025415796,00;45093
WINFUT;04/03/2016;09:00:00;115271,73;115271,73;111769,69;111769,69;1390810567,00;61157
WINFUT;03/03/2016;18:00:00;108665,60;108745,20;108472,31;108631,49;137853068,30;6205
WINFUT;03/03/2016;17:30:00;108313,13;109131,78;108222,16;108665,60;751142312,50;33232
WINFUT;03/03/2016;17:00:00;107926,54;108529,16;107915,17;108301,75;912850192,50;40406
WINFUT;03/03/2016;16:30:00;106414,29;108153,94;106346,07;107926,54;1232763912,00;54765
WINFUT;03/03/2016;16:00:00;107744,61;107881,06;106368,81;106425,66;1501852555,00;66910
WINFUT;03/03/2016;15:30:00;107846,94;108369,98;107699,13;107744,61;1106258366,00;49020
WINFUT;03/03/2016;15:00:00;106903,21;108313,13;106891,84;107846,94;1627107372,00;72417
WINFUT;03/03/2016;14:30:00;106323,33;107005,54;106232,37;106891,84;852701501,40;37951
WINFUT;03/03/2016;14:00:00;106164,15;106527,99;106061,81;106311,96;719942310,90;32083
WINFUT;03/03/2016;13:30:00;105197,67;106255,11;105095,34;106152,78;1039833289,00;46491
WINFUT;03/03/2016;13:00:00;105288,64;105845,78;105129,45;105209,04;1023801219,00;45694
WINFUT;03/03/2016;12:30:00;104822,45;105504,67;104822,45;105300,01;787981964,60;35307
WINFUT;03/03/2016;12:00:00;105049,86;105402,34;104720,12;104811,08;824639692,40;36923
WINFUT;03/03/2016;11:30:00;104947,53;105197,67;104504,09;105038,49;1221666535,00;54725
WINFUT;03/03/2016;11:00:00;105413,71;105595,63;104879,31;104936,16;744934149,00;33358
WINFUT;03/03/2016;10:30:00;105300,01;105686,59;104947,53;105413,71;982117834,60;43935
WINFUT;03/03/2016;10:00:00;104629,16;105493,30;104356,27;105265,89;1064484020,00;47661
WINFUT;03/03/2016;09:30:00;104515,46;105140,82;104356,27;104617,79;885402377,70;39431
WINFUT;03/03/2016;09:00:00;103821,87;104765,60;103719,54;104492,72;680805865,80;30657
WINFUT;02/03/2016;18:00:00;103196,51;103241,99;103105,54;103128,29;90620995,90;4251
WINFUT;02/03/2016;17:30:00;102866,77;103332,95;102627,99;103173,77;590116648,30;26727
WINFUT;02/03/2016;17:00:00;103151,03;103207,88;102866,77;102866,77;424997689,40;19140
WINFUT;02/03/2016;16:30:00;103151,03;103526,24;103037,32;103151,03;773382546,90;34998
WINFUT;02/03/2016;16:00:00;102878,14;103151,03;102525,66;103151,03;712870007,40;32199
WINFUT;02/03/2016;15:30:00;103071,43;103196,51;102718,96;102889,51;651425106,30;29453
WINFUT;02/03/2016;15:00:00;102798,55;103139,66;102480,18;103060,06;750823945,20;33946
WINFUT;02/03/2016;14:30:00;102230,03;102832,66;102184,55;102798,55;503634428,10;22980
WINFUT;02/03/2016;14:00:00;102775,81;102821,29;102184,55;102230,03;855362142,90;38957
WINFUT;02/03/2016;13:30:00;102912,25;103014,58;102559,77;102775,81;887539987,20;40189
WINFUT;02/03/2016;13:00:00;102104,96;102912,25;101945,78;102912,25;1138026880,00;52055
WINFUT;02/03/2016;12:30:00;101809,33;102275,52;101297,67;102104,96;1124973819,00;52557
WINFUT;02/03/2016;12:00:00;101502,34;102082,22;101422,75;101809,33;825867680,80;38473
WINFUT;02/03/2016;11:30:00;101024,79;101616,04;100808,75;101490,97;1263736508,00;58975
WINFUT;02/03/2016;11:00:00;101502,34;101547,82;100945,19;101024,79;812246105,80;37836
WINFUT;02/03/2016;10:30:00;101718,37;101786,59;101127,12;101513,71;881377304,60;41193
WINFUT;02/03/2016;10:00:00;101934,41;102218,66;101434,12;101729,74;1029236204,00;48401
WINFUT;02/03/2016;09:30:00;101866,19;102116,33;101820,70;101945,78;412262994,90;19257
WINFUT;02/03/2016;09:00:00;101763,85;102139,07;101638,78;101877,56;467522472,90;22092
WINFUT;01/03/2016;18:00:00;101661,52;101832,08;101525,08;101832,08;114293883,40;5546
WINFUT;01/03/2016;17:30:00;101263,56;101684,26;101229,45;101650,15;353569697,40;16505
WINFUT;01/03/2016;17:00:00;101365,89;101581,93;101218,08;101252,19;317616925,90;14802
WINFUT;01/03/2016;16:30:00;101320,41;101786,59;101274,93;101365,89;726173215,00;33887
WINFUT;01/03/2016;16:00:00;101400,01;101479,60;101206,71;101320,41;360232671,50;16637
WINFUT;01/03/2016;15:30:00;101218,08;101604,67;101058,90;101400,01;576472332,70;26969
WINFUT;01/03/2016;15:00:00;101149,86;101456,86;101081,64;101229,45;656746389,30;30646
WINFUT;01/03/2016;14:30:00;100876,97;101286,30;100854,23;101138,49;599576707,10;27833
WINFUT;01/03/2016;14:00:00;101138,49;101593,30;100842,86;100876,97;991691596,00;46394
WINFUT;01/03/2016;13:30:00;101138,49;101274,93;100888,34;101149,86;626819857,20;29097
WINFUT;01/03/2016;13:00:00;100456,27;101138,49;100285,72;101127,12;808903248,40;37763
WINFUT;01/03/2016;12:30:00;99978,72;100683,68;99887,76;100444,90;852110247,70;39905
WINFUT;01/03/2016;12:00:00;99921,87;100149,28;99580,76;99990,09;837897419,00;39399
WINFUT;01/03/2016;11:30:00;99569,39;99967,35;99239,66;99910,50;1165520176,00;55012
WINFUT;01/03/2016;11:00:00;99990,09;100149,28;99546,65;99580,76;735155722,80;34404
WINFUT;01/03/2016;10:30:00;99865,02;100092,42;99785,43;99990,09;540383118,10;25085
WINFUT;01/03/2016;10:00:00;99933,24;100251,61;99751,32;99865,02;736724819,10;34442
WINFUT;01/03/2016;09:30:00;100308,46;100308,46;99842,28;99921,87;494993028,30;23112
WINFUT;01/03/2016;09:00:00;99558,02;100365,31;99478,43;100308,46;685626857,30;32226
WINFUT;29/02/2016;18:00:00;98489,22;98534,70;98284,55;98375,52;81956855,51;4027
WINFUT;29/02/2016;17:30:00;98068,52;98648,40;97966,19;98466,48;596779622,40;28151
WINFUT;29/02/2016;17:00:00;98364,14;98386,89;97681,93;98068,52;762990126,60;36298
WINFUT;29/02/2016;16:30:00;98557,44;98637,03;98216,33;98375,52;393661244,70;18691
WINFUT;29/02/2016;16:00:00;99046,36;99069,10;98193,59;98557,44;854611705,60;40860
WINFUT;29/02/2016;15:30:00;98853,07;99205,54;98705,25;99046,36;580793032,70;27674
WINFUT;29/02/2016;15:00:00;98875,81;98978,14;98591,55;98864,44;470137633,40;22317
WINFUT;29/02/2016;14:30:00;98750,73;98909,92;98614,29;98864,44;381699728,00;18122
WINFUT;29/02/2016;14:00:00;98932,66;99057,73;98671,14;98750,73;528671747,20;25205
WINFUT;29/02/2016;13:30:00;98898,55;99239,66;98784,84;98932,66;519575536,80;24603
WINFUT;29/02/2016;13:00:00;98557,44;99137,32;98557,44;98887,18;885265934,60;42393
WINFUT;29/02/2016;12:30:00;97772,89;98591,55;97772,89;98546,07;720874672,50;34445
WINFUT;29/02/2016;12:00:00;97545,49;97954,82;97397,67;97761,52;599690409,70;28517
WINFUT;29/02/2016;11:30:00;97829,74;97841,11;97386,30;97556,86;772472925,90;37164
WINFUT;29/02/2016;11:00:00;97579,60;98091,26;97568,23;97829,74;839330072,20;39875
WINFUT;29/02/2016;10:30:00;96908,75;97670,56;96897,38;97579,60;761307327,60;36213
WINFUT;29/02/2016;10:00:00;96704,09;97067,94;96658,61;96920,12;571537638,60;27036
WINFUT;29/02/2016;09:30:00;96556,27;96920,12;96510,79;96692,72;295672318,40;14036
WINFUT;29/02/2016;09:00:00;95976,39;96669,98;95839,95;96556,27;443167369,60;21535
WINFUT;26/02/2016;18:00:00;95896,80;95953,65;95578,43;95578,43;74702627,73;3756
WINFUT;26/02/2016;17:30:00;95874,06;96112,83;95828,58;95885,43;298060073,60;14272
WINFUT;26/02/2016;17:00:00;95601,17;96021,87;95578,43;95862,69;378766200,20;18099
WINFUT;26/02/2016;16:30:00;95601,17;95714,87;95362,40;95589,80;325280483,10;15656
WINFUT;26/02/2016;16:00:00;95567,06;95692,13;95316,91;95612,54;434594191,40;20848
WINFUT;26/02/2016;15:30:00;96033,24;96078,72;95419,25;95578,43;493696818,30;23496
WINFUT;26/02/2016;15:00:00;95737,61;96158,31;95726,24;96033,24;404417513,40;19113
WINFUT;26/02/2016;14:30:00;95885,43;96067,35;95578,43;95737,61;437209351,80;20781
WINFUT;26/02/2016;14:00:00;95737,61;95976,39;95578,43;95885,43;426748709,90;20108
WINFUT;26/02/2016;13:30:00;95896,80;95976,39;95635,28;95737,61;494356293,50;23552
WINFUT;26/02/2016;13:00:00;95965,02;96340,24;95896,80;95908,17;476573202,30;22491
WINFUT;26/02/2016;12:30:00;95794,47;96146,94;95783,10;95965,02;477209937,00;22532
WINFUT;26/02/2016;12:00:00;96556,27;96647,24;95783,10;95805,84;855384883,50;41014
WINFUT;26/02/2016;11:30:00;97295,34;97443,15;96522,16;96556,27;1042926001,00;49468
WINFUT;26/02/2016;11:00:00;97727,41;97841,11;97193,01;97283,97;673278751,70;31771
WINFUT;26/02/2016;10:30:00;97568,23;97852,48;97409,04;97716,04;537017520,20;25047
WINFUT;26/02/2016;10:00:00;97807,00;98227,70;97409,04;97613,71;719965051,50;34236
WINFUT;26/02/2016;09:30:00;97613,71;97886,59;97420,41;97795,63;309953368,60;14629
WINFUT;26/02/2016;09:00:00;97681,93;98068,52;97386,30;97602,34;440438506,50;21038
WINFUT;25/02/2016;18:00:00;96624,49;96692,72;96465,31;96624,49;57510790,12;2859
WINFUT;25/02/2016;17:30:00;96237,91;96795,05;96203,80;96601,75;333739958,80;15944
WINFUT;25/02/2016;17:00:00;96385,72;96579,01;96215,17;96237,91;264790684,10;12564
WINFUT;25/02/2016;16:30:00;96374,35;96499,42;96135,57;96385,72;371466491,30;17734
WINFUT;25/02/2016;16:00:00;96510,79;96749,57;96249,28;96374,35;555209941,00;26563
WINFUT;25/02/2016;15:30:00;95942,28;96533,53;95896,80;96510,79;713711406,80;34174
WINFUT;25/02/2016;15:00:00;95646,65;96044,61;95589,80;95942,28;377970281,80;18078
WINFUT;25/02/2016;14:30:00;96101,46;96101,46;95510,21;95635,28;617155133,70;29526
WINFUT;25/02/2016;14:00:00;96522,16;96567,64;95976,39;96090,09;403325968,20;19364
WINFUT;25/02/2016;13:30:00;96203,80;96579,01;96181,05;96510,79;342176693,90;16194
WINFUT;25/02/2016;13:00:00;96078,72;96328,87;95930,91;96203,80;455219848,40;21767
WINFUT;25/02/2016;12:30:00;96590,38;96704,09;96044,61;96078,72;472161540,20;22449
WINFUT;25/02/2016;12:00:00;96590,38;96658,61;96215,17;96601,75;564351632,40;27027
WINFUT;25/02/2016;11:30:00;97113,42;97261,23;96556,27;96590,38;811131820,00;38371
WINFUT;25/02/2016;11:00:00;96999,71;97659,19;96908,75;97113,42;859205291,80;41163
WINFUT;25/02/2016;10:30:00;96567,64;97102,05;96317,50;97011,08;687150472,50;32990
WINFUT;25/02/2016;10:00:00;96067,35;96601,75;95748,98;96556,27;739658346,90;35394
WINFUT;25/02/2016;09:30:00;95965,02;96397,09;95885,43;96067,35;445555124,90;21162
WINFUT;25/02/2016;09:00:00;96874,64;97045,19;95828,58;95965,02;519893904,20;24872
WINFUT;24/02/2016;18:00:00;97045,19;97193,01;96954,23;97102,05;70063560,44;3462
WINFUT;24/02/2016;17:30:00;97011,08;97329,45;96829,16;97022,45;547637345,80;25703
WINFUT;24/02/2016;17:00:00;96385,72;97102,05;96192,42;96999,71;490262998,90;23012
WINFUT;24/02/2016;16:30:00;96397,09;96544,90;96328,87;96374,35;307406429,70;14560
WINFUT;24/02/2016;16:00:00;96033,24;96510,79;95965,02;96397,09;521349297,80;24726
WINFUT;24/02/2016;15:30:00;96340,24;96362,98;96010,50;96033,24;433889235,10;20496
WINFUT;24/02/2016;15:00:00;96135,57;96613,12;96135,57;96340,24;597484578,70;28388
WINFUT;24/02/2016;14:30:00;96055,98;96317,50;95885,43;96135,57;468932385,50;22288
WINFUT;24/02/2016;14:00:00;95896,80;96328,87;95851,32;96067,35;628297991,40;29938
WINFUT;24/02/2016;13:30:00;95339,66;95942,28;95316,91;95885,43;492696235,20;23462
WINFUT;24/02/2016;13:00:00;95521,58;95612,54;95294,17;95351,03;359777861,00;16914
WINFUT;24/02/2016;12:30:00;95407,88;95794,47;95214,58;95521,58;671232104,40;31901
WINFUT;24/02/2016;12:00:00;95123,62;95487,47;94998,55;95396,51;567239679,20;26729
WINFUT;24/02/2016;11:30:00;95851,32;95862,69;95089,51;95146,36;861979636,00;40928
WINFUT;24/02/2016;11:00:00;95862,69;95885,43;95544,32;95851,32;422791858,40;20019
WINFUT;24/02/2016;10:30:00;96078,72;96249,28;95748,98;95874,06;605330060,20;28648
WINFUT;24/02/2016;10:00:00;96124,20;96294,76;95908,17;96078,72;535812272,30;25375
WINFUT;24/02/2016;09:30:00;95851,32;96158,31;95703,50;96124,20;358072321,60;16981
WINFUT;24/02/2016;09:00:00;96419,83;96556,27;95487,47;95862,69;618587786,80;29902
WINFUT;23/02/2016;18:00:00;97863,85;98068,52;97852,48;97920,70;77590674,53;3838
WINFUT;23/02/2016;17:30:00;97932,07;98148,11;97738,78;97875,22;299197099,90;14011
WINFUT;23/02/2016;17:00:00;98136,74;98159,48;97716,04;97932,07;342676985,50;16118
WINFUT;23/02/2016;16:30:00;98307,29;98409,63;98091,26;98125,37;350181359,00;16362
WINFUT;23/02/2016;16:00:00;98330,03;98568,81;98295,92;98307,29;418130050,60;19550
WINFUT;23/02/2016;15:30:00;98307,29;98409,63;98114,00;98341,40;413854831,70;19364
WINFUT;23/02/2016;15:00:00;98034,41;98375,52;98011,67;98307,29;355593604,20;16666
WINFUT;23/02/2016;14:30:00;98114,00;98182,22;97886,59;98034,41;298423922,00;14025
WINFUT;23/02/2016;14:00:00;98421,00;98511,96;97886,59;98125,37;642965630,60;30526
WINFUT;23/02/2016;13:30:00;98432,37;98750,73;98295,92;98432,37;389590690,50;18388
WINFUT;23/02/2016;13:00:00;98511,96;98659,77;98352,77;98432,37;521713146,30;24548
WINFUT;23/02/2016;12:30:00;98887,18;99091,84;98432,37;98511,96;612197699,00;28891
WINFUT;23/02/2016;12:00:00;99341,99;99421,58;98671,14;98887,18;759692750,30;35870
WINFUT;23/02/2016;11:30:00;99535,28;99728,58;99182,80;99353,36;857545233,40;40297
WINFUT;23/02/2016;11:00:00;100081,05;100194,76;99353,36;99535,28;842104416,30;39335
WINFUT;23/02/2016;10:30:00;99626,24;100660,94;99614,87;100092,42;1328933596,00;61997
WINFUT;23/02/2016;10:00:00;99558,02;99705,84;99171,43;99626,24;629753385,00;29695
WINFUT;23/02/2016;09:30:00;99592,13;99796,80;99421,58;99546,65;331011095,70;15301
WINFUT;23/02/2016;09:00:00;99830,91;99830,91;99262,40;99580,76;321869404,20;15136
WINFUT;22/02/2016;18:00:00;100092,42;100092,42;99830,91;99955,98;115339947,60;5632
WINFUT;22/02/2016;17:30:00;99705,84;100172,02;99660,35;100058,31;418994190,60;19515
WINFUT;22/02/2016;17:00:00;99683,10;99796,80;99512,54;99694,47;398095647,20;18482
WINFUT;22/02/2016;16:30:00;99751,32;99978,72;99671,73;99694,47;361597103,10;16751
WINFUT;22/02/2016;16:00:00;99899,13;99944,61;99637,61;99762,69;405440837,10;18771
WINFUT;22/02/2016;15:30:00;99683,10;100035,57;99626,24;99887,76;586250758,90;27132
WINFUT;22/02/2016;15:00:00;99558,02;99967,35;99501,17;99671,73;615517815,80;28619
WINFUT;22/02/2016;14:30:00;99319,25;99637,61;99296,51;99558,02;556824518,30;25968
WINFUT;22/02/2016;14:00:00;99137,32;99341,99;99080,47;99307,88;343973195,50;16103
WINFUT;22/02/2016;13:30:00;98989,51;99296,51;98909,92;99137,32;475731802,80;22323
WINFUT;22/02/2016;13:00:00;99125,95;99262,40;98864,44;98978,14;415219263,30;19366
WINFUT;22/02/2016;12:30:00;98887,18;99273,77;98796,21;99125,95;529808773,50;25006
WINFUT;22/02/2016;12:00:00;98682,51;99091,84;98682,51;98887,18;590480496,70;27675
WINFUT;22/02/2016;11:30:00;98546,07;99023,62;98273,18;98659,77;1040333581,00;49253
WINFUT;22/02/2016;11:00:00;98443,74;98648,40;98341,40;98557,44;389681652,60;18096
WINFUT;22/02/2016;10:30:00;98102,63;98614,29;98091,26;98455,11;529513146,70;24865
WINFUT;22/02/2016;10:00:00;98511,96;98853,07;98091,26;98114,00;845629197,80;40167
WINFUT;22/02/2016;09:30:00;98375,52;98614,29;98204,96;98511,96;415332965,90;19636
WINFUT;22/02/2016;09:00:00;98034,41;98421,00;97340,82;98364,14;641578458,50;30671
WINFUT;19/02/2016;18:00:00;95942,28;95942,28;95669,39;95669,39;72246650,93;3644
WINFUT;19/02/2016;17:30:00;95874,06;96078,72;95646,65;95908,17;351568531,10;16599
WINFUT;19/02/2016;17:00:00;95373,77;96715,46;95373,77;95862,69;1166725424,00;55908
WINFUT;19/02/2016;16:30:00;95225,95;95385,14;95112,25;95373,77;284233833,80;13474
WINFUT;19/02/2016;16:00:00;95305,54;95362,40;95078,14;95225,95;403212265,60;19238
WINFUT;19/02/2016;15:30:00;95362,40;95487,47;95180,47;95305,54;417811683,20;20025
WINFUT;19/02/2016;15:00:00;95703,50;95737,61;95294,17;95373,77;362006432,50;17186
WINFUT;19/02/2016;14:30:00;95521,58;95805,84;95396,51;95714,87;589388951,50;28130
WINFUT;19/02/2016;14:00:00;94998,55;95601,17;94953,07;95521,58;635529478,60;30310
WINFUT;19/02/2016;13:30:00;95271,43;95453,36;94975,81;94998,55;559075830,40;26645
WINFUT;19/02/2016;13:00:00;95134,99;95339,66;94873,47;95271,43;571742303,30;27258
WINFUT;19/02/2016;12:30:00;95032,66;95351,03;94771,14;95134,99;851132405,10;40713
WINFUT;19/02/2016;12:00:00;94793,88;95112,25;94748,40;95032,66;402097979,80;19063
WINFUT;19/02/2016;11:30:00;94941,70;94987,18;94668,81;94793,88;430296232,00;20777
WINFUT;19/02/2016;11:00:00;95089,51;95248,69;94873,47;94941,70;422860080,00;20195
WINFUT;19/02/2016;10:30:00;94896,21;95146,36;94805,25;95089,51;404349291,90;19310
WINFUT;19/02/2016;10:00:00;95009,92;95044,03;94577,85;94884,84;527170872,50;26145
WINFUT;19/02/2016;09:30:00;95248,69;95339,66;94850,73;95032,66;383473489,00;18258
WINFUT;19/02/2016;09:00:00;95396,51;95430,62;95032,66;95260,06;326326547,30;15725
WINFUT;18/02/2016;18:00:00;95862,69;95942,28;95601,17;95601,17;90007001,70;4521
WINFUT;18/02/2016;17:30:00;95532,95;95987,76;95521,58;95862,69;374877570,20;17639
WINFUT;18/02/2016;17:00:00;95555,69;95658,02;95396,51;95544,32;292056574,70;13729
WINFUT;18/02/2016;16:30:00;95771,73;95919,54;95521,58;95567,06;371079902,40;17591
WINFUT;18/02/2016;16:00:00;95532,95;95805,84;95521,58;95783,10;260924794,70;12388
WINFUT;18/02/2016;15:30:00;95612,54;95817,21;95464,73;95532,95;415128301,20;19598
WINFUT;18/02/2016;15:00:00;95373,77;95714,87;95328,28;95612,54;387544043,20;18235
WINFUT;18/02/2016;14:30:00;95260,06;95464,73;95112,25;95362,40;431592441,90;20479
WINFUT;18/02/2016;14:00:00;95680,76;95680,76;95009,92;95237,32;886243777,20;42126
WINFUT;18/02/2016;13:30:00;96078,72;96146,94;95578,43;95680,76;474094484,90;22680
WINFUT;18/02/2016;13:00:00;95908,17;96101,46;95567,06;96078,72;501405856,60;24060
WINFUT;18/02/2016;12:30:00;96158,31;96272,02;95453,36;95930,91;963129495,40;46422
WINFUT;18/02/2016;12:00:00;96021,87;96192,42;95828,58;96146,94;425748126,80;20515
WINFUT;18/02/2016;11:30:00;95578,43;96135,57;95578,43;96021,87;555369124,70;26868
WINFUT;18/02/2016;11:00:00;95396,51;95805,84;95078,14;95578,43;512707898,00;24751
WINFUT;18/02/2016;10:30:00;95828,58;95965,02;95146,36;95396,51;667047847,60;32231
WINFUT;18/02/2016;10:00:00;95555,69;96226,54;95351,03;95839,95;743956306,30;35780
WINFUT;18/02/2016;09:30:00;96101,46;96283,39;95464,73;95567,06;478392444,30;22916
WINFUT;18/02/2016;09:00:00;95282,80;96215,17;95214,58;96090,09;430614599,30;20701
WINFUT;17/02/2016;18:00:00;96067,35;96146,94;95669,39;95737,61;57419828,01;2868
WINFUT;17/02/2016;17:30:00;96169,68;96385,72;95794,47;96055,98;401620428,70;19352
WINFUT;17/02/2016;17:00:00;96249,28;96851,90;96067,35;96158,31;770403538,00;36883
WINFUT;17/02/2016;16:30:00;97113,42;97136,16;94907,59;96215,17;1898538290,00;91198
WINFUT;17/02/2016;16:00:00;97875,22;97875,22;96897,38;97102,05;693813446,60;33033
WINFUT;17/02/2016;15:30:00;97636,45;97932,07;97590,97;97886,59;565193031,90;26817
WINFUT;17/02/2016;15:00:00;97124,79;97738,78;97124,79;97625,08;934703838,00;44468
WINFUT;17/02/2016;14:30:00;96692,72;97136,16;96635,87;97124,79;618201197,90;29303
WINFUT;17/02/2016;14:00:00;96465,31;96726,83;96283,39;96692,72;583726560,50;27639
WINFUT;17/02/2016;13:30:00;96453,94;96613,12;96397,09;96465,31;507886906,50;23925
WINFUT;17/02/2016;13:00:00;96340,24;96613,12;96203,80;96453,94;578109650,60;27341
WINFUT;17/02/2016;12:30:00;96135,57;96476,68;95885,43;96328,87;832053103,90;39488
WINFUT;17/02/2016;12:00:00;95874,06;96146,94;95862,69;96124,20;370283984,00;17652
WINFUT;17/02/2016;11:30:00;95805,84;95999,13;95680,76;95874,06;329896809,90;15814
WINFUT;17/02/2016;11:00:00;96090,09;96090,09;95703,50;95805,84;354069989,00;17163
WINFUT;17/02/2016;10:30:00;95896,80;96215,17;95862,69;96078,72;314365030,70;15298
WINFUT;17/02/2016;10:00:00;95498,84;95942,28;95237,32;95874,06;459813434,60;22295
WINFUT;17/02/2016;09:30:00;95476,10;95567,06;95316,91;95487,47;217103801,20;10527
WINFUT;17/02/2016;09:00:00;94771,14;95612,54;94771,14;95476,10;299151618,80;14670
WINFUT;16/02/2016;18:00:00;94726,01;94737,55;94460,51;94702,92;75148221,74;3816
WINFUT;16/02/2016;17:30:00;94795,27;94829,90;94448,96;94702,92;345658733,00;17635
WINFUT;16/02/2016;17:00:00;94714,46;94887,62;94599,03;94806,81;328574344,70;17025
WINFUT;16/02/2016;16:30:00;94933,79;94933,79;94552,85;94702,92;372070273,90;19430
WINFUT;16/02/2016;16:00:00;94979,96;95164,66;94899,16;94933,79;342541986,50;17885
WINFUT;16/02/2016;15:30:00;94691,38;95049,23;94679,83;94979,96;356763585,40;18580
WINFUT;16/02/2016;15:00:00;95072,31;95326,27;94633,66;94691,38;591489229,20;31008
WINFUT;16/02/2016;14:30:00;94229,64;95153,12;94229,64;95060,77;732181476,00;38252
WINFUT;16/02/2016;14:00:00;94298,90;94414,33;94044,94;94218,09;499002662,00;26285
WINFUT;16/02/2016;13:30:00;93883,33;94564,40;93790,98;94310,44;717913703,00;37585
WINFUT;16/02/2016;13:00:00;93479,31;94033,40;93294,61;93894,87;855489203,30;44798
WINFUT;16/02/2016;12:30:00;93710,18;93929,51;93467,77;93490,85;744902419,20;39268
WINFUT;16/02/2016;12:00:00;93560,11;93790,98;93537,03;93710,18;430480412,50;22611
WINFUT;16/02/2016;11:30:00;93802,53;93871,79;93467,77;93560,11;479124745,30;24689
WINFUT;16/02/2016;11:00:00;93837,16;93941,05;93571,66;93802,53;521674107,10;26716
WINFUT;16/02/2016;10:30:00;93190,72;93848,70;93179,18;93825,61;721630711,80;36802
WINFUT;16/02/2016;10:00:00;92705,89;93190,72;92336,50;93190,72;651030631,30;33040
WINFUT;16/02/2016;09:30:00;93202,26;93248,44;92648,18;92694,35;377726591,70;18978
WINFUT;16/02/2016;09:00:00;93156,09;93306,16;92913,68;93213,81;288887772,20;14608
WINFUT;15/02/2016;18:00:00;92844,42;92902,13;92394,22;92717,44;91586173,78;4847
WINFUT;15/02/2016;17:30:00;92936,76;93121,46;92844,42;92890,59;121968680,60;6341
WINFUT;15/02/2016;17:00:00;93006,02;93075,29;92902,13;92936,76;90893563,44;4715
WINFUT;15/02/2016;16:30:00;93294,61;93329,24;92948,31;93017,57;137552413,30;7055
WINFUT;15/02/2016;16:00:00;93098,37;93421,59;93017,57;93306,16;227153104,10;11565
WINFUT;15/02/2016;15:30:00;92913,68;93190,72;92821,33;93098,37;179270642,70;9055
WINFUT;15/02/2016;15:00:00;92902,13;92959,85;92821,33;92902,13;74986612,66;3770
WINFUT;15/02/2016;14:30:00;92913,68;92982,94;92809,79;92913,68;148934309,80;7508
WINFUT;15/02/2016;14:00:00;93121,46;93202,26;92867,50;92925,22;266239414,20;14131
WINFUT;15/02/2016;13:30:00;93006,02;93133,00;92959,85;93133,00;177839248,00;9533
WINFUT;15/02/2016;13:00:00;93271,53;93306,16;92948,31;93006,02;344735252,60;18136
WINFUT;15/02/2016;12:30:00;93202,26;93456,22;93075,29;93259,98;354870450,50;18581
WINFUT;15/02/2016;12:00:00;93502,40;93583,20;93179,18;93202,26;337024190,80;17584
WINFUT;15/02/2016;11:30:00;93548,57;93629,37;93444,68;93513,94;174583979,40;9041
WINFUT;15/02/2016;11:00:00;93664,00;93721,72;93410,05;93560,11;229230935,10;11794
WINFUT;15/02/2016;10:30:00;93710,18;93744,81;93410,05;93652,46;349098697,70;17614
WINFUT;15/02/2016;10:00:00;93883,33;94033,40;93640,92;93687,09;312875177,00;15684
WINFUT;15/02/2016;09:30:00;93848,70;94079,57;93790,98;93883,33;265061976,60;13330
WINFUT;15/02/2016;09:00:00;93733,27;94114,20;93617,83;93860,24;224498097,80;11502
WINFUT;12/02/2016;18:00:00;92151,81;92301,87;91990,20;92301,87;89946995,98;4638
WINFUT;12/02/2016;17:30:00;91932,48;92255,70;91851,67;92140,26;394118369,70;20415
WINFUT;12/02/2016;17:00:00;91817,04;91990,20;91724,70;91920,94;277436614,60;14538
WINFUT;12/02/2016;16:30:00;91701,61;92013,28;91597,72;91828,59;362881643,40;19007
WINFUT;12/02/2016;16:00:00;91747,78;91863,22;91516,91;91701,61;356948281,50;18814
WINFUT;12/02/2016;15:30:00;91817,04;91920,94;91713,15;91759,33;284755197,20;15322
WINFUT;12/02/2016;15:00:00;91713,15;91897,85;91701,61;91828,59;255596302,00;13712
WINFUT;12/02/2016;14:30:00;91944,02;92013,28;91701,61;91713,15;459870177,80;24529
WINFUT;12/02/2016;14:00:00;91401,48;91978,65;91366,85;91955,57;565562515,50;30250
WINFUT;12/02/2016;13:30:00;91551,54;91620,80;91262,96;91401,48;503874021,40;26765
WINFUT;12/02/2016;13:00:00;91574,63;91793,96;91389,93;91563,09;619724644,00;32431
WINFUT;12/02/2016;12:30:00;91967,11;92174,89;91470,74;91586,17;1048704401,00;54928
WINFUT;12/02/2016;12:00:00;91770,87;92013,28;91736,24;91978,65;464464493,10;24452
WINFUT;12/02/2016;11:30:00;91690,07;91990,20;91574,63;91782,41;613652760,00;31596
WINFUT;12/02/2016;11:00:00;91586,17;91724,70;91332,22;91678,52;459339176,60;23324
WINFUT;12/02/2016;10:30:00;91413,02;91817,04;91055,17;91586,17;611528755,00;31037
WINFUT;12/02/2016;10:00:00;91886,30;92013,28;91239,87;91401,48;603609910,10;30384
WINFUT;12/02/2016;09:30:00;91828,59;92094,09;91782,41;91886,30;285863373,80;14383
WINFUT;12/02/2016;09:00:00;91597,72;91955,57;91470,74;91840,13;360480594,30;18342
WINFUT;11/02/2016;18:00:00;90974,37;91032,09;90697,32;90812,76;123538597,40;6490
WINFUT;11/02/2016;17:30:00;90027,80;91193,69;89981,63;90974,37;815202368,60;42443
WINFUT;11/02/2016;17:00:00;90270,21;90281,76;89958,54;90039,34;361981250,00;19083
WINFUT;11/02/2016;16:30:00;90397,19;90524,17;90108,61;90270,21;465064755,40;24655
WINFUT;11/02/2016;16:00:00;90501,08;90558,80;90339,48;90385,65;370523444,20;19718
WINFUT;11/02/2016;15:30:00;90558,80;90593,43;90270,21;90489,54;608458182,50;32453
WINFUT;11/02/2016;15:00:00;91020,54;91043,63;90535,71;90558,80;571172659,30;30667
WINFUT;11/02/2016;14:30:00;91043,63;91170,61;90905,11;91032,09;463887317,80;24869
WINFUT;11/02/2016;14:00:00;91032,09;91239,87;90893,56;91043,63;545476815,70;29092
WINFUT;11/02/2016;13:30:00;91251,41;91436,11;90974,37;91032,09;532132523,20;28408
WINFUT;11/02/2016;13:00:00;91147,52;91459,20;91089,80;91251,41;646413229,10;34017
WINFUT;11/02/2016;12:30:00;91205,24;91297,59;90674,24;91159,06;957487619,10;50002
WINFUT;11/02/2016;12:00:00;90870,48;91216,78;90847,39;91193,69;370777401,30;19534
WINFUT;11/02/2016;11:30:00;90916,65;91112,89;90824,30;90882,02;462756054,30;23749
WINFUT;11/02/2016;11:00:00;91332,22;91366,85;90870,48;90928,19;575420669,30;29317
WINFUT;11/02/2016;10:30:00;91990,20;92105,63;91309,13;91309,13;493115474,10;24986
WINFUT;11/02/2016;10:00:00;91655,43;92024,83;91493,83;92013,28;486674198,00;24489
WINFUT;11/02/2016;09:30:00;91863,22;91920,94;91482,28;91643,89;315160791,10;15793
WINFUT;11/02/2016;09:00:00;91332,22;92047,91;91216,78;91863,22;303501850,40;15455
WINFUT;10/02/2016;18:00:00;93294,61;93456,22;93202,26;93271,53;105369119,50;5442
WINFUT;10/02/2016;17:30:00;92959,85;93398,50;92855,96;93271,53;291034864,30;15105
WINFUT;10/02/2016;17:00:00;93352,33;93363,87;92902,13;92959,85;382621038,10;20089
WINFUT;10/02/2016;16:30:00;93236,90;93513,94;93133,00;93340,79;321832937,40;16943
WINFUT;10/02/2016;16:00:00;93363,87;93386,96;93098,37;93236,90;316707620,80;16687
WINFUT;10/02/2016;15:30:00;93317,70;93583,20;93133,00;93352,33;511654344,20;26744
WINFUT;10/02/2016;15:00:00;93283,07;93467,77;93017,57;93329,24;520612104,50;27417
WINFUT;10/02/2016;14:30:00;92671,26;93294,61;92532,74;93271,53;495747393,40;26304
WINFUT;10/02/2016;14:00:00;92602,00;93040,66;92382,68;92659,72;677903912,50;35671
WINFUT;10/02/2016;13:30:00;92821,33;93352,33;92509,65;92590,46;927220547,40;48688
WINFUT;10/02/2016;13:00:00;92486,57;93133,00;92348,05;92821,33;672085985,60;35706
WINFUT;05/02/2016;18:00:00;93929,51;94010,31;93687,09;93687,09;75679223,00;3934
WINFUT;05/02/2016;17:30:00;93917,96;94068,03;93767,90;93906,42;260167530,20;13520
WINFUT;05/02/2016;17:00:00;94310,44;94379,70;93894,87;93929,51;317931232,40;16594
WINFUT;05/02/2016;16:30:00;94552,85;94575,94;94206,55;94310,44;369299832,60;19577
WINFUT;05/02/2016;16:00:00;94460,51;94726,01;94391,25;94552,85;339125108,80;18050
WINFUT;05/02/2016;15:30:00;94506,68;94587,49;94321,98;94460,51;375579499,60;20069
WINFUT;05/02/2016;15:00:00;94610,57;94806,81;94356,62;94518,22;447864932,00;23720
WINFUT;05/02/2016;14:30:00;94818,36;94979,96;94575,94;94610,57;361334813,70;19241
WINFUT;05/02/2016;14:00:00;94968,42;95049,23;94564,40;94806,81;511561996,10;26812
WINFUT;05/02/2016;13:30:00;94691,38;95164,66;94437,42;94945,33;639764169,80;33590
WINFUT;05/02/2016;13:00:00;95083,86;95372,44;94679,83;94691,38;630367756,20;32894
WINFUT;05/02/2016;12:30:00;95164,66;95303,18;94564,40;95072,31;900785919,40;46825
WINFUT;05/02/2016;12:00:00;94945,33;95545,60;94876,07;95164,66;559790762,70;29332
WINFUT;05/02/2016;11:30:00;95026,14;95464,79;94506,68;94933,79;1156982484,00;59011
WINFUT;05/02/2016;11:00:00;94945,33;95199,29;94726,01;95014,59;583316427,20;30180
WINFUT;05/02/2016;10:30:00;94933,79;95003,05;94137,29;94945,33;867886928,30;44587
WINFUT;05/02/2016;10:00:00;94356,62;95210,83;94252,72;94945,33;654539857,00;33167
WINFUT;05/02/2016;09:30:00;94183,46;94633,66;94091,11;94345,07;348867827,60;17599
WINFUT;05/02/2016;09:00:00;95199,29;95487,88;94044,94;94183,46;428010102,30;21712
WINFUT;04/02/2016;18:00:00;94818,36;94818,36;94506,68;94633,66;82582239,38;4236
WINFUT;04/02/2016;17:30:00;94414,33;94933,79;94321,98;94841,44;384514173,00;19755
WINFUT;04/02/2016;17:00:00;94137,29;94714,46;93952,59;94402,79;557066495,40;28918
WINFUT;04/02/2016;16:30:00;94425,88;94876,07;94033,40;94125,75;668969239,10;35060
WINFUT;04/02/2016;16:00:00;94575,94;94968,42;94241,18;94425,88;662481788,90;34728
WINFUT;04/02/2016;15:30:00;94506,68;94864,53;94298,90;94575,94;652415852,00;34262
WINFUT;04/02/2016;15:00:00;94068,03;94575,94;93917,96;94495,14;759239453,20;40089
WINFUT;04/02/2016;14:30:00;94714,46;94749,09;93917,96;94068,03;1020999987,00;53170
WINFUT;04/02/2016;14:00:00;95557,14;95557,14;94714,46;94737,55;798741329,50;41729
WINFUT;04/02/2016;13:30:00;95764,92;96007,34;95141,57;95568,68;1108176542,00;58019
WINFUT;04/02/2016;13:00:00;94933,79;95788,01;94702,92;95753,38;1166725202,00;60472
WINFUT;04/02/2016;12:30:00;93479,31;95291,64;93479,31;94945,33;1712825367,00;88090
WINFUT;04/02/2016;12:00:00;92475,02;93664,00;92451,94;93479,31;895198862,70;46645
WINFUT;04/02/2016;11:30:00;92336,50;92648,18;92151,81;92498,11;691594510,10;36213
WINFUT;04/02/2016;11:00:00;92763,61;92775,15;91990,20;92336,50;795462973,90;41513
WINFUT;04/02/2016;10:30:00;93444,68;93467,77;92717,44;92786,70;708194071,30;36584
WINFUT;04/02/2016;10:00:00;93363,87;93825,61;93236,90;93456,22;495216392,10;25312
WINFUT;04/02/2016;09:30:00;93398,50;93871,79;93156,09;93317,70;536149663,10;27568
WINFUT;04/02/2016;09:00:00;92117,18;93721,72;92117,18;93410,05;671739680,40;34764
WINFUT;03/02/2016;18:00:00;91817,04;91897,85;91447,65;91563,09;97150143,50;5043
WINFUT;03/02/2016;17:30:00;91932,48;92094,09;91736,24;91817,04;398389466,80;20994
WINFUT;03/02/2016;17:00:00;91251,41;91978,65;91228,33;91932,48;558151584,90;29301
WINFUT;03/02/2016;16:30:00;91389,93;91436,11;90882,02;91239,87;523036240,70;27896
WINFUT;03/02/2016;16:00:00;91597,72;91747,78;91216,78;91401,48;565400906,40;30431
WINFUT;03/02/2016;15:30:00;91216,78;91678,52;90997,45;91609,26;636970641,40;34162
WINFUT;03/02/2016;15:00:00;91459,20;91574,63;91032,09;91205,24;629398101,70;33630
WINFUT;03/02/2016;14:30:00;91124,43;91609,26;91124,43;91447,65;792369314,40;42381
WINFUT;03/02/2016;14:00:00;90443,37;91274,50;90108,61;91124,43;807029566,60;42993
WINFUT;03/02/2016;13:30:00;90177,87;90558,80;89589,15;90454,91;958711230,70;51179
WINFUT;03/02/2016;13:00:00;90651,15;90651,15;89947,00;90177,87;702653188,60;37532
WINFUT;03/02/2016;12:30:00;91239,87;91297,59;90397,19;90674,24;892289899,30;46924
WINFUT;03/02/2016;12:00:00;90951,28;91343,76;90951,28;91239,87;576690455,00;30692
WINFUT;03/02/2016;11:30:00;90581,89;91112,89;90489,54;90951,28;563230727,40;30019
WINFUT;03/02/2016;11:00:00;90501,08;90755,04;90327,93;90558,80;503204498,00;26562
WINFUT;03/02/2016;10:30:00;90466,45;90662,69;90166,32;90512,63;528323166,30;27585
WINFUT;03/02/2016;10:00:00;90512,63;90951,28;90224,04;90478,00;716990222,60;37055
WINFUT;03/02/2016;09:30:00;90351,02;90766,58;90224,04;90489,54;483996104,60;25020
WINFUT;03/02/2016;09:00:00;89392,91;90408,74;89069,69;90339,48;601555166,10;31373
WINFUT;02/02/2016;18:00:00;89415,99;89462,17;88919,62;88977,34;136859802,90;7002
WINFUT;02/02/2016;17:30:00;89727,67;89993,17;89392,91;89415,99;385252957,40;20188
WINFUT;02/02/2016;17:00:00;89947,00;90085,52;89727,67;89727,67;436113643,20;23082
WINFUT;02/02/2016;16:30:00;90454,91;90466,45;89912,37;89923,91;529246646,80;28109
WINFUT;02/02/2016;16:00:00;90351,02;90501,08;90166,32;90454,91;341064417,80;18333
WINFUT;02/02/2016;15:30:00;90224,04;90501,08;90004,71;90339,48;591466142,20;31749
WINFUT;02/02/2016;15:00:00;90570,35;90628,06;90189,41;90224,04;496624699,80;26677
WINFUT;02/02/2016;14:30:00;90755,04;90893,56;90535,71;90570,35;431888720,20;23388
WINFUT;02/02/2016;14:00:00;90431,82;90824,30;90247,13;90755,04;552633789,20;29770
WINFUT;02/02/2016;13:30:00;90258,67;90570,35;90097,06;90431,82;676056951,50;36655
WINFUT;02/02/2016;13:00:00;90778,13;91009,00;90154,78;90247,13;843553218,40;45109
WINFUT;02/02/2016;12:30:00;91528,46;91643,89;90535,71;90789,67;1098987911,00;58649
WINFUT;02/02/2016;12:00:00;91505,37;91609,26;91286,04;91540,00;567063171,30;30164
WINFUT;02/02/2016;11:30:00;91955,57;91955,57;91493,83;91493,83;613468063,90;32536
WINFUT;02/02/2016;11:00:00;92313,41;92371,13;91805,50;91955,57;426440185,50;22374
WINFUT;02/02/2016;10:30:00;91909,39;92451,94;91840,13;92301,87;536080402,10;27864
WINFUT;02/02/2016;10:00:00;91851,67;92059,46;91401,48;91897,85;688893329,80;35453
WINFUT;02/02/2016;09:30:00;92174,89;92348,05;91759,33;91851,67;409702102,30;21012
WINFUT;02/02/2016;09:00:00;92925,22;92994,48;92059,46;92174,89;455899211,90;23741
WINFUT;01/02/2016;18:00:00;93941,05;94148,83;93790,98;94044,94;83990547,07;4333
WINFUT;01/02/2016;17:30:00;93479,31;94125,75;93444,68;93941,05;344712165,50;17937
WINFUT;01/02/2016;17:00:00;93548,57;93825,61;93271,53;93502,40;475984911,70;24823
WINFUT;01/02/2016;16:30:00;92948,31;93640,92;92832,87;93537,03;544345552,10;28920
WINFUT;01/02/2016;16:00:00;93133,00;93271,53;92809,79;92948,31;384052432,80;20483
WINFUT;01/02/2016;15:30:00;93063,74;93306,16;92902,13;93121,46;425886097,20;22922
WINFUT;01/02/2016;15:00:00;93363,87;93444,68;92936,76;93075,29;463494838,60;24957
WINFUT;01/02/2016;14:30:00;93271,53;93444,68;93121,46;93375,42;310104735,60;16803
WINFUT;01/02/2016;14:00:00;93363,87;93467,77;93086,83;93271,53;427548362,00;22937
WINFUT;01/02/2016;13:30:00;93144,55;93548,57;93109,92;93352,33;500503317,70;26801
WINFUT;01/02/2016;13:00:00;92925,22;93236,90;92636,63;93144,55;581561814,30;31075
WINFUT;01/02/2016;12:30:00;92555,83;93017,57;92267,24;92925,22;731257995,50;38502
WINFUT;01/02/2016;12:00:00;92613,55;92913,68;92348,05;92544,28;551364003,60;29333
WINFUT;01/02/2016;11:30:00;92197,98;92728,98;92047,91;92625,09;514055393,30;27222
WINFUT;01/02/2016;11:00:00;92359,59;92463,48;92013,28;92197,98;373270798,50;19519
WINFUT;01/02/2016;10:30:00;92798,24;92821,33;92151,81;92348,05;510638515,70;26326
WINFUT;01/02/2016;10:00:00;93213,81;93248,44;92625,09;92798,24;460424266,10;23704
WINFUT;01/02/2016;09:30:00;93421,59;93433,13;93040,66;93202,26;319755106,30;16385
WINFUT;01/02/2016;09:00:00;92925,22;93583,20;92832,87;93421,59;362189033,10;18699
WINFUT;29/01/2016;18:00:00;93710,18;93733,27;93479,31;93652,46;116243101,80;6012
WINFUT;29/01/2016;17:30:00;93179,18;93733,27;93052,20;93698,64;391809668,60;20538
WINFUT;29/01/2016;17:00:00;92936,76;93202,26;92590,46;93179,18;463010011,40;24323
WINFUT;29/01/2016;16:30:00;93225,35;93352,33;92821,33;92936,76;526199161,30;28147
WINFUT;29/01/2016;16:00:00;93179,18;93329,24;92809,79;93213,81;635723942,80;34140
WINFUT;29/01/2016;15:30:00;92244,15;93225,35;92209,52;93167,63;828108007,90;44243
WINFUT;29/01/2016;15:00:00;91955,57;92290,33;91840,13;92244,15;408570838,80;22004
WINFUT;29/01/2016;14:30:00;92186,44;92209,52;91643,89;91955,57;580014984,60;31183
WINFUT;29/01/2016;14:00:00;92163,35;92382,68;91967,11;92174,89;530077779,20;28432
WINFUT;29/01/2016;13:30:00;91897,85;92267,24;91828,59;92174,89;459893264,90;24760
WINFUT;29/01/2016;13:00:00;91978,65;92278,78;91828,59;91886,30;653454767,50;34949
WINFUT;29/01/2016;12:30:00;91678,52;92117,18;91447,65;91978,65;734490177,10;38333
WINFUT;29/01/2016;12:00:00;91239,87;91886,30;91135,98;91678,52;767966343,50;40782
WINFUT;29/01/2016;11:30:00;90870,48;91251,41;90835,85;91228,33;505720982,30;26733
WINFUT;29/01/2016;11:00:00;90304,84;90951,28;90200,95;90870,48;551571786,70;28992
WINFUT;29/01/2016;10:30:00;90304,84;90524,17;90120,15;90316,39;436413774,40;22849
WINFUT;29/01/2016;10:00:00;90270,21;90708,87;90166,32;90304,84;517333748,90;26917
WINFUT;29/01/2016;09:30:00;90050,89;90327,93;89854,65;90281,76;264207757,20;13622
WINFUT;29/01/2016;09:00:00;90039,34;90385,65;89923,91;90062,43;325711555,30;16940
WINFUT;28/01/2016;18:00:00;89658,41;89750,76;89300,56;89554,52;136882889,90;7279
WINFUT;28/01/2016;17:30:00;89427,54;89716,13;89265,93;89658,41;238327217,50;12570
WINFUT;28/01/2016;17:00:00;89046,60;89612,23;89035,06;89439,08;368214743,00;19891
WINFUT;28/01/2016;16:30:00;89011,97;89173,58;88896,54;89046,60;231701245,30;12674
WINFUT;28/01/2016;16:00:00;89208,21;89289,02;88804,19;89011,97;348867827,60;18854
WINFUT;28/01/2016;15:30:00;89208,21;89358,28;89035,06;89219,76;342172594,30;18684
WINFUT;28/01/2016;15:00:00;88631,04;89254,39;88631,04;89185,12;437060210,70;23657
WINFUT;28/01/2016;14:30:00;89369,82;89439,08;88619,49;88631,04;526152987,30;28722
WINFUT;28/01/2016;14:00:00;89381,36;89623,78;89265,93;89381,36;483557451,40;26518
WINFUT;28/01/2016;13:30:00;88977,34;89519,89;88942,71;89369,82;575166712,20;31490
WINFUT;28/01/2016;13:00:00;89531,43;89716,13;88965,80;88977,34;753467700,40;40852
WINFUT;28/01/2016;12:30:00;89981,63;90166,32;89254,39;89531,43;1017675458,00;54934
WINFUT;28/01/2016;12:00:00;88711,84;90835,85;88700,30;89970,08;1655061665,00;89339
WINFUT;28/01/2016;11:30:00;88261,64;88734,93;88019,23;88723,38;539081713,60;28892
WINFUT;28/01/2016;11:00:00;88538,69;88584,86;87926,88;88273,19;678711957,80;36415
WINFUT;28/01/2016;10:30:00;89115,86;89127,41;88169,30;88527,14;703114928,80;37438
WINFUT;28/01/2016;10:00:00;89866,19;89923,91;89011,97;89127,41;672593899,90;35837
WINFUT;28/01/2016;09:30:00;89958,54;90154,78;89739,21;89854,65;376272110,00;19911
WINFUT;28/01/2016;09:00:00;89346,73;89993,17;89335,19;89947,00;400813603,00;21208
WINFUT;27/01/2016;18:00:00;89323,65;89335,19;89023,52;89046,60;114188357,80;6065
WINFUT;27/01/2016;17:30:00;89589,15;89727,67;89185,12;89289,02;427202056,90;22945
WINFUT;27/01/2016;17:00:00;89554,52;90027,80;88896,54;89600,69;934146650,70;50223
WINFUT;27/01/2016;16:30:00;89462,17;89658,41;89323,65;89577,60;374979237,30;20337
WINFUT;27/01/2016;16:00:00;89115,86;89577,60;89081,23;89450,63;475707867,60;25890
WINFUT;27/01/2016;15:30:00;89577,60;89623,78;89081,23;89138,95;553672704,70;30099
WINFUT;27/01/2016;15:00:00;89115,86;89727,67;89035,06;89589,15;800126550,20;43917
WINFUT;27/01/2016;14:30:00;88734,93;89254,39;88654,12;89115,86;680674353,80;37178
WINFUT;27/01/2016;14:00:00;88492,51;88769,56;88377,08;88734,93;597584200,20;32725
WINFUT;27/01/2016;13:30:00;87973,06;88700,30;87949,97;88492,51;1006847649,00;55072
WINFUT;27/01/2016;13:00:00;87799,90;88030,77;87557,49;87961,51;595321673,10;32472
WINFUT;27/01/2016;12:30:00;87303,53;88053,86;87130,38;87799,90;954232350,60;51834
WINFUT;27/01/2016;12:00:00;87303,53;87442,06;87188,10;87291,99;322202329,50;17635
WINFUT;27/01/2016;11:30:00;87245,82;87476,69;87141,92;87303,53;424916442,80;22962
WINFUT;27/01/2016;11:00:00;86922,60;87280,45;86853,34;87257,36;366921870,40;19664
WINFUT;27/01/2016;10:30:00;86876,42;86980,32;86749,44;86911,05;267509199,80;14358
WINFUT;27/01/2016;10:00:00;86553,21;86934,14;86541,66;86887,97;352123096,20;18677
WINFUT;27/01/2016;09:30:00;86437,77;86576,29;86391,60;86553,21;109016867,30;6299
WINFUT;27/01/2016;09:00:00;86553,21;86657,10;86391,60;86437,77;273973563,00;15612
WINFUT;26/01/2016;18:00:00;87026,49;87072,66;86830,25;86830,25;79580927,91;4245
WINFUT;26/01/2016;17:30:00;86945,68;87176,55;86945,68;87014,95;202149870,80;10692
WINFUT;26/01/2016;17:00:00;86726,36;87153,47;86634,01;86968,77;415773986,30;22404
WINFUT;26/01/2016;16:30:00;86945,68;87014,95;86657,10;86726,36;295075091,30;16062
WINFUT;26/01/2016;16:00:00;86841,79;87072,66;86807,16;86934,14;276189916,00;15022
WINFUT;26/01/2016;15:30:00;86784,08;87026,49;86726,36;86830,25;357964110,00;19612
WINFUT;26/01/2016;15:00:00;86726,36;86864,88;86634,01;86795,62;296460312,00;16321
WINFUT;26/01/2016;14:30:00;86795,62;86830,25;86530,12;86714,81;254441951,40;14032
WINFUT;26/01/2016;14:00:00;86310,79;86887,97;86287,70;86784,08;528276992,30;29493
WINFUT;26/01/2016;13:30:00;86380,05;86668,64;86229,99;86310,79;437822082,10;25911
WINFUT;26/01/2016;13:00:00;86195,36;86541,66;86056,83;86380,05;607026787,80;36394
WINFUT;26/01/2016;12:30:00;86795,62;87084,21;86079,92;86160,73;896745692,50;51065
WINFUT;26/01/2016;12:00:00;86772,53;86968,77;86645,55;86795,62;269817900,90;14567
WINFUT;26/01/2016;11:30:00;86760,99;86922,60;86622,47;86795,62;261460402,80;14104
WINFUT;26/01/2016;11:00:00;86645,55;86841,79;86495,49;86760,99;315391661,20;17349
WINFUT;26/01/2016;10:30:00;86968,77;87014,95;86518,57;86657,10;425724488,20;22903
WINFUT;26/01/2016;10:00:00;87003,40;87326,62;86876,42;86980,32;370154052,00;19623
WINFUT;26/01/2016;09:30:00;86934,14;87130,38;86922,60;86991,86;233986859,40;12498
WINFUT;26/01/2016;09:00:00;86922,60;87268,90;86737,90;86922,60;270972251,50;14369
WINFUT;22/01/2016;18:00:00;88227,01;88388,62;88146,21;88284,73;81658758,93;4458
WINFUT;22/01/2016;17:30:00;88330,91;88388,62;88157,75;88227,01;275358783,60;15177
WINFUT;22/01/2016;17:00:00;88688,75;88711,84;88296,27;88307,82;230154415,50;12202
WINFUT;22/01/2016;16:30:00;88619,49;88758,01;88377,08;88700,30;344689078,50;18729
WINFUT;22/01/2016;16:00:00;88330,91;88769,56;88203,93;88607,95;427178969,90;23112
WINFUT;22/01/2016;15:30:00;88203,93;88353,99;88111,58;88342,45;283831716,80;15457
WINFUT;22/01/2016;15:00:00;88480,97;88492,51;88146,21;88192,38;490968382,10;26540
WINFUT;22/01/2016;14:30:00;88607,95;88688,75;88457,88;88480,97;316753794,90;17352
WINFUT;22/01/2016;14:00:00;88884,99;89011,97;88434,80;88619,49;685638061,20;37238
WINFUT;22/01/2016;13:30:00;89092,78;89138,95;88838,82;88884,99;469705244,70;25715
WINFUT;22/01/2016;13:00:00;89081,23;89289,02;89000,43;89081,23;522528326,50;28444
WINFUT;22/01/2016;12:30:00;88781,10;89265,93;88654,12;89081,23;889242413,80;47767
WINFUT;22/01/2016;12:00:00;88723,38;88919,62;88654,12;88781,10;249824549,10;13630
WINFUT;22/01/2016;11:30:00;88573,32;88838,82;88550,23;88734,93;314999182,00;16776
WINFUT;22/01/2016;11:00:00;88734,93;88746,47;88423,25;88573,32;353646838,90;18920
WINFUT;22/01/2016;10:30:00;88792,65;88815,73;88561,78;88746,47;295906223,70;15678
WINFUT;22/01/2016;10:00:00;88908,08;89023,52;88723,38;88804,19;376987807,30;19974
WINFUT;22/01/2016;09:30:00;88954,25;89092,78;88873,45;88896,54;173891369,00;9164
WINFUT;22/01/2016;09:00:00;88665,67;89035,06;88654,12;88965,80;329613260,20;17367
WINFUT;21/01/2016;18:00:00;87730,64;87822,99;87592,12;87822,99;100266890,00;5490
WINFUT;21/01/2016;17:30:00;87615,21;87938,43;87592,12;87719,10;289672730,60;15528
WINFUT;21/01/2016;17:00:00;87684,47;87996,14;87453,60;87626,75;476354303,90;25591
WINFUT;21/01/2016;16:30:00;87626,75;87753,73;87395,88;87684,47;470166984,90;25558
WINFUT;21/01/2016;16:00:00;87799,90;88157,75;87580,58;87626,75;474715126,10;25611
WINFUT;21/01/2016;15:30:00;88157,75;88192,38;87649,84;87799,90;458692740,30;24731
WINFUT;21/01/2016;15:00:00;88296,27;88469,43;88019,23;88157,75;450035111,00;24451
WINFUT;21/01/2016;14:30:00;88076,95;88411,71;88007,69;88284,73;428102450,30;23381
WINFUT;21/01/2016;14:00:00;87915,34;88330,91;87776,82;88076,95;744925506,20;40737
WINFUT;21/01/2016;13:30:00;87926,88;88042,32;87603,66;87903,80;473837819,70;25887
WINFUT;21/01/2016;13:00:00;87442,06;88146,21;87326,62;87926,88;703992235,20;38020
WINFUT;21/01/2016;12:30:00;87684,47;88146,21;87326,62;87430,51;1007147780,00;54268
WINFUT;21/01/2016;12:00:00;87926,88;88042,32;87592,12;87684,47;503273759,10;27272
WINFUT;21/01/2016;11:30:00;87776,82;88169,30;87661,38;87926,88;704569410,50;37980
WINFUT;21/01/2016;11:00:00;87280,45;87961,51;87257,36;87788,36;499718359,30;26579
WINFUT;21/01/2016;10:30:00;87303,53;87615,21;87211,19;87280,45;463379403,60;24463
WINFUT;21/01/2016;10:00:00;87026,49;87465,14;86934,14;87315,08;543606767,80;28778
WINFUT;21/01/2016;09:30:00;86853,34;87107,29;86841,79;87014,95;251140508,80;13396
WINFUT;21/01/2016;09:00:00;87153,47;87176,55;86714,81;86853,34;353300533,70;18732
WINFUT;20/01/2016;18:00:00;87453,60;87719,10;87280,45;87719,10;84937114,53;4535
WINFUT;20/01/2016;17:30:00;87234,27;87522,86;87061,12;87453,60;341479984,00;18331
WINFUT;20/01/2016;17:00:00;86760,99;87430,51;86657,10;87234,27;554803968,30;30122
WINFUT;20/01/2016;16:30:00;86426,23;86945,68;86414,68;86760,99;596268240,50;33175
WINFUT;20/01/2016;16:00:00;86495,49;86541,66;86183,81;86426,23;463263968,50;28000
WINFUT;20/01/2016;15:30:00;86126,10;86518,57;86091,47;86483,94;452874813,40;27462
WINFUT;20/01/2016;15:00:00;86114,55;86437,77;86079,92;86137,64;463818056,80;28029
WINFUT;20/01/2016;14:30:00;86483,94;86599,38;86033,75;86114,55;500018490,50;30084
WINFUT;20/01/2016;14:00:00;86322,34;86657,10;86195,36;86495,49;567963564,70;33889
WINFUT;20/01/2016;13:30:00;86911,05;86991,86;86322,34;86333,88;788559957,60;45049
WINFUT;20/01/2016;13:00:00;86945,68;87211,19;86818,71;86911,05;558313194,00;30611
WINFUT;20/01/2016;12:30:00;87361,25;87545,95;86737,90;86945,68;901894096,00;48745
WINFUT;20/01/2016;12:00:00;87130,38;87557,49;86980,32;87349,71;495470349,30;26918
WINFUT;20/01/2016;11:30:00;86922,60;87222,73;86726,36;87130,38;460331918,10;24890
WINFUT;20/01/2016;11:00:00;86864,88;87245,82;86853,34;86911,05;353623751,90;19001
WINFUT;20/01/2016;10:30:00;86680,18;86991,86;86668,64;86864,88;317077013,00;17079
WINFUT;20/01/2016;10:00:00;87061,12;87153,47;86495,49;86657,10;551548699,70;29656
WINFUT;20/01/2016;09:30:00;86784,08;87234,27;86726,36;87061,12;263815278,00;13867
WINFUT;20/01/2016;09:00:00;87245,82;87245,82;86460,86;86784,08;449873502,00;23795
WINFUT;19/01/2016;18:00:00;88284,73;88561,78;88215,47;88561,78;94772181,34;5022
WINFUT;19/01/2016;17:30:00;88734,93;88827,28;88111,58;88261,64;354016231,10;18786
WINFUT;19/01/2016;17:00:00;88550,23;88746,47;88296,27;88723,38;466473063,10;25008
WINFUT;19/01/2016;16:30:00;89115,86;89162,04;88538,69;88538,69;448118889,10;24213
WINFUT;19/01/2016;16:00:00;88804,19;89219,76;88700,30;89115,86;447957280,00;24315
WINFUT;19/01/2016;15:30:00;88850,36;88896,54;88584,86;88815,73;481849012,60;26317
WINFUT;19/01/2016;15:00:00;89127,41;89173,58;88781,10;88861,91;321047979,00;17469
WINFUT;19/01/2016;14:30:00;89289,02;89358,28;89035,06;89127,41;414365678,60;22836
WINFUT;19/01/2016;14:00:00;88884,99;89335,19;88850,36;89277,47;474576604,00;26017
WINFUT;19/01/2016;13:30:00;89358,28;89439,08;88861,91;88884,99;462640619,20;25264
WINFUT;19/01/2016;13:00:00;89115,86;89415,99;89035,06;89346,73;551017698,40;30110
WINFUT;19/01/2016;12:30:00;89462,17;89681,50;88827,28;89092,78;1023678081,00;55360
WINFUT;19/01/2016;12:00:00;89843,10;89866,19;89415,99;89450,63;360180463,10;19429
WINFUT;19/01/2016;11:30:00;89716,13;89889,28;89600,69;89854,65;319108670,00;17276
WINFUT;19/01/2016;11:00:00;90004,71;90073,97;89623,78;89704,58;409632841,30;21996
WINFUT;19/01/2016;10:30:00;90166,32;90258,67;89785,39;90016,26;447610974,90;23752
WINFUT;19/01/2016;10:00:00;90570,35;90570,35;90143,24;90177,87;375718021,70;19903
WINFUT;19/01/2016;09:30:00;89958,54;90616,52;89912,37;90558,80;499741446,30;26436
WINFUT;19/01/2016;09:00:00;89889,28;90108,61;89739,21;89947,00;350945658,60;18492
WINFUT;18/01/2016;18:00:00;88931,17;88965,80;88515,60;88515,60;80250451,24;4339
WINFUT;18/01/2016;17:30:00;88746,47;89219,76;88723,38;88896,54;243498708,10;13018
WINFUT;18/01/2016;17:00:00;88700,30;88804,19;88538,69;88746,47;151520055,10;8039
WINFUT;18/01/2016;16:30:00;89277,47;89289,02;88654,12;88700,30;247284977,90;12999
WINFUT;18/01/2016;16:00:00;89242,84;89335,19;89127,41;89289,02;127740433,50;6803
WINFUT;18/01/2016;15:30:00;89242,84;89277,47;89150,49;89242,84;75148221,74;3980
WINFUT;18/01/2016;15:00:00;89069,69;89289,02;89058,15;89254,39;105115162,40;5576
WINFUT;18/01/2016;14:30:00;89092,78;89162,04;89035,06;89069,69;85121810,62;4529
WINFUT;18/01/2016;14:00:00;89046,60;89300,56;89011,97;89092,78;234540947,70;12742
WINFUT;18/01/2016;13:30:00;88954,25;89185,12;88954,25;89058,15;268663550,40;14637
WINFUT;18/01/2016;13:00:00;89023,52;89081,23;88861,91;88954,25;234425512,60;12903
WINFUT;18/01/2016;12:30:00;89092,78;89092,78;88838,82;89023,52;343188422,80;18816
WINFUT;18/01/2016;12:00:00;89358,28;89381,36;89069,69;89092,78;292212301,90;15810
WINFUT;18/01/2016;11:30:00;89335,19;89450,63;89277,47;89346,73;183380130,70;9987
WINFUT;18/01/2016;11:00:00;89427,54;89473,71;89242,84;89346,73;244999363,80;13202
WINFUT;18/01/2016;10:30:00;89473,71;89658,41;89323,65;89427,54;337901497,20;18111
WINFUT;18/01/2016;10:00:00;90073,97;90085,52;89462,17;89485,26;466080583,90;24689
WINFUT;18/01/2016;09:30:00;90120,15;90224,04;89935,45;90062,43;262753275,50;14010
WINFUT;18/01/2016;09:00:00;90224,04;90431,82;89935,45;90120,15;241674834,20;12798
WINFUT;15/01/2016;18:00:00;89785,39;89947,00;89589,15;89947,00;73509043,94;4003
WINFUT;15/01/2016;17:30:00;89323,65;89877,73;89173,58;89785,39;337739888,10;17788
WINFUT;15/01/2016;17:00:00;89462,17;89519,89;89219,76;89323,65;276305351,10;14478
WINFUT;15/01/2016;16:30:00;89011,97;89542,97;88977,34;89462,17;460308831,10;24454
WINFUT;15/01/2016;16:00:00;88838,82;89069,69;88596,41;89000,43;458346435,10;24637
WINFUT;15/01/2016;15:30:00;88769,56;88861,91;88353,99;88827,28;616908028,60;33195
WINFUT;15/01/2016;15:00:00;88873,45;88977,34;88619,49;88781,10;424523963,60;22902
WINFUT;15/01/2016;14:30:00;89185,12;89323,65;88827,28;88884,99;467165673,40;25097
WINFUT;15/01/2016;14:00:00;89219,76;89289,02;88908,08;89162,04;606795917,70;32614
WINFUT;15/01/2016;13:30:00;89612,23;89750,76;89173,58;89231,30;482449274,90;26020
WINFUT;15/01/2016;13:00:00;89289,02;89808,47;89138,95;89600,69;531994001,10;28121
WINFUT;15/01/2016;12:30:00;89265,93;89577,60;89069,69;89289,02;711356991,80;37512
WINFUT;15/01/2016;12:00:00;89404,45;89508,34;89092,78;89242,84;338132367,30;17982
WINFUT;15/01/2016;11:30:00;90097,06;90097,06;89138,95;89415,99;854704244,90;44915
WINFUT;15/01/2016;11:00:00;90085,52;90224,04;89923,91;90120,15;231193331,00;12081
WINFUT;15/01/2016;10:30:00;90004,71;90177,87;89889,28;90097,06;241559399,10;12670
WINFUT;15/01/2016;10:00:00;90224,04;90443,37;89912,37;89993,17;399566904,40;20532
WINFUT;15/01/2016;09:30:00;90039,34;90362,56;90004,71;90212,50;205543661,50;10595
WINFUT;15/01/2016;09:00:00;90120,15;90374,11;89704,58;90027,80;392456104,90;20425
WINFUT;14/01/2016;18:00:00;92071,00;92348,05;91920,94;91920,94;112133613,80;5820
WINFUT;14/01/2016;17:30:00;91482,28;92186,44;91286,04;92047,91;383636866,60;19879
WINFUT;14/01/2016;17:00:00;91366,85;91551,54;91262,96;91482,28;302070455,70;15989
WINFUT;14/01/2016;16:30:00;91112,89;91424,56;91112,89;91355,30;441008089,60;23660
WINFUT;14/01/2016;16:00:00;90835,85;91147,52;90755,04;91112,89;293066521,30;15743
WINFUT;14/01/2016;15:30:00;90870,48;91228,33;90801,22;90824,30;513686001,20;27517
WINFUT;14/01/2016;15:00:00;90385,65;90939,74;90385,65;90858,93;527030293,70;28579
WINFUT;14/01/2016;14:30:00;90143,24;90535,71;89912,37;90385,65;413811590,30;22386
WINFUT;14/01/2016;14:00:00;90501,08;90685,78;89923,91;90131,69;703692104,10;38011
WINFUT;14/01/2016;13:30:00;90720,41;90951,28;90454,91;90501,08;726017244,00;39126
WINFUT;14/01/2016;13:00:00;89612,23;90801,22;89485,26;90731,95;1004146469,00;53764
WINFUT;14/01/2016;12:30:00;90062,43;90212,50;89589,15;89623,78;712488255,40;38043
WINFUT;14/01/2016;12:00:00;90062,43;90293,30;89912,37;90062,43;350784049,50;18719
WINFUT;14/01/2016;11:30:00;90558,80;90616,52;89970,08;90062,43;484319322,80;25415
WINFUT;14/01/2016;11:00:00;90766,58;90858,93;90558,80;90570,35;312413436,80;16350
WINFUT;14/01/2016;10:30:00;90882,02;91147,52;90743,50;90789,67;306641683,90;15726
WINFUT;14/01/2016;10:00:00;90616,52;91078,26;90593,43;90882,02;438076039,20;22460
WINFUT;14/01/2016;09:30:00;90547,26;90628,06;90258,67;90616,52;363412644,70;18961
WINFUT;14/01/2016;09:00:00;90674,24;90778,13;90443,37;90547,26;231401114,10;12031
WINFUT;13/01/2016;18:00:00;90512,63;90685,78;90385,65;90535,71;92786698,37;4827
WINFUT;13/01/2016;17:30:00;90974,37;90997,45;90362,56;90547,26;365144170,50;19001
WINFUT;13/01/2016;17:00:00;90928,19;91112,89;90858,93;90985,91;293343565,40;15335
WINFUT;13/01/2016;16:30:00;91089,80;91135,98;90835,85;90916,65;269217638,60;14197
WINFUT;13/01/2016;16:00:00;90974,37;91135,98;90928,19;91078,26;213716463,50;11344
WINFUT;13/01/2016;15:30:00;91309,13;91343,76;90916,65;90974,37;393518107,40;20802
WINFUT;13/01/2016;15:00:00;91436,11;91482,28;91170,61;91297,59;389939620,70;20838
WINFUT;13/01/2016;14:30:00;91724,70;91828,59;91320,67;91436,11;378373028,00;20078
WINFUT;13/01/2016;14:00:00;91920,94;91978,65;91609,26;91736,24;434982379,70;23185
WINFUT;13/01/2016;13:30:00;92221,07;92221,07;91436,11;91909,39;690440159,60;36530
WINFUT;13/01/2016;13:00:00;92405,76;92544,28;91967,11;92244,15;512346954,50;26963
WINFUT;13/01/2016;12:30:00;92613,55;93052,20;92267,24;92394,22;802342903,30;42103
WINFUT;13/01/2016;12:00:00;92671,26;92775,15;92567,37;92625,09;211361588,30;11338
WINFUT;13/01/2016;11:30:00;92740,52;92821,33;92544,28;92671,26;233755989,30;12330
WINFUT;13/01/2016;11:00:00;93098,37;93098,37;92532,74;92728,98;302970849,10;15553
WINFUT;13/01/2016;10:30:00;92913,68;93121,46;92659,72;93098,37;324441769,60;16525
WINFUT;13/01/2016;10:00:00;93213,81;93306,16;92902,13;92913,68;293574435,50;15049
WINFUT;13/01/2016;09:30:00;93179,18;93329,24;93063,74;93213,81;203581265,50;10379
WINFUT;13/01/2016;09:00:00;93040,66;93410,05;92844,42;93202,26;306687858,00;15702
WINFUT;12/01/2016;18:00:00;92140,26;92221,07;92001,74;92221,07;88215470,13;4592
WINFUT;12/01/2016;17:30:00;92140,26;92174,89;91909,39;92151,81;236157038,50;12099
WINFUT;12/01/2016;17:00:00;92013,28;92221,07;91863,22;92140,26;353623751,90;18455
WINFUT;12/01/2016;16:30:00;92174,89;92278,78;91990,20;92001,74;352330879,30;18433
WINFUT;12/01/2016;16:00:00;92509,65;92602,00;92163,35;92174,89;373409320,60;19502
WINFUT;12/01/2016;15:30:00;92405,76;92625,09;92267,24;92521,20;402545128,80;20922
WINFUT;12/01/2016;15:00:00;92451,94;92717,44;92267,24;92417,31;519850233,20;27324
WINFUT;12/01/2016;14:30:00;92209,52;92555,83;91978,65;92475,02;581631075,40;30741
WINFUT;12/01/2016;14:00:00;92394,22;92521,20;92197,98;92221,07;454929557,40;24094
WINFUT;12/01/2016;13:30:00;92752,07;92890,59;92151,81;92405,76;585371171,20;30810
WINFUT;12/01/2016;13:00:00;93283,07;93375,42;92648,18;92763,61;555127186,40;28770
WINFUT;12/01/2016;12:30:00;93629,37;93733,27;93271,53;93283,07;568494566,00;29690
WINFUT;12/01/2016;12:00:00;93698,64;93779,44;93513,94;93640,92;307588251,40;16031
WINFUT;12/01/2016;11:30:00;93560,11;93894,87;93548,57;93698,64;294151610,80;15165
WINFUT;12/01/2016;11:00:00;93294,61;93687,09;93098,37;93560,11;376479893,10;19344
WINFUT;12/01/2016;10:30:00;93444,68;93606,29;93006,02;93283,07;375048498,40;18965
WINFUT;12/01/2016;10:00:00;93837,16;93860,24;93006,02;93410,05;545546076,70;27640
WINFUT;12/01/2016;09:30:00;93871,79;93941,05;93652,46;93837,16;195431550,60;9839
WINFUT;12/01/2016;09:00:00;93710,18;94033,40;93537,03;93883,33;288056639,80;14613
WINFUT;11/01/2016;18:00:00;93271,53;93386,96;92936,76;92936,76;94841442,37;4890
WINFUT;11/01/2016;17:30:00;93190,72;93433,13;93052,20;93283,07;325896251,30;16927
WINFUT;11/01/2016;17:00:00;93109,92;93317,70;93040,66;93190,72;298930622,20;15644
WINFUT;11/01/2016;16:30:00;93421,59;93537,03;92971,39;93109,92;386291872,90;20364
WINFUT;11/01/2016;16:00:00;93490,85;93617,83;93329,24;93421,59;321879111,40;17137
WINFUT;11/01/2016;15:30:00;93617,83;93652,46;93306,16;93479,31;398781946,00;21066
WINFUT;11/01/2016;15:00:00;93871,79;93952,59;93560,11;93640,92;259567267,90;13827
WINFUT;11/01/2016;14:30:00;93952,59;93998,77;93629,37;93871,79;302763066,00;16028
WINFUT;11/01/2016;14:00:00;93571,66;94102,66;93513,94;93952,59;473745471,60;25038
WINFUT;11/01/2016;13:30:00;94529,77;94691,38;93548,57;93594,74;684460623,70;36036
WINFUT;11/01/2016;13:00:00;95072,31;95083,86;94425,88;94518,22;530678041,50;27689
WINFUT;11/01/2016;12:30:00;95360,90;95430,16;95037,68;95083,86;566139690,80;29463
WINFUT;11/01/2016;12:00:00;95383,99;95557,14;95257,01;95360,90;292812564,20;15309
WINFUT;11/01/2016;11:30:00;95164,66;95499,42;95153,12;95395,53;275012478,50;14305
WINFUT;11/01/2016;11:00:00;95118,49;95383,99;95072,31;95164,66;309920039,50;15987
WINFUT;11/01/2016;10:30:00;94852,99;95257,01;94772,18;95130,03;305510420,40;15500
WINFUT;11/01/2016;10:00:00;95026,14;95233,92;94610,57;94852,99;359303156,70;18222
WINFUT;11/01/2016;09:30:00;95003,05;95153,12;94933,79;95037,68;197832599,70;10011
WINFUT;11/01/2016;09:00:00;94356,62;95014,59;94264,27;94979,96;260790879,50;13177
WINFUT;08/01/2016;18:00:00;94702,92;94737,55;94195,01;94195,01;97796579,82;5032
WINFUT;08/01/2016;17:30:00;94679,83;94829,90;94599,03;94702,92;188713230,30;9801
WINFUT;08/01/2016;17:00:00;94783,72;94910,70;94610,57;94679,83;235856907,30;12296
WINFUT;08/01/2016;16:30:00;94656,75;94956,88;94633,66;94772,18;245137885,90;12785
WINFUT;08/01/2016;16:00:00;94726,01;94829,90;94552,85;94656,75;302901588,10;16030
WINFUT;08/01/2016;15:30:00;94933,79;95026,14;94702,92;94737,55;254164907,30;13503
WINFUT;08/01/2016;15:00:00;94852,99;95014,59;94737,55;94933,79;274319868,10;14563
WINFUT;08/01/2016;14:30:00;94575,94;94933,79;94298,90;94841,44;472521860,00;24940
WINFUT;08/01/2016;14:00:00;94933,79;95118,49;94448,96;94587,49;432096503,30;22799
WINFUT;08/01/2016;13:30:00;94968,42;95164,66;94876,07;94933,79;332245179,40;17741
WINFUT;08/01/2016;13:00:00;95176,20;95268,55;94749,09;94956,88;553511095,60;28943
WINFUT;08/01/2016;12:30:00;95834,18;95834,18;95072,31;95187,75;711380078,80;36896
WINFUT;08/01/2016;12:00:00;95914,99;96018,88;95672,57;95822,64;294428655,00;15287
WINFUT;08/01/2016;11:30:00;95360,90;96099,68;95349,36;95914,99;695196083,90;35343
WINFUT;08/01/2016;11:00:00;95510,97;95591,77;95314,73;95349,36;198225078,90;10086
WINFUT;08/01/2016;10:30:00;95557,14;95557,14;95303,18;95499,42;247031020,80;12609
WINFUT;08/01/2016;10:00:00;95395,53;95718,75;95372,44;95557,14;331021567,80;16866
WINFUT;08/01/2016;09:30:00;95603,31;95695,66;95303,18;95383,99;239597003,10;12125
WINFUT;08/01/2016;09:00:00;95926,53;95926,53;95453,25;95603,31;325803903,30;16696
WINFUT;07/01/2016;18:00:00;94818,36;95095,40;94783,72;94991,51;106177164,90;5402
WINFUT;07/01/2016;17:30:00;95037,68;95130,03;94795,27;94829,90;286694506,20;14848
WINFUT;07/01/2016;17:00:00;95326,27;95326,27;94991,51;95049,23;216509991,90;11359
WINFUT;07/01/2016;16:30:00;95441,70;95464,79;95060,77;95326,27;369253658,50;19379
WINFUT;07/01/2016;16:00:00;95614,86;95614,86;95257,01;95453,25;335131055,90;17695
WINFUT;07/01/2016;15:30:00;95684,12;95753,38;95476,34;95614,86;255111474,70;13492
WINFUT;07/01/2016;15:00:00;95776,47;95845,73;95626,40;95672,57;274158259,00;14511
WINFUT;07/01/2016;14:30:00;96007,34;96088,14;95741,84;95788,01;360411333,20;19168
WINFUT;07/01/2016;14:00:00;95788,01;96065,05;95626,40;96007,34;339840806,20;17942
WINFUT;07/01/2016;13:30:00;95395,53;95799,55;95395,53;95788,01;372924493,30;19808
WINFUT;07/01/2016;13:00:00;95603,31;95626,40;95291,64;95383,99;448557542,30;23615
WINFUT;07/01/2016;12:30:00;95557,14;96145,86;95257,01;95614,86;744025112,80;38871
WINFUT;07/01/2016;12:00:00;95372,44;95626,40;95326,27;95568,68;277621310,70;14592
WINFUT;07/01/2016;11:30:00;95072,31;95407,07;95049,23;95372,44;249339721,90;13020
WINFUT;07/01/2016;11:00:00;95280,10;95464,79;94956,88;95060,77;362789295,40;18816
WINFUT;07/01/2016;10:30:00;95268,55;95430,16;95072,31;95280,10;301493280,40;15520
WINFUT;07/01/2016;10:00:00;95626,40;95730,29;95014,59;95245,47;500895796,90;25700
WINFUT;07/01/2016;09:30:00;95522,51;95672,57;95487,88;95603,31;168673704,50;8633
WINFUT;07/01/2016;09:00:00;95349,36;95591,77;95060,77;95499,42;399751600,50;20386
WINFUT;06/01/2016;18:00:00;97392,56;97450,27;97230,95;97230,95;90547258,27;4508
WINFUT;06/01/2016;17:30:00;97935,10;98015,91;97369,47;97427,19;370800488,30;17144
WINFUT;06/01/2016;17:00:00;98108,25;98396,84;97900,47;97935,10;427017360,80;19960
WINFUT;06/01/2016;16:30:00;98062,08;98189,06;97923,56;98108,25;255088387,70;11821
WINFUT;06/01/2016;16:00:00;98050,54;98327,58;97981,28;98062,08;383152039,30;17684
WINFUT;06/01/2016;15:30:00;97969,73;98189,06;97819,67;98062,08;353392881,80;16408
WINFUT;06/01/2016;15:00:00;98027,45;98131,34;97854,30;97981,28;344458208,40;16075
WINFUT;06/01/2016;14:30:00;97888,93;98223,69;97819,67;98015,91;570387700,90;26634
WINFUT;06/01/2016;14:00:00;97484,91;97935,10;97473,36;97888,93;611020840,70;28669
WINFUT;06/01/2016;13:30:00;97554,17;97577,25;97369,47;97496,45;301816498,60;13995
WINFUT;06/01/2016;13:00:00;97577,25;97611,88;97357,93;97554,17;304840897,00;14317
WINFUT;06/01/2016;12:30:00;97300,21;97646,51;97161,69;97588,80;544853466,40;25743
WINFUT;06/01/2016;12:00:00;97300,21;97415,64;97196,32;97300,21;219003389,10;10335
WINFUT;06/01/2016;11:30:00;97288,67;97392,56;97115,51;97300,21;238211782,50;11273
WINFUT;06/01/2016;11:00:00;97057,80;97311,75;97000,08;97277,12;318485320,70;15093
WINFUT;06/01/2016;10:30:00;97069,34;97288,67;96988,53;97046,25;310497214,80;14774
WINFUT;06/01/2016;10:00:00;97404,10;97531,08;97034,71;97069,34;367314349,60;17456
WINFUT;06/01/2016;09:30:00;97311,75;97450,27;97184,77;97415,64;252618077,50;12034
WINFUT;06/01/2016;09:00:00;97808,12;97842,75;97115,51;97323,30;508214379,50;24830
WINFUT;05/01/2016;18:00:00;98812,41;99124,08;98812,41;99124,08;77941750,11;3784
WINFUT;05/01/2016;17:30:00;98823,95;99020,19;98708,52;98812,41;272311298,10;12553
WINFUT;05/01/2016;17:00:00;98685,43;98847,04;98673,89;98812,41;246130627,30;11199
WINFUT;05/01/2016;16:30:00;98604,63;98789,32;98535,36;98662,34;227591757,30;10419
WINFUT;05/01/2016;16:00:00;98800,86;98904,76;98558,45;98604,63;299069144,20;13771
WINFUT;05/01/2016;15:30:00;98500,73;98835,50;98385,30;98800,86;372809058,30;17231
WINFUT;05/01/2016;15:00:00;98581,54;98593,08;98281,41;98489,19;404530611,80;18632
WINFUT;05/01/2016;14:30:00;98639,26;98743,15;98454,56;98569,99;313221482,10;14329
WINFUT;05/01/2016;14:00:00;98789,32;98916,30;98593,08;98639,26;267024372,60;12217
WINFUT;05/01/2016;13:30:00;98593,08;98835,50;98431,47;98800,86;378373028,00;17379
WINFUT;05/01/2016;13:00:00;98939,39;99008,65;98581,54;98593,08;370384922,10;17240
WINFUT;05/01/2016;12:30:00;98962,47;99077,91;98604,63;98927,84;569902873,60;26493
WINFUT;05/01/2016;12:00:00;99193,34;99251,06;98950,93;98950,93;233871424,30;10808
WINFUT;05/01/2016;11:30:00;98997,10;99251,06;98950,93;99193,34;287179333,40;13273
WINFUT;05/01/2016;11:00:00;98835,50;99135,63;98823,95;98997,10;390886188,10;18367
WINFUT;05/01/2016;10:30:00;98812,41;98847,04;98593,08;98835,50;218680170,90;10323
WINFUT;05/01/2016;10:00:00;98673,89;98939,39;98604,63;98823,95;281176710,50;13242
WINFUT;05/01/2016;09:30:00;98581,54;98823,95;98489,19;98662,34;271526339,80;12885
WINFUT;05/01/2016;09:00:00;98327,58;98858,58;98212,15;98581,54;296714269,10;14081
WINFUT;04/01/2016;18:00:00;98500,73;98512,28;98119,80;98119,80;75102047,72;3671
WINFUT;04/01/2016;17:30:00;98627,71;98627,71;98212,15;98489,19;343650163,00;15829
WINFUT;04/01/2016;17:00:00;99043,28;99043,28;98431,47;98616,17;336470102,50;15496
WINFUT;04/01/2016;16:30:00;98904,76;99089,45;98835,50;99031,73;248716372,60;11470
WINFUT;04/01/2016;16:00:00;99297,24;99297,24;98881,67;98904,76;318831625,90;14765
WINFUT;04/01/2016;15:30:00;99481,93;99481,93;99239,52;99297,24;261114097,70;11880
WINFUT;04/01/2016;15:00:00;99401,13;99516,56;99181,80;99481,93;226668276,80;10332
WINFUT;04/01/2016;14:30:00;99401,13;99528,11;99285,69;99401,13;310635736,90;14215
WINFUT;04/01/2016;14:00:00;99378,04;99435,76;98939,39;99412,67;529200472,70;24478
WINFUT;04/01/2016;13:30:00;99539,65;99678,17;99354,95;99389,58;289303338,50;13311
WINFUT;04/01/2016;13:00:00;99378,04;99770,52;98997,10;99539,65;602247776,50;27952
WINFUT;04/01/2016;12:30:00;99701,26;99874,41;99193,34;99343,41;606449612,50;28431
WINFUT;04/01/2016;12:00:00;99401,13;99943,67;99343,41;99712,80;360295898,20;16800
WINFUT;04/01/2016;11:30:00;99481,93;99620,45;99378,04;99401,13;250147767,30;11658
WINFUT;04/01/2016;11:00:00;99147,17;99724,35;99124,08;99481,93;309966213,60;14570
WINFUT;04/01/2016;10:30:00;99054,82;99262,61;98985,56;99135,63;138776024,90;6600
WINFUT;04/01/2016;10:00:00;99227,97;99481,93;98881,67;99066,37;239758612,20;11314
WINFUT;04/01/2016;09:30:00;99343,41;99412,67;99124,08;99216,43;182017997,00;8593
WINFUT;04/01/2016;09:00:00;98419,93;99666,63;98408,39;99331,87;263215015,70;12513
